{"type":"FeatureCollection","crs":{"type":"name","properties":{"name":"EPSG:4326"}},"features":[{"type":"Feature","id":93,"geometry":{"type":"Point","coordinates":[-80.239717,27.192926]},"properties":{"site_name":"Stuart Fire Department","other_site_names":"Stuart Airport","state":"Florida","industry":"Airport","matrix_type":"Groundwater","matrix":"Groundwater","year":2016,"pfoa":null,"pfos":null,"total_pfas":null,"pfas_level":34000,"notes":"AFFF used during training drills at the Stuart fire department and airport (Smith - Sunshine State News - 1.18.2019)","regulation_gvt_link":"N/A","resources_link":"N/A","suspected_source_link":"https://www.tcpalm.com/story/news/2017/06/09/epa-found-pfos-and-pfoa-stuart-drinking-water/380188001/","pfas_testing_link":"https://prodenv.dep.state.fl.us/DepNexus/public/searchPortal","site_ref_link":"https://drive.google.com/drive/u/1/folders/1snxodHAXpOnC27NozNQeYCiApwIuTT-Q","state_ref_link":"https://drive.google.com/drive/u/1/folders/1HJI6U11sAh3Oi9BLz8uJM5Uu9-sTQ0j8","ObjectId":93}},{"type":"Feature","id":144,"geometry":{"type":"Point","coordinates":[-87.281579,30.408502]},"properties":{"site_name":"Corry Station","other_site_names":null,"state":"Florida","industry":"Military","matrix_type":"Groundwater","matrix":"Groundwater","year":2018,"pfoa":"130","pfos":"2,900","total_pfas":null,"pfas_level":2900,"notes":null,"regulation_gvt_link":null,"resources_link":null,"suspected_source_link":"https://www.navfac.navy.mil/products_and_services/ev/products_and_services/env_restoration/pfas_reading_room.html","pfas_testing_link":"https://drive.google.com/file/d/1LiBONSLZ7lFI2zQlxBwOiHNH7-4In-Nj/view?usp=sharing","site_ref_link":"https://drive.google.com/drive/u/0/folders/1lb_Z4lFAR51QehUGMOxHEZuXpHO2y8QS","state_ref_link":null,"ObjectId":144}},{"type":"Feature","id":214,"geometry":{"type":"Point","coordinates":[-81.350809,27.654291]},"properties":{"site_name":"Avon Park Air Force Range","other_site_names":null,"state":"Florida","industry":"Military","matrix_type":"Groundwater","matrix":"Groundwater","year":2017,"pfoa":"1,700","pfos":"21,000","total_pfas":22940,"pfas_level":22940,"notes":"AFFF used at Avon Parl Air Force Range","regulation_gvt_link":"N/A","resources_link":"https://floridadep.gov/waste/waste-cleanup/content/dep%E2%80%99s-efforts-address-pfoa-and-pfos-environment","suspected_source_link":"https://ar.afcec-cloud.af.mil/Search.aspx","pfas_testing_link":"https://drive.google.com/file/d/1MVmdGUYc-fM2jhG0Wgj7xF_omzTbX8PF/view?usp=sharing","site_ref_link":"https://drive.google.com/drive/u/0/folders/1c60iQE10N-n_eX7H1_lAnl0oAEtRzMhE","state_ref_link":"https://drive.google.com/drive/u/1/folders/1HJI6U11sAh3Oi9BLz8uJM5Uu9-sTQ0j8","ObjectId":214}},{"type":"Feature","id":228,"geometry":{"type":"Point","coordinates":[-87.288334,30.355674]},"properties":{"site_name":"Naval Air Station Pensacola","other_site_names":"Pensacola International Airport, Pensacola Naval Air Station","state":"Florida","industry":"Military","matrix_type":"Groundwater","matrix":"Groundwater","year":2017,"pfoa":null,"pfos":null,"total_pfas":null,"pfas_level":126300,"notes":"Emerald Coast Utilities Authorities wells contaminated by AFFF used at NAS Pensacola/Pensacola Intl Airport, and by waste disposal/manufacturing emissions at Solutia Chemical company's Pensacola plant. ","regulation_gvt_link":"https://www.cnic.navy.mil/regions/cnrse/installations/nas_pensacola/om/environmental_support/PFCTesting.html","resources_link":"N/A","suspected_source_link":"http://www.panhandlepolitico.com/escambia-news/clean-water-network-asks-epa-to-test-ecua-wells/","pfas_testing_link":"https://prodenv.dep.state.fl.us/DepNexus/public/searchPortal","site_ref_link":"https://drive.google.com/drive/folders/1XdzK0RyecAppUVDmVSdhNCAz7WUtgFLW","state_ref_link":"https://drive.google.com/drive/u/1/folders/1HJI6U11sAh3Oi9BLz8uJM5Uu9-sTQ0j8","ObjectId":228}},{"type":"Feature","id":242,"geometry":{"type":"Point","coordinates":[-80.580028,28.490927]},"properties":{"site_name":"Cape Canaveral Air Force Station","other_site_names":null,"state":"Florida","industry":"Military","matrix_type":"Groundwater","matrix":"Groundwater","year":2017,"pfoa":"12,000","pfos":"330,000","total_pfas":341100,"pfas_level":341100,"notes":"AFFF used at Cape Canaveral Air Force Station","regulation_gvt_link":"N/A","resources_link":"N/A","suspected_source_link":"https://drive.google.com/file/d/1EUMAiROzk8OxvPAWubv0xGGH9zI6mw4d/view?usp=drive_link ","pfas_testing_link":"https://drive.google.com/file/d/1sRgLboFLecE_xsgNsBC_2Blt-hZRHCgB/view?usp=sharing","site_ref_link":"https://drive.google.com/drive/folders/1jjWI1SO6lDUfq1997cBvh1UsjWL4vXPA","state_ref_link":"https://drive.google.com/drive/u/1/folders/1HJI6U11sAh3Oi9BLz8uJM5Uu9-sTQ0j8","ObjectId":242}},{"type":"Feature","id":243,"geometry":{"type":"Point","coordinates":[-86.69317,30.424152]},"properties":{"site_name":"Hurlburt Field Air Force Base","other_site_names":null,"state":"Florida","industry":"Military","matrix_type":"Groundwater","matrix":"Groundwater","year":2017,"pfoa":"16,000","pfos":"108,000","total_pfas":387363,"pfas_level":387363,"notes":"AFFF used at Hurlburt Field Air Force Base","regulation_gvt_link":"N/A","resources_link":"http://afcec.publicadmin-record.us.af.mil/","suspected_source_link":"https://ar.afcec-cloud.af.mil/Search.aspx","pfas_testing_link":"https://drive.google.com/file/d/1RpRbbxOzxlXv78sqGx_01pWjuztDGlS-/view?usp=sharing","site_ref_link":"https://drive.google.com/drive/u/0/folders/1dllqKdCTAOXWDd1RszYcLVpAeBwuRrCm","state_ref_link":"https://drive.google.com/drive/u/1/folders/1HJI6U11sAh3Oi9BLz8uJM5Uu9-sTQ0j8","ObjectId":243}},{"type":"Feature","id":245,"geometry":{"type":"Point","coordinates":[-81.685114,30.220491]},"properties":{"site_name":"Naval Air Station Jacksonville","other_site_names":"Jacksonville Naval Air Station","state":"Florida","industry":"Military","matrix_type":"Groundwater","matrix":"Groundwater","year":2017,"pfoa":"17,000","pfos":"320,000","total_pfas":412600,"pfas_level":412600,"notes":"AFFF used at NAS Jacksonville","regulation_gvt_link":"https://www.cnic.navy.mil/regions/cnrse/installations/nas_jacksonville/om/environmental_support/pfas_drinking_water_investigation.html","resources_link":"FDEP: https://floridadep.gov/waste/waste-cleanup/content/pfas-investigation-federal-facilities","suspected_source_link":"https://ar.afcec-cloud.af.mil/Search.aspx","pfas_testing_link":"https://drive.google.com/file/d/1toUXVwhQH_bbKBOr-DmyT_Kb_QZpmJTn/view?usp=sharing","site_ref_link":"https://drive.google.com/drive/u/0/folders/1FS_l34fMd5y60SExchRrClGn6d6NA4ro","state_ref_link":"https://drive.google.com/drive/u/1/folders/1HJI6U11sAh3Oi9BLz8uJM5Uu9-sTQ0j8","ObjectId":245}},{"type":"Feature","id":251,"geometry":{"type":"Point","coordinates":[-82.502997,27.853129]},"properties":{"site_name":"MacDill Air Force Base","other_site_names":null,"state":"Florida","industry":"Military","matrix_type":"Groundwater","matrix":"Groundwater","year":2017,"pfoa":"62,400","pfos":"517,000","total_pfas":722720,"pfas_level":722720,"notes":"AFFF used at MacDill Air Force Base","regulation_gvt_link":"N/A","resources_link":"http://afcec.publicadmin-record.us.af.mil/","suspected_source_link":"https://ar.afcec-cloud.af.mil/Search.aspx","pfas_testing_link":"https://drive.google.com/file/d/1Ivw4SmEI5pqIS60iDUQSrpPP6_U8yqah/view?usp=sharing","site_ref_link":"https://drive.google.com/drive/u/0/folders/1mh2UKxD6ewvVIj_UjM9szVZJk0veuFc4","state_ref_link":"https://drive.google.com/file/d/1dTJjuR8IoADV_crTBynYd2GNrM0hZq9D/view?usp=sharing","ObjectId":251}},{"type":"Feature","id":262,"geometry":{"type":"Point","coordinates":[-80.607517,28.239465]},"properties":{"site_name":"Patrick Air Force Base","other_site_names":null,"state":"Florida","industry":"Military","matrix_type":"Groundwater","matrix":"Groundwater","year":2017,"pfoa":"100,000","pfos":"4,300,000","total_pfas":4856453,"pfas_level":4856453,"notes":"AFFF used at Patrick Air Force Base","regulation_gvt_link":"N/A","resources_link":"N/A","suspected_source_link":"https://drive.google.com/file/d/1EUMAiROzk8OxvPAWubv0xGGH9zI6mw4d/view?usp=drive_link ","pfas_testing_link":"https://drive.google.com/file/d/1iKVu6eFd43clxjp2Am4JxqRT56dlx5AZ/view?usp=sharing","site_ref_link":"https://drive.google.com/drive/folders/14RDonNIe67jHFWH9LhCxTp8eEC6i4AJF","state_ref_link":"https://drive.google.com/drive/u/1/folders/1HJI6U11sAh3Oi9BLz8uJM5Uu9-sTQ0j8","ObjectId":262}},{"type":"Feature","id":279,"geometry":{"type":"Point","coordinates":[-81.984792,29.980262]},"properties":{"site_name":"Camp Blanding","other_site_names":null,"state":"Florida","industry":"Military","matrix_type":"Other Water","matrix":"Drinking Water","year":2018,"pfoa":null,"pfos":null,"total_pfas":2,"pfas_level":2,"notes":null,"regulation_gvt_link":null,"resources_link":"https://www.nationalguard.mil/Leadership/Joint-Staff/Personal-Staff/Public-Affairs/Community-Relations/Environmental/PFAS-PFOA-Library/Florida/","suspected_source_link":"https://drive.google.com/file/d/1g1t60FsMLcfluvkLqorqlbsHnkF_rNZw/view?usp=sharing","pfas_testing_link":"https://drive.google.com/file/d/1g1t60FsMLcfluvkLqorqlbsHnkF_rNZw/view?usp=sharing","site_ref_link":"https://drive.google.com/drive/u/0/folders/17vc5JX3Gvo92Bih-kg-GABnBbExIJhXg","state_ref_link":"https://drive.google.com/drive/u/1/folders/1HJI6U11sAh3Oi9BLz8uJM5Uu9-sTQ0j8","ObjectId":279}},{"type":"Feature","id":333,"geometry":{"type":"Point","coordinates":[-85.23707,30.783236]},"properties":{"site_name":"Marianna Readiness Center","other_site_names":null,"state":"Florida","industry":"Military","matrix_type":"Other Water","matrix":"Drinking Water","year":2018,"pfoa":"7","pfos":"10","total_pfas":53,"pfas_level":53,"notes":null,"regulation_gvt_link":null,"resources_link":"https://www.nationalguard.mil/Leadership/Joint-Staff/Personal-Staff/Public-Affairs/Community-Relations/Environmental/PFAS-PFOA-Library/Florida/","suspected_source_link":"https://drive.google.com/file/d/1g1t60FsMLcfluvkLqorqlbsHnkF_rNZw/view?usp=sharing","pfas_testing_link":"https://drive.google.com/file/d/1g1t60FsMLcfluvkLqorqlbsHnkF_rNZw/view?usp=sharing","site_ref_link":"https://drive.google.com/drive/u/0/folders/17vc5JX3Gvo92Bih-kg-GABnBbExIJhXg","state_ref_link":"https://drive.google.com/drive/u/1/folders/1HJI6U11sAh3Oi9BLz8uJM5Uu9-sTQ0j9","ObjectId":333}},{"type":"Feature","id":405,"geometry":{"type":"Point","coordinates":[-85.607506,30.080007]},"properties":{"site_name":"Tyndall Air Force Base","other_site_names":null,"state":"Florida","industry":"Military","matrix_type":"Groundwater","matrix":"Groundwater","year":2016,"pfoa":"64,000","pfos":"896,000","total_pfas":908840,"pfas_level":908840,"notes":"AFFF used at Tyndall Air Force Base","regulation_gvt_link":"N/A","resources_link":"http://afcec.publicadmin-record.us.af.mil/","suspected_source_link":"https://prodenv.dep.state.fl.us/DepNexus/public/searchPortal","pfas_testing_link":"https://drive.google.com/file/d/1sktpQo0jkL4CdQ9kzTUjS9j2H3FDLLFo/view?usp=sharing","site_ref_link":"https://drive.google.com/drive/u/0/folders/1O_bdKc2RGu5nRhtor39UjWcrV1mfw4ep","state_ref_link":"https://drive.google.com/drive/u/1/folders/1HJI6U11sAh3Oi9BLz8uJM5Uu9-sTQ0j8","ObjectId":405}},{"type":"Feature","id":590,"geometry":{"type":"Point","coordinates":[-82.084179,29.161992]},"properties":{"site_name":"Ocala Readiness Center","other_site_names":null,"state":"Florida","industry":"Military","matrix_type":"Other Water","matrix":"Drinking Water","year":2018,"pfoa":"2","pfos":"16","total_pfas":27,"pfas_level":27,"notes":null,"regulation_gvt_link":null,"resources_link":null,"suspected_source_link":"https://drive.google.com/file/d/1g1t60FsMLcfluvkLqorqlbsHnkF_rNZw/view?usp=sharing","pfas_testing_link":"https://drive.google.com/file/d/1g1t60FsMLcfluvkLqorqlbsHnkF_rNZw/view?usp=sharing","site_ref_link":"https://drive.google.com/drive/u/0/folders/17vc5JX3Gvo92Bih-kg-GABnBbExIJhXg","state_ref_link":"https://drive.google.com/drive/u/1/folders/1HJI6U11sAh3Oi9BLz8uJM5Uu9-sTQ0j10","ObjectId":590}},{"type":"Feature","id":698,"geometry":{"type":"Point","coordinates":[-81.702629,30.486874]},"properties":{"site_name":"Florida Air National Guard Base","other_site_names":"Jacksonville International Airport","state":"Florida","industry":"Military","matrix_type":"Groundwater","matrix":"Groundwater","year":2018,"pfoa":"17,000","pfos":"320,000","total_pfas":412600,"pfas_level":412600,"notes":"AFFF used at Florida ANGB at Jacksonville Int Airport","regulation_gvt_link":"N/A","resources_link":"FDEP: https://floridadep.gov/waste/waste-cleanup/content/pfas-investigation-federal-facilities\n\nAir Force: http://afcec.publicadmin-record.us.af.mil/","suspected_source_link":null,"pfas_testing_link":"https://drive.google.com/file/d/1LKKNrLenFcT3E6rm7UFZNKjpIWrj_7C4/view?usp=sharing","site_ref_link":"https://drive.google.com/drive/u/1/folders/1Hkz_iaVCZ4X2EadHLGBA7_YC0dFrFl6x","state_ref_link":"https://drive.google.com/drive/u/1/folders/1HJI6U11sAh3Oi9BLz8uJM5Uu9-sTQ0j8","ObjectId":698}},{"type":"Feature","id":702,"geometry":{"type":"Point","coordinates":[-81.327888,28.564046]},"properties":{"site_name":"NTC Orlando","other_site_names":null,"state":"Florida","industry":"Military","matrix_type":"Groundwater","matrix":"Groundwater","year":2018,"pfoa":"140","pfos":"85","total_pfas":null,"pfas_level":140,"notes":"Base has been converted https://www.epa.gov/fedfac/naval-training-center-orlando-site-spotlight","regulation_gvt_link":null,"resources_link":null,"suspected_source_link":"https://www.navfac.navy.mil/products_and_services/ev/products_and_services/env_restoration/pfas_reading_room.html","pfas_testing_link":"https://drive.google.com/file/d/1_5mXdUJdCC9TPFb-3MgOjY6yFBV87mfI/view?usp=sharing","site_ref_link":"https://drive.google.com/drive/u/0/folders/1Rk0NgkjofKvuQ2G9ggGMwI_WdJEC7dA5","state_ref_link":null,"ObjectId":702}},{"type":"Feature","id":703,"geometry":{"type":"Point","coordinates":[-81.872663,30.217832]},"properties":{"site_name":"Naval Air Station Cecil Field","other_site_names":"USN Air Station Cecil Field","state":"Florida","industry":"Military","matrix_type":"Groundwater","matrix":"Groundwater","year":2018,"pfoa":"9","pfos":"140","total_pfas":null,"pfas_level":140,"notes":null,"regulation_gvt_link":null,"resources_link":null,"suspected_source_link":"https://www.navfac.navy.mil/products_and_services/ev/products_and_services/env_restoration/pfas_reading_room.html","pfas_testing_link":"https://drive.google.com/file/d/1qGDaZ3UTjAm71h-KzySM7r60nZHqY7Jv/view?usp=sharing","site_ref_link":"https://drive.google.com/drive/u/0/folders/1VpyqWpVI9T6_z08NpzJjjXr9U9wvTsV3","state_ref_link":null,"ObjectId":703}},{"type":"Feature","id":806,"geometry":{"type":"Point","coordinates":[-86.553338,30.463558]},"properties":{"site_name":"Eglin Air Force Base","other_site_names":null,"state":"Florida","industry":"Military","matrix_type":"Groundwater","matrix":"Groundwater","year":2018,"pfoa":"280,000","pfos":"535,000","total_pfas":832985,"pfas_level":832985,"notes":"AFFF used at Eglin Air Force Base","regulation_gvt_link":"https://www.eglin.af.mil/News/Article-Display/Article/1512342/water-contamination-concerns-addressed/","resources_link":"Eglin AFB: \nhttps://www.eglin.af.mil/News/Article-Display/Article/1512342/water-contamination-concerns-addressed/","suspected_source_link":"https://drive.google.com/file/d/1EUMAiROzk8OxvPAWubv0xGGH9zI6mw4d/view?usp=drive_link ","pfas_testing_link":"https://drive.google.com/file/d/1nIp-Rq9m7UwCM_juyR2M4Ud5V3hpJIvL/view?usp=sharing","site_ref_link":"https://drive.google.com/drive/folders/1wlyoLM3PeVv4giURO4Yo-uMoc0dFKFR8","state_ref_link":"https://drive.google.com/drive/u/1/folders/1HJI6U11sAh3Oi9BLz8uJM5Uu9-sTQ0j8","ObjectId":806}},{"type":"Feature","id":822,"geometry":{"type":"Point","coordinates":[-81.601337,30.36528]},"properties":{"site_name":"Former Sages Dry Cleaner","other_site_names":null,"state":"Florida","industry":"Dry Cleaner","matrix_type":"Groundwater","matrix":"Groundwater","year":2019,"pfoa":null,"pfos":"1","total_pfas":2,"pfas_level":2,"notes":null,"regulation_gvt_link":null,"resources_link":"https://prodenv.dep.state.fl.us/DepNexus/public/electronic-documents/ERIC_4596/facility!search","suspected_source_link":"https://floridadep.gov/waste/waste-cleanup/content/drycleaning-solvent-cleanup-program-state-funded-pfas-sampling-efforts","pfas_testing_link":"https://drive.google.com/file/d/10KM0bMNBh0zwke9QJevqHgXuqNG4FgHe/view?usp=sharing","site_ref_link":null,"state_ref_link":null,"ObjectId":822}},{"type":"Feature","id":827,"geometry":{"type":"Point","coordinates":[-85.110015,30.784975]},"properties":{"site_name":"Chipola College Firefighting Academy","other_site_names":null,"state":"Florida","industry":"Fire Department/Training Facility","matrix_type":"Groundwater","matrix":"Groundwater","year":2019,"pfoa":"2","pfos":"1","total_pfas":null,"pfas_level":2,"notes":null,"regulation_gvt_link":null,"resources_link":"https://floridadep.gov/waste/waste-cleanup/content/chipola-college-firefighting-academy","suspected_source_link":"https://floridadep.gov/waste/waste-cleanup/content/fire-training-facility-preliminary-site-assessments","pfas_testing_link":"https://drive.google.com/file/d/1glvHUc6TUWEWwANc6sKNITUWMXAecx-t/view?usp=sharing","site_ref_link":null,"state_ref_link":null,"ObjectId":827}},{"type":"Feature","id":838,"geometry":{"type":"Point","coordinates":[-80.847574,28.578366]},"properties":{"site_name":"Pharmco Laboratories","other_site_names":null,"state":"Florida","industry":"Industry","matrix_type":"Groundwater","matrix":"Groundwater","year":2019,"pfoa":"7","pfos":"7","total_pfas":null,"pfas_level":7,"notes":"Chemical manufacturer/processor","regulation_gvt_link":null,"resources_link":null,"suspected_source_link":"https://floridadep.gov/waste/waste-cleanup/content/waste-site-cleanup-state-funded-pfas-sampling-efforts","pfas_testing_link":"https://drive.google.com/file/d/1paEhRUTsdjK_MZrD3RPZQDuCSviJ1f0g/view?usp=sharing","site_ref_link":"https://drive.google.com/drive/u/0/folders/1Ndpu9Udqst42msNuaNP2HTLEESuDj9DC","state_ref_link":null,"ObjectId":838}},{"type":"Feature","id":842,"geometry":{"type":"Point","coordinates":[-87.264468,30.415211]},"properties":{"site_name":"Omni-Vest Landfill","other_site_names":null,"state":"Florida","industry":"Landfill","matrix_type":"Groundwater","matrix":"Groundwater","year":2019,"pfoa":"7","pfos":"8","total_pfas":null,"pfas_level":8,"notes":null,"regulation_gvt_link":null,"resources_link":null,"suspected_source_link":"https://floridadep.gov/waste/waste-cleanup/content/waste-site-cleanup-state-funded-pfas-sampling-efforts","pfas_testing_link":"https://drive.google.com/file/d/1OJgmUJjJJ2T87rvAIBfRB5yvj3qzdpV_/view?usp=sharing","site_ref_link":"https://drive.google.com/drive/u/0/folders/1Ndpu9Udqst42msNuaNP2HTLEESuDj9DC","state_ref_link":null,"ObjectId":842}},{"type":"Feature","id":851,"geometry":{"type":"Point","coordinates":[-81.509837,27.569925]},"properties":{"site_name":"South Florida State College Fire Academy","other_site_names":null,"state":"Florida","industry":"Fire Department/Training Facility","matrix_type":"Groundwater","matrix":"Groundwater","year":2019,"pfoa":"7","pfos":"10","total_pfas":null,"pfas_level":10,"notes":null,"regulation_gvt_link":null,"resources_link":"https://floridadep.gov/waste/waste-cleanup/content/south-florida-state-college-fire-academy","suspected_source_link":"https://floridadep.gov/waste/waste-cleanup/content/fire-training-facility-preliminary-site-assessments","pfas_testing_link":"https://drive.google.com/file/d/19nwDL_V6R8t9ZNWLh4_Mv4G0UjMdJeC2/view?usp=sharing","site_ref_link":null,"state_ref_link":null,"ObjectId":851}},{"type":"Feature","id":858,"geometry":{"type":"Point","coordinates":[-87.265311,30.542479]},"properties":{"site_name":"Lee Brothers Holsberry C&D Landfill","other_site_names":null,"state":"Florida","industry":"Landfill","matrix_type":"Groundwater","matrix":"Groundwater","year":2019,"pfoa":"14","pfos":"11","total_pfas":null,"pfas_level":14,"notes":null,"regulation_gvt_link":null,"resources_link":null,"suspected_source_link":"https://floridadep.gov/waste/waste-cleanup/content/waste-site-cleanup-state-funded-pfas-sampling-efforts","pfas_testing_link":"https://drive.google.com/file/d/1Qtn8Qxqj5jVnafKRW3F4qFi4ExFjPF1R/view?usp=sharing","site_ref_link":"https://drive.google.com/drive/u/0/folders/1Ndpu9Udqst42msNuaNP2HTLEESuDj9DC","state_ref_link":null,"ObjectId":858}},{"type":"Feature","id":875,"geometry":{"type":"Point","coordinates":[-87.23308,30.458854]},"properties":{"site_name":"Beggs Lane","other_site_names":"F D C Holdings","state":"Florida","industry":"Landfill","matrix_type":"Groundwater","matrix":"Groundwater","year":2019,"pfoa":"3","pfos":"9","total_pfas":20,"pfas_level":20,"notes":null,"regulation_gvt_link":null,"resources_link":"https://prodenv.dep.state.fl.us/DepNexus/public/electronic-documents/ERIC_3956/facility!search","suspected_source_link":"https://floridadep.gov/waste/waste-cleanup/content/waste-site-cleanup-state-funded-pfas-sampling-efforts","pfas_testing_link":null,"site_ref_link":"https://drive.google.com/drive/u/0/folders/1Ndpu9Udqst42msNuaNP2HTLEESuDj9DC","state_ref_link":null,"ObjectId":875}},{"type":"Feature","id":880,"geometry":{"type":"Point","coordinates":[-80.748514,28.3928]},"properties":{"site_name":"Skippers","other_site_names":null,"state":"Florida","industry":"Industry","matrix_type":"Groundwater","matrix":"Groundwater","year":2019,"pfoa":"6","pfos":"21","total_pfas":null,"pfas_level":21,"notes":"Electroplater","regulation_gvt_link":null,"resources_link":null,"suspected_source_link":"https://floridadep.gov/waste/waste-cleanup/content/waste-site-cleanup-state-funded-pfas-sampling-efforts","pfas_testing_link":"https://drive.google.com/file/d/155UmDAgAIXWJM68itn5qc9az3-h5pfIU/view?usp=sharing","site_ref_link":"https://drive.google.com/drive/u/0/folders/1Ndpu9Udqst42msNuaNP2HTLEESuDj9DC","state_ref_link":null,"ObjectId":880}},{"type":"Feature","id":889,"geometry":{"type":"Point","coordinates":[-81.737165,26.335978]},"properties":{"site_name":"Miami-Dade College Fire Academy","other_site_names":null,"state":"Florida","industry":"Fire Department/Training Facility","matrix_type":"Groundwater","matrix":"Groundwater","year":2019,"pfoa":"1","pfos":"25","total_pfas":null,"pfas_level":25,"notes":null,"regulation_gvt_link":null,"resources_link":"https://floridadep.gov/waste/waste-cleanup/content/miami-dade-college-fire-academy","suspected_source_link":"https://floridadep.gov/waste/waste-cleanup/content/fire-training-facility-preliminary-site-assessments","pfas_testing_link":"https://drive.google.com/file/d/19mlktvNHaJFfUNDIjCSg_No9tDxUk65t/view?usp=sharing","site_ref_link":null,"state_ref_link":null,"ObjectId":889}},{"type":"Feature","id":890,"geometry":{"type":"Point","coordinates":[-81.744389,28.771077]},"properties":{"site_name":"Lake Tech Fire Academy","other_site_names":null,"state":"Florida","industry":"Fire Department/Training Facility","matrix_type":"Groundwater","matrix":"Groundwater","year":2019,"pfoa":"12","pfos":"25","total_pfas":null,"pfas_level":25,"notes":null,"regulation_gvt_link":null,"resources_link":"https://floridadep.gov/waste/waste-cleanup/content/lake-tech-fire-academy","suspected_source_link":"https://floridadep.gov/waste/waste-cleanup/content/fire-training-facility-preliminary-site-assessments","pfas_testing_link":"https://drive.google.com/file/d/1Fskup25dhMl2Nb1QQvPXS6FnPGYwIdDL/view?usp=sharing","site_ref_link":null,"state_ref_link":null,"ObjectId":890}},{"type":"Feature","id":903,"geometry":{"type":"Point","coordinates":[-81.324509,28.621886]},"properties":{"site_name":"Nanak Cleaners","other_site_names":null,"state":"Florida","industry":"Dry Cleaner","matrix_type":"Groundwater","matrix":"Groundwater","year":2019,"pfoa":"5","pfos":"9","total_pfas":32,"pfas_level":32,"notes":null,"regulation_gvt_link":null,"resources_link":"https://prodenv.dep.state.fl.us/DepNexus/public/electronic-documents/ERIC_5469/facility!search","suspected_source_link":"https://floridadep.gov/waste/waste-cleanup/content/drycleaning-solvent-cleanup-program-state-funded-pfas-sampling-efforts","pfas_testing_link":"https://drive.google.com/file/d/10KM0bMNBh0zwke9QJevqHgXuqNG4FgHe/view?usp=sharing","site_ref_link":null,"state_ref_link":null,"ObjectId":903}},{"type":"Feature","id":919,"geometry":{"type":"Point","coordinates":[-80.236096,26.128727]},"properties":{"site_name":"Plantation Fire Department","other_site_names":null,"state":"Florida","industry":"Fire Department/Training Facility","matrix_type":"Groundwater","matrix":"Groundwater","year":2019,"pfoa":"23","pfos":"38","total_pfas":null,"pfas_level":38,"notes":null,"regulation_gvt_link":null,"resources_link":"https://floridadep.gov/waste/waste-cleanup/content/plantation-fire-department","suspected_source_link":"https://floridadep.gov/waste/waste-cleanup/content/fire-training-facility-preliminary-site-assessments","pfas_testing_link":"https://drive.google.com/file/d/1_AtClLCkLLkausxMCkXoOhKq7UuBjejs/view?usp=sharing","site_ref_link":null,"state_ref_link":null,"ObjectId":919}},{"type":"Feature","id":981,"geometry":{"type":"Point","coordinates":[-81.737165,26.335978]},"properties":{"site_name":"Bonita Springs Fire Control & Rescue District Station 4","other_site_names":null,"state":"Florida","industry":"Fire Department/Training Facility","matrix_type":"Groundwater","matrix":"Groundwater","year":2019,"pfoa":"89","pfos":"2","total_pfas":null,"pfas_level":89,"notes":null,"regulation_gvt_link":null,"resources_link":"https://floridadep.gov/waste/waste-cleanup/content/bonita-springs-fire-control-rescue-district-station-4","suspected_source_link":"https://floridadep.gov/waste/waste-cleanup/content/fire-training-facility-preliminary-site-assessments","pfas_testing_link":"https://drive.google.com/file/d/1gS1rtqJWaKjPg-3w4IjekvAduBGWQmKR/view?usp=sharing","site_ref_link":null,"state_ref_link":null,"ObjectId":981}},{"type":"Feature","id":983,"geometry":{"type":"Point","coordinates":[-81.367632,28.606274]},"properties":{"site_name":"Dryclean World","other_site_names":null,"state":"Florida","industry":"Dry Cleaner","matrix_type":"Groundwater","matrix":"Groundwater","year":2019,"pfoa":"11","pfos":"34","total_pfas":95,"pfas_level":95,"notes":null,"regulation_gvt_link":null,"resources_link":"https://prodenv.dep.state.fl.us/DepNexus/public/electronic-documents/ERIC_5042/facility!search","suspected_source_link":"https://floridadep.gov/waste/waste-cleanup/content/drycleaning-solvent-cleanup-program-state-funded-pfas-sampling-efforts","pfas_testing_link":"https://drive.google.com/file/d/10KM0bMNBh0zwke9QJevqHgXuqNG4FgHe/view?usp=sharing","site_ref_link":null,"state_ref_link":null,"ObjectId":983}},{"type":"Feature","id":996,"geometry":{"type":"Point","coordinates":[-87.250018,30.41164]},"properties":{"site_name":"Vick's Cleaners","other_site_names":null,"state":"Florida","industry":"Dry Cleaner","matrix_type":"Groundwater","matrix":"Groundwater","year":2019,"pfoa":"25","pfos":"8","total_pfas":112,"pfas_level":112,"notes":null,"regulation_gvt_link":null,"resources_link":"https://prodenv.dep.state.fl.us/DepNexus/public/electronic-documents/ERIC_4650/facility!search","suspected_source_link":"https://floridadep.gov/waste/waste-cleanup/content/drycleaning-solvent-cleanup-program-state-funded-pfas-sampling-efforts","pfas_testing_link":"https://drive.google.com/file/d/10KM0bMNBh0zwke9QJevqHgXuqNG4FgHe/view?usp=sharing","site_ref_link":null,"state_ref_link":null,"ObjectId":996}},{"type":"Feature","id":1039,"geometry":{"type":"Point","coordinates":[-80.945448,28.685031]},"properties":{"site_name":"Mims Water Treatment Facility","other_site_names":"John D. Wright Memorial (North Brevard) Wastewater Treatment Facility","state":"Florida","industry":"WWTP","matrix_type":"Other Water","matrix":"Wastewater","year":2023,"pfoa":null,"pfos":null,"total_pfas":13,"pfas_level":13,"notes":"Sludge plant that treats domestic wastewater","regulation_gvt_link":null,"resources_link":"https://www.floridatoday.com/story/news/2023/08/28/forever-chemicals-turn-up-in-mims-and-titusville-drinking-water/70640205007/","suspected_source_link":"https://www.floridatoday.com/story/news/2023/08/28/forever-chemicals-turn-up-in-mims-and-titusville-drinking-water/70640205007/","pfas_testing_link":"https://www.floridatoday.com/story/news/2023/08/28/forever-chemicals-turn-up-in-mims-and-titusville-drinking-water/70640205007/","site_ref_link":"https://drive.google.com/drive/u/0/folders/1-C2_KXy-wTk_ErNnqA-mKVlQAgI31i-4","state_ref_link":"https://drive.google.com/drive/u/0/folders/1HJI6U11sAh3Oi9BLz8uJM5Uu9-sTQ0j8","ObjectId":1039}},{"type":"Feature","id":1111,"geometry":{"type":"Point","coordinates":[-82.331973,26.964285]},"properties":{"site_name":"Englewood Fire Training Center","other_site_names":null,"state":"Florida","industry":"Fire Department/Training Facility","matrix_type":"Groundwater","matrix":"Groundwater","year":2019,"pfoa":"23","pfos":"130","total_pfas":null,"pfas_level":130,"notes":null,"regulation_gvt_link":null,"resources_link":"https://floridadep.gov/waste/waste-cleanup/content/englewood-fire-training-center","suspected_source_link":"https://floridadep.gov/waste/waste-cleanup/content/fire-training-facility-preliminary-site-assessments","pfas_testing_link":"https://drive.google.com/file/d/1ZlsLj9mRMQfxPjjHVlGf7AxRbSTorstR/view?usp=sharing","site_ref_link":null,"state_ref_link":null,"ObjectId":1111}},{"type":"Feature","id":1114,"geometry":{"type":"Point","coordinates":[-81.346602,28.696423]},"properties":{"site_name":"Celebrity Cleaners","other_site_names":null,"state":"Florida","industry":"Dry Cleaner","matrix_type":"Groundwater","matrix":"Groundwater","year":2019,"pfoa":"10","pfos":"88","total_pfas":132,"pfas_level":132,"notes":null,"regulation_gvt_link":null,"resources_link":"https://prodenv.dep.state.fl.us/DepNexus/public/electronic-documents/ERIC_5485/facility!search","suspected_source_link":"https://floridadep.gov/waste/waste-cleanup/content/drycleaning-solvent-cleanup-program-state-funded-pfas-sampling-efforts","pfas_testing_link":"https://drive.google.com/file/d/10KM0bMNBh0zwke9QJevqHgXuqNG4FgHe/view?usp=sharing","site_ref_link":null,"state_ref_link":null,"ObjectId":1114}},{"type":"Feature","id":1132,"geometry":{"type":"Point","coordinates":[-84.290274,30.453459]},"properties":{"site_name":"Randolph Alterations & Drycleaner","other_site_names":null,"state":"Florida","industry":"Dry Cleaner","matrix_type":"Groundwater","matrix":"Groundwater","year":2019,"pfoa":"7","pfos":"14","total_pfas":150,"pfas_level":150,"notes":null,"regulation_gvt_link":null,"resources_link":"https://prodenv.dep.state.fl.us/DepNexus/public/electronic-documents/ERIC_4863/facility!search","suspected_source_link":"https://floridadep.gov/waste/waste-cleanup/content/drycleaning-solvent-cleanup-program-state-funded-pfas-sampling-efforts","pfas_testing_link":"https://drive.google.com/file/d/10KM0bMNBh0zwke9QJevqHgXuqNG4FgHe/view?usp=sharing","site_ref_link":null,"state_ref_link":null,"ObjectId":1132}},{"type":"Feature","id":1139,"geometry":{"type":"Point","coordinates":[-82.714285,29.917232]},"properties":{"site_name":"Moses Cleaners","other_site_names":null,"state":"Florida","industry":"Dry Cleaner","matrix_type":"Groundwater","matrix":"Groundwater","year":2019,"pfoa":"24","pfos":"69","total_pfas":162,"pfas_level":162,"notes":"Sampled \u003e70 ppt","regulation_gvt_link":null,"resources_link":"https://prodenv.dep.state.fl.us/DepNexus/public/electronic-documents/ERIC_4289/facility!search","suspected_source_link":"https://floridadep.gov/waste/waste-cleanup/content/drycleaning-solvent-cleanup-program-state-funded-pfas-sampling-efforts","pfas_testing_link":"https://drive.google.com/file/d/10KM0bMNBh0zwke9QJevqHgXuqNG4FgHe/view?usp=sharing","site_ref_link":null,"state_ref_link":null,"ObjectId":1139}},{"type":"Feature","id":1144,"geometry":{"type":"Point","coordinates":[-82.392221,27.771086]},"properties":{"site_name":"Touch of Class","other_site_names":null,"state":"Florida","industry":"Dry Cleaner","matrix_type":"Groundwater","matrix":"Groundwater","year":2019,"pfoa":"28","pfos":"18","total_pfas":173,"pfas_level":173,"notes":null,"regulation_gvt_link":null,"resources_link":"https://prodenv.dep.state.fl.us/DepNexus/public/electronic-documents/\t\nERIC_4697/facility!search","suspected_source_link":"https://floridadep.gov/waste/waste-cleanup/content/drycleaning-solvent-cleanup-program-state-funded-pfas-sampling-efforts","pfas_testing_link":"https://drive.google.com/file/d/10KM0bMNBh0zwke9QJevqHgXuqNG4FgHe/view?usp=sharing","site_ref_link":null,"state_ref_link":null,"ObjectId":1144}},{"type":"Feature","id":1147,"geometry":{"type":"Point","coordinates":[-80.076061,26.807337]},"properties":{"site_name":"Cinderella Cleaners","other_site_names":null,"state":"Florida","industry":"Dry Cleaner","matrix_type":"Groundwater","matrix":"Groundwater","year":2019,"pfoa":"62","pfos":"53","total_pfas":175,"pfas_level":175,"notes":null,"regulation_gvt_link":null,"resources_link":"https://prodenv.dep.state.fl.us/DepNexus/public/electronic-documents/\t\nERIC_5174/facility!search","suspected_source_link":"https://floridadep.gov/waste/waste-cleanup/content/drycleaning-solvent-cleanup-program-state-funded-pfas-sampling-efforts","pfas_testing_link":"https://drive.google.com/file/d/10KM0bMNBh0zwke9QJevqHgXuqNG4FgHe/view?usp=sharing","site_ref_link":null,"state_ref_link":null,"ObjectId":1147}},{"type":"Feature","id":1155,"geometry":{"type":"Point","coordinates":[-80.210551,25.870496]},"properties":{"site_name":"International Professional","other_site_names":null,"state":"Florida","industry":"Dry Cleaner","matrix_type":"Groundwater","matrix":"Groundwater","year":2019,"pfoa":"13","pfos":"86","total_pfas":190,"pfas_level":190,"notes":null,"regulation_gvt_link":null,"resources_link":"https://prodenv.dep.state.fl.us/DepNexus/public/electronic-documents/\t\nERIC_4365/facility!search","suspected_source_link":"https://floridadep.gov/waste/waste-cleanup/content/drycleaning-solvent-cleanup-program-state-funded-pfas-sampling-efforts","pfas_testing_link":"https://drive.google.com/file/d/10KM0bMNBh0zwke9QJevqHgXuqNG4FgHe/view?usp=sharing","site_ref_link":null,"state_ref_link":null,"ObjectId":1155}},{"type":"Feature","id":1157,"geometry":{"type":"Point","coordinates":[-82.552759,28.398284]},"properties":{"site_name":"Pasco County Fire Rescue Training Center","other_site_names":null,"state":"Florida","industry":"Fire Department/Training Facility","matrix_type":"Groundwater","matrix":"Groundwater","year":2019,"pfoa":"120","pfos":"190","total_pfas":null,"pfas_level":190,"notes":null,"regulation_gvt_link":null,"resources_link":"https://floridadep.gov/waste/waste-cleanup/content/pasco-county-fire-rescue-training-center","suspected_source_link":"https://floridadep.gov/waste/waste-cleanup/content/fire-training-facility-preliminary-site-assessments","pfas_testing_link":"https://drive.google.com/file/d/1F6eKKCGqT20CZxUPLk23WLS9lIfmdKw_/view?usp=sharing","site_ref_link":null,"state_ref_link":null,"ObjectId":1157}},{"type":"Feature","id":1167,"geometry":{"type":"Point","coordinates":[-82.685313,27.879748]},"properties":{"site_name":"118th Avenue Landfill","other_site_names":null,"state":"Florida","industry":"Landfill","matrix_type":"Groundwater","matrix":"Groundwater","year":2019,"pfoa":"17","pfos":"214","total_pfas":null,"pfas_level":214,"notes":null,"regulation_gvt_link":null,"resources_link":null,"suspected_source_link":"https://floridadep.gov/waste/waste-cleanup/content/waste-site-cleanup-state-funded-pfas-sampling-efforts","pfas_testing_link":"https://drive.google.com/file/d/10GKwHfZkM4AQjbUkSFvoa3KySchF49cs/view?usp=sharing","site_ref_link":"https://drive.google.com/drive/u/0/folders/1Ndpu9Udqst42msNuaNP2HTLEESuDj9DC","state_ref_link":null,"ObjectId":1167}},{"type":"Feature","id":1170,"geometry":{"type":"Point","coordinates":[-82.550096,27.365884]},"properties":{"site_name":"North Trail Laundryland","other_site_names":"SuperMatt Laundry ","state":"Florida","industry":"Dry Cleaner","matrix_type":"Groundwater","matrix":"Groundwater","year":2019,"pfoa":"54","pfos":"36","total_pfas":220,"pfas_level":220,"notes":null,"regulation_gvt_link":null,"resources_link":"https://prodenv.dep.state.fl.us/DepNexus/public/electronic-documents/\t\nERIC_5451/facility!search","suspected_source_link":"https://floridadep.gov/waste/waste-cleanup/content/drycleaning-solvent-cleanup-program-state-funded-pfas-sampling-efforts","pfas_testing_link":"https://drive.google.com/file/d/10KM0bMNBh0zwke9QJevqHgXuqNG4FgHe/view?usp=sharing","site_ref_link":null,"state_ref_link":null,"ObjectId":1170}},{"type":"Feature","id":1183,"geometry":{"type":"Point","coordinates":[-80.287575,26.282699]},"properties":{"site_name":"Coral Springs Regional Institute of Public Safety","other_site_names":null,"state":"Florida","industry":"Fire Department/Training Facility","matrix_type":"Groundwater","matrix":"Groundwater","year":2019,"pfoa":"260","pfos":"32","total_pfas":null,"pfas_level":260,"notes":null,"regulation_gvt_link":null,"resources_link":"https://floridadep.gov/waste/waste-cleanup/content/coral-springs-regional-institute-public-safety","suspected_source_link":"https://floridadep.gov/waste/waste-cleanup/content/fire-training-facility-preliminary-site-assessments","pfas_testing_link":"https://drive.google.com/file/d/1jO1jhJyPUBDVst15I5G-KsZE3DOahw0o/view?usp=sharing","site_ref_link":null,"state_ref_link":null,"ObjectId":1183}},{"type":"Feature","id":1187,"geometry":{"type":"Point","coordinates":[-82.187805,28.364234]},"properties":{"site_name":"Iron Mike's Cleaners ","other_site_names":null,"state":"Florida","industry":"Dry Cleaner","matrix_type":"Groundwater","matrix":"Groundwater","year":2019,"pfoa":"55","pfos":"29","total_pfas":280,"pfas_level":280,"notes":null,"regulation_gvt_link":null,"resources_link":"https://prodenv.dep.state.fl.us/DepNexus/public/electronic-documents/ERIC_5240/facility!search","suspected_source_link":"https://floridadep.gov/waste/waste-cleanup/content/drycleaning-solvent-cleanup-program-state-funded-pfas-sampling-efforts","pfas_testing_link":"https://drive.google.com/file/d/10KM0bMNBh0zwke9QJevqHgXuqNG4FgHe/view?usp=sharing","site_ref_link":null,"state_ref_link":null,"ObjectId":1187}},{"type":"Feature","id":1190,"geometry":{"type":"Point","coordinates":[-81.875015,26.545575]},"properties":{"site_name":"Dolphin Fabricare","other_site_names":null,"state":"Florida","industry":"Dry Cleaner","matrix_type":"Groundwater","matrix":"Groundwater","year":2019,"pfoa":"98","pfos":"19","total_pfas":288,"pfas_level":288,"notes":null,"regulation_gvt_link":null,"resources_link":"https://prodenv.dep.state.fl.us/DepNexus/public/electronic-documents/ERIC_4847/facility!search","suspected_source_link":"https://floridadep.gov/waste/waste-cleanup/content/drycleaning-solvent-cleanup-program-state-funded-pfas-sampling-efforts","pfas_testing_link":"https://drive.google.com/file/d/10KM0bMNBh0zwke9QJevqHgXuqNG4FgHe/view?usp=sharing","site_ref_link":null,"state_ref_link":null,"ObjectId":1190}},{"type":"Feature","id":1193,"geometry":{"type":"Point","coordinates":[-82.672327,27.814361]},"properties":{"site_name":"Florida Superior Plating","other_site_names":null,"state":"Florida","industry":"Industry","matrix_type":"Groundwater","matrix":"Groundwater","year":2019,"pfoa":"54","pfos":"309","total_pfas":null,"pfas_level":309,"notes":null,"regulation_gvt_link":null,"resources_link":null,"suspected_source_link":"https://floridadep.gov/waste/waste-cleanup/content/waste-site-cleanup-state-funded-pfas-sampling-efforts","pfas_testing_link":"https://drive.google.com/file/d/1KnLfTZXsHRVeV2dGqfPHq4_rODEjPxWS/view?usp=sharing","site_ref_link":"https://drive.google.com/drive/u/0/folders/1Ndpu9Udqst42msNuaNP2HTLEESuDj9DC","state_ref_link":null,"ObjectId":1193}},{"type":"Feature","id":1197,"geometry":{"type":"Point","coordinates":[-87.33086,30.463189]},"properties":{"site_name":"Saufley Construction & Demolition (C & D) Facility","other_site_names":null,"state":"Florida","industry":"Landfill","matrix_type":"Groundwater","matrix":"Groundwater","year":2019,"pfoa":"327","pfos":"103","total_pfas":null,"pfas_level":327,"notes":null,"regulation_gvt_link":null,"resources_link":null,"suspected_source_link":"https://floridadep.gov/waste/waste-cleanup/content/waste-site-cleanup-state-funded-pfas-sampling-efforts","pfas_testing_link":"https://drive.google.com/file/d/1RV3O1_Lr6DQBo7FXiL6CEo6GXTtR2xR1/view?usp=sharing","site_ref_link":"https://drive.google.com/drive/u/0/folders/1Ndpu9Udqst42msNuaNP2HTLEESuDj9DC","state_ref_link":null,"ObjectId":1197}},{"type":"Feature","id":1201,"geometry":{"type":"Point","coordinates":[-82.950018,30.517272]},"properties":{"site_name":"Jasper Laundry and Dry Cleaner","other_site_names":null,"state":"Florida","industry":"Dry Cleaner","matrix_type":"Groundwater","matrix":"Groundwater","year":2019,"pfoa":"46","pfos":"120","total_pfas":355,"pfas_level":355,"notes":null,"regulation_gvt_link":null,"resources_link":"https://prodenv.dep.state.fl.us/DepNexus/public/electronic-documents/ERIC_4671/facility!search","suspected_source_link":"https://floridadep.gov/waste/waste-cleanup/content/drycleaning-solvent-cleanup-program-state-funded-pfas-sampling-efforts","pfas_testing_link":"https://drive.google.com/file/d/10KM0bMNBh0zwke9QJevqHgXuqNG4FgHe/view?usp=sharing","site_ref_link":null,"state_ref_link":null,"ObjectId":1201}},{"type":"Feature","id":1213,"geometry":{"type":"Point","coordinates":[-82.437687,27.936618]},"properties":{"site_name":"Musselman Steel Corp","other_site_names":null,"state":"Florida","industry":"Industry","matrix_type":"Groundwater","matrix":"Groundwater","year":2020,"pfoa":"1,400","pfos":"47,000","total_pfas":null,"pfas_level":47000,"notes":"Steel/metal/electrical processor","regulation_gvt_link":null,"resources_link":null,"suspected_source_link":"https://floridadep.gov/waste/waste-cleanup/content/waste-site-cleanup-state-funded-pfas-sampling-efforts","pfas_testing_link":"https://drive.google.com/file/d/196ZyvSGnsJtlxstKKObMG1pj0uHCI6Ui/view?usp=sharing","site_ref_link":"https://drive.google.com/drive/u/0/folders/1Ndpu9Udqst42msNuaNP2HTLEESuDj9DC","state_ref_link":null,"ObjectId":1213}},{"type":"Feature","id":1241,"geometry":{"type":"Point","coordinates":[-81.509142,30.298974]},"properties":{"site_name":"Fire Academy of the South","other_site_names":null,"state":"Florida","industry":"Fire Department/Training Facility","matrix_type":"Groundwater","matrix":"Groundwater","year":2021,"pfoa":"6","pfos":"25","total_pfas":null,"pfas_level":25,"notes":null,"regulation_gvt_link":null,"resources_link":"https://floridadep.gov/waste/waste-cleanup/content/fire-academy-south","suspected_source_link":"https://floridadep.gov/waste/waste-cleanup/content/fire-training-facility-preliminary-site-assessments","pfas_testing_link":"https://drive.google.com/file/d/1rwP_e006DOYKNdkKk6kJiWyvhSFq02xm/view?usp=sharing","site_ref_link":null,"state_ref_link":null,"ObjectId":1241}},{"type":"Feature","id":1290,"geometry":{"type":"Point","coordinates":[-82.421309,27.964547]},"properties":{"site_name":"Revivation & Gulf Coast Metal Finishing Inc","other_site_names":null,"state":"Florida","industry":"Industry","matrix_type":"Groundwater","matrix":"Groundwater","year":2021,"pfoa":"24","pfos":"309","total_pfas":null,"pfas_level":309,"notes":null,"regulation_gvt_link":null,"resources_link":null,"suspected_source_link":"https://floridadep.gov/waste/waste-cleanup/content/waste-site-cleanup-state-funded-pfas-sampling-efforts","pfas_testing_link":"https://drive.google.com/file/d/1QDM8CgwTrwjr68C4O03LzFFs4l5aEDkH/view?usp=sharing","site_ref_link":"https://drive.google.com/drive/u/0/folders/1Ndpu9Udqst42msNuaNP2HTLEESuDj9DC","state_ref_link":null,"ObjectId":1290}},{"type":"Feature","id":1297,"geometry":{"type":"Point","coordinates":[-81.519304,29.975214]},"properties":{"site_name":"Silvex","other_site_names":null,"state":"Florida","industry":"Industry","matrix_type":"Groundwater","matrix":"Groundwater","year":2021,"pfoa":"420","pfos":"740","total_pfas":null,"pfas_level":740,"notes":null,"regulation_gvt_link":null,"resources_link":null,"suspected_source_link":"https://floridadep.gov/waste/waste-cleanup/content/waste-site-cleanup-state-funded-pfas-sampling-efforts","pfas_testing_link":"https://drive.google.com/file/d/13IMX9Q7JCKVGQgSuamZ_ZiYG4NyQ20dd/view?usp=sharing","site_ref_link":"https://drive.google.com/drive/u/0/folders/1Ndpu9Udqst42msNuaNP2HTLEESuDj9DC","state_ref_link":null,"ObjectId":1297}},{"type":"Feature","id":1305,"geometry":{"type":"Point","coordinates":[-84.337422,30.440349]},"properties":{"site_name":"Tallahassee Fire Training Division","other_site_names":null,"state":"Florida","industry":"Fire Department/Training Facility","matrix_type":"Groundwater","matrix":"Groundwater","year":2019,"pfoa":"5,000","pfos":"42,000","total_pfas":null,"pfas_level":42000,"notes":null,"regulation_gvt_link":null,"resources_link":"https://floridadep.gov/waste/waste-cleanup/content/tallahassee-fire-training-division","suspected_source_link":"https://floridadep.gov/waste/waste-cleanup/content/fire-training-facility-preliminary-site-assessments","pfas_testing_link":"https://drive.google.com/file/d/12loMS5Zwa4NTROr2HLTWzrpeMM8D7HdD/view?usp=sharing","site_ref_link":null,"state_ref_link":null,"ObjectId":1305}},{"type":"Feature","id":1307,"geometry":{"type":"Point","coordinates":[-82.421756,27.946405]},"properties":{"site_name":"Tampa Fire Rescue Training Center","other_site_names":null,"state":"Florida","industry":"Fire Department/Training Facility","matrix_type":"Groundwater","matrix":"Groundwater","year":2019,"pfoa":"2,200","pfos":"45,000","total_pfas":null,"pfas_level":45000,"notes":null,"regulation_gvt_link":null,"resources_link":"https://floridadep.gov/waste/waste-cleanup/content/tampa-fire-rescue-training-center","suspected_source_link":"https://floridadep.gov/waste/waste-cleanup/content/fire-training-facility-preliminary-site-assessments","pfas_testing_link":"https://drive.google.com/file/d/1ztXYRZbTB-1UzL3m6hCvIGPrKjUSHXHX/view?usp=sharing","site_ref_link":null,"state_ref_link":null,"ObjectId":1307}},{"type":"Feature","id":1340,"geometry":{"type":"Point","coordinates":[-80.649277,28.57552]},"properties":{"site_name":"Kennedy Space Center","other_site_names":null,"state":"Florida","industry":"Fire Department/Training Facility","matrix_type":"Groundwater","matrix":"Groundwater","year":2019,"pfoa":"20,005","pfos":"280,000","total_pfas":404752,"pfas_level":404752,"notes":"Aqueous film-forming foams (AFFF) that contained PFAS were commonly used as suppressants for fighting petroleum fuel fires during firefighting training operations at the Hydrocarbon Burn Facility of Kennedy Space Center","regulation_gvt_link":"N/A","resources_link":"https://environmental.ksc.nasa.gov/RemediationProgram/PFAS","suspected_source_link":"https://environmental.ksc.nasa.gov/RemediationProgram/PFAS","pfas_testing_link":"https://drive.google.com/file/d/16635BTmXNSvhA4EwjP33AoeiM8SloxbX/view?usp=sharing","site_ref_link":"https://drive.google.com/drive/u/1/folders/1XKYW8JWZ9t4uLWzIPx2KReG3sVES7CLn","state_ref_link":"https://drive.google.com/drive/u/1/folders/1HJI6U11sAh3Oi9BLz8uJM5Uu9-sTQ0j8","ObjectId":1340}},{"type":"Feature","id":1362,"geometry":{"type":"Point","coordinates":[-87.24434,30.412485]},"properties":{"site_name":"Pensacola Fire Department","other_site_names":null,"state":"Florida","industry":"Fire Department/Training Facility","matrix_type":"Groundwater","matrix":"Groundwater","year":2020,"pfoa":"0","pfos":"5","total_pfas":null,"pfas_level":5,"notes":null,"regulation_gvt_link":null,"resources_link":"https://floridadep.gov/waste/waste-cleanup/content/pensacola-fire-department","suspected_source_link":"https://floridadep.gov/waste/waste-cleanup/content/fire-training-facility-preliminary-site-assessments","pfas_testing_link":"https://drive.google.com/file/d/1p_hMgfIueZYYJ-txHxTHmYSTAB293I2f/view?usp=sharing","site_ref_link":null,"state_ref_link":null,"ObjectId":1362}},{"type":"Feature","id":1384,"geometry":{"type":"Point","coordinates":[-81.689051,30.32273]},"properties":{"site_name":"Jackson Atomics","other_site_names":null,"state":"Florida","industry":"Industry","matrix_type":"Groundwater","matrix":"Groundwater","year":2020,"pfoa":"13","pfos":"23","total_pfas":null,"pfas_level":23,"notes":null,"regulation_gvt_link":null,"resources_link":null,"suspected_source_link":"https://floridadep.gov/waste/waste-cleanup/content/waste-site-cleanup-state-funded-pfas-sampling-efforts","pfas_testing_link":"https://drive.google.com/file/d/1GAyirzWatGGAZAXypr4C8cVWggfx7GcS/view?usp=sharing","site_ref_link":"https://drive.google.com/drive/u/0/folders/1Ndpu9Udqst42msNuaNP2HTLEESuDj9DC","state_ref_link":null,"ObjectId":1384}},{"type":"Feature","id":1387,"geometry":{"type":"Point","coordinates":[-80.317818,25.830939]},"properties":{"site_name":"Turbo Power, Inc.","other_site_names":null,"state":"Florida","industry":"Industry","matrix_type":"Groundwater","matrix":"Groundwater","year":2020,"pfoa":"4","pfos":"25","total_pfas":null,"pfas_level":25,"notes":null,"regulation_gvt_link":null,"resources_link":null,"suspected_source_link":"https://floridadep.gov/waste/waste-cleanup/content/waste-site-cleanup-state-funded-pfas-sampling-efforts","pfas_testing_link":"https://drive.google.com/file/d/1uIEc5t2-xhWDAg_XqMFM_xrTRCE9Ob_q/view?usp=sharing","site_ref_link":"https://drive.google.com/drive/u/0/folders/1Ndpu9Udqst42msNuaNP2HTLEESuDj9DC","state_ref_link":null,"ObjectId":1387}},{"type":"Feature","id":1391,"geometry":{"type":"Point","coordinates":[-81.31626,28.675399]},"properties":{"site_name":"Technitronics","other_site_names":null,"state":"Florida","industry":"Industry","matrix_type":"Groundwater","matrix":"Groundwater","year":2020,"pfoa":"15","pfos":"29","total_pfas":null,"pfas_level":29,"notes":null,"regulation_gvt_link":null,"resources_link":null,"suspected_source_link":"https://floridadep.gov/waste/waste-cleanup/content/waste-site-cleanup-state-funded-pfas-sampling-efforts","pfas_testing_link":"https://drive.google.com/file/d/1W76jCukYnbULlOisGXIo8WNKyMRNctq4/view?usp=sharing","site_ref_link":"https://drive.google.com/drive/u/0/folders/1Ndpu9Udqst42msNuaNP2HTLEESuDj9DC","state_ref_link":null,"ObjectId":1391}},{"type":"Feature","id":1406,"geometry":{"type":"Point","coordinates":[-82.545701,27.403294]},"properties":{"site_name":"Spindrift-Whogas Inc","other_site_names":null,"state":"Florida","industry":"Industry","matrix_type":"Groundwater","matrix":"Groundwater","year":2020,"pfoa":"5","pfos":"43","total_pfas":null,"pfas_level":43,"notes":"Electroplater","regulation_gvt_link":null,"resources_link":null,"suspected_source_link":"https://floridadep.gov/waste/waste-cleanup/content/waste-site-cleanup-state-funded-pfas-sampling-efforts","pfas_testing_link":"https://drive.google.com/file/d/12Ch18QZ49GDmDmzKsO9osHEuHgE4juMQ/view?usp=sharing","site_ref_link":"https://drive.google.com/drive/u/0/folders/1Ndpu9Udqst42msNuaNP2HTLEESuDj9DC","state_ref_link":null,"ObjectId":1406}},{"type":"Feature","id":1412,"geometry":{"type":"Point","coordinates":[-81.652274,30.334309]},"properties":{"site_name":"960 North Market Street Inc","other_site_names":null,"state":"Florida","industry":"Industry","matrix_type":"Groundwater","matrix":"Groundwater","year":2020,"pfoa":"48","pfos":"17","total_pfas":null,"pfas_level":48,"notes":"Steel/metal/electrical processor","regulation_gvt_link":null,"resources_link":null,"suspected_source_link":"https://floridadep.gov/waste/waste-cleanup/content/waste-site-cleanup-state-funded-pfas-sampling-efforts","pfas_testing_link":"https://drive.google.com/file/d/1U83kc4Xzc94r5R6Cq2b0bcA6e1zx6qyj/view?usp=sharing","site_ref_link":"https://drive.google.com/drive/u/0/folders/1Ndpu9Udqst42msNuaNP2HTLEESuDj9DC","state_ref_link":null,"ObjectId":1412}},{"type":"Feature","id":1416,"geometry":{"type":"Point","coordinates":[-80.257179,25.726378]},"properties":{"site_name":"City of Miami Fire Rescue Training Center","other_site_names":null,"state":"Florida","industry":"Fire Department/Training Facility","matrix_type":"Groundwater","matrix":"Groundwater","year":2020,"pfoa":"21","pfos":"54","total_pfas":null,"pfas_level":54,"notes":null,"regulation_gvt_link":null,"resources_link":"https://floridadep.gov/waste/waste-cleanup/content/city-miami-fire-rescue-training-center","suspected_source_link":"https://floridadep.gov/waste/waste-cleanup/content/fire-training-facility-preliminary-site-assessments","pfas_testing_link":"https://drive.google.com/file/d/1_nya9uaMCIieeCuY2O9jXija4hLB7Dcn/view?usp=sharing","site_ref_link":null,"state_ref_link":null,"ObjectId":1416}},{"type":"Feature","id":1491,"geometry":{"type":"Point","coordinates":[-81.89087,28.046216]},"properties":{"site_name":"Lakeland Tanning Site","other_site_names":null,"state":"Florida","industry":"Industry","matrix_type":"Groundwater","matrix":"Groundwater","year":2020,"pfoa":"289","pfos":"300","total_pfas":null,"pfas_level":300,"notes":null,"regulation_gvt_link":null,"resources_link":null,"suspected_source_link":"https://floridadep.gov/waste/waste-cleanup/content/waste-site-cleanup-state-funded-pfas-sampling-efforts","pfas_testing_link":"https://drive.google.com/file/d/1z9NUZ8pSfW7F-1ElFF_4KuSCCzgX0LSb/view?usp=sharing","site_ref_link":"https://drive.google.com/drive/u/0/folders/1Ndpu9Udqst42msNuaNP2HTLEESuDj9DC","state_ref_link":null,"ObjectId":1491}},{"type":"Feature","id":1524,"geometry":{"type":"Point","coordinates":[-86.63563,30.468867]},"properties":{"site_name":"West Florida Scrap Metal - Former","other_site_names":null,"state":"Florida","industry":"Landfill","matrix_type":"Groundwater","matrix":"Groundwater","year":2020,"pfoa":"831","pfos":"653","total_pfas":null,"pfas_level":831,"notes":null,"regulation_gvt_link":null,"resources_link":null,"suspected_source_link":"https://floridadep.gov/waste/waste-cleanup/content/waste-site-cleanup-state-funded-pfas-sampling-efforts","pfas_testing_link":"https://drive.google.com/file/d/16CzdZgL_331qq3TNVj7YkHXur2978sNP/view?usp=sharing","site_ref_link":"https://drive.google.com/drive/u/0/folders/1Ndpu9Udqst42msNuaNP2HTLEESuDj9DC","state_ref_link":null,"ObjectId":1524}},{"type":"Feature","id":1528,"geometry":{"type":"Point","coordinates":[-80.332539,25.890968]},"properties":{"site_name":"City of Hialeah Training Facility","other_site_names":null,"state":"Florida","industry":"Fire Department/Training Facility","matrix_type":"Groundwater","matrix":"Groundwater","year":2020,"pfoa":"38","pfos":"910","total_pfas":null,"pfas_level":910,"notes":null,"regulation_gvt_link":null,"resources_link":"https://floridadep.gov/waste/waste-cleanup/content/city-hialeah-training-facility","suspected_source_link":"https://floridadep.gov/waste/waste-cleanup/content/fire-training-facility-preliminary-site-assessments","pfas_testing_link":"https://drive.google.com/file/d/18aXLQ-Hpj8htSszqQ2h0QqXUprs27NlT/view?usp=sharing ","site_ref_link":null,"state_ref_link":null,"ObjectId":1528}},{"type":"Feature","id":1533,"geometry":{"type":"Point","coordinates":[-82.433591,27.443393]},"properties":{"site_name":"Manatee Technical College Fire Academy","other_site_names":null,"state":"Florida","industry":"Fire Department/Training Facility","matrix_type":"Groundwater","matrix":"Groundwater","year":2020,"pfoa":"1,000","pfos":"140","total_pfas":null,"pfas_level":1000,"notes":null,"regulation_gvt_link":null,"resources_link":"https://floridadep.gov/waste/waste-cleanup/content/manatee-technical-college-fire-academy","suspected_source_link":"https://floridadep.gov/waste/waste-cleanup/content/fire-training-facility-preliminary-site-assessments","pfas_testing_link":"https://drive.google.com/file/d/1zRG1AHI2ipeFJA29RctnEzwW8-RyQyh7/view?usp=sharing","site_ref_link":null,"state_ref_link":null,"ObjectId":1533}},{"type":"Feature","id":1565,"geometry":{"type":"Point","coordinates":[-81.750214,30.325193]},"properties":{"site_name":"Eagle-Picher Industries Facility","other_site_names":null,"state":"Florida","industry":"Industry","matrix_type":"Groundwater","matrix":"Groundwater","year":2020,"pfoa":"707","pfos":"3,370","total_pfas":null,"pfas_level":3370,"notes":"Chemical manufacturer/processor","regulation_gvt_link":null,"resources_link":null,"suspected_source_link":"https://floridadep.gov/waste/waste-cleanup/content/waste-site-cleanup-state-funded-pfas-sampling-efforts","pfas_testing_link":"https://drive.google.com/file/d/1rV0l71-_uwUWsg8-OMMHv7NcljNCxSA1/view?usp=sharing","site_ref_link":"https://drive.google.com/drive/u/0/folders/1Ndpu9Udqst42msNuaNP2HTLEESuDj9DC","state_ref_link":null,"ObjectId":1565}},{"type":"Feature","id":1594,"geometry":{"type":"Point","coordinates":[-80.369053,27.41622]},"properties":{"site_name":"Indian River State College Fire Academy","other_site_names":null,"state":"Florida","industry":"Fire Department/Training Facility","matrix_type":"Groundwater","matrix":"Groundwater","year":2020,"pfoa":"1,300","pfos":"16,000","total_pfas":null,"pfas_level":16000,"notes":null,"regulation_gvt_link":null,"resources_link":"https://floridadep.gov/waste/waste-cleanup/content/indian-river-state-college-fire-academy","suspected_source_link":"https://floridadep.gov/waste/waste-cleanup/content/fire-training-facility-preliminary-site-assessments","pfas_testing_link":"https://drive.google.com/file/d/1vfZrLpB6_driJtNMhABygCRkAa_nDeEz/view?usp=sharing","site_ref_link":null,"state_ref_link":null,"ObjectId":1594}},{"type":"Feature","id":1610,"geometry":{"type":"Point","coordinates":[-82.733945,27.900826]},"properties":{"site_name":"Kenbar Plating","other_site_names":null,"state":"Florida","industry":"Industry","matrix_type":"Groundwater","matrix":"Groundwater","year":2019,"pfoa":"436","pfos":"3,620","total_pfas":null,"pfas_level":3620,"notes":null,"regulation_gvt_link":null,"resources_link":null,"suspected_source_link":"https://floridadep.gov/waste/waste-cleanup/content/waste-site-cleanup-state-funded-pfas-sampling-efforts","pfas_testing_link":"https://drive.google.com/file/d/1Eb3p_ZB7wuQfkXTooOJUld2NVqcpzjC5/view?usp=sharing","site_ref_link":"https://drive.google.com/drive/u/0/folders/1Ndpu9Udqst42msNuaNP2HTLEESuDj9DC","state_ref_link":null,"ObjectId":1610}},{"type":"Feature","id":1639,"geometry":{"type":"Point","coordinates":[-82.34645,27.940639]},"properties":{"site_name":"Palm River Road VOC Plume","other_site_names":null,"state":"Florida","industry":"Industry","matrix_type":"Groundwater","matrix":"Groundwater","year":2019,"pfoa":"1,130","pfos":"5,490","total_pfas":null,"pfas_level":5490,"notes":null,"regulation_gvt_link":null,"resources_link":null,"suspected_source_link":"https://floridadep.gov/waste/waste-cleanup/content/waste-site-cleanup-state-funded-pfas-sampling-efforts","pfas_testing_link":"https://drive.google.com/file/d/1Pq5p2PFNCemuqOHpGgsYxxzBzHBKZnno/view?usp=sharing","site_ref_link":"https://drive.google.com/drive/u/0/folders/1Ndpu9Udqst42msNuaNP2HTLEESuDj9DC","state_ref_link":null,"ObjectId":1639}},{"type":"Feature","id":1660,"geometry":{"type":"Point","coordinates":[-80.383783,25.489224]},"properties":{"site_name":"Homestead Air Reserve Base","other_site_names":"Homestead Air Force Base","state":"Florida","industry":"Military","matrix_type":"Groundwater","matrix":"Groundwater","year":2019,"pfoa":"3,100","pfos":"9,700","total_pfas":null,"pfas_level":9700,"notes":null,"regulation_gvt_link":null,"resources_link":null,"suspected_source_link":"https://ar.afcec-cloud.af.mil/Search.aspx","pfas_testing_link":"https://drive.google.com/file/d/13vInc5dur_MfHNHTqeT3H80sJqcCQmLx/view?usp=sharing","site_ref_link":null,"state_ref_link":null,"ObjectId":1660}},{"type":"Feature","id":1666,"geometry":{"type":"Point","coordinates":[-82.489896,28.843671]},"properties":{"site_name":"Citrus County Sheriff’s Department Training Facility","other_site_names":null,"state":"Florida","industry":"Fire Department/Training Facility","matrix_type":"Groundwater","matrix":"Groundwater","year":2019,"pfoa":"860","pfos":"11,000","total_pfas":null,"pfas_level":11000,"notes":null,"regulation_gvt_link":null,"resources_link":"https://floridadep.gov/waste/waste-cleanup/content/citrus-county-sheriff%E2%80%99s-department-training-facility","suspected_source_link":"https://floridadep.gov/waste/waste-cleanup/content/fire-training-facility-preliminary-site-assessments","pfas_testing_link":"https://drive.google.com/file/d/1h_yx61UslH087rlRuMPs6sMzBpCzTXh2/view?usp=sharing","site_ref_link":null,"state_ref_link":null,"ObjectId":1666}},{"type":"Feature","id":1684,"geometry":{"type":"Point","coordinates":[-82.194517,29.320345]},"properties":{"site_name":"Florida State Fire College","other_site_names":null,"state":"Florida","industry":"Fire Department/Training Facility","matrix_type":"Groundwater","matrix":"Groundwater","year":2019,"pfoa":"970","pfos":"6,600","total_pfas":20053,"pfas_level":20053,"notes":"AFFF used at FSFC (Pohlman - Ocala Star Banner - 12.27.2018)","regulation_gvt_link":"N/A","resources_link":"https://floridadep.gov/waste/waste-cleanup/content/florida-state-fire-college","suspected_source_link":"https://www.ocala.com/news/20181224/ex-workers-at-florida-state-fire-college-file-suit","pfas_testing_link":"https://drive.google.com/file/d/1rAToucPqjdXC48reChUkkNf1lqpq0uaG/view?usp=sharing","site_ref_link":"https://drive.google.com/drive/u/1/folders/1ly0VJ6fvLO5JJ7ZqsTHh3zs9rEAOwx3h","state_ref_link":"https://drive.google.com/drive/u/1/folders/1HJI6U11sAh3Oi9BLz8uJM5Uu9-sTQ0j8","ObjectId":1684}},{"type":"Feature","id":1687,"geometry":{"type":"Point","coordinates":[-80.087757,26.615961]},"properties":{"site_name":"Palm Beach State College","other_site_names":null,"state":"Florida","industry":"Fire Department/Training Facility","matrix_type":"Groundwater","matrix":"Groundwater","year":2019,"pfoa":"2,200","pfos":"23,000","total_pfas":null,"pfas_level":23000,"notes":null,"regulation_gvt_link":null,"resources_link":"https://floridadep.gov/waste/waste-cleanup/content/palm-beach-state-college","suspected_source_link":"https://floridadep.gov/waste/waste-cleanup/content/fire-training-facility-preliminary-site-assessments","pfas_testing_link":"https://drive.google.com/file/d/1FcHrvKDDUAs9RiOD4_JvxUrY935bk9VF/view?usp=sharing","site_ref_link":null,"state_ref_link":null,"ObjectId":1687}},{"type":"Feature","id":1689,"geometry":{"type":"Point","coordinates":[-80.976831,24.751982]},"properties":{"site_name":"Monroe County Training Academy","other_site_names":null,"state":"Florida","industry":"Fire Department/Training Facility","matrix_type":"Groundwater","matrix":"Groundwater","year":2019,"pfoa":"12,000","pfos":"26,000","total_pfas":null,"pfas_level":26000,"notes":null,"regulation_gvt_link":null,"resources_link":"https://floridadep.gov/waste/waste-cleanup/content/monroe-county-training-academy","suspected_source_link":"https://floridadep.gov/waste/waste-cleanup/content/fire-training-facility-preliminary-site-assessments","pfas_testing_link":"https://drive.google.com/file/d/1cKeynwqJDBLnHRv_8fcez6kyXQTEoD8y/view?usp=sharing","site_ref_link":null,"state_ref_link":null,"ObjectId":1689}},{"type":"Feature","id":1698,"geometry":{"type":"Point","coordinates":[-81.153602,29.146709]},"properties":{"site_name":"Volusia County Fire Rescue Training Center","other_site_names":null,"state":"Florida","industry":"Fire Department/Training Facility","matrix_type":"Groundwater","matrix":"Groundwater","year":2019,"pfoa":"1,600","pfos":"34,000","total_pfas":null,"pfas_level":34000,"notes":null,"regulation_gvt_link":null,"resources_link":"https://floridadep.gov/waste/waste-cleanup/content/volusia-county-fire-rescue-training-center","suspected_source_link":"https://floridadep.gov/waste/waste-cleanup/content/fire-training-facility-preliminary-site-assessments","pfas_testing_link":"https://drive.google.com/file/d/1N-zPwoFzjip7TaeyOfbnW8HqCcK1XvAy/view?usp=sharing","site_ref_link":null,"state_ref_link":null,"ObjectId":1698}},{"type":"Feature","id":1804,"geometry":{"type":"Point","coordinates":[-82.37716,29.625256]},"properties":{"site_name":"Butler Plaza","other_site_names":null,"state":"Florida","industry":"Industry","matrix_type":"Groundwater","matrix":"Groundwater","year":2021,"pfoa":"140","pfos":"32","total_pfas":880,"pfas_level":880,"notes":null,"regulation_gvt_link":null,"resources_link":null,"suspected_source_link":"https://floridadep.gov/waste/waste-cleanup/content/waste-site-cleanup-state-funded-pfas-sampling-efforts","pfas_testing_link":"https://prodenv.dep.state.fl.us/DepNexus/public/electronic-documents/ERIC_3927/%7B%22catalogId%22:%225%22,%22guid%22:%225.502484.1%22%7D","site_ref_link":"https://drive.google.com/drive/u/0/folders/1Ndpu9Udqst42msNuaNP2HTLEESuDj9DC","state_ref_link":null,"ObjectId":1804}},{"type":"Feature","id":1815,"geometry":{"type":"Point","coordinates":[-82.715323,28.276159]},"properties":{"site_name":"Satellite Archery","other_site_names":null,"state":"Florida","industry":"Industry","matrix_type":"Groundwater","matrix":"Groundwater","year":2021,"pfoa":"139","pfos":"2,290","total_pfas":null,"pfas_level":2290,"notes":"Chemical manufacturer/processor","regulation_gvt_link":null,"resources_link":null,"suspected_source_link":"https://floridadep.gov/waste/waste-cleanup/content/waste-site-cleanup-state-funded-pfas-sampling-efforts","pfas_testing_link":"https://drive.google.com/file/d/17HZPDJeCuTsifh5vNaANFCioG55RGUGK/view?usp=sharing","site_ref_link":"https://drive.google.com/drive/u/0/folders/1Ndpu9Udqst42msNuaNP2HTLEESuDj9DC","state_ref_link":null,"ObjectId":1815}},{"type":"Feature","id":1838,"geometry":{"type":"Point","coordinates":[-80.668829,28.13936]},"properties":{"site_name":"Melbourne Fire Training Facility","other_site_names":null,"state":"Florida","industry":"Fire Department/Training Facility","matrix_type":"Groundwater","matrix":"Groundwater","year":2021,"pfoa":"959","pfos":"36,200","total_pfas":null,"pfas_level":36200,"notes":null,"regulation_gvt_link":null,"resources_link":"https://floridadep.gov/waste/waste-cleanup/content/melbourne-fire-training-facility","suspected_source_link":"https://floridadep.gov/waste/waste-cleanup/content/fire-training-facility-preliminary-site-assessments","pfas_testing_link":"https://drive.google.com/file/d/1ShEexF8wWPZ2QlHNFVptCwC1JYL1bOYS/view?usp=sharing","site_ref_link":null,"state_ref_link":null,"ObjectId":1838}},{"type":"Feature","id":1918,"geometry":{"type":"Point","coordinates":[-80.22565,27.164955]},"properties":{"site_name":"Classic Cleaners","other_site_names":null,"state":"Florida","industry":"Dry Cleaner","matrix_type":"Groundwater","matrix":"Groundwater","year":2019,"pfoa":"32","pfos":"100","total_pfas":646,"pfas_level":646,"notes":null,"regulation_gvt_link":null,"resources_link":"https://prodenv.dep.state.fl.us/DepNexus/public/electronic-documents/\t\nERIC_4929/facility!search","suspected_source_link":"https://floridadep.gov/waste/waste-cleanup/content/drycleaning-solvent-cleanup-program-state-funded-pfas-sampling-efforts","pfas_testing_link":"https://drive.google.com/file/d/10KM0bMNBh0zwke9QJevqHgXuqNG4FgHe/view?usp=sharing","site_ref_link":null,"state_ref_link":null,"ObjectId":1918}},{"type":"Feature","id":1934,"geometry":{"type":"Point","coordinates":[-82.391882,27.967639]},"properties":{"site_name":"Hillsborough Community College Fire Academy","other_site_names":null,"state":"Florida","industry":"Fire Department/Training Facility","matrix_type":"Groundwater","matrix":"Groundwater","year":2019,"pfoa":"680","pfos":"880","total_pfas":null,"pfas_level":880,"notes":null,"regulation_gvt_link":null,"resources_link":"https://floridadep.gov/waste/waste-cleanup/content/hillsborough-community-college-fire-academy","suspected_source_link":"https://floridadep.gov/waste/waste-cleanup/content/fire-training-facility-preliminary-site-assessments","pfas_testing_link":"https://drive.google.com/file/d/1b8ihkdTlLChgeIdWg3FxgS556JXrDo4y/view?usp=sharing","site_ref_link":null,"state_ref_link":null,"ObjectId":1934}},{"type":"Feature","id":1941,"geometry":{"type":"Point","coordinates":[-80.247553,25.877024]},"properties":{"site_name":"Miami-Dade Fire Rescue","other_site_names":null,"state":"Florida","industry":"Fire Department/Training Facility","matrix_type":"Groundwater","matrix":"Groundwater","year":2019,"pfoa":"300","pfos":"980","total_pfas":null,"pfas_level":980,"notes":null,"regulation_gvt_link":null,"resources_link":"https://floridadep.gov/waste/waste-cleanup/content/miami-dade-fire-rescue","suspected_source_link":"https://floridadep.gov/waste/waste-cleanup/content/fire-training-facility-preliminary-site-assessments","pfas_testing_link":"https://drive.google.com/file/d/1WAgr-Fw3MMaS6PHoIWjWy4vpkCD5Sb_O/view?usp=sharing","site_ref_link":null,"state_ref_link":null,"ObjectId":1941}},{"type":"Feature","id":1952,"geometry":{"type":"Point","coordinates":[-80.167467,26.684727]},"properties":{"site_name":"Palm Beach County Fire Rescue","other_site_names":null,"state":"Florida","industry":"Fire Department/Training Facility","matrix_type":"Groundwater","matrix":"Groundwater","year":2019,"pfoa":"130","pfos":"1,200","total_pfas":null,"pfas_level":1200,"notes":null,"regulation_gvt_link":null,"resources_link":"https://floridadep.gov/waste/waste-cleanup/content/palm-beach-county-fire-rescue","suspected_source_link":"https://floridadep.gov/waste/waste-cleanup/content/fire-training-facility-preliminary-site-assessments","pfas_testing_link":"https://drive.google.com/file/d/1uqVX_B8YOH8KX5lNjrYBYm5c8l3_Z6hk/view?usp=sharing","site_ref_link":null,"state_ref_link":null,"ObjectId":1952}},{"type":"Feature","id":2053,"geometry":{"type":"Point","coordinates":[-80.223668,25.797285]},"properties":{"site_name":"Upsilon Davis","other_site_names":null,"state":"Florida","industry":"Industry","matrix_type":"Groundwater","matrix":"Groundwater","year":null,"pfoa":"48","pfos":"243","total_pfas":null,"pfas_level":243,"notes":"Electroplater","regulation_gvt_link":null,"resources_link":null,"suspected_source_link":"https://floridadep.gov/waste/waste-cleanup/content/waste-site-cleanup-state-funded-pfas-sampling-efforts","pfas_testing_link":"https://drive.google.com/file/d/1rFltcS-qaURXsJl5bvPAJvLfoRkm9pKz/view?usp=sharing","site_ref_link":"https://drive.google.com/drive/u/0/folders/1Ndpu9Udqst42msNuaNP2HTLEESuDj9DC","state_ref_link":null,"ObjectId":2053}},{"type":"Feature","id":2116,"geometry":{"type":"Point","coordinates":[-87.017892,30.714333]},"properties":{"site_name":"Naval Air Station Whiting Field","other_site_names":"Whiting Field Naval Air Station","state":"Florida","industry":"Military","matrix_type":"Groundwater","matrix":"Groundwater","year":null,"pfoa":"17,400","pfos":"53,600","total_pfas":null,"pfas_level":53600,"notes":"AFFF used at NAS Whiting Field","regulation_gvt_link":"https://www.cnic.navy.mil/regions/cnrse/installations/nas_whiting_field/om/environmental_support/pfctesting.html","resources_link":"NAVFAC: https://www.navfac.navy.mil/products_and_services/ev/products_and_services/env_restoration/installation_map/navfac_atlantic/southeast/naval_air_station_whiting_field/admin_records.html","suspected_source_link":"https://www.navfac.navy.mil/products_and_services/ev/products_and_services/env_restoration/pfas_reading_room.html","pfas_testing_link":"https://www.agri-pulse.com/ext/resources/pdfs/congress/STATUS-OF-NOTIFICATIONS-TO-AGRICULTURAL-OPERATIONS-PURSUANT-TO-SECTION-335-OF-THE-FISCAL-YEAR-2021-NATIONAL-DEFENSE-AUTHORIZATION-ACT-1.pdf","site_ref_link":"https://drive.google.com/drive/folders/1cf1oI3mhRWD27I1q5ewRi9eMplfd4SHZ","state_ref_link":"https://drive.google.com/drive/u/1/folders/1HJI6U11sAh3Oi9BLz8uJM5Uu9-sTQ0j8","ObjectId":2116}},{"type":"Feature","id":2119,"geometry":{"type":"Point","coordinates":[-87.338399,30.470573]},"properties":{"site_name":"Saufley Field","other_site_names":null,"state":"Florida","industry":"Military","matrix_type":"Groundwater","matrix":"Groundwater","year":null,"pfoa":"89,410","pfos":"30,598","total_pfas":null,"pfas_level":89410,"notes":null,"regulation_gvt_link":null,"resources_link":null,"suspected_source_link":null,"pfas_testing_link":"https://www.agri-pulse.com/ext/resources/pdfs/congress/STATUS-OF-NOTIFICATIONS-TO-AGRICULTURAL-OPERATIONS-PURSUANT-TO-SECTION-335-OF-THE-FISCAL-YEAR-2021-NATIONAL-DEFENSE-AUTHORIZATION-ACT-1.pdf","site_ref_link":null,"state_ref_link":null,"ObjectId":2119}},{"type":"Feature","id":2194,"geometry":{"type":"Point","coordinates":[-87.288334,30.355674]},"properties":{"site_name":"Naval Air Station Pensacola","other_site_names":"Pensacola International Airport, Pensacola Naval Air Station","state":"Florida","industry":"Military","matrix_type":"Groundwater","matrix":"Groundwater","year":2017,"pfoa":null,"pfos":null,"total_pfas":null,"pfas_level":126300,"notes":"Emerald Coast Utilities Authorities wells contaminated by AFFF used at NAS Pensacola/Pensacola Intl Airport, and by waste disposal/manufacturing emissions at Solutia Chemical company's Pensacola plant. ","regulation_gvt_link":"https://www.cnic.navy.mil/regions/cnrse/installations/nas_pensacola/om/environmental_support/PFCTesting.html","resources_link":"N/A","suspected_source_link":"http://www.panhandlepolitico.com/escambia-news/clean-water-network-asks-epa-to-test-ecua-wells/","pfas_testing_link":"https://prodenv.dep.state.fl.us/DepNexus/public/searchPortal","site_ref_link":"https://drive.google.com/drive/folders/1XdzK0RyecAppUVDmVSdhNCAz7WUtgFLW","state_ref_link":"https://drive.google.com/drive/u/1/folders/1HJI6U11sAh3Oi9BLz8uJM5Uu9-sTQ0j8","ObjectId":2194}},{"type":"Feature","id":2195,"geometry":{"type":"Point","coordinates":[-87.017892,30.714333]},"properties":{"site_name":"Naval Air Station Whiting Field","other_site_names":"Whiting Field Naval Air Station","state":"Florida","industry":"Military","matrix_type":"Groundwater","matrix":"Groundwater","year":null,"pfoa":"17400","pfos":"53600","total_pfas":null,"pfas_level":53600,"notes":"AFFF used at NAS Whiting Field","regulation_gvt_link":"https://www.cnic.navy.mil/regions/cnrse/installations/nas_whiting_field/om/environmental_support/pfctesting.html","resources_link":"NAVFAC: https://www.navfac.navy.mil/products_and_services/ev/products_and_services/env_restoration/installation_map/navfac_atlantic/southeast/naval_air_station_whiting_field/admin_records.html","suspected_source_link":"https://www.navfac.navy.mil/products_and_services/ev/products_and_services/env_restoration/pfas_reading_room.html","pfas_testing_link":"https://www.agri-pulse.com/ext/resources/pdfs/congress/STATUS-OF-NOTIFICATIONS-TO-AGRICULTURAL-OPERATIONS-PURSUANT-TO-SECTION-335-OF-THE-FISCAL-YEAR-2021-NATIONAL-DEFENSE-AUTHORIZATION-ACT-1.pdf","site_ref_link":"https://drive.google.com/drive/folders/1cf1oI3mhRWD27I1q5ewRi9eMplfd4SHZ","state_ref_link":"https://drive.google.com/drive/u/1/folders/1HJI6U11sAh3Oi9BLz8uJM5Uu9-sTQ0j8","ObjectId":2195}},{"type":"Feature","id":2196,"geometry":{"type":"Point","coordinates":[-80.607517,28.239465]},"properties":{"site_name":"Patrick Air Force Base","other_site_names":null,"state":"Florida","industry":"Military","matrix_type":"Groundwater","matrix":"Groundwater","year":2017,"pfoa":"100000","pfos":"4300000","total_pfas":4856453,"pfas_level":4856453,"notes":"AFFF used at Patrick Air Force Base","regulation_gvt_link":"N/A","resources_link":"N/A","suspected_source_link":"https://drive.google.com/file/d/1EUMAiROzk8OxvPAWubv0xGGH9zI6mw4d/view?usp=drive_link ","pfas_testing_link":"https://drive.google.com/file/d/1iKVu6eFd43clxjp2Am4JxqRT56dlx5AZ/view?usp=sharing","site_ref_link":"https://drive.google.com/drive/folders/14RDonNIe67jHFWH9LhCxTp8eEC6i4AJF","state_ref_link":"https://drive.google.com/drive/u/1/folders/1HJI6U11sAh3Oi9BLz8uJM5Uu9-sTQ0j8","ObjectId":2196}},{"type":"Feature","id":2197,"geometry":{"type":"Point","coordinates":[-80.239717,27.192926]},"properties":{"site_name":"Stuart Fire Department","other_site_names":"Stuart Airport","state":"Florida","industry":"Airport","matrix_type":"Groundwater","matrix":"Groundwater","year":2016,"pfoa":null,"pfos":null,"total_pfas":null,"pfas_level":34000,"notes":"AFFF used during training drills at the Stuart fire department and airport (Smith - Sunshine State News - 1.18.2019)","regulation_gvt_link":"N/A","resources_link":"N/A","suspected_source_link":"https://www.tcpalm.com/story/news/2017/06/09/epa-found-pfos-and-pfoa-stuart-drinking-water/380188001/","pfas_testing_link":"https://prodenv.dep.state.fl.us/DepNexus/public/searchPortal","site_ref_link":"https://drive.google.com/drive/u/1/folders/1snxodHAXpOnC27NozNQeYCiApwIuTT-Q","state_ref_link":"https://drive.google.com/drive/u/1/folders/1HJI6U11sAh3Oi9BLz8uJM5Uu9-sTQ0j8","ObjectId":2197}},{"type":"Feature","id":2198,"geometry":{"type":"Point","coordinates":[-80.580028,28.490927]},"properties":{"site_name":"Cape Canaveral Air Force Station","other_site_names":null,"state":"Florida","industry":"Military","matrix_type":"Groundwater","matrix":"Groundwater","year":2017,"pfoa":"12000","pfos":"330000","total_pfas":341100,"pfas_level":341100,"notes":"AFFF used at Cape Canaveral Air Force Station","regulation_gvt_link":"N/A","resources_link":"N/A","suspected_source_link":"https://drive.google.com/file/d/1EUMAiROzk8OxvPAWubv0xGGH9zI6mw4d/view?usp=drive_link ","pfas_testing_link":"https://drive.google.com/file/d/1sRgLboFLecE_xsgNsBC_2Blt-hZRHCgB/view?usp=sharing","site_ref_link":"https://drive.google.com/drive/folders/1jjWI1SO6lDUfq1997cBvh1UsjWL4vXPA","state_ref_link":"https://drive.google.com/drive/u/1/folders/1HJI6U11sAh3Oi9BLz8uJM5Uu9-sTQ0j8","ObjectId":2198}},{"type":"Feature","id":2199,"geometry":{"type":"Point","coordinates":[-86.553338,30.463558]},"properties":{"site_name":"Eglin Air Force Base","other_site_names":null,"state":"Florida","industry":"Military","matrix_type":"Groundwater","matrix":"Groundwater","year":2018,"pfoa":"280000","pfos":"535000","total_pfas":832985,"pfas_level":832985,"notes":"AFFF used at Eglin Air Force Base","regulation_gvt_link":"https://www.eglin.af.mil/News/Article-Display/Article/1512342/water-contamination-concerns-addressed/","resources_link":"Eglin AFB: \nhttps://www.eglin.af.mil/News/Article-Display/Article/1512342/water-contamination-concerns-addressed/","suspected_source_link":"https://drive.google.com/file/d/1EUMAiROzk8OxvPAWubv0xGGH9zI6mw4d/view?usp=drive_link ","pfas_testing_link":"https://drive.google.com/file/d/1nIp-Rq9m7UwCM_juyR2M4Ud5V3hpJIvL/view?usp=sharing","site_ref_link":"https://drive.google.com/drive/folders/1wlyoLM3PeVv4giURO4Yo-uMoc0dFKFR8","state_ref_link":"https://drive.google.com/drive/u/1/folders/1HJI6U11sAh3Oi9BLz8uJM5Uu9-sTQ0j8","ObjectId":2199}},{"type":"Feature","id":2200,"geometry":{"type":"Point","coordinates":[-80.649277,28.57552]},"properties":{"site_name":"Kennedy Space Center","other_site_names":null,"state":"Florida","industry":"Fire Department/Training Facility","matrix_type":"Groundwater","matrix":"Groundwater","year":2019,"pfoa":"20005","pfos":"280000","total_pfas":404752,"pfas_level":404752,"notes":"Aqueous film-forming foams (AFFF) that contained PFAS were commonly used as suppressants for fighting petroleum fuel fires during firefighting training operations at the Hydrocarbon Burn Facility of Kennedy Space Center","regulation_gvt_link":"N/A","resources_link":"https://environmental.ksc.nasa.gov/RemediationProgram/PFAS","suspected_source_link":"https://environmental.ksc.nasa.gov/RemediationProgram/PFAS","pfas_testing_link":"https://drive.google.com/file/d/16635BTmXNSvhA4EwjP33AoeiM8SloxbX/view?usp=sharing","site_ref_link":"https://drive.google.com/drive/u/1/folders/1XKYW8JWZ9t4uLWzIPx2KReG3sVES7CLn","state_ref_link":"https://drive.google.com/drive/u/1/folders/1HJI6U11sAh3Oi9BLz8uJM5Uu9-sTQ0j8","ObjectId":2200}},{"type":"Feature","id":2201,"geometry":{"type":"Point","coordinates":[-81.685114,30.220491]},"properties":{"site_name":"Naval Air Station Jacksonville","other_site_names":"Jacksonville Naval Air Station","state":"Florida","industry":"Military","matrix_type":"Groundwater","matrix":"Groundwater","year":2017,"pfoa":"17000","pfos":"320000","total_pfas":412600,"pfas_level":412600,"notes":"AFFF used at NAS Jacksonville","regulation_gvt_link":"https://www.cnic.navy.mil/regions/cnrse/installations/nas_jacksonville/om/environmental_support/pfas_drinking_water_investigation.html","resources_link":"FDEP: https://floridadep.gov/waste/waste-cleanup/content/pfas-investigation-federal-facilities","suspected_source_link":"https://ar.afcec-cloud.af.mil/Search.aspx","pfas_testing_link":"https://drive.google.com/file/d/1toUXVwhQH_bbKBOr-DmyT_Kb_QZpmJTn/view?usp=sharing","site_ref_link":"https://drive.google.com/drive/u/0/folders/1FS_l34fMd5y60SExchRrClGn6d6NA4ro","state_ref_link":"https://drive.google.com/drive/u/1/folders/1HJI6U11sAh3Oi9BLz8uJM5Uu9-sTQ0j8","ObjectId":2201}},{"type":"Feature","id":2202,"geometry":{"type":"Point","coordinates":[-81.702629,30.486874]},"properties":{"site_name":"Florida Air National Guard Base","other_site_names":"Jacksonville International Airport","state":"Florida","industry":"Military","matrix_type":"Groundwater","matrix":"Groundwater","year":2018,"pfoa":"17000","pfos":"320000","total_pfas":412600,"pfas_level":412600,"notes":"AFFF used at Florida ANGB at Jacksonville Int Airport","regulation_gvt_link":"N/A","resources_link":"FDEP: https://floridadep.gov/waste/waste-cleanup/content/pfas-investigation-federal-facilities\n\nAir Force: http://afcec.publicadmin-record.us.af.mil/","suspected_source_link":null,"pfas_testing_link":"https://drive.google.com/file/d/1LKKNrLenFcT3E6rm7UFZNKjpIWrj_7C4/view?usp=sharing","site_ref_link":"https://drive.google.com/drive/u/1/folders/1Hkz_iaVCZ4X2EadHLGBA7_YC0dFrFl6x","state_ref_link":"https://drive.google.com/drive/u/1/folders/1HJI6U11sAh3Oi9BLz8uJM5Uu9-sTQ0j8","ObjectId":2202}},{"type":"Feature","id":2203,"geometry":{"type":"Point","coordinates":[-82.194517,29.320345]},"properties":{"site_name":"Florida State Fire College","other_site_names":null,"state":"Florida","industry":"Fire Department/Training Facility","matrix_type":"Groundwater","matrix":"Groundwater","year":2019,"pfoa":"970","pfos":"6600","total_pfas":20053,"pfas_level":20053,"notes":"AFFF used at FSFC (Pohlman - Ocala Star Banner - 12.27.2018)","regulation_gvt_link":"N/A","resources_link":"https://floridadep.gov/waste/waste-cleanup/content/florida-state-fire-college","suspected_source_link":"https://www.ocala.com/news/20181224/ex-workers-at-florida-state-fire-college-file-suit","pfas_testing_link":"https://drive.google.com/file/d/1rAToucPqjdXC48reChUkkNf1lqpq0uaG/view?usp=sharing","site_ref_link":"https://drive.google.com/drive/u/1/folders/1ly0VJ6fvLO5JJ7ZqsTHh3zs9rEAOwx3h","state_ref_link":"https://drive.google.com/drive/u/1/folders/1HJI6U11sAh3Oi9BLz8uJM5Uu9-sTQ0j8","ObjectId":2203}},{"type":"Feature","id":2204,"geometry":{"type":"Point","coordinates":[-81.350809,27.654291]},"properties":{"site_name":"Avon Park Air Force Range","other_site_names":null,"state":"Florida","industry":"Military","matrix_type":"Groundwater","matrix":"Groundwater","year":2017,"pfoa":"1700","pfos":"21000","total_pfas":22940,"pfas_level":22940,"notes":"AFFF used at Avon Parl Air Force Range","regulation_gvt_link":"N/A","resources_link":"https://floridadep.gov/waste/waste-cleanup/content/dep%E2%80%99s-efforts-address-pfoa-and-pfos-environment","suspected_source_link":"https://ar.afcec-cloud.af.mil/Search.aspx","pfas_testing_link":"https://drive.google.com/file/d/1MVmdGUYc-fM2jhG0Wgj7xF_omzTbX8PF/view?usp=sharing","site_ref_link":"https://drive.google.com/drive/u/0/folders/1c60iQE10N-n_eX7H1_lAnl0oAEtRzMhE","state_ref_link":"https://drive.google.com/drive/u/1/folders/1HJI6U11sAh3Oi9BLz8uJM5Uu9-sTQ0j8","ObjectId":2204}},{"type":"Feature","id":2205,"geometry":{"type":"Point","coordinates":[-86.69317,30.424152]},"properties":{"site_name":"Hurlburt Field Air Force Base","other_site_names":null,"state":"Florida","industry":"Military","matrix_type":"Groundwater","matrix":"Groundwater","year":2017,"pfoa":"16000","pfos":"108000","total_pfas":387363,"pfas_level":387363,"notes":"AFFF used at Hurlburt Field Air Force Base","regulation_gvt_link":"N/A","resources_link":"http://afcec.publicadmin-record.us.af.mil/","suspected_source_link":"https://ar.afcec-cloud.af.mil/Search.aspx","pfas_testing_link":"https://drive.google.com/file/d/1RpRbbxOzxlXv78sqGx_01pWjuztDGlS-/view?usp=sharing","site_ref_link":"https://drive.google.com/drive/u/0/folders/1dllqKdCTAOXWDd1RszYcLVpAeBwuRrCm","state_ref_link":"https://drive.google.com/drive/u/1/folders/1HJI6U11sAh3Oi9BLz8uJM5Uu9-sTQ0j8","ObjectId":2205}},{"type":"Feature","id":2206,"geometry":{"type":"Point","coordinates":[-82.502997,27.853129]},"properties":{"site_name":"MacDill Air Force Base","other_site_names":null,"state":"Florida","industry":"Military","matrix_type":"Groundwater","matrix":"Groundwater","year":2017,"pfoa":"62400","pfos":"517000","total_pfas":722720,"pfas_level":722720,"notes":"AFFF used at MacDill Air Force Base","regulation_gvt_link":"N/A","resources_link":"http://afcec.publicadmin-record.us.af.mil/","suspected_source_link":"https://ar.afcec-cloud.af.mil/Search.aspx","pfas_testing_link":"https://drive.google.com/file/d/1Ivw4SmEI5pqIS60iDUQSrpPP6_U8yqah/view?usp=sharing","site_ref_link":"https://drive.google.com/drive/u/0/folders/1mh2UKxD6ewvVIj_UjM9szVZJk0veuFc4","state_ref_link":"https://drive.google.com/file/d/1dTJjuR8IoADV_crTBynYd2GNrM0hZq9D/view?usp=sharing","ObjectId":2206}},{"type":"Feature","id":2207,"geometry":{"type":"Point","coordinates":[-85.607506,30.080007]},"properties":{"site_name":"Tyndall Air Force Base","other_site_names":null,"state":"Florida","industry":"Military","matrix_type":"Groundwater","matrix":"Groundwater","year":2016,"pfoa":"64000","pfos":"896000","total_pfas":908840,"pfas_level":908840,"notes":"AFFF used at Tyndall Air Force Base","regulation_gvt_link":"N/A","resources_link":"http://afcec.publicadmin-record.us.af.mil/","suspected_source_link":"https://prodenv.dep.state.fl.us/DepNexus/public/searchPortal","pfas_testing_link":"https://drive.google.com/file/d/1sktpQo0jkL4CdQ9kzTUjS9j2H3FDLLFo/view?usp=sharing","site_ref_link":"https://drive.google.com/drive/u/0/folders/1O_bdKc2RGu5nRhtor39UjWcrV1mfw4ep","state_ref_link":"https://drive.google.com/drive/u/1/folders/1HJI6U11sAh3Oi9BLz8uJM5Uu9-sTQ0j8","ObjectId":2207}},{"type":"Feature","id":2544,"geometry":{"type":"Point","coordinates":[-81.984792,29.980262]},"properties":{"site_name":"Camp Blanding","other_site_names":null,"state":"Florida","industry":"Military","matrix_type":"Other Water","matrix":"Drinking Water","year":2018,"pfoa":null,"pfos":null,"total_pfas":2,"pfas_level":2,"notes":null,"regulation_gvt_link":null,"resources_link":"https://www.nationalguard.mil/Leadership/Joint-Staff/Personal-Staff/Public-Affairs/Community-Relations/Environmental/PFAS-PFOA-Library/Florida/","suspected_source_link":"https://drive.google.com/file/d/1g1t60FsMLcfluvkLqorqlbsHnkF_rNZw/view?usp=sharing","pfas_testing_link":"https://drive.google.com/file/d/1g1t60FsMLcfluvkLqorqlbsHnkF_rNZw/view?usp=sharing","site_ref_link":"https://drive.google.com/drive/u/0/folders/17vc5JX3Gvo92Bih-kg-GABnBbExIJhXg","state_ref_link":"https://drive.google.com/drive/u/1/folders/1HJI6U11sAh3Oi9BLz8uJM5Uu9-sTQ0j8","ObjectId":2544}},{"type":"Feature","id":2545,"geometry":{"type":"Point","coordinates":[-85.23707,30.783236]},"properties":{"site_name":"Marianna Readiness Center","other_site_names":null,"state":"Florida","industry":"Military","matrix_type":"Other Water","matrix":"Drinking Water","year":2018,"pfoa":"7","pfos":"10","total_pfas":53,"pfas_level":53,"notes":null,"regulation_gvt_link":null,"resources_link":"https://www.nationalguard.mil/Leadership/Joint-Staff/Personal-Staff/Public-Affairs/Community-Relations/Environmental/PFAS-PFOA-Library/Florida/","suspected_source_link":"https://drive.google.com/file/d/1g1t60FsMLcfluvkLqorqlbsHnkF_rNZw/view?usp=sharing","pfas_testing_link":"https://drive.google.com/file/d/1g1t60FsMLcfluvkLqorqlbsHnkF_rNZw/view?usp=sharing","site_ref_link":"https://drive.google.com/drive/u/0/folders/17vc5JX3Gvo92Bih-kg-GABnBbExIJhXg","state_ref_link":"https://drive.google.com/drive/u/1/folders/1HJI6U11sAh3Oi9BLz8uJM5Uu9-sTQ0j9","ObjectId":2545}},{"type":"Feature","id":2546,"geometry":{"type":"Point","coordinates":[-82.084179,29.161992]},"properties":{"site_name":"Ocala Readiness Center","other_site_names":null,"state":"Florida","industry":"Military","matrix_type":"Other Water","matrix":"Drinking Water","year":2018,"pfoa":"2","pfos":"16","total_pfas":27,"pfas_level":27,"notes":null,"regulation_gvt_link":null,"resources_link":null,"suspected_source_link":"https://drive.google.com/file/d/1g1t60FsMLcfluvkLqorqlbsHnkF_rNZw/view?usp=sharing","pfas_testing_link":"https://drive.google.com/file/d/1g1t60FsMLcfluvkLqorqlbsHnkF_rNZw/view?usp=sharing","site_ref_link":"https://drive.google.com/drive/u/0/folders/17vc5JX3Gvo92Bih-kg-GABnBbExIJhXg","state_ref_link":"https://drive.google.com/drive/u/1/folders/1HJI6U11sAh3Oi9BLz8uJM5Uu9-sTQ0j10","ObjectId":2546}},{"type":"Feature","id":2745,"geometry":{"type":"Point","coordinates":[-82.685313,27.879748]},"properties":{"site_name":"118th Avenue Landfill","other_site_names":null,"state":"Florida","industry":"Landfill","matrix_type":"Groundwater","matrix":"Groundwater","year":2019,"pfoa":"17","pfos":"214","total_pfas":null,"pfas_level":214,"notes":null,"regulation_gvt_link":null,"resources_link":null,"suspected_source_link":"https://floridadep.gov/waste/waste-cleanup/content/waste-site-cleanup-state-funded-pfas-sampling-efforts","pfas_testing_link":"https://drive.google.com/file/d/10GKwHfZkM4AQjbUkSFvoa3KySchF49cs/view?usp=sharing","site_ref_link":"https://drive.google.com/drive/u/0/folders/1Ndpu9Udqst42msNuaNP2HTLEESuDj9DC","state_ref_link":null,"ObjectId":2745}},{"type":"Feature","id":2746,"geometry":{"type":"Point","coordinates":[-81.652274,30.334309]},"properties":{"site_name":"960 North Market Street Inc","other_site_names":null,"state":"Florida","industry":"Industry","matrix_type":"Groundwater","matrix":"Groundwater","year":2020,"pfoa":"48","pfos":"17","total_pfas":null,"pfas_level":48,"notes":"Steel/metal/electrical processor","regulation_gvt_link":null,"resources_link":null,"suspected_source_link":"https://floridadep.gov/waste/waste-cleanup/content/waste-site-cleanup-state-funded-pfas-sampling-efforts","pfas_testing_link":"https://drive.google.com/file/d/1U83kc4Xzc94r5R6Cq2b0bcA6e1zx6qyj/view?usp=sharing","site_ref_link":"https://drive.google.com/drive/u/0/folders/1Ndpu9Udqst42msNuaNP2HTLEESuDj9DC","state_ref_link":null,"ObjectId":2746}},{"type":"Feature","id":2747,"geometry":{"type":"Point","coordinates":[-87.23308,30.458854]},"properties":{"site_name":"Beggs Lane","other_site_names":"F D C Holdings","state":"Florida","industry":"Landfill","matrix_type":"Groundwater","matrix":"Groundwater","year":2019,"pfoa":"3","pfos":"9","total_pfas":20,"pfas_level":20,"notes":null,"regulation_gvt_link":null,"resources_link":"https://prodenv.dep.state.fl.us/DepNexus/public/electronic-documents/ERIC_3956/facility!search","suspected_source_link":"https://floridadep.gov/waste/waste-cleanup/content/waste-site-cleanup-state-funded-pfas-sampling-efforts","pfas_testing_link":null,"site_ref_link":"https://drive.google.com/drive/u/0/folders/1Ndpu9Udqst42msNuaNP2HTLEESuDj9DC","state_ref_link":null,"ObjectId":2747}},{"type":"Feature","id":2748,"geometry":{"type":"Point","coordinates":[-82.37716,29.625256]},"properties":{"site_name":"Butler Plaza","other_site_names":null,"state":"Florida","industry":"Industry","matrix_type":"Groundwater","matrix":"Groundwater","year":2021,"pfoa":"140","pfos":"32","total_pfas":880,"pfas_level":880,"notes":null,"regulation_gvt_link":null,"resources_link":null,"suspected_source_link":"https://floridadep.gov/waste/waste-cleanup/content/waste-site-cleanup-state-funded-pfas-sampling-efforts","pfas_testing_link":"https://prodenv.dep.state.fl.us/DepNexus/public/electronic-documents/ERIC_3927/%7B%22catalogId%22:%225%22,%22guid%22:%225.502484.1%22%7D","site_ref_link":"https://drive.google.com/drive/u/0/folders/1Ndpu9Udqst42msNuaNP2HTLEESuDj9DC","state_ref_link":null,"ObjectId":2748}},{"type":"Feature","id":2749,"geometry":{"type":"Point","coordinates":[-81.750214,30.325193]},"properties":{"site_name":"Eagle-Picher Industries Facility","other_site_names":null,"state":"Florida","industry":"Industry","matrix_type":"Groundwater","matrix":"Groundwater","year":2020,"pfoa":"707","pfos":"3370","total_pfas":null,"pfas_level":3370,"notes":"Chemical manufacturer/processor","regulation_gvt_link":null,"resources_link":null,"suspected_source_link":"https://floridadep.gov/waste/waste-cleanup/content/waste-site-cleanup-state-funded-pfas-sampling-efforts","pfas_testing_link":"https://drive.google.com/file/d/1rV0l71-_uwUWsg8-OMMHv7NcljNCxSA1/view?usp=sharing","site_ref_link":"https://drive.google.com/drive/u/0/folders/1Ndpu9Udqst42msNuaNP2HTLEESuDj9DC","state_ref_link":null,"ObjectId":2749}},{"type":"Feature","id":2750,"geometry":{"type":"Point","coordinates":[-82.672327,27.814361]},"properties":{"site_name":"Florida Superior Plating","other_site_names":null,"state":"Florida","industry":"Industry","matrix_type":"Groundwater","matrix":"Groundwater","year":2019,"pfoa":"54","pfos":"309","total_pfas":null,"pfas_level":309,"notes":null,"regulation_gvt_link":null,"resources_link":null,"suspected_source_link":"https://floridadep.gov/waste/waste-cleanup/content/waste-site-cleanup-state-funded-pfas-sampling-efforts","pfas_testing_link":"https://drive.google.com/file/d/1KnLfTZXsHRVeV2dGqfPHq4_rODEjPxWS/view?usp=sharing","site_ref_link":"https://drive.google.com/drive/u/0/folders/1Ndpu9Udqst42msNuaNP2HTLEESuDj9DC","state_ref_link":null,"ObjectId":2750}},{"type":"Feature","id":2751,"geometry":{"type":"Point","coordinates":[-81.689051,30.32273]},"properties":{"site_name":"Jackson Atomics","other_site_names":null,"state":"Florida","industry":"Industry","matrix_type":"Groundwater","matrix":"Groundwater","year":2020,"pfoa":"13","pfos":"23","total_pfas":null,"pfas_level":23,"notes":null,"regulation_gvt_link":null,"resources_link":null,"suspected_source_link":"https://floridadep.gov/waste/waste-cleanup/content/waste-site-cleanup-state-funded-pfas-sampling-efforts","pfas_testing_link":"https://drive.google.com/file/d/1GAyirzWatGGAZAXypr4C8cVWggfx7GcS/view?usp=sharing","site_ref_link":"https://drive.google.com/drive/u/0/folders/1Ndpu9Udqst42msNuaNP2HTLEESuDj9DC","state_ref_link":null,"ObjectId":2751}},{"type":"Feature","id":2752,"geometry":{"type":"Point","coordinates":[-82.733945,27.900826]},"properties":{"site_name":"Kenbar Plating","other_site_names":null,"state":"Florida","industry":"Industry","matrix_type":"Groundwater","matrix":"Groundwater","year":2019,"pfoa":"436","pfos":"3620","total_pfas":null,"pfas_level":3620,"notes":null,"regulation_gvt_link":null,"resources_link":null,"suspected_source_link":"https://floridadep.gov/waste/waste-cleanup/content/waste-site-cleanup-state-funded-pfas-sampling-efforts","pfas_testing_link":"https://drive.google.com/file/d/1Eb3p_ZB7wuQfkXTooOJUld2NVqcpzjC5/view?usp=sharing","site_ref_link":"https://drive.google.com/drive/u/0/folders/1Ndpu9Udqst42msNuaNP2HTLEESuDj9DC","state_ref_link":null,"ObjectId":2752}},{"type":"Feature","id":2753,"geometry":{"type":"Point","coordinates":[-81.89087,28.046216]},"properties":{"site_name":"Lakeland Tanning Site","other_site_names":null,"state":"Florida","industry":"Industry","matrix_type":"Groundwater","matrix":"Groundwater","year":2020,"pfoa":"289","pfos":"300","total_pfas":null,"pfas_level":300,"notes":null,"regulation_gvt_link":null,"resources_link":null,"suspected_source_link":"https://floridadep.gov/waste/waste-cleanup/content/waste-site-cleanup-state-funded-pfas-sampling-efforts","pfas_testing_link":"https://drive.google.com/file/d/1z9NUZ8pSfW7F-1ElFF_4KuSCCzgX0LSb/view?usp=sharing","site_ref_link":"https://drive.google.com/drive/u/0/folders/1Ndpu9Udqst42msNuaNP2HTLEESuDj9DC","state_ref_link":null,"ObjectId":2753}},{"type":"Feature","id":2754,"geometry":{"type":"Point","coordinates":[-87.265311,30.542479]},"properties":{"site_name":"Lee Brothers Holsberry C&D Landfill","other_site_names":null,"state":"Florida","industry":"Landfill","matrix_type":"Groundwater","matrix":"Groundwater","year":2019,"pfoa":"14","pfos":"11","total_pfas":null,"pfas_level":14,"notes":null,"regulation_gvt_link":null,"resources_link":null,"suspected_source_link":"https://floridadep.gov/waste/waste-cleanup/content/waste-site-cleanup-state-funded-pfas-sampling-efforts","pfas_testing_link":"https://drive.google.com/file/d/1Qtn8Qxqj5jVnafKRW3F4qFi4ExFjPF1R/view?usp=sharing","site_ref_link":"https://drive.google.com/drive/u/0/folders/1Ndpu9Udqst42msNuaNP2HTLEESuDj9DC","state_ref_link":null,"ObjectId":2754}},{"type":"Feature","id":2755,"geometry":{"type":"Point","coordinates":[-82.437687,27.936618]},"properties":{"site_name":"Musselman Steel Corp","other_site_names":null,"state":"Florida","industry":"Industry","matrix_type":"Groundwater","matrix":"Groundwater","year":2020,"pfoa":"1400","pfos":"47000","total_pfas":null,"pfas_level":47000,"notes":"Steel/metal/electrical processor","regulation_gvt_link":null,"resources_link":null,"suspected_source_link":"https://floridadep.gov/waste/waste-cleanup/content/waste-site-cleanup-state-funded-pfas-sampling-efforts","pfas_testing_link":"https://drive.google.com/file/d/196ZyvSGnsJtlxstKKObMG1pj0uHCI6Ui/view?usp=sharing","site_ref_link":"https://drive.google.com/drive/u/0/folders/1Ndpu9Udqst42msNuaNP2HTLEESuDj9DC","state_ref_link":null,"ObjectId":2755}},{"type":"Feature","id":2756,"geometry":{"type":"Point","coordinates":[-87.264468,30.415211]},"properties":{"site_name":"Omni-Vest Landfill","other_site_names":null,"state":"Florida","industry":"Landfill","matrix_type":"Groundwater","matrix":"Groundwater","year":2019,"pfoa":"7","pfos":"8","total_pfas":null,"pfas_level":8,"notes":null,"regulation_gvt_link":null,"resources_link":null,"suspected_source_link":"https://floridadep.gov/waste/waste-cleanup/content/waste-site-cleanup-state-funded-pfas-sampling-efforts","pfas_testing_link":"https://drive.google.com/file/d/1OJgmUJjJJ2T87rvAIBfRB5yvj3qzdpV_/view?usp=sharing","site_ref_link":"https://drive.google.com/drive/u/0/folders/1Ndpu9Udqst42msNuaNP2HTLEESuDj9DC","state_ref_link":null,"ObjectId":2756}},{"type":"Feature","id":2757,"geometry":{"type":"Point","coordinates":[-82.34645,27.940639]},"properties":{"site_name":"Palm River Road VOC Plume","other_site_names":null,"state":"Florida","industry":"Industry","matrix_type":"Groundwater","matrix":"Groundwater","year":2019,"pfoa":"1130","pfos":"5490","total_pfas":null,"pfas_level":5490,"notes":null,"regulation_gvt_link":null,"resources_link":null,"suspected_source_link":"https://floridadep.gov/waste/waste-cleanup/content/waste-site-cleanup-state-funded-pfas-sampling-efforts","pfas_testing_link":"https://drive.google.com/file/d/1Pq5p2PFNCemuqOHpGgsYxxzBzHBKZnno/view?usp=sharing","site_ref_link":"https://drive.google.com/drive/u/0/folders/1Ndpu9Udqst42msNuaNP2HTLEESuDj9DC","state_ref_link":null,"ObjectId":2757}},{"type":"Feature","id":2758,"geometry":{"type":"Point","coordinates":[-80.847574,28.578366]},"properties":{"site_name":"Pharmco Laboratories","other_site_names":null,"state":"Florida","industry":"Industry","matrix_type":"Groundwater","matrix":"Groundwater","year":2019,"pfoa":"7","pfos":"7","total_pfas":null,"pfas_level":7,"notes":"Chemical manufacturer/processor","regulation_gvt_link":null,"resources_link":null,"suspected_source_link":"https://floridadep.gov/waste/waste-cleanup/content/waste-site-cleanup-state-funded-pfas-sampling-efforts","pfas_testing_link":"https://drive.google.com/file/d/1paEhRUTsdjK_MZrD3RPZQDuCSviJ1f0g/view?usp=sharing","site_ref_link":"https://drive.google.com/drive/u/0/folders/1Ndpu9Udqst42msNuaNP2HTLEESuDj9DC","state_ref_link":null,"ObjectId":2758}},{"type":"Feature","id":2759,"geometry":{"type":"Point","coordinates":[-82.421309,27.964547]},"properties":{"site_name":"Revivation & Gulf Coast Metal Finishing Inc","other_site_names":null,"state":"Florida","industry":"Industry","matrix_type":"Groundwater","matrix":"Groundwater","year":2021,"pfoa":"24","pfos":"309","total_pfas":null,"pfas_level":309,"notes":null,"regulation_gvt_link":null,"resources_link":null,"suspected_source_link":"https://floridadep.gov/waste/waste-cleanup/content/waste-site-cleanup-state-funded-pfas-sampling-efforts","pfas_testing_link":"https://drive.google.com/file/d/1QDM8CgwTrwjr68C4O03LzFFs4l5aEDkH/view?usp=sharing","site_ref_link":"https://drive.google.com/drive/u/0/folders/1Ndpu9Udqst42msNuaNP2HTLEESuDj9DC","state_ref_link":null,"ObjectId":2759}},{"type":"Feature","id":2760,"geometry":{"type":"Point","coordinates":[-82.715323,28.276159]},"properties":{"site_name":"Satellite Archery","other_site_names":null,"state":"Florida","industry":"Industry","matrix_type":"Groundwater","matrix":"Groundwater","year":2021,"pfoa":"139","pfos":"2290","total_pfas":null,"pfas_level":2290,"notes":"Chemical manufacturer/processor","regulation_gvt_link":null,"resources_link":null,"suspected_source_link":"https://floridadep.gov/waste/waste-cleanup/content/waste-site-cleanup-state-funded-pfas-sampling-efforts","pfas_testing_link":"https://drive.google.com/file/d/17HZPDJeCuTsifh5vNaANFCioG55RGUGK/view?usp=sharing","site_ref_link":"https://drive.google.com/drive/u/0/folders/1Ndpu9Udqst42msNuaNP2HTLEESuDj9DC","state_ref_link":null,"ObjectId":2760}},{"type":"Feature","id":2761,"geometry":{"type":"Point","coordinates":[-87.33086,30.463189]},"properties":{"site_name":"Saufley Construction & Demolition (C & D) Facility","other_site_names":null,"state":"Florida","industry":"Landfill","matrix_type":"Groundwater","matrix":"Groundwater","year":2019,"pfoa":"327","pfos":"103","total_pfas":null,"pfas_level":327,"notes":null,"regulation_gvt_link":null,"resources_link":null,"suspected_source_link":"https://floridadep.gov/waste/waste-cleanup/content/waste-site-cleanup-state-funded-pfas-sampling-efforts","pfas_testing_link":"https://drive.google.com/file/d/1RV3O1_Lr6DQBo7FXiL6CEo6GXTtR2xR1/view?usp=sharing","site_ref_link":"https://drive.google.com/drive/u/0/folders/1Ndpu9Udqst42msNuaNP2HTLEESuDj9DC","state_ref_link":null,"ObjectId":2761}},{"type":"Feature","id":2762,"geometry":{"type":"Point","coordinates":[-81.519304,29.975214]},"properties":{"site_name":"Silvex","other_site_names":null,"state":"Florida","industry":"Industry","matrix_type":"Groundwater","matrix":"Groundwater","year":2021,"pfoa":"420","pfos":"740","total_pfas":null,"pfas_level":740,"notes":null,"regulation_gvt_link":null,"resources_link":null,"suspected_source_link":"https://floridadep.gov/waste/waste-cleanup/content/waste-site-cleanup-state-funded-pfas-sampling-efforts","pfas_testing_link":"https://drive.google.com/file/d/13IMX9Q7JCKVGQgSuamZ_ZiYG4NyQ20dd/view?usp=sharing","site_ref_link":"https://drive.google.com/drive/u/0/folders/1Ndpu9Udqst42msNuaNP2HTLEESuDj9DC","state_ref_link":null,"ObjectId":2762}},{"type":"Feature","id":2763,"geometry":{"type":"Point","coordinates":[-80.748514,28.3928]},"properties":{"site_name":"Skippers","other_site_names":null,"state":"Florida","industry":"Industry","matrix_type":"Groundwater","matrix":"Groundwater","year":2019,"pfoa":"6","pfos":"21","total_pfas":null,"pfas_level":21,"notes":"Electroplater","regulation_gvt_link":null,"resources_link":null,"suspected_source_link":"https://floridadep.gov/waste/waste-cleanup/content/waste-site-cleanup-state-funded-pfas-sampling-efforts","pfas_testing_link":"https://drive.google.com/file/d/155UmDAgAIXWJM68itn5qc9az3-h5pfIU/view?usp=sharing","site_ref_link":"https://drive.google.com/drive/u/0/folders/1Ndpu9Udqst42msNuaNP2HTLEESuDj9DC","state_ref_link":null,"ObjectId":2763}},{"type":"Feature","id":2764,"geometry":{"type":"Point","coordinates":[-82.545701,27.403294]},"properties":{"site_name":"Spindrift-Whogas Inc","other_site_names":null,"state":"Florida","industry":"Industry","matrix_type":"Groundwater","matrix":"Groundwater","year":2020,"pfoa":"5","pfos":"43","total_pfas":null,"pfas_level":43,"notes":"Electroplater","regulation_gvt_link":null,"resources_link":null,"suspected_source_link":"https://floridadep.gov/waste/waste-cleanup/content/waste-site-cleanup-state-funded-pfas-sampling-efforts","pfas_testing_link":"https://drive.google.com/file/d/12Ch18QZ49GDmDmzKsO9osHEuHgE4juMQ/view?usp=sharing","site_ref_link":"https://drive.google.com/drive/u/0/folders/1Ndpu9Udqst42msNuaNP2HTLEESuDj9DC","state_ref_link":null,"ObjectId":2764}},{"type":"Feature","id":2765,"geometry":{"type":"Point","coordinates":[-81.31626,28.675399]},"properties":{"site_name":"Technitronics","other_site_names":null,"state":"Florida","industry":"Industry","matrix_type":"Groundwater","matrix":"Groundwater","year":2020,"pfoa":"15","pfos":"29","total_pfas":null,"pfas_level":29,"notes":null,"regulation_gvt_link":null,"resources_link":null,"suspected_source_link":"https://floridadep.gov/waste/waste-cleanup/content/waste-site-cleanup-state-funded-pfas-sampling-efforts","pfas_testing_link":"https://drive.google.com/file/d/1W76jCukYnbULlOisGXIo8WNKyMRNctq4/view?usp=sharing","site_ref_link":"https://drive.google.com/drive/u/0/folders/1Ndpu9Udqst42msNuaNP2HTLEESuDj9DC","state_ref_link":null,"ObjectId":2765}},{"type":"Feature","id":2766,"geometry":{"type":"Point","coordinates":[-80.317818,25.830939]},"properties":{"site_name":"Turbo Power, Inc.","other_site_names":null,"state":"Florida","industry":"Industry","matrix_type":"Groundwater","matrix":"Groundwater","year":2020,"pfoa":"4","pfos":"25","total_pfas":null,"pfas_level":25,"notes":null,"regulation_gvt_link":null,"resources_link":null,"suspected_source_link":"https://floridadep.gov/waste/waste-cleanup/content/waste-site-cleanup-state-funded-pfas-sampling-efforts","pfas_testing_link":"https://drive.google.com/file/d/1uIEc5t2-xhWDAg_XqMFM_xrTRCE9Ob_q/view?usp=sharing","site_ref_link":"https://drive.google.com/drive/u/0/folders/1Ndpu9Udqst42msNuaNP2HTLEESuDj9DC","state_ref_link":null,"ObjectId":2766}},{"type":"Feature","id":2767,"geometry":{"type":"Point","coordinates":[-80.223668,25.797285]},"properties":{"site_name":"Upsilon Davis","other_site_names":null,"state":"Florida","industry":"Industry","matrix_type":"Groundwater","matrix":"Groundwater","year":null,"pfoa":"48","pfos":"243","total_pfas":null,"pfas_level":243,"notes":"Electroplater","regulation_gvt_link":null,"resources_link":null,"suspected_source_link":"https://floridadep.gov/waste/waste-cleanup/content/waste-site-cleanup-state-funded-pfas-sampling-efforts","pfas_testing_link":"https://drive.google.com/file/d/1rFltcS-qaURXsJl5bvPAJvLfoRkm9pKz/view?usp=sharing","site_ref_link":"https://drive.google.com/drive/u/0/folders/1Ndpu9Udqst42msNuaNP2HTLEESuDj9DC","state_ref_link":null,"ObjectId":2767}},{"type":"Feature","id":2768,"geometry":{"type":"Point","coordinates":[-86.63563,30.468867]},"properties":{"site_name":"West Florida Scrap Metal - Former","other_site_names":null,"state":"Florida","industry":"Landfill","matrix_type":"Groundwater","matrix":"Groundwater","year":2020,"pfoa":"831","pfos":"653","total_pfas":null,"pfas_level":831,"notes":null,"regulation_gvt_link":null,"resources_link":null,"suspected_source_link":"https://floridadep.gov/waste/waste-cleanup/content/waste-site-cleanup-state-funded-pfas-sampling-efforts","pfas_testing_link":"https://drive.google.com/file/d/16CzdZgL_331qq3TNVj7YkHXur2978sNP/view?usp=sharing","site_ref_link":"https://drive.google.com/drive/u/0/folders/1Ndpu9Udqst42msNuaNP2HTLEESuDj9DC","state_ref_link":null,"ObjectId":2768}},{"type":"Feature","id":2769,"geometry":{"type":"Point","coordinates":[-81.737165,26.335978]},"properties":{"site_name":"Bonita Springs Fire Control & Rescue District Station 4","other_site_names":null,"state":"Florida","industry":"Fire Department/Training Facility","matrix_type":"Groundwater","matrix":"Groundwater","year":2019,"pfoa":"89","pfos":"2","total_pfas":null,"pfas_level":89,"notes":null,"regulation_gvt_link":null,"resources_link":"https://floridadep.gov/waste/waste-cleanup/content/bonita-springs-fire-control-rescue-district-station-4","suspected_source_link":"https://floridadep.gov/waste/waste-cleanup/content/fire-training-facility-preliminary-site-assessments","pfas_testing_link":"https://drive.google.com/file/d/1gS1rtqJWaKjPg-3w4IjekvAduBGWQmKR/view?usp=sharing","site_ref_link":null,"state_ref_link":null,"ObjectId":2769}},{"type":"Feature","id":2770,"geometry":{"type":"Point","coordinates":[-81.346602,28.696423]},"properties":{"site_name":"Celebrity Cleaners","other_site_names":null,"state":"Florida","industry":"Dry Cleaner","matrix_type":"Groundwater","matrix":"Groundwater","year":2019,"pfoa":"10","pfos":"88","total_pfas":132,"pfas_level":132,"notes":null,"regulation_gvt_link":null,"resources_link":"https://prodenv.dep.state.fl.us/DepNexus/public/electronic-documents/ERIC_5485/facility!search","suspected_source_link":"https://floridadep.gov/waste/waste-cleanup/content/drycleaning-solvent-cleanup-program-state-funded-pfas-sampling-efforts","pfas_testing_link":"https://drive.google.com/file/d/10KM0bMNBh0zwke9QJevqHgXuqNG4FgHe/view?usp=sharing","site_ref_link":null,"state_ref_link":null,"ObjectId":2770}},{"type":"Feature","id":2771,"geometry":{"type":"Point","coordinates":[-85.110015,30.784975]},"properties":{"site_name":"Chipola College Firefighting Academy","other_site_names":null,"state":"Florida","industry":"Fire Department/Training Facility","matrix_type":"Groundwater","matrix":"Groundwater","year":2019,"pfoa":"2","pfos":"1","total_pfas":null,"pfas_level":2,"notes":null,"regulation_gvt_link":null,"resources_link":"https://floridadep.gov/waste/waste-cleanup/content/chipola-college-firefighting-academy","suspected_source_link":"https://floridadep.gov/waste/waste-cleanup/content/fire-training-facility-preliminary-site-assessments","pfas_testing_link":"https://drive.google.com/file/d/1glvHUc6TUWEWwANc6sKNITUWMXAecx-t/view?usp=sharing","site_ref_link":null,"state_ref_link":null,"ObjectId":2771}},{"type":"Feature","id":2772,"geometry":{"type":"Point","coordinates":[-80.076061,26.807337]},"properties":{"site_name":"Cinderella Cleaners","other_site_names":null,"state":"Florida","industry":"Dry Cleaner","matrix_type":"Groundwater","matrix":"Groundwater","year":2019,"pfoa":"62","pfos":"53","total_pfas":175,"pfas_level":175,"notes":null,"regulation_gvt_link":null,"resources_link":"https://prodenv.dep.state.fl.us/DepNexus/public/electronic-documents/\t\nERIC_5174/facility!search","suspected_source_link":"https://floridadep.gov/waste/waste-cleanup/content/drycleaning-solvent-cleanup-program-state-funded-pfas-sampling-efforts","pfas_testing_link":"https://drive.google.com/file/d/10KM0bMNBh0zwke9QJevqHgXuqNG4FgHe/view?usp=sharing","site_ref_link":null,"state_ref_link":null,"ObjectId":2772}},{"type":"Feature","id":2773,"geometry":{"type":"Point","coordinates":[-82.489896,28.843671]},"properties":{"site_name":"Citrus County Sheriff’s Department Training Facility","other_site_names":null,"state":"Florida","industry":"Fire Department/Training Facility","matrix_type":"Groundwater","matrix":"Groundwater","year":2019,"pfoa":"860","pfos":"11000","total_pfas":null,"pfas_level":11000,"notes":null,"regulation_gvt_link":null,"resources_link":"https://floridadep.gov/waste/waste-cleanup/content/citrus-county-sheriff%E2%80%99s-department-training-facility","suspected_source_link":"https://floridadep.gov/waste/waste-cleanup/content/fire-training-facility-preliminary-site-assessments","pfas_testing_link":"https://drive.google.com/file/d/1h_yx61UslH087rlRuMPs6sMzBpCzTXh2/view?usp=sharing","site_ref_link":null,"state_ref_link":null,"ObjectId":2773}},{"type":"Feature","id":2774,"geometry":{"type":"Point","coordinates":[-80.332539,25.890968]},"properties":{"site_name":"City of Hialeah Training Facility","other_site_names":null,"state":"Florida","industry":"Fire Department/Training Facility","matrix_type":"Groundwater","matrix":"Groundwater","year":2020,"pfoa":"38","pfos":"910","total_pfas":null,"pfas_level":910,"notes":null,"regulation_gvt_link":null,"resources_link":"https://floridadep.gov/waste/waste-cleanup/content/city-hialeah-training-facility","suspected_source_link":"https://floridadep.gov/waste/waste-cleanup/content/fire-training-facility-preliminary-site-assessments","pfas_testing_link":"https://drive.google.com/file/d/18aXLQ-Hpj8htSszqQ2h0QqXUprs27NlT/view?usp=sharing ","site_ref_link":null,"state_ref_link":null,"ObjectId":2774}},{"type":"Feature","id":2775,"geometry":{"type":"Point","coordinates":[-80.257179,25.726378]},"properties":{"site_name":"City of Miami Fire Rescue Training Center","other_site_names":null,"state":"Florida","industry":"Fire Department/Training Facility","matrix_type":"Groundwater","matrix":"Groundwater","year":2020,"pfoa":"21","pfos":"54","total_pfas":null,"pfas_level":54,"notes":null,"regulation_gvt_link":null,"resources_link":"https://floridadep.gov/waste/waste-cleanup/content/city-miami-fire-rescue-training-center","suspected_source_link":"https://floridadep.gov/waste/waste-cleanup/content/fire-training-facility-preliminary-site-assessments","pfas_testing_link":"https://drive.google.com/file/d/1_nya9uaMCIieeCuY2O9jXija4hLB7Dcn/view?usp=sharing","site_ref_link":null,"state_ref_link":null,"ObjectId":2775}},{"type":"Feature","id":2776,"geometry":{"type":"Point","coordinates":[-80.22565,27.164955]},"properties":{"site_name":"Classic Cleaners","other_site_names":null,"state":"Florida","industry":"Dry Cleaner","matrix_type":"Groundwater","matrix":"Groundwater","year":2019,"pfoa":"32","pfos":"100","total_pfas":646,"pfas_level":646,"notes":null,"regulation_gvt_link":null,"resources_link":"https://prodenv.dep.state.fl.us/DepNexus/public/electronic-documents/\t\nERIC_4929/facility!search","suspected_source_link":"https://floridadep.gov/waste/waste-cleanup/content/drycleaning-solvent-cleanup-program-state-funded-pfas-sampling-efforts","pfas_testing_link":"https://drive.google.com/file/d/10KM0bMNBh0zwke9QJevqHgXuqNG4FgHe/view?usp=sharing","site_ref_link":null,"state_ref_link":null,"ObjectId":2776}},{"type":"Feature","id":2777,"geometry":{"type":"Point","coordinates":[-80.287575,26.282699]},"properties":{"site_name":"Coral Springs Regional Institute of Public Safety","other_site_names":null,"state":"Florida","industry":"Fire Department/Training Facility","matrix_type":"Groundwater","matrix":"Groundwater","year":2019,"pfoa":"260","pfos":"32","total_pfas":null,"pfas_level":260,"notes":null,"regulation_gvt_link":null,"resources_link":"https://floridadep.gov/waste/waste-cleanup/content/coral-springs-regional-institute-public-safety","suspected_source_link":"https://floridadep.gov/waste/waste-cleanup/content/fire-training-facility-preliminary-site-assessments","pfas_testing_link":"https://drive.google.com/file/d/1jO1jhJyPUBDVst15I5G-KsZE3DOahw0o/view?usp=sharing","site_ref_link":null,"state_ref_link":null,"ObjectId":2777}},{"type":"Feature","id":2778,"geometry":{"type":"Point","coordinates":[-81.875015,26.545575]},"properties":{"site_name":"Dolphin Fabricare","other_site_names":null,"state":"Florida","industry":"Dry Cleaner","matrix_type":"Groundwater","matrix":"Groundwater","year":2019,"pfoa":"98","pfos":"19","total_pfas":288,"pfas_level":288,"notes":null,"regulation_gvt_link":null,"resources_link":"https://prodenv.dep.state.fl.us/DepNexus/public/electronic-documents/ERIC_4847/facility!search","suspected_source_link":"https://floridadep.gov/waste/waste-cleanup/content/drycleaning-solvent-cleanup-program-state-funded-pfas-sampling-efforts","pfas_testing_link":"https://drive.google.com/file/d/10KM0bMNBh0zwke9QJevqHgXuqNG4FgHe/view?usp=sharing","site_ref_link":null,"state_ref_link":null,"ObjectId":2778}},{"type":"Feature","id":2779,"geometry":{"type":"Point","coordinates":[-81.367632,28.606274]},"properties":{"site_name":"Dryclean World","other_site_names":null,"state":"Florida","industry":"Dry Cleaner","matrix_type":"Groundwater","matrix":"Groundwater","year":2019,"pfoa":"11","pfos":"34","total_pfas":95,"pfas_level":95,"notes":null,"regulation_gvt_link":null,"resources_link":"https://prodenv.dep.state.fl.us/DepNexus/public/electronic-documents/ERIC_5042/facility!search","suspected_source_link":"https://floridadep.gov/waste/waste-cleanup/content/drycleaning-solvent-cleanup-program-state-funded-pfas-sampling-efforts","pfas_testing_link":"https://drive.google.com/file/d/10KM0bMNBh0zwke9QJevqHgXuqNG4FgHe/view?usp=sharing","site_ref_link":null,"state_ref_link":null,"ObjectId":2779}},{"type":"Feature","id":2780,"geometry":{"type":"Point","coordinates":[-82.331973,26.964285]},"properties":{"site_name":"Englewood Fire Training Center","other_site_names":null,"state":"Florida","industry":"Fire Department/Training Facility","matrix_type":"Groundwater","matrix":"Groundwater","year":2019,"pfoa":"23","pfos":"130","total_pfas":null,"pfas_level":130,"notes":null,"regulation_gvt_link":null,"resources_link":"https://floridadep.gov/waste/waste-cleanup/content/englewood-fire-training-center","suspected_source_link":"https://floridadep.gov/waste/waste-cleanup/content/fire-training-facility-preliminary-site-assessments","pfas_testing_link":"https://drive.google.com/file/d/1ZlsLj9mRMQfxPjjHVlGf7AxRbSTorstR/view?usp=sharing","site_ref_link":null,"state_ref_link":null,"ObjectId":2780}},{"type":"Feature","id":2781,"geometry":{"type":"Point","coordinates":[-81.509142,30.298974]},"properties":{"site_name":"Fire Academy of the South","other_site_names":null,"state":"Florida","industry":"Fire Department/Training Facility","matrix_type":"Groundwater","matrix":"Groundwater","year":2021,"pfoa":"6","pfos":"25","total_pfas":null,"pfas_level":25,"notes":null,"regulation_gvt_link":null,"resources_link":"https://floridadep.gov/waste/waste-cleanup/content/fire-academy-south","suspected_source_link":"https://floridadep.gov/waste/waste-cleanup/content/fire-training-facility-preliminary-site-assessments","pfas_testing_link":"https://drive.google.com/file/d/1rwP_e006DOYKNdkKk6kJiWyvhSFq02xm/view?usp=sharing","site_ref_link":null,"state_ref_link":null,"ObjectId":2781}},{"type":"Feature","id":2782,"geometry":{"type":"Point","coordinates":[-81.601337,30.36528]},"properties":{"site_name":"Former Sages Dry Cleaner","other_site_names":null,"state":"Florida","industry":"Dry Cleaner","matrix_type":"Groundwater","matrix":"Groundwater","year":2019,"pfoa":null,"pfos":"1","total_pfas":2,"pfas_level":2,"notes":null,"regulation_gvt_link":null,"resources_link":"https://prodenv.dep.state.fl.us/DepNexus/public/electronic-documents/ERIC_4596/facility!search","suspected_source_link":"https://floridadep.gov/waste/waste-cleanup/content/drycleaning-solvent-cleanup-program-state-funded-pfas-sampling-efforts","pfas_testing_link":"https://drive.google.com/file/d/10KM0bMNBh0zwke9QJevqHgXuqNG4FgHe/view?usp=sharing","site_ref_link":null,"state_ref_link":null,"ObjectId":2782}},{"type":"Feature","id":2783,"geometry":{"type":"Point","coordinates":[-82.391882,27.967639]},"properties":{"site_name":"Hillsborough Community College Fire Academy","other_site_names":null,"state":"Florida","industry":"Fire Department/Training Facility","matrix_type":"Groundwater","matrix":"Groundwater","year":2019,"pfoa":"680","pfos":"880","total_pfas":null,"pfas_level":880,"notes":null,"regulation_gvt_link":null,"resources_link":"https://floridadep.gov/waste/waste-cleanup/content/hillsborough-community-college-fire-academy","suspected_source_link":"https://floridadep.gov/waste/waste-cleanup/content/fire-training-facility-preliminary-site-assessments","pfas_testing_link":"https://drive.google.com/file/d/1b8ihkdTlLChgeIdWg3FxgS556JXrDo4y/view?usp=sharing","site_ref_link":null,"state_ref_link":null,"ObjectId":2783}},{"type":"Feature","id":2784,"geometry":{"type":"Point","coordinates":[-80.369053,27.41622]},"properties":{"site_name":"Indian River State College Fire Academy","other_site_names":null,"state":"Florida","industry":"Fire Department/Training Facility","matrix_type":"Groundwater","matrix":"Groundwater","year":2020,"pfoa":"1300","pfos":"16000","total_pfas":null,"pfas_level":16000,"notes":null,"regulation_gvt_link":null,"resources_link":"https://floridadep.gov/waste/waste-cleanup/content/indian-river-state-college-fire-academy","suspected_source_link":"https://floridadep.gov/waste/waste-cleanup/content/fire-training-facility-preliminary-site-assessments","pfas_testing_link":"https://drive.google.com/file/d/1vfZrLpB6_driJtNMhABygCRkAa_nDeEz/view?usp=sharing","site_ref_link":null,"state_ref_link":null,"ObjectId":2784}},{"type":"Feature","id":2785,"geometry":{"type":"Point","coordinates":[-80.210551,25.870496]},"properties":{"site_name":"International Professional","other_site_names":null,"state":"Florida","industry":"Dry Cleaner","matrix_type":"Groundwater","matrix":"Groundwater","year":2019,"pfoa":"13","pfos":"86","total_pfas":190,"pfas_level":190,"notes":null,"regulation_gvt_link":null,"resources_link":"https://prodenv.dep.state.fl.us/DepNexus/public/electronic-documents/\t\nERIC_4365/facility!search","suspected_source_link":"https://floridadep.gov/waste/waste-cleanup/content/drycleaning-solvent-cleanup-program-state-funded-pfas-sampling-efforts","pfas_testing_link":"https://drive.google.com/file/d/10KM0bMNBh0zwke9QJevqHgXuqNG4FgHe/view?usp=sharing","site_ref_link":null,"state_ref_link":null,"ObjectId":2785}},{"type":"Feature","id":2786,"geometry":{"type":"Point","coordinates":[-82.950018,30.517272]},"properties":{"site_name":"Jasper Laundry and Dry Cleaner","other_site_names":null,"state":"Florida","industry":"Dry Cleaner","matrix_type":"Groundwater","matrix":"Groundwater","year":2019,"pfoa":"46","pfos":"120","total_pfas":355,"pfas_level":355,"notes":null,"regulation_gvt_link":null,"resources_link":"https://prodenv.dep.state.fl.us/DepNexus/public/electronic-documents/ERIC_4671/facility!search","suspected_source_link":"https://floridadep.gov/waste/waste-cleanup/content/drycleaning-solvent-cleanup-program-state-funded-pfas-sampling-efforts","pfas_testing_link":"https://drive.google.com/file/d/10KM0bMNBh0zwke9QJevqHgXuqNG4FgHe/view?usp=sharing","site_ref_link":null,"state_ref_link":null,"ObjectId":2786}},{"type":"Feature","id":2787,"geometry":{"type":"Point","coordinates":[-81.744389,28.771077]},"properties":{"site_name":"Lake Tech Fire Academy","other_site_names":null,"state":"Florida","industry":"Fire Department/Training Facility","matrix_type":"Groundwater","matrix":"Groundwater","year":2019,"pfoa":"12","pfos":"25","total_pfas":null,"pfas_level":25,"notes":null,"regulation_gvt_link":null,"resources_link":"https://floridadep.gov/waste/waste-cleanup/content/lake-tech-fire-academy","suspected_source_link":"https://floridadep.gov/waste/waste-cleanup/content/fire-training-facility-preliminary-site-assessments","pfas_testing_link":"https://drive.google.com/file/d/1Fskup25dhMl2Nb1QQvPXS6FnPGYwIdDL/view?usp=sharing","site_ref_link":null,"state_ref_link":null,"ObjectId":2787}},{"type":"Feature","id":2788,"geometry":{"type":"Point","coordinates":[-82.433591,27.443393]},"properties":{"site_name":"Manatee Technical College Fire Academy","other_site_names":null,"state":"Florida","industry":"Fire Department/Training Facility","matrix_type":"Groundwater","matrix":"Groundwater","year":2020,"pfoa":"1000","pfos":"140","total_pfas":null,"pfas_level":1000,"notes":null,"regulation_gvt_link":null,"resources_link":"https://floridadep.gov/waste/waste-cleanup/content/manatee-technical-college-fire-academy","suspected_source_link":"https://floridadep.gov/waste/waste-cleanup/content/fire-training-facility-preliminary-site-assessments","pfas_testing_link":"https://drive.google.com/file/d/1zRG1AHI2ipeFJA29RctnEzwW8-RyQyh7/view?usp=sharing","site_ref_link":null,"state_ref_link":null,"ObjectId":2788}},{"type":"Feature","id":2789,"geometry":{"type":"Point","coordinates":[-80.668829,28.13936]},"properties":{"site_name":"Melbourne Fire Training Facility","other_site_names":null,"state":"Florida","industry":"Fire Department/Training Facility","matrix_type":"Groundwater","matrix":"Groundwater","year":2021,"pfoa":"959","pfos":"36200","total_pfas":null,"pfas_level":36200,"notes":null,"regulation_gvt_link":null,"resources_link":"https://floridadep.gov/waste/waste-cleanup/content/melbourne-fire-training-facility","suspected_source_link":"https://floridadep.gov/waste/waste-cleanup/content/fire-training-facility-preliminary-site-assessments","pfas_testing_link":"https://drive.google.com/file/d/1ShEexF8wWPZ2QlHNFVptCwC1JYL1bOYS/view?usp=sharing","site_ref_link":null,"state_ref_link":null,"ObjectId":2789}},{"type":"Feature","id":2790,"geometry":{"type":"Point","coordinates":[-81.737165,26.335978]},"properties":{"site_name":"Miami-Dade College Fire Academy","other_site_names":null,"state":"Florida","industry":"Fire Department/Training Facility","matrix_type":"Groundwater","matrix":"Groundwater","year":2019,"pfoa":"1","pfos":"25","total_pfas":null,"pfas_level":25,"notes":null,"regulation_gvt_link":null,"resources_link":"https://floridadep.gov/waste/waste-cleanup/content/miami-dade-college-fire-academy","suspected_source_link":"https://floridadep.gov/waste/waste-cleanup/content/fire-training-facility-preliminary-site-assessments","pfas_testing_link":"https://drive.google.com/file/d/19mlktvNHaJFfUNDIjCSg_No9tDxUk65t/view?usp=sharing","site_ref_link":null,"state_ref_link":null,"ObjectId":2790}},{"type":"Feature","id":2791,"geometry":{"type":"Point","coordinates":[-80.247553,25.877024]},"properties":{"site_name":"Miami-Dade Fire Rescue","other_site_names":null,"state":"Florida","industry":"Fire Department/Training Facility","matrix_type":"Groundwater","matrix":"Groundwater","year":2019,"pfoa":"300","pfos":"980","total_pfas":null,"pfas_level":980,"notes":null,"regulation_gvt_link":null,"resources_link":"https://floridadep.gov/waste/waste-cleanup/content/miami-dade-fire-rescue","suspected_source_link":"https://floridadep.gov/waste/waste-cleanup/content/fire-training-facility-preliminary-site-assessments","pfas_testing_link":"https://drive.google.com/file/d/1WAgr-Fw3MMaS6PHoIWjWy4vpkCD5Sb_O/view?usp=sharing","site_ref_link":null,"state_ref_link":null,"ObjectId":2791}},{"type":"Feature","id":2792,"geometry":{"type":"Point","coordinates":[-80.976831,24.751982]},"properties":{"site_name":"Monroe County Training Academy","other_site_names":null,"state":"Florida","industry":"Fire Department/Training Facility","matrix_type":"Groundwater","matrix":"Groundwater","year":2019,"pfoa":"12000","pfos":"26000","total_pfas":null,"pfas_level":26000,"notes":null,"regulation_gvt_link":null,"resources_link":"https://floridadep.gov/waste/waste-cleanup/content/monroe-county-training-academy","suspected_source_link":"https://floridadep.gov/waste/waste-cleanup/content/fire-training-facility-preliminary-site-assessments","pfas_testing_link":"https://drive.google.com/file/d/1cKeynwqJDBLnHRv_8fcez6kyXQTEoD8y/view?usp=sharing","site_ref_link":null,"state_ref_link":null,"ObjectId":2792}},{"type":"Feature","id":2793,"geometry":{"type":"Point","coordinates":[-82.714285,29.917232]},"properties":{"site_name":"Moses Cleaners","other_site_names":null,"state":"Florida","industry":"Dry Cleaner","matrix_type":"Groundwater","matrix":"Groundwater","year":2019,"pfoa":"24","pfos":"69","total_pfas":162,"pfas_level":162,"notes":"Sampled \u003e70 ppt","regulation_gvt_link":null,"resources_link":"https://prodenv.dep.state.fl.us/DepNexus/public/electronic-documents/ERIC_4289/facility!search","suspected_source_link":"https://floridadep.gov/waste/waste-cleanup/content/drycleaning-solvent-cleanup-program-state-funded-pfas-sampling-efforts","pfas_testing_link":"https://drive.google.com/file/d/10KM0bMNBh0zwke9QJevqHgXuqNG4FgHe/view?usp=sharing","site_ref_link":null,"state_ref_link":null,"ObjectId":2793}},{"type":"Feature","id":2794,"geometry":{"type":"Point","coordinates":[-81.324509,28.621886]},"properties":{"site_name":"Nanak Cleaners","other_site_names":null,"state":"Florida","industry":"Dry Cleaner","matrix_type":"Groundwater","matrix":"Groundwater","year":2019,"pfoa":"5","pfos":"9","total_pfas":32,"pfas_level":32,"notes":null,"regulation_gvt_link":null,"resources_link":"https://prodenv.dep.state.fl.us/DepNexus/public/electronic-documents/ERIC_5469/facility!search","suspected_source_link":"https://floridadep.gov/waste/waste-cleanup/content/drycleaning-solvent-cleanup-program-state-funded-pfas-sampling-efforts","pfas_testing_link":"https://drive.google.com/file/d/10KM0bMNBh0zwke9QJevqHgXuqNG4FgHe/view?usp=sharing","site_ref_link":null,"state_ref_link":null,"ObjectId":2794}},{"type":"Feature","id":2795,"geometry":{"type":"Point","coordinates":[-82.550096,27.365884]},"properties":{"site_name":"North Trail Laundryland","other_site_names":"SuperMatt Laundry ","state":"Florida","industry":"Dry Cleaner","matrix_type":"Groundwater","matrix":"Groundwater","year":2019,"pfoa":"54","pfos":"36","total_pfas":220,"pfas_level":220,"notes":null,"regulation_gvt_link":null,"resources_link":"https://prodenv.dep.state.fl.us/DepNexus/public/electronic-documents/\t\nERIC_5451/facility!search","suspected_source_link":"https://floridadep.gov/waste/waste-cleanup/content/drycleaning-solvent-cleanup-program-state-funded-pfas-sampling-efforts","pfas_testing_link":"https://drive.google.com/file/d/10KM0bMNBh0zwke9QJevqHgXuqNG4FgHe/view?usp=sharing","site_ref_link":null,"state_ref_link":null,"ObjectId":2795}},{"type":"Feature","id":2796,"geometry":{"type":"Point","coordinates":[-80.167467,26.684727]},"properties":{"site_name":"Palm Beach County Fire Rescue","other_site_names":null,"state":"Florida","industry":"Fire Department/Training Facility","matrix_type":"Groundwater","matrix":"Groundwater","year":2019,"pfoa":"130","pfos":"1200","total_pfas":null,"pfas_level":1200,"notes":null,"regulation_gvt_link":null,"resources_link":"https://floridadep.gov/waste/waste-cleanup/content/palm-beach-county-fire-rescue","suspected_source_link":"https://floridadep.gov/waste/waste-cleanup/content/fire-training-facility-preliminary-site-assessments","pfas_testing_link":"https://drive.google.com/file/d/1uqVX_B8YOH8KX5lNjrYBYm5c8l3_Z6hk/view?usp=sharing","site_ref_link":null,"state_ref_link":null,"ObjectId":2796}},{"type":"Feature","id":2797,"geometry":{"type":"Point","coordinates":[-80.087757,26.615961]},"properties":{"site_name":"Palm Beach State College","other_site_names":null,"state":"Florida","industry":"Fire Department/Training Facility","matrix_type":"Groundwater","matrix":"Groundwater","year":2019,"pfoa":"2200","pfos":"23000","total_pfas":null,"pfas_level":23000,"notes":null,"regulation_gvt_link":null,"resources_link":"https://floridadep.gov/waste/waste-cleanup/content/palm-beach-state-college","suspected_source_link":"https://floridadep.gov/waste/waste-cleanup/content/fire-training-facility-preliminary-site-assessments","pfas_testing_link":"https://drive.google.com/file/d/1FcHrvKDDUAs9RiOD4_JvxUrY935bk9VF/view?usp=sharing","site_ref_link":null,"state_ref_link":null,"ObjectId":2797}},{"type":"Feature","id":2798,"geometry":{"type":"Point","coordinates":[-82.552759,28.398284]},"properties":{"site_name":"Pasco County Fire Rescue Training Center","other_site_names":null,"state":"Florida","industry":"Fire Department/Training Facility","matrix_type":"Groundwater","matrix":"Groundwater","year":2019,"pfoa":"120","pfos":"190","total_pfas":null,"pfas_level":190,"notes":null,"regulation_gvt_link":null,"resources_link":"https://floridadep.gov/waste/waste-cleanup/content/pasco-county-fire-rescue-training-center","suspected_source_link":"https://floridadep.gov/waste/waste-cleanup/content/fire-training-facility-preliminary-site-assessments","pfas_testing_link":"https://drive.google.com/file/d/1F6eKKCGqT20CZxUPLk23WLS9lIfmdKw_/view?usp=sharing","site_ref_link":null,"state_ref_link":null,"ObjectId":2798}},{"type":"Feature","id":2799,"geometry":{"type":"Point","coordinates":[-87.24434,30.412485]},"properties":{"site_name":"Pensacola Fire Department","other_site_names":null,"state":"Florida","industry":"Fire Department/Training Facility","matrix_type":"Groundwater","matrix":"Groundwater","year":2020,"pfoa":"0","pfos":"5","total_pfas":null,"pfas_level":5,"notes":null,"regulation_gvt_link":null,"resources_link":"https://floridadep.gov/waste/waste-cleanup/content/pensacola-fire-department","suspected_source_link":"https://floridadep.gov/waste/waste-cleanup/content/fire-training-facility-preliminary-site-assessments","pfas_testing_link":"https://drive.google.com/file/d/1p_hMgfIueZYYJ-txHxTHmYSTAB293I2f/view?usp=sharing","site_ref_link":null,"state_ref_link":null,"ObjectId":2799}},{"type":"Feature","id":2800,"geometry":{"type":"Point","coordinates":[-80.236096,26.128727]},"properties":{"site_name":"Plantation Fire Department","other_site_names":null,"state":"Florida","industry":"Fire Department/Training Facility","matrix_type":"Groundwater","matrix":"Groundwater","year":2019,"pfoa":"23","pfos":"38","total_pfas":null,"pfas_level":38,"notes":null,"regulation_gvt_link":null,"resources_link":"https://floridadep.gov/waste/waste-cleanup/content/plantation-fire-department","suspected_source_link":"https://floridadep.gov/waste/waste-cleanup/content/fire-training-facility-preliminary-site-assessments","pfas_testing_link":"https://drive.google.com/file/d/1_AtClLCkLLkausxMCkXoOhKq7UuBjejs/view?usp=sharing","site_ref_link":null,"state_ref_link":null,"ObjectId":2800}},{"type":"Feature","id":2801,"geometry":{"type":"Point","coordinates":[-84.290274,30.453459]},"properties":{"site_name":"Randolph Alterations & Drycleaner","other_site_names":null,"state":"Florida","industry":"Dry Cleaner","matrix_type":"Groundwater","matrix":"Groundwater","year":2019,"pfoa":"7","pfos":"14","total_pfas":150,"pfas_level":150,"notes":null,"regulation_gvt_link":null,"resources_link":"https://prodenv.dep.state.fl.us/DepNexus/public/electronic-documents/ERIC_4863/facility!search","suspected_source_link":"https://floridadep.gov/waste/waste-cleanup/content/drycleaning-solvent-cleanup-program-state-funded-pfas-sampling-efforts","pfas_testing_link":"https://drive.google.com/file/d/10KM0bMNBh0zwke9QJevqHgXuqNG4FgHe/view?usp=sharing","site_ref_link":null,"state_ref_link":null,"ObjectId":2801}},{"type":"Feature","id":2802,"geometry":{"type":"Point","coordinates":[-81.509837,27.569925]},"properties":{"site_name":"South Florida State College Fire Academy","other_site_names":null,"state":"Florida","industry":"Fire Department/Training Facility","matrix_type":"Groundwater","matrix":"Groundwater","year":2019,"pfoa":"7","pfos":"10","total_pfas":null,"pfas_level":10,"notes":null,"regulation_gvt_link":null,"resources_link":"https://floridadep.gov/waste/waste-cleanup/content/south-florida-state-college-fire-academy","suspected_source_link":"https://floridadep.gov/waste/waste-cleanup/content/fire-training-facility-preliminary-site-assessments","pfas_testing_link":"https://drive.google.com/file/d/19nwDL_V6R8t9ZNWLh4_Mv4G0UjMdJeC2/view?usp=sharing","site_ref_link":null,"state_ref_link":null,"ObjectId":2802}},{"type":"Feature","id":2803,"geometry":{"type":"Point","coordinates":[-84.337422,30.440349]},"properties":{"site_name":"Tallahassee Fire Training Division","other_site_names":null,"state":"Florida","industry":"Fire Department/Training Facility","matrix_type":"Groundwater","matrix":"Groundwater","year":2019,"pfoa":"5000","pfos":"42000","total_pfas":null,"pfas_level":42000,"notes":null,"regulation_gvt_link":null,"resources_link":"https://floridadep.gov/waste/waste-cleanup/content/tallahassee-fire-training-division","suspected_source_link":"https://floridadep.gov/waste/waste-cleanup/content/fire-training-facility-preliminary-site-assessments","pfas_testing_link":"https://drive.google.com/file/d/12loMS5Zwa4NTROr2HLTWzrpeMM8D7HdD/view?usp=sharing","site_ref_link":null,"state_ref_link":null,"ObjectId":2803}},{"type":"Feature","id":2804,"geometry":{"type":"Point","coordinates":[-82.421756,27.946405]},"properties":{"site_name":"Tampa Fire Rescue Training Center","other_site_names":null,"state":"Florida","industry":"Fire Department/Training Facility","matrix_type":"Groundwater","matrix":"Groundwater","year":2019,"pfoa":"2200","pfos":"45000","total_pfas":null,"pfas_level":45000,"notes":null,"regulation_gvt_link":null,"resources_link":"https://floridadep.gov/waste/waste-cleanup/content/tampa-fire-rescue-training-center","suspected_source_link":"https://floridadep.gov/waste/waste-cleanup/content/fire-training-facility-preliminary-site-assessments","pfas_testing_link":"https://drive.google.com/file/d/1ztXYRZbTB-1UzL3m6hCvIGPrKjUSHXHX/view?usp=sharing","site_ref_link":null,"state_ref_link":null,"ObjectId":2804}},{"type":"Feature","id":2805,"geometry":{"type":"Point","coordinates":[-82.392221,27.771086]},"properties":{"site_name":"Touch of Class","other_site_names":null,"state":"Florida","industry":"Dry Cleaner","matrix_type":"Groundwater","matrix":"Groundwater","year":2019,"pfoa":"28","pfos":"18","total_pfas":173,"pfas_level":173,"notes":null,"regulation_gvt_link":null,"resources_link":"https://prodenv.dep.state.fl.us/DepNexus/public/electronic-documents/\t\nERIC_4697/facility!search","suspected_source_link":"https://floridadep.gov/waste/waste-cleanup/content/drycleaning-solvent-cleanup-program-state-funded-pfas-sampling-efforts","pfas_testing_link":"https://drive.google.com/file/d/10KM0bMNBh0zwke9QJevqHgXuqNG4FgHe/view?usp=sharing","site_ref_link":null,"state_ref_link":null,"ObjectId":2805}},{"type":"Feature","id":2806,"geometry":{"type":"Point","coordinates":[-82.187805,28.364234]},"properties":{"site_name":"Iron Mike's Cleaners ","other_site_names":null,"state":"Florida","industry":"Dry Cleaner","matrix_type":"Groundwater","matrix":"Groundwater","year":2019,"pfoa":"55","pfos":"29","total_pfas":280,"pfas_level":280,"notes":null,"regulation_gvt_link":null,"resources_link":"https://prodenv.dep.state.fl.us/DepNexus/public/electronic-documents/ERIC_5240/facility!search","suspected_source_link":"https://floridadep.gov/waste/waste-cleanup/content/drycleaning-solvent-cleanup-program-state-funded-pfas-sampling-efforts","pfas_testing_link":"https://drive.google.com/file/d/10KM0bMNBh0zwke9QJevqHgXuqNG4FgHe/view?usp=sharing","site_ref_link":null,"state_ref_link":null,"ObjectId":2806}},{"type":"Feature","id":2807,"geometry":{"type":"Point","coordinates":[-87.250018,30.41164]},"properties":{"site_name":"Vick's Cleaners","other_site_names":null,"state":"Florida","industry":"Dry Cleaner","matrix_type":"Groundwater","matrix":"Groundwater","year":2019,"pfoa":"25","pfos":"8","total_pfas":112,"pfas_level":112,"notes":null,"regulation_gvt_link":null,"resources_link":"https://prodenv.dep.state.fl.us/DepNexus/public/electronic-documents/ERIC_4650/facility!search","suspected_source_link":"https://floridadep.gov/waste/waste-cleanup/content/drycleaning-solvent-cleanup-program-state-funded-pfas-sampling-efforts","pfas_testing_link":"https://drive.google.com/file/d/10KM0bMNBh0zwke9QJevqHgXuqNG4FgHe/view?usp=sharing","site_ref_link":null,"state_ref_link":null,"ObjectId":2807}},{"type":"Feature","id":2808,"geometry":{"type":"Point","coordinates":[-81.153602,29.146709]},"properties":{"site_name":"Volusia County Fire Rescue Training Center","other_site_names":null,"state":"Florida","industry":"Fire Department/Training Facility","matrix_type":"Groundwater","matrix":"Groundwater","year":2019,"pfoa":"1600","pfos":"34000","total_pfas":null,"pfas_level":34000,"notes":null,"regulation_gvt_link":null,"resources_link":"https://floridadep.gov/waste/waste-cleanup/content/volusia-county-fire-rescue-training-center","suspected_source_link":"https://floridadep.gov/waste/waste-cleanup/content/fire-training-facility-preliminary-site-assessments","pfas_testing_link":"https://drive.google.com/file/d/1N-zPwoFzjip7TaeyOfbnW8HqCcK1XvAy/view?usp=sharing","site_ref_link":null,"state_ref_link":null,"ObjectId":2808}},{"type":"Feature","id":2925,"geometry":{"type":"Point","coordinates":[-87.281579,30.408502]},"properties":{"site_name":"Corry Station","other_site_names":null,"state":"Florida","industry":"Military","matrix_type":"Groundwater","matrix":"Groundwater","year":2018,"pfoa":"130","pfos":"2900","total_pfas":null,"pfas_level":2900,"notes":null,"regulation_gvt_link":null,"resources_link":null,"suspected_source_link":"https://www.navfac.navy.mil/products_and_services/ev/products_and_services/env_restoration/pfas_reading_room.html","pfas_testing_link":"https://drive.google.com/file/d/1LiBONSLZ7lFI2zQlxBwOiHNH7-4In-Nj/view?usp=sharing","site_ref_link":"https://drive.google.com/drive/u/0/folders/1lb_Z4lFAR51QehUGMOxHEZuXpHO2y8QS","state_ref_link":null,"ObjectId":2925}},{"type":"Feature","id":2926,"geometry":{"type":"Point","coordinates":[-80.383783,25.489224]},"properties":{"site_name":"Homestead Air Reserve Base","other_site_names":"Homestead Air Force Base","state":"Florida","industry":"Military","matrix_type":"Groundwater","matrix":"Groundwater","year":2019,"pfoa":"3100","pfos":"9700","total_pfas":null,"pfas_level":9700,"notes":null,"regulation_gvt_link":null,"resources_link":null,"suspected_source_link":"https://ar.afcec-cloud.af.mil/Search.aspx","pfas_testing_link":"https://drive.google.com/file/d/13vInc5dur_MfHNHTqeT3H80sJqcCQmLx/view?usp=sharing","site_ref_link":null,"state_ref_link":null,"ObjectId":2926}},{"type":"Feature","id":2928,"geometry":{"type":"Point","coordinates":[-81.872663,30.217832]},"properties":{"site_name":"Naval Air Station Cecil Field","other_site_names":"USN Air Station Cecil Field","state":"Florida","industry":"Military","matrix_type":"Groundwater","matrix":"Groundwater","year":2018,"pfoa":"9","pfos":"140","total_pfas":null,"pfas_level":140,"notes":null,"regulation_gvt_link":null,"resources_link":null,"suspected_source_link":"https://www.navfac.navy.mil/products_and_services/ev/products_and_services/env_restoration/pfas_reading_room.html","pfas_testing_link":"https://drive.google.com/file/d/1qGDaZ3UTjAm71h-KzySM7r60nZHqY7Jv/view?usp=sharing","site_ref_link":"https://drive.google.com/drive/u/0/folders/1VpyqWpVI9T6_z08NpzJjjXr9U9wvTsV3","state_ref_link":null,"ObjectId":2928}},{"type":"Feature","id":2929,"geometry":{"type":"Point","coordinates":[-81.327888,28.564046]},"properties":{"site_name":"NTC Orlando","other_site_names":null,"state":"Florida","industry":"Military","matrix_type":"Groundwater","matrix":"Groundwater","year":2018,"pfoa":"140","pfos":"85","total_pfas":null,"pfas_level":140,"notes":"Base has been converted https://www.epa.gov/fedfac/naval-training-center-orlando-site-spotlight","regulation_gvt_link":null,"resources_link":null,"suspected_source_link":"https://www.navfac.navy.mil/products_and_services/ev/products_and_services/env_restoration/pfas_reading_room.html","pfas_testing_link":"https://drive.google.com/file/d/1_5mXdUJdCC9TPFb-3MgOjY6yFBV87mfI/view?usp=sharing","site_ref_link":"https://drive.google.com/drive/u/0/folders/1Rk0NgkjofKvuQ2G9ggGMwI_WdJEC7dA5","state_ref_link":null,"ObjectId":2929}},{"type":"Feature","id":2930,"geometry":{"type":"Point","coordinates":[-87.338399,30.470573]},"properties":{"site_name":"Saufley Field","other_site_names":null,"state":"Florida","industry":"Military","matrix_type":"Groundwater","matrix":"Groundwater","year":null,"pfoa":"89410","pfos":"30598","total_pfas":null,"pfas_level":89410,"notes":null,"regulation_gvt_link":null,"resources_link":null,"suspected_source_link":null,"pfas_testing_link":"https://www.agri-pulse.com/ext/resources/pdfs/congress/STATUS-OF-NOTIFICATIONS-TO-AGRICULTURAL-OPERATIONS-PURSUANT-TO-SECTION-335-OF-THE-FISCAL-YEAR-2021-NATIONAL-DEFENSE-AUTHORIZATION-ACT-1.pdf","site_ref_link":null,"state_ref_link":null,"ObjectId":2930}},{"type":"Feature","id":3242,"geometry":{"type":"Point","coordinates":[-80.945448,28.685031]},"properties":{"site_name":"Mims Water Treatment Facility","other_site_names":"John D. Wright Memorial (North Brevard) Wastewater Treatment Facility","state":"Florida","industry":"WWTP","matrix_type":"Other Water","matrix":"Wastewater","year":2023,"pfoa":null,"pfos":null,"total_pfas":13,"pfas_level":13,"notes":"Sludge plant that treats domestic wastewater","regulation_gvt_link":null,"resources_link":"https://www.floridatoday.com/story/news/2023/08/28/forever-chemicals-turn-up-in-mims-and-titusville-drinking-water/70640205007/","suspected_source_link":"https://www.floridatoday.com/story/news/2023/08/28/forever-chemicals-turn-up-in-mims-and-titusville-drinking-water/70640205007/","pfas_testing_link":"https://www.floridatoday.com/story/news/2023/08/28/forever-chemicals-turn-up-in-mims-and-titusville-drinking-water/70640205007/","site_ref_link":"https://drive.google.com/drive/u/0/folders/1-C2_KXy-wTk_ErNnqA-mKVlQAgI31i-4","state_ref_link":"https://drive.google.com/drive/u/0/folders/1HJI6U11sAh3Oi9BLz8uJM5Uu9-sTQ0j8","ObjectId":3242}}]}