{"type":"FeatureCollection","crs":{"type":"name","properties":{"name":"EPSG:4326"}},"features":[{"type":"Feature","id":3,"geometry":{"type":"Point","coordinates":[-76.21024,43.09029]},"properties":{"site_name":"Onondaga Lake","other_site_names":null,"state":"New York","industry":"Industry","matrix_type":"Surface Water","matrix":"Surface Water","year":2006,"pfoa":"64","pfos":"1,090","total_pfas":null,"pfas_level":1090,"notes":"Sampling data comes from peer-reviewed source published in 2006","regulation_gvt_link":null,"resources_link":"https://cumulis.epa.gov/supercpad/SiteProfiles/index.cfm?fuseaction=second.docdata&id=0203382","suspected_source_link":"https://www.epw.senate.gov/public/index.cfm/superfund-sites-identified-by-epa-to-have-pfas-contamination","pfas_testing_link":"https://link.springer.com/article/10.1007/s00244-005-1188-z#Tab2","site_ref_link":null,"state_ref_link":null,"ObjectId":3}},{"type":"Feature","id":68,"geometry":{"type":"Point","coordinates":[-74.079426,41.494559]},"properties":{"site_name":"New Windsor Landfill","other_site_names":null,"state":"New York","industry":"Military","matrix_type":"Groundwater","matrix":"Groundwater","year":2016,"pfoa":"40","pfos":"50","total_pfas":207,"pfas_level":207,"notes":"AFFF used at Stewart Air National Guard Base / Stewart International Airport","regulation_gvt_link":"N/A","resources_link":"https://www.dec.ny.gov/chemical/108831.html","suspected_source_link":"https://www.recordonline.com/news/20190502/new-windsor-closing-wells-after-toxic-chemicals-found","pfas_testing_link":null,"site_ref_link":"https://drive.google.com/drive/u/0/folders/1lp-Vg9gQLEFORUwhxfrw4HGxQkrBcEZt","state_ref_link":"https://drive.google.com/drive/u/1/folders/1Yla_380Qxjf4iLAK34ajtSEXmM8gBJ9P","ObjectId":68}},{"type":"Feature","id":83,"geometry":{"type":"Point","coordinates":[-74.082719,41.502125]},"properties":{"site_name":"Stewart Air National Guard Base","other_site_names":"Stewart International Airport","state":"New York","industry":"Military","matrix_type":"Groundwater","matrix":"Groundwater","year":2016,"pfoa":"220","pfos":"5,900","total_pfas":6773,"pfas_level":6773,"notes":"AFFF used at Stewart Air National Guard Base / Stewart International Airport","regulation_gvt_link":"N/A","resources_link":"https://www.cityofnewburgh-ny.gov/water-department/pages/2016-pfos-contamination-water-crisis-update\n\nhttp://www.dec.ny.gov/chemical/108825.html","suspected_source_link":"http://www.cbsnews.com/news/water-pfos-contamination-scare-hits-newburgh-new-york/","pfas_testing_link":"https://drive.google.com/file/d/1E__ASqCx5wr5t-8QdchoE-v0Q6lKPjBl/view?usp=sharing","site_ref_link":"https://drive.google.com/drive/u/0/folders/175ZyX1pDNWrQIGZCEmIJjgEoIiz1nyHc","state_ref_link":"https://drive.google.com/drive/u/1/folders/1Yla_380Qxjf4iLAK34ajtSEXmM8gBJ9P","ObjectId":83}},{"type":"Feature","id":136,"geometry":{"type":"Point","coordinates":[-72.526706,40.877069]},"properties":{"site_name":"Hampton Bays Fire Station","other_site_names":null,"state":"New York","industry":"Fire Department/Training Facility","matrix_type":"Groundwater","matrix":"Groundwater","year":2018,"pfoa":null,"pfos":"2,400","total_pfas":2400,"pfas_level":2400,"notes":"AFFF used at Hampton Bays Fire Station","regulation_gvt_link":"N/A","resources_link":"https://www.dec.ny.gov/data/der/factsheet/152249riwpeng.pdf","suspected_source_link":"https://www.nrdc.org/experts/joan-leary-matthews/undrinkable-water-hampton-bays-ny-edition","pfas_testing_link":null,"site_ref_link":"https://drive.google.com/drive/u/1/folders/1OQHUOrhleHTwsoUaTm3OiNYyaNeLanG8","state_ref_link":"https://drive.google.com/drive/u/1/folders/1Yla_380Qxjf4iLAK34ajtSEXmM8gBJ9P","ObjectId":136}},{"type":"Feature","id":202,"geometry":{"type":"Point","coordinates":[-72.9189,40.812082]},"properties":{"site_name":"Suffolk County Firematics Training Facility","other_site_names":null,"state":"New York","industry":"Fire Department/Training Facility","matrix_type":"Groundwater","matrix":"Groundwater","year":2017,"pfoa":"330","pfos":"3,520","total_pfas":5610,"pfas_level":5610,"notes":"AFFF used at Suffolk County Firematics Training Facility","regulation_gvt_link":"https://www.suffolkcountyny.gov/Departments/Health-Services/Environmental-Quality/Groundwater-Quality-in-Yaphank","resources_link":"https://www.suffolkcountyny.gov/Departments/Health-Services/Environmental-Quality/Groundwater-Quality-in-Yaphank","suspected_source_link":"https://patch.com/new-york/westhampton-hamptonbays/toxic-pfas-chemical-found-long-island-here-s-where","pfas_testing_link":"N/A","site_ref_link":"https://drive.google.com/drive/u/1/folders/1Pw_YyB7LoSyOD4UXj86GrkjBwjiUmclI","state_ref_link":"https://drive.google.com/drive/u/1/folders/1Yla_380Qxjf4iLAK34ajtSEXmM8gBJ9P","ObjectId":202}},{"type":"Feature","id":209,"geometry":{"type":"Point","coordinates":[-75.748778,44.058048]},"properties":{"site_name":"Fort Drum","other_site_names":null,"state":"New York","industry":"Military","matrix_type":"Groundwater","matrix":"Groundwater","year":2017,"pfoa":null,"pfos":null,"total_pfas":null,"pfas_level":15000,"notes":"AFFF used at Fort Drum","regulation_gvt_link":"N/A","resources_link":"https://home.army.mil/drum/application/files/8615/5535/5022/2018_Fort_Drum_AWQR.pdf","suspected_source_link":"https://drive.google.com/file/d/1EUMAiROzk8OxvPAWubv0xGGH9zI6mw4d/view?usp=drive_link ","pfas_testing_link":"https://home.army.mil/drum/application/files/8615/5535/5022/2018_Fort_Drum_AWQR.pdf","site_ref_link":"https://drive.google.com/drive/u/1/folders/1d8_JvA_1p8m7b-d70TaKFZ_0KXQBSX04","state_ref_link":"https://drive.google.com/drive/u/1/folders/1Yla_380Qxjf4iLAK34ajtSEXmM8gBJ9P","ObjectId":209}},{"type":"Feature","id":221,"geometry":{"type":"Point","coordinates":[-75.405111,43.22584]},"properties":{"site_name":"Former Griffiss Air Force Base","other_site_names":"Griffiss Air Force Base (11 Areas)","state":"New York","industry":"Military","matrix_type":"Groundwater","matrix":"Groundwater","year":2017,"pfoa":null,"pfos":null,"total_pfas":67077,"pfas_level":67077,"notes":"AFFF used at Former Griffiss Air Force Base","regulation_gvt_link":"https://cumulis.epa.gov/supercpad/SiteProfiles/index.cfm?fuseaction=second.cleanup&id=0202438","resources_link":"https://ar.cce.af.mil/Search","suspected_source_link":"https://drive.google.com/file/d/1EUMAiROzk8OxvPAWubv0xGGH9zI6mw4d/view?usp=drive_link ","pfas_testing_link":"https://www.dec.ny.gov/data/DecDocs/633006/Report.HW.633006.2017-04-28.DRAFT%20SITE%20INSPECTION%20REPORT%20FOR%20AQUEOUS%20FILM%20FORMING%20FOAM%20(AFFF)%20AREAS.pdf","site_ref_link":"https://drive.google.com/drive/u/1/folders/15lmpR24dL4_O4Wd3JRVIFDvPpoEIFr56","state_ref_link":"https://drive.google.com/drive/u/1/folders/1Yla_380Qxjf4iLAK34ajtSEXmM8gBJ9P","ObjectId":221}},{"type":"Feature","id":226,"geometry":{"type":"Point","coordinates":[-76.872096,42.765189]},"properties":{"site_name":"Seneca Army Ammunition Plant (Depot)","other_site_names":"Seneca Army Depot","state":"New York","industry":"Military","matrix_type":"Groundwater","matrix":"Groundwater","year":2017,"pfoa":null,"pfos":null,"total_pfas":null,"pfas_level":89000,"notes":"AFFF used at, or industrial emissions from Seneca Army Ammunition Plant","regulation_gvt_link":"https://cumulis.epa.gov/supercpad/SiteProfiles/index.cfm?fuseaction=second.cleanup&id=0202425","resources_link":"https://cumulis.epa.gov/supercpad/cursites/csitinfo.cfm?id=0202425","suspected_source_link":"https://drive.google.com/file/d/1EUMAiROzk8OxvPAWubv0xGGH9zI6mw4d/view?usp=drive_link ","pfas_testing_link":"N/A","site_ref_link":"https://drive.google.com/drive/u/1/folders/13famj5c7YjnCwp_CasTacxmNBxZndf7p","state_ref_link":"https://drive.google.com/drive/u/1/folders/1S7TxvbgEeIga6RhHP0qHd0Wdt4ebhZVO","ObjectId":226}},{"type":"Feature","id":269,"geometry":{"type":"Point","coordinates":[-76.813644,42.140281]},"properties":{"site_name":"Horsehead Training Site","other_site_names":null,"state":"New York","industry":"Military","matrix_type":"Other Water","matrix":"Drinking Water","year":2018,"pfoa":null,"pfos":null,"total_pfas":1,"pfas_level":1,"notes":null,"regulation_gvt_link":null,"resources_link":null,"suspected_source_link":"https://drive.google.com/file/d/1g1t60FsMLcfluvkLqorqlbsHnkF_rNZw/view?usp=sharing","pfas_testing_link":"https://drive.google.com/file/d/1g1t60FsMLcfluvkLqorqlbsHnkF_rNZw/view?usp=sharing","site_ref_link":"https://drive.google.com/drive/u/0/folders/17vc5JX3Gvo92Bih-kg-GABnBbExIJhXg","state_ref_link":"https://drive.google.com/drive/u/1/folders/1Yla_380Qxjf4iLAK34ajtSEXmM8gBJ9P","ObjectId":269}},{"type":"Feature","id":284,"geometry":{"type":"Point","coordinates":[-73.559781,40.752446]},"properties":{"site_name":"NEW CASSEL/HICKSVILLE GROUND WATER CONTAMINATION","other_site_names":null,"state":"New York","industry":"Industry","matrix_type":"Groundwater","matrix":"Groundwater","year":2018,"pfoa":"2","pfos":"1","total_pfas":null,"pfas_level":2,"notes":"Former DOE contractor, Sylvania nuclear production facility ","regulation_gvt_link":null,"resources_link":null,"suspected_source_link":"https://cumulis.epa.gov/supercpad/SiteProfiles/index.cfm?fuseaction=second.Cleanup&id=0203974#bkground","pfas_testing_link":"https://drive.google.com/file/d/1d7N5a5rhQFh5D9VPs7qI1CLlX0uM_SqS/view?usp=drive_link","site_ref_link":null,"state_ref_link":null,"ObjectId":284}},{"type":"Feature","id":313,"geometry":{"type":"Point","coordinates":[-76.829169,42.1325]},"properties":{"site_name":"Facet Enterprises, Inc.","other_site_names":null,"state":"New York","industry":"Industry","matrix_type":"Groundwater","matrix":"Groundwater","year":2018,"pfoa":"3","pfos":"41","total_pfas":null,"pfas_level":41,"notes":null,"regulation_gvt_link":null,"resources_link":null,"suspected_source_link":"https://cumulis.epa.gov/supercpad/SiteProfiles/index.cfm?fuseaction=second.Cleanup&id=0201604#bkground","pfas_testing_link":"https://semspub.epa.gov/work/02/609938.pdf","site_ref_link":"https://drive.google.com/file/d/1IdX-cp1kojf1rRFH9FStt6hIn3X7bYiY/view?usp=drive_link","state_ref_link":"https://drive.google.com/drive/folders/1sltlDu105VOjR5fdgjrT1B-wnQHSJq48?usp=drive_link","ObjectId":313}},{"type":"Feature","id":327,"geometry":{"type":"Point","coordinates":[-73.0647,40.7745]},"properties":{"site_name":"Goldisc Recordings, Inc.","other_site_names":null,"state":"New York","industry":"Industry","matrix_type":"Groundwater","matrix":"Groundwater","year":2018,"pfoa":"50","pfos":"41","total_pfas":null,"pfas_level":50,"notes":null,"regulation_gvt_link":null,"resources_link":null,"suspected_source_link":"https://cumulis.epa.gov/supercpad/SiteProfiles/index.cfm?fuseaction=second.Cleanup&id=0202239#bkground","pfas_testing_link":"https://semspub.epa.gov/work/02/642121.pdf","site_ref_link":"https://drive.google.com/drive/folders/1djsPRFjvSwnnmsP5b9M4ExDL4NzwF_kT?usp=drive_link","state_ref_link":"https://drive.google.com/drive/folders/1sltlDu105VOjR5fdgjrT1B-wnQHSJq48?usp=drive_link","ObjectId":327}},{"type":"Feature","id":335,"geometry":{"type":"Point","coordinates":[-74.017595,41.375541]},"properties":{"site_name":"West Point Military Reservation","other_site_names":"West Point Range Opperations ","state":"New York","industry":"Military","matrix_type":"Other Water","matrix":"Drinking Water","year":2018,"pfoa":null,"pfos":null,"total_pfas":55,"pfas_level":55,"notes":null,"regulation_gvt_link":null,"resources_link":null,"suspected_source_link":null,"pfas_testing_link":"https://cdn3.ewg.org/sites/default/files/u352/EWG_PFASTable-Army_C01.pdf","site_ref_link":"https://drive.google.com/drive/u/0/folders/17vc5JX3Gvo92Bih-kg-GABnBbExIJhXg","state_ref_link":"https://drive.google.com/drive/u/1/folders/1Yla_380Qxjf4iLAK34ajtSEXmM8gBJ9P","ObjectId":335}},{"type":"Feature","id":351,"geometry":{"type":"Point","coordinates":[-73.448889,40.72625]},"properties":{"site_name":"Liberty Industrial Finishing","other_site_names":null,"state":"New York","industry":"Industry","matrix_type":"Groundwater","matrix":"Groundwater","year":2018,"pfoa":"21","pfos":"43","total_pfas":null,"pfas_level":63,"notes":null,"regulation_gvt_link":null,"resources_link":"https://cumulis.epa.gov/supercpad/SiteProfiles/index.cfm?fuseaction=second.cleanup&id=0201184","suspected_source_link":"https://cumulis.epa.gov/supercpad/SiteProfiles/index.cfm?fuseaction=second.Cleanup&id=0201184#bkground","pfas_testing_link":"https://semspub.epa.gov/work/02/609942.pdf","site_ref_link":"https://drive.google.com/drive/folders/1jlGtwVINDOex0npLfm3NRnkXB3a1Dudz?usp=drive_link","state_ref_link":"https://drive.google.com/drive/folders/1sltlDu105VOjR5fdgjrT1B-wnQHSJq48?usp=drive_link","ObjectId":351}},{"type":"Feature","id":364,"geometry":{"type":"Point","coordinates":[-73.4253,40.7158]},"properties":{"site_name":"Preferred Plating Corp. ","other_site_names":null,"state":"New York","industry":"Industry","matrix_type":"Groundwater","matrix":"Groundwater","year":2018,"pfoa":"32","pfos":"43","total_pfas":75,"pfas_level":75,"notes":null,"regulation_gvt_link":"https://semspub.epa.gov/work/02/609933.pdf","resources_link":"https://cumulis.epa.gov/supercpad/cursites/csitinfo.cfm?id=0202245","suspected_source_link":"https://cumulis.epa.gov/supercpad/cursites/csitinfo.cfm?id=0202245","pfas_testing_link":"https://semspub.epa.gov/work/02/609933.pdf","site_ref_link":"https://drive.google.com/drive/u/0/folders/1QC0JEnCxwj8AHwgm9ItkZ6vGWhuUsc2X","state_ref_link":"https://drive.google.com/drive/u/0/folders/1sltlDu105VOjR5fdgjrT1B-wnQHSJq48","ObjectId":364}},{"type":"Feature","id":390,"geometry":{"type":"Point","coordinates":[-73.499319,40.758445]},"properties":{"site_name":"Naval Weapons Industrial Reserve Plant Bethpage","other_site_names":null,"state":"New York","industry":"Military","matrix_type":"Groundwater","matrix":"Groundwater","year":2018,"pfoa":"96","pfos":"30","total_pfas":null,"pfas_level":107,"notes":null,"regulation_gvt_link":null,"resources_link":null,"suspected_source_link":"https://www.navfac.navy.mil/products_and_services/ev/products_and_services/env_restoration/pfas_reading_room.html","pfas_testing_link":"https://drive.google.com/file/d/1-mNh4ipXnrGoiFAR06fE3r4kdG8fragb/view?usp=sharing","site_ref_link":"https://drive.google.com/drive/u/0/folders/1K69wEiHHoyQsr7DXlN8B6IfdEttdfvFB","state_ref_link":null,"ObjectId":390}},{"type":"Feature","id":394,"geometry":{"type":"Point","coordinates":[-73.941693,41.299324]},"properties":{"site_name":"Camp Smith","other_site_names":null,"state":"New York","industry":"Military","matrix_type":"Other Water","matrix":"Drinking Water","year":2018,"pfoa":"4","pfos":"51","total_pfas":113,"pfas_level":113,"notes":null,"regulation_gvt_link":null,"resources_link":null,"suspected_source_link":"https://drive.google.com/file/d/1g1t60FsMLcfluvkLqorqlbsHnkF_rNZw/view?usp=sharing","pfas_testing_link":"https://drive.google.com/file/d/1g1t60FsMLcfluvkLqorqlbsHnkF_rNZw/view?usp=sharing","site_ref_link":"https://drive.google.com/drive/u/0/folders/17vc5JX3Gvo92Bih-kg-GABnBbExIJhXg","state_ref_link":"https://drive.google.com/drive/u/1/folders/1Yla_380Qxjf4iLAK34ajtSEXmM8gBJ9P","ObjectId":394}},{"type":"Feature","id":400,"geometry":{"type":"Point","coordinates":[-73.6,41.401669]},"properties":{"site_name":"Brewster Well Field","other_site_names":null,"state":"New York","industry":"Industry","matrix_type":"Groundwater","matrix":"Groundwater","year":2018,"pfoa":"28","pfos":"98","total_pfas":null,"pfas_level":126,"notes":null,"regulation_gvt_link":null,"resources_link":null,"suspected_source_link":"https://cumulis.epa.gov/supercpad/SiteProfiles/index.cfm?fuseaction=second.Cleanup&id=0202153#bkground","pfas_testing_link":"https://semspub.epa.gov/work/02/609924.pdf","site_ref_link":"https://drive.google.com/drive/folders/1fyS_JHnrVsVP3KAIDoq5N4W3GMYGfgAL?usp=drive_link","state_ref_link":"https://drive.google.com/drive/folders/1sltlDu105VOjR5fdgjrT1B-wnQHSJq48?usp=drive_link","ObjectId":400}},{"type":"Feature","id":475,"geometry":{"type":"Point","coordinates":[-73.447219,40.756939]},"properties":{"site_name":"Old Bethpage Landfill","other_site_names":null,"state":"New York","industry":"Waste","matrix_type":"Groundwater","matrix":"Groundwater","year":2017,"pfoa":"320","pfos":"143","total_pfas":null,"pfas_level":463,"notes":null,"regulation_gvt_link":null,"resources_link":"https://cumulis.epa.gov/supercpad/SiteProfiles/index.cfm?fuseaction=second.cleanup&id=0201951","suspected_source_link":"https://cumulis.epa.gov/supercpad/SiteProfiles/index.cfm?fuseaction=second.Cleanup&id=0201951#bkground","pfas_testing_link":"https://semspub.epa.gov/work/02/609946.pdf","site_ref_link":"https://drive.google.com/drive/folders/1-W1mL7IKANJUOeXu9EOhBR2imjSuLs8n?usp=drive_link","state_ref_link":"https://drive.google.com/drive/folders/1sltlDu105VOjR5fdgjrT1B-wnQHSJq48?usp=drive_link","ObjectId":475}},{"type":"Feature","id":478,"geometry":{"type":"Point","coordinates":[-73.730154,42.806609]},"properties":{"site_name":"Colonie Landfill","other_site_names":null,"state":"New York","industry":"Landfill","matrix_type":"Other Water","matrix":"Surface Water","year":2017,"pfoa":"519","pfos":null,"total_pfas":null,"pfas_level":519,"notes":null,"regulation_gvt_link":null,"resources_link":null,"suspected_source_link":"https://mohawk.substack.com/p/leaking-landfill","pfas_testing_link":"https://drive.google.com/drive/u/1/folders/1RxzpwMupCq9WiAltScZdFV9eOskFNJVC","site_ref_link":"https://drive.google.com/drive/u/1/folders/1RxzpwMupCq9WiAltScZdFV9eOskFNJVC","state_ref_link":"https://drive.google.com/drive/u/1/folders/1sltlDu105VOjR5fdgjrT1B-wnQHSJq48","ObjectId":478}},{"type":"Feature","id":486,"geometry":{"type":"Point","coordinates":[-75.590641,43.126261]},"properties":{"site_name":"DFSP Verona","other_site_names":null,"state":"New York","industry":"Military","matrix_type":"Groundwater","matrix":"Groundwater","year":2017,"pfoa":null,"pfos":null,"total_pfas":null,"pfas_level":1300,"notes":"AFFF used at DFSP Verona","regulation_gvt_link":"N/A","resources_link":"https://www.dec.ny.gov/chemical/108831.html","suspected_source_link":"https://drive.google.com/file/d/1EUMAiROzk8OxvPAWubv0xGGH9zI6mw4d/view?usp=drive_link ","pfas_testing_link":"N/A","site_ref_link":"https://drive.google.com/drive/u/1/folders/1JMAyOlMPJ-YOx11t8u0cMymYlu_8h0lq","state_ref_link":"https://drive.google.com/drive/folders/1sltlDu105VOjR5fdgjrT1B-wnQHSJq48","ObjectId":486}},{"type":"Feature","id":496,"geometry":{"type":"Point","coordinates":[-72.791955,40.915154]},"properties":{"site_name":"Naval Weapons Industrial Reserve Plant, Calverton","other_site_names":null,"state":"New York","industry":"Military","matrix_type":"Groundwater","matrix":"Groundwater","year":2017,"pfoa":null,"pfos":null,"total_pfas":null,"pfas_level":2700,"notes":"AFFF used at Naval Weapons Industrial Reserve Plant, Calverton","regulation_gvt_link":"https://www.navfac.navy.mil/products_and_services/ev/products_and_services/env_restoration/installation_map/navfac_atlantic/midlant/calverton.html","resources_link":"https://www.navfac.navy.mil/products_and_services/ev/products_and_services/env_restoration/installation_map/navfac_atlantic/midlant/calverton/pfas.html","suspected_source_link":"https://drive.google.com/file/d/1EUMAiROzk8OxvPAWubv0xGGH9zI6mw4d/view?usp=drive_link ","pfas_testing_link":"N/A","site_ref_link":"https://drive.google.com/drive/u/1/folders/11zXVbppZmJxvqdmVOhR1TTCyXPhd7-eP","state_ref_link":"https://drive.google.com/drive/u/0/folders/1sltlDu105VOjR5fdgjrT1B-wnQHSJq48","ObjectId":496}},{"type":"Feature","id":594,"geometry":{"type":"Point","coordinates":[-73.205278,40.788889]},"properties":{"site_name":"Mackenzie Chemical Works","other_site_names":null,"state":"New York","industry":"Industry","matrix_type":"Groundwater","matrix":"Groundwater","year":2018,"pfoa":"29","pfos":null,"total_pfas":null,"pfas_level":29,"notes":null,"regulation_gvt_link":null,"resources_link":"https://cumulis.epa.gov/supercpad/SiteProfiles/index.cfm?fuseaction=second.cleanup&id=0202187","suspected_source_link":"https://cumulis.epa.gov/supercpad/SiteProfiles/index.cfm?fuseaction=second.Cleanup&id=0202187#bkground","pfas_testing_link":"https://semspub.epa.gov/work/02/609919.pdf","site_ref_link":"https://drive.google.com/drive/folders/1Czx4OIRO6m8q2veBJs3H2XECNdsUb1eM?usp=drive_link","state_ref_link":"https://drive.google.com/drive/folders/1sltlDu105VOjR5fdgjrT1B-wnQHSJq48?usp=drive_link","ObjectId":594}},{"type":"Feature","id":624,"geometry":{"type":"Point","coordinates":[-73.921473,42.851833]},"properties":{"site_name":"Schenectady Air National Guard Base","other_site_names":null,"state":"New York","industry":"Military","matrix_type":"Groundwater","matrix":"Groundwater","year":2018,"pfoa":"310","pfos":"5,200","total_pfas":8180,"pfas_level":8180,"notes":null,"regulation_gvt_link":null,"resources_link":null,"suspected_source_link":"https://ar.afcec-cloud.af.mil/Search.aspx","pfas_testing_link":"https://drive.google.com/file/d/1TgdfMhaCqRIAxsdufUgRT4CQU4_V0YLB/view?usp=sharing","site_ref_link":null,"state_ref_link":null,"ObjectId":624}},{"type":"Feature","id":636,"geometry":{"type":"Point","coordinates":[-73.708664,41.068333]},"properties":{"site_name":"Westchester County Airport","other_site_names":null,"state":"New York","industry":"Airport","matrix_type":"Groundwater","matrix":"Groundwater","year":2018,"pfoa":null,"pfos":null,"total_pfas":null,"pfas_level":14940,"notes":"AFFF used at Westchester County Airport","regulation_gvt_link":"N/A","resources_link":"http://crcairport.org/wp-content/uploads/2018/01/letter.VCP_.V00499.V00611.2017-08-18.WCA_Followup_PFCs.pdf","suspected_source_link":"http://crcairport.org/wp-content/uploads/2018/01/letter.VCP_.V00499.V00611.2017-08-18.WCA_Followup_PFCs.pdf   ","pfas_testing_link":"N/A","site_ref_link":"https://drive.google.com/drive/u/1/folders/13FLgWN0x0W8gqLvo64C4XgST8RdyYR9o","state_ref_link":"https://drive.google.com/drive/u/1/folders/1Yla_380Qxjf4iLAK34ajtSEXmM8gBJ9P","ObjectId":636}},{"type":"Feature","id":648,"geometry":{"type":"Point","coordinates":[-73.357153,42.917924]},"properties":{"site_name":"Hoosick Falls Landfill","other_site_names":null,"state":"New York","industry":"Landfill","matrix_type":"Groundwater","matrix":"Groundwater","year":2018,"pfoa":"25,000","pfos":null,"total_pfas":26232,"pfas_level":26232,"notes":"https://hoosickareacpwg.org/#overview","regulation_gvt_link":null,"resources_link":"https://www.dec.ny.gov/cfmx/extapps/derexternal/haz/details.cfm?ProgNo=442007","suspected_source_link":"https://www.dec.ny.gov/chemical/108791.html","pfas_testing_link":"https://www.dec.ny.gov/docs/remediation_hudson_pdf/hflscrappept1.pdf","site_ref_link":"https://drive.google.com/drive/u/0/folders/1DifDALn_wCM_1Az-CZXphjTepIEQ6jrD","state_ref_link":"https://drive.google.com/drive/u/1/folders/1Yla_380Qxjf4iLAK34ajtSEXmM8gBJ9P","ObjectId":648}},{"type":"Feature","id":688,"geometry":{"type":"Point","coordinates":[-76.104578,43.102361]},"properties":{"site_name":"Hancock Field Air National Guard Base","other_site_names":null,"state":"New York","industry":"Military","matrix_type":"Groundwater","matrix":"Groundwater","year":2018,"pfoa":"9,500","pfos":"130,000","total_pfas":177500,"pfas_level":177500,"notes":"AFFF used at Hancock Field Air National Guard Base","regulation_gvt_link":"N/A","resources_link":"http://afcec.publicadmin-record.us.af.mil/","suspected_source_link":"https://ar.afcec-cloud.af.mil/Search.aspx","pfas_testing_link":"https://drive.google.com/file/d/1qNmonYjOOSOyzNY2LDEHxE8TCSARLBSG/view?usp=sharing","site_ref_link":"https://drive.google.com/drive/u/0/folders/1xR3kwFn_KpiXVcZFpwa6sIZVJVtj97tJ","state_ref_link":"https://drive.google.com/drive/u/1/folders/1Yla_380Qxjf4iLAK34ajtSEXmM8gBJ9P","ObjectId":688}},{"type":"Feature","id":743,"geometry":{"type":"Point","coordinates":[-73.666661,40.81805]},"properties":{"site_name":"Port Washington Landfill","other_site_names":null,"state":"New York","industry":"Waste","matrix_type":"Groundwater","matrix":"Groundwater","year":2018,"pfoa":"58","pfos":"56","total_pfas":265,"pfas_level":265,"notes":null,"regulation_gvt_link":"https://semspub.epa.gov/work/02/704680.pdf","resources_link":"https://cumulis.epa.gov/supercpad/cursites/csitinfo.cfm?id=0202155","suspected_source_link":"https://cumulis.epa.gov/supercpad/cursites/csitinfo.cfm?id=0202155","pfas_testing_link":"https://semspub.epa.gov/work/02/704680.pdf","site_ref_link":"https://drive.google.com/drive/u/0/folders/1rgjyq85ypDpHz0CS8mxizE14HVCWQNTp","state_ref_link":"https://drive.google.com/drive/u/0/folders/1sltlDu105VOjR5fdgjrT1B-wnQHSJq48","ObjectId":743}},{"type":"Feature","id":746,"geometry":{"type":"Point","coordinates":[-72.248017,40.960992]},"properties":{"site_name":"East Hampton Airport","other_site_names":null,"state":"New York","industry":"Airport","matrix_type":"Groundwater","matrix":"Groundwater","year":2018,"pfoa":null,"pfos":"290","total_pfas":null,"pfas_level":290,"notes":"AFFF used at East Hampton Airport","regulation_gvt_link":"N/A","resources_link":"https://www.suffolkcountyny.gov","suspected_source_link":"http://www.suffolkcountyny.gov/health/pfcwaterinfo","pfas_testing_link":"N/A","site_ref_link":"https://drive.google.com/drive/u/1/folders/1d0DjiydD42Av8-CObChmwcEBnB4cYqn4","state_ref_link":"https://drive.google.com/drive/u/1/folders/1Yla_380Qxjf4iLAK34ajtSEXmM8gBJ9P","ObjectId":746}},{"type":"Feature","id":780,"geometry":{"type":"Point","coordinates":[-75.876661,42.665]},"properties":{"site_name":"Solvent Savers","other_site_names":null,"state":"New York","industry":"Industry","matrix_type":"Groundwater","matrix":"Groundwater","year":2018,"pfoa":"700","pfos":"65","total_pfas":765,"pfas_level":765,"notes":null,"regulation_gvt_link":"https://semspub.epa.gov/work/02/609949.pdf","resources_link":"https://cumulis.epa.gov/supercpad/cursites/csitinfo.cfm?id=0201687","suspected_source_link":"https://cumulis.epa.gov/supercpad/cursites/csitinfo.cfm?id=0201687","pfas_testing_link":"https://semspub.epa.gov/work/02/609949.pdf","site_ref_link":"https://drive.google.com/drive/u/0/folders/1KCX4gZ58p70ShgOqbgjzUTaeIEGXwdpK","state_ref_link":"https://drive.google.com/drive/u/0/folders/1sltlDu105VOjR5fdgjrT1B-wnQHSJq48","ObjectId":780}},{"type":"Feature","id":798,"geometry":{"type":"Point","coordinates":[-73.646693,40.823054]},"properties":{"site_name":"Applied Environmental Services","other_site_names":null,"state":"New York","industry":"Industry","matrix_type":"Groundwater","matrix":"Groundwater","year":2018,"pfoa":"22","pfos":"885","total_pfas":1163,"pfas_level":1163,"notes":null,"regulation_gvt_link":null,"resources_link":null,"suspected_source_link":"https://cumulis.epa.gov/supercpad/SiteProfiles/index.cfm?fuseaction=second.Cleanup&id=0202121#bkground","pfas_testing_link":"https://semspub.epa.gov/work/02/609865.pdf","site_ref_link":"https://drive.google.com/drive/folders/1burvpGKTHljZ8JInNpLMjMws1CukFXhs?usp=drive_link","state_ref_link":"https://drive.google.com/drive/folders/1sltlDu105VOjR5fdgjrT1B-wnQHSJq48?usp=drive_link","ObjectId":798}},{"type":"Feature","id":811,"geometry":{"type":"Point","coordinates":[-78.946142,43.11319]},"properties":{"site_name":"Niagara Falls Air Reserve Station","other_site_names":null,"state":"New York","industry":"Military","matrix_type":"Groundwater","matrix":"Groundwater","year":2018,"pfoa":"110,000","pfos":"1,200,000","total_pfas":1341000,"pfas_level":1341000,"notes":"AFFF used at Niagara Falls Air Reserve Station","regulation_gvt_link":"N/A","resources_link":"http://afcec.publicadmin-record.us.af.mil/","suspected_source_link":"https://www.dec.ny.gov/data/DecDocs/932106/Report.RCRA.932106.2019-01-10.Final_Site_Inspection_Report_AFFF_at_NFARS.pdf","pfas_testing_link":"https://drive.google.com/file/d/1H9kw_0L98kFrYugYvq4nJy0e2w0kpbF8/view?usp=sharing","site_ref_link":"https://drive.google.com/drive/u/0/folders/1q3MzUIlCojpumfvLuW44C7dOcSjZwNAu","state_ref_link":"https://drive.google.com/drive/u/1/folders/1Yla_380Qxjf4iLAK34ajtSEXmM8gBJ9P","ObjectId":811}},{"type":"Feature","id":835,"geometry":{"type":"Point","coordinates":[-75.413333,42.300555]},"properties":{"site_name":"GCL Tie and Treating Inc.","other_site_names":null,"state":"New York","industry":"Industry","matrix_type":"Groundwater","matrix":"Groundwater","year":2019,"pfoa":"5","pfos":"3","total_pfas":null,"pfas_level":5,"notes":null,"regulation_gvt_link":null,"resources_link":null,"suspected_source_link":"http://cumulis.epa.gov/supercpad/SiteProfiles/index.cfm?fuseaction=second.Cleanup&id=0203408#bkground","pfas_testing_link":"https://semspub.epa.gov/work/02/642129.pdf","site_ref_link":"https://drive.google.com/drive/folders/17Sv2_J_lDpWN_LL5sWcNr0ahSOyLBzwO?usp=drive_link","state_ref_link":"https://drive.google.com/drive/folders/1sltlDu105VOjR5fdgjrT1B-wnQHSJq48?usp=drive_link","ObjectId":835}},{"type":"Feature","id":840,"geometry":{"type":"Point","coordinates":[-73.561389,41.75555]},"properties":{"site_name":"Sarney Farm","other_site_names":null,"state":"New York","industry":"Waste","matrix_type":"Groundwater","matrix":"Groundwater","year":2019,"pfoa":"8","pfos":"0","total_pfas":8,"pfas_level":8,"notes":null,"regulation_gvt_link":"https://semspub.epa.gov/work/02/609886.pdf","resources_link":"https://cumulis.epa.gov/supercpad/cursites/csitinfo.cfm?id=0202088","suspected_source_link":"https://cumulis.epa.gov/supercpad/cursites/csitinfo.cfm?id=0202088","pfas_testing_link":"https://semspub.epa.gov/work/02/609886.pdf","site_ref_link":"https://drive.google.com/drive/u/0/folders/1NLkQaTc57cFuulZF3GhaRHha-gdaRRaA","state_ref_link":"https://drive.google.com/drive/u/0/folders/1sltlDu105VOjR5fdgjrT1B-wnQHSJq48","ObjectId":840}},{"type":"Feature","id":846,"geometry":{"type":"Point","coordinates":[-73.734139,40.782361]},"properties":{"site_name":"Stanton Cleaners Area Ground Water Contamination","other_site_names":null,"state":"New York","industry":"Industry","matrix_type":"Groundwater","matrix":"Groundwater","year":2019,"pfoa":"6","pfos":"3","total_pfas":10,"pfas_level":10,"notes":null,"regulation_gvt_link":"https://semspub.epa.gov/work/02/704695.pdf","resources_link":"https://cumulis.epa.gov/supercpad/cursites/csitinfo.cfm?id=0204167","suspected_source_link":"https://cumulis.epa.gov/supercpad/cursites/csitinfo.cfm?id=0204167","pfas_testing_link":"https://semspub.epa.gov/work/02/704695.pdf","site_ref_link":"https://drive.google.com/drive/u/0/folders/1pKCCf_mpoexFt2rpchjln4bgIBHEc2Vu","state_ref_link":"https://drive.google.com/drive/u/0/folders/1sltlDu105VOjR5fdgjrT1B-wnQHSJq48","ObjectId":846}},{"type":"Feature","id":856,"geometry":{"type":"Point","coordinates":[-79.0054,43.0757]},"properties":{"site_name":"Hooker (S Area)","other_site_names":null,"state":"New York","industry":"Industry","matrix_type":"Groundwater","matrix":"Groundwater","year":2019,"pfoa":null,"pfos":null,"total_pfas":13,"pfas_level":13,"notes":null,"regulation_gvt_link":null,"resources_link":null,"suspected_source_link":"https://cumulis.epa.gov/supercpad/SiteProfiles/index.cfm?fuseaction=second.Cleanup&id=0202150#bkground","pfas_testing_link":"https://semspub.epa.gov/work/02/704687.pdf","site_ref_link":"https://drive.google.com/drive/folders/1iNE1TQeZChPgoQDcyUL3cPQXKnGHpT8a?usp=drive_link","state_ref_link":"https://drive.google.com/drive/folders/1sltlDu105VOjR5fdgjrT1B-wnQHSJq48?usp=drive_link","ObjectId":856}},{"type":"Feature","id":860,"geometry":{"type":"Point","coordinates":[-74.732781,44.983889]},"properties":{"site_name":"General Motors (Central Foundry)","other_site_names":null,"state":"New York","industry":"Industry","matrix_type":"Groundwater","matrix":"Groundwater","year":2019,"pfoa":null,"pfos":null,"total_pfas":null,"pfas_level":15,"notes":null,"regulation_gvt_link":null,"resources_link":null,"suspected_source_link":"https://cumulis.epa.gov/supercpad/SiteProfiles/index.cfm?fuseaction=second.Cleanup&id=0201644#bkground","pfas_testing_link":"https://semspub.epa.gov/work/02/598805.pdf","site_ref_link":"https://drive.google.com/drive/folders/1Q5Njb-__WPmpgcF8gUB2oXhnwAdWcAr7?usp=drive_link","state_ref_link":"https://drive.google.com/drive/folders/1sltlDu105VOjR5fdgjrT1B-wnQHSJq48?usp=drive_link","ObjectId":860}},{"type":"Feature","id":871,"geometry":{"type":"Point","coordinates":[-78.029278,43.222944]},"properties":{"site_name":"Diaz Chemical","other_site_names":null,"state":"New York","industry":"Industry","matrix_type":"Groundwater","matrix":"Groundwater","year":2019,"pfoa":"17","pfos":null,"total_pfas":null,"pfas_level":17,"notes":null,"regulation_gvt_link":null,"resources_link":null,"suspected_source_link":"https://cumulis.epa.gov/supercpad/SiteProfiles/index.cfm?fuseaction=second.Cleanup&id=0203341#bkground","pfas_testing_link":"https://semspub.epa.gov/work/02/609926.pdf","site_ref_link":"https://drive.google.com/drive/folders/1TMmRvXrc3FZt-uA-J7WXjDcfEd0gZwXH?usp=drive_link","state_ref_link":"https://drive.google.com/drive/folders/1sltlDu105VOjR5fdgjrT1B-wnQHSJq48?usp=drive_link","ObjectId":871}},{"type":"Feature","id":873,"geometry":{"type":"Point","coordinates":[-74.6681,41.3942]},"properties":{"site_name":"Carroll & Dubies Sewage Disposal","other_site_names":null,"state":"New York","industry":"Waste","matrix_type":"Groundwater","matrix":"Groundwater","year":2019,"pfoa":"10","pfos":"8","total_pfas":null,"pfas_level":18,"notes":null,"regulation_gvt_link":null,"resources_link":null,"suspected_source_link":"https://cumulis.epa.gov/supercpad/SiteProfiles/index.cfm?fuseaction=second.Cleanup&id=0201492#bkground","pfas_testing_link":"https://semspub.epa.gov/work/02/598752.pdf","site_ref_link":"https://drive.google.com/drive/folders/14tv9BI71hvVkr_gpaQQuIwJ0gW81zIs-?usp=drive_link","state_ref_link":"https://drive.google.com/drive/folders/1sltlDu105VOjR5fdgjrT1B-wnQHSJq48?usp=drive_link","ObjectId":873}},{"type":"Feature","id":874,"geometry":{"type":"Point","coordinates":[-75.249169,42.252781]},"properties":{"site_name":"Richardson Hill Road Landfill/Pond","other_site_names":null,"state":"New York","industry":"Waste","matrix_type":"Groundwater","matrix":"Groundwater","year":2019,"pfoa":"9","pfos":"7","total_pfas":19,"pfas_level":19,"notes":null,"regulation_gvt_link":"https://extapps.dec.ny.gov/data/DecDocs/413008/Report.HW.413008.2019-03-05.Emerging%20contaminant%20sampling.pdf","resources_link":"https://extapps.dec.ny.gov/data/DecDocs/413008/Report.HW.413008.2019-03-05.Emerging%20contaminant%20sampling.pdf","suspected_source_link":"https://extapps.dec.ny.gov/data/DecDocs/413008/Report.HW.413008.2019-03-05.Emerging%20contaminant%20sampling.pdf","pfas_testing_link":"https://extapps.dec.ny.gov/data/DecDocs/413008/Report.HW.413008.2019-03-05.Emerging%20contaminant%20sampling.pdf","site_ref_link":"https://drive.google.com/drive/u/0/folders/1mo8e21AAUGzFPk3WL3fdd6KyIYukfcBA","state_ref_link":"https://drive.google.com/drive/u/0/folders/1sltlDu105VOjR5fdgjrT1B-wnQHSJq48","ObjectId":874}},{"type":"Feature","id":883,"geometry":{"type":"Point","coordinates":[-77.9416,42.1088]},"properties":{"site_name":"Sinclair Refinery","other_site_names":null,"state":"New York","industry":"Industry","matrix_type":"Groundwater","matrix":"Groundwater","year":2019,"pfoa":"12","pfos":"11","total_pfas":23,"pfas_level":23,"notes":null,"regulation_gvt_link":"https://semspub.epa.gov/work/02/609934.pdf","resources_link":"https://cumulis.epa.gov/supercpad/cursites/csitinfo.cfm?id=0202093#:~:text=The%20100%2Dacre%20Sinclair%20Oil,in%20Allegany%20County%2C%20New%20York.","suspected_source_link":"https://cumulis.epa.gov/supercpad/cursites/csitinfo.cfm?id=0202093#:~:text=The%20100%2Dacre%20Sinclair%20Oil,in%20Allegany%20County%2C%20New%20York.","pfas_testing_link":"https://semspub.epa.gov/work/02/609934.pdf","site_ref_link":"https://drive.google.com/drive/u/0/folders/1XZ_mBFYgth5Yf-obCUkRVJXMqmIBoEzR","state_ref_link":"https://drive.google.com/drive/u/0/folders/1sltlDu105VOjR5fdgjrT1B-wnQHSJq48","ObjectId":883}},{"type":"Feature","id":885,"geometry":{"type":"Point","coordinates":[-73.804169,42.689719]},"properties":{"site_name":"Mecury Refining, Inc.","other_site_names":null,"state":"New York","industry":"Industry","matrix_type":"Groundwater","matrix":"Groundwater","year":2019,"pfoa":"10","pfos":"14","total_pfas":null,"pfas_level":24,"notes":null,"regulation_gvt_link":null,"resources_link":"https://cumulis.epa.gov/supercpad/SiteProfiles/index.cfm?fuseaction=second.cleanup&id=0201552","suspected_source_link":"https://cumulis.epa.gov/supercpad/SiteProfiles/index.cfm?fuseaction=second.Cleanup&id=0201552#bkground","pfas_testing_link":"https://semspub.epa.gov/work/02/704672.pdf","site_ref_link":"https://drive.google.com/drive/folders/12m2FwMi063Kf94vH5FCp3T5Z7vbikUO1?usp=drive_link","state_ref_link":"https://drive.google.com/drive/folders/1sltlDu105VOjR5fdgjrT1B-wnQHSJq48?usp=drive_link","ObjectId":885}},{"type":"Feature","id":955,"geometry":{"type":"Point","coordinates":[-73.6777,40.7153]},"properties":{"site_name":"Genzale Plating Co.","other_site_names":null,"state":"New York","industry":"Industry","matrix_type":"Groundwater","matrix":"Groundwater","year":2019,"pfoa":"47","pfos":"24","total_pfas":null,"pfas_level":72,"notes":null,"regulation_gvt_link":null,"resources_link":null,"suspected_source_link":"https://cumulis.epa.gov/supercpad/SiteProfiles/index.cfm?fuseaction=second.Cleanup&id=0201344#bkground","pfas_testing_link":"https://semspub.epa.gov/work/02/598777.pdf","site_ref_link":"https://drive.google.com/drive/folders/1UvVYEYnVQu0fuOn_3A0nIYOKcGmbyozs?usp=drive_link","state_ref_link":"https://drive.google.com/drive/folders/1sltlDu105VOjR5fdgjrT1B-wnQHSJq48?usp=drive_link","ObjectId":955}},{"type":"Feature","id":957,"geometry":{"type":"Point","coordinates":[-75.065,41.600561]},"properties":{"site_name":"Cortese Landfill","other_site_names":null,"state":"New York","industry":"Waste","matrix_type":"Groundwater","matrix":"Groundwater","year":2019,"pfoa":"73","pfos":null,"total_pfas":null,"pfas_level":73,"notes":null,"regulation_gvt_link":null,"resources_link":null,"suspected_source_link":"https://cumulis.epa.gov/supercpad/SiteProfiles/index.cfm?fuseaction=second.Cleanup&id=0201867#bkground","pfas_testing_link":"https://semspub.epa.gov/work/02/609875.pdf","site_ref_link":"https://drive.google.com/file/d/1nw7_5Ycg5ILok3Gv_Uux-tXt642DKQzk/view?usp=drive_link","state_ref_link":"https://drive.google.com/drive/folders/1sltlDu105VOjR5fdgjrT1B-wnQHSJq48?usp=drive_link","ObjectId":957}},{"type":"Feature","id":1028,"geometry":{"type":"Point","coordinates":[-72.874437,40.864216]},"properties":{"site_name":"Brookhaven National Laboratory (USDOE)","other_site_names":null,"state":"New York","industry":"Industry","matrix_type":"Groundwater","matrix":"Groundwater","year":2022,"pfoa":"1,400","pfos":"12,200","total_pfas":null,"pfas_level":12200,"notes":null,"regulation_gvt_link":null,"resources_link":"https://cumulis.epa.gov/supercpad/SiteProfiles/index.cfm?fuseaction=second.docdata&id=0202841","suspected_source_link":"https://www.epw.senate.gov/public/index.cfm/superfund-sites-identified-by-epa-to-have-pfas-contamination","pfas_testing_link":null,"site_ref_link":"DOE Initial PFAS Assessment -508.pdf","state_ref_link":null,"ObjectId":1028}},{"type":"Feature","id":1048,"geometry":{"type":"Point","coordinates":[-73.4195,40.7495]},"properties":{"site_name":"Circuitron Corp.","other_site_names":null,"state":"New York","industry":"Industry","matrix_type":"Groundwater","matrix":"Groundwater","year":2023,"pfoa":"17","pfos":"33","total_pfas":null,"pfas_level":33,"notes":null,"regulation_gvt_link":null,"resources_link":null,"suspected_source_link":"https://cumulis.epa.gov/supercpad/SiteProfiles/index.cfm?fuseaction=second.Cleanup&id=0202301#bkground","pfas_testing_link":"https://semspub.epa.gov/work/02/746872.pdf","site_ref_link":"https://drive.google.com/drive/folders/1bS7XrtwJh5hGkUbw0C0iL8OZFHRyjlmP?usp=drive_link","state_ref_link":"https://drive.google.com/drive/folders/1sltlDu105VOjR5fdgjrT1B-wnQHSJq48?usp=drive_link","ObjectId":1048}},{"type":"Feature","id":1053,"geometry":{"type":"Point","coordinates":[-73.618472,40.733611]},"properties":{"site_name":"Old Roosevelt Field Contaminated GW Area","other_site_names":null,"state":"New York","industry":"Military","matrix_type":"Groundwater","matrix":"Groundwater","year":2023,"pfoa":"17","pfos":"20","total_pfas":53,"pfas_level":53,"notes":null,"regulation_gvt_link":null,"resources_link":"https://cumulis.epa.gov/supercpad/SiteProfiles/index.cfm?fuseaction=second.cleanup&id=0204234","suspected_source_link":"https://cumulis.epa.gov/supercpad/SiteProfiles/index.cfm?fuseaction=second.cleanup&id=0204234#bkground","pfas_testing_link":"https://semspub.epa.gov/work/02/748997.pdf","site_ref_link":"https://drive.google.com/drive/folders/1q63yQDGpdlkM8y1wqSFQPAYiSY8eHeHe?usp=drive_link","state_ref_link":"https://drive.google.com/drive/folders/1sltlDu105VOjR5fdgjrT1B-wnQHSJq48?usp=drive_link","ObjectId":1053}},{"type":"Feature","id":1068,"geometry":{"type":"Point","coordinates":[-73.792222,41.526111]},"properties":{"site_name":"Shenandoah Road Groundwater Contamination","other_site_names":null,"state":"New York","industry":"Industry","matrix_type":"Groundwater","matrix":"Groundwater","year":2023,"pfoa":"26","pfos":"62","total_pfas":188,"pfas_level":188,"notes":null,"regulation_gvt_link":"https://cumulis.epa.gov/supercpad/SiteProfiles/index.cfm?fuseaction=second.Cleanup&id=0204269#bkground","resources_link":"https://cumulis.epa.gov/supercpad/SiteProfiles/index.cfm?fuseaction=second.Cleanup&id=0204269#bkground","suspected_source_link":"https://semspub.epa.gov/work/02/642117.pdf","pfas_testing_link":"https://drive.google.com/file/d/1G4u5Xxx_tt9E3IRsp_6yHW08q2caO6r3/view?usp=drive_link","site_ref_link":"https://drive.google.com/drive/folders/1rDQt2bqjc0TdLPNL_TbJdj6jFPBFq3jM?usp=drive_link","state_ref_link":"https://drive.google.com/drive/folders/1sltlDu105VOjR5fdgjrT1B-wnQHSJq48?usp=drive_link","ObjectId":1068}},{"type":"Feature","id":1097,"geometry":{"type":"Point","coordinates":[-73.069194,40.928139]},"properties":{"site_name":"Lawrence Aviation Industries, Inc.","other_site_names":null,"state":"New York","industry":"Superfund Site","matrix_type":"Groundwater","matrix":"Groundwater","year":2024,"pfoa":"20","pfos":"39","total_pfas":null,"pfas_level":39,"notes":null,"regulation_gvt_link":null,"resources_link":"https://cumulis.epa.gov/supercpad/SiteProfiles/index.cfm?fuseaction=second.Cleanup&id=0201335#Done","suspected_source_link":"https://cumulis.epa.gov/supercpad/SiteProfiles/index.cfm?fuseaction=second.Cleanup&id=0201335#bkground","pfas_testing_link":"https://semspub.epa.gov/work/02/746881.pdf","site_ref_link":"https://drive.google.com/drive/folders/1NIJjDZc4Zo9PwqWlm-KhvxamsloJMcj5?usp=drive_link","state_ref_link":"https://drive.google.com/drive/folders/1sltlDu105VOjR5fdgjrT1B-wnQHSJq48?usp=drive_link","ObjectId":1097}},{"type":"Feature","id":1100,"geometry":{"type":"Point","coordinates":[-73.657844,40.737337]},"properties":{"site_name":"Fulton Avenue","other_site_names":null,"state":"New York","industry":"Industry","matrix_type":"Groundwater","matrix":"Groundwater","year":2024,"pfoa":"13","pfos":"19","total_pfas":63,"pfas_level":63,"notes":null,"regulation_gvt_link":null,"resources_link":null,"suspected_source_link":"https://cumulis.epa.gov/supercpad/SiteProfiles/index.cfm?fuseaction=second.Cleanup&id=0203853#bkground","pfas_testing_link":"https://extapps.dec.ny.gov/data/DecDocs/130073/Report.HW.130073.2024-08-23.ERM-PRP%20Second%20Quarter%202024%20OU1%20Progress%20Report.pdf","site_ref_link":"https://drive.google.com/drive/folders/1pDy9eFEvjwIKxfoLMfb2AloNQzPeHzHl?usp=drive_link","state_ref_link":"https://drive.google.com/drive/folders/1sltlDu105VOjR5fdgjrT1B-wnQHSJq48?usp=drive_link","ObjectId":1100}},{"type":"Feature","id":1161,"geometry":{"type":"Point","coordinates":[-76.086111,42.086111]},"properties":{"site_name":"ENDICOTT VILLAGE WELL FIELD","other_site_names":null,"state":"New York","industry":"Industry","matrix_type":"Groundwater","matrix":"Groundwater","year":2019,"pfoa":"58","pfos":"200","total_pfas":null,"pfas_level":200,"notes":"Former IBM facility","regulation_gvt_link":null,"resources_link":null,"suspected_source_link":"https://cumulis.epa.gov/supercpad/SiteProfiles/index.cfm?fuseaction=second.Cleanup&id=0202264#bkground","pfas_testing_link":"Endicott Villiage Report.pdf","site_ref_link":null,"state_ref_link":null,"ObjectId":1161}},{"type":"Feature","id":1220,"geometry":{"type":"Point","coordinates":[-72.644528,40.837931]},"properties":{"site_name":"Gabreski Air National Guard Base","other_site_names":"Gabreski Airport, Francis S. Gabreski","state":"New York","industry":"Military","matrix_type":"Groundwater","matrix":"Groundwater","year":2020,"pfoa":"14,000","pfos":"220,000","total_pfas":354936,"pfas_level":354936,"notes":"Suspect AFFF used at base from 1970s until phase out in 2004.","regulation_gvt_link":"N/A","resources_link":"http://www.suffolkcountyny.gov/Departments/HealthServices/GroundWaterQualityWesthampton.aspx","suspected_source_link":"http://www.suffolkcountyny.gov/Departments/HealthServices/GroundWaterQualityWesthampton.aspx","pfas_testing_link":"https://drive.google.com/file/d/10zKHQcmTmiVCvo-s0zkocYDTP_x4wyC8/view?usp=sharing","site_ref_link":"https://drive.google.com/drive/u/0/folders/1QlNV6LuKXVVR_wXkBvwUSo8aIhJF93Qh","state_ref_link":"https://drive.google.com/drive/u/1/folders/1Yla_380Qxjf4iLAK34ajtSEXmM8gBJ9P","ObjectId":1220}},{"type":"Feature","id":1231,"geometry":{"type":"Point","coordinates":[-72.875139,40.864237]},"properties":{"site_name":"Brookhaven National Laboratory ","other_site_names":null,"state":"New York","industry":"Industry","matrix_type":"Groundwater","matrix":"Groundwater","year":2021,"pfoa":"6","pfos":"7","total_pfas":14,"pfas_level":14,"notes":"monitoring and remediation is in progress.","regulation_gvt_link":null,"resources_link":null,"suspected_source_link":"https://drive.google.com/file/d/1tCiCRHD7hbuPQki36WdIzUPO3NxgUZh2/view?usp=share_link","pfas_testing_link":"https://drive.google.com/file/d/1tCiCRHD7hbuPQki36WdIzUPO3NxgUZh2/view?usp=share_link","site_ref_link":"https://drive.google.com/drive/folders/1pkmCXSGzW5IRp2jJXdHJ-Bfdtc7HA2e3?usp=share_link","state_ref_link":"https://drive.google.com/drive/folders/1sltlDu105VOjR5fdgjrT1B-wnQHSJq48?usp=share_link","ObjectId":1231}},{"type":"Feature","id":1239,"geometry":{"type":"Point","coordinates":[-74.2447,41.4643]},"properties":{"site_name":"Nepera Chemical Co., Inc.","other_site_names":null,"state":"New York","industry":"Industry","matrix_type":"Groundwater","matrix":"Groundwater","year":2021,"pfoa":"25","pfos":"5","total_pfas":null,"pfas_level":25,"notes":null,"regulation_gvt_link":null,"resources_link":"https://cumulis.epa.gov/supercpad/SiteProfiles/index.cfm?fuseaction=second.cleanup&id=0201188","suspected_source_link":"https://cumulis.epa.gov/supercpad/SiteProfiles/index.cfm?fuseaction=second.Cleanup&id=0201188#bkground","pfas_testing_link":"https://semspub.epa.gov/work/02/642120.pdf","site_ref_link":"https://drive.google.com/drive/folders/16OTywln43pwesmmex4mJ3WcLWA2EDTPg?usp=drive_link","state_ref_link":"https://drive.google.com/drive/folders/1sltlDu105VOjR5fdgjrT1B-wnQHSJq48?usp=drive_link","ObjectId":1239}},{"type":"Feature","id":1245,"geometry":{"type":"Point","coordinates":[-76.0557,42.0902]},"properties":{"site_name":"Vestal Water Supply Well 1-1","other_site_names":null,"state":"New York","industry":"Industry","matrix_type":"Groundwater","matrix":"Groundwater","year":2021,"pfoa":"11","pfos":"13","total_pfas":30,"pfas_level":30,"notes":null,"regulation_gvt_link":"https://semspub.epa.gov/work/02/642128.pdf","resources_link":"https://cumulis.epa.gov/supercpad/cursites/csitinfo.cfm?id=0202228","suspected_source_link":"https://cumulis.epa.gov/supercpad/cursites/csitinfo.cfm?id=0202228","pfas_testing_link":"https://semspub.epa.gov/work/02/642128.pdf","site_ref_link":"https://drive.google.com/drive/u/0/folders/1XHITkNS5rtqxRlkNap1c8ZGXznSuQZ4G","state_ref_link":"https://drive.google.com/drive/u/0/folders/1sltlDu105VOjR5fdgjrT1B-wnQHSJq48","ObjectId":1245}},{"type":"Feature","id":1268,"geometry":{"type":"Point","coordinates":[-73.640773,40.860929]},"properties":{"site_name":"LI TUNGSTEN CORP.","other_site_names":null,"state":"New York","industry":"Industry","matrix_type":"Groundwater","matrix":"Groundwater","year":2021,"pfoa":"19","pfos":"24","total_pfas":103,"pfas_level":103,"notes":null,"regulation_gvt_link":null,"resources_link":null,"suspected_source_link":"https://cumulis.epa.gov/supercpad/SiteProfiles/index.cfm?fuseaction=second.Cleanup&id=0202972#bkground","pfas_testing_link":"Li Tungsten Remediation Report.pdf","site_ref_link":null,"state_ref_link":null,"ObjectId":1268}},{"type":"Feature","id":1269,"geometry":{"type":"Point","coordinates":[-73.6432,40.8608]},"properties":{"site_name":"MATTIACE PETROCHEMICAL CO., INC.","other_site_names":null,"state":"New York","industry":"Industry","matrix_type":"Groundwater","matrix":"Groundwater","year":2021,"pfoa":"19","pfos":"24","total_pfas":103,"pfas_level":103,"notes":null,"regulation_gvt_link":null,"resources_link":"https://cumulis.epa.gov/supercpad/SiteProfiles/index.cfm?fuseaction=second.cleanup&id=0201219","suspected_source_link":"https://cumulis.epa.gov/supercpad/SiteProfiles/index.cfm?fuseaction=second.Cleanup&id=0201219#bkground","pfas_testing_link":null,"site_ref_link":"https://drive.google.com/file/d/1JZLY1a_Sg5qPuoc2V-Mp8hRyDKJG8t9V/view?usp=drive_link","state_ref_link":null,"ObjectId":1269}},{"type":"Feature","id":1299,"geometry":{"type":"Point","coordinates":[-73.1829,40.8178]},"properties":{"site_name":"Islip Municipal Sanitary Landfill","other_site_names":null,"state":"New York","industry":"Waste","matrix_type":"Groundwater","matrix":"Groundwater","year":2021,"pfoa":"650","pfos":"120","total_pfas":null,"pfas_level":770,"notes":null,"regulation_gvt_link":null,"resources_link":null,"suspected_source_link":"https://cumulis.epa.gov/supercpad/SiteProfiles/index.cfm?fuseaction=second.Cleanup&id=0201714#bkground","pfas_testing_link":"https://semspub.epa.gov/work/02/642132.pdf","site_ref_link":"https://drive.google.com/drive/folders/1ow00IB3bcKsoYCfUNYyPbT70LCKz4DVU?usp=drive_link","state_ref_link":"https://drive.google.com/drive/folders/1sltlDu105VOjR5fdgjrT1B-wnQHSJq48?usp=drive_link","ObjectId":1299}},{"type":"Feature","id":1361,"geometry":{"type":"Point","coordinates":[-76.175281,42.591669]},"properties":{"site_name":"Rosen Brothers Scrap Yard/Dump","other_site_names":null,"state":"New York","industry":"Waste","matrix_type":"Groundwater","matrix":"Groundwater","year":2020,"pfoa":"2","pfos":"3","total_pfas":5,"pfas_level":5,"notes":null,"regulation_gvt_link":"https://semspub.epa.gov/work/02/642123.pdf","resources_link":"https://cumulis.epa.gov/supercpad/cursites/csitinfo.cfm?id=0202609","suspected_source_link":"https://cumulis.epa.gov/supercpad/cursites/csitinfo.cfm?id=0202609","pfas_testing_link":"https://semspub.epa.gov/work/02/642123.pdf","site_ref_link":"https://drive.google.com/drive/u/0/folders/15iSzLEiTc3OLDTIW5QAjTVYuMBzmytiv","state_ref_link":"https://drive.google.com/drive/u/0/folders/1sltlDu105VOjR5fdgjrT1B-wnQHSJq48","ObjectId":1361}},{"type":"Feature","id":1376,"geometry":{"type":"Point","coordinates":[-78.1103,43.1191]},"properties":{"site_name":"Byron Barrel & Drum","other_site_names":null,"state":"New York","industry":"Waste","matrix_type":"Groundwater","matrix":"Groundwater","year":2020,"pfoa":"15","pfos":null,"total_pfas":null,"pfas_level":15,"notes":null,"regulation_gvt_link":null,"resources_link":null,"suspected_source_link":"https://cumulis.epa.gov/supercpad/SiteProfiles/index.cfm?fuseaction=second.Cleanup&id=0202257#bkground","pfas_testing_link":"https://semspub.epa.gov/work/02/609923.pdf","site_ref_link":"https://drive.google.com/drive/folders/1Mu6rSQ6URa8Mh9DVuoTTNe1dCtAQS-GD?usp=drive_link","state_ref_link":"https://drive.google.com/drive/folders/1sltlDu105VOjR5fdgjrT1B-wnQHSJq48?usp=drive_link","ObjectId":1376}},{"type":"Feature","id":1472,"geometry":{"type":"Point","coordinates":[-73.504169,40.7575]},"properties":{"site_name":"Hooker Chemical & Plastics Corp.","other_site_names":"Ruco Polymer Corp.","state":"New York","industry":"Industry","matrix_type":"Groundwater","matrix":"Groundwater","year":2020,"pfoa":"38","pfos":"180","total_pfas":null,"pfas_level":218,"notes":null,"regulation_gvt_link":null,"resources_link":null,"suspected_source_link":"https://cumulis.epa.gov/supercpad/SiteProfiles/index.cfm?fuseaction=second.Cleanup&id=0201477#bkground","pfas_testing_link":"https://semspub.epa.gov/work/02/609874.pdf","site_ref_link":"https://drive.google.com/drive/folders/12vbm5pc9pW_M5W1O7Nz6o1Xjh92zrAqd?usp=drive_link","state_ref_link":"https://drive.google.com/drive/folders/1sltlDu105VOjR5fdgjrT1B-wnQHSJq48?usp=drive_link","ObjectId":1472}},{"type":"Feature","id":1512,"geometry":{"type":"Point","coordinates":[-75.651861,44.022944]},"properties":{"site_name":"Crown Cleaners of Watertown Inc.","other_site_names":null,"state":"New York","industry":"Industry","matrix_type":"Groundwater","matrix":"Groundwater","year":2020,"pfoa":"430","pfos":"98","total_pfas":null,"pfas_level":528,"notes":null,"regulation_gvt_link":null,"resources_link":null,"suspected_source_link":"https://cumulis.epa.gov/supercpad/SiteProfiles/index.cfm?fuseaction=second.Cleanup&id=0204284#bkground","pfas_testing_link":"https://semspub.epa.gov/work/02/704675.pdf","site_ref_link":"https://drive.google.com/drive/folders/1JAQ0Ip_pqrbnJSKX-QFEbzIKtJpKF8DD?usp=drive_link","state_ref_link":"https://drive.google.com/drive/folders/1sltlDu105VOjR5fdgjrT1B-wnQHSJq48?usp=drive_link","ObjectId":1512}},{"type":"Feature","id":1556,"geometry":{"type":"Point","coordinates":[-73.703148,42.754628]},"properties":{"site_name":"Cohoes Norlite Facility","other_site_names":null,"state":"New York","industry":"Industry","matrix_type":"Groundwater","matrix":"Groundwater","year":2020,"pfoa":"2,100","pfos":"5","total_pfas":null,"pfas_level":2100,"notes":"Incineration of AFFF at the Norlite facility ","regulation_gvt_link":"N/A","resources_link":"https://www.dec.ny.gov/press/122504.html","suspected_source_link":"https://www.troyrecord.com/news/local-news/norlite-facility-in-cohoes-accused-of-burning-firefighting-foam-for/article_7667b1ae-5413-11ea-8f9e-1ba495ff6227.html","pfas_testing_link":"https://www.bennington.edu/sites/default/files/sources/docs/Norlite%20Water%20Results%204.25.20.pdf","site_ref_link":"https://drive.google.com/drive/folders/1CizbNVn_8X0a8338Em0XRyZDvLkYxD0Z","state_ref_link":"https://drive.google.com/drive/u/1/folders/1Yla_380Qxjf4iLAK34ajtSEXmM8gBJ9P","ObjectId":1556}},{"type":"Feature","id":1706,"geometry":{"type":"Point","coordinates":[-75.58915,42.16041]},"properties":{"site_name":"Colesville Municipal Landfill","other_site_names":null,"state":"New York","industry":"Waste","matrix_type":"Groundwater","matrix":"Groundwater","year":2025,"pfoa":"10","pfos":"3","total_pfas":null,"pfas_level":10,"notes":null,"regulation_gvt_link":null,"resources_link":"https://cumulis.epa.gov/supercpad/cursites/csitinfo.cfm?id=0202237","suspected_source_link":"https://www.epw.senate.gov/public/index.cfm/superfund-sites-identified-by-epa-to-have-pfas-contamination","pfas_testing_link":"https://semspub.epa.gov/work/02/746877.pdf","site_ref_link":null,"state_ref_link":null,"ObjectId":1706}},{"type":"Feature","id":1732,"geometry":{"type":"Point","coordinates":[-74.5751,44.8225]},"properties":{"site_name":"York Oil Co.","other_site_names":null,"state":"New York","industry":"Industry","matrix_type":"Groundwater","matrix":"Groundwater","year":null,"pfoa":"6","pfos":null,"total_pfas":null,"pfas_level":6,"notes":null,"regulation_gvt_link":"https://semspub.epa.gov/work/02/746867.pdf","resources_link":"https://cumulis.epa.gov/supercpad/cursites/csitinfo.cfm?id=0201202","suspected_source_link":"https://cumulis.epa.gov/supercpad/cursites/csitinfo.cfm?id=0201202","pfas_testing_link":"https://semspub.epa.gov/work/02/746867.pdf","site_ref_link":"https://drive.google.com/drive/u/0/folders/1BywnaIUVHbea0-H-4BmJyGSNAGftEunp","state_ref_link":"https://drive.google.com/drive/u/0/folders/1sltlDu105VOjR5fdgjrT1B-wnQHSJq48","ObjectId":1732}},{"type":"Feature","id":1771,"geometry":{"type":"Point","coordinates":[-73.24611,40.813194]},"properties":{"site_name":"COMPUTER CIRCUITS","other_site_names":null,"state":"New York","industry":"Industry","matrix_type":"Groundwater","matrix":"Groundwater","year":null,"pfoa":"22","pfos":"6","total_pfas":null,"pfas_level":22,"notes":null,"regulation_gvt_link":null,"resources_link":null,"suspected_source_link":"https://cumulis.epa.gov/supercpad/SiteProfiles/index.cfm?fuseaction=second.Cleanup&id=0202636#bkground","pfas_testing_link":"Computer Circuits NY State Superfund Program.pdf","site_ref_link":null,"state_ref_link":null,"ObjectId":1771}},{"type":"Feature","id":1825,"geometry":{"type":"Point","coordinates":[-73.923171,42.852486]},"properties":{"site_name":"Schenectady Airport","other_site_names":"Stratton Air National Guard Base","state":"New York","industry":"Military","matrix_type":"Groundwater","matrix":"Groundwater","year":2021,"pfoa":"310","pfos":"5,300","total_pfas":null,"pfas_level":5300,"notes":null,"regulation_gvt_link":"ar.afcec-cloud.af.mil","resources_link":"National Reference_Agricultural-Operations-RTC","suspected_source_link":null,"pfas_testing_link":null,"site_ref_link":null,"state_ref_link":null,"ObjectId":1825}},{"type":"Feature","id":1851,"geometry":{"type":"Point","coordinates":[-73.56125,42.55977]},"properties":{"site_name":"Dewey Loeffel Landfill","other_site_names":null,"state":"New York","industry":"Waste","matrix_type":"Groundwater","matrix":"Groundwater","year":2022,"pfoa":"3","pfos":null,"total_pfas":null,"pfas_level":3,"notes":null,"regulation_gvt_link":null,"resources_link":"https://cumulis.epa.gov/supercpad/SiteProfiles/index.cfm?fuseaction=second.docdata&id=0201218","suspected_source_link":"https://www.epw.senate.gov/public/index.cfm/superfund-sites-identified-by-epa-to-have-pfas-contamination","pfas_testing_link":"https://projects.erg.com/deweyloeffelcag/docs/meetingsummaries/2022-11-09.pdf","site_ref_link":null,"state_ref_link":null,"ObjectId":1851}},{"type":"Feature","id":1858,"geometry":{"type":"Point","coordinates":[-73.726417,42.650333]},"properties":{"site_name":"Dunn Landfill","other_site_names":"Dunn C&D Landfill","state":"New York","industry":"Landfill","matrix_type":"Other Water","matrix":"Surface Water","year":2022,"pfoa":"4","pfos":"4","total_pfas":14,"pfas_level":14,"notes":null,"regulation_gvt_link":null,"resources_link":null,"suspected_source_link":"https://www.dunnminecd.com/","pfas_testing_link":"https://drive.google.com/file/d/14g5fAZkvJ9R-DtQd3uAKrEbhd29lUOIY/view?usp=share_link","site_ref_link":"https://drive.google.com/file/d/14g5fAZkvJ9R-DtQd3uAKrEbhd29lUOIY/view?usp=share_link","state_ref_link":"https://drive.google.com/drive/folders/1sltlDu105VOjR5fdgjrT1B-wnQHSJq48?usp=share_link","ObjectId":1858}},{"type":"Feature","id":1945,"geometry":{"type":"Point","coordinates":[-76.483331,43.47]},"properties":{"site_name":"Pollution Abatement Services","other_site_names":null,"state":"New York","industry":"Waste","matrix_type":"Groundwater","matrix":"Groundwater","year":2019,"pfoa":"19","pfos":"7","total_pfas":1026,"pfas_level":1026,"notes":null,"regulation_gvt_link":"https://semspub.epa.gov/work/02/704664.pdf","resources_link":"https://cumulis.epa.gov/supercpad/cursites/csitinfo.cfm?id=0201196","suspected_source_link":"https://cumulis.epa.gov/supercpad/cursites/csitinfo.cfm?id=0201196","pfas_testing_link":"https://semspub.epa.gov/work/02/704664.pdf","site_ref_link":"https://drive.google.com/drive/u/0/folders/1B3LLumhUCnVkvCphkAWh4trvh7p3apF6","state_ref_link":"https://drive.google.com/drive/u/0/folders/1sltlDu105VOjR5fdgjrT1B-wnQHSJq48","ObjectId":1945}},{"type":"Feature","id":2023,"geometry":{"type":"Point","coordinates":[-73.953148,43.041394]},"properties":{"site_name":"Knolls Atomic Power Laboratory","other_site_names":null,"state":"New York","industry":"Industry","matrix_type":"Groundwater","matrix":"Groundwater","year":null,"pfoa":"35","pfos":"72","total_pfas":null,"pfas_level":72,"notes":null,"regulation_gvt_link":null,"resources_link":null,"suspected_source_link":"https://www.energy.gov/pfas/articles/initial-assessment-and-polyfluoroalkyl-substances-department-energy-sites","pfas_testing_link":"https://drive.google.com/file/d/1TYuurjXuHOUXlZeiI2ZmsLC-dc7OPIFP/view?usp=share_link","site_ref_link":"https://drive.google.com/drive/folders/1H2nuJz2-t9fe5c1nCLgPNsefkaGDs1uB?usp=share_link","state_ref_link":"https://drive.google.com/drive/folders/1sltlDu105VOjR5fdgjrT1B-wnQHSJq48?usp=share_link","ObjectId":2023}},{"type":"Feature","id":2062,"geometry":{"type":"Point","coordinates":[-73.95331,43.04105]},"properties":{"site_name":"Knolls Atomic Power Laboratory-Kesselring","other_site_names":"Kenneth A. Kesselring Site","state":"New York","industry":"Industry","matrix_type":"Groundwater","matrix":"Groundwater","year":null,"pfoa":"14","pfos":"327","total_pfas":null,"pfas_level":327,"notes":null,"regulation_gvt_link":null,"resources_link":null,"suspected_source_link":"https://www.energy.gov/pfas/articles/initial-assessment-and-polyfluoroalkyl-substances-department-energy-sites","pfas_testing_link":"https://drive.google.com/file/d/1vbK9bBYdUM-Y-3vwj0SLeGZCoWftqwZr/view?usp=share_link","site_ref_link":"https://drive.google.com/drive/folders/1kzAEsctOE7wJXkFe4h3w9Hp9iHZCNgsV?usp=share_link","state_ref_link":"https://drive.google.com/drive/folders/1sltlDu105VOjR5fdgjrT1B-wnQHSJq48?usp=share_link","ObjectId":2062}},{"type":"Feature","id":2078,"geometry":{"type":"Point","coordinates":[-73.359838,42.891326]},"properties":{"site_name":"Oak Materials River Road","other_site_names":null,"state":"New York","industry":"Landfill","matrix_type":"Groundwater","matrix":"Groundwater","year":null,"pfoa":"940","pfos":null,"total_pfas":null,"pfas_level":940,"notes":"Activities at this site included the manufacture of flexible films and foils and flexible laminates for the electronics industry and skiving of Teflon tapes and machining Teflon parts.","regulation_gvt_link":null,"resources_link":"https://www.dec.ny.gov/cfmx/extapps/derexternal/haz/details.cfm?ProgNo=442008","suspected_source_link":"https://www.dec.ny.gov/chemical/108791.html","pfas_testing_link":"https://www.dec.ny.gov/cfmx/extapps/derexternal/haz/details.cfm?ProgNo=442008","site_ref_link":null,"state_ref_link":"https://drive.google.com/drive/u/1/folders/1Yla_380Qxjf4iLAK34ajtSEXmM8gBJ9P","ObjectId":2078}},{"type":"Feature","id":2091,"geometry":{"type":"Point","coordinates":[-73.325547,42.725725]},"properties":{"site_name":"Petersburgh Landfill","other_site_names":null,"state":"New York","industry":"Landfill","matrix_type":"Groundwater","matrix":"Groundwater","year":null,"pfoa":"1,600","pfos":"2,100","total_pfas":null,"pfas_level":2100,"notes":null,"regulation_gvt_link":"https://www.dec.ny.gov/chemical/108820.html","resources_link":"https://www.dec.ny.gov/cfmx/extapps/derexternal/haz/details.cfm?ProgNo=442054","suspected_source_link":"https://www.dec.ny.gov/chemical/108820.html","pfas_testing_link":"https://www.dec.ny.gov/chemical/108820.html","site_ref_link":null,"state_ref_link":"https://drive.google.com/drive/u/0/folders/1sltlDu105VOjR5fdgjrT1B-wnQHSJq48","ObjectId":2091}},{"type":"Feature","id":2092,"geometry":{"type":"Point","coordinates":[-73.350631,42.903456]},"properties":{"site_name":"Allied-Signal Laminate Systems - Mechanic Street","other_site_names":null,"state":"New York","industry":"Industry","matrix_type":"Groundwater","matrix":"Groundwater","year":null,"pfoa":"2,200","pfos":null,"total_pfas":null,"pfas_level":2200,"notes":"The site was used for manufacturing. In the 1970s and 80s several buildings were constructed and operated by Oak Materials to produce laminate substrates for printed circuit boards","regulation_gvt_link":null,"resources_link":"https://www.dec.ny.gov/cfmx/extapps/derexternal/haz/details.cfm?ProgNo=442050","suspected_source_link":"https://www.dec.ny.gov/cfmx/extapps/derexternal/haz/details.cfm?ProgNo=442050","pfas_testing_link":"https://www.dec.ny.gov/cfmx/extapps/derexternal/haz/details.cfm?ProgNo=442050","site_ref_link":null,"state_ref_link":"https://drive.google.com/drive/u/0/folders/1sltlDu105VOjR5fdgjrT1B-wnQHSJq48","ObjectId":2092}},{"type":"Feature","id":2095,"geometry":{"type":"Point","coordinates":[-73.353156,42.901206]},"properties":{"site_name":"Former Oak Materials John Street","other_site_names":null,"state":"New York","industry":"Industry","matrix_type":"Groundwater","matrix":"Groundwater","year":null,"pfoa":"2,600","pfos":null,"total_pfas":null,"pfas_level":2600,"notes":"Dodge Industries developed PTFE coated fiberglass yarn, thread, and braiding operations, and began manufacturing at the John Street Facility in 1956. ","regulation_gvt_link":null,"resources_link":"https://www.dec.ny.gov/cfmx/extapps/derexternal/haz/details.cfm?ProgNo=442049","suspected_source_link":"https://www.dec.ny.gov/cfmx/extapps/derexternal/haz/details.cfm?ProgNo=442049","pfas_testing_link":"https://www.dec.ny.gov/cfmx/extapps/derexternal/haz/details.cfm?ProgNo=442049","site_ref_link":null,"state_ref_link":"https://drive.google.com/drive/u/1/folders/1Yla_380Qxjf4iLAK34ajtSEXmM8gBJ9P","ObjectId":2095}},{"type":"Feature","id":2110,"geometry":{"type":"Point","coordinates":[-73.356911,42.89386]},"properties":{"site_name":"Saint Gobain Performance Plastics","other_site_names":"Saint-Gobain Performance Plastics","state":"New York","industry":"Industry","matrix_type":"Groundwater","matrix":"Groundwater","year":null,"pfoa":"18,000","pfos":null,"total_pfas":null,"pfas_level":18000,"notes":"Filters for private wells, $10mil for 1,500 filters around Superfund. Saint Gobain paying $3mil for filtration system. Dept. of Health says filters have been doing well since they went online & water is safe to drink. The town of Hoosick and village of Hoosick Falls are forming a working group of residents and business owners to participate in discussions on cleanup work at PFOA-contaminated sites. ","regulation_gvt_link":"https://www.dec.ny.gov/chemical/108791.html","resources_link":"https://cumulis.epa.gov/supercpad/SiteProfiles/index.cfm?fuseaction=second.docdata&id=0202702","suspected_source_link":"http://www.timesunion.com/local/article/Saint-Gobain-Honeywell-sued-over-Hoosick-Falls-10814472.php","pfas_testing_link":"https://www.health.ny.gov/environmental/investigations/hoosick/images/results_dist.jpg","site_ref_link":"https://drive.google.com/drive/u/0/folders/1d4eqGyOA1V2J8JeZ7U181IlMMJOozmIA","state_ref_link":"https://drive.google.com/drive/u/0/folders/1sltlDu105VOjR5fdgjrT1B-wnQHSJq48","ObjectId":2110}},{"type":"Feature","id":2123,"geometry":{"type":"Point","coordinates":[-73.360001,42.740972]},"properties":{"site_name":"Taconic Plastics Factory","other_site_names":null,"state":"New York","industry":"Industry","matrix_type":"Groundwater","matrix":"Groundwater","year":null,"pfoa":"152,000","pfos":null,"total_pfas":2100,"pfas_level":152000,"notes":"Taconic Plastics Limited factory (owned by Saint-Gobain) and Petersburgh Landfill.","regulation_gvt_link":"https://www.dec.ny.gov/chemical/108820.html","resources_link":"https://www.dec.ny.gov/chemical/108820.html","suspected_source_link":"https://www.dec.ny.gov/chemical/108820.html","pfas_testing_link":"https://www.dec.ny.gov/chemical/108820.html","site_ref_link":"https://drive.google.com/drive/u/1/folders/1Cv7_qSjwnbh62BvGEcCLExvqDqdl-88S","state_ref_link":"https://drive.google.com/drive/u/1/folders/1Yla_380Qxjf4iLAK34ajtSEXmM8gBJ9P","ObjectId":2123}},{"type":"Feature","id":2129,"geometry":{"type":"Point","coordinates":[-73.46792,44.65206]},"properties":{"site_name":"Plattsburgh International Airport","other_site_names":"Plattsburgh Air Force Base","state":"New York","industry":"Military","matrix_type":"Groundwater","matrix":"Groundwater","year":null,"pfoa":null,"pfos":null,"total_pfas":null,"pfas_level":1045000,"notes":"AFFF used at Plattsburgh Airforce Base.\nWas declared a superfund site in 1989. ","regulation_gvt_link":"https://cumulis.epa.gov/supercpad/SiteProfiles/index.cfm?fuseaction=second.cleanup&id=0202439","resources_link":"https://cumulis.epa.gov/supercpad/SiteProfiles/index.cfm?fuseaction=second.Healthenv&id=0202439","suspected_source_link":"https://www.northcountrypublicradio.org/news/story/30828/20160129/air-force-finds-chemicals-in-groundwater-near-former-plattsburgh-base","pfas_testing_link":null,"site_ref_link":"https://drive.google.com/drive/u/0/folders/16AFzaQ9SZ1P7_iFmbH9sM7uW5W0Knj1L","state_ref_link":"https://drive.google.com/drive/u/0/folders/1sltlDu105VOjR5fdgjrT1B-wnQHSJq48","ObjectId":2129}},{"type":"Feature","id":2351,"geometry":{"type":"Point","coordinates":[-74.082719,41.502125]},"properties":{"site_name":"Stewart Air National Guard Base","other_site_names":"Stewart International Airport","state":"New York","industry":"Military","matrix_type":"Groundwater","matrix":"Groundwater","year":2016,"pfoa":"220","pfos":"5900","total_pfas":6773,"pfas_level":6773,"notes":"AFFF used at Stewart Air National Guard Base / Stewart International Airport","regulation_gvt_link":"N/A","resources_link":"https://www.cityofnewburgh-ny.gov/water-department/pages/2016-pfos-contamination-water-crisis-update\n\nhttp://www.dec.ny.gov/chemical/108825.html","suspected_source_link":"http://www.cbsnews.com/news/water-pfos-contamination-scare-hits-newburgh-new-york/","pfas_testing_link":"https://drive.google.com/file/d/1E__ASqCx5wr5t-8QdchoE-v0Q6lKPjBl/view?usp=sharing","site_ref_link":"https://drive.google.com/drive/u/0/folders/175ZyX1pDNWrQIGZCEmIJjgEoIiz1nyHc","state_ref_link":"https://drive.google.com/drive/u/1/folders/1Yla_380Qxjf4iLAK34ajtSEXmM8gBJ9P","ObjectId":2351}},{"type":"Feature","id":2352,"geometry":{"type":"Point","coordinates":[-74.079426,41.494559]},"properties":{"site_name":"New Windsor Landfill","other_site_names":null,"state":"New York","industry":"Military","matrix_type":"Groundwater","matrix":"Groundwater","year":2016,"pfoa":"40","pfos":"50","total_pfas":207,"pfas_level":207,"notes":"AFFF used at Stewart Air National Guard Base / Stewart International Airport","regulation_gvt_link":"N/A","resources_link":"https://www.dec.ny.gov/chemical/108831.html","suspected_source_link":"https://www.recordonline.com/news/20190502/new-windsor-closing-wells-after-toxic-chemicals-found","pfas_testing_link":null,"site_ref_link":"https://drive.google.com/drive/u/0/folders/1lp-Vg9gQLEFORUwhxfrw4HGxQkrBcEZt","state_ref_link":"https://drive.google.com/drive/u/1/folders/1Yla_380Qxjf4iLAK34ajtSEXmM8gBJ9P","ObjectId":2352}},{"type":"Feature","id":2353,"geometry":{"type":"Point","coordinates":[-73.360001,42.740972]},"properties":{"site_name":"Taconic Plastics Factory","other_site_names":null,"state":"New York","industry":"Industry","matrix_type":"Groundwater","matrix":"Groundwater","year":null,"pfoa":"152000","pfos":null,"total_pfas":2100,"pfas_level":152000,"notes":"Taconic Plastics Limited factory (owned by Saint-Gobain) and Petersburgh Landfill.","regulation_gvt_link":"https://www.dec.ny.gov/chemical/108820.html","resources_link":"https://www.dec.ny.gov/chemical/108820.html","suspected_source_link":"https://www.dec.ny.gov/chemical/108820.html","pfas_testing_link":"https://www.dec.ny.gov/chemical/108820.html","site_ref_link":"https://drive.google.com/drive/u/1/folders/1Cv7_qSjwnbh62BvGEcCLExvqDqdl-88S","state_ref_link":"https://drive.google.com/drive/u/1/folders/1Yla_380Qxjf4iLAK34ajtSEXmM8gBJ9P","ObjectId":2353}},{"type":"Feature","id":2354,"geometry":{"type":"Point","coordinates":[-73.46792,44.65206]},"properties":{"site_name":"Plattsburgh International Airport","other_site_names":"Plattsburgh Air Force Base","state":"New York","industry":"Military","matrix_type":"Groundwater","matrix":"Groundwater","year":null,"pfoa":null,"pfos":null,"total_pfas":null,"pfas_level":1045000,"notes":"AFFF used at Plattsburgh Airforce Base.\nWas declared a superfund site in 1989. ","regulation_gvt_link":"https://cumulis.epa.gov/supercpad/SiteProfiles/index.cfm?fuseaction=second.cleanup&id=0202439","resources_link":"https://cumulis.epa.gov/supercpad/SiteProfiles/index.cfm?fuseaction=second.Healthenv&id=0202439","suspected_source_link":"https://www.northcountrypublicradio.org/news/story/30828/20160129/air-force-finds-chemicals-in-groundwater-near-former-plattsburgh-base","pfas_testing_link":null,"site_ref_link":"https://drive.google.com/drive/u/0/folders/16AFzaQ9SZ1P7_iFmbH9sM7uW5W0Knj1L","state_ref_link":"https://drive.google.com/drive/u/0/folders/1sltlDu105VOjR5fdgjrT1B-wnQHSJq48","ObjectId":2354}},{"type":"Feature","id":2355,"geometry":{"type":"Point","coordinates":[-73.708664,41.068333]},"properties":{"site_name":"Westchester County Airport","other_site_names":null,"state":"New York","industry":"Airport","matrix_type":"Groundwater","matrix":"Groundwater","year":2018,"pfoa":null,"pfos":null,"total_pfas":null,"pfas_level":14940,"notes":"AFFF used at Westchester County Airport","regulation_gvt_link":"N/A","resources_link":"http://crcairport.org/wp-content/uploads/2018/01/letter.VCP_.V00499.V00611.2017-08-18.WCA_Followup_PFCs.pdf","suspected_source_link":"http://crcairport.org/wp-content/uploads/2018/01/letter.VCP_.V00499.V00611.2017-08-18.WCA_Followup_PFCs.pdf   ","pfas_testing_link":"N/A","site_ref_link":"https://drive.google.com/drive/u/1/folders/13FLgWN0x0W8gqLvo64C4XgST8RdyYR9o","state_ref_link":"https://drive.google.com/drive/u/1/folders/1Yla_380Qxjf4iLAK34ajtSEXmM8gBJ9P","ObjectId":2355}},{"type":"Feature","id":2356,"geometry":{"type":"Point","coordinates":[-72.9189,40.812082]},"properties":{"site_name":"Suffolk County Firematics Training Facility","other_site_names":null,"state":"New York","industry":"Fire Department/Training Facility","matrix_type":"Groundwater","matrix":"Groundwater","year":2017,"pfoa":"330","pfos":"3520","total_pfas":5610,"pfas_level":5610,"notes":"AFFF used at Suffolk County Firematics Training Facility","regulation_gvt_link":"https://www.suffolkcountyny.gov/Departments/Health-Services/Environmental-Quality/Groundwater-Quality-in-Yaphank","resources_link":"https://www.suffolkcountyny.gov/Departments/Health-Services/Environmental-Quality/Groundwater-Quality-in-Yaphank","suspected_source_link":"https://patch.com/new-york/westhampton-hamptonbays/toxic-pfas-chemical-found-long-island-here-s-where","pfas_testing_link":"N/A","site_ref_link":"https://drive.google.com/drive/u/1/folders/1Pw_YyB7LoSyOD4UXj86GrkjBwjiUmclI","state_ref_link":"https://drive.google.com/drive/u/1/folders/1Yla_380Qxjf4iLAK34ajtSEXmM8gBJ9P","ObjectId":2356}},{"type":"Feature","id":2357,"geometry":{"type":"Point","coordinates":[-72.248017,40.960992]},"properties":{"site_name":"East Hampton Airport","other_site_names":null,"state":"New York","industry":"Airport","matrix_type":"Groundwater","matrix":"Groundwater","year":2018,"pfoa":null,"pfos":"290","total_pfas":null,"pfas_level":290,"notes":"AFFF used at East Hampton Airport","regulation_gvt_link":"N/A","resources_link":"https://www.suffolkcountyny.gov","suspected_source_link":"http://www.suffolkcountyny.gov/health/pfcwaterinfo","pfas_testing_link":"N/A","site_ref_link":"https://drive.google.com/drive/u/1/folders/1d0DjiydD42Av8-CObChmwcEBnB4cYqn4","state_ref_link":"https://drive.google.com/drive/u/1/folders/1Yla_380Qxjf4iLAK34ajtSEXmM8gBJ9P","ObjectId":2357}},{"type":"Feature","id":2358,"geometry":{"type":"Point","coordinates":[-72.644528,40.837931]},"properties":{"site_name":"Gabreski Air National Guard Base","other_site_names":"Gabreski Airport, Francis S. Gabreski","state":"New York","industry":"Military","matrix_type":"Groundwater","matrix":"Groundwater","year":2020,"pfoa":"14000","pfos":"220000","total_pfas":354936,"pfas_level":354936,"notes":"Suspect AFFF used at base from 1970s until phase out in 2004.","regulation_gvt_link":"N/A","resources_link":"http://www.suffolkcountyny.gov/Departments/HealthServices/GroundWaterQualityWesthampton.aspx","suspected_source_link":"http://www.suffolkcountyny.gov/Departments/HealthServices/GroundWaterQualityWesthampton.aspx","pfas_testing_link":"https://drive.google.com/file/d/10zKHQcmTmiVCvo-s0zkocYDTP_x4wyC8/view?usp=sharing","site_ref_link":"https://drive.google.com/drive/u/0/folders/1QlNV6LuKXVVR_wXkBvwUSo8aIhJF93Qh","state_ref_link":"https://drive.google.com/drive/u/1/folders/1Yla_380Qxjf4iLAK34ajtSEXmM8gBJ9P","ObjectId":2358}},{"type":"Feature","id":2359,"geometry":{"type":"Point","coordinates":[-72.526706,40.877069]},"properties":{"site_name":"Hampton Bays Fire Station","other_site_names":null,"state":"New York","industry":"Fire Department/Training Facility","matrix_type":"Groundwater","matrix":"Groundwater","year":2018,"pfoa":null,"pfos":"2400","total_pfas":2400,"pfas_level":2400,"notes":"AFFF used at Hampton Bays Fire Station","regulation_gvt_link":"N/A","resources_link":"https://www.dec.ny.gov/data/der/factsheet/152249riwpeng.pdf","suspected_source_link":"https://www.nrdc.org/experts/joan-leary-matthews/undrinkable-water-hampton-bays-ny-edition","pfas_testing_link":null,"site_ref_link":"https://drive.google.com/drive/u/1/folders/1OQHUOrhleHTwsoUaTm3OiNYyaNeLanG8","state_ref_link":"https://drive.google.com/drive/u/1/folders/1Yla_380Qxjf4iLAK34ajtSEXmM8gBJ9P","ObjectId":2359}},{"type":"Feature","id":2360,"geometry":{"type":"Point","coordinates":[-75.748778,44.058048]},"properties":{"site_name":"Fort Drum","other_site_names":null,"state":"New York","industry":"Military","matrix_type":"Groundwater","matrix":"Groundwater","year":2017,"pfoa":null,"pfos":null,"total_pfas":null,"pfas_level":15000,"notes":"AFFF used at Fort Drum","regulation_gvt_link":"N/A","resources_link":"https://home.army.mil/drum/application/files/8615/5535/5022/2018_Fort_Drum_AWQR.pdf","suspected_source_link":"https://drive.google.com/file/d/1EUMAiROzk8OxvPAWubv0xGGH9zI6mw4d/view?usp=drive_link ","pfas_testing_link":"https://home.army.mil/drum/application/files/8615/5535/5022/2018_Fort_Drum_AWQR.pdf","site_ref_link":"https://drive.google.com/drive/u/1/folders/1d8_JvA_1p8m7b-d70TaKFZ_0KXQBSX04","state_ref_link":"https://drive.google.com/drive/u/1/folders/1Yla_380Qxjf4iLAK34ajtSEXmM8gBJ9P","ObjectId":2360}},{"type":"Feature","id":2361,"geometry":{"type":"Point","coordinates":[-76.872096,42.765189]},"properties":{"site_name":"Seneca Army Ammunition Plant (Depot)","other_site_names":"Seneca Army Depot","state":"New York","industry":"Military","matrix_type":"Groundwater","matrix":"Groundwater","year":2017,"pfoa":null,"pfos":null,"total_pfas":null,"pfas_level":89000,"notes":"AFFF used at, or industrial emissions from Seneca Army Ammunition Plant","regulation_gvt_link":"https://cumulis.epa.gov/supercpad/SiteProfiles/index.cfm?fuseaction=second.cleanup&id=0202425","resources_link":"https://cumulis.epa.gov/supercpad/cursites/csitinfo.cfm?id=0202425","suspected_source_link":"https://drive.google.com/file/d/1EUMAiROzk8OxvPAWubv0xGGH9zI6mw4d/view?usp=drive_link ","pfas_testing_link":"N/A","site_ref_link":"https://drive.google.com/drive/u/1/folders/13famj5c7YjnCwp_CasTacxmNBxZndf7p","state_ref_link":"https://drive.google.com/drive/u/1/folders/1S7TxvbgEeIga6RhHP0qHd0Wdt4ebhZVO","ObjectId":2361}},{"type":"Feature","id":2362,"geometry":{"type":"Point","coordinates":[-72.791955,40.915154]},"properties":{"site_name":"Naval Weapons Industrial Reserve Plant, Calverton","other_site_names":null,"state":"New York","industry":"Military","matrix_type":"Groundwater","matrix":"Groundwater","year":2017,"pfoa":null,"pfos":null,"total_pfas":null,"pfas_level":2700,"notes":"AFFF used at Naval Weapons Industrial Reserve Plant, Calverton","regulation_gvt_link":"https://www.navfac.navy.mil/products_and_services/ev/products_and_services/env_restoration/installation_map/navfac_atlantic/midlant/calverton.html","resources_link":"https://www.navfac.navy.mil/products_and_services/ev/products_and_services/env_restoration/installation_map/navfac_atlantic/midlant/calverton/pfas.html","suspected_source_link":"https://drive.google.com/file/d/1EUMAiROzk8OxvPAWubv0xGGH9zI6mw4d/view?usp=drive_link ","pfas_testing_link":"N/A","site_ref_link":"https://drive.google.com/drive/u/1/folders/11zXVbppZmJxvqdmVOhR1TTCyXPhd7-eP","state_ref_link":"https://drive.google.com/drive/u/0/folders/1sltlDu105VOjR5fdgjrT1B-wnQHSJq48","ObjectId":2362}},{"type":"Feature","id":2363,"geometry":{"type":"Point","coordinates":[-75.405111,43.22584]},"properties":{"site_name":"Former Griffiss Air Force Base","other_site_names":"Griffiss Air Force Base (11 Areas)","state":"New York","industry":"Military","matrix_type":"Groundwater","matrix":"Groundwater","year":2017,"pfoa":null,"pfos":null,"total_pfas":67077,"pfas_level":67077,"notes":"AFFF used at Former Griffiss Air Force Base","regulation_gvt_link":"https://cumulis.epa.gov/supercpad/SiteProfiles/index.cfm?fuseaction=second.cleanup&id=0202438","resources_link":"https://ar.cce.af.mil/Search","suspected_source_link":"https://drive.google.com/file/d/1EUMAiROzk8OxvPAWubv0xGGH9zI6mw4d/view?usp=drive_link ","pfas_testing_link":"https://www.dec.ny.gov/data/DecDocs/633006/Report.HW.633006.2017-04-28.DRAFT%20SITE%20INSPECTION%20REPORT%20FOR%20AQUEOUS%20FILM%20FORMING%20FOAM%20(AFFF)%20AREAS.pdf","site_ref_link":"https://drive.google.com/drive/u/1/folders/15lmpR24dL4_O4Wd3JRVIFDvPpoEIFr56","state_ref_link":"https://drive.google.com/drive/u/1/folders/1Yla_380Qxjf4iLAK34ajtSEXmM8gBJ9P","ObjectId":2363}},{"type":"Feature","id":2364,"geometry":{"type":"Point","coordinates":[-75.590641,43.126261]},"properties":{"site_name":"DFSP Verona","other_site_names":null,"state":"New York","industry":"Military","matrix_type":"Groundwater","matrix":"Groundwater","year":2017,"pfoa":null,"pfos":null,"total_pfas":null,"pfas_level":1300,"notes":"AFFF used at DFSP Verona","regulation_gvt_link":"N/A","resources_link":"https://www.dec.ny.gov/chemical/108831.html","suspected_source_link":"https://drive.google.com/file/d/1EUMAiROzk8OxvPAWubv0xGGH9zI6mw4d/view?usp=drive_link ","pfas_testing_link":"N/A","site_ref_link":"https://drive.google.com/drive/u/1/folders/1JMAyOlMPJ-YOx11t8u0cMymYlu_8h0lq","state_ref_link":"https://drive.google.com/drive/folders/1sltlDu105VOjR5fdgjrT1B-wnQHSJq48","ObjectId":2364}},{"type":"Feature","id":2365,"geometry":{"type":"Point","coordinates":[-76.104578,43.102361]},"properties":{"site_name":"Hancock Field Air National Guard Base","other_site_names":null,"state":"New York","industry":"Military","matrix_type":"Groundwater","matrix":"Groundwater","year":2018,"pfoa":"9500","pfos":"130000","total_pfas":177500,"pfas_level":177500,"notes":"AFFF used at Hancock Field Air National Guard Base","regulation_gvt_link":"N/A","resources_link":"http://afcec.publicadmin-record.us.af.mil/","suspected_source_link":"https://ar.afcec-cloud.af.mil/Search.aspx","pfas_testing_link":"https://drive.google.com/file/d/1qNmonYjOOSOyzNY2LDEHxE8TCSARLBSG/view?usp=sharing","site_ref_link":"https://drive.google.com/drive/u/0/folders/1xR3kwFn_KpiXVcZFpwa6sIZVJVtj97tJ","state_ref_link":"https://drive.google.com/drive/u/1/folders/1Yla_380Qxjf4iLAK34ajtSEXmM8gBJ9P","ObjectId":2365}},{"type":"Feature","id":2366,"geometry":{"type":"Point","coordinates":[-78.946142,43.11319]},"properties":{"site_name":"Niagara Falls Air Reserve Station","other_site_names":null,"state":"New York","industry":"Military","matrix_type":"Groundwater","matrix":"Groundwater","year":2018,"pfoa":"110000","pfos":"1200000","total_pfas":1341000,"pfas_level":1341000,"notes":"AFFF used at Niagara Falls Air Reserve Station","regulation_gvt_link":"N/A","resources_link":"http://afcec.publicadmin-record.us.af.mil/","suspected_source_link":"https://www.dec.ny.gov/data/DecDocs/932106/Report.RCRA.932106.2019-01-10.Final_Site_Inspection_Report_AFFF_at_NFARS.pdf","pfas_testing_link":"https://drive.google.com/file/d/1H9kw_0L98kFrYugYvq4nJy0e2w0kpbF8/view?usp=sharing","site_ref_link":"https://drive.google.com/drive/u/0/folders/1q3MzUIlCojpumfvLuW44C7dOcSjZwNAu","state_ref_link":"https://drive.google.com/drive/u/1/folders/1Yla_380Qxjf4iLAK34ajtSEXmM8gBJ9P","ObjectId":2366}},{"type":"Feature","id":2581,"geometry":{"type":"Point","coordinates":[-73.356911,42.89386]},"properties":{"site_name":"Saint Gobain Performance Plastics","other_site_names":"Saint-Gobain Performance Plastics","state":"New York","industry":"Industry","matrix_type":"Groundwater","matrix":"Groundwater","year":null,"pfoa":"18000","pfos":null,"total_pfas":null,"pfas_level":18000,"notes":"Filters for private wells, $10mil for 1,500 filters around Superfund. Saint Gobain paying $3mil for filtration system. Dept. of Health says filters have been doing well since they went online & water is safe to drink. The town of Hoosick and village of Hoosick Falls are forming a working group of residents and business owners to participate in discussions on cleanup work at PFOA-contaminated sites. ","regulation_gvt_link":"https://www.dec.ny.gov/chemical/108791.html","resources_link":"https://cumulis.epa.gov/supercpad/SiteProfiles/index.cfm?fuseaction=second.docdata&id=0202702","suspected_source_link":"http://www.timesunion.com/local/article/Saint-Gobain-Honeywell-sued-over-Hoosick-Falls-10814472.php","pfas_testing_link":"https://www.health.ny.gov/environmental/investigations/hoosick/images/results_dist.jpg","site_ref_link":"https://drive.google.com/drive/u/0/folders/1d4eqGyOA1V2J8JeZ7U181IlMMJOozmIA","state_ref_link":"https://drive.google.com/drive/u/0/folders/1sltlDu105VOjR5fdgjrT1B-wnQHSJq48","ObjectId":2581}},{"type":"Feature","id":2582,"geometry":{"type":"Point","coordinates":[-73.941693,41.299324]},"properties":{"site_name":"Camp Smith","other_site_names":null,"state":"New York","industry":"Military","matrix_type":"Other Water","matrix":"Drinking Water","year":2018,"pfoa":"4","pfos":"51","total_pfas":113,"pfas_level":113,"notes":null,"regulation_gvt_link":null,"resources_link":null,"suspected_source_link":"https://drive.google.com/file/d/1g1t60FsMLcfluvkLqorqlbsHnkF_rNZw/view?usp=sharing","pfas_testing_link":"https://drive.google.com/file/d/1g1t60FsMLcfluvkLqorqlbsHnkF_rNZw/view?usp=sharing","site_ref_link":"https://drive.google.com/drive/u/0/folders/17vc5JX3Gvo92Bih-kg-GABnBbExIJhXg","state_ref_link":"https://drive.google.com/drive/u/1/folders/1Yla_380Qxjf4iLAK34ajtSEXmM8gBJ9P","ObjectId":2582}},{"type":"Feature","id":2583,"geometry":{"type":"Point","coordinates":[-76.813644,42.140281]},"properties":{"site_name":"Horsehead Training Site","other_site_names":null,"state":"New York","industry":"Military","matrix_type":"Other Water","matrix":"Drinking Water","year":2018,"pfoa":null,"pfos":null,"total_pfas":1,"pfas_level":1,"notes":null,"regulation_gvt_link":null,"resources_link":null,"suspected_source_link":"https://drive.google.com/file/d/1g1t60FsMLcfluvkLqorqlbsHnkF_rNZw/view?usp=sharing","pfas_testing_link":"https://drive.google.com/file/d/1g1t60FsMLcfluvkLqorqlbsHnkF_rNZw/view?usp=sharing","site_ref_link":"https://drive.google.com/drive/u/0/folders/17vc5JX3Gvo92Bih-kg-GABnBbExIJhXg","state_ref_link":"https://drive.google.com/drive/u/1/folders/1Yla_380Qxjf4iLAK34ajtSEXmM8gBJ9P","ObjectId":2583}},{"type":"Feature","id":2584,"geometry":{"type":"Point","coordinates":[-74.017595,41.375541]},"properties":{"site_name":"West Point Military Reservation","other_site_names":"West Point Range Opperations ","state":"New York","industry":"Military","matrix_type":"Other Water","matrix":"Drinking Water","year":2018,"pfoa":null,"pfos":null,"total_pfas":55,"pfas_level":55,"notes":null,"regulation_gvt_link":null,"resources_link":null,"suspected_source_link":null,"pfas_testing_link":"https://cdn3.ewg.org/sites/default/files/u352/EWG_PFASTable-Army_C01.pdf","site_ref_link":"https://drive.google.com/drive/u/0/folders/17vc5JX3Gvo92Bih-kg-GABnBbExIJhXg","state_ref_link":"https://drive.google.com/drive/u/1/folders/1Yla_380Qxjf4iLAK34ajtSEXmM8gBJ9P","ObjectId":2584}},{"type":"Feature","id":2879,"geometry":{"type":"Point","coordinates":[-72.874437,40.864216]},"properties":{"site_name":"Brookhaven National Laboratory (USDOE)","other_site_names":null,"state":"New York","industry":"Industry","matrix_type":"Groundwater","matrix":"Groundwater","year":2022,"pfoa":"1400","pfos":"12200","total_pfas":null,"pfas_level":12200,"notes":null,"regulation_gvt_link":null,"resources_link":"https://cumulis.epa.gov/supercpad/SiteProfiles/index.cfm?fuseaction=second.docdata&id=0202841","suspected_source_link":"https://www.epw.senate.gov/public/index.cfm/superfund-sites-identified-by-epa-to-have-pfas-contamination","pfas_testing_link":null,"site_ref_link":"DOE Initial PFAS Assessment -508.pdf","state_ref_link":null,"ObjectId":2879}},{"type":"Feature","id":2880,"geometry":{"type":"Point","coordinates":[-75.58915,42.16041]},"properties":{"site_name":"Colesville Municipal Landfill","other_site_names":null,"state":"New York","industry":"Waste","matrix_type":"Groundwater","matrix":"Groundwater","year":2025,"pfoa":"10","pfos":"3","total_pfas":null,"pfas_level":10,"notes":null,"regulation_gvt_link":null,"resources_link":"https://cumulis.epa.gov/supercpad/cursites/csitinfo.cfm?id=0202237","suspected_source_link":"https://www.epw.senate.gov/public/index.cfm/superfund-sites-identified-by-epa-to-have-pfas-contamination","pfas_testing_link":"https://semspub.epa.gov/work/02/746877.pdf","site_ref_link":null,"state_ref_link":null,"ObjectId":2880}},{"type":"Feature","id":2881,"geometry":{"type":"Point","coordinates":[-73.56125,42.55977]},"properties":{"site_name":"Dewey Loeffel Landfill","other_site_names":null,"state":"New York","industry":"Waste","matrix_type":"Groundwater","matrix":"Groundwater","year":2022,"pfoa":"3","pfos":null,"total_pfas":null,"pfas_level":3,"notes":null,"regulation_gvt_link":null,"resources_link":"https://cumulis.epa.gov/supercpad/SiteProfiles/index.cfm?fuseaction=second.docdata&id=0201218","suspected_source_link":"https://www.epw.senate.gov/public/index.cfm/superfund-sites-identified-by-epa-to-have-pfas-contamination","pfas_testing_link":"https://projects.erg.com/deweyloeffelcag/docs/meetingsummaries/2022-11-09.pdf","site_ref_link":null,"state_ref_link":null,"ObjectId":2881}},{"type":"Feature","id":2882,"geometry":{"type":"Point","coordinates":[-76.21024,43.09029]},"properties":{"site_name":"Onondaga Lake","other_site_names":null,"state":"New York","industry":"Industry","matrix_type":"Surface Water","matrix":"Surface Water","year":2006,"pfoa":"64","pfos":"1090","total_pfas":null,"pfas_level":1090,"notes":"Sampling data comes from peer-reviewed source published in 2006","regulation_gvt_link":null,"resources_link":"https://cumulis.epa.gov/supercpad/SiteProfiles/index.cfm?fuseaction=second.docdata&id=0203382","suspected_source_link":"https://www.epw.senate.gov/public/index.cfm/superfund-sites-identified-by-epa-to-have-pfas-contamination","pfas_testing_link":"https://link.springer.com/article/10.1007/s00244-005-1188-z#Tab2","site_ref_link":null,"state_ref_link":null,"ObjectId":2882}},{"type":"Feature","id":2955,"geometry":{"type":"Point","coordinates":[-73.499319,40.758445]},"properties":{"site_name":"Naval Weapons Industrial Reserve Plant Bethpage","other_site_names":null,"state":"New York","industry":"Military","matrix_type":"Groundwater","matrix":"Groundwater","year":2018,"pfoa":"96","pfos":"30","total_pfas":null,"pfas_level":107,"notes":null,"regulation_gvt_link":null,"resources_link":null,"suspected_source_link":"https://www.navfac.navy.mil/products_and_services/ev/products_and_services/env_restoration/pfas_reading_room.html","pfas_testing_link":"https://drive.google.com/file/d/1-mNh4ipXnrGoiFAR06fE3r4kdG8fragb/view?usp=sharing","site_ref_link":"https://drive.google.com/drive/u/0/folders/1K69wEiHHoyQsr7DXlN8B6IfdEttdfvFB","state_ref_link":null,"ObjectId":2955}},{"type":"Feature","id":2956,"geometry":{"type":"Point","coordinates":[-73.921473,42.851833]},"properties":{"site_name":"Schenectady Air National Guard Base","other_site_names":null,"state":"New York","industry":"Military","matrix_type":"Groundwater","matrix":"Groundwater","year":2018,"pfoa":"310","pfos":"5200","total_pfas":8180,"pfas_level":8180,"notes":null,"regulation_gvt_link":null,"resources_link":null,"suspected_source_link":"https://ar.afcec-cloud.af.mil/Search.aspx","pfas_testing_link":"https://drive.google.com/file/d/1TgdfMhaCqRIAxsdufUgRT4CQU4_V0YLB/view?usp=sharing","site_ref_link":null,"state_ref_link":null,"ObjectId":2956}},{"type":"Feature","id":3214,"geometry":{"type":"Point","coordinates":[-72.875139,40.864237]},"properties":{"site_name":"Brookhaven National Laboratory ","other_site_names":null,"state":"New York","industry":"Industry","matrix_type":"Groundwater","matrix":"Groundwater","year":2021,"pfoa":"6","pfos":"7","total_pfas":14,"pfas_level":14,"notes":"monitoring and remediation is in progress.","regulation_gvt_link":null,"resources_link":null,"suspected_source_link":"https://drive.google.com/file/d/1tCiCRHD7hbuPQki36WdIzUPO3NxgUZh2/view?usp=share_link","pfas_testing_link":"https://drive.google.com/file/d/1tCiCRHD7hbuPQki36WdIzUPO3NxgUZh2/view?usp=share_link","site_ref_link":"https://drive.google.com/drive/folders/1pkmCXSGzW5IRp2jJXdHJ-Bfdtc7HA2e3?usp=share_link","state_ref_link":"https://drive.google.com/drive/folders/1sltlDu105VOjR5fdgjrT1B-wnQHSJq48?usp=share_link","ObjectId":3214}},{"type":"Feature","id":3215,"geometry":{"type":"Point","coordinates":[-73.730154,42.806609]},"properties":{"site_name":"Colonie Landfill","other_site_names":null,"state":"New York","industry":"Landfill","matrix_type":"Other Water","matrix":"Surface Water","year":2017,"pfoa":"519","pfos":null,"total_pfas":null,"pfas_level":519,"notes":null,"regulation_gvt_link":null,"resources_link":null,"suspected_source_link":"https://mohawk.substack.com/p/leaking-landfill","pfas_testing_link":"https://drive.google.com/drive/u/1/folders/1RxzpwMupCq9WiAltScZdFV9eOskFNJVC","site_ref_link":"https://drive.google.com/drive/u/1/folders/1RxzpwMupCq9WiAltScZdFV9eOskFNJVC","state_ref_link":"https://drive.google.com/drive/u/1/folders/1sltlDu105VOjR5fdgjrT1B-wnQHSJq48","ObjectId":3215}},{"type":"Feature","id":3216,"geometry":{"type":"Point","coordinates":[-73.726417,42.650333]},"properties":{"site_name":"Dunn Landfill","other_site_names":"Dunn C&D Landfill","state":"New York","industry":"Landfill","matrix_type":"Other Water","matrix":"Surface Water","year":2022,"pfoa":"4","pfos":"4","total_pfas":14,"pfas_level":14,"notes":null,"regulation_gvt_link":null,"resources_link":null,"suspected_source_link":"https://www.dunnminecd.com/","pfas_testing_link":"https://drive.google.com/file/d/14g5fAZkvJ9R-DtQd3uAKrEbhd29lUOIY/view?usp=share_link","site_ref_link":"https://drive.google.com/file/d/14g5fAZkvJ9R-DtQd3uAKrEbhd29lUOIY/view?usp=share_link","state_ref_link":"https://drive.google.com/drive/folders/1sltlDu105VOjR5fdgjrT1B-wnQHSJq48?usp=share_link","ObjectId":3216}},{"type":"Feature","id":3217,"geometry":{"type":"Point","coordinates":[-73.953148,43.041394]},"properties":{"site_name":"Knolls Atomic Power Laboratory","other_site_names":null,"state":"New York","industry":"Industry","matrix_type":"Groundwater","matrix":"Groundwater","year":null,"pfoa":"35","pfos":"72","total_pfas":null,"pfas_level":72,"notes":null,"regulation_gvt_link":null,"resources_link":null,"suspected_source_link":"https://www.energy.gov/pfas/articles/initial-assessment-and-polyfluoroalkyl-substances-department-energy-sites","pfas_testing_link":"https://drive.google.com/file/d/1TYuurjXuHOUXlZeiI2ZmsLC-dc7OPIFP/view?usp=share_link","site_ref_link":"https://drive.google.com/drive/folders/1H2nuJz2-t9fe5c1nCLgPNsefkaGDs1uB?usp=share_link","state_ref_link":"https://drive.google.com/drive/folders/1sltlDu105VOjR5fdgjrT1B-wnQHSJq48?usp=share_link","ObjectId":3217}},{"type":"Feature","id":3218,"geometry":{"type":"Point","coordinates":[-73.95331,43.04105]},"properties":{"site_name":"Knolls Atomic Power Laboratory-Kesselring","other_site_names":"Kenneth A. Kesselring Site","state":"New York","industry":"Industry","matrix_type":"Groundwater","matrix":"Groundwater","year":null,"pfoa":"14","pfos":"327","total_pfas":null,"pfas_level":327,"notes":null,"regulation_gvt_link":null,"resources_link":null,"suspected_source_link":"https://www.energy.gov/pfas/articles/initial-assessment-and-polyfluoroalkyl-substances-department-energy-sites","pfas_testing_link":"https://drive.google.com/file/d/1vbK9bBYdUM-Y-3vwj0SLeGZCoWftqwZr/view?usp=share_link","site_ref_link":"https://drive.google.com/drive/folders/1kzAEsctOE7wJXkFe4h3w9Hp9iHZCNgsV?usp=share_link","state_ref_link":"https://drive.google.com/drive/folders/1sltlDu105VOjR5fdgjrT1B-wnQHSJq48?usp=share_link","ObjectId":3218}},{"type":"Feature","id":3339,"geometry":{"type":"Point","coordinates":[-73.703148,42.754628]},"properties":{"site_name":"Cohoes Norlite Facility","other_site_names":null,"state":"New York","industry":"Industry","matrix_type":"Groundwater","matrix":"Groundwater","year":2020,"pfoa":"2100","pfos":"5","total_pfas":null,"pfas_level":2100,"notes":"Incineration of AFFF at the Norlite facility ","regulation_gvt_link":"N/A","resources_link":"https://www.dec.ny.gov/press/122504.html","suspected_source_link":"https://www.troyrecord.com/news/local-news/norlite-facility-in-cohoes-accused-of-burning-firefighting-foam-for/article_7667b1ae-5413-11ea-8f9e-1ba495ff6227.html","pfas_testing_link":"https://www.bennington.edu/sites/default/files/sources/docs/Norlite%20Water%20Results%204.25.20.pdf","site_ref_link":"https://drive.google.com/drive/folders/1CizbNVn_8X0a8338Em0XRyZDvLkYxD0Z","state_ref_link":"https://drive.google.com/drive/u/1/folders/1Yla_380Qxjf4iLAK34ajtSEXmM8gBJ9P","ObjectId":3339}},{"type":"Feature","id":3722,"geometry":{"type":"Point","coordinates":[-73.357153,42.917924]},"properties":{"site_name":"Hoosick Falls Landfill","other_site_names":null,"state":"New York","industry":"Landfill","matrix_type":"Groundwater","matrix":"Groundwater","year":2018,"pfoa":"25000","pfos":null,"total_pfas":26232,"pfas_level":26232,"notes":"https://hoosickareacpwg.org/#overview","regulation_gvt_link":null,"resources_link":"https://www.dec.ny.gov/cfmx/extapps/derexternal/haz/details.cfm?ProgNo=442007","suspected_source_link":"https://www.dec.ny.gov/chemical/108791.html","pfas_testing_link":"https://www.dec.ny.gov/docs/remediation_hudson_pdf/hflscrappept1.pdf","site_ref_link":"https://drive.google.com/drive/u/0/folders/1DifDALn_wCM_1Az-CZXphjTepIEQ6jrD","state_ref_link":"https://drive.google.com/drive/u/1/folders/1Yla_380Qxjf4iLAK34ajtSEXmM8gBJ9P","ObjectId":3722}},{"type":"Feature","id":3723,"geometry":{"type":"Point","coordinates":[-73.325547,42.725725]},"properties":{"site_name":"Petersburgh Landfill","other_site_names":null,"state":"New York","industry":"Landfill","matrix_type":"Groundwater","matrix":"Groundwater","year":null,"pfoa":"1600","pfos":"2100","total_pfas":null,"pfas_level":2100,"notes":null,"regulation_gvt_link":"https://www.dec.ny.gov/chemical/108820.html","resources_link":"https://www.dec.ny.gov/cfmx/extapps/derexternal/haz/details.cfm?ProgNo=442054","suspected_source_link":"https://www.dec.ny.gov/chemical/108820.html","pfas_testing_link":"https://www.dec.ny.gov/chemical/108820.html","site_ref_link":null,"state_ref_link":"https://drive.google.com/drive/u/0/folders/1sltlDu105VOjR5fdgjrT1B-wnQHSJq48","ObjectId":3723}},{"type":"Feature","id":3728,"geometry":{"type":"Point","coordinates":[-73.359838,42.891326]},"properties":{"site_name":"Oak Materials River Road","other_site_names":null,"state":"New York","industry":"Landfill","matrix_type":"Groundwater","matrix":"Groundwater","year":null,"pfoa":"940","pfos":null,"total_pfas":null,"pfas_level":940,"notes":"Activities at this site included the manufacture of flexible films and foils and flexible laminates for the electronics industry and skiving of Teflon tapes and machining Teflon parts.","regulation_gvt_link":null,"resources_link":"https://www.dec.ny.gov/cfmx/extapps/derexternal/haz/details.cfm?ProgNo=442008","suspected_source_link":"https://www.dec.ny.gov/chemical/108791.html","pfas_testing_link":"https://www.dec.ny.gov/cfmx/extapps/derexternal/haz/details.cfm?ProgNo=442008","site_ref_link":null,"state_ref_link":"https://drive.google.com/drive/u/1/folders/1Yla_380Qxjf4iLAK34ajtSEXmM8gBJ9P","ObjectId":3728}},{"type":"Feature","id":3729,"geometry":{"type":"Point","coordinates":[-73.353156,42.901206]},"properties":{"site_name":"Former Oak Materials John Street","other_site_names":null,"state":"New York","industry":"Industry","matrix_type":"Groundwater","matrix":"Groundwater","year":null,"pfoa":"2600","pfos":null,"total_pfas":null,"pfas_level":2600,"notes":"Dodge Industries developed PTFE coated fiberglass yarn, thread, and braiding operations, and began manufacturing at the John Street Facility in 1956. ","regulation_gvt_link":null,"resources_link":"https://www.dec.ny.gov/cfmx/extapps/derexternal/haz/details.cfm?ProgNo=442049","suspected_source_link":"https://www.dec.ny.gov/cfmx/extapps/derexternal/haz/details.cfm?ProgNo=442049","pfas_testing_link":"https://www.dec.ny.gov/cfmx/extapps/derexternal/haz/details.cfm?ProgNo=442049","site_ref_link":null,"state_ref_link":"https://drive.google.com/drive/u/1/folders/1Yla_380Qxjf4iLAK34ajtSEXmM8gBJ9P","ObjectId":3729}},{"type":"Feature","id":3730,"geometry":{"type":"Point","coordinates":[-73.350631,42.903456]},"properties":{"site_name":"Allied-Signal Laminate Systems - Mechanic Street","other_site_names":null,"state":"New York","industry":"Industry","matrix_type":"Groundwater","matrix":"Groundwater","year":null,"pfoa":"2200","pfos":null,"total_pfas":null,"pfas_level":2200,"notes":"The site was used for manufacturing. In the 1970s and 80s several buildings were constructed and operated by Oak Materials to produce laminate substrates for printed circuit boards","regulation_gvt_link":null,"resources_link":"https://www.dec.ny.gov/cfmx/extapps/derexternal/haz/details.cfm?ProgNo=442050","suspected_source_link":"https://www.dec.ny.gov/cfmx/extapps/derexternal/haz/details.cfm?ProgNo=442050","pfas_testing_link":"https://www.dec.ny.gov/cfmx/extapps/derexternal/haz/details.cfm?ProgNo=442050","site_ref_link":null,"state_ref_link":"https://drive.google.com/drive/u/0/folders/1sltlDu105VOjR5fdgjrT1B-wnQHSJq48","ObjectId":3730}},{"type":"Feature","id":4182,"geometry":{"type":"Point","coordinates":[-73.646693,40.823054]},"properties":{"site_name":"Applied Environmental Services","other_site_names":null,"state":"New York","industry":"Industry","matrix_type":"Groundwater","matrix":"Groundwater","year":2018,"pfoa":"22","pfos":"885","total_pfas":1163,"pfas_level":1163,"notes":null,"regulation_gvt_link":null,"resources_link":null,"suspected_source_link":"https://cumulis.epa.gov/supercpad/SiteProfiles/index.cfm?fuseaction=second.Cleanup&id=0202121#bkground","pfas_testing_link":"https://semspub.epa.gov/work/02/609865.pdf","site_ref_link":"https://drive.google.com/drive/folders/1burvpGKTHljZ8JInNpLMjMws1CukFXhs?usp=drive_link","state_ref_link":"https://drive.google.com/drive/folders/1sltlDu105VOjR5fdgjrT1B-wnQHSJq48?usp=drive_link","ObjectId":4182}},{"type":"Feature","id":4183,"geometry":{"type":"Point","coordinates":[-73.6,41.401669]},"properties":{"site_name":"Brewster Well Field","other_site_names":null,"state":"New York","industry":"Industry","matrix_type":"Groundwater","matrix":"Groundwater","year":2018,"pfoa":"28","pfos":"98","total_pfas":null,"pfas_level":126,"notes":null,"regulation_gvt_link":null,"resources_link":null,"suspected_source_link":"https://cumulis.epa.gov/supercpad/SiteProfiles/index.cfm?fuseaction=second.Cleanup&id=0202153#bkground","pfas_testing_link":"https://semspub.epa.gov/work/02/609924.pdf","site_ref_link":"https://drive.google.com/drive/folders/1fyS_JHnrVsVP3KAIDoq5N4W3GMYGfgAL?usp=drive_link","state_ref_link":"https://drive.google.com/drive/folders/1sltlDu105VOjR5fdgjrT1B-wnQHSJq48?usp=drive_link","ObjectId":4183}},{"type":"Feature","id":4184,"geometry":{"type":"Point","coordinates":[-78.1103,43.1191]},"properties":{"site_name":"Byron Barrel & Drum","other_site_names":null,"state":"New York","industry":"Waste","matrix_type":"Groundwater","matrix":"Groundwater","year":2020,"pfoa":"15","pfos":null,"total_pfas":null,"pfas_level":15,"notes":null,"regulation_gvt_link":null,"resources_link":null,"suspected_source_link":"https://cumulis.epa.gov/supercpad/SiteProfiles/index.cfm?fuseaction=second.Cleanup&id=0202257#bkground","pfas_testing_link":"https://semspub.epa.gov/work/02/609923.pdf","site_ref_link":"https://drive.google.com/drive/folders/1Mu6rSQ6URa8Mh9DVuoTTNe1dCtAQS-GD?usp=drive_link","state_ref_link":"https://drive.google.com/drive/folders/1sltlDu105VOjR5fdgjrT1B-wnQHSJq48?usp=drive_link","ObjectId":4184}},{"type":"Feature","id":4185,"geometry":{"type":"Point","coordinates":[-74.6681,41.3942]},"properties":{"site_name":"Carroll & Dubies Sewage Disposal","other_site_names":null,"state":"New York","industry":"Waste","matrix_type":"Groundwater","matrix":"Groundwater","year":2019,"pfoa":"10","pfos":"8","total_pfas":null,"pfas_level":18,"notes":null,"regulation_gvt_link":null,"resources_link":null,"suspected_source_link":"https://cumulis.epa.gov/supercpad/SiteProfiles/index.cfm?fuseaction=second.Cleanup&id=0201492#bkground","pfas_testing_link":"https://semspub.epa.gov/work/02/598752.pdf","site_ref_link":"https://drive.google.com/drive/folders/14tv9BI71hvVkr_gpaQQuIwJ0gW81zIs-?usp=drive_link","state_ref_link":"https://drive.google.com/drive/folders/1sltlDu105VOjR5fdgjrT1B-wnQHSJq48?usp=drive_link","ObjectId":4185}},{"type":"Feature","id":4186,"geometry":{"type":"Point","coordinates":[-73.4195,40.7495]},"properties":{"site_name":"Circuitron Corp.","other_site_names":null,"state":"New York","industry":"Industry","matrix_type":"Groundwater","matrix":"Groundwater","year":2023,"pfoa":"17","pfos":"33","total_pfas":null,"pfas_level":33,"notes":null,"regulation_gvt_link":null,"resources_link":null,"suspected_source_link":"https://cumulis.epa.gov/supercpad/SiteProfiles/index.cfm?fuseaction=second.Cleanup&id=0202301#bkground","pfas_testing_link":"https://semspub.epa.gov/work/02/746872.pdf","site_ref_link":"https://drive.google.com/drive/folders/1bS7XrtwJh5hGkUbw0C0iL8OZFHRyjlmP?usp=drive_link","state_ref_link":"https://drive.google.com/drive/folders/1sltlDu105VOjR5fdgjrT1B-wnQHSJq48?usp=drive_link","ObjectId":4186}},{"type":"Feature","id":4187,"geometry":{"type":"Point","coordinates":[-73.24611,40.813194]},"properties":{"site_name":"COMPUTER CIRCUITS","other_site_names":null,"state":"New York","industry":"Industry","matrix_type":"Groundwater","matrix":"Groundwater","year":null,"pfoa":"22","pfos":"6","total_pfas":null,"pfas_level":22,"notes":null,"regulation_gvt_link":null,"resources_link":null,"suspected_source_link":"https://cumulis.epa.gov/supercpad/SiteProfiles/index.cfm?fuseaction=second.Cleanup&id=0202636#bkground","pfas_testing_link":"Computer Circuits NY State Superfund Program.pdf","site_ref_link":null,"state_ref_link":null,"ObjectId":4187}},{"type":"Feature","id":4188,"geometry":{"type":"Point","coordinates":[-75.065,41.600561]},"properties":{"site_name":"Cortese Landfill","other_site_names":null,"state":"New York","industry":"Waste","matrix_type":"Groundwater","matrix":"Groundwater","year":2019,"pfoa":"73","pfos":null,"total_pfas":null,"pfas_level":73,"notes":null,"regulation_gvt_link":null,"resources_link":null,"suspected_source_link":"https://cumulis.epa.gov/supercpad/SiteProfiles/index.cfm?fuseaction=second.Cleanup&id=0201867#bkground","pfas_testing_link":"https://semspub.epa.gov/work/02/609875.pdf","site_ref_link":"https://drive.google.com/file/d/1nw7_5Ycg5ILok3Gv_Uux-tXt642DKQzk/view?usp=drive_link","state_ref_link":"https://drive.google.com/drive/folders/1sltlDu105VOjR5fdgjrT1B-wnQHSJq48?usp=drive_link","ObjectId":4188}},{"type":"Feature","id":4189,"geometry":{"type":"Point","coordinates":[-75.651861,44.022944]},"properties":{"site_name":"Crown Cleaners of Watertown Inc.","other_site_names":null,"state":"New York","industry":"Industry","matrix_type":"Groundwater","matrix":"Groundwater","year":2020,"pfoa":"430","pfos":"98","total_pfas":null,"pfas_level":528,"notes":null,"regulation_gvt_link":null,"resources_link":null,"suspected_source_link":"https://cumulis.epa.gov/supercpad/SiteProfiles/index.cfm?fuseaction=second.Cleanup&id=0204284#bkground","pfas_testing_link":"https://semspub.epa.gov/work/02/704675.pdf","site_ref_link":"https://drive.google.com/drive/folders/1JAQ0Ip_pqrbnJSKX-QFEbzIKtJpKF8DD?usp=drive_link","state_ref_link":"https://drive.google.com/drive/folders/1sltlDu105VOjR5fdgjrT1B-wnQHSJq48?usp=drive_link","ObjectId":4189}},{"type":"Feature","id":4190,"geometry":{"type":"Point","coordinates":[-78.029278,43.222944]},"properties":{"site_name":"Diaz Chemical","other_site_names":null,"state":"New York","industry":"Industry","matrix_type":"Groundwater","matrix":"Groundwater","year":2019,"pfoa":"17","pfos":null,"total_pfas":null,"pfas_level":17,"notes":null,"regulation_gvt_link":null,"resources_link":null,"suspected_source_link":"https://cumulis.epa.gov/supercpad/SiteProfiles/index.cfm?fuseaction=second.Cleanup&id=0203341#bkground","pfas_testing_link":"https://semspub.epa.gov/work/02/609926.pdf","site_ref_link":"https://drive.google.com/drive/folders/1TMmRvXrc3FZt-uA-J7WXjDcfEd0gZwXH?usp=drive_link","state_ref_link":"https://drive.google.com/drive/folders/1sltlDu105VOjR5fdgjrT1B-wnQHSJq48?usp=drive_link","ObjectId":4190}},{"type":"Feature","id":4191,"geometry":{"type":"Point","coordinates":[-76.086111,42.086111]},"properties":{"site_name":"ENDICOTT VILLAGE WELL FIELD","other_site_names":null,"state":"New York","industry":"Industry","matrix_type":"Groundwater","matrix":"Groundwater","year":2019,"pfoa":"58","pfos":"200","total_pfas":null,"pfas_level":200,"notes":"Former IBM facility","regulation_gvt_link":null,"resources_link":null,"suspected_source_link":"https://cumulis.epa.gov/supercpad/SiteProfiles/index.cfm?fuseaction=second.Cleanup&id=0202264#bkground","pfas_testing_link":"Endicott Villiage Report.pdf","site_ref_link":null,"state_ref_link":null,"ObjectId":4191}},{"type":"Feature","id":4192,"geometry":{"type":"Point","coordinates":[-76.829169,42.1325]},"properties":{"site_name":"Facet Enterprises, Inc.","other_site_names":null,"state":"New York","industry":"Industry","matrix_type":"Groundwater","matrix":"Groundwater","year":2018,"pfoa":"3","pfos":"41","total_pfas":null,"pfas_level":41,"notes":null,"regulation_gvt_link":null,"resources_link":null,"suspected_source_link":"https://cumulis.epa.gov/supercpad/SiteProfiles/index.cfm?fuseaction=second.Cleanup&id=0201604#bkground","pfas_testing_link":"https://semspub.epa.gov/work/02/609938.pdf","site_ref_link":"https://drive.google.com/file/d/1IdX-cp1kojf1rRFH9FStt6hIn3X7bYiY/view?usp=drive_link","state_ref_link":"https://drive.google.com/drive/folders/1sltlDu105VOjR5fdgjrT1B-wnQHSJq48?usp=drive_link","ObjectId":4192}},{"type":"Feature","id":4193,"geometry":{"type":"Point","coordinates":[-73.657844,40.737337]},"properties":{"site_name":"Fulton Avenue","other_site_names":null,"state":"New York","industry":"Industry","matrix_type":"Groundwater","matrix":"Groundwater","year":2024,"pfoa":"13","pfos":"19","total_pfas":63,"pfas_level":63,"notes":null,"regulation_gvt_link":null,"resources_link":null,"suspected_source_link":"https://cumulis.epa.gov/supercpad/SiteProfiles/index.cfm?fuseaction=second.Cleanup&id=0203853#bkground","pfas_testing_link":"https://extapps.dec.ny.gov/data/DecDocs/130073/Report.HW.130073.2024-08-23.ERM-PRP%20Second%20Quarter%202024%20OU1%20Progress%20Report.pdf","site_ref_link":"https://drive.google.com/drive/folders/1pDy9eFEvjwIKxfoLMfb2AloNQzPeHzHl?usp=drive_link","state_ref_link":"https://drive.google.com/drive/folders/1sltlDu105VOjR5fdgjrT1B-wnQHSJq48?usp=drive_link","ObjectId":4193}},{"type":"Feature","id":4194,"geometry":{"type":"Point","coordinates":[-75.413333,42.300555]},"properties":{"site_name":"GCL Tie and Treating Inc.","other_site_names":null,"state":"New York","industry":"Industry","matrix_type":"Groundwater","matrix":"Groundwater","year":2019,"pfoa":"5","pfos":"3","total_pfas":null,"pfas_level":5,"notes":null,"regulation_gvt_link":null,"resources_link":null,"suspected_source_link":"http://cumulis.epa.gov/supercpad/SiteProfiles/index.cfm?fuseaction=second.Cleanup&id=0203408#bkground","pfas_testing_link":"https://semspub.epa.gov/work/02/642129.pdf","site_ref_link":"https://drive.google.com/drive/folders/17Sv2_J_lDpWN_LL5sWcNr0ahSOyLBzwO?usp=drive_link","state_ref_link":"https://drive.google.com/drive/folders/1sltlDu105VOjR5fdgjrT1B-wnQHSJq48?usp=drive_link","ObjectId":4194}},{"type":"Feature","id":4195,"geometry":{"type":"Point","coordinates":[-74.732781,44.983889]},"properties":{"site_name":"General Motors (Central Foundry)","other_site_names":null,"state":"New York","industry":"Industry","matrix_type":"Groundwater","matrix":"Groundwater","year":2019,"pfoa":null,"pfos":null,"total_pfas":null,"pfas_level":15,"notes":null,"regulation_gvt_link":null,"resources_link":null,"suspected_source_link":"https://cumulis.epa.gov/supercpad/SiteProfiles/index.cfm?fuseaction=second.Cleanup&id=0201644#bkground","pfas_testing_link":"https://semspub.epa.gov/work/02/598805.pdf","site_ref_link":"https://drive.google.com/drive/folders/1Q5Njb-__WPmpgcF8gUB2oXhnwAdWcAr7?usp=drive_link","state_ref_link":"https://drive.google.com/drive/folders/1sltlDu105VOjR5fdgjrT1B-wnQHSJq48?usp=drive_link","ObjectId":4195}},{"type":"Feature","id":4196,"geometry":{"type":"Point","coordinates":[-73.6777,40.7153]},"properties":{"site_name":"Genzale Plating Co.","other_site_names":null,"state":"New York","industry":"Industry","matrix_type":"Groundwater","matrix":"Groundwater","year":2019,"pfoa":"47","pfos":"24","total_pfas":null,"pfas_level":72,"notes":null,"regulation_gvt_link":null,"resources_link":null,"suspected_source_link":"https://cumulis.epa.gov/supercpad/SiteProfiles/index.cfm?fuseaction=second.Cleanup&id=0201344#bkground","pfas_testing_link":"https://semspub.epa.gov/work/02/598777.pdf","site_ref_link":"https://drive.google.com/drive/folders/1UvVYEYnVQu0fuOn_3A0nIYOKcGmbyozs?usp=drive_link","state_ref_link":"https://drive.google.com/drive/folders/1sltlDu105VOjR5fdgjrT1B-wnQHSJq48?usp=drive_link","ObjectId":4196}},{"type":"Feature","id":4197,"geometry":{"type":"Point","coordinates":[-73.0647,40.7745]},"properties":{"site_name":"Goldisc Recordings, Inc.","other_site_names":null,"state":"New York","industry":"Industry","matrix_type":"Groundwater","matrix":"Groundwater","year":2018,"pfoa":"50","pfos":"41","total_pfas":null,"pfas_level":50,"notes":null,"regulation_gvt_link":null,"resources_link":null,"suspected_source_link":"https://cumulis.epa.gov/supercpad/SiteProfiles/index.cfm?fuseaction=second.Cleanup&id=0202239#bkground","pfas_testing_link":"https://semspub.epa.gov/work/02/642121.pdf","site_ref_link":"https://drive.google.com/drive/folders/1djsPRFjvSwnnmsP5b9M4ExDL4NzwF_kT?usp=drive_link","state_ref_link":"https://drive.google.com/drive/folders/1sltlDu105VOjR5fdgjrT1B-wnQHSJq48?usp=drive_link","ObjectId":4197}},{"type":"Feature","id":4198,"geometry":{"type":"Point","coordinates":[-79.0054,43.0757]},"properties":{"site_name":"Hooker (S Area)","other_site_names":null,"state":"New York","industry":"Industry","matrix_type":"Groundwater","matrix":"Groundwater","year":2019,"pfoa":null,"pfos":null,"total_pfas":13,"pfas_level":13,"notes":null,"regulation_gvt_link":null,"resources_link":null,"suspected_source_link":"https://cumulis.epa.gov/supercpad/SiteProfiles/index.cfm?fuseaction=second.Cleanup&id=0202150#bkground","pfas_testing_link":"https://semspub.epa.gov/work/02/704687.pdf","site_ref_link":"https://drive.google.com/drive/folders/1iNE1TQeZChPgoQDcyUL3cPQXKnGHpT8a?usp=drive_link","state_ref_link":"https://drive.google.com/drive/folders/1sltlDu105VOjR5fdgjrT1B-wnQHSJq48?usp=drive_link","ObjectId":4198}},{"type":"Feature","id":4199,"geometry":{"type":"Point","coordinates":[-73.504169,40.7575]},"properties":{"site_name":"Hooker Chemical & Plastics Corp.","other_site_names":"Ruco Polymer Corp.","state":"New York","industry":"Industry","matrix_type":"Groundwater","matrix":"Groundwater","year":2020,"pfoa":"38","pfos":"180","total_pfas":null,"pfas_level":218,"notes":null,"regulation_gvt_link":null,"resources_link":null,"suspected_source_link":"https://cumulis.epa.gov/supercpad/SiteProfiles/index.cfm?fuseaction=second.Cleanup&id=0201477#bkground","pfas_testing_link":"https://semspub.epa.gov/work/02/609874.pdf","site_ref_link":"https://drive.google.com/drive/folders/12vbm5pc9pW_M5W1O7Nz6o1Xjh92zrAqd?usp=drive_link","state_ref_link":"https://drive.google.com/drive/folders/1sltlDu105VOjR5fdgjrT1B-wnQHSJq48?usp=drive_link","ObjectId":4199}},{"type":"Feature","id":4200,"geometry":{"type":"Point","coordinates":[-73.1829,40.8178]},"properties":{"site_name":"Islip Municipal Sanitary Landfill","other_site_names":null,"state":"New York","industry":"Waste","matrix_type":"Groundwater","matrix":"Groundwater","year":2021,"pfoa":"650","pfos":"120","total_pfas":null,"pfas_level":770,"notes":null,"regulation_gvt_link":null,"resources_link":null,"suspected_source_link":"https://cumulis.epa.gov/supercpad/SiteProfiles/index.cfm?fuseaction=second.Cleanup&id=0201714#bkground","pfas_testing_link":"https://semspub.epa.gov/work/02/642132.pdf","site_ref_link":"https://drive.google.com/drive/folders/1ow00IB3bcKsoYCfUNYyPbT70LCKz4DVU?usp=drive_link","state_ref_link":"https://drive.google.com/drive/folders/1sltlDu105VOjR5fdgjrT1B-wnQHSJq48?usp=drive_link","ObjectId":4200}},{"type":"Feature","id":4201,"geometry":{"type":"Point","coordinates":[-73.069194,40.928139]},"properties":{"site_name":"Lawrence Aviation Industries, Inc.","other_site_names":null,"state":"New York","industry":"Superfund Site","matrix_type":"Groundwater","matrix":"Groundwater","year":2024,"pfoa":"20","pfos":"39","total_pfas":null,"pfas_level":39,"notes":null,"regulation_gvt_link":null,"resources_link":"https://cumulis.epa.gov/supercpad/SiteProfiles/index.cfm?fuseaction=second.Cleanup&id=0201335#Done","suspected_source_link":"https://cumulis.epa.gov/supercpad/SiteProfiles/index.cfm?fuseaction=second.Cleanup&id=0201335#bkground","pfas_testing_link":"https://semspub.epa.gov/work/02/746881.pdf","site_ref_link":"https://drive.google.com/drive/folders/1NIJjDZc4Zo9PwqWlm-KhvxamsloJMcj5?usp=drive_link","state_ref_link":"https://drive.google.com/drive/folders/1sltlDu105VOjR5fdgjrT1B-wnQHSJq48?usp=drive_link","ObjectId":4201}},{"type":"Feature","id":4202,"geometry":{"type":"Point","coordinates":[-73.640773,40.860929]},"properties":{"site_name":"LI TUNGSTEN CORP.","other_site_names":null,"state":"New York","industry":"Industry","matrix_type":"Groundwater","matrix":"Groundwater","year":2021,"pfoa":"19","pfos":"24","total_pfas":103,"pfas_level":103,"notes":null,"regulation_gvt_link":null,"resources_link":null,"suspected_source_link":"https://cumulis.epa.gov/supercpad/SiteProfiles/index.cfm?fuseaction=second.Cleanup&id=0202972#bkground","pfas_testing_link":"Li Tungsten Remediation Report.pdf","site_ref_link":null,"state_ref_link":null,"ObjectId":4202}},{"type":"Feature","id":4203,"geometry":{"type":"Point","coordinates":[-73.448889,40.72625]},"properties":{"site_name":"Liberty Industrial Finishing","other_site_names":null,"state":"New York","industry":"Industry","matrix_type":"Groundwater","matrix":"Groundwater","year":2018,"pfoa":"21","pfos":"43","total_pfas":null,"pfas_level":63,"notes":null,"regulation_gvt_link":null,"resources_link":"https://cumulis.epa.gov/supercpad/SiteProfiles/index.cfm?fuseaction=second.cleanup&id=0201184","suspected_source_link":"https://cumulis.epa.gov/supercpad/SiteProfiles/index.cfm?fuseaction=second.Cleanup&id=0201184#bkground","pfas_testing_link":"https://semspub.epa.gov/work/02/609942.pdf","site_ref_link":"https://drive.google.com/drive/folders/1jlGtwVINDOex0npLfm3NRnkXB3a1Dudz?usp=drive_link","state_ref_link":"https://drive.google.com/drive/folders/1sltlDu105VOjR5fdgjrT1B-wnQHSJq48?usp=drive_link","ObjectId":4203}},{"type":"Feature","id":4204,"geometry":{"type":"Point","coordinates":[-73.205278,40.788889]},"properties":{"site_name":"Mackenzie Chemical Works","other_site_names":null,"state":"New York","industry":"Industry","matrix_type":"Groundwater","matrix":"Groundwater","year":2018,"pfoa":"29","pfos":null,"total_pfas":null,"pfas_level":29,"notes":null,"regulation_gvt_link":null,"resources_link":"https://cumulis.epa.gov/supercpad/SiteProfiles/index.cfm?fuseaction=second.cleanup&id=0202187","suspected_source_link":"https://cumulis.epa.gov/supercpad/SiteProfiles/index.cfm?fuseaction=second.Cleanup&id=0202187#bkground","pfas_testing_link":"https://semspub.epa.gov/work/02/609919.pdf","site_ref_link":"https://drive.google.com/drive/folders/1Czx4OIRO6m8q2veBJs3H2XECNdsUb1eM?usp=drive_link","state_ref_link":"https://drive.google.com/drive/folders/1sltlDu105VOjR5fdgjrT1B-wnQHSJq48?usp=drive_link","ObjectId":4204}},{"type":"Feature","id":4205,"geometry":{"type":"Point","coordinates":[-73.6432,40.8608]},"properties":{"site_name":"MATTIACE PETROCHEMICAL CO., INC.","other_site_names":null,"state":"New York","industry":"Industry","matrix_type":"Groundwater","matrix":"Groundwater","year":2021,"pfoa":"19","pfos":"24","total_pfas":103,"pfas_level":103,"notes":null,"regulation_gvt_link":null,"resources_link":"https://cumulis.epa.gov/supercpad/SiteProfiles/index.cfm?fuseaction=second.cleanup&id=0201219","suspected_source_link":"https://cumulis.epa.gov/supercpad/SiteProfiles/index.cfm?fuseaction=second.Cleanup&id=0201219#bkground","pfas_testing_link":null,"site_ref_link":"https://drive.google.com/file/d/1JZLY1a_Sg5qPuoc2V-Mp8hRyDKJG8t9V/view?usp=drive_link","state_ref_link":null,"ObjectId":4205}},{"type":"Feature","id":4206,"geometry":{"type":"Point","coordinates":[-73.804169,42.689719]},"properties":{"site_name":"Mecury Refining, Inc.","other_site_names":null,"state":"New York","industry":"Industry","matrix_type":"Groundwater","matrix":"Groundwater","year":2019,"pfoa":"10","pfos":"14","total_pfas":null,"pfas_level":24,"notes":null,"regulation_gvt_link":null,"resources_link":"https://cumulis.epa.gov/supercpad/SiteProfiles/index.cfm?fuseaction=second.cleanup&id=0201552","suspected_source_link":"https://cumulis.epa.gov/supercpad/SiteProfiles/index.cfm?fuseaction=second.Cleanup&id=0201552#bkground","pfas_testing_link":"https://semspub.epa.gov/work/02/704672.pdf","site_ref_link":"https://drive.google.com/drive/folders/12m2FwMi063Kf94vH5FCp3T5Z7vbikUO1?usp=drive_link","state_ref_link":"https://drive.google.com/drive/folders/1sltlDu105VOjR5fdgjrT1B-wnQHSJq48?usp=drive_link","ObjectId":4206}},{"type":"Feature","id":4207,"geometry":{"type":"Point","coordinates":[-74.2447,41.4643]},"properties":{"site_name":"Nepera Chemical Co., Inc.","other_site_names":null,"state":"New York","industry":"Industry","matrix_type":"Groundwater","matrix":"Groundwater","year":2021,"pfoa":"25","pfos":"5","total_pfas":null,"pfas_level":25,"notes":null,"regulation_gvt_link":null,"resources_link":"https://cumulis.epa.gov/supercpad/SiteProfiles/index.cfm?fuseaction=second.cleanup&id=0201188","suspected_source_link":"https://cumulis.epa.gov/supercpad/SiteProfiles/index.cfm?fuseaction=second.Cleanup&id=0201188#bkground","pfas_testing_link":"https://semspub.epa.gov/work/02/642120.pdf","site_ref_link":"https://drive.google.com/drive/folders/16OTywln43pwesmmex4mJ3WcLWA2EDTPg?usp=drive_link","state_ref_link":"https://drive.google.com/drive/folders/1sltlDu105VOjR5fdgjrT1B-wnQHSJq48?usp=drive_link","ObjectId":4207}},{"type":"Feature","id":4208,"geometry":{"type":"Point","coordinates":[-73.559781,40.752446]},"properties":{"site_name":"NEW CASSEL/HICKSVILLE GROUND WATER CONTAMINATION","other_site_names":null,"state":"New York","industry":"Industry","matrix_type":"Groundwater","matrix":"Groundwater","year":2018,"pfoa":"2","pfos":"1","total_pfas":null,"pfas_level":2,"notes":"Former DOE contractor, Sylvania nuclear production facility ","regulation_gvt_link":null,"resources_link":null,"suspected_source_link":"https://cumulis.epa.gov/supercpad/SiteProfiles/index.cfm?fuseaction=second.Cleanup&id=0203974#bkground","pfas_testing_link":"https://drive.google.com/file/d/1d7N5a5rhQFh5D9VPs7qI1CLlX0uM_SqS/view?usp=drive_link","site_ref_link":null,"state_ref_link":null,"ObjectId":4208}},{"type":"Feature","id":4209,"geometry":{"type":"Point","coordinates":[-73.447219,40.756939]},"properties":{"site_name":"Old Bethpage Landfill","other_site_names":null,"state":"New York","industry":"Waste","matrix_type":"Groundwater","matrix":"Groundwater","year":2017,"pfoa":"320","pfos":"143","total_pfas":null,"pfas_level":463,"notes":null,"regulation_gvt_link":null,"resources_link":"https://cumulis.epa.gov/supercpad/SiteProfiles/index.cfm?fuseaction=second.cleanup&id=0201951","suspected_source_link":"https://cumulis.epa.gov/supercpad/SiteProfiles/index.cfm?fuseaction=second.Cleanup&id=0201951#bkground","pfas_testing_link":"https://semspub.epa.gov/work/02/609946.pdf","site_ref_link":"https://drive.google.com/drive/folders/1-W1mL7IKANJUOeXu9EOhBR2imjSuLs8n?usp=drive_link","state_ref_link":"https://drive.google.com/drive/folders/1sltlDu105VOjR5fdgjrT1B-wnQHSJq48?usp=drive_link","ObjectId":4209}},{"type":"Feature","id":4210,"geometry":{"type":"Point","coordinates":[-73.618472,40.733611]},"properties":{"site_name":"Old Roosevelt Field Contaminated GW Area","other_site_names":null,"state":"New York","industry":"Military","matrix_type":"Groundwater","matrix":"Groundwater","year":2023,"pfoa":"17","pfos":"20","total_pfas":53,"pfas_level":53,"notes":null,"regulation_gvt_link":null,"resources_link":"https://cumulis.epa.gov/supercpad/SiteProfiles/index.cfm?fuseaction=second.cleanup&id=0204234","suspected_source_link":"https://cumulis.epa.gov/supercpad/SiteProfiles/index.cfm?fuseaction=second.cleanup&id=0204234#bkground","pfas_testing_link":"https://semspub.epa.gov/work/02/748997.pdf","site_ref_link":"https://drive.google.com/drive/folders/1q63yQDGpdlkM8y1wqSFQPAYiSY8eHeHe?usp=drive_link","state_ref_link":"https://drive.google.com/drive/folders/1sltlDu105VOjR5fdgjrT1B-wnQHSJq48?usp=drive_link","ObjectId":4210}},{"type":"Feature","id":4211,"geometry":{"type":"Point","coordinates":[-76.483331,43.47]},"properties":{"site_name":"Pollution Abatement Services","other_site_names":null,"state":"New York","industry":"Waste","matrix_type":"Groundwater","matrix":"Groundwater","year":2019,"pfoa":"19","pfos":"7","total_pfas":1026,"pfas_level":1026,"notes":null,"regulation_gvt_link":"https://semspub.epa.gov/work/02/704664.pdf","resources_link":"https://cumulis.epa.gov/supercpad/cursites/csitinfo.cfm?id=0201196","suspected_source_link":"https://cumulis.epa.gov/supercpad/cursites/csitinfo.cfm?id=0201196","pfas_testing_link":"https://semspub.epa.gov/work/02/704664.pdf","site_ref_link":"https://drive.google.com/drive/u/0/folders/1B3LLumhUCnVkvCphkAWh4trvh7p3apF6","state_ref_link":"https://drive.google.com/drive/u/0/folders/1sltlDu105VOjR5fdgjrT1B-wnQHSJq48","ObjectId":4211}},{"type":"Feature","id":4212,"geometry":{"type":"Point","coordinates":[-73.666661,40.81805]},"properties":{"site_name":"Port Washington Landfill","other_site_names":null,"state":"New York","industry":"Waste","matrix_type":"Groundwater","matrix":"Groundwater","year":2018,"pfoa":"58","pfos":"56","total_pfas":265,"pfas_level":265,"notes":null,"regulation_gvt_link":"https://semspub.epa.gov/work/02/704680.pdf","resources_link":"https://cumulis.epa.gov/supercpad/cursites/csitinfo.cfm?id=0202155","suspected_source_link":"https://cumulis.epa.gov/supercpad/cursites/csitinfo.cfm?id=0202155","pfas_testing_link":"https://semspub.epa.gov/work/02/704680.pdf","site_ref_link":"https://drive.google.com/drive/u/0/folders/1rgjyq85ypDpHz0CS8mxizE14HVCWQNTp","state_ref_link":"https://drive.google.com/drive/u/0/folders/1sltlDu105VOjR5fdgjrT1B-wnQHSJq48","ObjectId":4212}},{"type":"Feature","id":4213,"geometry":{"type":"Point","coordinates":[-73.4253,40.7158]},"properties":{"site_name":"Preferred Plating Corp. ","other_site_names":null,"state":"New York","industry":"Industry","matrix_type":"Groundwater","matrix":"Groundwater","year":2018,"pfoa":"32","pfos":"43","total_pfas":75,"pfas_level":75,"notes":null,"regulation_gvt_link":"https://semspub.epa.gov/work/02/609933.pdf","resources_link":"https://cumulis.epa.gov/supercpad/cursites/csitinfo.cfm?id=0202245","suspected_source_link":"https://cumulis.epa.gov/supercpad/cursites/csitinfo.cfm?id=0202245","pfas_testing_link":"https://semspub.epa.gov/work/02/609933.pdf","site_ref_link":"https://drive.google.com/drive/u/0/folders/1QC0JEnCxwj8AHwgm9ItkZ6vGWhuUsc2X","state_ref_link":"https://drive.google.com/drive/u/0/folders/1sltlDu105VOjR5fdgjrT1B-wnQHSJq48","ObjectId":4213}},{"type":"Feature","id":4214,"geometry":{"type":"Point","coordinates":[-75.249169,42.252781]},"properties":{"site_name":"Richardson Hill Road Landfill/Pond","other_site_names":null,"state":"New York","industry":"Waste","matrix_type":"Groundwater","matrix":"Groundwater","year":2019,"pfoa":"9","pfos":"7","total_pfas":19,"pfas_level":19,"notes":null,"regulation_gvt_link":"https://extapps.dec.ny.gov/data/DecDocs/413008/Report.HW.413008.2019-03-05.Emerging%20contaminant%20sampling.pdf","resources_link":"https://extapps.dec.ny.gov/data/DecDocs/413008/Report.HW.413008.2019-03-05.Emerging%20contaminant%20sampling.pdf","suspected_source_link":"https://extapps.dec.ny.gov/data/DecDocs/413008/Report.HW.413008.2019-03-05.Emerging%20contaminant%20sampling.pdf","pfas_testing_link":"https://extapps.dec.ny.gov/data/DecDocs/413008/Report.HW.413008.2019-03-05.Emerging%20contaminant%20sampling.pdf","site_ref_link":"https://drive.google.com/drive/u/0/folders/1mo8e21AAUGzFPk3WL3fdd6KyIYukfcBA","state_ref_link":"https://drive.google.com/drive/u/0/folders/1sltlDu105VOjR5fdgjrT1B-wnQHSJq48","ObjectId":4214}},{"type":"Feature","id":4215,"geometry":{"type":"Point","coordinates":[-76.175281,42.591669]},"properties":{"site_name":"Rosen Brothers Scrap Yard/Dump","other_site_names":null,"state":"New York","industry":"Waste","matrix_type":"Groundwater","matrix":"Groundwater","year":2020,"pfoa":"2","pfos":"3","total_pfas":5,"pfas_level":5,"notes":null,"regulation_gvt_link":"https://semspub.epa.gov/work/02/642123.pdf","resources_link":"https://cumulis.epa.gov/supercpad/cursites/csitinfo.cfm?id=0202609","suspected_source_link":"https://cumulis.epa.gov/supercpad/cursites/csitinfo.cfm?id=0202609","pfas_testing_link":"https://semspub.epa.gov/work/02/642123.pdf","site_ref_link":"https://drive.google.com/drive/u/0/folders/15iSzLEiTc3OLDTIW5QAjTVYuMBzmytiv","state_ref_link":"https://drive.google.com/drive/u/0/folders/1sltlDu105VOjR5fdgjrT1B-wnQHSJq48","ObjectId":4215}},{"type":"Feature","id":4216,"geometry":{"type":"Point","coordinates":[-73.561389,41.75555]},"properties":{"site_name":"Sarney Farm","other_site_names":null,"state":"New York","industry":"Waste","matrix_type":"Groundwater","matrix":"Groundwater","year":2019,"pfoa":"8","pfos":"0","total_pfas":8,"pfas_level":8,"notes":null,"regulation_gvt_link":"https://semspub.epa.gov/work/02/609886.pdf","resources_link":"https://cumulis.epa.gov/supercpad/cursites/csitinfo.cfm?id=0202088","suspected_source_link":"https://cumulis.epa.gov/supercpad/cursites/csitinfo.cfm?id=0202088","pfas_testing_link":"https://semspub.epa.gov/work/02/609886.pdf","site_ref_link":"https://drive.google.com/drive/u/0/folders/1NLkQaTc57cFuulZF3GhaRHha-gdaRRaA","state_ref_link":"https://drive.google.com/drive/u/0/folders/1sltlDu105VOjR5fdgjrT1B-wnQHSJq48","ObjectId":4216}},{"type":"Feature","id":4217,"geometry":{"type":"Point","coordinates":[-73.923171,42.852486]},"properties":{"site_name":"Schenectady Airport","other_site_names":"Stratton Air National Guard Base","state":"New York","industry":"Military","matrix_type":"Groundwater","matrix":"Groundwater","year":2021,"pfoa":"310","pfos":"5300","total_pfas":null,"pfas_level":5300,"notes":null,"regulation_gvt_link":"ar.afcec-cloud.af.mil","resources_link":"National Reference_Agricultural-Operations-RTC","suspected_source_link":null,"pfas_testing_link":null,"site_ref_link":null,"state_ref_link":null,"ObjectId":4217}},{"type":"Feature","id":4218,"geometry":{"type":"Point","coordinates":[-73.792222,41.526111]},"properties":{"site_name":"Shenandoah Road Groundwater Contamination","other_site_names":null,"state":"New York","industry":"Industry","matrix_type":"Groundwater","matrix":"Groundwater","year":2023,"pfoa":"26","pfos":"62","total_pfas":188,"pfas_level":188,"notes":null,"regulation_gvt_link":"https://cumulis.epa.gov/supercpad/SiteProfiles/index.cfm?fuseaction=second.Cleanup&id=0204269#bkground","resources_link":"https://cumulis.epa.gov/supercpad/SiteProfiles/index.cfm?fuseaction=second.Cleanup&id=0204269#bkground","suspected_source_link":"https://semspub.epa.gov/work/02/642117.pdf","pfas_testing_link":"https://drive.google.com/file/d/1G4u5Xxx_tt9E3IRsp_6yHW08q2caO6r3/view?usp=drive_link","site_ref_link":"https://drive.google.com/drive/folders/1rDQt2bqjc0TdLPNL_TbJdj6jFPBFq3jM?usp=drive_link","state_ref_link":"https://drive.google.com/drive/folders/1sltlDu105VOjR5fdgjrT1B-wnQHSJq48?usp=drive_link","ObjectId":4218}},{"type":"Feature","id":4219,"geometry":{"type":"Point","coordinates":[-77.9416,42.1088]},"properties":{"site_name":"Sinclair Refinery","other_site_names":null,"state":"New York","industry":"Industry","matrix_type":"Groundwater","matrix":"Groundwater","year":2019,"pfoa":"12","pfos":"11","total_pfas":23,"pfas_level":23,"notes":null,"regulation_gvt_link":"https://semspub.epa.gov/work/02/609934.pdf","resources_link":"https://cumulis.epa.gov/supercpad/cursites/csitinfo.cfm?id=0202093#:~:text=The%20100%2Dacre%20Sinclair%20Oil,in%20Allegany%20County%2C%20New%20York.","suspected_source_link":"https://cumulis.epa.gov/supercpad/cursites/csitinfo.cfm?id=0202093#:~:text=The%20100%2Dacre%20Sinclair%20Oil,in%20Allegany%20County%2C%20New%20York.","pfas_testing_link":"https://semspub.epa.gov/work/02/609934.pdf","site_ref_link":"https://drive.google.com/drive/u/0/folders/1XZ_mBFYgth5Yf-obCUkRVJXMqmIBoEzR","state_ref_link":"https://drive.google.com/drive/u/0/folders/1sltlDu105VOjR5fdgjrT1B-wnQHSJq48","ObjectId":4219}},{"type":"Feature","id":4220,"geometry":{"type":"Point","coordinates":[-75.876661,42.665]},"properties":{"site_name":"Solvent Savers","other_site_names":null,"state":"New York","industry":"Industry","matrix_type":"Groundwater","matrix":"Groundwater","year":2018,"pfoa":"700","pfos":"65","total_pfas":765,"pfas_level":765,"notes":null,"regulation_gvt_link":"https://semspub.epa.gov/work/02/609949.pdf","resources_link":"https://cumulis.epa.gov/supercpad/cursites/csitinfo.cfm?id=0201687","suspected_source_link":"https://cumulis.epa.gov/supercpad/cursites/csitinfo.cfm?id=0201687","pfas_testing_link":"https://semspub.epa.gov/work/02/609949.pdf","site_ref_link":"https://drive.google.com/drive/u/0/folders/1KCX4gZ58p70ShgOqbgjzUTaeIEGXwdpK","state_ref_link":"https://drive.google.com/drive/u/0/folders/1sltlDu105VOjR5fdgjrT1B-wnQHSJq48","ObjectId":4220}},{"type":"Feature","id":4221,"geometry":{"type":"Point","coordinates":[-73.734139,40.782361]},"properties":{"site_name":"Stanton Cleaners Area Ground Water Contamination","other_site_names":null,"state":"New York","industry":"Industry","matrix_type":"Groundwater","matrix":"Groundwater","year":2019,"pfoa":"6","pfos":"3","total_pfas":10,"pfas_level":10,"notes":null,"regulation_gvt_link":"https://semspub.epa.gov/work/02/704695.pdf","resources_link":"https://cumulis.epa.gov/supercpad/cursites/csitinfo.cfm?id=0204167","suspected_source_link":"https://cumulis.epa.gov/supercpad/cursites/csitinfo.cfm?id=0204167","pfas_testing_link":"https://semspub.epa.gov/work/02/704695.pdf","site_ref_link":"https://drive.google.com/drive/u/0/folders/1pKCCf_mpoexFt2rpchjln4bgIBHEc2Vu","state_ref_link":"https://drive.google.com/drive/u/0/folders/1sltlDu105VOjR5fdgjrT1B-wnQHSJq48","ObjectId":4221}},{"type":"Feature","id":4222,"geometry":{"type":"Point","coordinates":[-76.0557,42.0902]},"properties":{"site_name":"Vestal Water Supply Well 1-1","other_site_names":null,"state":"New York","industry":"Industry","matrix_type":"Groundwater","matrix":"Groundwater","year":2021,"pfoa":"11","pfos":"13","total_pfas":30,"pfas_level":30,"notes":null,"regulation_gvt_link":"https://semspub.epa.gov/work/02/642128.pdf","resources_link":"https://cumulis.epa.gov/supercpad/cursites/csitinfo.cfm?id=0202228","suspected_source_link":"https://cumulis.epa.gov/supercpad/cursites/csitinfo.cfm?id=0202228","pfas_testing_link":"https://semspub.epa.gov/work/02/642128.pdf","site_ref_link":"https://drive.google.com/drive/u/0/folders/1XHITkNS5rtqxRlkNap1c8ZGXznSuQZ4G","state_ref_link":"https://drive.google.com/drive/u/0/folders/1sltlDu105VOjR5fdgjrT1B-wnQHSJq48","ObjectId":4222}},{"type":"Feature","id":4223,"geometry":{"type":"Point","coordinates":[-74.5751,44.8225]},"properties":{"site_name":"York Oil Co.","other_site_names":null,"state":"New York","industry":"Industry","matrix_type":"Groundwater","matrix":"Groundwater","year":null,"pfoa":"6","pfos":null,"total_pfas":null,"pfas_level":6,"notes":null,"regulation_gvt_link":"https://semspub.epa.gov/work/02/746867.pdf","resources_link":"https://cumulis.epa.gov/supercpad/cursites/csitinfo.cfm?id=0201202","suspected_source_link":"https://cumulis.epa.gov/supercpad/cursites/csitinfo.cfm?id=0201202","pfas_testing_link":"https://semspub.epa.gov/work/02/746867.pdf","site_ref_link":"https://drive.google.com/drive/u/0/folders/1BywnaIUVHbea0-H-4BmJyGSNAGftEunp","state_ref_link":"https://drive.google.com/drive/u/0/folders/1sltlDu105VOjR5fdgjrT1B-wnQHSJq48","ObjectId":4223}}]}