{"type":"FeatureCollection","crs":{"type":"name","properties":{"name":"EPSG:4326"}},"features":[{"type":"Feature","id":14,"geometry":{"type":"Point","coordinates":[-117.320512,33.317842]},"properties":{"site_name":"Marine Corps Base Camp Pendleton (South)","other_site_names":"Camp Pendleton Marine Corps Base","state":"California","industry":"Military","matrix_type":"Groundwater","matrix":"Groundwater","year":2014,"pfoa":"24","pfos":null,"total_pfas":null,"pfas_level":24,"notes":"AFFF used at Camp Pendleton","regulation_gvt_link":"https://www.waterboards.ca.gov/pfas/military.html","resources_link":"EWG: https://www.ewg.org/tapwater/system.php?pws=CA3710702","suspected_source_link":"https://drive.google.com/file/d/1EUMAiROzk8OxvPAWubv0xGGH9zI6mw4d/view?usp=drive_link ","pfas_testing_link":"https://geotracker.waterboards.ca.gov/map/pfas_map","site_ref_link":"https://drive.google.com/drive/folders/1uBB5fdXsei5F8IKXhBs6iH1j2ZUa6d0n","state_ref_link":"https://drive.google.com/drive/u/1/folders/1DWXhXwl1j4L5eKUdO88JdnrMTynHHza5","ObjectId":14}},{"type":"Feature","id":30,"geometry":{"type":"Point","coordinates":[-117.371395,34.589059]},"properties":{"site_name":"George Air Force Base","other_site_names":null,"state":"California","industry":"Military","matrix_type":"Groundwater","matrix":"Groundwater","year":2015,"pfoa":"5,210","pfos":"1,690","total_pfas":17090,"pfas_level":17090,"notes":"AFFF used at Former George Air Force Base","regulation_gvt_link":"https://www.waterboards.ca.gov/pfas/military.html","resources_link":"N/A","suspected_source_link":"https://drive.google.com/file/d/1EUMAiROzk8OxvPAWubv0xGGH9zI6mw4d/view?usp=drive_link ","pfas_testing_link":"https://geotracker.waterboards.ca.gov/map/pfas_map","site_ref_link":"https://drive.google.com/drive/folders/1WXcPIaJymN-O-1644R0f1Z9AXQkVDhlj","state_ref_link":"https://drive.google.com/drive/u/1/folders/1DWXhXwl1j4L5eKUdO88JdnrMTynHHza5","ObjectId":30}},{"type":"Feature","id":41,"geometry":{"type":"Point","coordinates":[-120.515417,37.288328]},"properties":{"site_name":"Merced Muni Airport","other_site_names":null,"state":"California","industry":"Airport","matrix_type":"Groundwater","matrix":"Groundwater","year":2016,"pfoa":null,"pfos":null,"total_pfas":1,"pfas_level":1,"notes":null,"regulation_gvt_link":null,"resources_link":"https://geotracker.waterboards.ca.gov/profile_report?global_id=SL185232902","suspected_source_link":"https://geotracker.waterboards.ca.gov/map/pfas_map","pfas_testing_link":"https://geotracker.waterboards.ca.gov/map/pfas_map","site_ref_link":null,"state_ref_link":"https://drive.google.com/drive/u/0/folders/1DWXhXwl1j4L5eKUdO88JdnrMTynHHza5","ObjectId":41}},{"type":"Feature","id":64,"geometry":{"type":"Point","coordinates":[-121.23129,36.003606]},"properties":{"site_name":"Fort Hunter Liggett","other_site_names":null,"state":"California","industry":"Military","matrix_type":"Groundwater","matrix":"Groundwater","year":2016,"pfoa":null,"pfos":"120","total_pfas":null,"pfas_level":120,"notes":"AFFF used at Fort Hunter Liggett","regulation_gvt_link":"https://www.waterboards.ca.gov/pfas/military.html","resources_link":"N/A","suspected_source_link":"https://drive.google.com/file/d/1EUMAiROzk8OxvPAWubv0xGGH9zI6mw4d/view?usp=drive_link ","pfas_testing_link":"https://geotracker.waterboards.ca.gov/map/pfas_map","site_ref_link":"https://drive.google.com/drive/u/1/folders/1-uNOUQJpeUyoz3SM9jy3UQv54KArhTqy","state_ref_link":"https://drive.google.com/drive/u/1/folders/1DWXhXwl1j4L5eKUdO88JdnrMTynHHza5","ObjectId":64}},{"type":"Feature","id":65,"geometry":{"type":"Point","coordinates":[-116.954392,34.875791]},"properties":{"site_name":"Marine Corps Logistics Base Barstow","other_site_names":"Barstow Marine Corps Logistics Base","state":"California","industry":"Military","matrix_type":"Groundwater","matrix":"Groundwater","year":2016,"pfoa":null,"pfos":null,"total_pfas":null,"pfas_level":138,"notes":"AFFF used on Marine Corps Logistics Base Barstow","regulation_gvt_link":"https://www.waterboards.ca.gov/pfas/military.html","resources_link":"N/A","suspected_source_link":"https://www.otie.com/wp-content/uploads/2018/07/OTIE_PFAS-Brochure_2018.pdf","pfas_testing_link":"https://geotracker.waterboards.ca.gov/map/pfas_map","site_ref_link":"https://drive.google.com/drive/folders/1v8ph1N6P_gSAhlqrPHOR1EnmQSYu2DAe","state_ref_link":"https://drive.google.com/drive/u/1/folders/1DWXhXwl1j4L5eKUdO88JdnrMTynHHza5","ObjectId":65}},{"type":"Feature","id":69,"geometry":{"type":"Point","coordinates":[-121.775444,38.384953]},"properties":{"site_name":"Naval Support Activity Monterey - Naval Radio Transmitter Facility Dixon","other_site_names":null,"state":"California","industry":"Military","matrix_type":"Groundwater","matrix":"Groundwater","year":2016,"pfoa":null,"pfos":null,"total_pfas":null,"pfas_level":260,"notes":"Unknown source from NSA Monterey - Naval Radio Transmitter Facility Dixon","regulation_gvt_link":"https://www.waterboards.ca.gov/pfas/military.html","resources_link":"N/A","suspected_source_link":"https://drive.google.com/file/d/1EUMAiROzk8OxvPAWubv0xGGH9zI6mw4d/view?usp=drive_link ","pfas_testing_link":"https://geotracker.waterboards.ca.gov/map/pfas_map","site_ref_link":"https://drive.google.com/drive/u/1/folders/1U3Y-EtxqjTen4BDc7yaAPVZN_NeHItZS","state_ref_link":"https://drive.google.com/drive/u/1/folders/1DWXhXwl1j4L5eKUdO88JdnrMTynHHza5","ObjectId":69}},{"type":"Feature","id":72,"geometry":{"type":"Point","coordinates":[-116.054128,34.224752]},"properties":{"site_name":"Marine Corps Air Ground Combat Center Twentynine Palms","other_site_names":null,"state":"California","industry":"Military","matrix_type":"Groundwater","matrix":"Groundwater","year":2016,"pfoa":null,"pfos":null,"total_pfas":null,"pfas_level":440,"notes":"AFFF used at Twentynine Palms ","regulation_gvt_link":"https://www.waterboards.ca.gov/pfas/military.html","resources_link":"N/A","suspected_source_link":"https://drive.google.com/file/d/1EUMAiROzk8OxvPAWubv0xGGH9zI6mw4d/view?usp=drive_link ","pfas_testing_link":"https://geotracker.waterboards.ca.gov/map/pfas_map","site_ref_link":"https://drive.google.com/drive/u/1/folders/1Qpm7RyNPoz6RXlH7diFlZN4wxHmsrtnS","state_ref_link":"https://drive.google.com/drive/u/1/folders/1DWXhXwl1j4L5eKUdO88JdnrMTynHHza5","ObjectId":72}},{"type":"Feature","id":81,"geometry":{"type":"Point","coordinates":[-117.727791,33.66552]},"properties":{"site_name":"El Toro Marine Corps Air Station","other_site_names":null,"state":"California","industry":"Military","matrix_type":"Groundwater","matrix":"Groundwater","year":2016,"pfoa":null,"pfos":null,"total_pfas":102,"pfas_level":3826,"notes":"AFFF used at El Toro Marine Corps Air Station","regulation_gvt_link":"https://www.waterboards.ca.gov/pfas/military.html","resources_link":"OCWD: http://www.cbwm.org/docs/othermeetings/2019%2005%2002%20-%20Water%20Quality%20Colloquium/Presentation/3.2%20PFAS%20monitoring%20in%20OC%20and%20the%20USARW_Patrick%20Versluis.pdf","suspected_source_link":"https://drive.google.com/file/d/1EUMAiROzk8OxvPAWubv0xGGH9zI6mw4d/view?usp=drive_link ","pfas_testing_link":"https://geotracker.waterboards.ca.gov/map/pfas_map","site_ref_link":"https://drive.google.com/drive/folders/1vsGjBqfnT7v3GZCZEXozTq-QQ_DJmWjM","state_ref_link":"https://drive.google.com/drive/u/1/folders/1DWXhXwl1j4L5eKUdO88JdnrMTynHHza5","ObjectId":81}},{"type":"Feature","id":89,"geometry":{"type":"Point","coordinates":[-117.261733,33.890884]},"properties":{"site_name":"March Air Force Base","other_site_names":null,"state":"California","industry":"Military","matrix_type":"Groundwater","matrix":"Groundwater","year":2016,"pfoa":null,"pfos":null,"total_pfas":null,"pfas_level":9666,"notes":"AFFF used at Former March Air Force Base","regulation_gvt_link":"https://www.waterboards.ca.gov/pfas/military.html","resources_link":"N/A","suspected_source_link":"https://drive.google.com/file/d/1EUMAiROzk8OxvPAWubv0xGGH9zI6mw4d/view?usp=drive_link ","pfas_testing_link":"https://geotracker.waterboards.ca.gov/map/pfas_map","site_ref_link":"https://drive.google.com/drive/folders/1BcpebbOEKw-cKA5Kpmavql52T-plnIRD","state_ref_link":"https://drive.google.com/drive/u/1/folders/1DWXhXwl1j4L5eKUdO88JdnrMTynHHza5","ObjectId":89}},{"type":"Feature","id":90,"geometry":{"type":"Point","coordinates":[-122.371174,37.817377]},"properties":{"site_name":"Naval Station Treasure Island","other_site_names":null,"state":"California","industry":"Military","matrix_type":"Groundwater","matrix":"Groundwater","year":2016,"pfoa":null,"pfos":null,"total_pfas":null,"pfas_level":10750,"notes":"AFFF used at Naval Station Treasure Island","regulation_gvt_link":"https://www.waterboards.ca.gov/pfas/military.html","resources_link":"N/A","suspected_source_link":"https://drive.google.com/file/d/1EUMAiROzk8OxvPAWubv0xGGH9zI6mw4d/view?usp=drive_link ","pfas_testing_link":"https://geotracker.waterboards.ca.gov/map/pfas_map","site_ref_link":"https://drive.google.com/drive/u/1/folders/11Dqj5O20yEAghrfac_YGDcCECXVugsee","state_ref_link":"https://drive.google.com/drive/u/1/folders/1DWXhXwl1j4L5eKUdO88JdnrMTynHHza5","ObjectId":90}},{"type":"Feature","id":92,"geometry":{"type":"Point","coordinates":[-121.359881,39.111504]},"properties":{"site_name":"Beale Air Force Base","other_site_names":null,"state":"California","industry":"Military","matrix_type":"Groundwater","matrix":"Groundwater","year":2016,"pfoa":"3,100","pfos":"7,100","total_pfas":12600,"pfas_level":12600,"notes":"AFFF used at Beale Air Force Base","regulation_gvt_link":"https://www.waterboards.ca.gov/pfas/military.html","resources_link":"N/A","suspected_source_link":"https://drive.google.com/file/d/1EUMAiROzk8OxvPAWubv0xGGH9zI6mw4d/view?usp=drive_link ","pfas_testing_link":"https://drive.google.com/file/d/1GxtlDGkcSsmQnfw2bfNQ9vXIJZgFsgWO/view?usp=sharing","site_ref_link":"https://drive.google.com/drive/u/1/folders/19PUk7usFKw0MZTSNM0USAHxbRsMF58Bz","state_ref_link":"https://drive.google.com/drive/u/1/folders/1DWXhXwl1j4L5eKUdO88JdnrMTynHHza5","ObjectId":92}},{"type":"Feature","id":100,"geometry":{"type":"Point","coordinates":[-122.312679,37.78274]},"properties":{"site_name":"Naval Air Station Alameda","other_site_names":"Alameda Naval Air Station","state":"California","industry":"Military","matrix_type":"Groundwater","matrix":"Groundwater","year":2016,"pfoa":null,"pfos":null,"total_pfas":null,"pfas_level":336000,"notes":"AFFF used NAS Alameda","regulation_gvt_link":"https://www.waterboards.ca.gov/pfas/military.html","resources_link":"N/A","suspected_source_link":"https://drive.google.com/file/d/1EUMAiROzk8OxvPAWubv0xGGH9zI6mw4d/view?usp=drive_link ","pfas_testing_link":"https://geotracker.waterboards.ca.gov/map/pfas_map","site_ref_link":"https://drive.google.com/drive/u/1/folders/16mTpJTIfQOPxwoyjwfYwZ8k7O0oV8TaM","state_ref_link":"https://drive.google.com/drive/u/1/folders/1DWXhXwl1j4L5eKUdO88JdnrMTynHHza5","ObjectId":100}},{"type":"Feature","id":104,"geometry":{"type":"Point","coordinates":[-118.404851,33.947116]},"properties":{"site_name":"Los Angeles World Airports - Lawa Terminal Two Fuel Hydrant Facility","other_site_names":null,"state":"California","industry":"Airport","matrix_type":"Groundwater","matrix":"Groundwater","year":2018,"pfoa":"480","pfos":"930","total_pfas":null,"pfas_level":1330,"notes":null,"regulation_gvt_link":null,"resources_link":"N/A","suspected_source_link":"https://geotracker.waterboards.ca.gov/map/pfas_map","pfas_testing_link":"https://geotracker.waterboards.ca.gov/map/pfas_map","site_ref_link":null,"state_ref_link":"https://drive.google.com/drive/u/0/folders/1DWXhXwl1j4L5eKUdO88JdnrMTynHHza5","ObjectId":104}},{"type":"Feature","id":125,"geometry":{"type":"Point","coordinates":[-117.183048,32.699704]},"properties":{"site_name":"Naval Air Station North Island","other_site_names":null,"state":"California","industry":"Military","matrix_type":"Groundwater","matrix":"Groundwater","year":2018,"pfoa":"1,989","pfos":"122","total_pfas":null,"pfas_level":1989,"notes":null,"regulation_gvt_link":null,"resources_link":null,"suspected_source_link":"https://www.navfac.navy.mil/products_and_services/ev/products_and_services/env_restoration/pfas_reading_room.html","pfas_testing_link":"https://drive.google.com/file/d/1IVTove8QzGYQRFq6TJ_8j-4o3HP5E_XT/view?usp=sharing","site_ref_link":"https://drive.google.com/drive/u/0/folders/1IJQGGAnBucLKapKYmVfkbfTDfBl6t03a","state_ref_link":null,"ObjectId":125}},{"type":"Feature","id":148,"geometry":{"type":"Point","coordinates":[-117.150802,32.84215]},"properties":{"site_name":"North Miramar Landfill","other_site_names":null,"state":"California","industry":"Landfill","matrix_type":"Groundwater","matrix":"Groundwater","year":2018,"pfoa":"1,300","pfos":"26","total_pfas":3141,"pfas_level":3141,"notes":null,"regulation_gvt_link":null,"resources_link":"https://geotracker.waterboards.ca.gov/profile_report?global_id=L10006986192&mytab=esidata#esidata","suspected_source_link":"https://geotracker.waterboards.ca.gov/map/pfas_map#","pfas_testing_link":"https://geotracker.waterboards.ca.gov/profile_report?cmd=mwreport&global_id=L10006986192&con_num=1518953800","site_ref_link":null,"state_ref_link":"https://drive.google.com/drive/u/1/folders/1DWXhXwl1j4L5eKUdO88JdnrMTynHHza5","ObjectId":148}},{"type":"Feature","id":159,"geometry":{"type":"Point","coordinates":[-118.396711,34.204876]},"properties":{"site_name":"Hewitt Landfill","other_site_names":null,"state":"California","industry":"Landfill","matrix_type":"Groundwater","matrix":"Groundwater","year":2018,"pfoa":null,"pfos":null,"total_pfas":3548,"pfas_level":3548,"notes":null,"regulation_gvt_link":null,"resources_link":"https://geotracker.waterboards.ca.gov/profile_report?global_id=T10000004448","suspected_source_link":"https://geotracker.waterboards.ca.gov/map/pfas_map","pfas_testing_link":"https://geotracker.waterboards.ca.gov/map/pfas_map","site_ref_link":null,"state_ref_link":"https://drive.google.com/drive/u/0/folders/1DWXhXwl1j4L5eKUdO88JdnrMTynHHza5","ObjectId":159}},{"type":"Feature","id":201,"geometry":{"type":"Point","coordinates":[-118.387276,33.950748]},"properties":{"site_name":"Los Angeles World Airports - National Car Rental (Former Avis)","other_site_names":null,"state":"California","industry":"Airport","matrix_type":"Groundwater","matrix":"Groundwater","year":2017,"pfoa":"430","pfos":"1,900","total_pfas":5330,"pfas_level":5330,"notes":null,"regulation_gvt_link":null,"resources_link":"https://geotracker.waterboards.ca.gov/profile_report?global_id=T0603701065","suspected_source_link":"https://geotracker.waterboards.ca.gov/map/pfas_map","pfas_testing_link":"https://geotracker.waterboards.ca.gov/map/pfas_map","site_ref_link":null,"state_ref_link":"https://drive.google.com/drive/u/0/folders/1DWXhXwl1j4L5eKUdO88JdnrMTynHHza5","ObjectId":201}},{"type":"Feature","id":239,"geometry":{"type":"Point","coordinates":[-117.891209,34.924031]},"properties":{"site_name":"Edwards Air Force Base","other_site_names":null,"state":"California","industry":"Military","matrix_type":"Groundwater","matrix":"Groundwater","year":2017,"pfoa":"17,000","pfos":"260,000","total_pfas":300000,"pfas_level":300000,"notes":"AFFF used at Edwards Air Force Base","regulation_gvt_link":"https://www.waterboards.ca.gov/pfas/military.html ","resources_link":"https://www.waterboards.ca.gov/pfas/military.html","suspected_source_link":"https://www.edwards.af.mil/Portals/50/documents/environment/Final_16_Nov_2017_RAB_Minutes.pdf?ver=2018-08-16-162405-973","pfas_testing_link":"https://drive.google.com/file/d/1NkgoSQzROPgtKs8IWMRe_VUGYBQvblg-/view?usp=sharing","site_ref_link":"https://drive.google.com/drive/u/1/folders/16h7L1E6-czFLQArOgxjjVTwQykF-NZoZ","state_ref_link":"https://drive.google.com/drive/u/1/folders/1DWXhXwl1j4L5eKUdO88JdnrMTynHHza5","ObjectId":239}},{"type":"Feature","id":254,"geometry":{"type":"Point","coordinates":[-121.944464,38.262965]},"properties":{"site_name":"Travis Air Force Base","other_site_names":null,"state":"California","industry":"Military","matrix_type":"Groundwater","matrix":"Groundwater","year":2017,"pfoa":"140,000","pfos":"780,000","total_pfas":833700,"pfas_level":833700,"notes":"AFFF used Travis Air Force Base","regulation_gvt_link":"https://www.waterboards.ca.gov/pfas/military.html","resources_link":"N/A","suspected_source_link":"https://drive.google.com/file/d/1EUMAiROzk8OxvPAWubv0xGGH9zI6mw4d/view?usp=drive_link ","pfas_testing_link":"https://drive.google.com/file/d/1OwSCrPrQagLIv4gtGtTIs-LDJSt1eRqh/view?usp=sharing","site_ref_link":"https://drive.google.com/drive/folders/1Qe_LQR_3dGFt2vdx8uZRlWYPR0ZjgnI0","state_ref_link":"https://drive.google.com/drive/u/1/folders/1DWXhXwl1j4L5eKUdO88JdnrMTynHHza5","ObjectId":254}},{"type":"Feature","id":256,"geometry":{"type":"Point","coordinates":[-121.297211,38.563659]},"properties":{"site_name":"Mather Air Force Base","other_site_names":"Sacramento Mather Airport, Mather Air Force Base (AC&W DISPOSAL SITE)","state":"California","industry":"Military","matrix_type":"Groundwater","matrix":"Groundwater","year":2017,"pfoa":null,"pfos":null,"total_pfas":null,"pfas_level":910000,"notes":"AFFF used at Former Mather Air Force Base","regulation_gvt_link":"https://www.waterboards.ca.gov/pfas/military.html","resources_link":"N/A","suspected_source_link":"https://drive.google.com/file/d/1EUMAiROzk8OxvPAWubv0xGGH9zI6mw4d/view?usp=drive_link ","pfas_testing_link":"https://geotracker.waterboards.ca.gov/map/pfas_map","site_ref_link":"https://drive.google.com/drive/folders/1EWRQJNx16Jll4TZnGuBi2Q3g8fES_9mI","state_ref_link":"https://drive.google.com/drive/u/1/folders/1DWXhXwl1j4L5eKUdO88JdnrMTynHHza5","ObjectId":256}},{"type":"Feature","id":261,"geometry":{"type":"Point","coordinates":[-120.577909,37.364827]},"properties":{"site_name":"Castle Air Force Base","other_site_names":"Castle Air Force Base (6 Areas)","state":"California","industry":"Military","matrix_type":"Groundwater","matrix":"Groundwater","year":2017,"pfoa":"42,300","pfos":"2,330,000","total_pfas":2598770,"pfas_level":2598770,"notes":"AFFF used at Former Castle Air Force Base","regulation_gvt_link":"https://www.waterboards.ca.gov/pfas/military.html","resources_link":"EPA: https://cumulis.epa.gov/supercpad/SiteProfiles/index.cfm?fuseaction=second.contams&id=0902751","suspected_source_link":"https://drive.google.com/file/d/1EUMAiROzk8OxvPAWubv0xGGH9zI6mw4d/view?usp=drive_link ","pfas_testing_link":"https://drive.google.com/file/d/1kW3xPiWdLntRZ9E1ynqRpf0h25aLn_EW/view?usp=sharing","site_ref_link":"https://drive.google.com/drive/u/1/folders/1OBmf0wIja4CGP-M5ox8Jq2bdHNla8fka","state_ref_link":"https://drive.google.com/drive/u/1/folders/1DWXhXwl1j4L5eKUdO88JdnrMTynHHza5","ObjectId":261}},{"type":"Feature","id":278,"geometry":{"type":"Point","coordinates":[-120.743363,35.798799]},"properties":{"site_name":"Camp Roberts","other_site_names":null,"state":"California","industry":"Military","matrix_type":"Other Water","matrix":"Drinking Water","year":2018,"pfoa":null,"pfos":null,"total_pfas":2,"pfas_level":2,"notes":null,"regulation_gvt_link":null,"resources_link":"https://www.nationalguard.mil/Leadership/Joint-Staff/Personal-Staff/Public-Affairs/Community-Relations/Environmental/PFAS-PFOA-Library/California/","suspected_source_link":"https://drive.google.com/file/d/1g1t60FsMLcfluvkLqorqlbsHnkF_rNZw/view?usp=sharing","pfas_testing_link":"https://drive.google.com/file/d/1g1t60FsMLcfluvkLqorqlbsHnkF_rNZw/view?usp=sharing","site_ref_link":"https://drive.google.com/drive/u/0/folders/17vc5JX3Gvo92Bih-kg-GABnBbExIJhXg","state_ref_link":"https://drive.google.com/drive/u/1/folders/1NDSF5O2zivixjKUEYTRtJ_keJVbx9VmC","ObjectId":278}},{"type":"Feature","id":316,"geometry":{"type":"Point","coordinates":[-121.26559,37.853655]},"properties":{"site_name":"Sharpe Army Depot","other_site_names":null,"state":"California","industry":"Military","matrix_type":"Other Water","matrix":"Drinking Water","year":2018,"pfoa":null,"pfos":null,"total_pfas":44,"pfas_level":44,"notes":null,"regulation_gvt_link":null,"resources_link":"https://www.waterboards.ca.gov/pfas/","suspected_source_link":null,"pfas_testing_link":"https://cdn3.ewg.org/sites/default/files/u352/EWG_PFASTable-Army_C01.pdf","site_ref_link":"https://drive.google.com/drive/u/0/folders/17vc5JX3Gvo92Bih-kg-GABnBbExIJhXg","state_ref_link":"https://drive.google.com/drive/u/0/folders/1DWXhXwl1j4L5eKUdO88JdnrMTynHHza5","ObjectId":316}},{"type":"Feature","id":321,"geometry":{"type":"Point","coordinates":[-121.492739,37.641891]},"properties":{"site_name":"Lawrence Livermore National Laboratories Site 300","other_site_names":null,"state":"California","industry":"Industry","matrix_type":"Groundwater","matrix":"Groundwater","year":2018,"pfoa":"3","pfos":null,"total_pfas":46,"pfas_level":46,"notes":null,"regulation_gvt_link":null,"resources_link":null,"suspected_source_link":"https://geotracker.waterboards.ca.gov/map/pfas_map","pfas_testing_link":"https://geotracker.waterboards.ca.gov/map/pfas_map","site_ref_link":null,"state_ref_link":"https://drive.google.com/drive/u/0/folders/1DWXhXwl1j4L5eKUdO88JdnrMTynHHza5","ObjectId":321}},{"type":"Feature","id":355,"geometry":{"type":"Point","coordinates":[-118.457811,34.033648]},"properties":{"site_name":"Hudson Element La","other_site_names":null,"state":"California","industry":"Industry","matrix_type":"Groundwater","matrix":"Groundwater","year":2018,"pfoa":"19","pfos":"2","total_pfas":66,"pfas_level":66,"notes":null,"regulation_gvt_link":null,"resources_link":"https://geotracker.waterboards.ca.gov/profile_report?global_id=SL0603705527","suspected_source_link":"https://geotracker.waterboards.ca.gov/map/pfas_map","pfas_testing_link":"https://geotracker.waterboards.ca.gov/map/pfas_map","site_ref_link":null,"state_ref_link":"https://drive.google.com/drive/u/0/folders/1DWXhXwl1j4L5eKUdO88JdnrMTynHHza5","ObjectId":355}},{"type":"Feature","id":371,"geometry":{"type":"Point","coordinates":[-116.994893,33.881629]},"properties":{"site_name":"Lamb Canyon Landfill","other_site_names":null,"state":"California","industry":"Landfill","matrix_type":"Groundwater","matrix":"Groundwater","year":2018,"pfoa":null,"pfos":null,"total_pfas":82,"pfas_level":82,"notes":null,"regulation_gvt_link":null,"resources_link":"https://geotracker.waterboards.ca.gov/profile_report?global_id=L10004177173&mytab=esidata#esidata","suspected_source_link":"https://geotracker.waterboards.ca.gov/map/pfas_map#","pfas_testing_link":"https://documents.geotracker.waterboards.ca.gov/esi/uploads/geo_report/7698898553/L10004177173.PDF","site_ref_link":"https://drive.google.com/drive/u/0/folders/1yS_r_Tck9RHM1z8KzHZ8YQ5WfasnL-yN","state_ref_link":"https://drive.google.com/drive/u/1/folders/1DWXhXwl1j4L5eKUdO88JdnrMTynHHza5","ObjectId":371}},{"type":"Feature","id":399,"geometry":{"type":"Point","coordinates":[-122.264394,38.0933]},"properties":{"site_name":"Former Naval Shipyard Mare Island","other_site_names":null,"state":"California","industry":"Military","matrix_type":"Groundwater","matrix":"Groundwater","year":2018,"pfoa":"124","pfos":"78","total_pfas":null,"pfas_level":124,"notes":null,"regulation_gvt_link":null,"resources_link":null,"suspected_source_link":"https://www.navfac.navy.mil/products_and_services/ev/products_and_services/env_restoration/pfas_reading_room.html","pfas_testing_link":"https://drive.google.com/file/d/1gK144QBIQw5N59EiCEio2UMDo2UbzsWw/view?usp=sharing","site_ref_link":"https://drive.google.com/drive/u/0/folders/1IxjCtUIPQIudDVies0pZK9FHCFKfUaPz","state_ref_link":null,"ObjectId":399}},{"type":"Feature","id":404,"geometry":{"type":"Point","coordinates":[-117.823927,33.702939]},"properties":{"site_name":"Marine Corps Air Station Tustin","other_site_names":null,"state":"California","industry":"Military","matrix_type":"Groundwater","matrix":"Groundwater","year":2016,"pfoa":null,"pfos":null,"total_pfas":null,"pfas_level":770000,"notes":"AFFF used at Marine Corps Air Station Tustin","regulation_gvt_link":"https://www.waterboards.ca.gov/pfas/military.html","resources_link":"N/A","suspected_source_link":"https://drive.google.com/file/d/1EUMAiROzk8OxvPAWubv0xGGH9zI6mw4d/view?usp=drive_link ","pfas_testing_link":"https://geotracker.waterboards.ca.gov/map/pfas_map","site_ref_link":"https://drive.google.com/drive/u/1/folders/1OST-WFOsdBljKKtGqtiHUoWMrrqp_RXU","state_ref_link":"https://drive.google.com/drive/u/1/folders/1DWXhXwl1j4L5eKUdO88JdnrMTynHHza5","ObjectId":404}},{"type":"Feature","id":406,"geometry":{"type":"Point","coordinates":[-119.200163,34.16816]},"properties":{"site_name":"Naval Construction Battalion Center Port Hueneme","other_site_names":null,"state":"California","industry":"Military","matrix_type":"Groundwater","matrix":"Groundwater","year":2016,"pfoa":null,"pfos":null,"total_pfas":null,"pfas_level":1080000,"notes":"AFFF used at NCBC Port Hueneme","regulation_gvt_link":"https://www.waterboards.ca.gov/pfas/military.html","resources_link":"N/A","suspected_source_link":"https://drive.google.com/file/d/1EUMAiROzk8OxvPAWubv0xGGH9zI6mw4d/view?usp=drive_link ","pfas_testing_link":"https://geotracker.waterboards.ca.gov/map/pfas_map","site_ref_link":"https://drive.google.com/drive/u/1/folders/1fSpQT2NLadv4qvEIqFWJ5R6TaauM85D0","state_ref_link":"https://drive.google.com/drive/u/1/folders/1DWXhXwl1j4L5eKUdO88JdnrMTynHHza5","ObjectId":406}},{"type":"Feature","id":408,"geometry":{"type":"Point","coordinates":[-117.657437,35.655171]},"properties":{"site_name":"Naval Air Weapons Station China Lake","other_site_names":null,"state":"California","industry":"Military","matrix_type":"Groundwater","matrix":"Groundwater","year":2016,"pfoa":null,"pfos":null,"total_pfas":null,"pfas_level":8000000,"notes":"AFFF used at NAWS China Lake","regulation_gvt_link":"N/A","resources_link":"N/A","suspected_source_link":"https://drive.google.com/file/d/1EUMAiROzk8OxvPAWubv0xGGH9zI6mw4d/view?usp=drive_link ","pfas_testing_link":"https://geotracker.waterboards.ca.gov/map/pfas_map","site_ref_link":"https://drive.google.com/drive/u/1/folders/1jWWeb1kw1p1KAzj5xldJ6jTVHhfAhob9","state_ref_link":"https://drive.google.com/drive/u/1/folders/1DWXhXwl1j4L5eKUdO88JdnrMTynHHza5","ObjectId":408}},{"type":"Feature","id":431,"geometry":{"type":"Point","coordinates":[-121.908691,37.715403]},"properties":{"site_name":"Camp Parks","other_site_names":null,"state":"California","industry":"Military","matrix_type":"Other Water","matrix":"Drinking Water","year":2017,"pfoa":null,"pfos":null,"total_pfas":19,"pfas_level":19,"notes":null,"regulation_gvt_link":null,"resources_link":"https://www.waterboards.ca.gov/pfas/","suspected_source_link":null,"pfas_testing_link":"https://cdn3.ewg.org/sites/default/files/u352/EWG_PFASTable-Army_C01.pdf","site_ref_link":"https://drive.google.com/drive/u/0/folders/17vc5JX3Gvo92Bih-kg-GABnBbExIJhXg","state_ref_link":"https://drive.google.com/drive/u/0/folders/1DWXhXwl1j4L5eKUdO88JdnrMTynHHza5","ObjectId":431}},{"type":"Feature","id":432,"geometry":{"type":"Point","coordinates":[-117.250846,34.103463]},"properties":{"site_name":"Norton Air Force Base","other_site_names":"Norton Air Force Base (LNDFLL #2)","state":"California","industry":"Military","matrix_type":"Groundwater","matrix":"Groundwater","year":2017,"pfoa":"22","pfos":"19","total_pfas":null,"pfas_level":22,"notes":"AFFF used at the former Norton Air Force Base","regulation_gvt_link":"https://www.waterboards.ca.gov/pfas/military.html","resources_link":"http://afcec.publicadmin-record.us.af.mil/","suspected_source_link":null,"pfas_testing_link":"https://geotracker.waterboards.ca.gov/map/pfas_map","site_ref_link":"https://drive.google.com/drive/u/1/folders/1x949WVYtq2hFwK81jZmbP7e-RikvrfQW","state_ref_link":"https://drive.google.com/drive/u/1/folders/1DWXhXwl1j4L5eKUdO88JdnrMTynHHza5","ObjectId":432}},{"type":"Feature","id":437,"geometry":{"type":"Point","coordinates":[-118.251,34.11007]},"properties":{"site_name":"Pollock Remediation Project","other_site_names":null,"state":"California","industry":"Unknown","matrix_type":"Groundwater","matrix":"Groundwater","year":2017,"pfoa":"12","pfos":"14","total_pfas":36,"pfas_level":36,"notes":null,"regulation_gvt_link":null,"resources_link":"https://www.waterboards.ca.gov/pfas/","suspected_source_link":"https://geotracker.waterboards.ca.gov/map/pfas_map","pfas_testing_link":"https://geotracker.waterboards.ca.gov/map/pfas_map","site_ref_link":null,"state_ref_link":"https://drive.google.com/drive/u/0/folders/1DWXhXwl1j4L5eKUdO88JdnrMTynHHza5","ObjectId":437}},{"type":"Feature","id":444,"geometry":{"type":"Point","coordinates":[-117.851622,33.719938]},"properties":{"site_name":"Orange County Water District - South Basin","other_site_names":null,"state":"California","industry":"Industry","matrix_type":"Groundwater","matrix":"Groundwater","year":2017,"pfoa":"61","pfos":"3","total_pfas":66,"pfas_level":66,"notes":"https://www.ocwd.com/news-events/newsletter/2020/february-2020/update-of-north-and-south-basin-groundwater-cleanup/","regulation_gvt_link":null,"resources_link":"https://www.waterboards.ca.gov/pfas/","suspected_source_link":"https://geotracker.waterboards.ca.gov/map/pfas_map","pfas_testing_link":"https://geotracker.waterboards.ca.gov/map/pfas_map","site_ref_link":null,"state_ref_link":"https://drive.google.com/drive/u/0/folders/1DWXhXwl1j4L5eKUdO88JdnrMTynHHza5","ObjectId":444}},{"type":"Feature","id":446,"geometry":{"type":"Point","coordinates":[-117.416567,34.153683]},"properties":{"site_name":"ROCKETS, FIREWORKS, AND FLARES SITE","other_site_names":null,"state":"California","industry":"Industry","matrix_type":"Groundwater","matrix":"Groundwater","year":2017,"pfoa":null,"pfos":"78","total_pfas":78,"pfas_level":78,"notes":null,"regulation_gvt_link":"https://cumulis.epa.gov/supercpad/cursites/csitinfo.cfm?id=0905945","resources_link":"https://cumulis.epa.gov/supercpad/cursites/csitinfo.cfm?id=0905945","suspected_source_link":"https://semspub.epa.gov/work/09/100021410.pdf","pfas_testing_link":"FIRST FIVE-YEAR REVIEW REPORT FOR ROCKETS, FIREWORKS, AND FLARES SUPERFUND SITE SAN BERNARDINO COUNTY, CALIFORNIA.pdf","site_ref_link":"San Bernardino County, CA - Rockets, Fireworks, and Flares - Superfund Site","state_ref_link":"CA","ObjectId":446}},{"type":"Feature","id":463,"geometry":{"type":"Point","coordinates":[-120.127869,40.146072]},"properties":{"site_name":"Sierra Army Depot","other_site_names":"Sierra Army Depot AAFES Express BX","state":"California","industry":"Military","matrix_type":"Other Water","matrix":"Drinking Water","year":2017,"pfoa":"33","pfos":null,"total_pfas":221,"pfas_level":221,"notes":null,"regulation_gvt_link":null,"resources_link":"https://www.waterboards.ca.gov/pfas/","suspected_source_link":null,"pfas_testing_link":"https://cdn3.ewg.org/sites/default/files/u352/EWG_PFASTable-Army_C01.pdf","site_ref_link":"https://drive.google.com/drive/u/0/folders/17vc5JX3Gvo92Bih-kg-GABnBbExIJhXg","state_ref_link":"https://drive.google.com/drive/u/0/folders/1DWXhXwl1j4L5eKUdO88JdnrMTynHHza6","ObjectId":463}},{"type":"Feature","id":470,"geometry":{"type":"Point","coordinates":[-121.390048,38.673338]},"properties":{"site_name":"McClellan Air Force Base","other_site_names":"McClellan Air Force Base (Ground Water Contamination)","state":"California","industry":"Military","matrix_type":"Groundwater","matrix":"Groundwater","year":2017,"pfoa":null,"pfos":null,"total_pfas":null,"pfas_level":348,"notes":"AFFF used at Former McClellan Air Force Base","regulation_gvt_link":"https://www.waterboards.ca.gov/pfas/military.html","resources_link":"N/A","suspected_source_link":"https://drive.google.com/file/d/1EUMAiROzk8OxvPAWubv0xGGH9zI6mw4d/view?usp=drive_link ","pfas_testing_link":"https://geotracker.waterboards.ca.gov/map/pfas_map","site_ref_link":"https://drive.google.com/drive/u/1/folders/1r_mo_EdewPj218pdotyaWmUPwhgq9NY7","state_ref_link":"https://drive.google.com/drive/u/1/folders/1DWXhXwl1j4L5eKUdO88JdnrMTynHHza5","ObjectId":470}},{"type":"Feature","id":472,"geometry":{"type":"Point","coordinates":[-117.841761,33.932943]},"properties":{"site_name":"Olinda Alpha Landfill","other_site_names":null,"state":"California","industry":"Landfill","matrix_type":"Groundwater","matrix":"Groundwater","year":2017,"pfoa":null,"pfos":null,"total_pfas":360,"pfas_level":360,"notes":null,"regulation_gvt_link":null,"resources_link":"https://geotracker.waterboards.ca.gov/profile_report?global_id=L10004560081","suspected_source_link":"https://geotracker.waterboards.ca.gov/map/pfas_map","pfas_testing_link":"https://geotracker.waterboards.ca.gov/map/pfas_map","site_ref_link":null,"state_ref_link":"https://drive.google.com/drive/u/0/folders/1DWXhXwl1j4L5eKUdO88JdnrMTynHHza5","ObjectId":472}},{"type":"Feature","id":473,"geometry":{"type":"Point","coordinates":[-117.709872,33.708882]},"properties":{"site_name":"Bowerman Landfill","other_site_names":null,"state":"California","industry":"Landfill","matrix_type":"Groundwater","matrix":"Groundwater","year":2017,"pfoa":null,"pfos":null,"total_pfas":420,"pfas_level":420,"notes":null,"regulation_gvt_link":null,"resources_link":"https://geotracker.waterboards.ca.gov/profile_report?global_id=L10003191714&mytab=esidata#esidata","suspected_source_link":"https://geotracker.waterboards.ca.gov/map/pfas_map#","pfas_testing_link":"https://documents.geotracker.waterboards.ca.gov/esi/uploads/geo_report/2080902338/L10003191714.PDF","site_ref_link":"https://drive.google.com/drive/u/0/folders/1Bl2v3h3znr3OZDyF8LbgKDfnayzYiGe3","state_ref_link":"https://drive.google.com/drive/u/1/folders/1DWXhXwl1j4L5eKUdO88JdnrMTynHHza5","ObjectId":473}},{"type":"Feature","id":490,"geometry":{"type":"Point","coordinates":[-117.476232,33.797719]},"properties":{"site_name":"El Sobrante Landfill","other_site_names":null,"state":"California","industry":"Landfill","matrix_type":"Groundwater","matrix":"Groundwater","year":2017,"pfoa":"610","pfos":"40","total_pfas":1449,"pfas_level":1449,"notes":null,"regulation_gvt_link":null,"resources_link":"https://geotracker.waterboards.ca.gov/profile_report?global_id=L10009663094","suspected_source_link":"https://geotracker.waterboards.ca.gov/map/pfas_map","pfas_testing_link":"https://geotracker.waterboards.ca.gov/map/pfas_map","site_ref_link":null,"state_ref_link":"https://drive.google.com/drive/u/0/folders/1DWXhXwl1j4L5eKUdO88JdnrMTynHHza5","ObjectId":490}},{"type":"Feature","id":524,"geometry":{"type":"Point","coordinates":[-118.250499,34.056915]},"properties":{"site_name":"Tujunga Remediation Project","other_site_names":null,"state":"California","industry":"WWTP","matrix_type":"Groundwater","matrix":"Groundwater","year":2018,"pfoa":"4","pfos":null,"total_pfas":8,"pfas_level":8,"notes":"https://bondaccountability.resources.ca.gov/Project.aspx?ProjectPK=22470&PropositionPK=48#:~:text=Description%3A%20The%20Tujunga%20Remediation%20Planning,wells%20in%20the%20Tujunga%20Wellfield.","regulation_gvt_link":null,"resources_link":null,"suspected_source_link":"https://geotracker.waterboards.ca.gov/map/pfas_map","pfas_testing_link":"https://geotracker.waterboards.ca.gov/map/pfas_map","site_ref_link":null,"state_ref_link":"https://drive.google.com/drive/u/0/folders/1DWXhXwl1j4L5eKUdO88JdnrMTynHHza5","ObjectId":524}},{"type":"Feature","id":609,"geometry":{"type":"Point","coordinates":[-119.712675,36.765303]},"properties":{"site_name":"Fresno Air National Guard Base","other_site_names":null,"state":"California","industry":"Military","matrix_type":"Groundwater","matrix":"Groundwater","year":2018,"pfoa":"170","pfos":null,"total_pfas":6470,"pfas_level":6470,"notes":null,"regulation_gvt_link":null,"resources_link":null,"suspected_source_link":"https://ar.afcec-cloud.af.mil/Search.aspx","pfas_testing_link":"https://drive.google.com/file/d/1At8J9sxzp9dwXwn3HDebM5o8Od6dAIGf/view?usp=sharing","site_ref_link":null,"state_ref_link":null,"ObjectId":609}},{"type":"Feature","id":628,"geometry":{"type":"Point","coordinates":[-117.150114,32.842598]},"properties":{"site_name":"West Miramar Landfill","other_site_names":null,"state":"California","industry":"Landfill","matrix_type":"Groundwater","matrix":"Groundwater","year":2018,"pfoa":"950","pfos":"59","total_pfas":10634,"pfas_level":10634,"notes":null,"regulation_gvt_link":null,"resources_link":"https://geotracker.waterboards.ca.gov/profile_report?global_id=L10004030235&mytab=esidata#esidata","suspected_source_link":"https://geotracker.waterboards.ca.gov/map/pfas_map#","pfas_testing_link":"https://geotracker.waterboards.ca.gov/profile_report?cmd=mwreport&global_id=L10004030235&con_num=2713304996","site_ref_link":null,"state_ref_link":"https://drive.google.com/drive/u/1/folders/1DWXhXwl1j4L5eKUdO88JdnrMTynHHza5","ObjectId":628}},{"type":"Feature","id":683,"geometry":{"type":"Point","coordinates":[-120.57244,34.742027]},"properties":{"site_name":"Vandenberg Air Force Base","other_site_names":null,"state":"California","industry":"Military","matrix_type":"Other Water","matrix":"Surface Water","year":2018,"pfoa":"8,200","pfos":"150,000","total_pfas":159300,"pfas_level":159300,"notes":"AFFF used at Vandenberg Air Force Base","regulation_gvt_link":"https://www.waterboards.ca.gov/pfas/military.html","resources_link":"http://afcec.publicadmin-record.us.af.mil/","suspected_source_link":null,"pfas_testing_link":"https://drive.google.com/file/d/1p5ryBz24BfmIizI7hgPw0VYkzhZdGHHh/view?usp=sharing","site_ref_link":"https://drive.google.com/drive/u/1/folders/10_VNBF6h1vz-k5zyfyQ_JmAtYem6I-ET","state_ref_link":"https://drive.google.com/drive/u/1/folders/1DWXhXwl1j4L5eKUdO88JdnrMTynHHza5","ObjectId":683}},{"type":"Feature","id":705,"geometry":{"type":"Point","coordinates":[-117.121431,33.950269]},"properties":{"site_name":"Badlands Landfill","other_site_names":null,"state":"California","industry":"Landfill","matrix_type":"Groundwater","matrix":"Groundwater","year":2018,"pfoa":"25","pfos":null,"total_pfas":142,"pfas_level":142,"notes":null,"regulation_gvt_link":null,"resources_link":"https://geotracker.waterboards.ca.gov/profile_report?global_id=L10003146754","suspected_source_link":"https://geotracker.waterboards.ca.gov/map/pfas_map#","pfas_testing_link":"https://documents.geotracker.waterboards.ca.gov/esi/uploads/geo_report/7698898553/L10004177173.PDF","site_ref_link":"https://drive.google.com/drive/u/0/folders/1R0U9BdY4qvKTpXMdyGeZL_9P3B4zRIHC","state_ref_link":"https://drive.google.com/drive/u/1/folders/1DWXhXwl1j4L5eKUdO88JdnrMTynHHza6","ObjectId":705}},{"type":"Feature","id":788,"geometry":{"type":"Point","coordinates":[-118.054509,33.796711]},"properties":{"site_name":"Joint Force Training Base-Los Alamitos","other_site_names":null,"state":"California","industry":"Military","matrix_type":"Other Water","matrix":"Drinking Water","year":2018,"pfoa":"118","pfos":"282","total_pfas":982,"pfas_level":982,"notes":null,"regulation_gvt_link":null,"resources_link":"https://www.waterboards.ca.gov/pfas/","suspected_source_link":"https://drive.google.com/file/d/1g1t60FsMLcfluvkLqorqlbsHnkF_rNZw/view?usp=sharing","pfas_testing_link":"https://drive.google.com/file/d/1g1t60FsMLcfluvkLqorqlbsHnkF_rNZw/view?usp=sharing","site_ref_link":"https://drive.google.com/drive/u/0/folders/17vc5JX3Gvo92Bih-kg-GABnBbExIJhXg","state_ref_link":"https://drive.google.com/drive/u/1/folders/1NDSF5O2zivixjKUEYTRtJ_keJVbx9VmC","ObjectId":788}},{"type":"Feature","id":819,"geometry":{"type":"Point","coordinates":[-118.400774,37.328673]},"properties":{"site_name":"Bishop-Sunland Class III Landfill","other_site_names":null,"state":"California","industry":"Landfill","matrix_type":"Groundwater","matrix":"Groundwater","year":2019,"pfoa":null,"pfos":null,"total_pfas":1,"pfas_level":1,"notes":null,"regulation_gvt_link":null,"resources_link":"https://geotracker.waterboards.ca.gov/profile_report?global_id=L10001653820","suspected_source_link":"https://geotracker.waterboards.ca.gov/map/pfas_map","pfas_testing_link":"https://geotracker.waterboards.ca.gov/map/pfas_map","site_ref_link":null,"state_ref_link":"https://drive.google.com/drive/u/0/folders/1DWXhXwl1j4L5eKUdO88JdnrMTynHHza5","ObjectId":819}},{"type":"Feature","id":820,"geometry":{"type":"Point","coordinates":[-115.538591,32.998459]},"properties":{"site_name":"Brawley Class III Waste Management Facility","other_site_names":null,"state":"California","industry":"Landfill","matrix_type":"Groundwater","matrix":"Groundwater","year":2019,"pfoa":null,"pfos":null,"total_pfas":1,"pfas_level":1,"notes":null,"regulation_gvt_link":null,"resources_link":"https://www.waterboards.ca.gov/pfas/","suspected_source_link":"https://geotracker.waterboards.ca.gov/map/pfas_map","pfas_testing_link":"https://geotracker.waterboards.ca.gov/map/pfas_map","site_ref_link":null,"state_ref_link":"https://drive.google.com/drive/u/0/folders/1DWXhXwl1j4L5eKUdO88JdnrMTynHHza5","ObjectId":820}},{"type":"Feature","id":821,"geometry":{"type":"Point","coordinates":[-115.278689,32.848702]},"properties":{"site_name":"Holtville Class III Waste Management Facility","other_site_names":null,"state":"California","industry":"Landfill","matrix_type":"Groundwater","matrix":"Groundwater","year":2019,"pfoa":null,"pfos":null,"total_pfas":1,"pfas_level":1,"notes":null,"regulation_gvt_link":null,"resources_link":"https://geotracker.waterboards.ca.gov/profile_report?global_id=L10005968736&mytab=esidata#esidata","suspected_source_link":"https://geotracker.waterboards.ca.gov/map/pfas_map#","pfas_testing_link":"https://geotracker.waterboards.ca.gov/profile_report?cmd=mwreport&global_id=L10005968736&con_num=7771874487","site_ref_link":null,"state_ref_link":"https://drive.google.com/drive/u/1/folders/1DWXhXwl1j4L5eKUdO88JdnrMTynHHza5","ObjectId":821}},{"type":"Feature","id":824,"geometry":{"type":"Point","coordinates":[-114.618834,32.814504]},"properties":{"site_name":"Picacho Solid Waste Disposal Service","other_site_names":null,"state":"California","industry":"Landfill","matrix_type":"Groundwater","matrix":"Groundwater","year":2019,"pfoa":null,"pfos":"1","total_pfas":2,"pfas_level":2,"notes":null,"regulation_gvt_link":null,"resources_link":"https://geotracker.waterboards.ca.gov/profile_report?global_id=L10006414912&mytab=esidata#esidata","suspected_source_link":"https://geotracker.waterboards.ca.gov/map/pfas_map#","pfas_testing_link":"https://geotracker.waterboards.ca.gov/profile_report?cmd=mwreport&global_id=L10006414912&con_num=5137793421","site_ref_link":null,"state_ref_link":"https://drive.google.com/drive/u/1/folders/1DWXhXwl1j4L5eKUdO88JdnrMTynHHza5","ObjectId":824}},{"type":"Feature","id":825,"geometry":{"type":"Point","coordinates":[-116.057958,35.232059]},"properties":{"site_name":"Baker Class III Landfill","other_site_names":null,"state":"California","industry":"Landfill","matrix_type":"Groundwater","matrix":"Groundwater","year":2019,"pfoa":"2","pfos":null,"total_pfas":2,"pfas_level":2,"notes":null,"regulation_gvt_link":null,"resources_link":"https://geotracker.waterboards.ca.gov/profile_report?global_id=L10008518142","suspected_source_link":"https://geotracker.waterboards.ca.gov/map/pfas_map","pfas_testing_link":"https://geotracker.waterboards.ca.gov/map/pfas_map","site_ref_link":null,"state_ref_link":"https://drive.google.com/drive/u/0/folders/1DWXhXwl1j4L5eKUdO88JdnrMTynHHza5","ObjectId":825}},{"type":"Feature","id":826,"geometry":{"type":"Point","coordinates":[-122.315183,37.547375]},"properties":{"site_name":"3rd Ave Landfill","other_site_names":null,"state":"California","industry":"Landfill","matrix_type":"Groundwater","matrix":"Groundwater","year":2019,"pfoa":null,"pfos":null,"total_pfas":2,"pfas_level":2,"notes":null,"regulation_gvt_link":null,"resources_link":"https://geotracker.waterboards.ca.gov/profile_report?global_id=L10004740616","suspected_source_link":"https://geotracker.waterboards.ca.gov/map/pfas_map","pfas_testing_link":"https://geotracker.waterboards.ca.gov/map/pfas_map","site_ref_link":null,"state_ref_link":"https://drive.google.com/drive/u/0/folders/1DWXhXwl1j4L5eKUdO88JdnrMTynHHza5","ObjectId":826}},{"type":"Feature","id":828,"geometry":{"type":"Point","coordinates":[-114.622592,34.791598]},"properties":{"site_name":"Needles Waste Management Facility","other_site_names":null,"state":"California","industry":"Landfill","matrix_type":"Groundwater","matrix":"Groundwater","year":2019,"pfoa":null,"pfos":"1","total_pfas":3,"pfas_level":3,"notes":null,"regulation_gvt_link":null,"resources_link":"https://www.waterboards.ca.gov/pfas/","suspected_source_link":"https://geotracker.waterboards.ca.gov/map/pfas_map","pfas_testing_link":"https://geotracker.waterboards.ca.gov/map/pfas_map","site_ref_link":null,"state_ref_link":"https://drive.google.com/drive/u/0/folders/1DWXhXwl1j4L5eKUdO88JdnrMTynHHza5","ObjectId":828}},{"type":"Feature","id":831,"geometry":{"type":"Point","coordinates":[-117.625156,33.486663]},"properties":{"site_name":"Prima Deshecha Sanitary Landfill","other_site_names":null,"state":"California","industry":"Landfill","matrix_type":"Groundwater","matrix":"Groundwater","year":2019,"pfoa":"1","pfos":"1","total_pfas":4,"pfas_level":4,"notes":null,"regulation_gvt_link":null,"resources_link":"https://geotracker.waterboards.ca.gov/profile_report?global_id=L10003995148&mytab=esidata#esidata","suspected_source_link":"https://geotracker.waterboards.ca.gov/map/pfas_map#","pfas_testing_link":"https://documents.geotracker.waterboards.ca.gov/esi/uploads/geo_report/8262461781/L10003995148.PDF","site_ref_link":"https://drive.google.com/drive/u/0/folders/1GMaRXdOqoUt0MRrMIBV7Gi3c-F9t6vdZ","state_ref_link":"https://drive.google.com/drive/u/1/folders/1DWXhXwl1j4L5eKUdO88JdnrMTynHHza5","ObjectId":831}},{"type":"Feature","id":832,"geometry":{"type":"Point","coordinates":[-115.997606,32.772173]},"properties":{"site_name":"Ocotillo Waste Management Facility","other_site_names":null,"state":"California","industry":"Landfill","matrix_type":"Groundwater","matrix":"Groundwater","year":2019,"pfoa":null,"pfos":"2","total_pfas":4,"pfas_level":4,"notes":null,"regulation_gvt_link":null,"resources_link":"https://geotracker.waterboards.ca.gov/profile_report?global_id=L10003033435&mytab=esidata#esidata","suspected_source_link":"https://geotracker.waterboards.ca.gov/map/pfas_map#","pfas_testing_link":"https://geotracker.waterboards.ca.gov/profile_report?cmd=mwreport&global_id=L10003033435&con_num=4501217782","site_ref_link":null,"state_ref_link":"https://drive.google.com/drive/u/1/folders/1DWXhXwl1j4L5eKUdO88JdnrMTynHHza5","ObjectId":832}},{"type":"Feature","id":833,"geometry":{"type":"Point","coordinates":[-122.564794,38.166173]},"properties":{"site_name":"Redwood Landfill","other_site_names":null,"state":"California","industry":"Landfill","matrix_type":"Groundwater","matrix":"Groundwater","year":2019,"pfoa":null,"pfos":null,"total_pfas":4,"pfas_level":4,"notes":null,"regulation_gvt_link":null,"resources_link":"https://geotracker.waterboards.ca.gov/profile_report?global_id=L10001825915","suspected_source_link":"https://geotracker.waterboards.ca.gov/map/pfas_map","pfas_testing_link":"https://geotracker.waterboards.ca.gov/map/pfas_map","site_ref_link":null,"state_ref_link":"https://drive.google.com/drive/u/0/folders/1DWXhXwl1j4L5eKUdO88JdnrMTynHHza5","ObjectId":833}},{"type":"Feature","id":839,"geometry":{"type":"Point","coordinates":[-122.494458,37.666592]},"properties":{"site_name":"Mussel Rock Landfill","other_site_names":null,"state":"California","industry":"Landfill","matrix_type":"Groundwater","matrix":"Groundwater","year":2019,"pfoa":"2","pfos":"2","total_pfas":8,"pfas_level":8,"notes":null,"regulation_gvt_link":null,"resources_link":"https://geotracker.waterboards.ca.gov/profile_report?global_id=T10000000086","suspected_source_link":"https://geotracker.waterboards.ca.gov/map/pfas_map","pfas_testing_link":"https://geotracker.waterboards.ca.gov/map/pfas_map","site_ref_link":null,"state_ref_link":"https://drive.google.com/drive/u/0/folders/1DWXhXwl1j4L5eKUdO88JdnrMTynHHza5","ObjectId":839}},{"type":"Feature","id":841,"geometry":{"type":"Point","coordinates":[-115.409649,33.777196]},"properties":{"site_name":"Desert Center Sanitary","other_site_names":null,"state":"California","industry":"Landfill","matrix_type":"Groundwater","matrix":"Groundwater","year":2019,"pfoa":"1","pfos":null,"total_pfas":8,"pfas_level":8,"notes":null,"regulation_gvt_link":null,"resources_link":"https://geotracker.waterboards.ca.gov/profile_report?global_id=L10009957466","suspected_source_link":"https://geotracker.waterboards.ca.gov/map/pfas_map","pfas_testing_link":"https://geotracker.waterboards.ca.gov/map/pfas_map","site_ref_link":null,"state_ref_link":"https://drive.google.com/drive/u/0/folders/1DWXhXwl1j4L5eKUdO88JdnrMTynHHza5","ObjectId":841}},{"type":"Feature","id":843,"geometry":{"type":"Point","coordinates":[-115.543588,32.678688]},"properties":{"site_name":"Calexico Class III Waste Management Facility","other_site_names":null,"state":"California","industry":"Landfill","matrix_type":"Groundwater","matrix":"Groundwater","year":2019,"pfoa":"2","pfos":null,"total_pfas":9,"pfas_level":9,"notes":null,"regulation_gvt_link":null,"resources_link":"https://www.waterboards.ca.gov/pfas/","suspected_source_link":"https://geotracker.waterboards.ca.gov/map/pfas_map","pfas_testing_link":"https://geotracker.waterboards.ca.gov/map/pfas_map","site_ref_link":null,"state_ref_link":"https://drive.google.com/drive/u/0/folders/1DWXhXwl1j4L5eKUdO88JdnrMTynHHza5","ObjectId":843}},{"type":"Feature","id":847,"geometry":{"type":"Point","coordinates":[-117.350363,34.344608]},"properties":{"site_name":"Hesperia Class III Landfill","other_site_names":null,"state":"California","industry":"Landfill","matrix_type":"Groundwater","matrix":"Groundwater","year":2019,"pfoa":"1","pfos":"1","total_pfas":10,"pfas_level":10,"notes":null,"regulation_gvt_link":null,"resources_link":"https://geotracker.waterboards.ca.gov/profile_report?global_id=L10001835552","suspected_source_link":"https://geotracker.waterboards.ca.gov/map/pfas_map","pfas_testing_link":"https://geotracker.waterboards.ca.gov/map/pfas_map","site_ref_link":null,"state_ref_link":"https://drive.google.com/drive/u/0/folders/1DWXhXwl1j4L5eKUdO88JdnrMTynHHza5","ObjectId":847}},{"type":"Feature","id":848,"geometry":{"type":"Point","coordinates":[-120.197154,37.063652]},"properties":{"site_name":"Fairmead Solid Waste Disposal Service","other_site_names":null,"state":"California","industry":"Landfill","matrix_type":"Groundwater","matrix":"Groundwater","year":2019,"pfoa":"1","pfos":null,"total_pfas":10,"pfas_level":10,"notes":null,"regulation_gvt_link":null,"resources_link":"https://www.waterboards.ca.gov/pfas/","suspected_source_link":"https://geotracker.waterboards.ca.gov/map/pfas_map","pfas_testing_link":"https://geotracker.waterboards.ca.gov/map/pfas_map","site_ref_link":null,"state_ref_link":"https://drive.google.com/drive/u/0/folders/1DWXhXwl1j4L5eKUdO88JdnrMTynHHza5","ObjectId":848}},{"type":"Feature","id":849,"geometry":{"type":"Point","coordinates":[-114.748972,33.391134]},"properties":{"site_name":"Palo Verde III Waste Management Facility","other_site_names":null,"state":"California","industry":"Landfill","matrix_type":"Groundwater","matrix":"Groundwater","year":2019,"pfoa":"3","pfos":null,"total_pfas":10,"pfas_level":10,"notes":null,"regulation_gvt_link":null,"resources_link":"https://geotracker.waterboards.ca.gov/profile_report?global_id=L10006866257&mytab=esidata#esidata","suspected_source_link":"https://geotracker.waterboards.ca.gov/map/pfas_map#","pfas_testing_link":"https://geotracker.waterboards.ca.gov/profile_report?cmd=mwreport&rptype=client&global_id=L10006866257&con_num=5615892887&orderby=logdate,anadate,parlabel","site_ref_link":null,"state_ref_link":"https://drive.google.com/drive/u/1/folders/1DWXhXwl1j4L5eKUdO88JdnrMTynHHza5","ObjectId":849}},{"type":"Feature","id":850,"geometry":{"type":"Point","coordinates":[-118.340693,35.122717]},"properties":{"site_name":"Tehachapi Class III Landfill","other_site_names":null,"state":"California","industry":"Landfill","matrix_type":"Groundwater","matrix":"Groundwater","year":2019,"pfoa":null,"pfos":null,"total_pfas":10,"pfas_level":10,"notes":null,"regulation_gvt_link":null,"resources_link":"https://geotracker.waterboards.ca.gov/profile_report?global_id=L10004106157","suspected_source_link":"https://geotracker.waterboards.ca.gov/map/pfas_map","pfas_testing_link":"https://geotracker.waterboards.ca.gov/map/pfas_map","site_ref_link":null,"state_ref_link":"https://drive.google.com/drive/u/0/folders/1DWXhXwl1j4L5eKUdO88JdnrMTynHHza5","ObjectId":850}},{"type":"Feature","id":853,"geometry":{"type":"Point","coordinates":[-121.409232,36.531875]},"properties":{"site_name":"Johnson Canyon Class III Landfill","other_site_names":null,"state":"California","industry":"Landfill","matrix_type":"Groundwater","matrix":"Groundwater","year":2019,"pfoa":"2","pfos":"1","total_pfas":11,"pfas_level":11,"notes":null,"regulation_gvt_link":null,"resources_link":"https://geotracker.waterboards.ca.gov/profile_report?global_id=L10004488988","suspected_source_link":"https://geotracker.waterboards.ca.gov/map/pfas_map","pfas_testing_link":"https://geotracker.waterboards.ca.gov/map/pfas_map","site_ref_link":null,"state_ref_link":"https://drive.google.com/drive/u/0/folders/1DWXhXwl1j4L5eKUdO88JdnrMTynHHza5","ObjectId":853}},{"type":"Feature","id":854,"geometry":{"type":"Point","coordinates":[-119.596927,36.302737]},"properties":{"site_name":"Hanford Municipal Solid Waste Disposal Service","other_site_names":null,"state":"California","industry":"Landfill","matrix_type":"Groundwater","matrix":"Groundwater","year":2019,"pfoa":"1","pfos":null,"total_pfas":11,"pfas_level":11,"notes":null,"regulation_gvt_link":null,"resources_link":"https://www.waterboards.ca.gov/pfas/","suspected_source_link":"https://geotracker.waterboards.ca.gov/map/pfas_map","pfas_testing_link":"https://geotracker.waterboards.ca.gov/map/pfas_map","site_ref_link":null,"state_ref_link":"https://drive.google.com/drive/u/0/folders/1DWXhXwl1j4L5eKUdO88JdnrMTynHHza5","ObjectId":854}},{"type":"Feature","id":863,"geometry":{"type":"Point","coordinates":[-121.031056,39.953964]},"properties":{"site_name":"Gopher Hill Class III Landfill","other_site_names":null,"state":"California","industry":"Landfill","matrix_type":"Groundwater","matrix":"Groundwater","year":2019,"pfoa":"5","pfos":"2","total_pfas":16,"pfas_level":16,"notes":null,"regulation_gvt_link":null,"resources_link":"https://geotracker.waterboards.ca.gov/profile_report?global_id=L10002176933","suspected_source_link":"https://geotracker.waterboards.ca.gov/map/pfas_map","pfas_testing_link":"https://geotracker.waterboards.ca.gov/map/pfas_map","site_ref_link":null,"state_ref_link":"https://drive.google.com/drive/u/0/folders/1DWXhXwl1j4L5eKUdO88JdnrMTynHHza5","ObjectId":863}},{"type":"Feature","id":864,"geometry":{"type":"Point","coordinates":[-115.49192,33.271298]},"properties":{"site_name":"Niland III Waste Management Facility","other_site_names":null,"state":"California","industry":"Landfill","matrix_type":"Groundwater","matrix":"Groundwater","year":2019,"pfoa":null,"pfos":"1","total_pfas":16,"pfas_level":16,"notes":null,"regulation_gvt_link":null,"resources_link":"https://geotracker.waterboards.ca.gov/profile_report?global_id=L10004403391&mytab=esidata#esidata","suspected_source_link":"https://geotracker.waterboards.ca.gov/map/pfas_map#","pfas_testing_link":"https://geotracker.waterboards.ca.gov/profile_report?cmd=mwreport&global_id=L10004403391&con_num=9172741830","site_ref_link":null,"state_ref_link":"https://drive.google.com/drive/u/1/folders/1DWXhXwl1j4L5eKUdO88JdnrMTynHHza5","ObjectId":864}},{"type":"Feature","id":865,"geometry":{"type":"Point","coordinates":[-115.670999,33.398546]},"properties":{"site_name":"Hot Spa Imperial County Landfill","other_site_names":null,"state":"California","industry":"Landfill","matrix_type":"Groundwater","matrix":"Groundwater","year":2019,"pfoa":null,"pfos":null,"total_pfas":16,"pfas_level":16,"notes":null,"regulation_gvt_link":null,"resources_link":"https://geotracker.waterboards.ca.gov/profile_report?global_id=L10009821173&mytab=esidata#esidata","suspected_source_link":"https://geotracker.waterboards.ca.gov/map/pfas_map#","pfas_testing_link":"https://geotracker.waterboards.ca.gov/profile_report?cmd=mwreport&global_id=L10009821173&con_num=5662054240","site_ref_link":null,"state_ref_link":"https://drive.google.com/drive/u/1/folders/1DWXhXwl1j4L5eKUdO88JdnrMTynHHza5","ObjectId":865}},{"type":"Feature","id":868,"geometry":{"type":"Point","coordinates":[-114.62673,33.70478]},"properties":{"site_name":"Blythe Class III Waste Management Facility","other_site_names":null,"state":"California","industry":"Landfill","matrix_type":"Groundwater","matrix":"Groundwater","year":2019,"pfoa":"1","pfos":null,"total_pfas":17,"pfas_level":17,"notes":null,"regulation_gvt_link":null,"resources_link":"https://www.waterboards.ca.gov/pfas/","suspected_source_link":"https://geotracker.waterboards.ca.gov/map/pfas_map","pfas_testing_link":"https://geotracker.waterboards.ca.gov/map/pfas_map","site_ref_link":null,"state_ref_link":"https://drive.google.com/drive/u/0/folders/1DWXhXwl1j4L5eKUdO88JdnrMTynHHza5","ObjectId":868}},{"type":"Feature","id":870,"geometry":{"type":"Point","coordinates":[-118.118029,33.93024]},"properties":{"site_name":"Downey Industrial Center","other_site_names":null,"state":"California","industry":"Industry","matrix_type":"Groundwater","matrix":"Groundwater","year":2019,"pfoa":"2","pfos":"16","total_pfas":null,"pfas_level":17,"notes":null,"regulation_gvt_link":null,"resources_link":"https://www.waterboards.ca.gov/pfas/","suspected_source_link":"https://geotracker.waterboards.ca.gov/map/pfas_map","pfas_testing_link":"https://geotracker.waterboards.ca.gov/map/pfas_map","site_ref_link":null,"state_ref_link":"https://drive.google.com/drive/u/0/folders/1DWXhXwl1j4L5eKUdO88JdnrMTynHHza5","ObjectId":870}},{"type":"Feature","id":872,"geometry":{"type":"Point","coordinates":[-115.981388,33.231404]},"properties":{"site_name":"Salton City Solid Waste Site","other_site_names":null,"state":"California","industry":"Landfill","matrix_type":"Groundwater","matrix":"Groundwater","year":2019,"pfoa":null,"pfos":"1","total_pfas":18,"pfas_level":18,"notes":null,"regulation_gvt_link":null,"resources_link":"https://geotracker.waterboards.ca.gov/profile_report?global_id=L10005850536&mytab=esidata#esidata","suspected_source_link":"https://geotracker.waterboards.ca.gov/map/pfas_map#","pfas_testing_link":"https://geotracker.waterboards.ca.gov/profile_report?cmd=mwreport&global_id=L10005850536&con_num=6253099918","site_ref_link":null,"state_ref_link":"https://drive.google.com/drive/u/1/folders/1DWXhXwl1j4L5eKUdO88JdnrMTynHHza5","ObjectId":872}},{"type":"Feature","id":881,"geometry":{"type":"Point","coordinates":[-117.648318,34.990488]},"properties":{"site_name":"Boron Class III Landfill","other_site_names":null,"state":"California","industry":"Landfill","matrix_type":"Groundwater","matrix":"Groundwater","year":2019,"pfoa":"1","pfos":null,"total_pfas":22,"pfas_level":22,"notes":null,"regulation_gvt_link":null,"resources_link":"https://geotracker.waterboards.ca.gov/profile_report?global_id=L10004638786","suspected_source_link":"https://geotracker.waterboards.ca.gov/map/pfas_map","pfas_testing_link":"https://geotracker.waterboards.ca.gov/map/pfas_map","site_ref_link":null,"state_ref_link":"https://drive.google.com/drive/u/0/folders/1DWXhXwl1j4L5eKUdO88JdnrMTynHHza5","ObjectId":881}},{"type":"Feature","id":882,"geometry":{"type":"Point","coordinates":[-121.589533,40.938644]},"properties":{"site_name":"Intermountain Class III Landfill","other_site_names":null,"state":"California","industry":"Landfill","matrix_type":"Groundwater","matrix":"Groundwater","year":2019,"pfoa":null,"pfos":null,"total_pfas":22,"pfas_level":22,"notes":null,"regulation_gvt_link":null,"resources_link":"https://geotracker.waterboards.ca.gov/profile_report?global_id=L10004557882","suspected_source_link":"https://geotracker.waterboards.ca.gov/map/pfas_map","pfas_testing_link":"https://geotracker.waterboards.ca.gov/map/pfas_map","site_ref_link":null,"state_ref_link":"https://drive.google.com/drive/u/0/folders/1DWXhXwl1j4L5eKUdO88JdnrMTynHHza5","ObjectId":882}},{"type":"Feature","id":892,"geometry":{"type":"Point","coordinates":[-119.385547,36.392767]},"properties":{"site_name":"Visalia Solid Waste Disposal Service","other_site_names":null,"state":"California","industry":"Landfill","matrix_type":"Groundwater","matrix":"Groundwater","year":2019,"pfoa":null,"pfos":null,"total_pfas":27,"pfas_level":27,"notes":null,"regulation_gvt_link":null,"resources_link":null,"suspected_source_link":"https://geotracker.waterboards.ca.gov/map/pfas_map","pfas_testing_link":"https://geotracker.waterboards.ca.gov/map/pfas_map","site_ref_link":null,"state_ref_link":"https://drive.google.com/drive/u/0/folders/1DWXhXwl1j4L5eKUdO88JdnrMTynHHza5","ObjectId":892}},{"type":"Feature","id":895,"geometry":{"type":"Point","coordinates":[-117.820925,34.047488]},"properties":{"site_name":"Spadra Landfill","other_site_names":null,"state":"California","industry":"Landfill","matrix_type":"Groundwater","matrix":"Groundwater","year":2019,"pfoa":"1","pfos":null,"total_pfas":29,"pfas_level":29,"notes":null,"regulation_gvt_link":null,"resources_link":"https://geotracker.waterboards.ca.gov/profile_report?global_id=L10001382782","suspected_source_link":"https://geotracker.waterboards.ca.gov/map/pfas_map","pfas_testing_link":"https://geotracker.waterboards.ca.gov/map/pfas_map","site_ref_link":null,"state_ref_link":"https://drive.google.com/drive/u/0/folders/1DWXhXwl1j4L5eKUdO88JdnrMTynHHza5","ObjectId":895}},{"type":"Feature","id":896,"geometry":{"type":"Point","coordinates":[-121.35371,38.41485]},"properties":{"site_name":"Elk Grove Class III Landfill","other_site_names":null,"state":"California","industry":"Landfill","matrix_type":"Groundwater","matrix":"Groundwater","year":2019,"pfoa":"2","pfos":null,"total_pfas":29,"pfas_level":29,"notes":null,"regulation_gvt_link":null,"resources_link":"https://geotracker.waterboards.ca.gov/profile_report?global_id=L10008601447","suspected_source_link":"https://geotracker.waterboards.ca.gov/map/pfas_map","pfas_testing_link":"https://geotracker.waterboards.ca.gov/map/pfas_map","site_ref_link":null,"state_ref_link":"https://drive.google.com/drive/u/0/folders/1DWXhXwl1j4L5eKUdO88JdnrMTynHHza5","ObjectId":896}},{"type":"Feature","id":901,"geometry":{"type":"Point","coordinates":[-117.251173,33.03979]},"properties":{"site_name":"Encinitas II Landfill","other_site_names":null,"state":"California","industry":"Landfill","matrix_type":"Groundwater","matrix":"Groundwater","year":2019,"pfoa":null,"pfos":null,"total_pfas":31,"pfas_level":31,"notes":null,"regulation_gvt_link":null,"resources_link":"https://geotracker.waterboards.ca.gov/profile_report?global_id=L10007407136&mytab=esidata#esidata","suspected_source_link":"https://geotracker.waterboards.ca.gov/map/pfas_map#","pfas_testing_link":"https://geotracker.waterboards.ca.gov/profile_report?cmd=mwreport&global_id=L10007407136&con_num=2680208683","site_ref_link":null,"state_ref_link":"https://drive.google.com/drive/u/1/folders/1DWXhXwl1j4L5eKUdO88JdnrMTynHHza5","ObjectId":901}},{"type":"Feature","id":902,"geometry":{"type":"Point","coordinates":[-117.926877,34.119628]},"properties":{"site_name":"Azusa Land Reclamation Landfill","other_site_names":null,"state":"California","industry":"Landfill","matrix_type":"Groundwater","matrix":"Groundwater","year":2019,"pfoa":"4","pfos":"2","total_pfas":32,"pfas_level":32,"notes":null,"regulation_gvt_link":null,"resources_link":"https://geotracker.waterboards.ca.gov/profile_report?global_id=L10005042654","suspected_source_link":"https://geotracker.waterboards.ca.gov/map/pfas_map","pfas_testing_link":"https://geotracker.waterboards.ca.gov/map/pfas_map","site_ref_link":null,"state_ref_link":"https://drive.google.com/drive/u/0/folders/1DWXhXwl1j4L5eKUdO88JdnrMTynHHza5","ObjectId":902}},{"type":"Feature","id":907,"geometry":{"type":"Point","coordinates":[-117.899965,34.035352]},"properties":{"site_name":"Bkk Class III Landfill","other_site_names":null,"state":"California","industry":"Landfill","matrix_type":"Groundwater","matrix":"Groundwater","year":2019,"pfoa":"1","pfos":null,"total_pfas":33,"pfas_level":33,"notes":null,"regulation_gvt_link":null,"resources_link":"https://geotracker.waterboards.ca.gov/profile_report?global_id=L10005364254","suspected_source_link":"https://geotracker.waterboards.ca.gov/map/pfas_map","pfas_testing_link":"https://geotracker.waterboards.ca.gov/map/pfas_map","site_ref_link":null,"state_ref_link":"https://drive.google.com/drive/u/0/folders/1DWXhXwl1j4L5eKUdO88JdnrMTynHHza5","ObjectId":907}},{"type":"Feature","id":913,"geometry":{"type":"Point","coordinates":[-117.442755,34.652885]},"properties":{"site_name":"Adelanto Class III Landfill","other_site_names":null,"state":"California","industry":"Landfill","matrix_type":"Groundwater","matrix":"Groundwater","year":2019,"pfoa":"5","pfos":"2","total_pfas":35,"pfas_level":35,"notes":null,"regulation_gvt_link":null,"resources_link":"https://geotracker.waterboards.ca.gov/profile_report?global_id=L10005089428","suspected_source_link":"https://geotracker.waterboards.ca.gov/map/pfas_map","pfas_testing_link":"https://geotracker.waterboards.ca.gov/map/pfas_map","site_ref_link":null,"state_ref_link":"https://drive.google.com/drive/u/0/folders/1DWXhXwl1j4L5eKUdO88JdnrMTynHHza5","ObjectId":913}},{"type":"Feature","id":914,"geometry":{"type":"Point","coordinates":[-117.109189,34.943262]},"properties":{"site_name":"Lenwood-Hinkley Landfill","other_site_names":null,"state":"California","industry":"Landfill","matrix_type":"Groundwater","matrix":"Groundwater","year":2019,"pfoa":"4","pfos":"2","total_pfas":36,"pfas_level":36,"notes":null,"regulation_gvt_link":null,"resources_link":"https://geotracker.waterboards.ca.gov/profile_report?global_id=L10001573087","suspected_source_link":"https://geotracker.waterboards.ca.gov/map/pfas_map","pfas_testing_link":"https://geotracker.waterboards.ca.gov/map/pfas_map","site_ref_link":null,"state_ref_link":"https://drive.google.com/drive/u/0/folders/1DWXhXwl1j4L5eKUdO88JdnrMTynHHza5","ObjectId":914}},{"type":"Feature","id":921,"geometry":{"type":"Point","coordinates":[-116.835801,34.516023]},"properties":{"site_name":"Lucerne Valley Closed Waste Management Facility","other_site_names":null,"state":"California","industry":"Landfill","matrix_type":"Groundwater","matrix":"Groundwater","year":2019,"pfoa":"20","pfos":"2","total_pfas":39,"pfas_level":39,"notes":null,"regulation_gvt_link":null,"resources_link":"https://www.waterboards.ca.gov/pfas/","suspected_source_link":"https://geotracker.waterboards.ca.gov/map/pfas_map","pfas_testing_link":"https://geotracker.waterboards.ca.gov/map/pfas_map","site_ref_link":null,"state_ref_link":"https://drive.google.com/drive/u/0/folders/1DWXhXwl1j4L5eKUdO88JdnrMTynHHza5","ObjectId":921}},{"type":"Feature","id":923,"geometry":{"type":"Point","coordinates":[-121.301992,38.568759]},"properties":{"site_name":"Inactive Rancho Cordova Test Site - Mcdonnell Douglas","other_site_names":"Aerojet Inactive, Aerojet General Corp.","state":"California","industry":"Industry","matrix_type":"Groundwater","matrix":"Groundwater","year":2019,"pfoa":"11","pfos":"8","total_pfas":41,"pfas_level":41,"notes":null,"regulation_gvt_link":null,"resources_link":"https://geotracker.waterboards.ca.gov/profile_report?global_id=SL205493018","suspected_source_link":"https://geotracker.waterboards.ca.gov/map/pfas_map","pfas_testing_link":"https://geotracker.waterboards.ca.gov/map/pfas_map","site_ref_link":null,"state_ref_link":"https://drive.google.com/drive/u/0/folders/1DWXhXwl1j4L5eKUdO88JdnrMTynHHza5","ObjectId":923}},{"type":"Feature","id":929,"geometry":{"type":"Point","coordinates":[-116.821768,34.304336]},"properties":{"site_name":"Big Bear Class III Waste Management Facility","other_site_names":null,"state":"California","industry":"Landfill","matrix_type":"Groundwater","matrix":"Groundwater","year":2019,"pfoa":"17","pfos":"4","total_pfas":46,"pfas_level":46,"notes":null,"regulation_gvt_link":null,"resources_link":"https://www.waterboards.ca.gov/pfas/","suspected_source_link":"https://geotracker.waterboards.ca.gov/map/pfas_map","pfas_testing_link":"https://geotracker.waterboards.ca.gov/map/pfas_map","site_ref_link":null,"state_ref_link":"https://drive.google.com/drive/u/0/folders/1DWXhXwl1j4L5eKUdO88JdnrMTynHHza5","ObjectId":929}},{"type":"Feature","id":932,"geometry":{"type":"Point","coordinates":[-118.655689,35.811245]},"properties":{"site_name":"Balance Rock Solid Waste Disposal Service","other_site_names":null,"state":"California","industry":"Landfill","matrix_type":"Groundwater","matrix":"Groundwater","year":2019,"pfoa":null,"pfos":null,"total_pfas":49,"pfas_level":49,"notes":null,"regulation_gvt_link":null,"resources_link":"N/A","suspected_source_link":"https://geotracker.waterboards.ca.gov/map/pfas_map","pfas_testing_link":"https://geotracker.waterboards.ca.gov/map/pfas_map","site_ref_link":null,"state_ref_link":"https://drive.google.com/drive/u/0/folders/1DWXhXwl1j4L5eKUdO88JdnrMTynHHza5","ObjectId":932}},{"type":"Feature","id":933,"geometry":{"type":"Point","coordinates":[-118.392198,34.293776]},"properties":{"site_name":"Lopez Canyon Landfill","other_site_names":null,"state":"California","industry":"Landfill","matrix_type":"Groundwater","matrix":"Groundwater","year":2019,"pfoa":null,"pfos":null,"total_pfas":52,"pfas_level":52,"notes":null,"regulation_gvt_link":null,"resources_link":"https://geotracker.waterboards.ca.gov/profile_report?global_id=L10001048735","suspected_source_link":"https://geotracker.waterboards.ca.gov/map/pfas_map","pfas_testing_link":"https://geotracker.waterboards.ca.gov/map/pfas_map","site_ref_link":null,"state_ref_link":"https://drive.google.com/drive/u/0/folders/1DWXhXwl1j4L5eKUdO88JdnrMTynHHza5","ObjectId":933}},{"type":"Feature","id":937,"geometry":{"type":"Point","coordinates":[-115.682227,32.845942]},"properties":{"site_name":"Imperial County Class III Waste Management Facility","other_site_names":null,"state":"California","industry":"Landfill","matrix_type":"Groundwater","matrix":"Groundwater","year":2019,"pfoa":"8","pfos":"13","total_pfas":57,"pfas_level":57,"notes":null,"regulation_gvt_link":null,"resources_link":"https://geotracker.waterboards.ca.gov/profile_report?global_id=L10007284831&mytab=esidata#esidata","suspected_source_link":"https://geotracker.waterboards.ca.gov/map/pfas_map#","pfas_testing_link":"https://geotracker.waterboards.ca.gov/profile_report?cmd=mwreport&global_id=L10007284831&con_num=8705660343","site_ref_link":null,"state_ref_link":"https://drive.google.com/drive/u/1/folders/1DWXhXwl1j4L5eKUdO88JdnrMTynHHza5","ObjectId":937}},{"type":"Feature","id":938,"geometry":{"type":"Point","coordinates":[-122.36732,37.72229]},"properties":{"site_name":"HUNTERS POINT NAVAL SHIPYARD","other_site_names":null,"state":"California","industry":"Military","matrix_type":"Groundwater","matrix":"Groundwater","year":2019,"pfoa":"21","pfos":"38","total_pfas":59,"pfas_level":59,"notes":null,"regulation_gvt_link":"https://semspub.epa.gov/work/09/100018436.pdf","resources_link":"https://cumulis.epa.gov/supercpad/cursites/csitinfo.cfm?id=0902722","suspected_source_link":"https://www.acq.osd.mil/eie/eer/ecc/pfas/docs/reports/PFAS-at-Base-Realignment-and-Closure-Locations.pdf","pfas_testing_link":"Per- and Polyfluoroalkyl Substances at Base Realignment and Closure Locations.pdf","site_ref_link":"San Francisco County, CA - Hunters Point Naval Shipyard","state_ref_link":"CA","ObjectId":938}},{"type":"Feature","id":940,"geometry":{"type":"Point","coordinates":[-117.183548,33.249664]},"properties":{"site_name":"Bonsall Landfill","other_site_names":null,"state":"California","industry":"Landfill","matrix_type":"Groundwater","matrix":"Groundwater","year":2019,"pfoa":"15","pfos":"4","total_pfas":63,"pfas_level":63,"notes":null,"regulation_gvt_link":null,"resources_link":"https://geotracker.waterboards.ca.gov/profile_report?global_id=L10001753716","suspected_source_link":"https://geotracker.waterboards.ca.gov/map/pfas_map","pfas_testing_link":"https://geotracker.waterboards.ca.gov/map/pfas_map","site_ref_link":null,"state_ref_link":"https://drive.google.com/drive/u/0/folders/1DWXhXwl1j4L5eKUdO88JdnrMTynHHza5","ObjectId":940}},{"type":"Feature","id":942,"geometry":{"type":"Point","coordinates":[-117.071809,33.235026]},"properties":{"site_name":"Valley Center Landfill","other_site_names":null,"state":"California","industry":"Landfill","matrix_type":"Groundwater","matrix":"Groundwater","year":2019,"pfoa":"11","pfos":"5","total_pfas":65,"pfas_level":65,"notes":null,"regulation_gvt_link":null,"resources_link":"https://geotracker.waterboards.ca.gov/profile_report?global_id=L10004776747&mytab=esidata#esidata","suspected_source_link":"https://geotracker.waterboards.ca.gov/map/pfas_map#","pfas_testing_link":"https://geotracker.waterboards.ca.gov/profile_report?cmd=mwreport&global_id=L10004776747&con_num=5295144140","site_ref_link":null,"state_ref_link":"https://drive.google.com/drive/u/1/folders/1DWXhXwl1j4L5eKUdO88JdnrMTynHHza5","ObjectId":942}},{"type":"Feature","id":945,"geometry":{"type":"Point","coordinates":[-122.35718,40.414959]},"properties":{"site_name":"Anderson Class III Landfill","other_site_names":"Class II Surface Imp","state":"California","industry":"Landfill","matrix_type":"Groundwater","matrix":"Groundwater","year":2019,"pfoa":"4","pfos":null,"total_pfas":65,"pfas_level":65,"notes":null,"regulation_gvt_link":null,"resources_link":"https://www.waterboards.ca.gov/pfas/","suspected_source_link":"https://geotracker.waterboards.ca.gov/map/pfas_map","pfas_testing_link":"https://geotracker.waterboards.ca.gov/map/pfas_map","site_ref_link":null,"state_ref_link":"https://drive.google.com/drive/u/0/folders/1DWXhXwl1j4L5eKUdO88JdnrMTynHHza5","ObjectId":945}},{"type":"Feature","id":948,"geometry":{"type":"Point","coordinates":[-122.283571,38.247911]},"properties":{"site_name":"Napa Pipe, Class II Waste Management Unit","other_site_names":null,"state":"California","industry":"Landfill","matrix_type":"Groundwater","matrix":"Groundwater","year":2019,"pfoa":"3","pfos":null,"total_pfas":66,"pfas_level":66,"notes":null,"regulation_gvt_link":null,"resources_link":"https://www.waterboards.ca.gov/pfas/","suspected_source_link":"https://geotracker.waterboards.ca.gov/map/pfas_map","pfas_testing_link":"https://geotracker.waterboards.ca.gov/map/pfas_map","site_ref_link":null,"state_ref_link":"https://drive.google.com/drive/u/0/folders/1DWXhXwl1j4L5eKUdO88JdnrMTynHHza5","ObjectId":948}},{"type":"Feature","id":951,"geometry":{"type":"Point","coordinates":[-117.661503,33.491419]},"properties":{"site_name":"Forster Canyon Landfill","other_site_names":null,"state":"California","industry":"Landfill","matrix_type":"Groundwater","matrix":"Groundwater","year":2019,"pfoa":"5","pfos":"9","total_pfas":68,"pfas_level":68,"notes":null,"regulation_gvt_link":null,"resources_link":"https://geotracker.waterboards.ca.gov/profile_report?global_id=L10004423988&mytab=esidata#esidata","suspected_source_link":"https://geotracker.waterboards.ca.gov/map/pfas_map#","pfas_testing_link":"https://documents.geotracker.waterboards.ca.gov/esi/uploads/geo_report/1182634830/L10004423988.PDF","site_ref_link":"https://drive.google.com/drive/u/0/folders/1DX8tVxGJteE5SKd37-sBAW0PtU6NuWzG","state_ref_link":"https://drive.google.com/drive/u/1/folders/1DWXhXwl1j4L5eKUdO88JdnrMTynHHza5","ObjectId":951}},{"type":"Feature","id":952,"geometry":{"type":"Point","coordinates":[-118.117597,34.744257]},"properties":{"site_name":"Lancaster Class III Landfill & Recycling Center","other_site_names":null,"state":"California","industry":"Landfill","matrix_type":"Groundwater","matrix":"Groundwater","year":2019,"pfoa":"7","pfos":"15","total_pfas":69,"pfas_level":69,"notes":null,"regulation_gvt_link":null,"resources_link":"https://geotracker.waterboards.ca.gov/profile_report?global_id=L10009466231","suspected_source_link":"https://geotracker.waterboards.ca.gov/map/pfas_map","pfas_testing_link":"https://geotracker.waterboards.ca.gov/map/pfas_map","site_ref_link":null,"state_ref_link":"https://drive.google.com/drive/u/0/folders/1DWXhXwl1j4L5eKUdO88JdnrMTynHHza5","ObjectId":952}},{"type":"Feature","id":954,"geometry":{"type":"Point","coordinates":[-118.64655,34.426092]},"properties":{"site_name":"Chiquita Canyon Landfill","other_site_names":null,"state":"California","industry":"Landfill","matrix_type":"Groundwater","matrix":"Groundwater","year":2019,"pfoa":"1","pfos":null,"total_pfas":70,"pfas_level":70,"notes":null,"regulation_gvt_link":null,"resources_link":"https://www.waterboards.ca.gov/pfas/","suspected_source_link":"https://geotracker.waterboards.ca.gov/map/pfas_map","pfas_testing_link":"https://geotracker.waterboards.ca.gov/map/pfas_map","site_ref_link":null,"state_ref_link":"https://drive.google.com/drive/u/0/folders/1DWXhXwl1j4L5eKUdO88JdnrMTynHHza5","ObjectId":954}},{"type":"Feature","id":963,"geometry":{"type":"Point","coordinates":[-118.139018,34.994104]},"properties":{"site_name":"Mojave/Rosamond Landfill","other_site_names":null,"state":"California","industry":"Landfill","matrix_type":"Groundwater","matrix":"Groundwater","year":2019,"pfoa":"1","pfos":null,"total_pfas":76,"pfas_level":76,"notes":null,"regulation_gvt_link":null,"resources_link":"https://geotracker.waterboards.ca.gov/profile_report?global_id=L10001517468","suspected_source_link":"https://geotracker.waterboards.ca.gov/map/pfas_map","pfas_testing_link":"https://geotracker.waterboards.ca.gov/map/pfas_map","site_ref_link":null,"state_ref_link":"https://drive.google.com/drive/u/0/folders/1DWXhXwl1j4L5eKUdO88JdnrMTynHHza5","ObjectId":963}},{"type":"Feature","id":964,"geometry":{"type":"Point","coordinates":[-118.14984,34.56731]},"properties":{"site_name":"Antelope Valley Public Landfill","other_site_names":null,"state":"California","industry":"Landfill","matrix_type":"Groundwater","matrix":"Groundwater","year":2019,"pfoa":"8","pfos":"5","total_pfas":77,"pfas_level":77,"notes":null,"regulation_gvt_link":null,"resources_link":"https://geotracker.waterboards.ca.gov/profile_report?global_id=T10000007159","suspected_source_link":"https://geotracker.waterboards.ca.gov/map/pfas_map","pfas_testing_link":"https://geotracker.waterboards.ca.gov/map/pfas_map","site_ref_link":null,"state_ref_link":"https://drive.google.com/drive/u/0/folders/1DWXhXwl1j4L5eKUdO88JdnrMTynHHza5","ObjectId":964}},{"type":"Feature","id":973,"geometry":{"type":"Point","coordinates":[-116.369275,34.237283]},"properties":{"site_name":"Landers Class III Waste Management Facility","other_site_names":null,"state":"California","industry":"Landfill","matrix_type":"Groundwater","matrix":"Groundwater","year":2019,"pfoa":"16","pfos":"4","total_pfas":82,"pfas_level":82,"notes":null,"regulation_gvt_link":null,"resources_link":"https://www.waterboards.ca.gov/pfas/","suspected_source_link":"https://geotracker.waterboards.ca.gov/map/pfas_map","pfas_testing_link":"https://geotracker.waterboards.ca.gov/map/pfas_map","site_ref_link":null,"state_ref_link":"https://drive.google.com/drive/u/0/folders/1DWXhXwl1j4L5eKUdO88JdnrMTynHHza5","ObjectId":973}},{"type":"Feature","id":980,"geometry":{"type":"Point","coordinates":[-118.928475,35.428546]},"properties":{"site_name":"China Grade Sanitary Landfill","other_site_names":null,"state":"California","industry":"Landfill","matrix_type":"Groundwater","matrix":"Groundwater","year":2019,"pfoa":null,"pfos":null,"total_pfas":87,"pfas_level":87,"notes":null,"regulation_gvt_link":null,"resources_link":"https://geotracker.waterboards.ca.gov/profile_report?global_id=L10002239201","suspected_source_link":"https://geotracker.waterboards.ca.gov/map/pfas_map","pfas_testing_link":"https://geotracker.waterboards.ca.gov/map/pfas_map","site_ref_link":null,"state_ref_link":"https://drive.google.com/drive/u/0/folders/1DWXhXwl1j4L5eKUdO88JdnrMTynHHza5","ObjectId":980}},{"type":"Feature","id":985,"geometry":{"type":"Point","coordinates":[-118.106204,35.990674]},"properties":{"site_name":"Kennedy Meadows Solid Waste Disposal Service","other_site_names":null,"state":"California","industry":"Landfill","matrix_type":"Groundwater","matrix":"Groundwater","year":2019,"pfoa":null,"pfos":null,"total_pfas":98,"pfas_level":98,"notes":null,"regulation_gvt_link":null,"resources_link":"https://www.waterboards.ca.gov/pfas/","suspected_source_link":"https://geotracker.waterboards.ca.gov/map/pfas_map","pfas_testing_link":"https://geotracker.waterboards.ca.gov/map/pfas_map","site_ref_link":null,"state_ref_link":"https://drive.google.com/drive/u/0/folders/1DWXhXwl1j4L5eKUdO88JdnrMTynHHza5","ObjectId":985}},{"type":"Feature","id":987,"geometry":{"type":"Point","coordinates":[-121.839468,37.665387]},"properties":{"site_name":"Old Pleasanton Landfill","other_site_names":null,"state":"California","industry":"Landfill","matrix_type":"Groundwater","matrix":"Groundwater","year":2019,"pfoa":"37","pfos":"12","total_pfas":101,"pfas_level":101,"notes":null,"regulation_gvt_link":null,"resources_link":"https://geotracker.waterboards.ca.gov/profile_report?global_id=T10000000095","suspected_source_link":"https://geotracker.waterboards.ca.gov/map/pfas_map","pfas_testing_link":"https://geotracker.waterboards.ca.gov/map/pfas_map","site_ref_link":null,"state_ref_link":"https://drive.google.com/drive/u/0/folders/1DWXhXwl1j4L5eKUdO88JdnrMTynHHza5","ObjectId":987}},{"type":"Feature","id":993,"geometry":{"type":"Point","coordinates":[-117.210039,32.76185]},"properties":{"site_name":"Mission Bay Landfill","other_site_names":null,"state":"California","industry":"Landfill","matrix_type":"Groundwater","matrix":"Groundwater","year":2019,"pfoa":"11","pfos":"44","total_pfas":107,"pfas_level":107,"notes":null,"regulation_gvt_link":null,"resources_link":"https://geotracker.waterboards.ca.gov/profile_report?global_id=L10005852203&mytab=esidata#esidata","suspected_source_link":"https://geotracker.waterboards.ca.gov/map/pfas_map#","pfas_testing_link":"https://geotracker.waterboards.ca.gov/profile_report?cmd=mwreport&global_id=L10005852203&con_num=9105288028","site_ref_link":null,"state_ref_link":"https://drive.google.com/drive/u/1/folders/1DWXhXwl1j4L5eKUdO88JdnrMTynHHza5","ObjectId":993}},{"type":"Feature","id":997,"geometry":{"type":"Point","coordinates":[-118.237494,34.08258]},"properties":{"site_name":"Bishop'S Canyon Landfill","other_site_names":null,"state":"California","industry":"Landfill","matrix_type":"Groundwater","matrix":"Groundwater","year":2019,"pfoa":"3","pfos":null,"total_pfas":115,"pfas_level":115,"notes":null,"regulation_gvt_link":null,"resources_link":"https://geotracker.waterboards.ca.gov/profile_report?global_id=L10008859354","suspected_source_link":"https://geotracker.waterboards.ca.gov/map/pfas_map","pfas_testing_link":"https://geotracker.waterboards.ca.gov/map/pfas_map","site_ref_link":null,"state_ref_link":"https://drive.google.com/drive/u/0/folders/1DWXhXwl1j4L5eKUdO88JdnrMTynHHza5","ObjectId":997}},{"type":"Feature","id":998,"geometry":{"type":"Point","coordinates":[-117.028062,32.691688]},"properties":{"site_name":"Hillsborough Landfill","other_site_names":null,"state":"California","industry":"Landfill","matrix_type":"Groundwater","matrix":"Groundwater","year":2019,"pfoa":"8","pfos":"10","total_pfas":125,"pfas_level":125,"notes":null,"regulation_gvt_link":null,"resources_link":"https://geotracker.waterboards.ca.gov/profile_report?global_id=L10004532342&mytab=esidata#esidata","suspected_source_link":"https://geotracker.waterboards.ca.gov/map/pfas_map#","pfas_testing_link":"https://geotracker.waterboards.ca.gov/profile_report?cmd=mwreport&global_id=L10004532342&con_num=3872381389","site_ref_link":null,"state_ref_link":"https://drive.google.com/drive/u/1/folders/1DWXhXwl1j4L5eKUdO88JdnrMTynHHza5","ObjectId":998}},{"type":"Feature","id":999,"geometry":{"type":"Point","coordinates":[-118.37947,34.221643]},"properties":{"site_name":"Penrose Landfill","other_site_names":null,"state":"California","industry":"Landfill","matrix_type":"Groundwater","matrix":"Groundwater","year":2019,"pfoa":"5","pfos":"17","total_pfas":125,"pfas_level":125,"notes":null,"regulation_gvt_link":null,"resources_link":"https://geotracker.waterboards.ca.gov/profile_report?global_id=L10009967534","suspected_source_link":"https://geotracker.waterboards.ca.gov/map/pfas_map","pfas_testing_link":"https://geotracker.waterboards.ca.gov/map/pfas_map","site_ref_link":null,"state_ref_link":"https://drive.google.com/drive/u/0/folders/1DWXhXwl1j4L5eKUdO88JdnrMTynHHza5","ObjectId":999}},{"type":"Feature","id":1006,"geometry":{"type":"Point","coordinates":[-116.508965,33.832098]},"properties":{"site_name":"Palm Spring International Airport","other_site_names":null,"state":"California","industry":"Airport","matrix_type":"Groundwater","matrix":"Groundwater","year":2020,"pfoa":"593","pfos":null,"total_pfas":26679,"pfas_level":26679,"notes":null,"regulation_gvt_link":null,"resources_link":"https://www.waterboards.ca.gov/pfas/","suspected_source_link":null,"pfas_testing_link":"https://documents.geotracker.waterboards.ca.gov/esi/uploads/geo_report/4635948896/T10000012782.PDF","site_ref_link":"https://drive.google.com/drive/folders/1RPkS6z13WZyQgbKnPkZGd9go8DcXbIoY?usp=sharing","state_ref_link":"https://drive.google.com/drive/folders/1LjTpwbK-3NAN9N4FbuE_60aKPwgvhp8_?usp=sharing","ObjectId":1006}},{"type":"Feature","id":1076,"geometry":{"type":"Point","coordinates":[-121.3958,38.520281]},"properties":{"site_name":"SACRAMENTO ARMY DEPOT","other_site_names":null,"state":"California","industry":"Military","matrix_type":"Groundwater","matrix":"Groundwater","year":2023,"pfoa":"150","pfos":"240","total_pfas":497,"pfas_level":497,"notes":null,"regulation_gvt_link":"https://cumulis.epa.gov/supercpad/cursites/csitinfo.cfm?id=0902715","resources_link":"https://cumulis.epa.gov/supercpad/cursites/csitinfo.cfm?id=0902715","suspected_source_link":"https://aec.army.mil/Portals/115/PFAS/SAAD_PFAS_PASI-EXSUM.pdf?ver=i6zxQZe3wYmdffMeeSCSdg%3d%3d","pfas_testing_link":"PRELIMINARY ASSESSMENT:SITE INSPECTION REPORT FOR PER- AND POLYFLUOROALKYL SUBSTANCES AT SACRAMENTO ARMY DEPOT, SACRAMENTO, CALIFORNIA.pdf","site_ref_link":"Sacramento County, CA - Sacramento Army Depot - Superfund Site","state_ref_link":"CA","ObjectId":1076}},{"type":"Feature","id":1088,"geometry":{"type":"Point","coordinates":[-122.0533,37.3975]},"properties":{"site_name":"RAYTHEON CORP.","other_site_names":null,"state":"California","industry":"Industry","matrix_type":"Groundwater","matrix":"Groundwater","year":2023,"pfoa":"20","pfos":"40,000","total_pfas":40000,"pfas_level":40000,"notes":null,"regulation_gvt_link":"https://cumulis.epa.gov/supercpad/SiteProfiles/index.cfm?fuseaction=second.scs&id=0901202&doc=Y&colid=70063&region=09&type=SC","resources_link":"https://cumulis.epa.gov/supercpad/SiteProfiles/index.cfm?fuseaction=second.scs&id=0901202&doc=Y&colid=70063&region=09&type=SC","suspected_source_link":"https://semspub.epa.gov/work/09/100038556.pdf","pfas_testing_link":"Five Year Review For Raytheon Company Superfund Site.pdf","site_ref_link":"Santa Clarita County, CA - Raytheon Company Superfund Site","state_ref_link":"CA","ObjectId":1088}},{"type":"Feature","id":1093,"geometry":{"type":"Point","coordinates":[-122.038557,37.406954]},"properties":{"site_name":"Moffett Field Air National Guard Base","other_site_names":"Moffett Field Naval Air Station","state":"California","industry":"Military","matrix_type":"Solid","matrix":"Soil","year":2023,"pfoa":"120,000","pfos":"1,900,000","total_pfas":null,"pfas_level":2020000,"notes":"AFFF used at Moffett Air National Guard Base. Other sources of contamination include hydraulic fluid disposal or related use, brine from industrial wastewater pretreatment, fuel/water disposal, fuel spills, and leaking underground storage tanks. PFAS also detected in groundwater and surface water, but soil levels were the highest.  ","regulation_gvt_link":null,"resources_link":"http://www.cpeo.org/pubs/MoffettPFAS.pdf","suspected_source_link":"https://ar.afcec-cloud.af.mil/Search.aspx","pfas_testing_link":"https://drive.google.com/file/d/1z_SqTYr8SRUQA6gCulSmgrJaQ19iPtdn/view?usp=sharing","site_ref_link":"https://drive.google.com/drive/u/0/folders/1osKmwDTOB54prX76W6QwDHlCY4PRG2Wx","state_ref_link":null,"ObjectId":1093}},{"type":"Feature","id":1106,"geometry":{"type":"Point","coordinates":[-121.463705,38.585487]},"properties":{"site_name":"28th Street Landfill","other_site_names":null,"state":"California","industry":"Landfill","matrix_type":"Groundwater","matrix":"Groundwater","year":2019,"pfoa":"24","pfos":"40","total_pfas":127,"pfas_level":127,"notes":null,"regulation_gvt_link":null,"resources_link":"https://geotracker.waterboards.ca.gov/profile_report?global_id=T10000005189","suspected_source_link":"https://geotracker.waterboards.ca.gov/map/pfas_map","pfas_testing_link":"https://geotracker.waterboards.ca.gov/map/pfas_map","site_ref_link":null,"state_ref_link":"https://drive.google.com/drive/u/0/folders/1DWXhXwl1j4L5eKUdO88JdnrMTynHHza5","ObjectId":1106}},{"type":"Feature","id":1107,"geometry":{"type":"Point","coordinates":[-123.351196,39.402906]},"properties":{"site_name":"Abex Corporation - Remco Hydraulics","other_site_names":null,"state":"California","industry":"Industry","matrix_type":"Groundwater","matrix":"Groundwater","year":2019,"pfoa":"38","pfos":null,"total_pfas":127,"pfas_level":127,"notes":null,"regulation_gvt_link":null,"resources_link":"N/A","suspected_source_link":"https://geotracker.waterboards.ca.gov/map/pfas_map","pfas_testing_link":"https://geotracker.waterboards.ca.gov/map/pfas_map","site_ref_link":null,"state_ref_link":"https://drive.google.com/drive/u/0/folders/1DWXhXwl1j4L5eKUdO88JdnrMTynHHza5","ObjectId":1107}},{"type":"Feature","id":1109,"geometry":{"type":"Point","coordinates":[-117.04497,32.59369]},"properties":{"site_name":"Former Omar Rendering Landfill","other_site_names":null,"state":"California","industry":"Landfill","matrix_type":"Groundwater","matrix":"Groundwater","year":2019,"pfoa":"2","pfos":"18","total_pfas":128,"pfas_level":128,"notes":"Hazardous waste material between 1959 and 1978","regulation_gvt_link":null,"resources_link":"https://geotracker.waterboards.ca.gov/profile_report?global_id=L10003156547&mytab=esidata#esidata","suspected_source_link":"https://geotracker.waterboards.ca.gov/map/pfas_map#","pfas_testing_link":"https://documents.geotracker.waterboards.ca.gov/esi/uploads/geo_report/7686266422/L10003156547.PDF","site_ref_link":null,"state_ref_link":"https://drive.google.com/drive/u/1/folders/1DWXhXwl1j4L5eKUdO88JdnrMTynHHza5","ObjectId":1109}},{"type":"Feature","id":1112,"geometry":{"type":"Point","coordinates":[-119.21847,34.199921]},"properties":{"site_name":"Oxnard Airport","other_site_names":null,"state":"California","industry":"Airport","matrix_type":"Groundwater","matrix":"Groundwater","year":2020,"pfoa":"500","pfos":"20","total_pfas":37062,"pfas_level":37062,"notes":"AFFF","regulation_gvt_link":null,"resources_link":"https://geotracker.waterboards.ca.gov/profile_report?global_id=T10000012774","suspected_source_link":"https://geotracker.waterboards.ca.gov/map/pfas_map#","pfas_testing_link":"https://documents.geotracker.waterboards.ca.gov/esi/uploads/geo_report/7751185536/T10000012774.PDF","site_ref_link":"https://drive.google.com/drive/u/0/folders/1Dr-7aylq8Nv74LVSlDwpPDeB2EMXyvQm","state_ref_link":"https://drive.google.com/drive/u/1/folders/1DWXhXwl1j4L5eKUdO88JdnrMTynHHza9","ObjectId":1112}},{"type":"Feature","id":1113,"geometry":{"type":"Point","coordinates":[-119.208355,34.231674]},"properties":{"site_name":"Coastal/Santa Clara Landfill","other_site_names":null,"state":"California","industry":"Landfill","matrix_type":"Groundwater","matrix":"Groundwater","year":2019,"pfoa":"21","pfos":"25","total_pfas":132,"pfas_level":132,"notes":null,"regulation_gvt_link":null,"resources_link":"https://geotracker.waterboards.ca.gov/profile_report?global_id=L10009668847","suspected_source_link":"https://geotracker.waterboards.ca.gov/map/pfas_map","pfas_testing_link":"https://geotracker.waterboards.ca.gov/map/pfas_map","site_ref_link":null,"state_ref_link":"https://drive.google.com/drive/u/0/folders/1DWXhXwl1j4L5eKUdO88JdnrMTynHHza5","ObjectId":1113}},{"type":"Feature","id":1115,"geometry":{"type":"Point","coordinates":[-122.810678,38.508193]},"properties":{"site_name":"Sonoma County Airport","other_site_names":null,"state":"California","industry":"Airport","matrix_type":"Groundwater","matrix":"Groundwater","year":2020,"pfoa":"370","pfos":"400","total_pfas":38720,"pfas_level":38720,"notes":"AFFF","regulation_gvt_link":null,"resources_link":"https://geotracker.waterboards.ca.gov/profile_report?global_id=T10000012763","suspected_source_link":"https://geotracker.waterboards.ca.gov/map/pfas_map#","pfas_testing_link":"https://documents.geotracker.waterboards.ca.gov/esi/uploads/geo_report/2954506933/T10000012763.PDF","site_ref_link":"https://drive.google.com/drive/u/0/folders/19yDin9kf-TuQpzZ9Q4AYgihdGfi-NSMU","state_ref_link":"https://drive.google.com/drive/u/1/folders/1DWXhXwl1j4L5eKUdO88JdnrMTynHHza19","ObjectId":1115}},{"type":"Feature","id":1118,"geometry":{"type":"Point","coordinates":[-116.63958,32.82897]},"properties":{"site_name":"Viejas Sanitary Landfill","other_site_names":null,"state":"California","industry":"Landfill","matrix_type":"Groundwater","matrix":"Groundwater","year":2019,"pfoa":"52","pfos":"2","total_pfas":137,"pfas_level":137,"notes":null,"regulation_gvt_link":null,"resources_link":"https://geotracker.waterboards.ca.gov/profile_report?global_id=L10005392761&mytab=esidata#esidata","suspected_source_link":"https://geotracker.waterboards.ca.gov/map/pfas_map#","pfas_testing_link":"https://geotracker.waterboards.ca.gov/profile_report?cmd=mwreport&global_id=L10005392761&con_num=9413591861","site_ref_link":null,"state_ref_link":"https://drive.google.com/drive/u/1/folders/1DWXhXwl1j4L5eKUdO88JdnrMTynHHza5","ObjectId":1118}},{"type":"Feature","id":1120,"geometry":{"type":"Point","coordinates":[-117.098841,32.655946]},"properties":{"site_name":"Duck Pond Landfill","other_site_names":null,"state":"California","industry":"Landfill","matrix_type":"Groundwater","matrix":"Groundwater","year":2019,"pfoa":"22","pfos":"35","total_pfas":139,"pfas_level":139,"notes":null,"regulation_gvt_link":null,"resources_link":"https://geotracker.waterboards.ca.gov/profile_report?global_id=L10009131789","suspected_source_link":"https://geotracker.waterboards.ca.gov/map/pfas_map","pfas_testing_link":"https://geotracker.waterboards.ca.gov/map/pfas_map","site_ref_link":null,"state_ref_link":"https://drive.google.com/drive/u/0/folders/1DWXhXwl1j4L5eKUdO88JdnrMTynHHza5","ObjectId":1120}},{"type":"Feature","id":1125,"geometry":{"type":"Point","coordinates":[-117.363338,33.200205]},"properties":{"site_name":"Maxson Street Landfill","other_site_names":null,"state":"California","industry":"Landfill","matrix_type":"Groundwater","matrix":"Groundwater","year":2019,"pfoa":"22","pfos":"44","total_pfas":143,"pfas_level":143,"notes":null,"regulation_gvt_link":null,"resources_link":"https://geotracker.waterboards.ca.gov/profile_report?global_id=L10006664190","suspected_source_link":"https://geotracker.waterboards.ca.gov/map/pfas_map#","pfas_testing_link":"https://geotracker.waterboards.ca.gov/profile_report?cmd=mwreport&rptype=det&global_id=L10006664190&con_num=5993704020&orderby=logdate,anadate,parlabel","site_ref_link":null,"state_ref_link":"https://drive.google.com/drive/u/1/folders/1DWXhXwl1j4L5eKUdO88JdnrMTynHHza5","ObjectId":1125}},{"type":"Feature","id":1126,"geometry":{"type":"Point","coordinates":[-121.38439,38.525418]},"properties":{"site_name":"L And D Landfill Company","other_site_names":null,"state":"California","industry":"Landfill","matrix_type":"Groundwater","matrix":"Groundwater","year":2019,"pfoa":"3","pfos":"16","total_pfas":144,"pfas_level":144,"notes":null,"regulation_gvt_link":null,"resources_link":"https://geotracker.waterboards.ca.gov/profile_report?global_id=L10004137499","suspected_source_link":"https://geotracker.waterboards.ca.gov/map/pfas_map","pfas_testing_link":"https://geotracker.waterboards.ca.gov/map/pfas_map","site_ref_link":null,"state_ref_link":"https://drive.google.com/drive/u/0/folders/1DWXhXwl1j4L5eKUdO88JdnrMTynHHza5","ObjectId":1126}},{"type":"Feature","id":1130,"geometry":{"type":"Point","coordinates":[-121.949059,37.438862]},"properties":{"site_name":"Zanker Road Class III Landfill","other_site_names":null,"state":"California","industry":"Landfill","matrix_type":"Groundwater","matrix":"Groundwater","year":2019,"pfoa":"19","pfos":null,"total_pfas":148,"pfas_level":148,"notes":null,"regulation_gvt_link":null,"resources_link":null,"suspected_source_link":"https://geotracker.waterboards.ca.gov/map/pfas_map","pfas_testing_link":"https://geotracker.waterboards.ca.gov/map/pfas_map","site_ref_link":null,"state_ref_link":"https://drive.google.com/drive/u/0/folders/1DWXhXwl1j4L5eKUdO88JdnrMTynHHza5","ObjectId":1130}},{"type":"Feature","id":1135,"geometry":{"type":"Point","coordinates":[-117.01935,32.96565]},"properties":{"site_name":"Poway Landfill","other_site_names":null,"state":"California","industry":"Landfill","matrix_type":"Groundwater","matrix":"Groundwater","year":2019,"pfoa":"20","pfos":"13","total_pfas":155,"pfas_level":155,"notes":null,"regulation_gvt_link":null,"resources_link":"https://geotracker.waterboards.ca.gov/profile_report?global_id=L10001254570&mytab=esidata#esidata","suspected_source_link":"https://geotracker.waterboards.ca.gov/map/pfas_map#","pfas_testing_link":"https://geotracker.waterboards.ca.gov/profile_report?cmd=mwreport&global_id=L10001254570&con_num=5878054141","site_ref_link":null,"state_ref_link":"https://drive.google.com/drive/u/1/folders/1DWXhXwl1j4L5eKUdO88JdnrMTynHHza5","ObjectId":1135}},{"type":"Feature","id":1136,"geometry":{"type":"Point","coordinates":[-120.482468,34.629406]},"properties":{"site_name":"Lompoc Solid Waste Disp Site","other_site_names":null,"state":"California","industry":"Landfill","matrix_type":"Groundwater","matrix":"Groundwater","year":2019,"pfoa":"39","pfos":null,"total_pfas":159,"pfas_level":159,"notes":null,"regulation_gvt_link":null,"resources_link":"https://geotracker.waterboards.ca.gov/profile_report?global_id=L10008948495","suspected_source_link":"https://geotracker.waterboards.ca.gov/map/pfas_map","pfas_testing_link":"https://geotracker.waterboards.ca.gov/map/pfas_map","site_ref_link":null,"state_ref_link":"https://drive.google.com/drive/u/0/folders/1DWXhXwl1j4L5eKUdO88JdnrMTynHHza5","ObjectId":1136}},{"type":"Feature","id":1137,"geometry":{"type":"Point","coordinates":[-120.447449,39.825179]},"properties":{"site_name":"Portola Class III Landfill","other_site_names":null,"state":"California","industry":"Landfill","matrix_type":"Groundwater","matrix":"Groundwater","year":2019,"pfoa":"66","pfos":null,"total_pfas":159,"pfas_level":159,"notes":null,"regulation_gvt_link":null,"resources_link":"https://geotracker.waterboards.ca.gov/profile_report?global_id=L10008218225","suspected_source_link":"https://geotracker.waterboards.ca.gov/map/pfas_map","pfas_testing_link":"https://geotracker.waterboards.ca.gov/map/pfas_map","site_ref_link":null,"state_ref_link":"https://drive.google.com/drive/u/0/folders/1DWXhXwl1j4L5eKUdO88JdnrMTynHHza5","ObjectId":1137}},{"type":"Feature","id":1138,"geometry":{"type":"Point","coordinates":[-119.107254,36.016506]},"properties":{"site_name":"Teapot Dome Solid Waste Disposal Service","other_site_names":null,"state":"California","industry":"Landfill","matrix_type":"Groundwater","matrix":"Groundwater","year":2019,"pfoa":"39","pfos":"31","total_pfas":162,"pfas_level":162,"notes":null,"regulation_gvt_link":null,"resources_link":"https://www.waterboards.ca.gov/pfas/","suspected_source_link":"https://geotracker.waterboards.ca.gov/map/pfas_map","pfas_testing_link":"https://geotracker.waterboards.ca.gov/map/pfas_map","site_ref_link":null,"state_ref_link":"https://drive.google.com/drive/u/0/folders/1DWXhXwl1j4L5eKUdO88JdnrMTynHHza5","ObjectId":1138}},{"type":"Feature","id":1140,"geometry":{"type":"Point","coordinates":[-118.088878,34.631927]},"properties":{"site_name":"Air Force Plant 42","other_site_names":null,"state":"California","industry":"Military","matrix_type":"Groundwater","matrix":"Groundwater","year":2019,"pfoa":"10","pfos":"8","total_pfas":165,"pfas_level":165,"notes":null,"regulation_gvt_link":null,"resources_link":null,"suspected_source_link":"https://ar.afcec-cloud.af.mil/Search.aspx","pfas_testing_link":"https://drive.google.com/file/d/1WgcXGxc37JS43RIExKO9G_MwhLEjqslR/view?usp=sharing","site_ref_link":null,"state_ref_link":null,"ObjectId":1140}},{"type":"Feature","id":1143,"geometry":{"type":"Point","coordinates":[-120.631944,35.524221]},"properties":{"site_name":"Chicago Grade Landfill Solid Waste Disposal Service","other_site_names":null,"state":"California","industry":"Landfill","matrix_type":"Groundwater","matrix":"Groundwater","year":2019,"pfoa":"14","pfos":null,"total_pfas":167,"pfas_level":167,"notes":null,"regulation_gvt_link":null,"resources_link":"https://www.waterboards.ca.gov/pfas/","suspected_source_link":"https://geotracker.waterboards.ca.gov/map/pfas_map","pfas_testing_link":"https://geotracker.waterboards.ca.gov/map/pfas_map","site_ref_link":null,"state_ref_link":"https://drive.google.com/drive/u/0/folders/1DWXhXwl1j4L5eKUdO88JdnrMTynHHza5","ObjectId":1143}},{"type":"Feature","id":1146,"geometry":{"type":"Point","coordinates":[-121.022516,40.315434]},"properties":{"site_name":"Westwood Class III Landfill","other_site_names":null,"state":"California","industry":"Landfill","matrix_type":"Groundwater","matrix":"Groundwater","year":2019,"pfoa":"63","pfos":null,"total_pfas":173,"pfas_level":173,"notes":null,"regulation_gvt_link":null,"resources_link":null,"suspected_source_link":"https://geotracker.waterboards.ca.gov/map/pfas_map","pfas_testing_link":"https://geotracker.waterboards.ca.gov/map/pfas_map","site_ref_link":null,"state_ref_link":"https://drive.google.com/drive/u/0/folders/1DWXhXwl1j4L5eKUdO88JdnrMTynHHza5","ObjectId":1146}},{"type":"Feature","id":1154,"geometry":{"type":"Point","coordinates":[-118.378646,34.240762]},"properties":{"site_name":"Bradley Landfill & Recycling","other_site_names":null,"state":"California","industry":"Landfill","matrix_type":"Groundwater","matrix":"Groundwater","year":2019,"pfoa":"12","pfos":"8","total_pfas":189,"pfas_level":189,"notes":null,"regulation_gvt_link":null,"resources_link":"https://geotracker.waterboards.ca.gov/profile_report?global_id=L10002384249","suspected_source_link":"https://geotracker.waterboards.ca.gov/map/pfas_map","pfas_testing_link":"https://drive.google.com/file/d/1_rQ4mmLuu9pFDWV-WBCiTy5sNYHX_bXH/view?usp=sharing","site_ref_link":null,"state_ref_link":"https://drive.google.com/drive/u/0/folders/1DWXhXwl1j4L5eKUdO88JdnrMTynHHza5","ObjectId":1154}},{"type":"Feature","id":1158,"geometry":{"type":"Point","coordinates":[-117.142382,32.723013]},"properties":{"site_name":"Balboa Park Landfill","other_site_names":"Arizona St","state":"California","industry":"Landfill","matrix_type":"Groundwater","matrix":"Groundwater","year":2019,"pfoa":"23","pfos":"15","total_pfas":191,"pfas_level":191,"notes":null,"regulation_gvt_link":null,"resources_link":"https://geotracker.waterboards.ca.gov/profile_report?global_id=L10006165556&mytab=esidata#esidata","suspected_source_link":"https://geotracker.waterboards.ca.gov/map/pfas_map#","pfas_testing_link":"https://geotracker.waterboards.ca.gov/profile_report?cmd=mwreport&global_id=L10006165556&con_num=3972494304","site_ref_link":null,"state_ref_link":"https://drive.google.com/drive/u/1/folders/1DWXhXwl1j4L5eKUdO88JdnrMTynHHza5","ObjectId":1158}},{"type":"Feature","id":1160,"geometry":{"type":"Point","coordinates":[-117.049974,32.68544]},"properties":{"site_name":"Paradise Hills Park Landfill","other_site_names":null,"state":"California","industry":"Landfill","matrix_type":"Groundwater","matrix":"Groundwater","year":2019,"pfoa":"16","pfos":"53","total_pfas":195,"pfas_level":195,"notes":null,"regulation_gvt_link":null,"resources_link":"https://geotracker.waterboards.ca.gov/profile_report?global_id=L10008727762&mytab=esidata#esidata","suspected_source_link":"https://geotracker.waterboards.ca.gov/map/pfas_map#","pfas_testing_link":"https://geotracker.waterboards.ca.gov/profile_report?cmd=mwreport&rptype=client&global_id=L10008727762&con_num=4555868327&orderby=sampid","site_ref_link":null,"state_ref_link":"https://drive.google.com/drive/u/1/folders/1DWXhXwl1j4L5eKUdO88JdnrMTynHHza5","ObjectId":1160}},{"type":"Feature","id":1173,"geometry":{"type":"Point","coordinates":[-116.983113,32.81877]},"properties":{"site_name":"Gillespie Landfill","other_site_names":null,"state":"California","industry":"Landfill","matrix_type":"Groundwater","matrix":"Groundwater","year":2019,"pfoa":"15","pfos":"7","total_pfas":224,"pfas_level":224,"notes":null,"regulation_gvt_link":null,"resources_link":"https://geotracker.waterboards.ca.gov/profile_report?global_id=L10005408290","suspected_source_link":"https://geotracker.waterboards.ca.gov/map/pfas_map","pfas_testing_link":"https://geotracker.waterboards.ca.gov/map/pfas_map","site_ref_link":null,"state_ref_link":"https://drive.google.com/drive/u/0/folders/1DWXhXwl1j4L5eKUdO88JdnrMTynHHza5","ObjectId":1173}},{"type":"Feature","id":1179,"geometry":{"type":"Point","coordinates":[-117.059209,32.736896]},"properties":{"site_name":"South Chollas Landfill","other_site_names":null,"state":"California","industry":"Landfill","matrix_type":"Groundwater","matrix":"Groundwater","year":2019,"pfoa":"18","pfos":null,"total_pfas":243,"pfas_level":243,"notes":null,"regulation_gvt_link":null,"resources_link":"https://geotracker.waterboards.ca.gov/profile_report?global_id=L10001927106&mytab=esidata#esidata","suspected_source_link":"https://geotracker.waterboards.ca.gov/map/pfas_map#","pfas_testing_link":"https://geotracker.waterboards.ca.gov/profile_report?cmd=mwreport&global_id=L10001927106&con_num=7020457386","site_ref_link":null,"state_ref_link":"https://drive.google.com/drive/u/1/folders/1DWXhXwl1j4L5eKUdO88JdnrMTynHHza5","ObjectId":1179}},{"type":"Feature","id":1180,"geometry":{"type":"Point","coordinates":[-118.024533,34.024491]},"properties":{"site_name":"Puente Hills Landfill","other_site_names":null,"state":"California","industry":"Landfill","matrix_type":"Groundwater","matrix":"Groundwater","year":2019,"pfoa":"25","pfos":"12","total_pfas":245,"pfas_level":245,"notes":null,"regulation_gvt_link":null,"resources_link":"https://geotracker.waterboards.ca.gov/profile_report?global_id=L10009779056","suspected_source_link":"https://geotracker.waterboards.ca.gov/map/pfas_map","pfas_testing_link":"https://geotracker.waterboards.ca.gov/map/pfas_map","site_ref_link":null,"state_ref_link":"https://drive.google.com/drive/u/0/folders/1DWXhXwl1j4L5eKUdO88JdnrMTynHHza5","ObjectId":1180}},{"type":"Feature","id":1182,"geometry":{"type":"Point","coordinates":[-122.608031,38.228914]},"properties":{"site_name":"Petaluma Landfill - Casa Grande","other_site_names":"Sonoma County Central SWDS","state":"California","industry":"Landfill","matrix_type":"Groundwater","matrix":"Groundwater","year":2019,"pfoa":"260","pfos":"17","total_pfas":0,"pfas_level":260,"notes":null,"regulation_gvt_link":null,"resources_link":"https://geotracker.waterboards.ca.gov/profile_report?global_id=T10000000111","suspected_source_link":"https://geotracker.waterboards.ca.gov/map/pfas_map","pfas_testing_link":"https://geotracker.waterboards.ca.gov/profile_report?global_id=L10004060684","site_ref_link":null,"state_ref_link":"https://drive.google.com/drive/u/0/folders/1DWXhXwl1j4L5eKUdO88JdnrMTynHHza5","ObjectId":1182}},{"type":"Feature","id":1185,"geometry":{"type":"Point","coordinates":[-122.285496,39.634602]},"properties":{"site_name":"Glenn County Class III Landfill","other_site_names":null,"state":"California","industry":"Landfill","matrix_type":"Groundwater","matrix":"Groundwater","year":2019,"pfoa":"120","pfos":null,"total_pfas":267,"pfas_level":267,"notes":null,"regulation_gvt_link":null,"resources_link":"https://geotracker.waterboards.ca.gov/profile_report?global_id=L10002325362","suspected_source_link":"https://geotracker.waterboards.ca.gov/map/pfas_map","pfas_testing_link":"https://geotracker.waterboards.ca.gov/map/pfas_map","site_ref_link":null,"state_ref_link":"https://drive.google.com/drive/u/0/folders/1DWXhXwl1j4L5eKUdO88JdnrMTynHHza5","ObjectId":1185}},{"type":"Feature","id":1186,"geometry":{"type":"Point","coordinates":[-121.649108,38.174659]},"properties":{"site_name":"Grand Island Class III Landfil","other_site_names":null,"state":"California","industry":"Landfill","matrix_type":"Groundwater","matrix":"Groundwater","year":2019,"pfoa":"66","pfos":"13","total_pfas":280,"pfas_level":280,"notes":null,"regulation_gvt_link":null,"resources_link":"https://geotracker.waterboards.ca.gov/profile_report?global_id=L10006027844","suspected_source_link":"https://geotracker.waterboards.ca.gov/map/pfas_map","pfas_testing_link":"https://geotracker.waterboards.ca.gov/map/pfas_map","site_ref_link":null,"state_ref_link":"https://drive.google.com/drive/u/0/folders/1DWXhXwl1j4L5eKUdO88JdnrMTynHHza5","ObjectId":1186}},{"type":"Feature","id":1188,"geometry":{"type":"Point","coordinates":[-117.113586,34.500311]},"properties":{"site_name":"Apple Valley Municipal Landfill","other_site_names":null,"state":"California","industry":"Landfill","matrix_type":"Groundwater","matrix":"Groundwater","year":2019,"pfoa":"190","pfos":"8","total_pfas":282,"pfas_level":282,"notes":null,"regulation_gvt_link":null,"resources_link":"https://www.waterboards.ca.gov/pfas/","suspected_source_link":"https://geotracker.waterboards.ca.gov/map/pfas_map","pfas_testing_link":"https://geotracker.waterboards.ca.gov/map/pfas_map","site_ref_link":null,"state_ref_link":"https://drive.google.com/drive/u/0/folders/1DWXhXwl1j4L5eKUdO88JdnrMTynHHza5","ObjectId":1188}},{"type":"Feature","id":1189,"geometry":{"type":"Point","coordinates":[-119.225349,34.229403]},"properties":{"site_name":"Bailard Landfill","other_site_names":null,"state":"California","industry":"Landfill","matrix_type":"Groundwater","matrix":"Groundwater","year":2019,"pfoa":"25","pfos":"10","total_pfas":288,"pfas_level":288,"notes":null,"regulation_gvt_link":null,"resources_link":"https://geotracker.waterboards.ca.gov/profile_report?global_id=L10001266944","suspected_source_link":"https://geotracker.waterboards.ca.gov/map/pfas_map","pfas_testing_link":"https://geotracker.waterboards.ca.gov/map/pfas_map","site_ref_link":null,"state_ref_link":"https://drive.google.com/drive/u/0/folders/1DWXhXwl1j4L5eKUdO88JdnrMTynHHza5","ObjectId":1189}},{"type":"Feature","id":1195,"geometry":{"type":"Point","coordinates":[-118.51972,34.334468]},"properties":{"site_name":"Sunshine Canyon Landfill","other_site_names":null,"state":"California","industry":"Landfill","matrix_type":"Groundwater","matrix":"Groundwater","year":2019,"pfoa":"21","pfos":"9","total_pfas":314,"pfas_level":314,"notes":null,"regulation_gvt_link":null,"resources_link":"https://geotracker.waterboards.ca.gov/profile_report?global_id=L10006014618","suspected_source_link":"https://geotracker.waterboards.ca.gov/map/pfas_map","pfas_testing_link":"https://geotracker.waterboards.ca.gov/map/pfas_map","site_ref_link":null,"state_ref_link":"https://drive.google.com/drive/u/0/folders/1DWXhXwl1j4L5eKUdO88JdnrMTynHHza5","ObjectId":1195}},{"type":"Feature","id":1200,"geometry":{"type":"Point","coordinates":[-121.1376,40.325303]},"properties":{"site_name":"Chester Class III Landfill","other_site_names":null,"state":"California","industry":"Landfill","matrix_type":"Groundwater","matrix":"Groundwater","year":2019,"pfoa":"130","pfos":"12","total_pfas":347,"pfas_level":347,"notes":null,"regulation_gvt_link":null,"resources_link":"https://geotracker.waterboards.ca.gov/profile_report?global_id=L10008688958","suspected_source_link":"https://geotracker.waterboards.ca.gov/map/pfas_map","pfas_testing_link":"https://geotracker.waterboards.ca.gov/map/pfas_map","site_ref_link":null,"state_ref_link":"https://drive.google.com/drive/u/0/folders/1DWXhXwl1j4L5eKUdO88JdnrMTynHHza5","ObjectId":1200}},{"type":"Feature","id":1205,"geometry":{"type":"Point","coordinates":[-120.380556,34.949167]},"properties":{"site_name":"Santa Maria Regional Waste Management Facility","other_site_names":null,"state":"California","industry":"Landfill","matrix_type":"Groundwater","matrix":"Groundwater","year":2019,"pfoa":"10","pfos":null,"total_pfas":384,"pfas_level":384,"notes":null,"regulation_gvt_link":null,"resources_link":"https://geotracker.waterboards.ca.gov/profile_report?global_id=L10008198797","suspected_source_link":"https://geotracker.waterboards.ca.gov/map/pfas_map","pfas_testing_link":"https://geotracker.waterboards.ca.gov/map/pfas_map","site_ref_link":null,"state_ref_link":"https://drive.google.com/drive/u/0/folders/1DWXhXwl1j4L5eKUdO88JdnrMTynHHza5","ObjectId":1205}},{"type":"Feature","id":1208,"geometry":{"type":"Point","coordinates":[-117.157825,32.845575]},"properties":{"site_name":"South Miramar Landfill","other_site_names":null,"state":"California","industry":"Landfill","matrix_type":"Groundwater","matrix":"Groundwater","year":2019,"pfoa":"130","pfos":"79","total_pfas":429,"pfas_level":429,"notes":null,"regulation_gvt_link":null,"resources_link":"https://geotracker.waterboards.ca.gov/profile_report?global_id=L10003830787&mytab=esidata#esidata","suspected_source_link":"https://geotracker.waterboards.ca.gov/map/pfas_map#","pfas_testing_link":"https://geotracker.waterboards.ca.gov/profile_report?cmd=mwreport&rptype=client&global_id=L10003830787&con_num=4022875308&orderby=logdate,anadate,parlabel","site_ref_link":null,"state_ref_link":"https://drive.google.com/drive/u/1/folders/1DWXhXwl1j4L5eKUdO88JdnrMTynHHza5","ObjectId":1208}},{"type":"Feature","id":1210,"geometry":{"type":"Point","coordinates":[-122.805765,38.509931]},"properties":{"site_name":"Charles M Schulz - Sonoma County","other_site_names":null,"state":"California","industry":"Airport","matrix_type":"Groundwater","matrix":"Groundwater","year":2020,"pfoa":"370","pfos":null,"total_pfas":38720,"pfas_level":38720,"notes":null,"regulation_gvt_link":null,"resources_link":"https://geotracker.waterboards.ca.gov/profile_report?global_id=T10000012763","suspected_source_link":"https://geotracker.waterboards.ca.gov/map/pfas_map","pfas_testing_link":"https://geotracker.waterboards.ca.gov/map/pfas_map","site_ref_link":null,"state_ref_link":"https://drive.google.com/drive/u/0/folders/1DWXhXwl1j4L5eKUdO88JdnrMTynHHza5","ObjectId":1210}},{"type":"Feature","id":1211,"geometry":{"type":"Point","coordinates":[-120.447872,34.899156]},"properties":{"site_name":"Santa Maria Public Airport","other_site_names":null,"state":"California","industry":"Airport","matrix_type":"Groundwater","matrix":"Groundwater","year":2020,"pfoa":"169","pfos":"2,920","total_pfas":39535,"pfas_level":39535,"notes":"AFFF","regulation_gvt_link":null,"resources_link":"https://geotracker.waterboards.ca.gov/profile_report?global_id=T10000012770","suspected_source_link":"https://geotracker.waterboards.ca.gov/map/pfas_map#","pfas_testing_link":"https://documents.geotracker.waterboards.ca.gov/esi/uploads/geo_report/3323589622/T10000012770.PDF","site_ref_link":"https://drive.google.com/drive/u/0/folders/1FkIDOMeIZRH2d_R8eeHboh5L4QXcql7y","state_ref_link":"https://drive.google.com/drive/u/1/folders/1DWXhXwl1j4L5eKUdO88JdnrMTynHHza11","ObjectId":1211}},{"type":"Feature","id":1214,"geometry":{"type":"Point","coordinates":[-121.187656,37.875254]},"properties":{"site_name":"Forward Landfill","other_site_names":null,"state":"California","industry":"Landfill","matrix_type":"Groundwater","matrix":"Groundwater","year":2020,"pfoa":"7,000","pfos":"440","total_pfas":55100,"pfas_level":55100,"notes":null,"regulation_gvt_link":null,"resources_link":"https://geotracker.waterboards.ca.gov/profile_report?global_id=L10008827999","suspected_source_link":"https://geotracker.waterboards.ca.gov/map/pfas_map","pfas_testing_link":"https://geotracker.waterboards.ca.gov/map/pfas_map","site_ref_link":null,"state_ref_link":"https://drive.google.com/drive/u/0/folders/1DWXhXwl1j4L5eKUdO88JdnrMTynHHza5","ObjectId":1214}},{"type":"Feature","id":1219,"geometry":{"type":"Point","coordinates":[-118.151359,33.816791]},"properties":{"site_name":"Long Beach Airport","other_site_names":"Daughtery Field","state":"California","industry":"Airport","matrix_type":"Groundwater","matrix":"Groundwater","year":2020,"pfoa":"7,890","pfos":"21,600","total_pfas":174635,"pfas_level":174635,"notes":"AFFF","regulation_gvt_link":null,"resources_link":"https://geotracker.waterboards.ca.gov/profile_report?global_id=T10000012772","suspected_source_link":"https://geotracker.waterboards.ca.gov/map/pfas_map#","pfas_testing_link":"https://documents.geotracker.waterboards.ca.gov/esi/uploads/geo_report/3643619000/T10000012772.PDF","site_ref_link":"https://drive.google.com/drive/u/0/folders/1J88V9p6LOOOVEycR9IFmxm735AMU83RF","state_ref_link":"https://drive.google.com/drive/u/1/folders/1DWXhXwl1j4L5eKUdO88JdnrMTynHHza6","ObjectId":1219}},{"type":"Feature","id":1221,"geometry":{"type":"Point","coordinates":[-117.934732,34.116863]},"properties":{"site_name":"Brothers Plating","other_site_names":null,"state":"California","industry":"Industry","matrix_type":"Solid","matrix":"Soil","year":2020,"pfoa":"11,000","pfos":"3,200,000","total_pfas":3743600,"pfas_level":3743600,"notes":null,"regulation_gvt_link":null,"resources_link":"https://geotracker.waterboards.ca.gov/profile_report?global_id=T10000013454","suspected_source_link":"https://geotracker.waterboards.ca.gov/map/pfas_map","pfas_testing_link":"https://geotracker.waterboards.ca.gov/map/pfas_map","site_ref_link":null,"state_ref_link":"https://drive.google.com/drive/u/0/folders/1DWXhXwl1j4L5eKUdO88JdnrMTynHHza5","ObjectId":1221}},{"type":"Feature","id":1222,"geometry":{"type":"Point","coordinates":[-119.839884,34.427194]},"properties":{"site_name":"Santa Barbara Airport","other_site_names":null,"state":"California","industry":"Airport","matrix_type":"Groundwater","matrix":"Groundwater","year":2020,"pfoa":"79,000","pfos":"383,000","total_pfas":8770829,"pfas_level":8770829,"notes":"AFFF","regulation_gvt_link":null,"resources_link":"https://geotracker.waterboards.ca.gov/profile_report?global_id=T10000012769&mytab=esidata#esidata","suspected_source_link":"https://geotracker.waterboards.ca.gov/map/pfas_map#","pfas_testing_link":"https://geotracker.waterboards.ca.gov/profile_report?cmd=mwreport&global_id=T10000012769&con_num=3537985026","site_ref_link":"https://drive.google.com/drive/u/0/folders/1K2-zYlGYdZJSjj51Hq2MnRjjAGyWs5dW","state_ref_link":"https://drive.google.com/drive/u/1/folders/1DWXhXwl1j4L5eKUdO88JdnrMTynHHza10","ObjectId":1222}},{"type":"Feature","id":1226,"geometry":{"type":"Point","coordinates":[-118.064189,33.750466]},"properties":{"site_name":"Seal Beach CA WPNSUPFAC","other_site_names":"Naval Weapons Station Seal Beach","state":"California","industry":"Military","matrix_type":"Other Water","matrix":"Drinking Water","year":2021,"pfoa":"3","pfos":"5","total_pfas":null,"pfas_level":5,"notes":null,"regulation_gvt_link":null,"resources_link":null,"suspected_source_link":null,"pfas_testing_link":"Seal Beach, CA - Naval Weapons Station","site_ref_link":"https://drive.google.com/drive/folders/1Sb3Wd7Py8z7bKBNav6sBLwkPsmfN27id","state_ref_link":null,"ObjectId":1226}},{"type":"Feature","id":1227,"geometry":{"type":"Point","coordinates":[-118.286,34.163139]},"properties":{"site_name":"San Fernando Valley (Area 2)","other_site_names":null,"state":"California","industry":"Industry","matrix_type":"Groundwater","matrix":"Groundwater","year":2021,"pfoa":"3","pfos":"3","total_pfas":null,"pfas_level":6,"notes":null,"regulation_gvt_link":"https://cumulis.epa.gov/supercpad/cursites/csitinfo.cfm?id=0902252","resources_link":null,"suspected_source_link":null,"pfas_testing_link":"https://drive.google.com/file/d/1Y2vx-b4BuHmIvO077nnZeYBu6By1X526/view?usp=drive_link","site_ref_link":"https://geotracker.waterboards.ca.gov/profile_report?cmd=MWEDFResults&global_id=T10000011420&assigned_name=CS%2DC04%2D382","state_ref_link":"CA","ObjectId":1227}},{"type":"Feature","id":1235,"geometry":{"type":"Point","coordinates":[-118.2539,34.112081]},"properties":{"site_name":"San Fernando Valley (Area 4)","other_site_names":"Pollock Wellfield","state":"California","industry":"Industry","matrix_type":"Groundwater","matrix":"Groundwater","year":2021,"pfoa":"15","pfos":"8","total_pfas":null,"pfas_level":23,"notes":null,"regulation_gvt_link":"https://cumulis.epa.gov/supercpad/cursites/csitinfo.cfm?id=0902253","resources_link":null,"suspected_source_link":null,"pfas_testing_link":"https://drive.google.com/file/d/1AuCjlTIOwNtG5bJvCKObmhbnlkr5xjkm/view?usp=drive_link","site_ref_link":"https://geotracker.waterboards.ca.gov/profile_report?cmd=MWEDFResults&global_id=T10000011420&assigned_name=PL%2D03","state_ref_link":"CA","ObjectId":1235}},{"type":"Feature","id":1302,"geometry":{"type":"Point","coordinates":[-117.194309,33.085911]},"properties":{"site_name":"San Marcos II Sanitary Landfill","other_site_names":null,"state":"California","industry":"Landfill","matrix_type":"Groundwater","matrix":"Groundwater","year":2019,"pfoa":"7,600","pfos":"3,300","total_pfas":37950,"pfas_level":37950,"notes":null,"regulation_gvt_link":null,"resources_link":"https://geotracker.waterboards.ca.gov/profile_report?global_id=L10006325553&mytab=esidata#esidata","suspected_source_link":"https://geotracker.waterboards.ca.gov/map/pfas_map#","pfas_testing_link":"https://geotracker.waterboards.ca.gov/profile_report?cmd=mwreport&global_id=L10006325553&con_num=4544332683","site_ref_link":null,"state_ref_link":"https://drive.google.com/drive/u/1/folders/1DWXhXwl1j4L5eKUdO88JdnrMTynHHza5","ObjectId":1302}},{"type":"Feature","id":1322,"geometry":{"type":"Point","coordinates":[-122.06039,37.98924]},"properties":{"site_name":"Buchanan Field","other_site_names":"Buchanon Field Airport","state":"California","industry":"Airport","matrix_type":"Groundwater","matrix":"Groundwater","year":2019,"pfoa":"3,920","pfos":null,"total_pfas":91100,"pfas_level":91100,"notes":null,"regulation_gvt_link":null,"resources_link":"https://geotracker.waterboards.ca.gov/profile_report?global_id=T10000012765","suspected_source_link":"https://geotracker.waterboards.ca.gov/map/pfas_map","pfas_testing_link":"https://geotracker.waterboards.ca.gov/map/pfas_map","site_ref_link":null,"state_ref_link":"https://drive.google.com/drive/u/0/folders/1DWXhXwl1j4L5eKUdO88JdnrMTynHHza5","ObjectId":1322}},{"type":"Feature","id":1329,"geometry":{"type":"Point","coordinates":[-118.40853,33.941589]},"properties":{"site_name":"Los Angeles International Airport","other_site_names":null,"state":"California","industry":"Airport","matrix_type":"Groundwater","matrix":"Groundwater","year":2019,"pfoa":"31,000","pfos":"2,800","total_pfas":129452,"pfas_level":129452,"notes":"AFFF","regulation_gvt_link":null,"resources_link":"https://geotracker.waterboards.ca.gov/profile_report?global_id=T10000012773","suspected_source_link":"https://geotracker.waterboards.ca.gov/map/pfas_map#","pfas_testing_link":"https://documents.geotracker.waterboards.ca.gov/esi/uploads/geo_report/4152613759/T10000012773.PDF","site_ref_link":"https://drive.google.com/drive/u/0/folders/1SFy3_Zzg-ELjz4ReFqBddGs9jE6ZPb48","state_ref_link":"https://drive.google.com/drive/u/1/folders/1DWXhXwl1j4L5eKUdO88JdnrMTynHHza8","ObjectId":1329}},{"type":"Feature","id":1330,"geometry":{"type":"Point","coordinates":[-117.869113,33.676187]},"properties":{"site_name":"John Wayne Airport","other_site_names":null,"state":"California","industry":"Airport","matrix_type":"Groundwater","matrix":"Groundwater","year":2019,"pfoa":"13,800","pfos":"1,830","total_pfas":145121,"pfas_level":145121,"notes":null,"regulation_gvt_link":null,"resources_link":"https://geotracker.waterboards.ca.gov/profile_report?global_id=T10000012860","suspected_source_link":"https://geotracker.waterboards.ca.gov/map/pfas_map","pfas_testing_link":"https://geotracker.waterboards.ca.gov/map/pfas_map","site_ref_link":null,"state_ref_link":"https://drive.google.com/drive/u/0/folders/1DWXhXwl1j4L5eKUdO88JdnrMTynHHza5","ObjectId":1330}},{"type":"Feature","id":1332,"geometry":{"type":"Point","coordinates":[-122.248,38.04826]},"properties":{"site_name":"Shore Terminals Llc Selby Terminal","other_site_names":null,"state":"California","industry":"Industry","matrix_type":"Groundwater","matrix":"Groundwater","year":2019,"pfoa":"2,800","pfos":"48,000","total_pfas":229440,"pfas_level":229440,"notes":"https://www.bizjournals.com/sanantonio/news/2019/10/16/nustar-closes-california-facility-while-it.html","regulation_gvt_link":null,"resources_link":"https://geotracker.waterboards.ca.gov/profile_report?global_id=T10000013777","suspected_source_link":"https://geotracker.waterboards.ca.gov/map/pfas_map","pfas_testing_link":"https://geotracker.waterboards.ca.gov/map/pfas_map","site_ref_link":null,"state_ref_link":"https://drive.google.com/drive/u/0/folders/1DWXhXwl1j4L5eKUdO88JdnrMTynHHza5","ObjectId":1332}},{"type":"Feature","id":1337,"geometry":{"type":"Point","coordinates":[-122.219743,37.712569]},"properties":{"site_name":"Metropolitan Oakland International Airport","other_site_names":null,"state":"California","industry":"Airport","matrix_type":"Groundwater","matrix":"Groundwater","year":2019,"pfoa":"4,100","pfos":"170,000","total_pfas":283685,"pfas_level":283685,"notes":"AFFF","regulation_gvt_link":null,"resources_link":"https://geotracker.waterboards.ca.gov/profile_report?global_id=T10000012764","suspected_source_link":"https://geotracker.waterboards.ca.gov/map/pfas_map#","pfas_testing_link":"https://documents.geotracker.waterboards.ca.gov/esi/uploads/geo_report/9456182658/T10000012764.PDF","site_ref_link":"https://drive.google.com/drive/u/0/folders/1b-duXVsC3WBsKOitVZCL15DAxE-5dTLP","state_ref_link":"https://drive.google.com/drive/u/1/folders/1DWXhXwl1j4L5eKUdO88JdnrMTynHHza17","ObjectId":1337}},{"type":"Feature","id":1338,"geometry":{"type":"Point","coordinates":[-121.590065,38.695085]},"properties":{"site_name":"Sacramento International Airport","other_site_names":null,"state":"California","industry":"Airport","matrix_type":"Groundwater","matrix":"Groundwater","year":2019,"pfoa":"9,200","pfos":"72,000","total_pfas":320400,"pfas_level":320400,"notes":"AFFF","regulation_gvt_link":null,"resources_link":"https://geotracker.waterboards.ca.gov/profile_report?global_id=T10000012777","suspected_source_link":"https://geotracker.waterboards.ca.gov/map/pfas_map#","pfas_testing_link":"https://documents.geotracker.waterboards.ca.gov/esi/uploads/geo_report/1093090355/T10000012777.PDF","site_ref_link":"https://drive.google.com/drive/u/0/folders/1zm65yvzCuDYzjpQiTlbSXjMO52QF8pEW","state_ref_link":"https://drive.google.com/drive/u/1/folders/1DWXhXwl1j4L5eKUdO88JdnrMTynHHza20","ObjectId":1338}},{"type":"Feature","id":1339,"geometry":{"type":"Point","coordinates":[-121.43105,38.56053]},"properties":{"site_name":"Elvas Quarry Landfill","other_site_names":null,"state":"California","industry":"Landfill","matrix_type":"Groundwater","matrix":"Groundwater","year":2019,"pfoa":"9,200","pfos":"72,000","total_pfas":320400,"pfas_level":320400,"notes":null,"regulation_gvt_link":null,"resources_link":"https://geotracker.waterboards.ca.gov/profile_report?global_id=T10000007940","suspected_source_link":"https://geotracker.waterboards.ca.gov/map/pfas_map","pfas_testing_link":"https://geotracker.waterboards.ca.gov/map/pfas_map","site_ref_link":null,"state_ref_link":"https://drive.google.com/drive/u/0/folders/1DWXhXwl1j4L5eKUdO88JdnrMTynHHza5","ObjectId":1339}},{"type":"Feature","id":1342,"geometry":{"type":"Point","coordinates":[-117.187991,32.738456]},"properties":{"site_name":"San Diego International Airport","other_site_names":null,"state":"California","industry":"Airport","matrix_type":"Groundwater","matrix":"Groundwater","year":2019,"pfoa":"59,700","pfos":"5,960","total_pfas":426304,"pfas_level":426304,"notes":null,"regulation_gvt_link":null,"resources_link":"https://geotracker.waterboards.ca.gov/profile_report?global_id=T10000012787&mytab=esidata#esidata","suspected_source_link":"https://geotracker.waterboards.ca.gov/map/pfas_map#","pfas_testing_link":"https://documents.geotracker.waterboards.ca.gov/esi/uploads/geo_report/7142168521/T10000012787.PDF","site_ref_link":"https://drive.google.com/drive/folders/1lT9ShsA7ALM55i-W677ImhF04Hskmcgo","state_ref_link":"https://drive.google.com/drive/u/1/folders/1DWXhXwl1j4L5eKUdO88JdnrMTynHHza5","ObjectId":1342}},{"type":"Feature","id":1345,"geometry":{"type":"Point","coordinates":[-118.35395,34.19666]},"properties":{"site_name":"Bob Hope","other_site_names":null,"state":"California","industry":"Airport","matrix_type":"Solid","matrix":"Soil","year":2019,"pfoa":"17,000","pfos":null,"total_pfas":669800,"pfas_level":669800,"notes":null,"regulation_gvt_link":null,"resources_link":"N/A","suspected_source_link":"https://geotracker.waterboards.ca.gov/map/pfas_map","pfas_testing_link":"https://geotracker.waterboards.ca.gov/map/pfas_map","site_ref_link":null,"state_ref_link":"https://drive.google.com/drive/u/0/folders/1DWXhXwl1j4L5eKUdO88JdnrMTynHHza5","ObjectId":1345}},{"type":"Feature","id":1347,"geometry":{"type":"Point","coordinates":[-116.079959,33.440392]},"properties":{"site_name":"Oasis Class III Waste Management Facility","other_site_names":null,"state":"California","industry":"Landfill","matrix_type":"Solid","matrix":"Soil","year":2019,"pfoa":"6,300","pfos":"510,000","total_pfas":23058440,"pfas_level":23058440,"notes":null,"regulation_gvt_link":null,"resources_link":"https://www.waterboards.ca.gov/pfas/","suspected_source_link":"https://geotracker.waterboards.ca.gov/map/pfas_map","pfas_testing_link":"https://geotracker.waterboards.ca.gov/map/pfas_map","site_ref_link":null,"state_ref_link":"https://drive.google.com/drive/u/0/folders/1DWXhXwl1j4L5eKUdO88JdnrMTynHHza5","ObjectId":1347}},{"type":"Feature","id":1352,"geometry":{"type":"Point","coordinates":[-120.568728,41.458858]},"properties":{"site_name":"Alturas Class III Landfill","other_site_names":null,"state":"California","industry":"Landfill","matrix_type":"Groundwater","matrix":"Groundwater","year":2020,"pfoa":null,"pfos":null,"total_pfas":1,"pfas_level":1,"notes":null,"regulation_gvt_link":null,"resources_link":"https://geotracker.waterboards.ca.gov/profile_report?global_id=L10007590008","suspected_source_link":"https://geotracker.waterboards.ca.gov/map/pfas_map","pfas_testing_link":"https://geotracker.waterboards.ca.gov/map/pfas_map","site_ref_link":null,"state_ref_link":"https://drive.google.com/drive/u/0/folders/1DWXhXwl1j4L5eKUdO88JdnrMTynHHza5","ObjectId":1352}},{"type":"Feature","id":1353,"geometry":{"type":"Point","coordinates":[-120.052745,41.540194]},"properties":{"site_name":"Cedarville West Solid Waste Disposal Service (Old)","other_site_names":null,"state":"California","industry":"Landfill","matrix_type":"Groundwater","matrix":"Groundwater","year":2020,"pfoa":null,"pfos":null,"total_pfas":1,"pfas_level":1,"notes":null,"regulation_gvt_link":null,"resources_link":"https://www.waterboards.ca.gov/pfas/","suspected_source_link":"https://geotracker.waterboards.ca.gov/map/pfas_map","pfas_testing_link":"https://geotracker.waterboards.ca.gov/map/pfas_map","site_ref_link":null,"state_ref_link":"https://drive.google.com/drive/u/0/folders/1DWXhXwl1j4L5eKUdO88JdnrMTynHHza5","ObjectId":1353}},{"type":"Feature","id":1354,"geometry":{"type":"Point","coordinates":[-118.357649,37.530218]},"properties":{"site_name":"Chalfant Class III Landfill","other_site_names":null,"state":"California","industry":"Landfill","matrix_type":"Groundwater","matrix":"Groundwater","year":2020,"pfoa":null,"pfos":null,"total_pfas":2,"pfas_level":2,"notes":null,"regulation_gvt_link":null,"resources_link":"https://geotracker.waterboards.ca.gov/profile_report?global_id=L10007357170","suspected_source_link":"https://geotracker.waterboards.ca.gov/map/pfas_map","pfas_testing_link":"https://geotracker.waterboards.ca.gov/map/pfas_map","site_ref_link":null,"state_ref_link":"https://drive.google.com/drive/u/0/folders/1DWXhXwl1j4L5eKUdO88JdnrMTynHHza5","ObjectId":1354}},{"type":"Feature","id":1357,"geometry":{"type":"Point","coordinates":[-121.100573,38.097901]},"properties":{"site_name":"Harney Lane Class III Landfill","other_site_names":null,"state":"California","industry":"Landfill","matrix_type":"Groundwater","matrix":"Groundwater","year":2020,"pfoa":null,"pfos":null,"total_pfas":3,"pfas_level":3,"notes":null,"regulation_gvt_link":null,"resources_link":"https://geotracker.waterboards.ca.gov/profile_report?global_id=L10008701564","suspected_source_link":"https://geotracker.waterboards.ca.gov/map/pfas_map","pfas_testing_link":"https://geotracker.waterboards.ca.gov/map/pfas_map","site_ref_link":null,"state_ref_link":"https://drive.google.com/drive/u/0/folders/1DWXhXwl1j4L5eKUdO88JdnrMTynHHza5","ObjectId":1357}},{"type":"Feature","id":1358,"geometry":{"type":"Point","coordinates":[-119.18395,34.14505]},"properties":{"site_name":"Oxnard Advanced Water Purification Facility","other_site_names":null,"state":"California","industry":"WWTP","matrix_type":"Groundwater","matrix":"Groundwater","year":2020,"pfoa":null,"pfos":"1","total_pfas":4,"pfas_level":4,"notes":null,"regulation_gvt_link":null,"resources_link":"https://www.waterboards.ca.gov/pfas/","suspected_source_link":"https://geotracker.waterboards.ca.gov/map/pfas_map","pfas_testing_link":"https://geotracker.waterboards.ca.gov/map/pfas_map","site_ref_link":null,"state_ref_link":"https://drive.google.com/drive/u/0/folders/1DWXhXwl1j4L5eKUdO88JdnrMTynHHza5","ObjectId":1358}},{"type":"Feature","id":1359,"geometry":{"type":"Point","coordinates":[-120.130199,36.661985]},"properties":{"site_name":"American Avenue Municipal Solid Waste Landfill","other_site_names":null,"state":"California","industry":"Landfill","matrix_type":"Groundwater","matrix":"Groundwater","year":2020,"pfoa":null,"pfos":null,"total_pfas":4,"pfas_level":4,"notes":null,"regulation_gvt_link":null,"resources_link":"https://geotracker.waterboards.ca.gov/profile_report?global_id=L10006109169","suspected_source_link":"https://geotracker.waterboards.ca.gov/map/pfas_map","pfas_testing_link":"https://geotracker.waterboards.ca.gov/map/pfas_map","site_ref_link":null,"state_ref_link":"https://drive.google.com/drive/u/0/folders/1DWXhXwl1j4L5eKUdO88JdnrMTynHHza5","ObjectId":1359}},{"type":"Feature","id":1367,"geometry":{"type":"Point","coordinates":[-118.996654,34.403378]},"properties":{"site_name":"Toland Road Landfill","other_site_names":null,"state":"California","industry":"Landfill","matrix_type":"Groundwater","matrix":"Groundwater","year":2020,"pfoa":null,"pfos":"8","total_pfas":11,"pfas_level":11,"notes":null,"regulation_gvt_link":null,"resources_link":"https://geotracker.waterboards.ca.gov/profile_report?global_id=L10006875092","suspected_source_link":"https://geotracker.waterboards.ca.gov/map/pfas_map#","pfas_testing_link":"https://documents.geotracker.waterboards.ca.gov/esi/uploads/geo_report/6233892619/L10006875092.PDF","site_ref_link":"https://drive.google.com/drive/folders/1B7jnt9s9jS4Mg3KQUkl6Mi0Sp3W3jgpX","state_ref_link":"https://drive.google.com/drive/u/1/folders/1DWXhXwl1j4L5eKUdO88JdnrMTynHHza5","ObjectId":1367}},{"type":"Feature","id":1368,"geometry":{"type":"Point","coordinates":[-121.100484,38.09795]},"properties":{"site_name":"North Co Sanitary Landfill","other_site_names":null,"state":"California","industry":"Landfill","matrix_type":"Groundwater","matrix":"Groundwater","year":2020,"pfoa":null,"pfos":null,"total_pfas":11,"pfas_level":11,"notes":null,"regulation_gvt_link":null,"resources_link":"https://geotracker.waterboards.ca.gov/profile_report?global_id=L10001621439","suspected_source_link":"https://geotracker.waterboards.ca.gov/map/pfas_map","pfas_testing_link":"https://geotracker.waterboards.ca.gov/map/pfas_map","site_ref_link":null,"state_ref_link":"https://drive.google.com/drive/u/0/folders/1DWXhXwl1j4L5eKUdO88JdnrMTynHHza5","ObjectId":1368}},{"type":"Feature","id":1369,"geometry":{"type":"Point","coordinates":[-118.392175,33.909366]},"properties":{"site_name":"Edward C. Little Water Reclamation Plant - West Coast Basin Barrier Project - Expansion Phase III","other_site_names":null,"state":"California","industry":"WWTP","matrix_type":"Groundwater","matrix":"Groundwater","year":2020,"pfoa":"4","pfos":"8","total_pfas":12,"pfas_level":12,"notes":"https://ciwqs.waterboards.ca.gov/ciwqs/readOnly/PublicReportPartyAtGlanceServlet?reportID=2&paagrPartyID=51511","regulation_gvt_link":null,"resources_link":"https://www.waterboards.ca.gov/pfas/","suspected_source_link":"https://geotracker.waterboards.ca.gov/map/pfas_map","pfas_testing_link":"https://geotracker.waterboards.ca.gov/map/pfas_map","site_ref_link":null,"state_ref_link":"https://drive.google.com/drive/u/0/folders/1DWXhXwl1j4L5eKUdO88JdnrMTynHHza5","ObjectId":1369}},{"type":"Feature","id":1370,"geometry":{"type":"Point","coordinates":[-122.343244,41.34973]},"properties":{"site_name":"Black Butte Class III Landfill","other_site_names":null,"state":"California","industry":"Landfill","matrix_type":"Groundwater","matrix":"Groundwater","year":2020,"pfoa":"2","pfos":null,"total_pfas":14,"pfas_level":14,"notes":null,"regulation_gvt_link":null,"resources_link":"https://cumulis.epa.gov/supercpad/SiteProfiles/index.cfm?fuseaction=second.Healthenv&id=1001865","suspected_source_link":"https://geotracker.waterboards.ca.gov/map/pfas_map","pfas_testing_link":"https://geotracker.waterboards.ca.gov/map/pfas_map","site_ref_link":null,"state_ref_link":"https://drive.google.com/drive/u/0/folders/1DWXhXwl1j4L5eKUdO88JdnrMTynHHza5","ObjectId":1370}},{"type":"Feature","id":1374,"geometry":{"type":"Point","coordinates":[-120.533792,35.66305]},"properties":{"site_name":"Paso Robles Solid Waste Site","other_site_names":null,"state":"California","industry":"Landfill","matrix_type":"Groundwater","matrix":"Groundwater","year":2020,"pfoa":null,"pfos":null,"total_pfas":15,"pfas_level":15,"notes":null,"regulation_gvt_link":null,"resources_link":"https://geotracker.waterboards.ca.gov/profile_report?global_id=L10005965610","suspected_source_link":"https://geotracker.waterboards.ca.gov/map/pfas_map","pfas_testing_link":"https://geotracker.waterboards.ca.gov/map/pfas_map","site_ref_link":null,"state_ref_link":"https://drive.google.com/drive/u/0/folders/1DWXhXwl1j4L5eKUdO88JdnrMTynHHza5","ObjectId":1374}},{"type":"Feature","id":1380,"geometry":{"type":"Point","coordinates":[-119.456736,38.553963]},"properties":{"site_name":"Walker Sanitary Landfill","other_site_names":null,"state":"California","industry":"Landfill","matrix_type":"Groundwater","matrix":"Groundwater","year":2020,"pfoa":"1","pfos":null,"total_pfas":20,"pfas_level":20,"notes":null,"regulation_gvt_link":null,"resources_link":null,"suspected_source_link":"https://geotracker.waterboards.ca.gov/map/pfas_map","pfas_testing_link":"https://geotracker.waterboards.ca.gov/map/pfas_map","site_ref_link":null,"state_ref_link":"https://drive.google.com/drive/u/0/folders/1DWXhXwl1j4L5eKUdO88JdnrMTynHHza5","ObjectId":1380}},{"type":"Feature","id":1381,"geometry":{"type":"Point","coordinates":[-122.300502,40.197091]},"properties":{"site_name":"Red Bluff Class III Landfill","other_site_names":null,"state":"California","industry":"Landfill","matrix_type":"Groundwater","matrix":"Groundwater","year":2020,"pfoa":"2","pfos":null,"total_pfas":21,"pfas_level":21,"notes":null,"regulation_gvt_link":null,"resources_link":"https://geotracker.waterboards.ca.gov/profile_report?global_id=L10004066371","suspected_source_link":"https://geotracker.waterboards.ca.gov/map/pfas_map","pfas_testing_link":"https://geotracker.waterboards.ca.gov/map/pfas_map","site_ref_link":null,"state_ref_link":"https://drive.google.com/drive/u/0/folders/1DWXhXwl1j4L5eKUdO88JdnrMTynHHza5","ObjectId":1381}},{"type":"Feature","id":1395,"geometry":{"type":"Point","coordinates":[-118.167434,34.201185]},"properties":{"site_name":"JET PROPULSION LABORATORY (NASA)","other_site_names":null,"state":"California","industry":"Industry","matrix_type":"Groundwater","matrix":"Groundwater","year":2020,"pfoa":null,"pfos":null,"total_pfas":32,"pfas_level":32,"notes":null,"regulation_gvt_link":"https://jplwater.nasa.gov/docs/Assessing%20PFAS%20at%20JPL.pdf","resources_link":"https://jplwater.nasa.gov/docs/Assessing%20PFAS%20at%20JPL.pdf","suspected_source_link":"https://jplwater.nasa.gov/docs/NAS710673.pdf","pfas_testing_link":"Per- and Polyfluoroalkyl Substances (PFAS) JET PROPULSION LABORATORY.pdf","site_ref_link":"Los Angeles County, CA - Jet Propulsion Laboratory (NASA)","state_ref_link":"CA","ObjectId":1395}},{"type":"Feature","id":1402,"geometry":{"type":"Point","coordinates":[-122.122393,41.246293]},"properties":{"site_name":"Mccloud Class III Landfill","other_site_names":null,"state":"California","industry":"Landfill","matrix_type":"Groundwater","matrix":"Groundwater","year":2020,"pfoa":"1","pfos":"4","total_pfas":39,"pfas_level":39,"notes":null,"regulation_gvt_link":null,"resources_link":"https://geotracker.waterboards.ca.gov/profile_report?global_id=L10007580959","suspected_source_link":"https://geotracker.waterboards.ca.gov/map/pfas_map","pfas_testing_link":"https://geotracker.waterboards.ca.gov/map/pfas_map","site_ref_link":null,"state_ref_link":"https://drive.google.com/drive/u/0/folders/1DWXhXwl1j4L5eKUdO88JdnrMTynHHza5","ObjectId":1402}},{"type":"Feature","id":1404,"geometry":{"type":"Point","coordinates":[-122.080816,38.028017]},"properties":{"site_name":"Acme Fill Land Disposal","other_site_names":null,"state":"California","industry":"Landfill","matrix_type":"Groundwater","matrix":"Groundwater","year":2020,"pfoa":"5","pfos":null,"total_pfas":40,"pfas_level":40,"notes":null,"regulation_gvt_link":null,"resources_link":"https://geotracker.waterboards.ca.gov/profile_report?global_id=L10008706352","suspected_source_link":"https://geotracker.waterboards.ca.gov/map/pfas_map","pfas_testing_link":"https://geotracker.waterboards.ca.gov/map/pfas_map","site_ref_link":null,"state_ref_link":"https://drive.google.com/drive/u/0/folders/1DWXhXwl1j4L5eKUdO88JdnrMTynHHza5","ObjectId":1404}},{"type":"Feature","id":1405,"geometry":{"type":"Point","coordinates":[-122.351863,37.998722]},"properties":{"site_name":"Pinole Point Business Park","other_site_names":null,"state":"California","industry":"Landfill","matrix_type":"Groundwater","matrix":"Groundwater","year":2020,"pfoa":"5","pfos":"15","total_pfas":43,"pfas_level":43,"notes":null,"regulation_gvt_link":null,"resources_link":"https://geotracker.waterboards.ca.gov/profile_report?global_id=T10000001617","suspected_source_link":"https://geotracker.waterboards.ca.gov/map/pfas_map","pfas_testing_link":"https://geotracker.waterboards.ca.gov/map/pfas_map","site_ref_link":null,"state_ref_link":"https://drive.google.com/drive/u/0/folders/1DWXhXwl1j4L5eKUdO88JdnrMTynHHza5","ObjectId":1405}},{"type":"Feature","id":1411,"geometry":{"type":"Point","coordinates":[-118.585804,34.462431]},"properties":{"site_name":"Peter Pitchess Landfill","other_site_names":null,"state":"California","industry":"Landfill","matrix_type":"Groundwater","matrix":"Groundwater","year":2020,"pfoa":"6","pfos":"8","total_pfas":48,"pfas_level":48,"notes":null,"regulation_gvt_link":null,"resources_link":"https://geotracker.waterboards.ca.gov/profile_report?global_id=L10005092201","suspected_source_link":"https://geotracker.waterboards.ca.gov/map/pfas_map","pfas_testing_link":"https://geotracker.waterboards.ca.gov/map/pfas_map","site_ref_link":null,"state_ref_link":"https://drive.google.com/drive/u/0/folders/1DWXhXwl1j4L5eKUdO88JdnrMTynHHza5","ObjectId":1411}},{"type":"Feature","id":1413,"geometry":{"type":"Point","coordinates":[-119.218867,38.268896]},"properties":{"site_name":"Bridgeport Class III Landfill","other_site_names":null,"state":"California","industry":"Landfill","matrix_type":"Groundwater","matrix":"Groundwater","year":2020,"pfoa":"6","pfos":"1","total_pfas":52,"pfas_level":52,"notes":null,"regulation_gvt_link":null,"resources_link":"https://geotracker.waterboards.ca.gov/profile_report?global_id=L10002592521","suspected_source_link":"https://geotracker.waterboards.ca.gov/map/pfas_map","pfas_testing_link":"https://geotracker.waterboards.ca.gov/map/pfas_map","site_ref_link":null,"state_ref_link":"https://drive.google.com/drive/u/0/folders/1DWXhXwl1j4L5eKUdO88JdnrMTynHHza5","ObjectId":1413}},{"type":"Feature","id":1426,"geometry":{"type":"Point","coordinates":[-121.934513,38.003989]},"properties":{"site_name":"Keller Canyon Landfill","other_site_names":null,"state":"California","industry":"Landfill","matrix_type":"Groundwater","matrix":"Groundwater","year":2020,"pfoa":"3","pfos":null,"total_pfas":67,"pfas_level":67,"notes":null,"regulation_gvt_link":null,"resources_link":"https://geotracker.waterboards.ca.gov/profile_report?global_id=L10008210862","suspected_source_link":"https://geotracker.waterboards.ca.gov/map/pfas_map","pfas_testing_link":"https://geotracker.waterboards.ca.gov/map/pfas_map","site_ref_link":null,"state_ref_link":"https://drive.google.com/drive/u/0/folders/1DWXhXwl1j4L5eKUdO88JdnrMTynHHza5","ObjectId":1426}},{"type":"Feature","id":1431,"geometry":{"type":"Point","coordinates":[-118.796797,34.294665]},"properties":{"site_name":"Simi Valley Landfill","other_site_names":null,"state":"California","industry":"Landfill","matrix_type":"Groundwater","matrix":"Groundwater","year":2020,"pfoa":"2","pfos":"1","total_pfas":73,"pfas_level":73,"notes":null,"regulation_gvt_link":null,"resources_link":"https://geotracker.waterboards.ca.gov/profile_report?global_id=L10001396701","suspected_source_link":"https://geotracker.waterboards.ca.gov/map/pfas_map","pfas_testing_link":"https://geotracker.waterboards.ca.gov/map/pfas_map","site_ref_link":null,"state_ref_link":"https://drive.google.com/drive/u/0/folders/1DWXhXwl1j4L5eKUdO88JdnrMTynHHza5","ObjectId":1431}},{"type":"Feature","id":1435,"geometry":{"type":"Point","coordinates":[-120.973636,37.040172]},"properties":{"site_name":"Billy Wright Solid Waste Landfill","other_site_names":null,"state":"California","industry":"Landfill","matrix_type":"Groundwater","matrix":"Groundwater","year":2020,"pfoa":"20","pfos":null,"total_pfas":91,"pfas_level":91,"notes":null,"regulation_gvt_link":null,"resources_link":"https://geotracker.waterboards.ca.gov/profile_report?global_id=L10008618335","suspected_source_link":"https://geotracker.waterboards.ca.gov/map/pfas_map","pfas_testing_link":"https://geotracker.waterboards.ca.gov/map/pfas_map","site_ref_link":null,"state_ref_link":"https://drive.google.com/drive/u/0/folders/1DWXhXwl1j4L5eKUdO88JdnrMTynHHza5","ObjectId":1435}},{"type":"Feature","id":1440,"geometry":{"type":"Point","coordinates":[-121.678857,37.184113]},"properties":{"site_name":"Kirby Canyon Landfill","other_site_names":null,"state":"California","industry":"Landfill","matrix_type":"Groundwater","matrix":"Groundwater","year":2020,"pfoa":"5","pfos":"5","total_pfas":99,"pfas_level":99,"notes":null,"regulation_gvt_link":null,"resources_link":"https://geotracker.waterboards.ca.gov/profile_report?global_id=L10006120966","suspected_source_link":"https://geotracker.waterboards.ca.gov/map/pfas_map","pfas_testing_link":"https://geotracker.waterboards.ca.gov/map/pfas_map","site_ref_link":null,"state_ref_link":"https://drive.google.com/drive/u/0/folders/1DWXhXwl1j4L5eKUdO88JdnrMTynHHza5","ObjectId":1440}},{"type":"Feature","id":1447,"geometry":{"type":"Point","coordinates":[-120.499975,37.390138]},"properties":{"site_name":"Highway 59 Solid Waste Landfill","other_site_names":null,"state":"California","industry":"Landfill","matrix_type":"Groundwater","matrix":"Groundwater","year":2020,"pfoa":"5","pfos":null,"total_pfas":114,"pfas_level":114,"notes":null,"regulation_gvt_link":null,"resources_link":"https://geotracker.waterboards.ca.gov/profile_report?global_id=L10002455947","suspected_source_link":"https://geotracker.waterboards.ca.gov/map/pfas_map","pfas_testing_link":"https://geotracker.waterboards.ca.gov/map/pfas_map","site_ref_link":null,"state_ref_link":"https://drive.google.com/drive/u/0/folders/1DWXhXwl1j4L5eKUdO88JdnrMTynHHza5","ObjectId":1447}},{"type":"Feature","id":1456,"geometry":{"type":"Point","coordinates":[-118.341202,33.844988]},"properties":{"site_name":"Former Amp-Matrix Science Facility","other_site_names":null,"state":"California","industry":"Industry","matrix_type":"Groundwater","matrix":"Groundwater","year":2020,"pfoa":"2","pfos":null,"total_pfas":148,"pfas_level":148,"notes":null,"regulation_gvt_link":null,"resources_link":"https://geotracker.waterboards.ca.gov/profile_report?global_id=SL204811687","suspected_source_link":"https://geotracker.waterboards.ca.gov/map/pfas_map","pfas_testing_link":"https://geotracker.waterboards.ca.gov/map/pfas_map","site_ref_link":null,"state_ref_link":"https://drive.google.com/drive/u/0/folders/1DWXhXwl1j4L5eKUdO88JdnrMTynHHza5","ObjectId":1456}},{"type":"Feature","id":1460,"geometry":{"type":"Point","coordinates":[-115.526935,32.855368]},"properties":{"site_name":"Allied (Republic) Imperial Landfill","other_site_names":null,"state":"California","industry":"Landfill","matrix_type":"Groundwater","matrix":"Groundwater","year":2020,"pfoa":"36","pfos":"2","total_pfas":162,"pfas_level":162,"notes":null,"regulation_gvt_link":null,"resources_link":"https://geotracker.waterboards.ca.gov/profile_report?global_id=L10005391970","suspected_source_link":"https://geotracker.waterboards.ca.gov/map/pfas_map","pfas_testing_link":"https://geotracker.waterboards.ca.gov/map/pfas_map","site_ref_link":null,"state_ref_link":"https://drive.google.com/drive/u/0/folders/1DWXhXwl1j4L5eKUdO88JdnrMTynHHza5","ObjectId":1460}},{"type":"Feature","id":1461,"geometry":{"type":"Point","coordinates":[-115.52682,32.85503]},"properties":{"site_name":"Imperial Landfill","other_site_names":null,"state":"California","industry":"Landfill","matrix_type":"Groundwater","matrix":"Groundwater","year":2020,"pfoa":"36","pfos":"2","total_pfas":162,"pfas_level":162,"notes":null,"regulation_gvt_link":null,"resources_link":"https://geotracker.waterboards.ca.gov/profile_report?global_id=L10005391970","suspected_source_link":"https://geotracker.waterboards.ca.gov/map/pfas_map#","pfas_testing_link":"https://documents.geotracker.waterboards.ca.gov/regulators/deliverable_documents/9693821549/Imperial%20PFAS%20Report%20(003).pdf","site_ref_link":"https://drive.google.com/drive/folders/1R015s56WYi8M29Eah0g0xg8UFhUMlDXi","state_ref_link":"https://drive.google.com/drive/u/1/folders/1DWXhXwl1j4L5eKUdO88JdnrMTynHHza5","ObjectId":1461}},{"type":"Feature","id":1462,"geometry":{"type":"Point","coordinates":[-117.882737,33.849194]},"properties":{"site_name":"Ocwd - North Basin","other_site_names":"Orange County North Basin","state":"California","industry":"Superfund Site","matrix_type":"Groundwater","matrix":"Groundwater","year":2020,"pfoa":"32","pfos":"72","total_pfas":169,"pfas_level":169,"notes":"Contamination from legacy industry chemicals https://www.ocwd.com/news-events/newsletter/2020/september-2020/epa-designates-north-basin-a-superfund-site/ Superfund site","regulation_gvt_link":null,"resources_link":"https://www.waterboards.ca.gov/pfas/","suspected_source_link":"https://geotracker.waterboards.ca.gov/map/pfas_map","pfas_testing_link":"https://geotracker.waterboards.ca.gov/map/pfas_map","site_ref_link":null,"state_ref_link":"https://drive.google.com/drive/u/0/folders/1DWXhXwl1j4L5eKUdO88JdnrMTynHHza5","ObjectId":1462}},{"type":"Feature","id":1481,"geometry":{"type":"Point","coordinates":[-120.214519,39.292717]},"properties":{"site_name":"Eastern Regional Landfill","other_site_names":null,"state":"California","industry":"Landfill","matrix_type":"Groundwater","matrix":"Groundwater","year":2020,"pfoa":"44","pfos":"3","total_pfas":241,"pfas_level":241,"notes":null,"regulation_gvt_link":null,"resources_link":"https://geotracker.waterboards.ca.gov/profile_report?global_id=L10001022155","suspected_source_link":"https://geotracker.waterboards.ca.gov/map/pfas_map","pfas_testing_link":"https://geotracker.waterboards.ca.gov/map/pfas_map","site_ref_link":null,"state_ref_link":"https://drive.google.com/drive/u/0/folders/1DWXhXwl1j4L5eKUdO88JdnrMTynHHza5","ObjectId":1481}},{"type":"Feature","id":1483,"geometry":{"type":"Point","coordinates":[-121.479687,38.565934]},"properties":{"site_name":"Chrome Craft Facility (Former)","other_site_names":null,"state":"California","industry":"Industry","matrix_type":"Groundwater","matrix":"Groundwater","year":2020,"pfoa":"9","pfos":"2","total_pfas":244,"pfas_level":244,"notes":null,"regulation_gvt_link":null,"resources_link":"https://geotracker.waterboards.ca.gov/profile_report?global_id=SL0606709398","suspected_source_link":"https://geotracker.waterboards.ca.gov/map/pfas_map","pfas_testing_link":"https://geotracker.waterboards.ca.gov/map/pfas_map","site_ref_link":null,"state_ref_link":"https://drive.google.com/drive/u/0/folders/1DWXhXwl1j4L5eKUdO88JdnrMTynHHza5","ObjectId":1483}},{"type":"Feature","id":1492,"geometry":{"type":"Point","coordinates":[-120.155129,41.877008]},"properties":{"site_name":"Fort Bidwell Solid Waste Disposal Service","other_site_names":null,"state":"California","industry":"Landfill","matrix_type":"Groundwater","matrix":"Groundwater","year":2020,"pfoa":"72","pfos":"6","total_pfas":302,"pfas_level":302,"notes":null,"regulation_gvt_link":null,"resources_link":"https://www.waterboards.ca.gov/pfas/","suspected_source_link":"https://geotracker.waterboards.ca.gov/map/pfas_map","pfas_testing_link":"https://geotracker.waterboards.ca.gov/map/pfas_map","site_ref_link":null,"state_ref_link":"https://drive.google.com/drive/u/0/folders/1DWXhXwl1j4L5eKUdO88JdnrMTynHHza5","ObjectId":1492}},{"type":"Feature","id":1496,"geometry":{"type":"Point","coordinates":[-122.533882,38.585342]},"properties":{"site_name":"Clover Flat Landfill","other_site_names":null,"state":"California","industry":"Landfill","matrix_type":"Groundwater","matrix":"Groundwater","year":2020,"pfoa":"63","pfos":null,"total_pfas":319,"pfas_level":319,"notes":null,"regulation_gvt_link":null,"resources_link":"https://geotracker.waterboards.ca.gov/profile_report?global_id=L10001344067","suspected_source_link":"https://napavalleyregister.com/community/star/opinion/forever-chemicals-in-all-samples-at-clover-flat-landfill/article_6fdf9b4f-6ea9-5fcb-83e3-1955be7fb923.html","pfas_testing_link":"https://geotracker.waterboards.ca.gov/map/pfas_map","site_ref_link":null,"state_ref_link":"https://drive.google.com/drive/u/0/folders/1DWXhXwl1j4L5eKUdO88JdnrMTynHHza5","ObjectId":1496}},{"type":"Feature","id":1500,"geometry":{"type":"Point","coordinates":[-121.811837,36.920496]},"properties":{"site_name":"Buena Vista Class III Landfill","other_site_names":null,"state":"California","industry":"Landfill","matrix_type":"Groundwater","matrix":"Groundwater","year":2020,"pfoa":"82","pfos":"19","total_pfas":398,"pfas_level":398,"notes":null,"regulation_gvt_link":null,"resources_link":"https://geotracker.waterboards.ca.gov/profile_report?global_id=L10008111979","suspected_source_link":"https://geotracker.waterboards.ca.gov/map/pfas_map","pfas_testing_link":"https://geotracker.waterboards.ca.gov/map/pfas_map","site_ref_link":null,"state_ref_link":"https://drive.google.com/drive/u/0/folders/1DWXhXwl1j4L5eKUdO88JdnrMTynHHza5","ObjectId":1500}},{"type":"Feature","id":1501,"geometry":{"type":"Point","coordinates":[-122.739831,38.471964]},"properties":{"site_name":"Hewlett Packard Valley Site","other_site_names":null,"state":"California","industry":"Industry","matrix_type":"Groundwater","matrix":"Groundwater","year":2020,"pfoa":"47","pfos":"48","total_pfas":418,"pfas_level":418,"notes":null,"regulation_gvt_link":null,"resources_link":"N/A","suspected_source_link":"https://geotracker.waterboards.ca.gov/map/pfas_map","pfas_testing_link":"https://geotracker.waterboards.ca.gov/map/pfas_map","site_ref_link":null,"state_ref_link":"https://drive.google.com/drive/u/0/folders/1DWXhXwl1j4L5eKUdO88JdnrMTynHHza5","ObjectId":1501}},{"type":"Feature","id":1505,"geometry":{"type":"Point","coordinates":[-121.194723,38.51467]},"properties":{"site_name":"Kiefer Road- Class III Solid Waste Disposal Service","other_site_names":null,"state":"California","industry":"Landfill","matrix_type":"Groundwater","matrix":"Groundwater","year":2020,"pfoa":"87","pfos":null,"total_pfas":441,"pfas_level":441,"notes":null,"regulation_gvt_link":null,"resources_link":"https://www.waterboards.ca.gov/pfas/","suspected_source_link":"https://geotracker.waterboards.ca.gov/map/pfas_map","pfas_testing_link":"https://geotracker.waterboards.ca.gov/map/pfas_map","site_ref_link":null,"state_ref_link":"https://drive.google.com/drive/u/0/folders/1DWXhXwl1j4L5eKUdO88JdnrMTynHHza5","ObjectId":1505}},{"type":"Feature","id":1506,"geometry":{"type":"Point","coordinates":[-121.903677,37.21696]},"properties":{"site_name":"Guadalupe Landfill","other_site_names":null,"state":"California","industry":"Landfill","matrix_type":"Groundwater","matrix":"Groundwater","year":2020,"pfoa":"29","pfos":"2","total_pfas":454,"pfas_level":454,"notes":null,"regulation_gvt_link":null,"resources_link":"https://geotracker.waterboards.ca.gov/profile_report?global_id=L10007582376","suspected_source_link":"https://geotracker.waterboards.ca.gov/map/pfas_map","pfas_testing_link":"https://geotracker.waterboards.ca.gov/map/pfas_map","site_ref_link":null,"state_ref_link":"https://drive.google.com/drive/u/0/folders/1DWXhXwl1j4L5eKUdO88JdnrMTynHHza5","ObjectId":1506}},{"type":"Feature","id":1507,"geometry":{"type":"Point","coordinates":[-117.040034,32.688205]},"properties":{"site_name":"Bell Jr High Landfill","other_site_names":null,"state":"California","industry":"Landfill","matrix_type":"Groundwater","matrix":"Groundwater","year":2020,"pfoa":"190","pfos":null,"total_pfas":469,"pfas_level":469,"notes":null,"regulation_gvt_link":null,"resources_link":"https://geotracker.waterboards.ca.gov/profile_report?global_id=L10007828563&mytab=esidata#esidata","suspected_source_link":"https://geotracker.waterboards.ca.gov/map/pfas_map#","pfas_testing_link":"https://geotracker.waterboards.ca.gov/profile_report?cmd=mwreport&global_id=L10007828563&con_num=7846444189","site_ref_link":null,"state_ref_link":"https://drive.google.com/drive/u/1/folders/1DWXhXwl1j4L5eKUdO88JdnrMTynHHza5","ObjectId":1507}},{"type":"Feature","id":1509,"geometry":{"type":"Point","coordinates":[-124.10755,40.97594]},"properties":{"site_name":"California Redwood Coast-Humboldt County","other_site_names":null,"state":"California","industry":"Airport","matrix_type":"Groundwater","matrix":"Groundwater","year":2020,"pfoa":"17","pfos":null,"total_pfas":500,"pfas_level":500,"notes":null,"regulation_gvt_link":null,"resources_link":"https://geotracker.waterboards.ca.gov/profile_report?global_id=T10000012762","suspected_source_link":"https://geotracker.waterboards.ca.gov/map/pfas_map","pfas_testing_link":"https://geotracker.waterboards.ca.gov/map/pfas_map","site_ref_link":null,"state_ref_link":"https://drive.google.com/drive/u/0/folders/1DWXhXwl1j4L5eKUdO88JdnrMTynHHza5","ObjectId":1509}},{"type":"Feature","id":1522,"geometry":{"type":"Point","coordinates":[-122.410985,40.571324]},"properties":{"site_name":"City Of Redding Benton Class III Landfill","other_site_names":null,"state":"California","industry":"Landfill","matrix_type":"Groundwater","matrix":"Groundwater","year":2020,"pfoa":"190","pfos":"49","total_pfas":801,"pfas_level":801,"notes":null,"regulation_gvt_link":null,"resources_link":"https://geotracker.waterboards.ca.gov/profile_report?global_id=L10008990142","suspected_source_link":"https://geotracker.waterboards.ca.gov/map/pfas_map","pfas_testing_link":"https://geotracker.waterboards.ca.gov/map/pfas_map","site_ref_link":null,"state_ref_link":"https://drive.google.com/drive/u/0/folders/1DWXhXwl1j4L5eKUdO88JdnrMTynHHza5","ObjectId":1522}},{"type":"Feature","id":1529,"geometry":{"type":"Point","coordinates":[-121.326677,36.823737]},"properties":{"site_name":"John Smith Road Class III Landfill","other_site_names":null,"state":"California","industry":"Landfill","matrix_type":"Groundwater","matrix":"Groundwater","year":2020,"pfoa":"110","pfos":null,"total_pfas":913,"pfas_level":913,"notes":null,"regulation_gvt_link":null,"resources_link":"https://geotracker.waterboards.ca.gov/profile_report?global_id=L10008478954","suspected_source_link":"https://geotracker.waterboards.ca.gov/map/pfas_map","pfas_testing_link":"https://geotracker.waterboards.ca.gov/map/pfas_map","site_ref_link":null,"state_ref_link":"https://drive.google.com/drive/u/0/folders/1DWXhXwl1j4L5eKUdO88JdnrMTynHHza5","ObjectId":1529}},{"type":"Feature","id":1531,"geometry":{"type":"Point","coordinates":[-120.598291,35.18723]},"properties":{"site_name":"Cold Canyon Landfill Inc.","other_site_names":null,"state":"California","industry":"Landfill","matrix_type":"Groundwater","matrix":"Groundwater","year":2020,"pfoa":null,"pfos":null,"total_pfas":974,"pfas_level":974,"notes":null,"regulation_gvt_link":null,"resources_link":"https://geotracker.waterboards.ca.gov/profile_report?global_id=L10009479187","suspected_source_link":"https://geotracker.waterboards.ca.gov/map/pfas_map","pfas_testing_link":"https://geotracker.waterboards.ca.gov/map/pfas_map","site_ref_link":null,"state_ref_link":"https://drive.google.com/drive/u/0/folders/1DWXhXwl1j4L5eKUdO88JdnrMTynHHza5","ObjectId":1531}},{"type":"Feature","id":1543,"geometry":{"type":"Point","coordinates":[-121.724762,37.755392]},"properties":{"site_name":"Vasco Rd Sanitary Landfill","other_site_names":null,"state":"California","industry":"Landfill","matrix_type":"Groundwater","matrix":"Groundwater","year":2020,"pfoa":"190","pfos":"91","total_pfas":1278,"pfas_level":1278,"notes":null,"regulation_gvt_link":null,"resources_link":null,"suspected_source_link":"https://geotracker.waterboards.ca.gov/map/pfas_map","pfas_testing_link":"https://geotracker.waterboards.ca.gov/map/pfas_map","site_ref_link":null,"state_ref_link":"https://drive.google.com/drive/u/0/folders/1DWXhXwl1j4L5eKUdO88JdnrMTynHHza5","ObjectId":1543}},{"type":"Feature","id":1545,"geometry":{"type":"Point","coordinates":[-122.15258,37.642716]},"properties":{"site_name":"West Winton Landfill","other_site_names":null,"state":"California","industry":"Landfill","matrix_type":"Groundwater","matrix":"Groundwater","year":2020,"pfoa":"88","pfos":"32","total_pfas":1343,"pfas_level":1343,"notes":null,"regulation_gvt_link":null,"resources_link":null,"suspected_source_link":"https://geotracker.waterboards.ca.gov/map/pfas_map","pfas_testing_link":"https://geotracker.waterboards.ca.gov/map/pfas_map","site_ref_link":null,"state_ref_link":"https://drive.google.com/drive/u/0/folders/1DWXhXwl1j4L5eKUdO88JdnrMTynHHza5","ObjectId":1545}},{"type":"Feature","id":1548,"geometry":{"type":"Point","coordinates":[-121.83563,38.310463]},"properties":{"site_name":"Recology Hay Road (Formerly Norcal Waste-Hay Road Landfill;  Formerly B&J Landfill)","other_site_names":null,"state":"California","industry":"Landfill","matrix_type":"Groundwater","matrix":"Groundwater","year":2020,"pfoa":"384","pfos":null,"total_pfas":1618,"pfas_level":1618,"notes":null,"regulation_gvt_link":null,"resources_link":"https://geotracker.waterboards.ca.gov/profile_report?global_id=L10007011530","suspected_source_link":"https://geotracker.waterboards.ca.gov/map/pfas_map","pfas_testing_link":"https://geotracker.waterboards.ca.gov/map/pfas_map","site_ref_link":null,"state_ref_link":"https://drive.google.com/drive/u/0/folders/1DWXhXwl1j4L5eKUdO88JdnrMTynHHza5","ObjectId":1548}},{"type":"Feature","id":1552,"geometry":{"type":"Point","coordinates":[-117.60853,34.05189]},"properties":{"site_name":"Ontario International Airport","other_site_names":"Ontario Air National Guard Station","state":"California","industry":"Airport","matrix_type":"Groundwater","matrix":"Groundwater","year":2020,"pfoa":"48","pfos":null,"total_pfas":1802,"pfas_level":1802,"notes":"AFFF","regulation_gvt_link":null,"resources_link":"https://geotracker.waterboards.ca.gov/profile_report?global_id=T10000012861","suspected_source_link":"https://geotracker.waterboards.ca.gov/map/pfas_map#","pfas_testing_link":"https://documents.geotracker.waterboards.ca.gov/esi/uploads/geo_report/9784892201/T10000012861.PDF","site_ref_link":"https://drive.google.com/drive/u/0/folders/1GoyjDOmjveFX-UvdhvvukRcued_9RYTt","state_ref_link":"https://drive.google.com/drive/u/1/folders/1DWXhXwl1j4L5eKUdO88JdnrMTynHHza7","ObjectId":1552}},{"type":"Feature","id":1555,"geometry":{"type":"Point","coordinates":[-117.538623,33.863283]},"properties":{"site_name":"Corona Sanitary Landfill","other_site_names":null,"state":"California","industry":"Landfill","matrix_type":"Groundwater","matrix":"Groundwater","year":2020,"pfoa":"200","pfos":"34","total_pfas":2072,"pfas_level":2072,"notes":null,"regulation_gvt_link":null,"resources_link":"https://geotracker.waterboards.ca.gov/profile_report?global_id=L10005490322&mytab=esidata#esidata","suspected_source_link":"https://geotracker.waterboards.ca.gov/map/pfas_map#","pfas_testing_link":"https://documents.geotracker.waterboards.ca.gov/esi/uploads/geo_report/8775692284/L10005490322.PDF","site_ref_link":"https://drive.google.com/drive/u/0/folders/1zlmAmlzh4VtXpAQgGEggTcp0kW0SoDzA","state_ref_link":"https://drive.google.com/drive/u/1/folders/1DWXhXwl1j4L5eKUdO88JdnrMTynHHza5","ObjectId":1555}},{"type":"Feature","id":1558,"geometry":{"type":"Point","coordinates":[-118.841805,37.627262]},"properties":{"site_name":"Mammoth Yosemite Airport","other_site_names":null,"state":"California","industry":"Airport","matrix_type":"Groundwater","matrix":"Groundwater","year":2020,"pfoa":"27","pfos":"16","total_pfas":2352,"pfas_level":2352,"notes":"AFFF","regulation_gvt_link":null,"resources_link":"https://geotracker.waterboards.ca.gov/profile_report?global_id=T10000012789","suspected_source_link":"https://geotracker.waterboards.ca.gov/map/pfas_map#","pfas_testing_link":"https://documents.geotracker.waterboards.ca.gov/esi/uploads/geo_report/9551901042/T10000012789.PDF","site_ref_link":"https://drive.google.com/drive/u/0/folders/1s3s2ylUo943bp2qpJgenfHSQdXzcs6xE","state_ref_link":"https://drive.google.com/drive/u/1/folders/1DWXhXwl1j4L5eKUdO88JdnrMTynHHza14","ObjectId":1558}},{"type":"Feature","id":1561,"geometry":{"type":"Point","coordinates":[-117.262337,34.590503]},"properties":{"site_name":"Victorville Class III Landfill","other_site_names":null,"state":"California","industry":"Landfill","matrix_type":"Groundwater","matrix":"Groundwater","year":2020,"pfoa":"160","pfos":"3","total_pfas":2761,"pfas_level":2761,"notes":null,"regulation_gvt_link":null,"resources_link":null,"suspected_source_link":"https://geotracker.waterboards.ca.gov/map/pfas_map","pfas_testing_link":"https://geotracker.waterboards.ca.gov/map/pfas_map","site_ref_link":null,"state_ref_link":"https://drive.google.com/drive/u/0/folders/1DWXhXwl1j4L5eKUdO88JdnrMTynHHza5","ObjectId":1561}},{"type":"Feature","id":1580,"geometry":{"type":"Point","coordinates":[-122.381605,37.971166]},"properties":{"site_name":"West Contra Costa Landfill","other_site_names":null,"state":"California","industry":"Landfill","matrix_type":"Groundwater","matrix":"Groundwater","year":2020,"pfoa":"1,600","pfos":"360","total_pfas":6042,"pfas_level":6042,"notes":null,"regulation_gvt_link":null,"resources_link":null,"suspected_source_link":"https://geotracker.waterboards.ca.gov/map/pfas_map","pfas_testing_link":"https://geotracker.waterboards.ca.gov/map/pfas_map","site_ref_link":null,"state_ref_link":"https://drive.google.com/drive/u/0/folders/1DWXhXwl1j4L5eKUdO88JdnrMTynHHza5","ObjectId":1580}},{"type":"Feature","id":1582,"geometry":{"type":"Point","coordinates":[-121.77044,36.713798]},"properties":{"site_name":"Monterey Peninsula Class III Landfill","other_site_names":null,"state":"California","industry":"Landfill","matrix_type":"Groundwater","matrix":"Groundwater","year":2020,"pfoa":"1,400","pfos":null,"total_pfas":6176,"pfas_level":6176,"notes":null,"regulation_gvt_link":null,"resources_link":"https://geotracker.waterboards.ca.gov/profile_report?global_id=L10005501051","suspected_source_link":"https://geotracker.waterboards.ca.gov/map/pfas_map","pfas_testing_link":"https://geotracker.waterboards.ca.gov/map/pfas_map","site_ref_link":null,"state_ref_link":"https://drive.google.com/drive/u/0/folders/1DWXhXwl1j4L5eKUdO88JdnrMTynHHza5","ObjectId":1582}},{"type":"Feature","id":1586,"geometry":{"type":"Point","coordinates":[-120.642013,35.237564]},"properties":{"site_name":"San Luis County Regional Airport","other_site_names":null,"state":"California","industry":"Airport","matrix_type":"Groundwater","matrix":"Groundwater","year":2020,"pfoa":"290","pfos":"610","total_pfas":8232,"pfas_level":8232,"notes":"AFFF","regulation_gvt_link":null,"resources_link":"https://geotracker.waterboards.ca.gov/profile_report?global_id=T10000012768","suspected_source_link":"https://geotracker.waterboards.ca.gov/map/pfas_map#","pfas_testing_link":"https://documents.geotracker.waterboards.ca.gov/regulators/deliverable_documents/7633374869/2020_1009-PFAS%20Investigation%20Report.pdf","site_ref_link":"https://drive.google.com/drive/u/0/folders/15W7ykMtvSNnHXhvwcuyAzLTJHu421_Td","state_ref_link":"https://drive.google.com/drive/u/1/folders/1DWXhXwl1j4L5eKUdO88JdnrMTynHHza12","ObjectId":1586}},{"type":"Feature","id":1587,"geometry":{"type":"Point","coordinates":[-122.29967,40.50581]},"properties":{"site_name":"Redding Municipal Airport","other_site_names":null,"state":"California","industry":"Airport","matrix_type":"Groundwater","matrix":"Groundwater","year":2020,"pfoa":"820","pfos":"5,000","total_pfas":11201,"pfas_level":11201,"notes":"AFFF","regulation_gvt_link":null,"resources_link":"https://geotracker.waterboards.ca.gov/profile_report?global_id=T10000012779","suspected_source_link":"https://geotracker.waterboards.ca.gov/map/pfas_map#","pfas_testing_link":"https://documents.geotracker.waterboards.ca.gov/esi/uploads/geo_report/4898400366/T10000012779.PDF","site_ref_link":"https://drive.google.com/drive/u/0/folders/1__tLB0rRylIFlxexvj0E68OKNV-BGPQT","state_ref_link":"https://drive.google.com/drive/u/1/folders/1DWXhXwl1j4L5eKUdO88JdnrMTynHHza21","ObjectId":1587}},{"type":"Feature","id":1589,"geometry":{"type":"Point","coordinates":[-120.934634,38.035311]},"properties":{"site_name":"Foothill Sanitary Landfill","other_site_names":null,"state":"California","industry":"Landfill","matrix_type":"Groundwater","matrix":"Groundwater","year":2020,"pfoa":"1,100","pfos":"56","total_pfas":12055,"pfas_level":12055,"notes":null,"regulation_gvt_link":null,"resources_link":"https://geotracker.waterboards.ca.gov/profile_report?global_id=L10003929056","suspected_source_link":"https://geotracker.waterboards.ca.gov/map/pfas_map","pfas_testing_link":"https://geotracker.waterboards.ca.gov/map/pfas_map","site_ref_link":null,"state_ref_link":"https://drive.google.com/drive/u/0/folders/1DWXhXwl1j4L5eKUdO88JdnrMTynHHza5","ObjectId":1589}},{"type":"Feature","id":1591,"geometry":{"type":"Point","coordinates":[-122,38.049444]},"properties":{"site_name":"CONCORD NAVAL WEAPONS STATION","other_site_names":null,"state":"California","industry":"Military","matrix_type":"Groundwater","matrix":"Groundwater","year":2020,"pfoa":"2,100","pfos":"11,000","total_pfas":14400,"pfas_level":14400,"notes":null,"regulation_gvt_link":"https://cumulis.epa.gov/supercpad/SiteProfiles/index.cfm?fuseaction=second.Cleanup&id=0902778#bkground","resources_link":"https://cumulis.epa.gov/supercpad/SiteProfiles/index.cfm?fuseaction=second.Cleanup&id=0902778#bkground","suspected_source_link":"https://aec.army.mil/Portals/115/PFAS/MOTCO_PASI.pdf?ver=fLqulBmlj04xyKJQw-VNRA%3D%3D","pfas_testing_link":"April 2022 - Final Preliminary Assessment And Site Inspection Of PER- AND POLYFLUOROALKYL Substances - Military Ocean Terminal Concord, California.pdf","site_ref_link":"Contra Costa County, CA - Concord Naval Weapons Station - Superfund Site","state_ref_link":"CA","ObjectId":1591}},{"type":"Feature","id":1597,"geometry":{"type":"Point","coordinates":[-121.85028,36.5873]},"properties":{"site_name":"Monterey Regional Airport","other_site_names":null,"state":"California","industry":"Airport","matrix_type":"Groundwater","matrix":"Groundwater","year":2020,"pfoa":"12,700","pfos":"133","total_pfas":18204,"pfas_level":18204,"notes":"AFFF","regulation_gvt_link":null,"resources_link":"https://geotracker.waterboards.ca.gov/profile_report?global_id=T10000012767","suspected_source_link":"https://geotracker.waterboards.ca.gov/map/pfas_map#","pfas_testing_link":"https://documents.geotracker.waterboards.ca.gov/esi/uploads/geo_report/5538216650/T10000012767.PDF","site_ref_link":"https://drive.google.com/drive/u/0/folders/1D8ReQ911rZ8o9zDi2jzywsq1EbL2PIPF","state_ref_link":"https://drive.google.com/drive/u/1/folders/1DWXhXwl1j4L5eKUdO88JdnrMTynHHza13","ObjectId":1597}},{"type":"Feature","id":1631,"geometry":{"type":"Point","coordinates":[-118.195651,34.155856]},"properties":{"site_name":"Scholl Canyon Landfill","other_site_names":null,"state":"California","industry":"Landfill","matrix_type":"Groundwater","matrix":"Groundwater","year":2019,"pfoa":"220","pfos":"75","total_pfas":4415,"pfas_level":4415,"notes":null,"regulation_gvt_link":null,"resources_link":null,"suspected_source_link":"https://geotracker.waterboards.ca.gov/map/pfas_map","pfas_testing_link":"https://geotracker.waterboards.ca.gov/map/pfas_map","site_ref_link":null,"state_ref_link":"https://drive.google.com/drive/u/0/folders/1DWXhXwl1j4L5eKUdO88JdnrMTynHHza5","ObjectId":1631}},{"type":"Feature","id":1632,"geometry":{"type":"Point","coordinates":[-121.980081,37.418038]},"properties":{"site_name":"Highway 237 Landfill","other_site_names":null,"state":"California","industry":"Landfill","matrix_type":"Groundwater","matrix":"Groundwater","year":2019,"pfoa":"530","pfos":"38","total_pfas":4472,"pfas_level":4472,"notes":null,"regulation_gvt_link":null,"resources_link":"https://geotracker.waterboards.ca.gov/profile_report?global_id=L10005750092","suspected_source_link":"https://geotracker.waterboards.ca.gov/map/pfas_map","pfas_testing_link":"https://geotracker.waterboards.ca.gov/map/pfas_map","site_ref_link":null,"state_ref_link":"https://drive.google.com/drive/u/0/folders/1DWXhXwl1j4L5eKUdO88JdnrMTynHHza5","ObjectId":1632}},{"type":"Feature","id":1650,"geometry":{"type":"Point","coordinates":[-117.739105,35.601765]},"properties":{"site_name":"Ridgecrest/Inyokern Landfill","other_site_names":null,"state":"California","industry":"Landfill","matrix_type":"Groundwater","matrix":"Groundwater","year":2019,"pfoa":"7","pfos":null,"total_pfas":7352,"pfas_level":7352,"notes":null,"regulation_gvt_link":null,"resources_link":"https://geotracker.waterboards.ca.gov/profile_report?global_id=L10005485793","suspected_source_link":"https://geotracker.waterboards.ca.gov/map/pfas_map","pfas_testing_link":"https://geotracker.waterboards.ca.gov/map/pfas_map","site_ref_link":null,"state_ref_link":"https://drive.google.com/drive/u/0/folders/1DWXhXwl1j4L5eKUdO88JdnrMTynHHza5","ObjectId":1650}},{"type":"Feature","id":1656,"geometry":{"type":"Point","coordinates":[-121.730447,39.675815]},"properties":{"site_name":"Neal Rd Class III Landfill","other_site_names":null,"state":"California","industry":"Landfill","matrix_type":"Groundwater","matrix":"Groundwater","year":2019,"pfoa":"1,100","pfos":"160","total_pfas":8817,"pfas_level":8817,"notes":null,"regulation_gvt_link":null,"resources_link":"https://geotracker.waterboards.ca.gov/profile_report?global_id=L10004555712","suspected_source_link":"https://geotracker.waterboards.ca.gov/map/pfas_map","pfas_testing_link":"https://geotracker.waterboards.ca.gov/map/pfas_map","site_ref_link":null,"state_ref_link":"https://drive.google.com/drive/u/0/folders/1DWXhXwl1j4L5eKUdO88JdnrMTynHHza5","ObjectId":1656}},{"type":"Feature","id":1657,"geometry":{"type":"Point","coordinates":[-120.11648,36.008858]},"properties":{"site_name":"Avenal Solid Waste Disposal Service","other_site_names":null,"state":"California","industry":"Landfill","matrix_type":"Groundwater","matrix":"Groundwater","year":2019,"pfoa":"1,700","pfos":null,"total_pfas":8983,"pfas_level":8983,"notes":null,"regulation_gvt_link":null,"resources_link":"https://www.waterboards.ca.gov/pfas/","suspected_source_link":"https://geotracker.waterboards.ca.gov/map/pfas_map","pfas_testing_link":"https://geotracker.waterboards.ca.gov/map/pfas_map","site_ref_link":null,"state_ref_link":"https://drive.google.com/drive/u/0/folders/1DWXhXwl1j4L5eKUdO88JdnrMTynHHza5","ObjectId":1657}},{"type":"Feature","id":1663,"geometry":{"type":"Point","coordinates":[-116.627925,33.538476]},"properties":{"site_name":"Anza Sanitary Landfill","other_site_names":null,"state":"California","industry":"Landfill","matrix_type":"Groundwater","matrix":"Groundwater","year":2019,"pfoa":"140","pfos":null,"total_pfas":10075,"pfas_level":10075,"notes":null,"regulation_gvt_link":null,"resources_link":"https://geotracker.waterboards.ca.gov/profile_report?global_id=L10005246107","suspected_source_link":"https://geotracker.waterboards.ca.gov/map/pfas_map","pfas_testing_link":"https://geotracker.waterboards.ca.gov/map/pfas_map","site_ref_link":null,"state_ref_link":"https://drive.google.com/drive/u/0/folders/1DWXhXwl1j4L5eKUdO88JdnrMTynHHza5","ObjectId":1663}},{"type":"Feature","id":1671,"geometry":{"type":"Point","coordinates":[-122.378955,37.621313]},"properties":{"site_name":"San Francisco International Airport","other_site_names":null,"state":"California","industry":"Airport","matrix_type":"Groundwater","matrix":"Groundwater","year":2019,"pfoa":"226","pfos":"1,370","total_pfas":12070,"pfas_level":12070,"notes":"AFFF","regulation_gvt_link":null,"resources_link":"https://geotracker.waterboards.ca.gov/profile_report?global_id=T10000012790","suspected_source_link":"https://geotracker.waterboards.ca.gov/map/pfas_map#","pfas_testing_link":"https://documents.geotracker.waterboards.ca.gov/esi/uploads/geo_report/5173006534/T10000012790.PDF","site_ref_link":"https://drive.google.com/drive/u/0/folders/1RlbwSkJAL-u8xgcYD-6I8HHvzmg5Wqmh","state_ref_link":"https://drive.google.com/drive/u/1/folders/1DWXhXwl1j4L5eKUdO88JdnrMTynHHza16","ObjectId":1671}},{"type":"Feature","id":1679,"geometry":{"type":"Point","coordinates":[-116.864005,33.083729]},"properties":{"site_name":"Ramona Sanitary Landfill","other_site_names":null,"state":"California","industry":"Landfill","matrix_type":"Groundwater","matrix":"Groundwater","year":2019,"pfoa":"680","pfos":"9","total_pfas":16486,"pfas_level":16486,"notes":null,"regulation_gvt_link":null,"resources_link":"https://geotracker.waterboards.ca.gov/profile_report?global_id=L10002513368&mytab=esidata#esidata","suspected_source_link":"https://geotracker.waterboards.ca.gov/map/pfas_map#","pfas_testing_link":"https://geotracker.waterboards.ca.gov/profile_report?cmd=mwreport&rptype=det&global_id=L10002513368&con_num=2941677391&orderby=sampid","site_ref_link":null,"state_ref_link":"https://drive.google.com/drive/u/1/folders/1DWXhXwl1j4L5eKUdO88JdnrMTynHHza5","ObjectId":1679}},{"type":"Feature","id":1699,"geometry":{"type":"Point","coordinates":[-121.928938,37.363947]},"properties":{"site_name":"San Jose International Airport","other_site_names":null,"state":"California","industry":"Airport","matrix_type":"Groundwater","matrix":"Groundwater","year":2019,"pfoa":"585","pfos":"2,190","total_pfas":35053,"pfas_level":35053,"notes":"AFFF","regulation_gvt_link":null,"resources_link":"https://geotracker.waterboards.ca.gov/profile_report?global_id=T10000012766","suspected_source_link":"https://geotracker.waterboards.ca.gov/map/pfas_map#","pfas_testing_link":"https://documents.geotracker.waterboards.ca.gov/esi/uploads/geo_report/2174231410/T10000012766.PDF","site_ref_link":"https://drive.google.com/drive/u/0/folders/1QTqXxuEWdt0SPd0I5SfAvlrzC7hPAnBn","state_ref_link":"https://drive.google.com/drive/u/1/folders/1DWXhXwl1j4L5eKUdO88JdnrMTynHHza15","ObjectId":1699}},{"type":"Feature","id":1705,"geometry":{"type":"Point","coordinates":[-118.3514,34.19]},"properties":{"site_name":"San Fernando Valley (Area 1)","other_site_names":"Burbank Operable Unit","state":"California","industry":"Industry","matrix_type":"Groundwater","matrix":"Groundwater","year":2025,"pfoa":"4","pfos":"5","total_pfas":null,"pfas_level":9,"notes":null,"regulation_gvt_link":"https://cumulis.epa.gov/supercpad/cursites/csitinfo.cfm?id=0902251","resources_link":null,"suspected_source_link":null,"pfas_testing_link":"https://drive.google.com/file/d/1LRJCQQ9I2zOjV68WTAgKxC6bVp6ePn8n/view?usp=drive_link","site_ref_link":"Los Angeles County, CA - San Fernando Valley (Area 1) - Superfund Site","state_ref_link":"CA","ObjectId":1705}},{"type":"Feature","id":1719,"geometry":{"type":"Point","coordinates":[-121.70575,37.687252]},"properties":{"site_name":"Lawrence Livermore National Laboratory ","other_site_names":null,"state":"California","industry":"Industry","matrix_type":"Groundwater","matrix":"Groundwater","year":null,"pfoa":"3","pfos":null,"total_pfas":null,"pfas_level":3,"notes":null,"regulation_gvt_link":null,"resources_link":null,"suspected_source_link":"https://www.energy.gov/pfas/articles/initial-assessment-and-polyfluoroalkyl-substances-department-energy-sites","pfas_testing_link":"https://drive.google.com/file/d/1jXzeApFi1dBi8A62l41mruFnS1AbC52s/view?usp=share_link","site_ref_link":"https://drive.google.com/drive/folders/18YEN0QPECIXTsc_8IltdknQCKABG7Clt?usp=share_link","state_ref_link":"https://drive.google.com/drive/folders/1LjTpwbK-3NAN9N4FbuE_60aKPwgvhp8_?usp=share_link","ObjectId":1719}},{"type":"Feature","id":1834,"geometry":{"type":"Point","coordinates":[-119.110471,34.13921]},"properties":{"site_name":"Channel Islands","other_site_names":null,"state":"California","industry":"Military","matrix_type":"Solid","matrix":"Soil","year":2021,"pfoa":"770","pfos":"24,000","total_pfas":25060,"pfas_level":25060,"notes":null,"regulation_gvt_link":"ar.afcec-cloud.af.mil","resources_link":null,"suspected_source_link":null,"pfas_testing_link":"https://drive.google.com/drive/folders/1fjjbGhhSecQUbWUyCXuBPqanZwiOQ9NI","site_ref_link":"https://drive.google.com/drive/folders/1fjjbGhhSecQUbWUyCXuBPqanZwiOQ9NI","state_ref_link":null,"ObjectId":1834}},{"type":"Feature","id":1860,"geometry":{"type":"Point","coordinates":[-120.9181,37.71695]},"properties":{"site_name":"RIVERBANK ARMY AMMUNITION PLANT","other_site_names":null,"state":"California","industry":"Military","matrix_type":"Groundwater","matrix":"Groundwater","year":2022,"pfoa":"18","pfos":"10","total_pfas":18,"pfas_level":18,"notes":null,"regulation_gvt_link":"https://cumulis.epa.gov/supercpad/SiteProfiles/index.cfm?fuseaction=second.scs&id=0902785&doc=Y&colid=42508&region=09&type=SC","resources_link":"https://aec.army.mil/PFAS/CA/RBAAP/","suspected_source_link":"https://aec.army.mil/Portals/115/PFAS/Riverbank_AAP_PFAS_SI.pdf?ver=vTxZU0UWdCBNMGwLJcgZfw%3d%3d","pfas_testing_link":"Riverbank Army Ammunition Plant, PFAS Site Inspetion Report 2023.pdf","site_ref_link":"Stanislaus County, CA - Riverbank Army Ammunition Plant","state_ref_link":"CA","ObjectId":1860}},{"type":"Feature","id":1904,"geometry":{"type":"Point","coordinates":[-116.434748,33.882016]},"properties":{"site_name":"Edom Hill Class III Waste Management Facility 01-141","other_site_names":null,"state":"California","industry":"Landfill","matrix_type":"Groundwater","matrix":"Groundwater","year":2019,"pfoa":"14","pfos":null,"total_pfas":520,"pfas_level":520,"notes":null,"regulation_gvt_link":null,"resources_link":"https://www.waterboards.ca.gov/pfas/","suspected_source_link":"https://geotracker.waterboards.ca.gov/map/pfas_map","pfas_testing_link":"https://geotracker.waterboards.ca.gov/map/pfas_map","site_ref_link":null,"state_ref_link":"https://drive.google.com/drive/u/0/folders/1DWXhXwl1j4L5eKUdO88JdnrMTynHHza5","ObjectId":1904}},{"type":"Feature","id":1907,"geometry":{"type":"Point","coordinates":[-121.822393,36.656968]},"properties":{"site_name":"Fort Ord","other_site_names":null,"state":"California","industry":"Military","matrix_type":"Groundwater","matrix":"Groundwater","year":2019,"pfoa":"8","pfos":"447","total_pfas":null,"pfas_level":560,"notes":"AFFF used at Fort Ord","regulation_gvt_link":"https://www.waterboards.ca.gov/pfas/military.html","resources_link":"N/A","suspected_source_link":"https://drive.google.com/file/d/1EUMAiROzk8OxvPAWubv0xGGH9zI6mw4d/view?usp=drive_link ","pfas_testing_link":"https://geotracker.waterboards.ca.gov/map/pfas_map","site_ref_link":"https://drive.google.com/drive/folders/1UCq5sQikueU_obeFAEXqGWfmeP8sWNyV","state_ref_link":"https://drive.google.com/drive/u/1/folders/1DWXhXwl1j4L5eKUdO88JdnrMTynHHza5","ObjectId":1907}},{"type":"Feature","id":1910,"geometry":{"type":"Point","coordinates":[-122.410995,37.491029]},"properties":{"site_name":"Ox Mountain (Corinda Los Trancos) Landfill","other_site_names":null,"state":"California","industry":"Landfill","matrix_type":"Groundwater","matrix":"Groundwater","year":2019,"pfoa":"33","pfos":"7","total_pfas":593,"pfas_level":593,"notes":null,"regulation_gvt_link":null,"resources_link":"https://geotracker.waterboards.ca.gov/profile_report?global_id=L10001461904","suspected_source_link":"https://geotracker.waterboards.ca.gov/map/pfas_map","pfas_testing_link":"https://geotracker.waterboards.ca.gov/map/pfas_map","site_ref_link":null,"state_ref_link":"https://drive.google.com/drive/u/0/folders/1DWXhXwl1j4L5eKUdO88JdnrMTynHHza5","ObjectId":1910}},{"type":"Feature","id":1911,"geometry":{"type":"Point","coordinates":[-120.841636,38.034788]},"properties":{"site_name":"Rock Creek Landfill","other_site_names":null,"state":"California","industry":"Landfill","matrix_type":"Groundwater","matrix":"Groundwater","year":2019,"pfoa":"32","pfos":null,"total_pfas":598,"pfas_level":598,"notes":null,"regulation_gvt_link":null,"resources_link":"https://geotracker.waterboards.ca.gov/profile_report?global_id=L10001327064","suspected_source_link":"https://geotracker.waterboards.ca.gov/map/pfas_map","pfas_testing_link":"https://geotracker.waterboards.ca.gov/map/pfas_map","site_ref_link":null,"state_ref_link":"https://drive.google.com/drive/u/0/folders/1DWXhXwl1j4L5eKUdO88JdnrMTynHHza5","ObjectId":1911}},{"type":"Feature","id":1914,"geometry":{"type":"Point","coordinates":[-121.46975,38.58505]},"properties":{"site_name":"Dellar Landfill","other_site_names":null,"state":"California","industry":"Landfill","matrix_type":"Groundwater","matrix":"Groundwater","year":2019,"pfoa":"120","pfos":"87","total_pfas":606,"pfas_level":606,"notes":null,"regulation_gvt_link":null,"resources_link":"https://geotracker.waterboards.ca.gov/profile_report?global_id=T10000007791","suspected_source_link":"https://geotracker.waterboards.ca.gov/map/pfas_map","pfas_testing_link":"https://geotracker.waterboards.ca.gov/map/pfas_map","site_ref_link":null,"state_ref_link":"https://drive.google.com/drive/u/0/folders/1DWXhXwl1j4L5eKUdO88JdnrMTynHHza5","ObjectId":1914}},{"type":"Feature","id":1919,"geometry":{"type":"Point","coordinates":[-121.867023,37.328089]},"properties":{"site_name":"Story Road Landfill","other_site_names":null,"state":"California","industry":"Landfill","matrix_type":"Groundwater","matrix":"Groundwater","year":2019,"pfoa":"140","pfos":"110","total_pfas":660,"pfas_level":660,"notes":null,"regulation_gvt_link":null,"resources_link":"https://geotracker.waterboards.ca.gov/profile_report?global_id=L10001577696","suspected_source_link":"https://geotracker.waterboards.ca.gov/map/pfas_map","pfas_testing_link":"https://geotracker.waterboards.ca.gov/map/pfas_map","site_ref_link":null,"state_ref_link":"https://drive.google.com/drive/u/0/folders/1DWXhXwl1j4L5eKUdO88JdnrMTynHHza5","ObjectId":1919}},{"type":"Feature","id":1925,"geometry":{"type":"Point","coordinates":[-122.39667,40.67]},"properties":{"site_name":"Buckeye Landfill","other_site_names":null,"state":"California","industry":"Landfill","matrix_type":"Groundwater","matrix":"Groundwater","year":2019,"pfoa":"280","pfos":"180","total_pfas":764,"pfas_level":764,"notes":"Superfund site: https://cumulis.epa.gov/supercpad/SiteProfiles/index.cfm?fuseaction=second.docdata&id=0504544","regulation_gvt_link":null,"resources_link":"https://geotracker.waterboards.ca.gov/profile_report?global_id=L10008268744","suspected_source_link":"https://geotracker.waterboards.ca.gov/map/pfas_map","pfas_testing_link":"https://geotracker.waterboards.ca.gov/map/pfas_map","site_ref_link":null,"state_ref_link":"https://drive.google.com/drive/u/0/folders/1DWXhXwl1j4L5eKUdO88JdnrMTynHHza5","ObjectId":1925}},{"type":"Feature","id":1929,"geometry":{"type":"Point","coordinates":[-116.943629,32.732703]},"properties":{"site_name":"Jamacha Sanitary Landfill","other_site_names":null,"state":"California","industry":"Landfill","matrix_type":"Groundwater","matrix":"Groundwater","year":2019,"pfoa":"110","pfos":"58","total_pfas":818,"pfas_level":818,"notes":null,"regulation_gvt_link":null,"resources_link":"https://geotracker.waterboards.ca.gov/profile_report?global_id=L10004933936&mytab=esidata#esidata","suspected_source_link":"https://geotracker.waterboards.ca.gov/map/pfas_map#","pfas_testing_link":"https://geotracker.waterboards.ca.gov/profile_report?cmd=mwreport&global_id=L10004933936&con_num=1821158289","site_ref_link":null,"state_ref_link":"https://drive.google.com/drive/u/1/folders/1DWXhXwl1j4L5eKUdO88JdnrMTynHHza5","ObjectId":1929}},{"type":"Feature","id":1942,"geometry":{"type":"Point","coordinates":[-121.141229,41.130473]},"properties":{"site_name":"Bieber Class III Landfill","other_site_names":null,"state":"California","industry":"Landfill","matrix_type":"Groundwater","matrix":"Groundwater","year":2019,"pfoa":"420","pfos":null,"total_pfas":986,"pfas_level":986,"notes":null,"regulation_gvt_link":null,"resources_link":"https://geotracker.waterboards.ca.gov/profile_report?global_id=L10005078943","suspected_source_link":"https://geotracker.waterboards.ca.gov/map/pfas_map","pfas_testing_link":"https://geotracker.waterboards.ca.gov/map/pfas_map","site_ref_link":null,"state_ref_link":"https://drive.google.com/drive/u/0/folders/1DWXhXwl1j4L5eKUdO88JdnrMTynHHza5","ObjectId":1942}},{"type":"Feature","id":1943,"geometry":{"type":"Point","coordinates":[-122.1058,36.9768]},"properties":{"site_name":"Santa Cruz Class III Landfill","other_site_names":null,"state":"California","industry":"Landfill","matrix_type":"Groundwater","matrix":"Groundwater","year":2019,"pfoa":"110","pfos":"110","total_pfas":1002,"pfas_level":1002,"notes":null,"regulation_gvt_link":null,"resources_link":"https://geotracker.waterboards.ca.gov/profile_report?global_id=L10003334990","suspected_source_link":"https://geotracker.waterboards.ca.gov/map/pfas_map","pfas_testing_link":"https://geotracker.waterboards.ca.gov/map/pfas_map","site_ref_link":null,"state_ref_link":"https://drive.google.com/drive/u/0/folders/1DWXhXwl1j4L5eKUdO88JdnrMTynHHza5","ObjectId":1943}},{"type":"Feature","id":1946,"geometry":{"type":"Point","coordinates":[-117.012185,32.601708]},"properties":{"site_name":"Otay Annex Sanitary Landfill","other_site_names":null,"state":"California","industry":"Landfill","matrix_type":"Groundwater","matrix":"Groundwater","year":2019,"pfoa":"95","pfos":"8","total_pfas":1074,"pfas_level":1074,"notes":null,"regulation_gvt_link":null,"resources_link":"https://geotracker.waterboards.ca.gov/profile_report?global_id=L10009614226","suspected_source_link":"https://geotracker.waterboards.ca.gov/map/pfas_map","pfas_testing_link":"https://geotracker.waterboards.ca.gov/map/pfas_map","site_ref_link":null,"state_ref_link":"https://drive.google.com/drive/u/0/folders/1DWXhXwl1j4L5eKUdO88JdnrMTynHHza5","ObjectId":1946}},{"type":"Feature","id":1947,"geometry":{"type":"Point","coordinates":[-118.712053,34.147549]},"properties":{"site_name":"Calabasas Landfill","other_site_names":null,"state":"California","industry":"Landfill","matrix_type":"Groundwater","matrix":"Groundwater","year":2019,"pfoa":"33","pfos":"2","total_pfas":1126,"pfas_level":1126,"notes":null,"regulation_gvt_link":null,"resources_link":"https://geotracker.waterboards.ca.gov/profile_report?global_id=L10005926913","suspected_source_link":"https://geotracker.waterboards.ca.gov/map/pfas_map","pfas_testing_link":"https://geotracker.waterboards.ca.gov/map/pfas_map","site_ref_link":null,"state_ref_link":"https://drive.google.com/drive/u/0/folders/1DWXhXwl1j4L5eKUdO88JdnrMTynHHza5","ObjectId":1947}},{"type":"Feature","id":1948,"geometry":{"type":"Point","coordinates":[-117.012741,32.605733]},"properties":{"site_name":"Otay Class 1 Landfill","other_site_names":null,"state":"California","industry":"Landfill","matrix_type":"Groundwater","matrix":"Groundwater","year":2019,"pfoa":"38","pfos":"2","total_pfas":1128,"pfas_level":1128,"notes":null,"regulation_gvt_link":null,"resources_link":"https://geotracker.waterboards.ca.gov/profile_report?global_id=L10006424767&mytab=esidata#esidata","suspected_source_link":"https://geotracker.waterboards.ca.gov/map/pfas_map#","pfas_testing_link":"https://geotracker.waterboards.ca.gov/profile_report?cmd=mwreport&global_id=L10006424767&con_num=3811937808","site_ref_link":null,"state_ref_link":"https://drive.google.com/drive/u/1/folders/1DWXhXwl1j4L5eKUdO88JdnrMTynHHza5","ObjectId":1948}},{"type":"Feature","id":1949,"geometry":{"type":"Point","coordinates":[-117.030204,32.856071]},"properties":{"site_name":"Sycamore Canyon Landfill","other_site_names":null,"state":"California","industry":"Landfill","matrix_type":"Groundwater","matrix":"Groundwater","year":2019,"pfoa":"170","pfos":"53","total_pfas":1155,"pfas_level":1155,"notes":null,"regulation_gvt_link":null,"resources_link":"https://geotracker.waterboards.ca.gov/profile_report?global_id=L10009474974&mytab=esidata#esidata","suspected_source_link":"https://geotracker.waterboards.ca.gov/map/pfas_map#","pfas_testing_link":"https://geotracker.waterboards.ca.gov/profile_report?cmd=mwreport&rptype=client&global_id=L10009474974&con_num=6453818202&orderby=sampid","site_ref_link":null,"state_ref_link":"https://drive.google.com/drive/u/1/folders/1DWXhXwl1j4L5eKUdO88JdnrMTynHHza5","ObjectId":1949}},{"type":"Feature","id":1957,"geometry":{"type":"Point","coordinates":[-122.359429,37.59007]},"properties":{"site_name":"Burlingame Landfill (Sports Complex)","other_site_names":null,"state":"California","industry":"Landfill","matrix_type":"Groundwater","matrix":"Groundwater","year":2019,"pfoa":"480","pfos":"92","total_pfas":1396,"pfas_level":1396,"notes":null,"regulation_gvt_link":null,"resources_link":"https://geotracker.waterboards.ca.gov/profile_report?global_id=L10009873781","suspected_source_link":"https://geotracker.waterboards.ca.gov/map/pfas_map","pfas_testing_link":"https://geotracker.waterboards.ca.gov/map/pfas_map","site_ref_link":null,"state_ref_link":"https://drive.google.com/drive/u/0/folders/1DWXhXwl1j4L5eKUdO88JdnrMTynHHza5","ObjectId":1957}},{"type":"Feature","id":1962,"geometry":{"type":"Point","coordinates":[-122.601741,38.95393]},"properties":{"site_name":"Eastlake Landfill","other_site_names":null,"state":"California","industry":"Landfill","matrix_type":"Groundwater","matrix":"Groundwater","year":2019,"pfoa":"240","pfos":"18","total_pfas":1493,"pfas_level":1493,"notes":null,"regulation_gvt_link":null,"resources_link":"https://geotracker.waterboards.ca.gov/profile_report?global_id=L10009540332","suspected_source_link":"https://geotracker.waterboards.ca.gov/map/pfas_map","pfas_testing_link":"https://geotracker.waterboards.ca.gov/map/pfas_map","site_ref_link":null,"state_ref_link":"https://drive.google.com/drive/u/0/folders/1DWXhXwl1j4L5eKUdO88JdnrMTynHHza5","ObjectId":1962}},{"type":"Feature","id":1963,"geometry":{"type":"Point","coordinates":[-122.396967,37.69632]},"properties":{"site_name":"Brisbane Class II Landfill","other_site_names":null,"state":"California","industry":"Landfill","matrix_type":"Groundwater","matrix":"Groundwater","year":2019,"pfoa":"130","pfos":"330","total_pfas":1568,"pfas_level":1568,"notes":null,"regulation_gvt_link":null,"resources_link":"https://geotracker.waterboards.ca.gov/profile_report?global_id=L10001853784","suspected_source_link":"https://geotracker.waterboards.ca.gov/map/pfas_map","pfas_testing_link":"https://geotracker.waterboards.ca.gov/map/pfas_map","site_ref_link":null,"state_ref_link":"https://drive.google.com/drive/u/0/folders/1DWXhXwl1j4L5eKUdO88JdnrMTynHHza5","ObjectId":1963}},{"type":"Feature","id":1966,"geometry":{"type":"Point","coordinates":[-117.928722,33.613901]},"properties":{"site_name":"Newport Plating","other_site_names":null,"state":"California","industry":"Superfund Site","matrix_type":"Groundwater","matrix":"Groundwater","year":2019,"pfoa":"170","pfos":"1,100","total_pfas":1663,"pfas_level":1663,"notes":null,"regulation_gvt_link":null,"resources_link":"https://www.waterboards.ca.gov/pfas/","suspected_source_link":"https://geotracker.waterboards.ca.gov/map/pfas_map","pfas_testing_link":"https://geotracker.waterboards.ca.gov/map/pfas_map","site_ref_link":null,"state_ref_link":"https://drive.google.com/drive/u/0/folders/1DWXhXwl1j4L5eKUdO88JdnrMTynHHza5","ObjectId":1966}},{"type":"Feature","id":1969,"geometry":{"type":"Point","coordinates":[-117.273322,33.127106]},"properties":{"site_name":"Palomar Airport Landfill","other_site_names":null,"state":"California","industry":"Landfill","matrix_type":"Groundwater","matrix":"Groundwater","year":2019,"pfoa":"110","pfos":"180","total_pfas":1807,"pfas_level":1807,"notes":null,"regulation_gvt_link":null,"resources_link":"https://geotracker.waterboards.ca.gov/profile_report?global_id=L10003501496","suspected_source_link":"https://geotracker.waterboards.ca.gov/map/pfas_map","pfas_testing_link":"https://geotracker.waterboards.ca.gov/map/pfas_map","site_ref_link":null,"state_ref_link":"https://drive.google.com/drive/u/0/folders/1DWXhXwl1j4L5eKUdO88JdnrMTynHHza5","ObjectId":1969}},{"type":"Feature","id":1970,"geometry":{"type":"Point","coordinates":[-122.745544,38.29526]},"properties":{"site_name":"Sonoma County Central Solid Waste Disposal Service","other_site_names":null,"state":"California","industry":"Landfill","matrix_type":"Groundwater","matrix":"Groundwater","year":2019,"pfoa":"260","pfos":"17","total_pfas":1831,"pfas_level":1831,"notes":null,"regulation_gvt_link":null,"resources_link":"https://www.waterboards.ca.gov/pfas/","suspected_source_link":"https://geotracker.waterboards.ca.gov/map/pfas_map","pfas_testing_link":"https://geotracker.waterboards.ca.gov/map/pfas_map","site_ref_link":null,"state_ref_link":"https://drive.google.com/drive/u/0/folders/1DWXhXwl1j4L5eKUdO88JdnrMTynHHza5","ObjectId":1970}},{"type":"Feature","id":1972,"geometry":{"type":"Point","coordinates":[-121.975733,38.22859]},"properties":{"site_name":"Solano Class III Disposal","other_site_names":null,"state":"California","industry":"Landfill","matrix_type":"Groundwater","matrix":"Groundwater","year":2019,"pfoa":"12","pfos":"13","total_pfas":1900,"pfas_level":1900,"notes":null,"regulation_gvt_link":null,"resources_link":"https://geotracker.waterboards.ca.gov/profile_report?global_id=L10005407108","suspected_source_link":"https://geotracker.waterboards.ca.gov/map/pfas_map","pfas_testing_link":"https://geotracker.waterboards.ca.gov/map/pfas_map","site_ref_link":null,"state_ref_link":"https://drive.google.com/drive/u/0/folders/1DWXhXwl1j4L5eKUdO88JdnrMTynHHza5","ObjectId":1972}},{"type":"Feature","id":1974,"geometry":{"type":"Point","coordinates":[-121.6498,37.749392]},"properties":{"site_name":"Altamont Landfill","other_site_names":"Altamont Resource Recovery","state":"California","industry":"Landfill","matrix_type":"Groundwater","matrix":"Groundwater","year":2019,"pfoa":"400","pfos":"36","total_pfas":1905,"pfas_level":1905,"notes":null,"regulation_gvt_link":null,"resources_link":"https://www.waterboards.ca.gov/pfas/","suspected_source_link":"https://geotracker.waterboards.ca.gov/map/pfas_map","pfas_testing_link":"https://geotracker.waterboards.ca.gov/map/pfas_map","site_ref_link":null,"state_ref_link":"https://drive.google.com/drive/u/0/folders/1DWXhXwl1j4L5eKUdO88JdnrMTynHHza5","ObjectId":1974}},{"type":"Feature","id":1975,"geometry":{"type":"Point","coordinates":[-122.17233,37.491958]},"properties":{"site_name":"Marsh Road Landfill","other_site_names":null,"state":"California","industry":"Landfill","matrix_type":"Groundwater","matrix":"Groundwater","year":2019,"pfoa":"360","pfos":"120","total_pfas":1907,"pfas_level":1907,"notes":null,"regulation_gvt_link":null,"resources_link":"https://geotracker.waterboards.ca.gov/profile_report?global_id=L10008021218","suspected_source_link":"https://geotracker.waterboards.ca.gov/map/pfas_map","pfas_testing_link":"https://geotracker.waterboards.ca.gov/map/pfas_map","site_ref_link":null,"state_ref_link":"https://drive.google.com/drive/u/0/folders/1DWXhXwl1j4L5eKUdO88JdnrMTynHHza5","ObjectId":1975}},{"type":"Feature","id":1976,"geometry":{"type":"Point","coordinates":[-121.384855,39.073853]},"properties":{"site_name":"Ostrom Road Landfill","other_site_names":null,"state":"California","industry":"Landfill","matrix_type":"Groundwater","matrix":"Groundwater","year":2019,"pfoa":"150","pfos":"6","total_pfas":2011,"pfas_level":2011,"notes":null,"regulation_gvt_link":null,"resources_link":"https://geotracker.waterboards.ca.gov/profile_report?global_id=L10001937128","suspected_source_link":"https://geotracker.waterboards.ca.gov/map/pfas_map","pfas_testing_link":"https://geotracker.waterboards.ca.gov/map/pfas_map","site_ref_link":null,"state_ref_link":"https://drive.google.com/drive/u/0/folders/1DWXhXwl1j4L5eKUdO88JdnrMTynHHza5","ObjectId":1976}},{"type":"Feature","id":1977,"geometry":{"type":"Point","coordinates":[-120.0102,37.50128]},"properties":{"site_name":"Mariposa County Municipal Solid Waste Landfill","other_site_names":null,"state":"California","industry":"Landfill","matrix_type":"Groundwater","matrix":"Groundwater","year":2019,"pfoa":"450","pfos":null,"total_pfas":2023,"pfas_level":2023,"notes":null,"regulation_gvt_link":null,"resources_link":"https://geotracker.waterboards.ca.gov/profile_report?global_id=L10008183603","suspected_source_link":"https://geotracker.waterboards.ca.gov/map/pfas_map","pfas_testing_link":"https://geotracker.waterboards.ca.gov/map/pfas_map","site_ref_link":null,"state_ref_link":"https://drive.google.com/drive/u/0/folders/1DWXhXwl1j4L5eKUdO88JdnrMTynHHza5","ObjectId":1977}},{"type":"Feature","id":1978,"geometry":{"type":"Point","coordinates":[-117.201842,33.137987]},"properties":{"site_name":"Bradley Park - Old Linda Vista Landfill","other_site_names":null,"state":"California","industry":"Landfill","matrix_type":"Groundwater","matrix":"Groundwater","year":2019,"pfoa":"110","pfos":"90","total_pfas":2028,"pfas_level":2028,"notes":null,"regulation_gvt_link":null,"resources_link":"https://geotracker.waterboards.ca.gov/profile_report?global_id=L10006943141","suspected_source_link":"https://geotracker.waterboards.ca.gov/map/pfas_map#","pfas_testing_link":"https://geotracker.waterboards.ca.gov/profile_report?cmd=mwreport&rptype=client&global_id=L10006943141&con_num=8853094935&orderby=sampid","site_ref_link":null,"state_ref_link":"https://drive.google.com/drive/u/1/folders/1DWXhXwl1j4L5eKUdO88JdnrMTynHHza5","ObjectId":1978}},{"type":"Feature","id":1981,"geometry":{"type":"Point","coordinates":[-119.61586,35.39896]},"properties":{"site_name":"Clean Harbors Buttonwillow,Inc","other_site_names":null,"state":"California","industry":"Landfill","matrix_type":"Groundwater","matrix":"Groundwater","year":2019,"pfoa":"120","pfos":"3","total_pfas":2077,"pfas_level":2077,"notes":null,"regulation_gvt_link":null,"resources_link":"https://www.waterboards.ca.gov/pfas/","suspected_source_link":"https://geotracker.waterboards.ca.gov/map/pfas_map","pfas_testing_link":"https://geotracker.waterboards.ca.gov/map/pfas_map","site_ref_link":null,"state_ref_link":"https://drive.google.com/drive/u/0/folders/1DWXhXwl1j4L5eKUdO88JdnrMTynHHza5","ObjectId":1981}},{"type":"Feature","id":1983,"geometry":{"type":"Point","coordinates":[-121.978126,38.211002]},"properties":{"site_name":"Potrero Hills Landfill","other_site_names":null,"state":"California","industry":"Landfill","matrix_type":"Groundwater","matrix":"Groundwater","year":2019,"pfoa":"320","pfos":null,"total_pfas":2122,"pfas_level":2122,"notes":null,"regulation_gvt_link":null,"resources_link":"https://geotracker.waterboards.ca.gov/profile_report?global_id=L10009906356","suspected_source_link":"https://geotracker.waterboards.ca.gov/map/pfas_map","pfas_testing_link":"https://geotracker.waterboards.ca.gov/map/pfas_map","site_ref_link":null,"state_ref_link":"https://drive.google.com/drive/u/0/folders/1DWXhXwl1j4L5eKUdO88JdnrMTynHHza5","ObjectId":1983}},{"type":"Feature","id":1984,"geometry":{"type":"Point","coordinates":[-118.313816,34.206782]},"properties":{"site_name":"Burbank Landfill","other_site_names":null,"state":"California","industry":"Landfill","matrix_type":"Groundwater","matrix":"Groundwater","year":2019,"pfoa":"150","pfos":null,"total_pfas":2158,"pfas_level":2158,"notes":null,"regulation_gvt_link":null,"resources_link":"https://geotracker.waterboards.ca.gov/profile_report?global_id=L10001359910","suspected_source_link":"https://geotracker.waterboards.ca.gov/map/pfas_map","pfas_testing_link":"https://geotracker.waterboards.ca.gov/map/pfas_map","site_ref_link":null,"state_ref_link":"https://drive.google.com/drive/u/0/folders/1DWXhXwl1j4L5eKUdO88JdnrMTynHHza5","ObjectId":1984}},{"type":"Feature","id":1986,"geometry":{"type":"Point","coordinates":[-120.126538,34.482394]},"properties":{"site_name":"Tajiguas Solid Waste Site","other_site_names":null,"state":"California","industry":"Landfill","matrix_type":"Groundwater","matrix":"Groundwater","year":2019,"pfoa":"250","pfos":null,"total_pfas":2222,"pfas_level":2222,"notes":null,"regulation_gvt_link":null,"resources_link":"https://geotracker.waterboards.ca.gov/profile_report?global_id=L10005252570","suspected_source_link":"https://geotracker.waterboards.ca.gov/map/pfas_map","pfas_testing_link":"https://geotracker.waterboards.ca.gov/map/pfas_map","site_ref_link":null,"state_ref_link":"https://drive.google.com/drive/u/0/folders/1DWXhXwl1j4L5eKUdO88JdnrMTynHHza5","ObjectId":1986}},{"type":"Feature","id":1988,"geometry":{"type":"Point","coordinates":[-121.97234,37.411113]},"properties":{"site_name":"Santa Clara All Purpose Landfill","other_site_names":null,"state":"California","industry":"Landfill","matrix_type":"Groundwater","matrix":"Groundwater","year":2019,"pfoa":"280","pfos":null,"total_pfas":2298,"pfas_level":2298,"notes":null,"regulation_gvt_link":null,"resources_link":"https://geotracker.waterboards.ca.gov/profile_report?global_id=L10006514573","suspected_source_link":"https://geotracker.waterboards.ca.gov/map/pfas_map","pfas_testing_link":"https://geotracker.waterboards.ca.gov/map/pfas_map","site_ref_link":null,"state_ref_link":"https://drive.google.com/drive/u/0/folders/1DWXhXwl1j4L5eKUdO88JdnrMTynHHza5","ObjectId":1988}},{"type":"Feature","id":1989,"geometry":{"type":"Point","coordinates":[-121.812354,36.917829]},"properties":{"site_name":"Watsonville Class III Landfill","other_site_names":null,"state":"California","industry":"Landfill","matrix_type":"Groundwater","matrix":"Groundwater","year":2019,"pfoa":"61","pfos":null,"total_pfas":2364,"pfas_level":2364,"notes":null,"regulation_gvt_link":null,"resources_link":null,"suspected_source_link":"https://geotracker.waterboards.ca.gov/map/pfas_map","pfas_testing_link":"https://geotracker.waterboards.ca.gov/map/pfas_map","site_ref_link":null,"state_ref_link":"https://drive.google.com/drive/u/0/folders/1DWXhXwl1j4L5eKUdO88JdnrMTynHHza5","ObjectId":1989}},{"type":"Feature","id":1994,"geometry":{"type":"Point","coordinates":[-121.943335,37.458801]},"properties":{"site_name":"Newby Island Landfill","other_site_names":null,"state":"California","industry":"Landfill","matrix_type":"Groundwater","matrix":"Groundwater","year":2019,"pfoa":"140","pfos":"29","total_pfas":2725,"pfas_level":2725,"notes":null,"regulation_gvt_link":null,"resources_link":"https://geotracker.waterboards.ca.gov/profile_report?global_id=L10002276721","suspected_source_link":"https://geotracker.waterboards.ca.gov/map/pfas_map","pfas_testing_link":"https://geotracker.waterboards.ca.gov/map/pfas_map","site_ref_link":null,"state_ref_link":"https://drive.google.com/drive/u/0/folders/1DWXhXwl1j4L5eKUdO88JdnrMTynHHza5","ObjectId":1994}},{"type":"Feature","id":2080,"geometry":{"type":"Point","coordinates":[-118.297187,33.775384]},"properties":{"site_name":"DFSP San Pedro","other_site_names":null,"state":"California","industry":"Military","matrix_type":"Groundwater","matrix":"Groundwater","year":null,"pfoa":"340","pfos":"970","total_pfas":null,"pfas_level":970,"notes":"DoD Component: DLA - Active","regulation_gvt_link":null,"resources_link":null,"suspected_source_link":null,"pfas_testing_link":"https://www.agri-pulse.com/ext/resources/pdfs/congress/STATUS-OF-NOTIFICATIONS-TO-AGRICULTURAL-OPERATIONS-PURSUANT-TO-SECTION-335-OF-THE-FISCAL-YEAR-2021-NATIONAL-DEFENSE-AUTHORIZATION-ACT-1.pdf","site_ref_link":null,"state_ref_link":null,"ObjectId":2080}},{"type":"Feature","id":2111,"geometry":{"type":"Point","coordinates":[-122.163022,38.026588]},"properties":{"site_name":"DFSP Ozol","other_site_names":null,"state":"California","industry":"Military","matrix_type":"Groundwater","matrix":"Groundwater","year":null,"pfoa":"489","pfos":"24,700","total_pfas":null,"pfas_level":24700,"notes":"DoD Component: DLA - Active","regulation_gvt_link":null,"resources_link":null,"suspected_source_link":null,"pfas_testing_link":"https://www.agri-pulse.com/ext/resources/pdfs/congress/STATUS-OF-NOTIFICATIONS-TO-AGRICULTURAL-OPERATIONS-PURSUANT-TO-SECTION-335-OF-THE-FISCAL-YEAR-2021-NATIONAL-DEFENSE-AUTHORIZATION-ACT-1.pdf","site_ref_link":null,"state_ref_link":null,"ObjectId":2111}},{"type":"Feature","id":2131,"geometry":{"type":"Point","coordinates":[-119.119092,34.116518]},"properties":{"site_name":"Naval Air Station Point Mugu CA NAVAIRWARC","other_site_names":null,"state":"California","industry":"Military","matrix_type":"Groundwater","matrix":"Groundwater","year":null,"pfoa":"1,071,530","pfos":"13,407,957","total_pfas":null,"pfas_level":13407957,"notes":null,"regulation_gvt_link":null,"resources_link":null,"suspected_source_link":null,"pfas_testing_link":"https://www.agri-pulse.com/ext/resources/pdfs/congress/STATUS-OF-NOTIFICATIONS-TO-AGRICULTURAL-OPERATIONS-PURSUANT-TO-SECTION-335-OF-THE-FISCAL-YEAR-2021-NATIONAL-DEFENSE-AUTHORIZATION-ACT-1.pdf","site_ref_link":null,"state_ref_link":null,"ObjectId":2131}},{"type":"Feature","id":2161,"geometry":{"type":"Point","coordinates":[-117.657437,35.655171]},"properties":{"site_name":"Naval Air Weapons Station China Lake","other_site_names":null,"state":"California","industry":"Military","matrix_type":"Groundwater","matrix":"Groundwater","year":2016,"pfoa":null,"pfos":null,"total_pfas":null,"pfas_level":8000000,"notes":"AFFF used at NAWS China Lake","regulation_gvt_link":"N/A","resources_link":"N/A","suspected_source_link":"https://drive.google.com/file/d/1EUMAiROzk8OxvPAWubv0xGGH9zI6mw4d/view?usp=drive_link ","pfas_testing_link":"https://geotracker.waterboards.ca.gov/map/pfas_map","site_ref_link":"https://drive.google.com/drive/u/1/folders/1jWWeb1kw1p1KAzj5xldJ6jTVHhfAhob9","state_ref_link":"https://drive.google.com/drive/u/1/folders/1DWXhXwl1j4L5eKUdO88JdnrMTynHHza5","ObjectId":2161}},{"type":"Feature","id":2162,"geometry":{"type":"Point","coordinates":[-121.23129,36.003606]},"properties":{"site_name":"Fort Hunter Liggett","other_site_names":null,"state":"California","industry":"Military","matrix_type":"Groundwater","matrix":"Groundwater","year":2016,"pfoa":null,"pfos":"120","total_pfas":null,"pfas_level":120,"notes":"AFFF used at Fort Hunter Liggett","regulation_gvt_link":"https://www.waterboards.ca.gov/pfas/military.html","resources_link":"N/A","suspected_source_link":"https://drive.google.com/file/d/1EUMAiROzk8OxvPAWubv0xGGH9zI6mw4d/view?usp=drive_link ","pfas_testing_link":"https://geotracker.waterboards.ca.gov/map/pfas_map","site_ref_link":"https://drive.google.com/drive/u/1/folders/1-uNOUQJpeUyoz3SM9jy3UQv54KArhTqy","state_ref_link":"https://drive.google.com/drive/u/1/folders/1DWXhXwl1j4L5eKUdO88JdnrMTynHHza5","ObjectId":2162}},{"type":"Feature","id":2163,"geometry":{"type":"Point","coordinates":[-121.822393,36.656968]},"properties":{"site_name":"Fort Ord","other_site_names":null,"state":"California","industry":"Military","matrix_type":"Groundwater","matrix":"Groundwater","year":2019,"pfoa":"8","pfos":"447","total_pfas":null,"pfas_level":560,"notes":"AFFF used at Fort Ord","regulation_gvt_link":"https://www.waterboards.ca.gov/pfas/military.html","resources_link":"N/A","suspected_source_link":"https://drive.google.com/file/d/1EUMAiROzk8OxvPAWubv0xGGH9zI6mw4d/view?usp=drive_link ","pfas_testing_link":"https://geotracker.waterboards.ca.gov/map/pfas_map","site_ref_link":"https://drive.google.com/drive/folders/1UCq5sQikueU_obeFAEXqGWfmeP8sWNyV","state_ref_link":"https://drive.google.com/drive/u/1/folders/1DWXhXwl1j4L5eKUdO88JdnrMTynHHza5","ObjectId":2163}},{"type":"Feature","id":2164,"geometry":{"type":"Point","coordinates":[-117.320512,33.317842]},"properties":{"site_name":"Marine Corps Base Camp Pendleton (South)","other_site_names":"Camp Pendleton Marine Corps Base","state":"California","industry":"Military","matrix_type":"Groundwater","matrix":"Groundwater","year":2014,"pfoa":"24","pfos":null,"total_pfas":null,"pfas_level":24,"notes":"AFFF used at Camp Pendleton","regulation_gvt_link":"https://www.waterboards.ca.gov/pfas/military.html","resources_link":"EWG: https://www.ewg.org/tapwater/system.php?pws=CA3710702","suspected_source_link":"https://drive.google.com/file/d/1EUMAiROzk8OxvPAWubv0xGGH9zI6mw4d/view?usp=drive_link ","pfas_testing_link":"https://geotracker.waterboards.ca.gov/map/pfas_map","site_ref_link":"https://drive.google.com/drive/folders/1uBB5fdXsei5F8IKXhBs6iH1j2ZUa6d0n","state_ref_link":"https://drive.google.com/drive/u/1/folders/1DWXhXwl1j4L5eKUdO88JdnrMTynHHza5","ObjectId":2164}},{"type":"Feature","id":2165,"geometry":{"type":"Point","coordinates":[-116.954392,34.875791]},"properties":{"site_name":"Marine Corps Logistics Base Barstow","other_site_names":"Barstow Marine Corps Logistics Base","state":"California","industry":"Military","matrix_type":"Groundwater","matrix":"Groundwater","year":2016,"pfoa":null,"pfos":null,"total_pfas":null,"pfas_level":138,"notes":"AFFF used on Marine Corps Logistics Base Barstow","regulation_gvt_link":"https://www.waterboards.ca.gov/pfas/military.html","resources_link":"N/A","suspected_source_link":"https://www.otie.com/wp-content/uploads/2018/07/OTIE_PFAS-Brochure_2018.pdf","pfas_testing_link":"https://geotracker.waterboards.ca.gov/map/pfas_map","site_ref_link":"https://drive.google.com/drive/folders/1v8ph1N6P_gSAhlqrPHOR1EnmQSYu2DAe","state_ref_link":"https://drive.google.com/drive/u/1/folders/1DWXhXwl1j4L5eKUdO88JdnrMTynHHza5","ObjectId":2165}},{"type":"Feature","id":2166,"geometry":{"type":"Point","coordinates":[-122.371174,37.817377]},"properties":{"site_name":"Naval Station Treasure Island","other_site_names":null,"state":"California","industry":"Military","matrix_type":"Groundwater","matrix":"Groundwater","year":2016,"pfoa":null,"pfos":null,"total_pfas":null,"pfas_level":10750,"notes":"AFFF used at Naval Station Treasure Island","regulation_gvt_link":"https://www.waterboards.ca.gov/pfas/military.html","resources_link":"N/A","suspected_source_link":"https://drive.google.com/file/d/1EUMAiROzk8OxvPAWubv0xGGH9zI6mw4d/view?usp=drive_link ","pfas_testing_link":"https://geotracker.waterboards.ca.gov/map/pfas_map","site_ref_link":"https://drive.google.com/drive/u/1/folders/11Dqj5O20yEAghrfac_YGDcCECXVugsee","state_ref_link":"https://drive.google.com/drive/u/1/folders/1DWXhXwl1j4L5eKUdO88JdnrMTynHHza5","ObjectId":2166}},{"type":"Feature","id":2167,"geometry":{"type":"Point","coordinates":[-117.261733,33.890884]},"properties":{"site_name":"March Air Force Base","other_site_names":null,"state":"California","industry":"Military","matrix_type":"Groundwater","matrix":"Groundwater","year":2016,"pfoa":null,"pfos":null,"total_pfas":null,"pfas_level":9666,"notes":"AFFF used at Former March Air Force Base","regulation_gvt_link":"https://www.waterboards.ca.gov/pfas/military.html","resources_link":"N/A","suspected_source_link":"https://drive.google.com/file/d/1EUMAiROzk8OxvPAWubv0xGGH9zI6mw4d/view?usp=drive_link ","pfas_testing_link":"https://geotracker.waterboards.ca.gov/map/pfas_map","site_ref_link":"https://drive.google.com/drive/folders/1BcpebbOEKw-cKA5Kpmavql52T-plnIRD","state_ref_link":"https://drive.google.com/drive/u/1/folders/1DWXhXwl1j4L5eKUdO88JdnrMTynHHza5","ObjectId":2167}},{"type":"Feature","id":2168,"geometry":{"type":"Point","coordinates":[-121.775444,38.384953]},"properties":{"site_name":"Naval Support Activity Monterey - Naval Radio Transmitter Facility Dixon","other_site_names":null,"state":"California","industry":"Military","matrix_type":"Groundwater","matrix":"Groundwater","year":2016,"pfoa":null,"pfos":null,"total_pfas":null,"pfas_level":260,"notes":"Unknown source from NSA Monterey - Naval Radio Transmitter Facility Dixon","regulation_gvt_link":"https://www.waterboards.ca.gov/pfas/military.html","resources_link":"N/A","suspected_source_link":"https://drive.google.com/file/d/1EUMAiROzk8OxvPAWubv0xGGH9zI6mw4d/view?usp=drive_link ","pfas_testing_link":"https://geotracker.waterboards.ca.gov/map/pfas_map","site_ref_link":"https://drive.google.com/drive/u/1/folders/1U3Y-EtxqjTen4BDc7yaAPVZN_NeHItZS","state_ref_link":"https://drive.google.com/drive/u/1/folders/1DWXhXwl1j4L5eKUdO88JdnrMTynHHza5","ObjectId":2168}},{"type":"Feature","id":2169,"geometry":{"type":"Point","coordinates":[-122.312679,37.78274]},"properties":{"site_name":"Naval Air Station Alameda","other_site_names":"Alameda Naval Air Station","state":"California","industry":"Military","matrix_type":"Groundwater","matrix":"Groundwater","year":2016,"pfoa":null,"pfos":null,"total_pfas":null,"pfas_level":336000,"notes":"AFFF used NAS Alameda","regulation_gvt_link":"https://www.waterboards.ca.gov/pfas/military.html","resources_link":"N/A","suspected_source_link":"https://drive.google.com/file/d/1EUMAiROzk8OxvPAWubv0xGGH9zI6mw4d/view?usp=drive_link ","pfas_testing_link":"https://geotracker.waterboards.ca.gov/map/pfas_map","site_ref_link":"https://drive.google.com/drive/u/1/folders/16mTpJTIfQOPxwoyjwfYwZ8k7O0oV8TaM","state_ref_link":"https://drive.google.com/drive/u/1/folders/1DWXhXwl1j4L5eKUdO88JdnrMTynHHza5","ObjectId":2169}},{"type":"Feature","id":2170,"geometry":{"type":"Point","coordinates":[-119.200163,34.16816]},"properties":{"site_name":"Naval Construction Battalion Center Port Hueneme","other_site_names":null,"state":"California","industry":"Military","matrix_type":"Groundwater","matrix":"Groundwater","year":2016,"pfoa":null,"pfos":null,"total_pfas":null,"pfas_level":1080000,"notes":"AFFF used at NCBC Port Hueneme","regulation_gvt_link":"https://www.waterboards.ca.gov/pfas/military.html","resources_link":"N/A","suspected_source_link":"https://drive.google.com/file/d/1EUMAiROzk8OxvPAWubv0xGGH9zI6mw4d/view?usp=drive_link ","pfas_testing_link":"https://geotracker.waterboards.ca.gov/map/pfas_map","site_ref_link":"https://drive.google.com/drive/u/1/folders/1fSpQT2NLadv4qvEIqFWJ5R6TaauM85D0","state_ref_link":"https://drive.google.com/drive/u/1/folders/1DWXhXwl1j4L5eKUdO88JdnrMTynHHza5","ObjectId":2170}},{"type":"Feature","id":2171,"geometry":{"type":"Point","coordinates":[-117.727791,33.66552]},"properties":{"site_name":"El Toro Marine Corps Air Station","other_site_names":null,"state":"California","industry":"Military","matrix_type":"Groundwater","matrix":"Groundwater","year":2016,"pfoa":null,"pfos":null,"total_pfas":102,"pfas_level":3826,"notes":"AFFF used at El Toro Marine Corps Air Station","regulation_gvt_link":"https://www.waterboards.ca.gov/pfas/military.html","resources_link":"OCWD: http://www.cbwm.org/docs/othermeetings/2019%2005%2002%20-%20Water%20Quality%20Colloquium/Presentation/3.2%20PFAS%20monitoring%20in%20OC%20and%20the%20USARW_Patrick%20Versluis.pdf","suspected_source_link":"https://drive.google.com/file/d/1EUMAiROzk8OxvPAWubv0xGGH9zI6mw4d/view?usp=drive_link ","pfas_testing_link":"https://geotracker.waterboards.ca.gov/map/pfas_map","site_ref_link":"https://drive.google.com/drive/folders/1vsGjBqfnT7v3GZCZEXozTq-QQ_DJmWjM","state_ref_link":"https://drive.google.com/drive/u/1/folders/1DWXhXwl1j4L5eKUdO88JdnrMTynHHza5","ObjectId":2171}},{"type":"Feature","id":2172,"geometry":{"type":"Point","coordinates":[-117.823927,33.702939]},"properties":{"site_name":"Marine Corps Air Station Tustin","other_site_names":null,"state":"California","industry":"Military","matrix_type":"Groundwater","matrix":"Groundwater","year":2016,"pfoa":null,"pfos":null,"total_pfas":null,"pfas_level":770000,"notes":"AFFF used at Marine Corps Air Station Tustin","regulation_gvt_link":"https://www.waterboards.ca.gov/pfas/military.html","resources_link":"N/A","suspected_source_link":"https://drive.google.com/file/d/1EUMAiROzk8OxvPAWubv0xGGH9zI6mw4d/view?usp=drive_link ","pfas_testing_link":"https://geotracker.waterboards.ca.gov/map/pfas_map","site_ref_link":"https://drive.google.com/drive/u/1/folders/1OST-WFOsdBljKKtGqtiHUoWMrrqp_RXU","state_ref_link":"https://drive.google.com/drive/u/1/folders/1DWXhXwl1j4L5eKUdO88JdnrMTynHHza5","ObjectId":2172}},{"type":"Feature","id":2173,"geometry":{"type":"Point","coordinates":[-116.054128,34.224752]},"properties":{"site_name":"Marine Corps Air Ground Combat Center Twentynine Palms","other_site_names":null,"state":"California","industry":"Military","matrix_type":"Groundwater","matrix":"Groundwater","year":2016,"pfoa":null,"pfos":null,"total_pfas":null,"pfas_level":440,"notes":"AFFF used at Twentynine Palms ","regulation_gvt_link":"https://www.waterboards.ca.gov/pfas/military.html","resources_link":"N/A","suspected_source_link":"https://drive.google.com/file/d/1EUMAiROzk8OxvPAWubv0xGGH9zI6mw4d/view?usp=drive_link ","pfas_testing_link":"https://geotracker.waterboards.ca.gov/map/pfas_map","site_ref_link":"https://drive.google.com/drive/u/1/folders/1Qpm7RyNPoz6RXlH7diFlZN4wxHmsrtnS","state_ref_link":"https://drive.google.com/drive/u/1/folders/1DWXhXwl1j4L5eKUdO88JdnrMTynHHza5","ObjectId":2173}},{"type":"Feature","id":2174,"geometry":{"type":"Point","coordinates":[-121.297211,38.563659]},"properties":{"site_name":"Mather Air Force Base","other_site_names":"Sacramento Mather Airport, Mather Air Force Base (AC&W DISPOSAL SITE)","state":"California","industry":"Military","matrix_type":"Groundwater","matrix":"Groundwater","year":2017,"pfoa":null,"pfos":null,"total_pfas":null,"pfas_level":910000,"notes":"AFFF used at Former Mather Air Force Base","regulation_gvt_link":"https://www.waterboards.ca.gov/pfas/military.html","resources_link":"N/A","suspected_source_link":"https://drive.google.com/file/d/1EUMAiROzk8OxvPAWubv0xGGH9zI6mw4d/view?usp=drive_link ","pfas_testing_link":"https://geotracker.waterboards.ca.gov/map/pfas_map","site_ref_link":"https://drive.google.com/drive/folders/1EWRQJNx16Jll4TZnGuBi2Q3g8fES_9mI","state_ref_link":"https://drive.google.com/drive/u/1/folders/1DWXhXwl1j4L5eKUdO88JdnrMTynHHza5","ObjectId":2174}},{"type":"Feature","id":2175,"geometry":{"type":"Point","coordinates":[-121.359881,39.111504]},"properties":{"site_name":"Beale Air Force Base","other_site_names":null,"state":"California","industry":"Military","matrix_type":"Groundwater","matrix":"Groundwater","year":2016,"pfoa":"3100","pfos":"7100","total_pfas":12600,"pfas_level":12600,"notes":"AFFF used at Beale Air Force Base","regulation_gvt_link":"https://www.waterboards.ca.gov/pfas/military.html","resources_link":"N/A","suspected_source_link":"https://drive.google.com/file/d/1EUMAiROzk8OxvPAWubv0xGGH9zI6mw4d/view?usp=drive_link ","pfas_testing_link":"https://drive.google.com/file/d/1GxtlDGkcSsmQnfw2bfNQ9vXIJZgFsgWO/view?usp=sharing","site_ref_link":"https://drive.google.com/drive/u/1/folders/19PUk7usFKw0MZTSNM0USAHxbRsMF58Bz","state_ref_link":"https://drive.google.com/drive/u/1/folders/1DWXhXwl1j4L5eKUdO88JdnrMTynHHza5","ObjectId":2175}},{"type":"Feature","id":2176,"geometry":{"type":"Point","coordinates":[-121.944464,38.262965]},"properties":{"site_name":"Travis Air Force Base","other_site_names":null,"state":"California","industry":"Military","matrix_type":"Groundwater","matrix":"Groundwater","year":2017,"pfoa":"140000","pfos":"780000","total_pfas":833700,"pfas_level":833700,"notes":"AFFF used Travis Air Force Base","regulation_gvt_link":"https://www.waterboards.ca.gov/pfas/military.html","resources_link":"N/A","suspected_source_link":"https://drive.google.com/file/d/1EUMAiROzk8OxvPAWubv0xGGH9zI6mw4d/view?usp=drive_link ","pfas_testing_link":"https://drive.google.com/file/d/1OwSCrPrQagLIv4gtGtTIs-LDJSt1eRqh/view?usp=sharing","site_ref_link":"https://drive.google.com/drive/folders/1Qe_LQR_3dGFt2vdx8uZRlWYPR0ZjgnI0","state_ref_link":"https://drive.google.com/drive/u/1/folders/1DWXhXwl1j4L5eKUdO88JdnrMTynHHza5","ObjectId":2176}},{"type":"Feature","id":2177,"geometry":{"type":"Point","coordinates":[-120.577909,37.364827]},"properties":{"site_name":"Castle Air Force Base","other_site_names":"Castle Air Force Base (6 Areas)","state":"California","industry":"Military","matrix_type":"Groundwater","matrix":"Groundwater","year":2017,"pfoa":"42300","pfos":"2330000","total_pfas":2598770,"pfas_level":2598770,"notes":"AFFF used at Former Castle Air Force Base","regulation_gvt_link":"https://www.waterboards.ca.gov/pfas/military.html","resources_link":"EPA: https://cumulis.epa.gov/supercpad/SiteProfiles/index.cfm?fuseaction=second.contams&id=0902751","suspected_source_link":"https://drive.google.com/file/d/1EUMAiROzk8OxvPAWubv0xGGH9zI6mw4d/view?usp=drive_link ","pfas_testing_link":"https://drive.google.com/file/d/1kW3xPiWdLntRZ9E1ynqRpf0h25aLn_EW/view?usp=sharing","site_ref_link":"https://drive.google.com/drive/u/1/folders/1OBmf0wIja4CGP-M5ox8Jq2bdHNla8fka","state_ref_link":"https://drive.google.com/drive/u/1/folders/1DWXhXwl1j4L5eKUdO88JdnrMTynHHza5","ObjectId":2177}},{"type":"Feature","id":2178,"geometry":{"type":"Point","coordinates":[-117.371395,34.589059]},"properties":{"site_name":"George Air Force Base","other_site_names":null,"state":"California","industry":"Military","matrix_type":"Groundwater","matrix":"Groundwater","year":2015,"pfoa":"5210","pfos":"1690","total_pfas":17090,"pfas_level":17090,"notes":"AFFF used at Former George Air Force Base","regulation_gvt_link":"https://www.waterboards.ca.gov/pfas/military.html","resources_link":"N/A","suspected_source_link":"https://drive.google.com/file/d/1EUMAiROzk8OxvPAWubv0xGGH9zI6mw4d/view?usp=drive_link ","pfas_testing_link":"https://geotracker.waterboards.ca.gov/map/pfas_map","site_ref_link":"https://drive.google.com/drive/folders/1WXcPIaJymN-O-1644R0f1Z9AXQkVDhlj","state_ref_link":"https://drive.google.com/drive/u/1/folders/1DWXhXwl1j4L5eKUdO88JdnrMTynHHza5","ObjectId":2178}},{"type":"Feature","id":2179,"geometry":{"type":"Point","coordinates":[-121.390048,38.673338]},"properties":{"site_name":"McClellan Air Force Base","other_site_names":"McClellan Air Force Base (Ground Water Contamination)","state":"California","industry":"Military","matrix_type":"Groundwater","matrix":"Groundwater","year":2017,"pfoa":null,"pfos":null,"total_pfas":null,"pfas_level":348,"notes":"AFFF used at Former McClellan Air Force Base","regulation_gvt_link":"https://www.waterboards.ca.gov/pfas/military.html","resources_link":"N/A","suspected_source_link":"https://drive.google.com/file/d/1EUMAiROzk8OxvPAWubv0xGGH9zI6mw4d/view?usp=drive_link ","pfas_testing_link":"https://geotracker.waterboards.ca.gov/map/pfas_map","site_ref_link":"https://drive.google.com/drive/u/1/folders/1r_mo_EdewPj218pdotyaWmUPwhgq9NY7","state_ref_link":"https://drive.google.com/drive/u/1/folders/1DWXhXwl1j4L5eKUdO88JdnrMTynHHza5","ObjectId":2179}},{"type":"Feature","id":2180,"geometry":{"type":"Point","coordinates":[-117.891209,34.924031]},"properties":{"site_name":"Edwards Air Force Base","other_site_names":null,"state":"California","industry":"Military","matrix_type":"Groundwater","matrix":"Groundwater","year":2017,"pfoa":"17000","pfos":"260000","total_pfas":300000,"pfas_level":300000,"notes":"AFFF used at Edwards Air Force Base","regulation_gvt_link":"https://www.waterboards.ca.gov/pfas/military.html ","resources_link":"https://www.waterboards.ca.gov/pfas/military.html","suspected_source_link":"https://www.edwards.af.mil/Portals/50/documents/environment/Final_16_Nov_2017_RAB_Minutes.pdf?ver=2018-08-16-162405-973","pfas_testing_link":"https://drive.google.com/file/d/1NkgoSQzROPgtKs8IWMRe_VUGYBQvblg-/view?usp=sharing","site_ref_link":"https://drive.google.com/drive/u/1/folders/16h7L1E6-czFLQArOgxjjVTwQykF-NZoZ","state_ref_link":"https://drive.google.com/drive/u/1/folders/1DWXhXwl1j4L5eKUdO88JdnrMTynHHza5","ObjectId":2180}},{"type":"Feature","id":2181,"geometry":{"type":"Point","coordinates":[-117.250846,34.103463]},"properties":{"site_name":"Norton Air Force Base","other_site_names":"Norton Air Force Base (LNDFLL #2)","state":"California","industry":"Military","matrix_type":"Groundwater","matrix":"Groundwater","year":2017,"pfoa":"22","pfos":"19","total_pfas":null,"pfas_level":22,"notes":"AFFF used at the former Norton Air Force Base","regulation_gvt_link":"https://www.waterboards.ca.gov/pfas/military.html","resources_link":"http://afcec.publicadmin-record.us.af.mil/","suspected_source_link":null,"pfas_testing_link":"https://geotracker.waterboards.ca.gov/map/pfas_map","site_ref_link":"https://drive.google.com/drive/u/1/folders/1x949WVYtq2hFwK81jZmbP7e-RikvrfQW","state_ref_link":"https://drive.google.com/drive/u/1/folders/1DWXhXwl1j4L5eKUdO88JdnrMTynHHza5","ObjectId":2181}},{"type":"Feature","id":2182,"geometry":{"type":"Point","coordinates":[-120.57244,34.742027]},"properties":{"site_name":"Vandenberg Air Force Base","other_site_names":null,"state":"California","industry":"Military","matrix_type":"Other Water","matrix":"Surface Water","year":2018,"pfoa":"8200","pfos":"150000","total_pfas":159300,"pfas_level":159300,"notes":"AFFF used at Vandenberg Air Force Base","regulation_gvt_link":"https://www.waterboards.ca.gov/pfas/military.html","resources_link":"http://afcec.publicadmin-record.us.af.mil/","suspected_source_link":null,"pfas_testing_link":"https://drive.google.com/file/d/1p5ryBz24BfmIizI7hgPw0VYkzhZdGHHh/view?usp=sharing","site_ref_link":"https://drive.google.com/drive/u/1/folders/10_VNBF6h1vz-k5zyfyQ_JmAtYem6I-ET","state_ref_link":"https://drive.google.com/drive/u/1/folders/1DWXhXwl1j4L5eKUdO88JdnrMTynHHza5","ObjectId":2182}},{"type":"Feature","id":2537,"geometry":{"type":"Point","coordinates":[-120.743363,35.798799]},"properties":{"site_name":"Camp Roberts","other_site_names":null,"state":"California","industry":"Military","matrix_type":"Other Water","matrix":"Drinking Water","year":2018,"pfoa":null,"pfos":null,"total_pfas":2,"pfas_level":2,"notes":null,"regulation_gvt_link":null,"resources_link":"https://www.nationalguard.mil/Leadership/Joint-Staff/Personal-Staff/Public-Affairs/Community-Relations/Environmental/PFAS-PFOA-Library/California/","suspected_source_link":"https://drive.google.com/file/d/1g1t60FsMLcfluvkLqorqlbsHnkF_rNZw/view?usp=sharing","pfas_testing_link":"https://drive.google.com/file/d/1g1t60FsMLcfluvkLqorqlbsHnkF_rNZw/view?usp=sharing","site_ref_link":"https://drive.google.com/drive/u/0/folders/17vc5JX3Gvo92Bih-kg-GABnBbExIJhXg","state_ref_link":"https://drive.google.com/drive/u/1/folders/1NDSF5O2zivixjKUEYTRtJ_keJVbx9VmC","ObjectId":2537}},{"type":"Feature","id":2538,"geometry":{"type":"Point","coordinates":[-118.054509,33.796711]},"properties":{"site_name":"Joint Force Training Base-Los Alamitos","other_site_names":null,"state":"California","industry":"Military","matrix_type":"Other Water","matrix":"Drinking Water","year":2018,"pfoa":"118","pfos":"282","total_pfas":982,"pfas_level":982,"notes":null,"regulation_gvt_link":null,"resources_link":"https://www.waterboards.ca.gov/pfas/","suspected_source_link":"https://drive.google.com/file/d/1g1t60FsMLcfluvkLqorqlbsHnkF_rNZw/view?usp=sharing","pfas_testing_link":"https://drive.google.com/file/d/1g1t60FsMLcfluvkLqorqlbsHnkF_rNZw/view?usp=sharing","site_ref_link":"https://drive.google.com/drive/u/0/folders/17vc5JX3Gvo92Bih-kg-GABnBbExIJhXg","state_ref_link":"https://drive.google.com/drive/u/1/folders/1NDSF5O2zivixjKUEYTRtJ_keJVbx9VmC","ObjectId":2538}},{"type":"Feature","id":2539,"geometry":{"type":"Point","coordinates":[-116.508965,33.832098]},"properties":{"site_name":"Palm Spring International Airport","other_site_names":null,"state":"California","industry":"Airport","matrix_type":"Groundwater","matrix":"Groundwater","year":2020,"pfoa":"593","pfos":null,"total_pfas":26679,"pfas_level":26679,"notes":null,"regulation_gvt_link":null,"resources_link":"https://www.waterboards.ca.gov/pfas/","suspected_source_link":null,"pfas_testing_link":"https://documents.geotracker.waterboards.ca.gov/esi/uploads/geo_report/4635948896/T10000012782.PDF","site_ref_link":"https://drive.google.com/drive/folders/1RPkS6z13WZyQgbKnPkZGd9go8DcXbIoY?usp=sharing","state_ref_link":"https://drive.google.com/drive/folders/1LjTpwbK-3NAN9N4FbuE_60aKPwgvhp8_?usp=sharing","ObjectId":2539}},{"type":"Feature","id":2540,"geometry":{"type":"Point","coordinates":[-121.908691,37.715403]},"properties":{"site_name":"Camp Parks","other_site_names":null,"state":"California","industry":"Military","matrix_type":"Other Water","matrix":"Drinking Water","year":2017,"pfoa":null,"pfos":null,"total_pfas":19,"pfas_level":19,"notes":null,"regulation_gvt_link":null,"resources_link":"https://www.waterboards.ca.gov/pfas/","suspected_source_link":null,"pfas_testing_link":"https://cdn3.ewg.org/sites/default/files/u352/EWG_PFASTable-Army_C01.pdf","site_ref_link":"https://drive.google.com/drive/u/0/folders/17vc5JX3Gvo92Bih-kg-GABnBbExIJhXg","state_ref_link":"https://drive.google.com/drive/u/0/folders/1DWXhXwl1j4L5eKUdO88JdnrMTynHHza5","ObjectId":2540}},{"type":"Feature","id":2541,"geometry":{"type":"Point","coordinates":[-120.127869,40.146072]},"properties":{"site_name":"Sierra Army Depot","other_site_names":"Sierra Army Depot AAFES Express BX","state":"California","industry":"Military","matrix_type":"Other Water","matrix":"Drinking Water","year":2017,"pfoa":"33","pfos":null,"total_pfas":221,"pfas_level":221,"notes":null,"regulation_gvt_link":null,"resources_link":"https://www.waterboards.ca.gov/pfas/","suspected_source_link":null,"pfas_testing_link":"https://cdn3.ewg.org/sites/default/files/u352/EWG_PFASTable-Army_C01.pdf","site_ref_link":"https://drive.google.com/drive/u/0/folders/17vc5JX3Gvo92Bih-kg-GABnBbExIJhXg","state_ref_link":"https://drive.google.com/drive/u/0/folders/1DWXhXwl1j4L5eKUdO88JdnrMTynHHza6","ObjectId":2541}},{"type":"Feature","id":2542,"geometry":{"type":"Point","coordinates":[-121.26559,37.853655]},"properties":{"site_name":"Sharpe Army Depot","other_site_names":null,"state":"California","industry":"Military","matrix_type":"Other Water","matrix":"Drinking Water","year":2018,"pfoa":null,"pfos":null,"total_pfas":44,"pfas_level":44,"notes":null,"regulation_gvt_link":null,"resources_link":"https://www.waterboards.ca.gov/pfas/","suspected_source_link":null,"pfas_testing_link":"https://cdn3.ewg.org/sites/default/files/u352/EWG_PFASTable-Army_C01.pdf","site_ref_link":"https://drive.google.com/drive/u/0/folders/17vc5JX3Gvo92Bih-kg-GABnBbExIJhXg","state_ref_link":"https://drive.google.com/drive/u/0/folders/1DWXhXwl1j4L5eKUdO88JdnrMTynHHza5","ObjectId":2542}},{"type":"Feature","id":2914,"geometry":{"type":"Point","coordinates":[-118.088878,34.631927]},"properties":{"site_name":"Air Force Plant 42","other_site_names":null,"state":"California","industry":"Military","matrix_type":"Groundwater","matrix":"Groundwater","year":2019,"pfoa":"10","pfos":"8","total_pfas":165,"pfas_level":165,"notes":null,"regulation_gvt_link":null,"resources_link":null,"suspected_source_link":"https://ar.afcec-cloud.af.mil/Search.aspx","pfas_testing_link":"https://drive.google.com/file/d/1WgcXGxc37JS43RIExKO9G_MwhLEjqslR/view?usp=sharing","site_ref_link":null,"state_ref_link":null,"ObjectId":2914}},{"type":"Feature","id":2915,"geometry":{"type":"Point","coordinates":[-122.163022,38.026588]},"properties":{"site_name":"DFSP Ozol","other_site_names":null,"state":"California","industry":"Military","matrix_type":"Groundwater","matrix":"Groundwater","year":null,"pfoa":"489","pfos":"24700","total_pfas":null,"pfas_level":24700,"notes":"DoD Component: DLA - Active","regulation_gvt_link":null,"resources_link":null,"suspected_source_link":null,"pfas_testing_link":"https://www.agri-pulse.com/ext/resources/pdfs/congress/STATUS-OF-NOTIFICATIONS-TO-AGRICULTURAL-OPERATIONS-PURSUANT-TO-SECTION-335-OF-THE-FISCAL-YEAR-2021-NATIONAL-DEFENSE-AUTHORIZATION-ACT-1.pdf","site_ref_link":null,"state_ref_link":null,"ObjectId":2915}},{"type":"Feature","id":2916,"geometry":{"type":"Point","coordinates":[-118.297187,33.775384]},"properties":{"site_name":"DFSP San Pedro","other_site_names":null,"state":"California","industry":"Military","matrix_type":"Groundwater","matrix":"Groundwater","year":null,"pfoa":"340","pfos":"970","total_pfas":null,"pfas_level":970,"notes":"DoD Component: DLA - Active","regulation_gvt_link":null,"resources_link":null,"suspected_source_link":null,"pfas_testing_link":"https://www.agri-pulse.com/ext/resources/pdfs/congress/STATUS-OF-NOTIFICATIONS-TO-AGRICULTURAL-OPERATIONS-PURSUANT-TO-SECTION-335-OF-THE-FISCAL-YEAR-2021-NATIONAL-DEFENSE-AUTHORIZATION-ACT-1.pdf","site_ref_link":null,"state_ref_link":null,"ObjectId":2916}},{"type":"Feature","id":2917,"geometry":{"type":"Point","coordinates":[-122.264394,38.0933]},"properties":{"site_name":"Former Naval Shipyard Mare Island","other_site_names":null,"state":"California","industry":"Military","matrix_type":"Groundwater","matrix":"Groundwater","year":2018,"pfoa":"124","pfos":"78","total_pfas":null,"pfas_level":124,"notes":null,"regulation_gvt_link":null,"resources_link":null,"suspected_source_link":"https://www.navfac.navy.mil/products_and_services/ev/products_and_services/env_restoration/pfas_reading_room.html","pfas_testing_link":"https://drive.google.com/file/d/1gK144QBIQw5N59EiCEio2UMDo2UbzsWw/view?usp=sharing","site_ref_link":"https://drive.google.com/drive/u/0/folders/1IxjCtUIPQIudDVies0pZK9FHCFKfUaPz","state_ref_link":null,"ObjectId":2917}},{"type":"Feature","id":2918,"geometry":{"type":"Point","coordinates":[-119.712675,36.765303]},"properties":{"site_name":"Fresno Air National Guard Base","other_site_names":null,"state":"California","industry":"Military","matrix_type":"Groundwater","matrix":"Groundwater","year":2018,"pfoa":"170","pfos":null,"total_pfas":6470,"pfas_level":6470,"notes":null,"regulation_gvt_link":null,"resources_link":null,"suspected_source_link":"https://ar.afcec-cloud.af.mil/Search.aspx","pfas_testing_link":"https://drive.google.com/file/d/1At8J9sxzp9dwXwn3HDebM5o8Od6dAIGf/view?usp=sharing","site_ref_link":null,"state_ref_link":null,"ObjectId":2918}},{"type":"Feature","id":2919,"geometry":{"type":"Point","coordinates":[-122.038557,37.406954]},"properties":{"site_name":"Moffett Field Air National Guard Base","other_site_names":"Moffett Field Naval Air Station","state":"California","industry":"Military","matrix_type":"Solid","matrix":"Soil","year":2023,"pfoa":"120000","pfos":"1900000","total_pfas":null,"pfas_level":2020000,"notes":"AFFF used at Moffett Air National Guard Base. Other sources of contamination include hydraulic fluid disposal or related use, brine from industrial wastewater pretreatment, fuel/water disposal, fuel spills, and leaking underground storage tanks. PFAS also detected in groundwater and surface water, but soil levels were the highest.  ","regulation_gvt_link":null,"resources_link":"http://www.cpeo.org/pubs/MoffettPFAS.pdf","suspected_source_link":"https://ar.afcec-cloud.af.mil/Search.aspx","pfas_testing_link":"https://drive.google.com/file/d/1z_SqTYr8SRUQA6gCulSmgrJaQ19iPtdn/view?usp=sharing","site_ref_link":"https://drive.google.com/drive/u/0/folders/1osKmwDTOB54prX76W6QwDHlCY4PRG2Wx","state_ref_link":null,"ObjectId":2919}},{"type":"Feature","id":2920,"geometry":{"type":"Point","coordinates":[-117.183048,32.699704]},"properties":{"site_name":"Naval Air Station North Island","other_site_names":null,"state":"California","industry":"Military","matrix_type":"Groundwater","matrix":"Groundwater","year":2018,"pfoa":"1989","pfos":"122","total_pfas":null,"pfas_level":1989,"notes":null,"regulation_gvt_link":null,"resources_link":null,"suspected_source_link":"https://www.navfac.navy.mil/products_and_services/ev/products_and_services/env_restoration/pfas_reading_room.html","pfas_testing_link":"https://drive.google.com/file/d/1IVTove8QzGYQRFq6TJ_8j-4o3HP5E_XT/view?usp=sharing","site_ref_link":"https://drive.google.com/drive/u/0/folders/1IJQGGAnBucLKapKYmVfkbfTDfBl6t03a","state_ref_link":null,"ObjectId":2920}},{"type":"Feature","id":2921,"geometry":{"type":"Point","coordinates":[-119.119092,34.116518]},"properties":{"site_name":"Naval Air Station Point Mugu CA NAVAIRWARC","other_site_names":null,"state":"California","industry":"Military","matrix_type":"Groundwater","matrix":"Groundwater","year":null,"pfoa":"1071530","pfos":"13407957","total_pfas":null,"pfas_level":13407957,"notes":null,"regulation_gvt_link":null,"resources_link":null,"suspected_source_link":null,"pfas_testing_link":"https://www.agri-pulse.com/ext/resources/pdfs/congress/STATUS-OF-NOTIFICATIONS-TO-AGRICULTURAL-OPERATIONS-PURSUANT-TO-SECTION-335-OF-THE-FISCAL-YEAR-2021-NATIONAL-DEFENSE-AUTHORIZATION-ACT-1.pdf","site_ref_link":null,"state_ref_link":null,"ObjectId":2921}},{"type":"Feature","id":3082,"geometry":{"type":"Point","coordinates":[-121.70575,37.687252]},"properties":{"site_name":"Lawrence Livermore National Laboratory ","other_site_names":null,"state":"California","industry":"Industry","matrix_type":"Groundwater","matrix":"Groundwater","year":null,"pfoa":"3","pfos":null,"total_pfas":null,"pfas_level":3,"notes":null,"regulation_gvt_link":null,"resources_link":null,"suspected_source_link":"https://www.energy.gov/pfas/articles/initial-assessment-and-polyfluoroalkyl-substances-department-energy-sites","pfas_testing_link":"https://drive.google.com/file/d/1jXzeApFi1dBi8A62l41mruFnS1AbC52s/view?usp=share_link","site_ref_link":"https://drive.google.com/drive/folders/18YEN0QPECIXTsc_8IltdknQCKABG7Clt?usp=share_link","state_ref_link":"https://drive.google.com/drive/folders/1LjTpwbK-3NAN9N4FbuE_60aKPwgvhp8_?usp=share_link","ObjectId":3082}},{"type":"Feature","id":3315,"geometry":{"type":"Point","coordinates":[-119.110471,34.13921]},"properties":{"site_name":"Channel Islands","other_site_names":null,"state":"California","industry":"Military","matrix_type":"Solid","matrix":"Soil","year":2021,"pfoa":"770","pfos":"24000","total_pfas":25060,"pfas_level":25060,"notes":null,"regulation_gvt_link":"ar.afcec-cloud.af.mil","resources_link":null,"suspected_source_link":null,"pfas_testing_link":"https://drive.google.com/drive/folders/1fjjbGhhSecQUbWUyCXuBPqanZwiOQ9NI","site_ref_link":"https://drive.google.com/drive/folders/1fjjbGhhSecQUbWUyCXuBPqanZwiOQ9NI","state_ref_link":null,"ObjectId":3315}},{"type":"Feature","id":3316,"geometry":{"type":"Point","coordinates":[-122,38.049444]},"properties":{"site_name":"CONCORD NAVAL WEAPONS STATION","other_site_names":null,"state":"California","industry":"Military","matrix_type":"Groundwater","matrix":"Groundwater","year":2020,"pfoa":"2100","pfos":"11000","total_pfas":14400,"pfas_level":14400,"notes":null,"regulation_gvt_link":"https://cumulis.epa.gov/supercpad/SiteProfiles/index.cfm?fuseaction=second.Cleanup&id=0902778#bkground","resources_link":"https://cumulis.epa.gov/supercpad/SiteProfiles/index.cfm?fuseaction=second.Cleanup&id=0902778#bkground","suspected_source_link":"https://aec.army.mil/Portals/115/PFAS/MOTCO_PASI.pdf?ver=fLqulBmlj04xyKJQw-VNRA%3D%3D","pfas_testing_link":"April 2022 - Final Preliminary Assessment And Site Inspection Of PER- AND POLYFLUOROALKYL Substances - Military Ocean Terminal Concord, California.pdf","site_ref_link":"Contra Costa County, CA - Concord Naval Weapons Station - Superfund Site","state_ref_link":"CA","ObjectId":3316}},{"type":"Feature","id":3317,"geometry":{"type":"Point","coordinates":[-122.36732,37.72229]},"properties":{"site_name":"HUNTERS POINT NAVAL SHIPYARD","other_site_names":null,"state":"California","industry":"Military","matrix_type":"Groundwater","matrix":"Groundwater","year":2019,"pfoa":"21","pfos":"38","total_pfas":59,"pfas_level":59,"notes":null,"regulation_gvt_link":"https://semspub.epa.gov/work/09/100018436.pdf","resources_link":"https://cumulis.epa.gov/supercpad/cursites/csitinfo.cfm?id=0902722","suspected_source_link":"https://www.acq.osd.mil/eie/eer/ecc/pfas/docs/reports/PFAS-at-Base-Realignment-and-Closure-Locations.pdf","pfas_testing_link":"Per- and Polyfluoroalkyl Substances at Base Realignment and Closure Locations.pdf","site_ref_link":"San Francisco County, CA - Hunters Point Naval Shipyard","state_ref_link":"CA","ObjectId":3317}},{"type":"Feature","id":3318,"geometry":{"type":"Point","coordinates":[-118.167434,34.201185]},"properties":{"site_name":"JET PROPULSION LABORATORY (NASA)","other_site_names":null,"state":"California","industry":"Industry","matrix_type":"Groundwater","matrix":"Groundwater","year":2020,"pfoa":null,"pfos":null,"total_pfas":32,"pfas_level":32,"notes":null,"regulation_gvt_link":"https://jplwater.nasa.gov/docs/Assessing%20PFAS%20at%20JPL.pdf","resources_link":"https://jplwater.nasa.gov/docs/Assessing%20PFAS%20at%20JPL.pdf","suspected_source_link":"https://jplwater.nasa.gov/docs/NAS710673.pdf","pfas_testing_link":"Per- and Polyfluoroalkyl Substances (PFAS) JET PROPULSION LABORATORY.pdf","site_ref_link":"Los Angeles County, CA - Jet Propulsion Laboratory (NASA)","state_ref_link":"CA","ObjectId":3318}},{"type":"Feature","id":3319,"geometry":{"type":"Point","coordinates":[-122.0533,37.3975]},"properties":{"site_name":"RAYTHEON CORP.","other_site_names":null,"state":"California","industry":"Industry","matrix_type":"Groundwater","matrix":"Groundwater","year":2023,"pfoa":"20","pfos":"40000","total_pfas":40000,"pfas_level":40000,"notes":null,"regulation_gvt_link":"https://cumulis.epa.gov/supercpad/SiteProfiles/index.cfm?fuseaction=second.scs&id=0901202&doc=Y&colid=70063&region=09&type=SC","resources_link":"https://cumulis.epa.gov/supercpad/SiteProfiles/index.cfm?fuseaction=second.scs&id=0901202&doc=Y&colid=70063&region=09&type=SC","suspected_source_link":"https://semspub.epa.gov/work/09/100038556.pdf","pfas_testing_link":"Five Year Review For Raytheon Company Superfund Site.pdf","site_ref_link":"Santa Clarita County, CA - Raytheon Company Superfund Site","state_ref_link":"CA","ObjectId":3319}},{"type":"Feature","id":3320,"geometry":{"type":"Point","coordinates":[-120.9181,37.71695]},"properties":{"site_name":"RIVERBANK ARMY AMMUNITION PLANT","other_site_names":null,"state":"California","industry":"Military","matrix_type":"Groundwater","matrix":"Groundwater","year":2022,"pfoa":"18","pfos":"10","total_pfas":18,"pfas_level":18,"notes":null,"regulation_gvt_link":"https://cumulis.epa.gov/supercpad/SiteProfiles/index.cfm?fuseaction=second.scs&id=0902785&doc=Y&colid=42508&region=09&type=SC","resources_link":"https://aec.army.mil/PFAS/CA/RBAAP/","suspected_source_link":"https://aec.army.mil/Portals/115/PFAS/Riverbank_AAP_PFAS_SI.pdf?ver=vTxZU0UWdCBNMGwLJcgZfw%3d%3d","pfas_testing_link":"Riverbank Army Ammunition Plant, PFAS Site Inspetion Report 2023.pdf","site_ref_link":"Stanislaus County, CA - Riverbank Army Ammunition Plant","state_ref_link":"CA","ObjectId":3320}},{"type":"Feature","id":3321,"geometry":{"type":"Point","coordinates":[-117.416567,34.153683]},"properties":{"site_name":"ROCKETS, FIREWORKS, AND FLARES SITE","other_site_names":null,"state":"California","industry":"Industry","matrix_type":"Groundwater","matrix":"Groundwater","year":2017,"pfoa":null,"pfos":"78","total_pfas":78,"pfas_level":78,"notes":null,"regulation_gvt_link":"https://cumulis.epa.gov/supercpad/cursites/csitinfo.cfm?id=0905945","resources_link":"https://cumulis.epa.gov/supercpad/cursites/csitinfo.cfm?id=0905945","suspected_source_link":"https://semspub.epa.gov/work/09/100021410.pdf","pfas_testing_link":"FIRST FIVE-YEAR REVIEW REPORT FOR ROCKETS, FIREWORKS, AND FLARES SUPERFUND SITE SAN BERNARDINO COUNTY, CALIFORNIA.pdf","site_ref_link":"San Bernardino County, CA - Rockets, Fireworks, and Flares - Superfund Site","state_ref_link":"CA","ObjectId":3321}},{"type":"Feature","id":3322,"geometry":{"type":"Point","coordinates":[-121.3958,38.520281]},"properties":{"site_name":"SACRAMENTO ARMY DEPOT","other_site_names":null,"state":"California","industry":"Military","matrix_type":"Groundwater","matrix":"Groundwater","year":2023,"pfoa":"150","pfos":"240","total_pfas":497,"pfas_level":497,"notes":null,"regulation_gvt_link":"https://cumulis.epa.gov/supercpad/cursites/csitinfo.cfm?id=0902715","resources_link":"https://cumulis.epa.gov/supercpad/cursites/csitinfo.cfm?id=0902715","suspected_source_link":"https://aec.army.mil/Portals/115/PFAS/SAAD_PFAS_PASI-EXSUM.pdf?ver=i6zxQZe3wYmdffMeeSCSdg%3d%3d","pfas_testing_link":"PRELIMINARY ASSESSMENT:SITE INSPECTION REPORT FOR PER- AND POLYFLUOROALKYL SUBSTANCES AT SACRAMENTO ARMY DEPOT, SACRAMENTO, CALIFORNIA.pdf","site_ref_link":"Sacramento County, CA - Sacramento Army Depot - Superfund Site","state_ref_link":"CA","ObjectId":3322}},{"type":"Feature","id":3323,"geometry":{"type":"Point","coordinates":[-118.3514,34.19]},"properties":{"site_name":"San Fernando Valley (Area 1)","other_site_names":"Burbank Operable Unit","state":"California","industry":"Industry","matrix_type":"Groundwater","matrix":"Groundwater","year":2025,"pfoa":"4","pfos":"5","total_pfas":null,"pfas_level":9,"notes":null,"regulation_gvt_link":"https://cumulis.epa.gov/supercpad/cursites/csitinfo.cfm?id=0902251","resources_link":null,"suspected_source_link":null,"pfas_testing_link":"https://drive.google.com/file/d/1LRJCQQ9I2zOjV68WTAgKxC6bVp6ePn8n/view?usp=drive_link","site_ref_link":"Los Angeles County, CA - San Fernando Valley (Area 1) - Superfund Site","state_ref_link":"CA","ObjectId":3323}},{"type":"Feature","id":3324,"geometry":{"type":"Point","coordinates":[-118.286,34.163139]},"properties":{"site_name":"San Fernando Valley (Area 2)","other_site_names":null,"state":"California","industry":"Industry","matrix_type":"Groundwater","matrix":"Groundwater","year":2021,"pfoa":"3","pfos":"3","total_pfas":null,"pfas_level":6,"notes":null,"regulation_gvt_link":"https://cumulis.epa.gov/supercpad/cursites/csitinfo.cfm?id=0902252","resources_link":null,"suspected_source_link":null,"pfas_testing_link":"https://drive.google.com/file/d/1Y2vx-b4BuHmIvO077nnZeYBu6By1X526/view?usp=drive_link","site_ref_link":"https://geotracker.waterboards.ca.gov/profile_report?cmd=MWEDFResults&global_id=T10000011420&assigned_name=CS%2DC04%2D382","state_ref_link":"CA","ObjectId":3324}},{"type":"Feature","id":3325,"geometry":{"type":"Point","coordinates":[-118.2539,34.112081]},"properties":{"site_name":"San Fernando Valley (Area 4)","other_site_names":"Pollock Wellfield","state":"California","industry":"Industry","matrix_type":"Groundwater","matrix":"Groundwater","year":2021,"pfoa":"15","pfos":"8","total_pfas":null,"pfas_level":23,"notes":null,"regulation_gvt_link":"https://cumulis.epa.gov/supercpad/cursites/csitinfo.cfm?id=0902253","resources_link":null,"suspected_source_link":null,"pfas_testing_link":"https://drive.google.com/file/d/1AuCjlTIOwNtG5bJvCKObmhbnlkr5xjkm/view?usp=drive_link","site_ref_link":"https://geotracker.waterboards.ca.gov/profile_report?cmd=MWEDFResults&global_id=T10000011420&assigned_name=PL%2D03","state_ref_link":"CA","ObjectId":3325}},{"type":"Feature","id":3326,"geometry":{"type":"Point","coordinates":[-118.064189,33.750466]},"properties":{"site_name":"Seal Beach CA WPNSUPFAC","other_site_names":"Naval Weapons Station Seal Beach","state":"California","industry":"Military","matrix_type":"Other Water","matrix":"Drinking Water","year":2021,"pfoa":"3","pfos":"5","total_pfas":null,"pfas_level":5,"notes":null,"regulation_gvt_link":null,"resources_link":null,"suspected_source_link":null,"pfas_testing_link":"Seal Beach, CA - Naval Weapons Station","site_ref_link":"https://drive.google.com/drive/folders/1Sb3Wd7Py8z7bKBNav6sBLwkPsmfN27id","state_ref_link":null,"ObjectId":3326}},{"type":"Feature","id":3367,"geometry":{"type":"Point","coordinates":[-121.463705,38.585487]},"properties":{"site_name":"28th Street Landfill","other_site_names":null,"state":"California","industry":"Landfill","matrix_type":"Groundwater","matrix":"Groundwater","year":2019,"pfoa":"24","pfos":"40","total_pfas":127,"pfas_level":127,"notes":null,"regulation_gvt_link":null,"resources_link":"https://geotracker.waterboards.ca.gov/profile_report?global_id=T10000005189","suspected_source_link":"https://geotracker.waterboards.ca.gov/map/pfas_map","pfas_testing_link":"https://geotracker.waterboards.ca.gov/map/pfas_map","site_ref_link":null,"state_ref_link":"https://drive.google.com/drive/u/0/folders/1DWXhXwl1j4L5eKUdO88JdnrMTynHHza5","ObjectId":3367}},{"type":"Feature","id":3368,"geometry":{"type":"Point","coordinates":[-122.315183,37.547375]},"properties":{"site_name":"3rd Ave Landfill","other_site_names":null,"state":"California","industry":"Landfill","matrix_type":"Groundwater","matrix":"Groundwater","year":2019,"pfoa":null,"pfos":null,"total_pfas":2,"pfas_level":2,"notes":null,"regulation_gvt_link":null,"resources_link":"https://geotracker.waterboards.ca.gov/profile_report?global_id=L10004740616","suspected_source_link":"https://geotracker.waterboards.ca.gov/map/pfas_map","pfas_testing_link":"https://geotracker.waterboards.ca.gov/map/pfas_map","site_ref_link":null,"state_ref_link":"https://drive.google.com/drive/u/0/folders/1DWXhXwl1j4L5eKUdO88JdnrMTynHHza5","ObjectId":3368}},{"type":"Feature","id":3369,"geometry":{"type":"Point","coordinates":[-123.351196,39.402906]},"properties":{"site_name":"Abex Corporation - Remco Hydraulics","other_site_names":null,"state":"California","industry":"Industry","matrix_type":"Groundwater","matrix":"Groundwater","year":2019,"pfoa":"38","pfos":null,"total_pfas":127,"pfas_level":127,"notes":null,"regulation_gvt_link":null,"resources_link":"N/A","suspected_source_link":"https://geotracker.waterboards.ca.gov/map/pfas_map","pfas_testing_link":"https://geotracker.waterboards.ca.gov/map/pfas_map","site_ref_link":null,"state_ref_link":"https://drive.google.com/drive/u/0/folders/1DWXhXwl1j4L5eKUdO88JdnrMTynHHza5","ObjectId":3369}},{"type":"Feature","id":3370,"geometry":{"type":"Point","coordinates":[-122.080816,38.028017]},"properties":{"site_name":"Acme Fill Land Disposal","other_site_names":null,"state":"California","industry":"Landfill","matrix_type":"Groundwater","matrix":"Groundwater","year":2020,"pfoa":"5","pfos":null,"total_pfas":40,"pfas_level":40,"notes":null,"regulation_gvt_link":null,"resources_link":"https://geotracker.waterboards.ca.gov/profile_report?global_id=L10008706352","suspected_source_link":"https://geotracker.waterboards.ca.gov/map/pfas_map","pfas_testing_link":"https://geotracker.waterboards.ca.gov/map/pfas_map","site_ref_link":null,"state_ref_link":"https://drive.google.com/drive/u/0/folders/1DWXhXwl1j4L5eKUdO88JdnrMTynHHza5","ObjectId":3370}},{"type":"Feature","id":3371,"geometry":{"type":"Point","coordinates":[-117.442755,34.652885]},"properties":{"site_name":"Adelanto Class III Landfill","other_site_names":null,"state":"California","industry":"Landfill","matrix_type":"Groundwater","matrix":"Groundwater","year":2019,"pfoa":"5","pfos":"2","total_pfas":35,"pfas_level":35,"notes":null,"regulation_gvt_link":null,"resources_link":"https://geotracker.waterboards.ca.gov/profile_report?global_id=L10005089428","suspected_source_link":"https://geotracker.waterboards.ca.gov/map/pfas_map","pfas_testing_link":"https://geotracker.waterboards.ca.gov/map/pfas_map","site_ref_link":null,"state_ref_link":"https://drive.google.com/drive/u/0/folders/1DWXhXwl1j4L5eKUdO88JdnrMTynHHza5","ObjectId":3371}},{"type":"Feature","id":3372,"geometry":{"type":"Point","coordinates":[-115.526935,32.855368]},"properties":{"site_name":"Allied (Republic) Imperial Landfill","other_site_names":null,"state":"California","industry":"Landfill","matrix_type":"Groundwater","matrix":"Groundwater","year":2020,"pfoa":"36","pfos":"2","total_pfas":162,"pfas_level":162,"notes":null,"regulation_gvt_link":null,"resources_link":"https://geotracker.waterboards.ca.gov/profile_report?global_id=L10005391970","suspected_source_link":"https://geotracker.waterboards.ca.gov/map/pfas_map","pfas_testing_link":"https://geotracker.waterboards.ca.gov/map/pfas_map","site_ref_link":null,"state_ref_link":"https://drive.google.com/drive/u/0/folders/1DWXhXwl1j4L5eKUdO88JdnrMTynHHza5","ObjectId":3372}},{"type":"Feature","id":3373,"geometry":{"type":"Point","coordinates":[-121.6498,37.749392]},"properties":{"site_name":"Altamont Landfill","other_site_names":"Altamont Resource Recovery","state":"California","industry":"Landfill","matrix_type":"Groundwater","matrix":"Groundwater","year":2019,"pfoa":"400","pfos":"36","total_pfas":1905,"pfas_level":1905,"notes":null,"regulation_gvt_link":null,"resources_link":"https://www.waterboards.ca.gov/pfas/","suspected_source_link":"https://geotracker.waterboards.ca.gov/map/pfas_map","pfas_testing_link":"https://geotracker.waterboards.ca.gov/map/pfas_map","site_ref_link":null,"state_ref_link":"https://drive.google.com/drive/u/0/folders/1DWXhXwl1j4L5eKUdO88JdnrMTynHHza5","ObjectId":3373}},{"type":"Feature","id":3374,"geometry":{"type":"Point","coordinates":[-120.568728,41.458858]},"properties":{"site_name":"Alturas Class III Landfill","other_site_names":null,"state":"California","industry":"Landfill","matrix_type":"Groundwater","matrix":"Groundwater","year":2020,"pfoa":null,"pfos":null,"total_pfas":1,"pfas_level":1,"notes":null,"regulation_gvt_link":null,"resources_link":"https://geotracker.waterboards.ca.gov/profile_report?global_id=L10007590008","suspected_source_link":"https://geotracker.waterboards.ca.gov/map/pfas_map","pfas_testing_link":"https://geotracker.waterboards.ca.gov/map/pfas_map","site_ref_link":null,"state_ref_link":"https://drive.google.com/drive/u/0/folders/1DWXhXwl1j4L5eKUdO88JdnrMTynHHza5","ObjectId":3374}},{"type":"Feature","id":3375,"geometry":{"type":"Point","coordinates":[-120.130199,36.661985]},"properties":{"site_name":"American Avenue Municipal Solid Waste Landfill","other_site_names":null,"state":"California","industry":"Landfill","matrix_type":"Groundwater","matrix":"Groundwater","year":2020,"pfoa":null,"pfos":null,"total_pfas":4,"pfas_level":4,"notes":null,"regulation_gvt_link":null,"resources_link":"https://geotracker.waterboards.ca.gov/profile_report?global_id=L10006109169","suspected_source_link":"https://geotracker.waterboards.ca.gov/map/pfas_map","pfas_testing_link":"https://geotracker.waterboards.ca.gov/map/pfas_map","site_ref_link":null,"state_ref_link":"https://drive.google.com/drive/u/0/folders/1DWXhXwl1j4L5eKUdO88JdnrMTynHHza5","ObjectId":3375}},{"type":"Feature","id":3376,"geometry":{"type":"Point","coordinates":[-122.35718,40.414959]},"properties":{"site_name":"Anderson Class III Landfill","other_site_names":"Class II Surface Imp","state":"California","industry":"Landfill","matrix_type":"Groundwater","matrix":"Groundwater","year":2019,"pfoa":"4","pfos":null,"total_pfas":65,"pfas_level":65,"notes":null,"regulation_gvt_link":null,"resources_link":"https://www.waterboards.ca.gov/pfas/","suspected_source_link":"https://geotracker.waterboards.ca.gov/map/pfas_map","pfas_testing_link":"https://geotracker.waterboards.ca.gov/map/pfas_map","site_ref_link":null,"state_ref_link":"https://drive.google.com/drive/u/0/folders/1DWXhXwl1j4L5eKUdO88JdnrMTynHHza5","ObjectId":3376}},{"type":"Feature","id":3377,"geometry":{"type":"Point","coordinates":[-118.14984,34.56731]},"properties":{"site_name":"Antelope Valley Public Landfill","other_site_names":null,"state":"California","industry":"Landfill","matrix_type":"Groundwater","matrix":"Groundwater","year":2019,"pfoa":"8","pfos":"5","total_pfas":77,"pfas_level":77,"notes":null,"regulation_gvt_link":null,"resources_link":"https://geotracker.waterboards.ca.gov/profile_report?global_id=T10000007159","suspected_source_link":"https://geotracker.waterboards.ca.gov/map/pfas_map","pfas_testing_link":"https://geotracker.waterboards.ca.gov/map/pfas_map","site_ref_link":null,"state_ref_link":"https://drive.google.com/drive/u/0/folders/1DWXhXwl1j4L5eKUdO88JdnrMTynHHza5","ObjectId":3377}},{"type":"Feature","id":3378,"geometry":{"type":"Point","coordinates":[-116.627925,33.538476]},"properties":{"site_name":"Anza Sanitary Landfill","other_site_names":null,"state":"California","industry":"Landfill","matrix_type":"Groundwater","matrix":"Groundwater","year":2019,"pfoa":"140","pfos":null,"total_pfas":10075,"pfas_level":10075,"notes":null,"regulation_gvt_link":null,"resources_link":"https://geotracker.waterboards.ca.gov/profile_report?global_id=L10005246107","suspected_source_link":"https://geotracker.waterboards.ca.gov/map/pfas_map","pfas_testing_link":"https://geotracker.waterboards.ca.gov/map/pfas_map","site_ref_link":null,"state_ref_link":"https://drive.google.com/drive/u/0/folders/1DWXhXwl1j4L5eKUdO88JdnrMTynHHza5","ObjectId":3378}},{"type":"Feature","id":3379,"geometry":{"type":"Point","coordinates":[-117.113586,34.500311]},"properties":{"site_name":"Apple Valley Municipal Landfill","other_site_names":null,"state":"California","industry":"Landfill","matrix_type":"Groundwater","matrix":"Groundwater","year":2019,"pfoa":"190","pfos":"8","total_pfas":282,"pfas_level":282,"notes":null,"regulation_gvt_link":null,"resources_link":"https://www.waterboards.ca.gov/pfas/","suspected_source_link":"https://geotracker.waterboards.ca.gov/map/pfas_map","pfas_testing_link":"https://geotracker.waterboards.ca.gov/map/pfas_map","site_ref_link":null,"state_ref_link":"https://drive.google.com/drive/u/0/folders/1DWXhXwl1j4L5eKUdO88JdnrMTynHHza5","ObjectId":3379}},{"type":"Feature","id":3380,"geometry":{"type":"Point","coordinates":[-117.142382,32.723013]},"properties":{"site_name":"Balboa Park Landfill","other_site_names":"Arizona St","state":"California","industry":"Landfill","matrix_type":"Groundwater","matrix":"Groundwater","year":2019,"pfoa":"23","pfos":"15","total_pfas":191,"pfas_level":191,"notes":null,"regulation_gvt_link":null,"resources_link":"https://geotracker.waterboards.ca.gov/profile_report?global_id=L10006165556&mytab=esidata#esidata","suspected_source_link":"https://geotracker.waterboards.ca.gov/map/pfas_map#","pfas_testing_link":"https://geotracker.waterboards.ca.gov/profile_report?cmd=mwreport&global_id=L10006165556&con_num=3972494304","site_ref_link":null,"state_ref_link":"https://drive.google.com/drive/u/1/folders/1DWXhXwl1j4L5eKUdO88JdnrMTynHHza5","ObjectId":3380}},{"type":"Feature","id":3381,"geometry":{"type":"Point","coordinates":[-120.11648,36.008858]},"properties":{"site_name":"Avenal Solid Waste Disposal Service","other_site_names":null,"state":"California","industry":"Landfill","matrix_type":"Groundwater","matrix":"Groundwater","year":2019,"pfoa":"1700","pfos":null,"total_pfas":8983,"pfas_level":8983,"notes":null,"regulation_gvt_link":null,"resources_link":"https://www.waterboards.ca.gov/pfas/","suspected_source_link":"https://geotracker.waterboards.ca.gov/map/pfas_map","pfas_testing_link":"https://geotracker.waterboards.ca.gov/map/pfas_map","site_ref_link":null,"state_ref_link":"https://drive.google.com/drive/u/0/folders/1DWXhXwl1j4L5eKUdO88JdnrMTynHHza5","ObjectId":3381}},{"type":"Feature","id":3382,"geometry":{"type":"Point","coordinates":[-117.926877,34.119628]},"properties":{"site_name":"Azusa Land Reclamation Landfill","other_site_names":null,"state":"California","industry":"Landfill","matrix_type":"Groundwater","matrix":"Groundwater","year":2019,"pfoa":"4","pfos":"2","total_pfas":32,"pfas_level":32,"notes":null,"regulation_gvt_link":null,"resources_link":"https://geotracker.waterboards.ca.gov/profile_report?global_id=L10005042654","suspected_source_link":"https://geotracker.waterboards.ca.gov/map/pfas_map","pfas_testing_link":"https://geotracker.waterboards.ca.gov/map/pfas_map","site_ref_link":null,"state_ref_link":"https://drive.google.com/drive/u/0/folders/1DWXhXwl1j4L5eKUdO88JdnrMTynHHza5","ObjectId":3382}},{"type":"Feature","id":3383,"geometry":{"type":"Point","coordinates":[-117.121431,33.950269]},"properties":{"site_name":"Badlands Landfill","other_site_names":null,"state":"California","industry":"Landfill","matrix_type":"Groundwater","matrix":"Groundwater","year":2018,"pfoa":"25","pfos":null,"total_pfas":142,"pfas_level":142,"notes":null,"regulation_gvt_link":null,"resources_link":"https://geotracker.waterboards.ca.gov/profile_report?global_id=L10003146754","suspected_source_link":"https://geotracker.waterboards.ca.gov/map/pfas_map#","pfas_testing_link":"https://documents.geotracker.waterboards.ca.gov/esi/uploads/geo_report/7698898553/L10004177173.PDF","site_ref_link":"https://drive.google.com/drive/u/0/folders/1R0U9BdY4qvKTpXMdyGeZL_9P3B4zRIHC","state_ref_link":"https://drive.google.com/drive/u/1/folders/1DWXhXwl1j4L5eKUdO88JdnrMTynHHza6","ObjectId":3383}},{"type":"Feature","id":3384,"geometry":{"type":"Point","coordinates":[-119.225349,34.229403]},"properties":{"site_name":"Bailard Landfill","other_site_names":null,"state":"California","industry":"Landfill","matrix_type":"Groundwater","matrix":"Groundwater","year":2019,"pfoa":"25","pfos":"10","total_pfas":288,"pfas_level":288,"notes":null,"regulation_gvt_link":null,"resources_link":"https://geotracker.waterboards.ca.gov/profile_report?global_id=L10001266944","suspected_source_link":"https://geotracker.waterboards.ca.gov/map/pfas_map","pfas_testing_link":"https://geotracker.waterboards.ca.gov/map/pfas_map","site_ref_link":null,"state_ref_link":"https://drive.google.com/drive/u/0/folders/1DWXhXwl1j4L5eKUdO88JdnrMTynHHza5","ObjectId":3384}},{"type":"Feature","id":3385,"geometry":{"type":"Point","coordinates":[-116.057958,35.232059]},"properties":{"site_name":"Baker Class III Landfill","other_site_names":null,"state":"California","industry":"Landfill","matrix_type":"Groundwater","matrix":"Groundwater","year":2019,"pfoa":"2","pfos":null,"total_pfas":2,"pfas_level":2,"notes":null,"regulation_gvt_link":null,"resources_link":"https://geotracker.waterboards.ca.gov/profile_report?global_id=L10008518142","suspected_source_link":"https://geotracker.waterboards.ca.gov/map/pfas_map","pfas_testing_link":"https://geotracker.waterboards.ca.gov/map/pfas_map","site_ref_link":null,"state_ref_link":"https://drive.google.com/drive/u/0/folders/1DWXhXwl1j4L5eKUdO88JdnrMTynHHza5","ObjectId":3385}},{"type":"Feature","id":3386,"geometry":{"type":"Point","coordinates":[-118.655689,35.811245]},"properties":{"site_name":"Balance Rock Solid Waste Disposal Service","other_site_names":null,"state":"California","industry":"Landfill","matrix_type":"Groundwater","matrix":"Groundwater","year":2019,"pfoa":null,"pfos":null,"total_pfas":49,"pfas_level":49,"notes":null,"regulation_gvt_link":null,"resources_link":"N/A","suspected_source_link":"https://geotracker.waterboards.ca.gov/map/pfas_map","pfas_testing_link":"https://geotracker.waterboards.ca.gov/map/pfas_map","site_ref_link":null,"state_ref_link":"https://drive.google.com/drive/u/0/folders/1DWXhXwl1j4L5eKUdO88JdnrMTynHHza5","ObjectId":3386}},{"type":"Feature","id":3387,"geometry":{"type":"Point","coordinates":[-117.040034,32.688205]},"properties":{"site_name":"Bell Jr High Landfill","other_site_names":null,"state":"California","industry":"Landfill","matrix_type":"Groundwater","matrix":"Groundwater","year":2020,"pfoa":"190","pfos":null,"total_pfas":469,"pfas_level":469,"notes":null,"regulation_gvt_link":null,"resources_link":"https://geotracker.waterboards.ca.gov/profile_report?global_id=L10007828563&mytab=esidata#esidata","suspected_source_link":"https://geotracker.waterboards.ca.gov/map/pfas_map#","pfas_testing_link":"https://geotracker.waterboards.ca.gov/profile_report?cmd=mwreport&global_id=L10007828563&con_num=7846444189","site_ref_link":null,"state_ref_link":"https://drive.google.com/drive/u/1/folders/1DWXhXwl1j4L5eKUdO88JdnrMTynHHza5","ObjectId":3387}},{"type":"Feature","id":3388,"geometry":{"type":"Point","coordinates":[-121.141229,41.130473]},"properties":{"site_name":"Bieber Class III Landfill","other_site_names":null,"state":"California","industry":"Landfill","matrix_type":"Groundwater","matrix":"Groundwater","year":2019,"pfoa":"420","pfos":null,"total_pfas":986,"pfas_level":986,"notes":null,"regulation_gvt_link":null,"resources_link":"https://geotracker.waterboards.ca.gov/profile_report?global_id=L10005078943","suspected_source_link":"https://geotracker.waterboards.ca.gov/map/pfas_map","pfas_testing_link":"https://geotracker.waterboards.ca.gov/map/pfas_map","site_ref_link":null,"state_ref_link":"https://drive.google.com/drive/u/0/folders/1DWXhXwl1j4L5eKUdO88JdnrMTynHHza5","ObjectId":3388}},{"type":"Feature","id":3389,"geometry":{"type":"Point","coordinates":[-116.821768,34.304336]},"properties":{"site_name":"Big Bear Class III Waste Management Facility","other_site_names":null,"state":"California","industry":"Landfill","matrix_type":"Groundwater","matrix":"Groundwater","year":2019,"pfoa":"17","pfos":"4","total_pfas":46,"pfas_level":46,"notes":null,"regulation_gvt_link":null,"resources_link":"https://www.waterboards.ca.gov/pfas/","suspected_source_link":"https://geotracker.waterboards.ca.gov/map/pfas_map","pfas_testing_link":"https://geotracker.waterboards.ca.gov/map/pfas_map","site_ref_link":null,"state_ref_link":"https://drive.google.com/drive/u/0/folders/1DWXhXwl1j4L5eKUdO88JdnrMTynHHza5","ObjectId":3389}},{"type":"Feature","id":3390,"geometry":{"type":"Point","coordinates":[-120.973636,37.040172]},"properties":{"site_name":"Billy Wright Solid Waste Landfill","other_site_names":null,"state":"California","industry":"Landfill","matrix_type":"Groundwater","matrix":"Groundwater","year":2020,"pfoa":"20","pfos":null,"total_pfas":91,"pfas_level":91,"notes":null,"regulation_gvt_link":null,"resources_link":"https://geotracker.waterboards.ca.gov/profile_report?global_id=L10008618335","suspected_source_link":"https://geotracker.waterboards.ca.gov/map/pfas_map","pfas_testing_link":"https://geotracker.waterboards.ca.gov/map/pfas_map","site_ref_link":null,"state_ref_link":"https://drive.google.com/drive/u/0/folders/1DWXhXwl1j4L5eKUdO88JdnrMTynHHza5","ObjectId":3390}},{"type":"Feature","id":3391,"geometry":{"type":"Point","coordinates":[-118.400774,37.328673]},"properties":{"site_name":"Bishop-Sunland Class III Landfill","other_site_names":null,"state":"California","industry":"Landfill","matrix_type":"Groundwater","matrix":"Groundwater","year":2019,"pfoa":null,"pfos":null,"total_pfas":1,"pfas_level":1,"notes":null,"regulation_gvt_link":null,"resources_link":"https://geotracker.waterboards.ca.gov/profile_report?global_id=L10001653820","suspected_source_link":"https://geotracker.waterboards.ca.gov/map/pfas_map","pfas_testing_link":"https://geotracker.waterboards.ca.gov/map/pfas_map","site_ref_link":null,"state_ref_link":"https://drive.google.com/drive/u/0/folders/1DWXhXwl1j4L5eKUdO88JdnrMTynHHza5","ObjectId":3391}},{"type":"Feature","id":3392,"geometry":{"type":"Point","coordinates":[-118.237494,34.08258]},"properties":{"site_name":"Bishop'S Canyon Landfill","other_site_names":null,"state":"California","industry":"Landfill","matrix_type":"Groundwater","matrix":"Groundwater","year":2019,"pfoa":"3","pfos":null,"total_pfas":115,"pfas_level":115,"notes":null,"regulation_gvt_link":null,"resources_link":"https://geotracker.waterboards.ca.gov/profile_report?global_id=L10008859354","suspected_source_link":"https://geotracker.waterboards.ca.gov/map/pfas_map","pfas_testing_link":"https://geotracker.waterboards.ca.gov/map/pfas_map","site_ref_link":null,"state_ref_link":"https://drive.google.com/drive/u/0/folders/1DWXhXwl1j4L5eKUdO88JdnrMTynHHza5","ObjectId":3392}},{"type":"Feature","id":3393,"geometry":{"type":"Point","coordinates":[-117.899965,34.035352]},"properties":{"site_name":"Bkk Class III Landfill","other_site_names":null,"state":"California","industry":"Landfill","matrix_type":"Groundwater","matrix":"Groundwater","year":2019,"pfoa":"1","pfos":null,"total_pfas":33,"pfas_level":33,"notes":null,"regulation_gvt_link":null,"resources_link":"https://geotracker.waterboards.ca.gov/profile_report?global_id=L10005364254","suspected_source_link":"https://geotracker.waterboards.ca.gov/map/pfas_map","pfas_testing_link":"https://geotracker.waterboards.ca.gov/map/pfas_map","site_ref_link":null,"state_ref_link":"https://drive.google.com/drive/u/0/folders/1DWXhXwl1j4L5eKUdO88JdnrMTynHHza5","ObjectId":3393}},{"type":"Feature","id":3394,"geometry":{"type":"Point","coordinates":[-122.343244,41.34973]},"properties":{"site_name":"Black Butte Class III Landfill","other_site_names":null,"state":"California","industry":"Landfill","matrix_type":"Groundwater","matrix":"Groundwater","year":2020,"pfoa":"2","pfos":null,"total_pfas":14,"pfas_level":14,"notes":null,"regulation_gvt_link":null,"resources_link":"https://cumulis.epa.gov/supercpad/SiteProfiles/index.cfm?fuseaction=second.Healthenv&id=1001865","suspected_source_link":"https://geotracker.waterboards.ca.gov/map/pfas_map","pfas_testing_link":"https://geotracker.waterboards.ca.gov/map/pfas_map","site_ref_link":null,"state_ref_link":"https://drive.google.com/drive/u/0/folders/1DWXhXwl1j4L5eKUdO88JdnrMTynHHza5","ObjectId":3394}},{"type":"Feature","id":3395,"geometry":{"type":"Point","coordinates":[-114.62673,33.70478]},"properties":{"site_name":"Blythe Class III Waste Management Facility","other_site_names":null,"state":"California","industry":"Landfill","matrix_type":"Groundwater","matrix":"Groundwater","year":2019,"pfoa":"1","pfos":null,"total_pfas":17,"pfas_level":17,"notes":null,"regulation_gvt_link":null,"resources_link":"https://www.waterboards.ca.gov/pfas/","suspected_source_link":"https://geotracker.waterboards.ca.gov/map/pfas_map","pfas_testing_link":"https://geotracker.waterboards.ca.gov/map/pfas_map","site_ref_link":null,"state_ref_link":"https://drive.google.com/drive/u/0/folders/1DWXhXwl1j4L5eKUdO88JdnrMTynHHza5","ObjectId":3395}},{"type":"Feature","id":3396,"geometry":{"type":"Point","coordinates":[-118.35395,34.19666]},"properties":{"site_name":"Bob Hope","other_site_names":null,"state":"California","industry":"Airport","matrix_type":"Solid","matrix":"Soil","year":2019,"pfoa":"17000","pfos":null,"total_pfas":669800,"pfas_level":669800,"notes":null,"regulation_gvt_link":null,"resources_link":"N/A","suspected_source_link":"https://geotracker.waterboards.ca.gov/map/pfas_map","pfas_testing_link":"https://geotracker.waterboards.ca.gov/map/pfas_map","site_ref_link":null,"state_ref_link":"https://drive.google.com/drive/u/0/folders/1DWXhXwl1j4L5eKUdO88JdnrMTynHHza5","ObjectId":3396}},{"type":"Feature","id":3397,"geometry":{"type":"Point","coordinates":[-117.183548,33.249664]},"properties":{"site_name":"Bonsall Landfill","other_site_names":null,"state":"California","industry":"Landfill","matrix_type":"Groundwater","matrix":"Groundwater","year":2019,"pfoa":"15","pfos":"4","total_pfas":63,"pfas_level":63,"notes":null,"regulation_gvt_link":null,"resources_link":"https://geotracker.waterboards.ca.gov/profile_report?global_id=L10001753716","suspected_source_link":"https://geotracker.waterboards.ca.gov/map/pfas_map","pfas_testing_link":"https://geotracker.waterboards.ca.gov/map/pfas_map","site_ref_link":null,"state_ref_link":"https://drive.google.com/drive/u/0/folders/1DWXhXwl1j4L5eKUdO88JdnrMTynHHza5","ObjectId":3397}},{"type":"Feature","id":3398,"geometry":{"type":"Point","coordinates":[-117.648318,34.990488]},"properties":{"site_name":"Boron Class III Landfill","other_site_names":null,"state":"California","industry":"Landfill","matrix_type":"Groundwater","matrix":"Groundwater","year":2019,"pfoa":"1","pfos":null,"total_pfas":22,"pfas_level":22,"notes":null,"regulation_gvt_link":null,"resources_link":"https://geotracker.waterboards.ca.gov/profile_report?global_id=L10004638786","suspected_source_link":"https://geotracker.waterboards.ca.gov/map/pfas_map","pfas_testing_link":"https://geotracker.waterboards.ca.gov/map/pfas_map","site_ref_link":null,"state_ref_link":"https://drive.google.com/drive/u/0/folders/1DWXhXwl1j4L5eKUdO88JdnrMTynHHza5","ObjectId":3398}},{"type":"Feature","id":3399,"geometry":{"type":"Point","coordinates":[-117.709872,33.708882]},"properties":{"site_name":"Bowerman Landfill","other_site_names":null,"state":"California","industry":"Landfill","matrix_type":"Groundwater","matrix":"Groundwater","year":2017,"pfoa":null,"pfos":null,"total_pfas":420,"pfas_level":420,"notes":null,"regulation_gvt_link":null,"resources_link":"https://geotracker.waterboards.ca.gov/profile_report?global_id=L10003191714&mytab=esidata#esidata","suspected_source_link":"https://geotracker.waterboards.ca.gov/map/pfas_map#","pfas_testing_link":"https://documents.geotracker.waterboards.ca.gov/esi/uploads/geo_report/2080902338/L10003191714.PDF","site_ref_link":"https://drive.google.com/drive/u/0/folders/1Bl2v3h3znr3OZDyF8LbgKDfnayzYiGe3","state_ref_link":"https://drive.google.com/drive/u/1/folders/1DWXhXwl1j4L5eKUdO88JdnrMTynHHza5","ObjectId":3399}},{"type":"Feature","id":3400,"geometry":{"type":"Point","coordinates":[-118.378646,34.240762]},"properties":{"site_name":"Bradley Landfill & Recycling","other_site_names":null,"state":"California","industry":"Landfill","matrix_type":"Groundwater","matrix":"Groundwater","year":2019,"pfoa":"12","pfos":"8","total_pfas":189,"pfas_level":189,"notes":null,"regulation_gvt_link":null,"resources_link":"https://geotracker.waterboards.ca.gov/profile_report?global_id=L10002384249","suspected_source_link":"https://geotracker.waterboards.ca.gov/map/pfas_map","pfas_testing_link":"https://drive.google.com/file/d/1_rQ4mmLuu9pFDWV-WBCiTy5sNYHX_bXH/view?usp=sharing","site_ref_link":null,"state_ref_link":"https://drive.google.com/drive/u/0/folders/1DWXhXwl1j4L5eKUdO88JdnrMTynHHza5","ObjectId":3400}},{"type":"Feature","id":3401,"geometry":{"type":"Point","coordinates":[-117.201842,33.137987]},"properties":{"site_name":"Bradley Park - Old Linda Vista Landfill","other_site_names":null,"state":"California","industry":"Landfill","matrix_type":"Groundwater","matrix":"Groundwater","year":2019,"pfoa":"110","pfos":"90","total_pfas":2028,"pfas_level":2028,"notes":null,"regulation_gvt_link":null,"resources_link":"https://geotracker.waterboards.ca.gov/profile_report?global_id=L10006943141","suspected_source_link":"https://geotracker.waterboards.ca.gov/map/pfas_map#","pfas_testing_link":"https://geotracker.waterboards.ca.gov/profile_report?cmd=mwreport&rptype=client&global_id=L10006943141&con_num=8853094935&orderby=sampid","site_ref_link":null,"state_ref_link":"https://drive.google.com/drive/u/1/folders/1DWXhXwl1j4L5eKUdO88JdnrMTynHHza5","ObjectId":3401}},{"type":"Feature","id":3402,"geometry":{"type":"Point","coordinates":[-115.538591,32.998459]},"properties":{"site_name":"Brawley Class III Waste Management Facility","other_site_names":null,"state":"California","industry":"Landfill","matrix_type":"Groundwater","matrix":"Groundwater","year":2019,"pfoa":null,"pfos":null,"total_pfas":1,"pfas_level":1,"notes":null,"regulation_gvt_link":null,"resources_link":"https://www.waterboards.ca.gov/pfas/","suspected_source_link":"https://geotracker.waterboards.ca.gov/map/pfas_map","pfas_testing_link":"https://geotracker.waterboards.ca.gov/map/pfas_map","site_ref_link":null,"state_ref_link":"https://drive.google.com/drive/u/0/folders/1DWXhXwl1j4L5eKUdO88JdnrMTynHHza5","ObjectId":3402}},{"type":"Feature","id":3403,"geometry":{"type":"Point","coordinates":[-119.218867,38.268896]},"properties":{"site_name":"Bridgeport Class III Landfill","other_site_names":null,"state":"California","industry":"Landfill","matrix_type":"Groundwater","matrix":"Groundwater","year":2020,"pfoa":"6","pfos":"1","total_pfas":52,"pfas_level":52,"notes":null,"regulation_gvt_link":null,"resources_link":"https://geotracker.waterboards.ca.gov/profile_report?global_id=L10002592521","suspected_source_link":"https://geotracker.waterboards.ca.gov/map/pfas_map","pfas_testing_link":"https://geotracker.waterboards.ca.gov/map/pfas_map","site_ref_link":null,"state_ref_link":"https://drive.google.com/drive/u/0/folders/1DWXhXwl1j4L5eKUdO88JdnrMTynHHza5","ObjectId":3403}},{"type":"Feature","id":3404,"geometry":{"type":"Point","coordinates":[-122.396967,37.69632]},"properties":{"site_name":"Brisbane Class II Landfill","other_site_names":null,"state":"California","industry":"Landfill","matrix_type":"Groundwater","matrix":"Groundwater","year":2019,"pfoa":"130","pfos":"330","total_pfas":1568,"pfas_level":1568,"notes":null,"regulation_gvt_link":null,"resources_link":"https://geotracker.waterboards.ca.gov/profile_report?global_id=L10001853784","suspected_source_link":"https://geotracker.waterboards.ca.gov/map/pfas_map","pfas_testing_link":"https://geotracker.waterboards.ca.gov/map/pfas_map","site_ref_link":null,"state_ref_link":"https://drive.google.com/drive/u/0/folders/1DWXhXwl1j4L5eKUdO88JdnrMTynHHza5","ObjectId":3404}},{"type":"Feature","id":3405,"geometry":{"type":"Point","coordinates":[-117.934732,34.116863]},"properties":{"site_name":"Brothers Plating","other_site_names":null,"state":"California","industry":"Industry","matrix_type":"Solid","matrix":"Soil","year":2020,"pfoa":"11000","pfos":"3200000","total_pfas":3743600,"pfas_level":3743600,"notes":null,"regulation_gvt_link":null,"resources_link":"https://geotracker.waterboards.ca.gov/profile_report?global_id=T10000013454","suspected_source_link":"https://geotracker.waterboards.ca.gov/map/pfas_map","pfas_testing_link":"https://geotracker.waterboards.ca.gov/map/pfas_map","site_ref_link":null,"state_ref_link":"https://drive.google.com/drive/u/0/folders/1DWXhXwl1j4L5eKUdO88JdnrMTynHHza5","ObjectId":3405}},{"type":"Feature","id":3406,"geometry":{"type":"Point","coordinates":[-122.06039,37.98924]},"properties":{"site_name":"Buchanan Field","other_site_names":"Buchanon Field Airport","state":"California","industry":"Airport","matrix_type":"Groundwater","matrix":"Groundwater","year":2019,"pfoa":"3920","pfos":null,"total_pfas":91100,"pfas_level":91100,"notes":null,"regulation_gvt_link":null,"resources_link":"https://geotracker.waterboards.ca.gov/profile_report?global_id=T10000012765","suspected_source_link":"https://geotracker.waterboards.ca.gov/map/pfas_map","pfas_testing_link":"https://geotracker.waterboards.ca.gov/map/pfas_map","site_ref_link":null,"state_ref_link":"https://drive.google.com/drive/u/0/folders/1DWXhXwl1j4L5eKUdO88JdnrMTynHHza5","ObjectId":3406}},{"type":"Feature","id":3407,"geometry":{"type":"Point","coordinates":[-122.39667,40.67]},"properties":{"site_name":"Buckeye Landfill","other_site_names":null,"state":"California","industry":"Landfill","matrix_type":"Groundwater","matrix":"Groundwater","year":2019,"pfoa":"280","pfos":"180","total_pfas":764,"pfas_level":764,"notes":"Superfund site: https://cumulis.epa.gov/supercpad/SiteProfiles/index.cfm?fuseaction=second.docdata&id=0504544","regulation_gvt_link":null,"resources_link":"https://geotracker.waterboards.ca.gov/profile_report?global_id=L10008268744","suspected_source_link":"https://geotracker.waterboards.ca.gov/map/pfas_map","pfas_testing_link":"https://geotracker.waterboards.ca.gov/map/pfas_map","site_ref_link":null,"state_ref_link":"https://drive.google.com/drive/u/0/folders/1DWXhXwl1j4L5eKUdO88JdnrMTynHHza5","ObjectId":3407}},{"type":"Feature","id":3408,"geometry":{"type":"Point","coordinates":[-121.811837,36.920496]},"properties":{"site_name":"Buena Vista Class III Landfill","other_site_names":null,"state":"California","industry":"Landfill","matrix_type":"Groundwater","matrix":"Groundwater","year":2020,"pfoa":"82","pfos":"19","total_pfas":398,"pfas_level":398,"notes":null,"regulation_gvt_link":null,"resources_link":"https://geotracker.waterboards.ca.gov/profile_report?global_id=L10008111979","suspected_source_link":"https://geotracker.waterboards.ca.gov/map/pfas_map","pfas_testing_link":"https://geotracker.waterboards.ca.gov/map/pfas_map","site_ref_link":null,"state_ref_link":"https://drive.google.com/drive/u/0/folders/1DWXhXwl1j4L5eKUdO88JdnrMTynHHza5","ObjectId":3408}},{"type":"Feature","id":3409,"geometry":{"type":"Point","coordinates":[-118.313816,34.206782]},"properties":{"site_name":"Burbank Landfill","other_site_names":null,"state":"California","industry":"Landfill","matrix_type":"Groundwater","matrix":"Groundwater","year":2019,"pfoa":"150","pfos":null,"total_pfas":2158,"pfas_level":2158,"notes":null,"regulation_gvt_link":null,"resources_link":"https://geotracker.waterboards.ca.gov/profile_report?global_id=L10001359910","suspected_source_link":"https://geotracker.waterboards.ca.gov/map/pfas_map","pfas_testing_link":"https://geotracker.waterboards.ca.gov/map/pfas_map","site_ref_link":null,"state_ref_link":"https://drive.google.com/drive/u/0/folders/1DWXhXwl1j4L5eKUdO88JdnrMTynHHza5","ObjectId":3409}},{"type":"Feature","id":3410,"geometry":{"type":"Point","coordinates":[-122.359429,37.59007]},"properties":{"site_name":"Burlingame Landfill (Sports Complex)","other_site_names":null,"state":"California","industry":"Landfill","matrix_type":"Groundwater","matrix":"Groundwater","year":2019,"pfoa":"480","pfos":"92","total_pfas":1396,"pfas_level":1396,"notes":null,"regulation_gvt_link":null,"resources_link":"https://geotracker.waterboards.ca.gov/profile_report?global_id=L10009873781","suspected_source_link":"https://geotracker.waterboards.ca.gov/map/pfas_map","pfas_testing_link":"https://geotracker.waterboards.ca.gov/map/pfas_map","site_ref_link":null,"state_ref_link":"https://drive.google.com/drive/u/0/folders/1DWXhXwl1j4L5eKUdO88JdnrMTynHHza5","ObjectId":3410}},{"type":"Feature","id":3411,"geometry":{"type":"Point","coordinates":[-118.712053,34.147549]},"properties":{"site_name":"Calabasas Landfill","other_site_names":null,"state":"California","industry":"Landfill","matrix_type":"Groundwater","matrix":"Groundwater","year":2019,"pfoa":"33","pfos":"2","total_pfas":1126,"pfas_level":1126,"notes":null,"regulation_gvt_link":null,"resources_link":"https://geotracker.waterboards.ca.gov/profile_report?global_id=L10005926913","suspected_source_link":"https://geotracker.waterboards.ca.gov/map/pfas_map","pfas_testing_link":"https://geotracker.waterboards.ca.gov/map/pfas_map","site_ref_link":null,"state_ref_link":"https://drive.google.com/drive/u/0/folders/1DWXhXwl1j4L5eKUdO88JdnrMTynHHza5","ObjectId":3411}},{"type":"Feature","id":3412,"geometry":{"type":"Point","coordinates":[-115.543588,32.678688]},"properties":{"site_name":"Calexico Class III Waste Management Facility","other_site_names":null,"state":"California","industry":"Landfill","matrix_type":"Groundwater","matrix":"Groundwater","year":2019,"pfoa":"2","pfos":null,"total_pfas":9,"pfas_level":9,"notes":null,"regulation_gvt_link":null,"resources_link":"https://www.waterboards.ca.gov/pfas/","suspected_source_link":"https://geotracker.waterboards.ca.gov/map/pfas_map","pfas_testing_link":"https://geotracker.waterboards.ca.gov/map/pfas_map","site_ref_link":null,"state_ref_link":"https://drive.google.com/drive/u/0/folders/1DWXhXwl1j4L5eKUdO88JdnrMTynHHza5","ObjectId":3412}},{"type":"Feature","id":3413,"geometry":{"type":"Point","coordinates":[-124.10755,40.97594]},"properties":{"site_name":"California Redwood Coast-Humboldt County","other_site_names":null,"state":"California","industry":"Airport","matrix_type":"Groundwater","matrix":"Groundwater","year":2020,"pfoa":"17","pfos":null,"total_pfas":500,"pfas_level":500,"notes":null,"regulation_gvt_link":null,"resources_link":"https://geotracker.waterboards.ca.gov/profile_report?global_id=T10000012762","suspected_source_link":"https://geotracker.waterboards.ca.gov/map/pfas_map","pfas_testing_link":"https://geotracker.waterboards.ca.gov/map/pfas_map","site_ref_link":null,"state_ref_link":"https://drive.google.com/drive/u/0/folders/1DWXhXwl1j4L5eKUdO88JdnrMTynHHza5","ObjectId":3413}},{"type":"Feature","id":3414,"geometry":{"type":"Point","coordinates":[-120.052745,41.540194]},"properties":{"site_name":"Cedarville West Solid Waste Disposal Service (Old)","other_site_names":null,"state":"California","industry":"Landfill","matrix_type":"Groundwater","matrix":"Groundwater","year":2020,"pfoa":null,"pfos":null,"total_pfas":1,"pfas_level":1,"notes":null,"regulation_gvt_link":null,"resources_link":"https://www.waterboards.ca.gov/pfas/","suspected_source_link":"https://geotracker.waterboards.ca.gov/map/pfas_map","pfas_testing_link":"https://geotracker.waterboards.ca.gov/map/pfas_map","site_ref_link":null,"state_ref_link":"https://drive.google.com/drive/u/0/folders/1DWXhXwl1j4L5eKUdO88JdnrMTynHHza5","ObjectId":3414}},{"type":"Feature","id":3415,"geometry":{"type":"Point","coordinates":[-118.357649,37.530218]},"properties":{"site_name":"Chalfant Class III Landfill","other_site_names":null,"state":"California","industry":"Landfill","matrix_type":"Groundwater","matrix":"Groundwater","year":2020,"pfoa":null,"pfos":null,"total_pfas":2,"pfas_level":2,"notes":null,"regulation_gvt_link":null,"resources_link":"https://geotracker.waterboards.ca.gov/profile_report?global_id=L10007357170","suspected_source_link":"https://geotracker.waterboards.ca.gov/map/pfas_map","pfas_testing_link":"https://geotracker.waterboards.ca.gov/map/pfas_map","site_ref_link":null,"state_ref_link":"https://drive.google.com/drive/u/0/folders/1DWXhXwl1j4L5eKUdO88JdnrMTynHHza5","ObjectId":3415}},{"type":"Feature","id":3416,"geometry":{"type":"Point","coordinates":[-122.805765,38.509931]},"properties":{"site_name":"Charles M Schulz - Sonoma County","other_site_names":null,"state":"California","industry":"Airport","matrix_type":"Groundwater","matrix":"Groundwater","year":2020,"pfoa":"370","pfos":null,"total_pfas":38720,"pfas_level":38720,"notes":null,"regulation_gvt_link":null,"resources_link":"https://geotracker.waterboards.ca.gov/profile_report?global_id=T10000012763","suspected_source_link":"https://geotracker.waterboards.ca.gov/map/pfas_map","pfas_testing_link":"https://geotracker.waterboards.ca.gov/map/pfas_map","site_ref_link":null,"state_ref_link":"https://drive.google.com/drive/u/0/folders/1DWXhXwl1j4L5eKUdO88JdnrMTynHHza5","ObjectId":3416}},{"type":"Feature","id":3417,"geometry":{"type":"Point","coordinates":[-121.1376,40.325303]},"properties":{"site_name":"Chester Class III Landfill","other_site_names":null,"state":"California","industry":"Landfill","matrix_type":"Groundwater","matrix":"Groundwater","year":2019,"pfoa":"130","pfos":"12","total_pfas":347,"pfas_level":347,"notes":null,"regulation_gvt_link":null,"resources_link":"https://geotracker.waterboards.ca.gov/profile_report?global_id=L10008688958","suspected_source_link":"https://geotracker.waterboards.ca.gov/map/pfas_map","pfas_testing_link":"https://geotracker.waterboards.ca.gov/map/pfas_map","site_ref_link":null,"state_ref_link":"https://drive.google.com/drive/u/0/folders/1DWXhXwl1j4L5eKUdO88JdnrMTynHHza5","ObjectId":3417}},{"type":"Feature","id":3418,"geometry":{"type":"Point","coordinates":[-120.631944,35.524221]},"properties":{"site_name":"Chicago Grade Landfill Solid Waste Disposal Service","other_site_names":null,"state":"California","industry":"Landfill","matrix_type":"Groundwater","matrix":"Groundwater","year":2019,"pfoa":"14","pfos":null,"total_pfas":167,"pfas_level":167,"notes":null,"regulation_gvt_link":null,"resources_link":"https://www.waterboards.ca.gov/pfas/","suspected_source_link":"https://geotracker.waterboards.ca.gov/map/pfas_map","pfas_testing_link":"https://geotracker.waterboards.ca.gov/map/pfas_map","site_ref_link":null,"state_ref_link":"https://drive.google.com/drive/u/0/folders/1DWXhXwl1j4L5eKUdO88JdnrMTynHHza5","ObjectId":3418}},{"type":"Feature","id":3419,"geometry":{"type":"Point","coordinates":[-118.928475,35.428546]},"properties":{"site_name":"China Grade Sanitary Landfill","other_site_names":null,"state":"California","industry":"Landfill","matrix_type":"Groundwater","matrix":"Groundwater","year":2019,"pfoa":null,"pfos":null,"total_pfas":87,"pfas_level":87,"notes":null,"regulation_gvt_link":null,"resources_link":"https://geotracker.waterboards.ca.gov/profile_report?global_id=L10002239201","suspected_source_link":"https://geotracker.waterboards.ca.gov/map/pfas_map","pfas_testing_link":"https://geotracker.waterboards.ca.gov/map/pfas_map","site_ref_link":null,"state_ref_link":"https://drive.google.com/drive/u/0/folders/1DWXhXwl1j4L5eKUdO88JdnrMTynHHza5","ObjectId":3419}},{"type":"Feature","id":3420,"geometry":{"type":"Point","coordinates":[-118.64655,34.426092]},"properties":{"site_name":"Chiquita Canyon Landfill","other_site_names":null,"state":"California","industry":"Landfill","matrix_type":"Groundwater","matrix":"Groundwater","year":2019,"pfoa":"1","pfos":null,"total_pfas":70,"pfas_level":70,"notes":null,"regulation_gvt_link":null,"resources_link":"https://www.waterboards.ca.gov/pfas/","suspected_source_link":"https://geotracker.waterboards.ca.gov/map/pfas_map","pfas_testing_link":"https://geotracker.waterboards.ca.gov/map/pfas_map","site_ref_link":null,"state_ref_link":"https://drive.google.com/drive/u/0/folders/1DWXhXwl1j4L5eKUdO88JdnrMTynHHza5","ObjectId":3420}},{"type":"Feature","id":3421,"geometry":{"type":"Point","coordinates":[-121.479687,38.565934]},"properties":{"site_name":"Chrome Craft Facility (Former)","other_site_names":null,"state":"California","industry":"Industry","matrix_type":"Groundwater","matrix":"Groundwater","year":2020,"pfoa":"9","pfos":"2","total_pfas":244,"pfas_level":244,"notes":null,"regulation_gvt_link":null,"resources_link":"https://geotracker.waterboards.ca.gov/profile_report?global_id=SL0606709398","suspected_source_link":"https://geotracker.waterboards.ca.gov/map/pfas_map","pfas_testing_link":"https://geotracker.waterboards.ca.gov/map/pfas_map","site_ref_link":null,"state_ref_link":"https://drive.google.com/drive/u/0/folders/1DWXhXwl1j4L5eKUdO88JdnrMTynHHza5","ObjectId":3421}},{"type":"Feature","id":3422,"geometry":{"type":"Point","coordinates":[-122.410985,40.571324]},"properties":{"site_name":"City Of Redding Benton Class III Landfill","other_site_names":null,"state":"California","industry":"Landfill","matrix_type":"Groundwater","matrix":"Groundwater","year":2020,"pfoa":"190","pfos":"49","total_pfas":801,"pfas_level":801,"notes":null,"regulation_gvt_link":null,"resources_link":"https://geotracker.waterboards.ca.gov/profile_report?global_id=L10008990142","suspected_source_link":"https://geotracker.waterboards.ca.gov/map/pfas_map","pfas_testing_link":"https://geotracker.waterboards.ca.gov/map/pfas_map","site_ref_link":null,"state_ref_link":"https://drive.google.com/drive/u/0/folders/1DWXhXwl1j4L5eKUdO88JdnrMTynHHza5","ObjectId":3422}},{"type":"Feature","id":3423,"geometry":{"type":"Point","coordinates":[-119.61586,35.39896]},"properties":{"site_name":"Clean Harbors Buttonwillow,Inc","other_site_names":null,"state":"California","industry":"Landfill","matrix_type":"Groundwater","matrix":"Groundwater","year":2019,"pfoa":"120","pfos":"3","total_pfas":2077,"pfas_level":2077,"notes":null,"regulation_gvt_link":null,"resources_link":"https://www.waterboards.ca.gov/pfas/","suspected_source_link":"https://geotracker.waterboards.ca.gov/map/pfas_map","pfas_testing_link":"https://geotracker.waterboards.ca.gov/map/pfas_map","site_ref_link":null,"state_ref_link":"https://drive.google.com/drive/u/0/folders/1DWXhXwl1j4L5eKUdO88JdnrMTynHHza5","ObjectId":3423}},{"type":"Feature","id":3424,"geometry":{"type":"Point","coordinates":[-122.533882,38.585342]},"properties":{"site_name":"Clover Flat Landfill","other_site_names":null,"state":"California","industry":"Landfill","matrix_type":"Groundwater","matrix":"Groundwater","year":2020,"pfoa":"63","pfos":null,"total_pfas":319,"pfas_level":319,"notes":null,"regulation_gvt_link":null,"resources_link":"https://geotracker.waterboards.ca.gov/profile_report?global_id=L10001344067","suspected_source_link":"https://napavalleyregister.com/community/star/opinion/forever-chemicals-in-all-samples-at-clover-flat-landfill/article_6fdf9b4f-6ea9-5fcb-83e3-1955be7fb923.html","pfas_testing_link":"https://geotracker.waterboards.ca.gov/map/pfas_map","site_ref_link":null,"state_ref_link":"https://drive.google.com/drive/u/0/folders/1DWXhXwl1j4L5eKUdO88JdnrMTynHHza5","ObjectId":3424}},{"type":"Feature","id":3425,"geometry":{"type":"Point","coordinates":[-119.208355,34.231674]},"properties":{"site_name":"Coastal/Santa Clara Landfill","other_site_names":null,"state":"California","industry":"Landfill","matrix_type":"Groundwater","matrix":"Groundwater","year":2019,"pfoa":"21","pfos":"25","total_pfas":132,"pfas_level":132,"notes":null,"regulation_gvt_link":null,"resources_link":"https://geotracker.waterboards.ca.gov/profile_report?global_id=L10009668847","suspected_source_link":"https://geotracker.waterboards.ca.gov/map/pfas_map","pfas_testing_link":"https://geotracker.waterboards.ca.gov/map/pfas_map","site_ref_link":null,"state_ref_link":"https://drive.google.com/drive/u/0/folders/1DWXhXwl1j4L5eKUdO88JdnrMTynHHza5","ObjectId":3425}},{"type":"Feature","id":3426,"geometry":{"type":"Point","coordinates":[-120.598291,35.18723]},"properties":{"site_name":"Cold Canyon Landfill Inc.","other_site_names":null,"state":"California","industry":"Landfill","matrix_type":"Groundwater","matrix":"Groundwater","year":2020,"pfoa":null,"pfos":null,"total_pfas":974,"pfas_level":974,"notes":null,"regulation_gvt_link":null,"resources_link":"https://geotracker.waterboards.ca.gov/profile_report?global_id=L10009479187","suspected_source_link":"https://geotracker.waterboards.ca.gov/map/pfas_map","pfas_testing_link":"https://geotracker.waterboards.ca.gov/map/pfas_map","site_ref_link":null,"state_ref_link":"https://drive.google.com/drive/u/0/folders/1DWXhXwl1j4L5eKUdO88JdnrMTynHHza5","ObjectId":3426}},{"type":"Feature","id":3427,"geometry":{"type":"Point","coordinates":[-117.538623,33.863283]},"properties":{"site_name":"Corona Sanitary Landfill","other_site_names":null,"state":"California","industry":"Landfill","matrix_type":"Groundwater","matrix":"Groundwater","year":2020,"pfoa":"200","pfos":"34","total_pfas":2072,"pfas_level":2072,"notes":null,"regulation_gvt_link":null,"resources_link":"https://geotracker.waterboards.ca.gov/profile_report?global_id=L10005490322&mytab=esidata#esidata","suspected_source_link":"https://geotracker.waterboards.ca.gov/map/pfas_map#","pfas_testing_link":"https://documents.geotracker.waterboards.ca.gov/esi/uploads/geo_report/8775692284/L10005490322.PDF","site_ref_link":"https://drive.google.com/drive/u/0/folders/1zlmAmlzh4VtXpAQgGEggTcp0kW0SoDzA","state_ref_link":"https://drive.google.com/drive/u/1/folders/1DWXhXwl1j4L5eKUdO88JdnrMTynHHza5","ObjectId":3427}},{"type":"Feature","id":3428,"geometry":{"type":"Point","coordinates":[-121.46975,38.58505]},"properties":{"site_name":"Dellar Landfill","other_site_names":null,"state":"California","industry":"Landfill","matrix_type":"Groundwater","matrix":"Groundwater","year":2019,"pfoa":"120","pfos":"87","total_pfas":606,"pfas_level":606,"notes":null,"regulation_gvt_link":null,"resources_link":"https://geotracker.waterboards.ca.gov/profile_report?global_id=T10000007791","suspected_source_link":"https://geotracker.waterboards.ca.gov/map/pfas_map","pfas_testing_link":"https://geotracker.waterboards.ca.gov/map/pfas_map","site_ref_link":null,"state_ref_link":"https://drive.google.com/drive/u/0/folders/1DWXhXwl1j4L5eKUdO88JdnrMTynHHza5","ObjectId":3428}},{"type":"Feature","id":3429,"geometry":{"type":"Point","coordinates":[-115.409649,33.777196]},"properties":{"site_name":"Desert Center Sanitary","other_site_names":null,"state":"California","industry":"Landfill","matrix_type":"Groundwater","matrix":"Groundwater","year":2019,"pfoa":"1","pfos":null,"total_pfas":8,"pfas_level":8,"notes":null,"regulation_gvt_link":null,"resources_link":"https://geotracker.waterboards.ca.gov/profile_report?global_id=L10009957466","suspected_source_link":"https://geotracker.waterboards.ca.gov/map/pfas_map","pfas_testing_link":"https://geotracker.waterboards.ca.gov/map/pfas_map","site_ref_link":null,"state_ref_link":"https://drive.google.com/drive/u/0/folders/1DWXhXwl1j4L5eKUdO88JdnrMTynHHza5","ObjectId":3429}},{"type":"Feature","id":3430,"geometry":{"type":"Point","coordinates":[-118.118029,33.93024]},"properties":{"site_name":"Downey Industrial Center","other_site_names":null,"state":"California","industry":"Industry","matrix_type":"Groundwater","matrix":"Groundwater","year":2019,"pfoa":"2","pfos":"16","total_pfas":null,"pfas_level":17,"notes":null,"regulation_gvt_link":null,"resources_link":"https://www.waterboards.ca.gov/pfas/","suspected_source_link":"https://geotracker.waterboards.ca.gov/map/pfas_map","pfas_testing_link":"https://geotracker.waterboards.ca.gov/map/pfas_map","site_ref_link":null,"state_ref_link":"https://drive.google.com/drive/u/0/folders/1DWXhXwl1j4L5eKUdO88JdnrMTynHHza5","ObjectId":3430}},{"type":"Feature","id":3431,"geometry":{"type":"Point","coordinates":[-117.098841,32.655946]},"properties":{"site_name":"Duck Pond Landfill","other_site_names":null,"state":"California","industry":"Landfill","matrix_type":"Groundwater","matrix":"Groundwater","year":2019,"pfoa":"22","pfos":"35","total_pfas":139,"pfas_level":139,"notes":null,"regulation_gvt_link":null,"resources_link":"https://geotracker.waterboards.ca.gov/profile_report?global_id=L10009131789","suspected_source_link":"https://geotracker.waterboards.ca.gov/map/pfas_map","pfas_testing_link":"https://geotracker.waterboards.ca.gov/map/pfas_map","site_ref_link":null,"state_ref_link":"https://drive.google.com/drive/u/0/folders/1DWXhXwl1j4L5eKUdO88JdnrMTynHHza5","ObjectId":3431}},{"type":"Feature","id":3432,"geometry":{"type":"Point","coordinates":[-120.214519,39.292717]},"properties":{"site_name":"Eastern Regional Landfill","other_site_names":null,"state":"California","industry":"Landfill","matrix_type":"Groundwater","matrix":"Groundwater","year":2020,"pfoa":"44","pfos":"3","total_pfas":241,"pfas_level":241,"notes":null,"regulation_gvt_link":null,"resources_link":"https://geotracker.waterboards.ca.gov/profile_report?global_id=L10001022155","suspected_source_link":"https://geotracker.waterboards.ca.gov/map/pfas_map","pfas_testing_link":"https://geotracker.waterboards.ca.gov/map/pfas_map","site_ref_link":null,"state_ref_link":"https://drive.google.com/drive/u/0/folders/1DWXhXwl1j4L5eKUdO88JdnrMTynHHza5","ObjectId":3432}},{"type":"Feature","id":3433,"geometry":{"type":"Point","coordinates":[-122.601741,38.95393]},"properties":{"site_name":"Eastlake Landfill","other_site_names":null,"state":"California","industry":"Landfill","matrix_type":"Groundwater","matrix":"Groundwater","year":2019,"pfoa":"240","pfos":"18","total_pfas":1493,"pfas_level":1493,"notes":null,"regulation_gvt_link":null,"resources_link":"https://geotracker.waterboards.ca.gov/profile_report?global_id=L10009540332","suspected_source_link":"https://geotracker.waterboards.ca.gov/map/pfas_map","pfas_testing_link":"https://geotracker.waterboards.ca.gov/map/pfas_map","site_ref_link":null,"state_ref_link":"https://drive.google.com/drive/u/0/folders/1DWXhXwl1j4L5eKUdO88JdnrMTynHHza5","ObjectId":3433}},{"type":"Feature","id":3434,"geometry":{"type":"Point","coordinates":[-116.434748,33.882016]},"properties":{"site_name":"Edom Hill Class III Waste Management Facility 01-141","other_site_names":null,"state":"California","industry":"Landfill","matrix_type":"Groundwater","matrix":"Groundwater","year":2019,"pfoa":"14","pfos":null,"total_pfas":520,"pfas_level":520,"notes":null,"regulation_gvt_link":null,"resources_link":"https://www.waterboards.ca.gov/pfas/","suspected_source_link":"https://geotracker.waterboards.ca.gov/map/pfas_map","pfas_testing_link":"https://geotracker.waterboards.ca.gov/map/pfas_map","site_ref_link":null,"state_ref_link":"https://drive.google.com/drive/u/0/folders/1DWXhXwl1j4L5eKUdO88JdnrMTynHHza5","ObjectId":3434}},{"type":"Feature","id":3435,"geometry":{"type":"Point","coordinates":[-118.392175,33.909366]},"properties":{"site_name":"Edward C. Little Water Reclamation Plant - West Coast Basin Barrier Project - Expansion Phase III","other_site_names":null,"state":"California","industry":"WWTP","matrix_type":"Groundwater","matrix":"Groundwater","year":2020,"pfoa":"4","pfos":"8","total_pfas":12,"pfas_level":12,"notes":"https://ciwqs.waterboards.ca.gov/ciwqs/readOnly/PublicReportPartyAtGlanceServlet?reportID=2&paagrPartyID=51511","regulation_gvt_link":null,"resources_link":"https://www.waterboards.ca.gov/pfas/","suspected_source_link":"https://geotracker.waterboards.ca.gov/map/pfas_map","pfas_testing_link":"https://geotracker.waterboards.ca.gov/map/pfas_map","site_ref_link":null,"state_ref_link":"https://drive.google.com/drive/u/0/folders/1DWXhXwl1j4L5eKUdO88JdnrMTynHHza5","ObjectId":3435}},{"type":"Feature","id":3436,"geometry":{"type":"Point","coordinates":[-117.476232,33.797719]},"properties":{"site_name":"El Sobrante Landfill","other_site_names":null,"state":"California","industry":"Landfill","matrix_type":"Groundwater","matrix":"Groundwater","year":2017,"pfoa":"610","pfos":"40","total_pfas":1449,"pfas_level":1449,"notes":null,"regulation_gvt_link":null,"resources_link":"https://geotracker.waterboards.ca.gov/profile_report?global_id=L10009663094","suspected_source_link":"https://geotracker.waterboards.ca.gov/map/pfas_map","pfas_testing_link":"https://geotracker.waterboards.ca.gov/map/pfas_map","site_ref_link":null,"state_ref_link":"https://drive.google.com/drive/u/0/folders/1DWXhXwl1j4L5eKUdO88JdnrMTynHHza5","ObjectId":3436}},{"type":"Feature","id":3437,"geometry":{"type":"Point","coordinates":[-121.35371,38.41485]},"properties":{"site_name":"Elk Grove Class III Landfill","other_site_names":null,"state":"California","industry":"Landfill","matrix_type":"Groundwater","matrix":"Groundwater","year":2019,"pfoa":"2","pfos":null,"total_pfas":29,"pfas_level":29,"notes":null,"regulation_gvt_link":null,"resources_link":"https://geotracker.waterboards.ca.gov/profile_report?global_id=L10008601447","suspected_source_link":"https://geotracker.waterboards.ca.gov/map/pfas_map","pfas_testing_link":"https://geotracker.waterboards.ca.gov/map/pfas_map","site_ref_link":null,"state_ref_link":"https://drive.google.com/drive/u/0/folders/1DWXhXwl1j4L5eKUdO88JdnrMTynHHza5","ObjectId":3437}},{"type":"Feature","id":3438,"geometry":{"type":"Point","coordinates":[-121.43105,38.56053]},"properties":{"site_name":"Elvas Quarry Landfill","other_site_names":null,"state":"California","industry":"Landfill","matrix_type":"Groundwater","matrix":"Groundwater","year":2019,"pfoa":"9200","pfos":"72000","total_pfas":320400,"pfas_level":320400,"notes":null,"regulation_gvt_link":null,"resources_link":"https://geotracker.waterboards.ca.gov/profile_report?global_id=T10000007940","suspected_source_link":"https://geotracker.waterboards.ca.gov/map/pfas_map","pfas_testing_link":"https://geotracker.waterboards.ca.gov/map/pfas_map","site_ref_link":null,"state_ref_link":"https://drive.google.com/drive/u/0/folders/1DWXhXwl1j4L5eKUdO88JdnrMTynHHza5","ObjectId":3438}},{"type":"Feature","id":3439,"geometry":{"type":"Point","coordinates":[-117.251173,33.03979]},"properties":{"site_name":"Encinitas II Landfill","other_site_names":null,"state":"California","industry":"Landfill","matrix_type":"Groundwater","matrix":"Groundwater","year":2019,"pfoa":null,"pfos":null,"total_pfas":31,"pfas_level":31,"notes":null,"regulation_gvt_link":null,"resources_link":"https://geotracker.waterboards.ca.gov/profile_report?global_id=L10007407136&mytab=esidata#esidata","suspected_source_link":"https://geotracker.waterboards.ca.gov/map/pfas_map#","pfas_testing_link":"https://geotracker.waterboards.ca.gov/profile_report?cmd=mwreport&global_id=L10007407136&con_num=2680208683","site_ref_link":null,"state_ref_link":"https://drive.google.com/drive/u/1/folders/1DWXhXwl1j4L5eKUdO88JdnrMTynHHza5","ObjectId":3439}},{"type":"Feature","id":3440,"geometry":{"type":"Point","coordinates":[-120.197154,37.063652]},"properties":{"site_name":"Fairmead Solid Waste Disposal Service","other_site_names":null,"state":"California","industry":"Landfill","matrix_type":"Groundwater","matrix":"Groundwater","year":2019,"pfoa":"1","pfos":null,"total_pfas":10,"pfas_level":10,"notes":null,"regulation_gvt_link":null,"resources_link":"https://www.waterboards.ca.gov/pfas/","suspected_source_link":"https://geotracker.waterboards.ca.gov/map/pfas_map","pfas_testing_link":"https://geotracker.waterboards.ca.gov/map/pfas_map","site_ref_link":null,"state_ref_link":"https://drive.google.com/drive/u/0/folders/1DWXhXwl1j4L5eKUdO88JdnrMTynHHza5","ObjectId":3440}},{"type":"Feature","id":3441,"geometry":{"type":"Point","coordinates":[-120.934634,38.035311]},"properties":{"site_name":"Foothill Sanitary Landfill","other_site_names":null,"state":"California","industry":"Landfill","matrix_type":"Groundwater","matrix":"Groundwater","year":2020,"pfoa":"1100","pfos":"56","total_pfas":12055,"pfas_level":12055,"notes":null,"regulation_gvt_link":null,"resources_link":"https://geotracker.waterboards.ca.gov/profile_report?global_id=L10003929056","suspected_source_link":"https://geotracker.waterboards.ca.gov/map/pfas_map","pfas_testing_link":"https://geotracker.waterboards.ca.gov/map/pfas_map","site_ref_link":null,"state_ref_link":"https://drive.google.com/drive/u/0/folders/1DWXhXwl1j4L5eKUdO88JdnrMTynHHza5","ObjectId":3441}},{"type":"Feature","id":3442,"geometry":{"type":"Point","coordinates":[-118.341202,33.844988]},"properties":{"site_name":"Former Amp-Matrix Science Facility","other_site_names":null,"state":"California","industry":"Industry","matrix_type":"Groundwater","matrix":"Groundwater","year":2020,"pfoa":"2","pfos":null,"total_pfas":148,"pfas_level":148,"notes":null,"regulation_gvt_link":null,"resources_link":"https://geotracker.waterboards.ca.gov/profile_report?global_id=SL204811687","suspected_source_link":"https://geotracker.waterboards.ca.gov/map/pfas_map","pfas_testing_link":"https://geotracker.waterboards.ca.gov/map/pfas_map","site_ref_link":null,"state_ref_link":"https://drive.google.com/drive/u/0/folders/1DWXhXwl1j4L5eKUdO88JdnrMTynHHza5","ObjectId":3442}},{"type":"Feature","id":3443,"geometry":{"type":"Point","coordinates":[-117.04497,32.59369]},"properties":{"site_name":"Former Omar Rendering Landfill","other_site_names":null,"state":"California","industry":"Landfill","matrix_type":"Groundwater","matrix":"Groundwater","year":2019,"pfoa":"2","pfos":"18","total_pfas":128,"pfas_level":128,"notes":"Hazardous waste material between 1959 and 1978","regulation_gvt_link":null,"resources_link":"https://geotracker.waterboards.ca.gov/profile_report?global_id=L10003156547&mytab=esidata#esidata","suspected_source_link":"https://geotracker.waterboards.ca.gov/map/pfas_map#","pfas_testing_link":"https://documents.geotracker.waterboards.ca.gov/esi/uploads/geo_report/7686266422/L10003156547.PDF","site_ref_link":null,"state_ref_link":"https://drive.google.com/drive/u/1/folders/1DWXhXwl1j4L5eKUdO88JdnrMTynHHza5","ObjectId":3443}},{"type":"Feature","id":3444,"geometry":{"type":"Point","coordinates":[-117.661503,33.491419]},"properties":{"site_name":"Forster Canyon Landfill","other_site_names":null,"state":"California","industry":"Landfill","matrix_type":"Groundwater","matrix":"Groundwater","year":2019,"pfoa":"5","pfos":"9","total_pfas":68,"pfas_level":68,"notes":null,"regulation_gvt_link":null,"resources_link":"https://geotracker.waterboards.ca.gov/profile_report?global_id=L10004423988&mytab=esidata#esidata","suspected_source_link":"https://geotracker.waterboards.ca.gov/map/pfas_map#","pfas_testing_link":"https://documents.geotracker.waterboards.ca.gov/esi/uploads/geo_report/1182634830/L10004423988.PDF","site_ref_link":"https://drive.google.com/drive/u/0/folders/1DX8tVxGJteE5SKd37-sBAW0PtU6NuWzG","state_ref_link":"https://drive.google.com/drive/u/1/folders/1DWXhXwl1j4L5eKUdO88JdnrMTynHHza5","ObjectId":3444}},{"type":"Feature","id":3445,"geometry":{"type":"Point","coordinates":[-120.155129,41.877008]},"properties":{"site_name":"Fort Bidwell Solid Waste Disposal Service","other_site_names":null,"state":"California","industry":"Landfill","matrix_type":"Groundwater","matrix":"Groundwater","year":2020,"pfoa":"72","pfos":"6","total_pfas":302,"pfas_level":302,"notes":null,"regulation_gvt_link":null,"resources_link":"https://www.waterboards.ca.gov/pfas/","suspected_source_link":"https://geotracker.waterboards.ca.gov/map/pfas_map","pfas_testing_link":"https://geotracker.waterboards.ca.gov/map/pfas_map","site_ref_link":null,"state_ref_link":"https://drive.google.com/drive/u/0/folders/1DWXhXwl1j4L5eKUdO88JdnrMTynHHza5","ObjectId":3445}},{"type":"Feature","id":3446,"geometry":{"type":"Point","coordinates":[-121.187656,37.875254]},"properties":{"site_name":"Forward Landfill","other_site_names":null,"state":"California","industry":"Landfill","matrix_type":"Groundwater","matrix":"Groundwater","year":2020,"pfoa":"7000","pfos":"440","total_pfas":55100,"pfas_level":55100,"notes":null,"regulation_gvt_link":null,"resources_link":"https://geotracker.waterboards.ca.gov/profile_report?global_id=L10008827999","suspected_source_link":"https://geotracker.waterboards.ca.gov/map/pfas_map","pfas_testing_link":"https://geotracker.waterboards.ca.gov/map/pfas_map","site_ref_link":null,"state_ref_link":"https://drive.google.com/drive/u/0/folders/1DWXhXwl1j4L5eKUdO88JdnrMTynHHza5","ObjectId":3446}},{"type":"Feature","id":3447,"geometry":{"type":"Point","coordinates":[-116.983113,32.81877]},"properties":{"site_name":"Gillespie Landfill","other_site_names":null,"state":"California","industry":"Landfill","matrix_type":"Groundwater","matrix":"Groundwater","year":2019,"pfoa":"15","pfos":"7","total_pfas":224,"pfas_level":224,"notes":null,"regulation_gvt_link":null,"resources_link":"https://geotracker.waterboards.ca.gov/profile_report?global_id=L10005408290","suspected_source_link":"https://geotracker.waterboards.ca.gov/map/pfas_map","pfas_testing_link":"https://geotracker.waterboards.ca.gov/map/pfas_map","site_ref_link":null,"state_ref_link":"https://drive.google.com/drive/u/0/folders/1DWXhXwl1j4L5eKUdO88JdnrMTynHHza5","ObjectId":3447}},{"type":"Feature","id":3448,"geometry":{"type":"Point","coordinates":[-122.285496,39.634602]},"properties":{"site_name":"Glenn County Class III Landfill","other_site_names":null,"state":"California","industry":"Landfill","matrix_type":"Groundwater","matrix":"Groundwater","year":2019,"pfoa":"120","pfos":null,"total_pfas":267,"pfas_level":267,"notes":null,"regulation_gvt_link":null,"resources_link":"https://geotracker.waterboards.ca.gov/profile_report?global_id=L10002325362","suspected_source_link":"https://geotracker.waterboards.ca.gov/map/pfas_map","pfas_testing_link":"https://geotracker.waterboards.ca.gov/map/pfas_map","site_ref_link":null,"state_ref_link":"https://drive.google.com/drive/u/0/folders/1DWXhXwl1j4L5eKUdO88JdnrMTynHHza5","ObjectId":3448}},{"type":"Feature","id":3449,"geometry":{"type":"Point","coordinates":[-121.031056,39.953964]},"properties":{"site_name":"Gopher Hill Class III Landfill","other_site_names":null,"state":"California","industry":"Landfill","matrix_type":"Groundwater","matrix":"Groundwater","year":2019,"pfoa":"5","pfos":"2","total_pfas":16,"pfas_level":16,"notes":null,"regulation_gvt_link":null,"resources_link":"https://geotracker.waterboards.ca.gov/profile_report?global_id=L10002176933","suspected_source_link":"https://geotracker.waterboards.ca.gov/map/pfas_map","pfas_testing_link":"https://geotracker.waterboards.ca.gov/map/pfas_map","site_ref_link":null,"state_ref_link":"https://drive.google.com/drive/u/0/folders/1DWXhXwl1j4L5eKUdO88JdnrMTynHHza5","ObjectId":3449}},{"type":"Feature","id":3450,"geometry":{"type":"Point","coordinates":[-121.649108,38.174659]},"properties":{"site_name":"Grand Island Class III Landfil","other_site_names":null,"state":"California","industry":"Landfill","matrix_type":"Groundwater","matrix":"Groundwater","year":2019,"pfoa":"66","pfos":"13","total_pfas":280,"pfas_level":280,"notes":null,"regulation_gvt_link":null,"resources_link":"https://geotracker.waterboards.ca.gov/profile_report?global_id=L10006027844","suspected_source_link":"https://geotracker.waterboards.ca.gov/map/pfas_map","pfas_testing_link":"https://geotracker.waterboards.ca.gov/map/pfas_map","site_ref_link":null,"state_ref_link":"https://drive.google.com/drive/u/0/folders/1DWXhXwl1j4L5eKUdO88JdnrMTynHHza5","ObjectId":3450}},{"type":"Feature","id":3451,"geometry":{"type":"Point","coordinates":[-121.903677,37.21696]},"properties":{"site_name":"Guadalupe Landfill","other_site_names":null,"state":"California","industry":"Landfill","matrix_type":"Groundwater","matrix":"Groundwater","year":2020,"pfoa":"29","pfos":"2","total_pfas":454,"pfas_level":454,"notes":null,"regulation_gvt_link":null,"resources_link":"https://geotracker.waterboards.ca.gov/profile_report?global_id=L10007582376","suspected_source_link":"https://geotracker.waterboards.ca.gov/map/pfas_map","pfas_testing_link":"https://geotracker.waterboards.ca.gov/map/pfas_map","site_ref_link":null,"state_ref_link":"https://drive.google.com/drive/u/0/folders/1DWXhXwl1j4L5eKUdO88JdnrMTynHHza5","ObjectId":3451}},{"type":"Feature","id":3452,"geometry":{"type":"Point","coordinates":[-119.596927,36.302737]},"properties":{"site_name":"Hanford Municipal Solid Waste Disposal Service","other_site_names":null,"state":"California","industry":"Landfill","matrix_type":"Groundwater","matrix":"Groundwater","year":2019,"pfoa":"1","pfos":null,"total_pfas":11,"pfas_level":11,"notes":null,"regulation_gvt_link":null,"resources_link":"https://www.waterboards.ca.gov/pfas/","suspected_source_link":"https://geotracker.waterboards.ca.gov/map/pfas_map","pfas_testing_link":"https://geotracker.waterboards.ca.gov/map/pfas_map","site_ref_link":null,"state_ref_link":"https://drive.google.com/drive/u/0/folders/1DWXhXwl1j4L5eKUdO88JdnrMTynHHza5","ObjectId":3452}},{"type":"Feature","id":3453,"geometry":{"type":"Point","coordinates":[-121.100573,38.097901]},"properties":{"site_name":"Harney Lane Class III Landfill","other_site_names":null,"state":"California","industry":"Landfill","matrix_type":"Groundwater","matrix":"Groundwater","year":2020,"pfoa":null,"pfos":null,"total_pfas":3,"pfas_level":3,"notes":null,"regulation_gvt_link":null,"resources_link":"https://geotracker.waterboards.ca.gov/profile_report?global_id=L10008701564","suspected_source_link":"https://geotracker.waterboards.ca.gov/map/pfas_map","pfas_testing_link":"https://geotracker.waterboards.ca.gov/map/pfas_map","site_ref_link":null,"state_ref_link":"https://drive.google.com/drive/u/0/folders/1DWXhXwl1j4L5eKUdO88JdnrMTynHHza5","ObjectId":3453}},{"type":"Feature","id":3454,"geometry":{"type":"Point","coordinates":[-117.350363,34.344608]},"properties":{"site_name":"Hesperia Class III Landfill","other_site_names":null,"state":"California","industry":"Landfill","matrix_type":"Groundwater","matrix":"Groundwater","year":2019,"pfoa":"1","pfos":"1","total_pfas":10,"pfas_level":10,"notes":null,"regulation_gvt_link":null,"resources_link":"https://geotracker.waterboards.ca.gov/profile_report?global_id=L10001835552","suspected_source_link":"https://geotracker.waterboards.ca.gov/map/pfas_map","pfas_testing_link":"https://geotracker.waterboards.ca.gov/map/pfas_map","site_ref_link":null,"state_ref_link":"https://drive.google.com/drive/u/0/folders/1DWXhXwl1j4L5eKUdO88JdnrMTynHHza5","ObjectId":3454}},{"type":"Feature","id":3455,"geometry":{"type":"Point","coordinates":[-118.396711,34.204876]},"properties":{"site_name":"Hewitt Landfill","other_site_names":null,"state":"California","industry":"Landfill","matrix_type":"Groundwater","matrix":"Groundwater","year":2018,"pfoa":null,"pfos":null,"total_pfas":3548,"pfas_level":3548,"notes":null,"regulation_gvt_link":null,"resources_link":"https://geotracker.waterboards.ca.gov/profile_report?global_id=T10000004448","suspected_source_link":"https://geotracker.waterboards.ca.gov/map/pfas_map","pfas_testing_link":"https://geotracker.waterboards.ca.gov/map/pfas_map","site_ref_link":null,"state_ref_link":"https://drive.google.com/drive/u/0/folders/1DWXhXwl1j4L5eKUdO88JdnrMTynHHza5","ObjectId":3455}},{"type":"Feature","id":3456,"geometry":{"type":"Point","coordinates":[-122.739831,38.471964]},"properties":{"site_name":"Hewlett Packard Valley Site","other_site_names":null,"state":"California","industry":"Industry","matrix_type":"Groundwater","matrix":"Groundwater","year":2020,"pfoa":"47","pfos":"48","total_pfas":418,"pfas_level":418,"notes":null,"regulation_gvt_link":null,"resources_link":"N/A","suspected_source_link":"https://geotracker.waterboards.ca.gov/map/pfas_map","pfas_testing_link":"https://geotracker.waterboards.ca.gov/map/pfas_map","site_ref_link":null,"state_ref_link":"https://drive.google.com/drive/u/0/folders/1DWXhXwl1j4L5eKUdO88JdnrMTynHHza5","ObjectId":3456}},{"type":"Feature","id":3457,"geometry":{"type":"Point","coordinates":[-121.980081,37.418038]},"properties":{"site_name":"Highway 237 Landfill","other_site_names":null,"state":"California","industry":"Landfill","matrix_type":"Groundwater","matrix":"Groundwater","year":2019,"pfoa":"530","pfos":"38","total_pfas":4472,"pfas_level":4472,"notes":null,"regulation_gvt_link":null,"resources_link":"https://geotracker.waterboards.ca.gov/profile_report?global_id=L10005750092","suspected_source_link":"https://geotracker.waterboards.ca.gov/map/pfas_map","pfas_testing_link":"https://geotracker.waterboards.ca.gov/map/pfas_map","site_ref_link":null,"state_ref_link":"https://drive.google.com/drive/u/0/folders/1DWXhXwl1j4L5eKUdO88JdnrMTynHHza5","ObjectId":3457}},{"type":"Feature","id":3458,"geometry":{"type":"Point","coordinates":[-120.499975,37.390138]},"properties":{"site_name":"Highway 59 Solid Waste Landfill","other_site_names":null,"state":"California","industry":"Landfill","matrix_type":"Groundwater","matrix":"Groundwater","year":2020,"pfoa":"5","pfos":null,"total_pfas":114,"pfas_level":114,"notes":null,"regulation_gvt_link":null,"resources_link":"https://geotracker.waterboards.ca.gov/profile_report?global_id=L10002455947","suspected_source_link":"https://geotracker.waterboards.ca.gov/map/pfas_map","pfas_testing_link":"https://geotracker.waterboards.ca.gov/map/pfas_map","site_ref_link":null,"state_ref_link":"https://drive.google.com/drive/u/0/folders/1DWXhXwl1j4L5eKUdO88JdnrMTynHHza5","ObjectId":3458}},{"type":"Feature","id":3459,"geometry":{"type":"Point","coordinates":[-115.278689,32.848702]},"properties":{"site_name":"Holtville Class III Waste Management Facility","other_site_names":null,"state":"California","industry":"Landfill","matrix_type":"Groundwater","matrix":"Groundwater","year":2019,"pfoa":null,"pfos":null,"total_pfas":1,"pfas_level":1,"notes":null,"regulation_gvt_link":null,"resources_link":"https://geotracker.waterboards.ca.gov/profile_report?global_id=L10005968736&mytab=esidata#esidata","suspected_source_link":"https://geotracker.waterboards.ca.gov/map/pfas_map#","pfas_testing_link":"https://geotracker.waterboards.ca.gov/profile_report?cmd=mwreport&global_id=L10005968736&con_num=7771874487","site_ref_link":null,"state_ref_link":"https://drive.google.com/drive/u/1/folders/1DWXhXwl1j4L5eKUdO88JdnrMTynHHza5","ObjectId":3459}},{"type":"Feature","id":3460,"geometry":{"type":"Point","coordinates":[-115.670999,33.398546]},"properties":{"site_name":"Hot Spa Imperial County Landfill","other_site_names":null,"state":"California","industry":"Landfill","matrix_type":"Groundwater","matrix":"Groundwater","year":2019,"pfoa":null,"pfos":null,"total_pfas":16,"pfas_level":16,"notes":null,"regulation_gvt_link":null,"resources_link":"https://geotracker.waterboards.ca.gov/profile_report?global_id=L10009821173&mytab=esidata#esidata","suspected_source_link":"https://geotracker.waterboards.ca.gov/map/pfas_map#","pfas_testing_link":"https://geotracker.waterboards.ca.gov/profile_report?cmd=mwreport&global_id=L10009821173&con_num=5662054240","site_ref_link":null,"state_ref_link":"https://drive.google.com/drive/u/1/folders/1DWXhXwl1j4L5eKUdO88JdnrMTynHHza5","ObjectId":3460}},{"type":"Feature","id":3461,"geometry":{"type":"Point","coordinates":[-118.457811,34.033648]},"properties":{"site_name":"Hudson Element La","other_site_names":null,"state":"California","industry":"Industry","matrix_type":"Groundwater","matrix":"Groundwater","year":2018,"pfoa":"19","pfos":"2","total_pfas":66,"pfas_level":66,"notes":null,"regulation_gvt_link":null,"resources_link":"https://geotracker.waterboards.ca.gov/profile_report?global_id=SL0603705527","suspected_source_link":"https://geotracker.waterboards.ca.gov/map/pfas_map","pfas_testing_link":"https://geotracker.waterboards.ca.gov/map/pfas_map","site_ref_link":null,"state_ref_link":"https://drive.google.com/drive/u/0/folders/1DWXhXwl1j4L5eKUdO88JdnrMTynHHza5","ObjectId":3461}},{"type":"Feature","id":3462,"geometry":{"type":"Point","coordinates":[-115.682227,32.845942]},"properties":{"site_name":"Imperial County Class III Waste Management Facility","other_site_names":null,"state":"California","industry":"Landfill","matrix_type":"Groundwater","matrix":"Groundwater","year":2019,"pfoa":"8","pfos":"13","total_pfas":57,"pfas_level":57,"notes":null,"regulation_gvt_link":null,"resources_link":"https://geotracker.waterboards.ca.gov/profile_report?global_id=L10007284831&mytab=esidata#esidata","suspected_source_link":"https://geotracker.waterboards.ca.gov/map/pfas_map#","pfas_testing_link":"https://geotracker.waterboards.ca.gov/profile_report?cmd=mwreport&global_id=L10007284831&con_num=8705660343","site_ref_link":null,"state_ref_link":"https://drive.google.com/drive/u/1/folders/1DWXhXwl1j4L5eKUdO88JdnrMTynHHza5","ObjectId":3462}},{"type":"Feature","id":3463,"geometry":{"type":"Point","coordinates":[-115.52682,32.85503]},"properties":{"site_name":"Imperial Landfill","other_site_names":null,"state":"California","industry":"Landfill","matrix_type":"Groundwater","matrix":"Groundwater","year":2020,"pfoa":"36","pfos":"2","total_pfas":162,"pfas_level":162,"notes":null,"regulation_gvt_link":null,"resources_link":"https://geotracker.waterboards.ca.gov/profile_report?global_id=L10005391970","suspected_source_link":"https://geotracker.waterboards.ca.gov/map/pfas_map#","pfas_testing_link":"https://documents.geotracker.waterboards.ca.gov/regulators/deliverable_documents/9693821549/Imperial%20PFAS%20Report%20(003).pdf","site_ref_link":"https://drive.google.com/drive/folders/1R015s56WYi8M29Eah0g0xg8UFhUMlDXi","state_ref_link":"https://drive.google.com/drive/u/1/folders/1DWXhXwl1j4L5eKUdO88JdnrMTynHHza5","ObjectId":3463}},{"type":"Feature","id":3464,"geometry":{"type":"Point","coordinates":[-121.301992,38.568759]},"properties":{"site_name":"Inactive Rancho Cordova Test Site - Mcdonnell Douglas","other_site_names":"Aerojet Inactive, Aerojet General Corp.","state":"California","industry":"Industry","matrix_type":"Groundwater","matrix":"Groundwater","year":2019,"pfoa":"11","pfos":"8","total_pfas":41,"pfas_level":41,"notes":null,"regulation_gvt_link":null,"resources_link":"https://geotracker.waterboards.ca.gov/profile_report?global_id=SL205493018","suspected_source_link":"https://geotracker.waterboards.ca.gov/map/pfas_map","pfas_testing_link":"https://geotracker.waterboards.ca.gov/map/pfas_map","site_ref_link":null,"state_ref_link":"https://drive.google.com/drive/u/0/folders/1DWXhXwl1j4L5eKUdO88JdnrMTynHHza5","ObjectId":3464}},{"type":"Feature","id":3465,"geometry":{"type":"Point","coordinates":[-121.589533,40.938644]},"properties":{"site_name":"Intermountain Class III Landfill","other_site_names":null,"state":"California","industry":"Landfill","matrix_type":"Groundwater","matrix":"Groundwater","year":2019,"pfoa":null,"pfos":null,"total_pfas":22,"pfas_level":22,"notes":null,"regulation_gvt_link":null,"resources_link":"https://geotracker.waterboards.ca.gov/profile_report?global_id=L10004557882","suspected_source_link":"https://geotracker.waterboards.ca.gov/map/pfas_map","pfas_testing_link":"https://geotracker.waterboards.ca.gov/map/pfas_map","site_ref_link":null,"state_ref_link":"https://drive.google.com/drive/u/0/folders/1DWXhXwl1j4L5eKUdO88JdnrMTynHHza5","ObjectId":3465}},{"type":"Feature","id":3466,"geometry":{"type":"Point","coordinates":[-116.943629,32.732703]},"properties":{"site_name":"Jamacha Sanitary Landfill","other_site_names":null,"state":"California","industry":"Landfill","matrix_type":"Groundwater","matrix":"Groundwater","year":2019,"pfoa":"110","pfos":"58","total_pfas":818,"pfas_level":818,"notes":null,"regulation_gvt_link":null,"resources_link":"https://geotracker.waterboards.ca.gov/profile_report?global_id=L10004933936&mytab=esidata#esidata","suspected_source_link":"https://geotracker.waterboards.ca.gov/map/pfas_map#","pfas_testing_link":"https://geotracker.waterboards.ca.gov/profile_report?cmd=mwreport&global_id=L10004933936&con_num=1821158289","site_ref_link":null,"state_ref_link":"https://drive.google.com/drive/u/1/folders/1DWXhXwl1j4L5eKUdO88JdnrMTynHHza5","ObjectId":3466}},{"type":"Feature","id":3467,"geometry":{"type":"Point","coordinates":[-121.326677,36.823737]},"properties":{"site_name":"John Smith Road Class III Landfill","other_site_names":null,"state":"California","industry":"Landfill","matrix_type":"Groundwater","matrix":"Groundwater","year":2020,"pfoa":"110","pfos":null,"total_pfas":913,"pfas_level":913,"notes":null,"regulation_gvt_link":null,"resources_link":"https://geotracker.waterboards.ca.gov/profile_report?global_id=L10008478954","suspected_source_link":"https://geotracker.waterboards.ca.gov/map/pfas_map","pfas_testing_link":"https://geotracker.waterboards.ca.gov/map/pfas_map","site_ref_link":null,"state_ref_link":"https://drive.google.com/drive/u/0/folders/1DWXhXwl1j4L5eKUdO88JdnrMTynHHza5","ObjectId":3467}},{"type":"Feature","id":3468,"geometry":{"type":"Point","coordinates":[-117.869113,33.676187]},"properties":{"site_name":"John Wayne Airport","other_site_names":null,"state":"California","industry":"Airport","matrix_type":"Groundwater","matrix":"Groundwater","year":2019,"pfoa":"13800","pfos":"1830","total_pfas":145121,"pfas_level":145121,"notes":null,"regulation_gvt_link":null,"resources_link":"https://geotracker.waterboards.ca.gov/profile_report?global_id=T10000012860","suspected_source_link":"https://geotracker.waterboards.ca.gov/map/pfas_map","pfas_testing_link":"https://geotracker.waterboards.ca.gov/map/pfas_map","site_ref_link":null,"state_ref_link":"https://drive.google.com/drive/u/0/folders/1DWXhXwl1j4L5eKUdO88JdnrMTynHHza5","ObjectId":3468}},{"type":"Feature","id":3469,"geometry":{"type":"Point","coordinates":[-121.409232,36.531875]},"properties":{"site_name":"Johnson Canyon Class III Landfill","other_site_names":null,"state":"California","industry":"Landfill","matrix_type":"Groundwater","matrix":"Groundwater","year":2019,"pfoa":"2","pfos":"1","total_pfas":11,"pfas_level":11,"notes":null,"regulation_gvt_link":null,"resources_link":"https://geotracker.waterboards.ca.gov/profile_report?global_id=L10004488988","suspected_source_link":"https://geotracker.waterboards.ca.gov/map/pfas_map","pfas_testing_link":"https://geotracker.waterboards.ca.gov/map/pfas_map","site_ref_link":null,"state_ref_link":"https://drive.google.com/drive/u/0/folders/1DWXhXwl1j4L5eKUdO88JdnrMTynHHza5","ObjectId":3469}},{"type":"Feature","id":3470,"geometry":{"type":"Point","coordinates":[-121.934513,38.003989]},"properties":{"site_name":"Keller Canyon Landfill","other_site_names":null,"state":"California","industry":"Landfill","matrix_type":"Groundwater","matrix":"Groundwater","year":2020,"pfoa":"3","pfos":null,"total_pfas":67,"pfas_level":67,"notes":null,"regulation_gvt_link":null,"resources_link":"https://geotracker.waterboards.ca.gov/profile_report?global_id=L10008210862","suspected_source_link":"https://geotracker.waterboards.ca.gov/map/pfas_map","pfas_testing_link":"https://geotracker.waterboards.ca.gov/map/pfas_map","site_ref_link":null,"state_ref_link":"https://drive.google.com/drive/u/0/folders/1DWXhXwl1j4L5eKUdO88JdnrMTynHHza5","ObjectId":3470}},{"type":"Feature","id":3471,"geometry":{"type":"Point","coordinates":[-118.106204,35.990674]},"properties":{"site_name":"Kennedy Meadows Solid Waste Disposal Service","other_site_names":null,"state":"California","industry":"Landfill","matrix_type":"Groundwater","matrix":"Groundwater","year":2019,"pfoa":null,"pfos":null,"total_pfas":98,"pfas_level":98,"notes":null,"regulation_gvt_link":null,"resources_link":"https://www.waterboards.ca.gov/pfas/","suspected_source_link":"https://geotracker.waterboards.ca.gov/map/pfas_map","pfas_testing_link":"https://geotracker.waterboards.ca.gov/map/pfas_map","site_ref_link":null,"state_ref_link":"https://drive.google.com/drive/u/0/folders/1DWXhXwl1j4L5eKUdO88JdnrMTynHHza5","ObjectId":3471}},{"type":"Feature","id":3472,"geometry":{"type":"Point","coordinates":[-121.194723,38.51467]},"properties":{"site_name":"Kiefer Road- Class III Solid Waste Disposal Service","other_site_names":null,"state":"California","industry":"Landfill","matrix_type":"Groundwater","matrix":"Groundwater","year":2020,"pfoa":"87","pfos":null,"total_pfas":441,"pfas_level":441,"notes":null,"regulation_gvt_link":null,"resources_link":"https://www.waterboards.ca.gov/pfas/","suspected_source_link":"https://geotracker.waterboards.ca.gov/map/pfas_map","pfas_testing_link":"https://geotracker.waterboards.ca.gov/map/pfas_map","site_ref_link":null,"state_ref_link":"https://drive.google.com/drive/u/0/folders/1DWXhXwl1j4L5eKUdO88JdnrMTynHHza5","ObjectId":3472}},{"type":"Feature","id":3473,"geometry":{"type":"Point","coordinates":[-121.678857,37.184113]},"properties":{"site_name":"Kirby Canyon Landfill","other_site_names":null,"state":"California","industry":"Landfill","matrix_type":"Groundwater","matrix":"Groundwater","year":2020,"pfoa":"5","pfos":"5","total_pfas":99,"pfas_level":99,"notes":null,"regulation_gvt_link":null,"resources_link":"https://geotracker.waterboards.ca.gov/profile_report?global_id=L10006120966","suspected_source_link":"https://geotracker.waterboards.ca.gov/map/pfas_map","pfas_testing_link":"https://geotracker.waterboards.ca.gov/map/pfas_map","site_ref_link":null,"state_ref_link":"https://drive.google.com/drive/u/0/folders/1DWXhXwl1j4L5eKUdO88JdnrMTynHHza5","ObjectId":3473}},{"type":"Feature","id":3474,"geometry":{"type":"Point","coordinates":[-121.38439,38.525418]},"properties":{"site_name":"L And D Landfill Company","other_site_names":null,"state":"California","industry":"Landfill","matrix_type":"Groundwater","matrix":"Groundwater","year":2019,"pfoa":"3","pfos":"16","total_pfas":144,"pfas_level":144,"notes":null,"regulation_gvt_link":null,"resources_link":"https://geotracker.waterboards.ca.gov/profile_report?global_id=L10004137499","suspected_source_link":"https://geotracker.waterboards.ca.gov/map/pfas_map","pfas_testing_link":"https://geotracker.waterboards.ca.gov/map/pfas_map","site_ref_link":null,"state_ref_link":"https://drive.google.com/drive/u/0/folders/1DWXhXwl1j4L5eKUdO88JdnrMTynHHza5","ObjectId":3474}},{"type":"Feature","id":3475,"geometry":{"type":"Point","coordinates":[-116.994893,33.881629]},"properties":{"site_name":"Lamb Canyon Landfill","other_site_names":null,"state":"California","industry":"Landfill","matrix_type":"Groundwater","matrix":"Groundwater","year":2018,"pfoa":null,"pfos":null,"total_pfas":82,"pfas_level":82,"notes":null,"regulation_gvt_link":null,"resources_link":"https://geotracker.waterboards.ca.gov/profile_report?global_id=L10004177173&mytab=esidata#esidata","suspected_source_link":"https://geotracker.waterboards.ca.gov/map/pfas_map#","pfas_testing_link":"https://documents.geotracker.waterboards.ca.gov/esi/uploads/geo_report/7698898553/L10004177173.PDF","site_ref_link":"https://drive.google.com/drive/u/0/folders/1yS_r_Tck9RHM1z8KzHZ8YQ5WfasnL-yN","state_ref_link":"https://drive.google.com/drive/u/1/folders/1DWXhXwl1j4L5eKUdO88JdnrMTynHHza5","ObjectId":3475}},{"type":"Feature","id":3476,"geometry":{"type":"Point","coordinates":[-118.117597,34.744257]},"properties":{"site_name":"Lancaster Class III Landfill & Recycling Center","other_site_names":null,"state":"California","industry":"Landfill","matrix_type":"Groundwater","matrix":"Groundwater","year":2019,"pfoa":"7","pfos":"15","total_pfas":69,"pfas_level":69,"notes":null,"regulation_gvt_link":null,"resources_link":"https://geotracker.waterboards.ca.gov/profile_report?global_id=L10009466231","suspected_source_link":"https://geotracker.waterboards.ca.gov/map/pfas_map","pfas_testing_link":"https://geotracker.waterboards.ca.gov/map/pfas_map","site_ref_link":null,"state_ref_link":"https://drive.google.com/drive/u/0/folders/1DWXhXwl1j4L5eKUdO88JdnrMTynHHza5","ObjectId":3476}},{"type":"Feature","id":3477,"geometry":{"type":"Point","coordinates":[-116.369275,34.237283]},"properties":{"site_name":"Landers Class III Waste Management Facility","other_site_names":null,"state":"California","industry":"Landfill","matrix_type":"Groundwater","matrix":"Groundwater","year":2019,"pfoa":"16","pfos":"4","total_pfas":82,"pfas_level":82,"notes":null,"regulation_gvt_link":null,"resources_link":"https://www.waterboards.ca.gov/pfas/","suspected_source_link":"https://geotracker.waterboards.ca.gov/map/pfas_map","pfas_testing_link":"https://geotracker.waterboards.ca.gov/map/pfas_map","site_ref_link":null,"state_ref_link":"https://drive.google.com/drive/u/0/folders/1DWXhXwl1j4L5eKUdO88JdnrMTynHHza5","ObjectId":3477}},{"type":"Feature","id":3478,"geometry":{"type":"Point","coordinates":[-117.841761,33.932943]},"properties":{"site_name":"Olinda Alpha Landfill","other_site_names":null,"state":"California","industry":"Landfill","matrix_type":"Groundwater","matrix":"Groundwater","year":2017,"pfoa":null,"pfos":null,"total_pfas":360,"pfas_level":360,"notes":null,"regulation_gvt_link":null,"resources_link":"https://geotracker.waterboards.ca.gov/profile_report?global_id=L10004560081","suspected_source_link":"https://geotracker.waterboards.ca.gov/map/pfas_map","pfas_testing_link":"https://geotracker.waterboards.ca.gov/map/pfas_map","site_ref_link":null,"state_ref_link":"https://drive.google.com/drive/u/0/folders/1DWXhXwl1j4L5eKUdO88JdnrMTynHHza5","ObjectId":3478}},{"type":"Feature","id":3479,"geometry":{"type":"Point","coordinates":[-121.492739,37.641891]},"properties":{"site_name":"Lawrence Livermore National Laboratories Site 300","other_site_names":null,"state":"California","industry":"Industry","matrix_type":"Groundwater","matrix":"Groundwater","year":2018,"pfoa":"3","pfos":null,"total_pfas":46,"pfas_level":46,"notes":null,"regulation_gvt_link":null,"resources_link":null,"suspected_source_link":"https://geotracker.waterboards.ca.gov/map/pfas_map","pfas_testing_link":"https://geotracker.waterboards.ca.gov/map/pfas_map","site_ref_link":null,"state_ref_link":"https://drive.google.com/drive/u/0/folders/1DWXhXwl1j4L5eKUdO88JdnrMTynHHza5","ObjectId":3479}},{"type":"Feature","id":3480,"geometry":{"type":"Point","coordinates":[-117.109189,34.943262]},"properties":{"site_name":"Lenwood-Hinkley Landfill","other_site_names":null,"state":"California","industry":"Landfill","matrix_type":"Groundwater","matrix":"Groundwater","year":2019,"pfoa":"4","pfos":"2","total_pfas":36,"pfas_level":36,"notes":null,"regulation_gvt_link":null,"resources_link":"https://geotracker.waterboards.ca.gov/profile_report?global_id=L10001573087","suspected_source_link":"https://geotracker.waterboards.ca.gov/map/pfas_map","pfas_testing_link":"https://geotracker.waterboards.ca.gov/map/pfas_map","site_ref_link":null,"state_ref_link":"https://drive.google.com/drive/u/0/folders/1DWXhXwl1j4L5eKUdO88JdnrMTynHHza5","ObjectId":3480}},{"type":"Feature","id":3481,"geometry":{"type":"Point","coordinates":[-120.482468,34.629406]},"properties":{"site_name":"Lompoc Solid Waste Disp Site","other_site_names":null,"state":"California","industry":"Landfill","matrix_type":"Groundwater","matrix":"Groundwater","year":2019,"pfoa":"39","pfos":null,"total_pfas":159,"pfas_level":159,"notes":null,"regulation_gvt_link":null,"resources_link":"https://geotracker.waterboards.ca.gov/profile_report?global_id=L10008948495","suspected_source_link":"https://geotracker.waterboards.ca.gov/map/pfas_map","pfas_testing_link":"https://geotracker.waterboards.ca.gov/map/pfas_map","site_ref_link":null,"state_ref_link":"https://drive.google.com/drive/u/0/folders/1DWXhXwl1j4L5eKUdO88JdnrMTynHHza5","ObjectId":3481}},{"type":"Feature","id":3482,"geometry":{"type":"Point","coordinates":[-118.151359,33.816791]},"properties":{"site_name":"Long Beach Airport","other_site_names":"Daughtery Field","state":"California","industry":"Airport","matrix_type":"Groundwater","matrix":"Groundwater","year":2020,"pfoa":"7890","pfos":"21600","total_pfas":174635,"pfas_level":174635,"notes":"AFFF","regulation_gvt_link":null,"resources_link":"https://geotracker.waterboards.ca.gov/profile_report?global_id=T10000012772","suspected_source_link":"https://geotracker.waterboards.ca.gov/map/pfas_map#","pfas_testing_link":"https://documents.geotracker.waterboards.ca.gov/esi/uploads/geo_report/3643619000/T10000012772.PDF","site_ref_link":"https://drive.google.com/drive/u/0/folders/1J88V9p6LOOOVEycR9IFmxm735AMU83RF","state_ref_link":"https://drive.google.com/drive/u/1/folders/1DWXhXwl1j4L5eKUdO88JdnrMTynHHza6","ObjectId":3482}},{"type":"Feature","id":3483,"geometry":{"type":"Point","coordinates":[-118.392198,34.293776]},"properties":{"site_name":"Lopez Canyon Landfill","other_site_names":null,"state":"California","industry":"Landfill","matrix_type":"Groundwater","matrix":"Groundwater","year":2019,"pfoa":null,"pfos":null,"total_pfas":52,"pfas_level":52,"notes":null,"regulation_gvt_link":null,"resources_link":"https://geotracker.waterboards.ca.gov/profile_report?global_id=L10001048735","suspected_source_link":"https://geotracker.waterboards.ca.gov/map/pfas_map","pfas_testing_link":"https://geotracker.waterboards.ca.gov/map/pfas_map","site_ref_link":null,"state_ref_link":"https://drive.google.com/drive/u/0/folders/1DWXhXwl1j4L5eKUdO88JdnrMTynHHza5","ObjectId":3483}},{"type":"Feature","id":3484,"geometry":{"type":"Point","coordinates":[-118.40853,33.941589]},"properties":{"site_name":"Los Angeles International Airport","other_site_names":null,"state":"California","industry":"Airport","matrix_type":"Groundwater","matrix":"Groundwater","year":2019,"pfoa":"31000","pfos":"2800","total_pfas":129452,"pfas_level":129452,"notes":"AFFF","regulation_gvt_link":null,"resources_link":"https://geotracker.waterboards.ca.gov/profile_report?global_id=T10000012773","suspected_source_link":"https://geotracker.waterboards.ca.gov/map/pfas_map#","pfas_testing_link":"https://documents.geotracker.waterboards.ca.gov/esi/uploads/geo_report/4152613759/T10000012773.PDF","site_ref_link":"https://drive.google.com/drive/u/0/folders/1SFy3_Zzg-ELjz4ReFqBddGs9jE6ZPb48","state_ref_link":"https://drive.google.com/drive/u/1/folders/1DWXhXwl1j4L5eKUdO88JdnrMTynHHza8","ObjectId":3484}},{"type":"Feature","id":3485,"geometry":{"type":"Point","coordinates":[-118.404851,33.947116]},"properties":{"site_name":"Los Angeles World Airports - Lawa Terminal Two Fuel Hydrant Facility","other_site_names":null,"state":"California","industry":"Airport","matrix_type":"Groundwater","matrix":"Groundwater","year":2018,"pfoa":"480","pfos":"930","total_pfas":null,"pfas_level":1330,"notes":null,"regulation_gvt_link":null,"resources_link":"N/A","suspected_source_link":"https://geotracker.waterboards.ca.gov/map/pfas_map","pfas_testing_link":"https://geotracker.waterboards.ca.gov/map/pfas_map","site_ref_link":null,"state_ref_link":"https://drive.google.com/drive/u/0/folders/1DWXhXwl1j4L5eKUdO88JdnrMTynHHza5","ObjectId":3485}},{"type":"Feature","id":3486,"geometry":{"type":"Point","coordinates":[-118.387276,33.950748]},"properties":{"site_name":"Los Angeles World Airports - National Car Rental (Former Avis)","other_site_names":null,"state":"California","industry":"Airport","matrix_type":"Groundwater","matrix":"Groundwater","year":2017,"pfoa":"430","pfos":"1900","total_pfas":5330,"pfas_level":5330,"notes":null,"regulation_gvt_link":null,"resources_link":"https://geotracker.waterboards.ca.gov/profile_report?global_id=T0603701065","suspected_source_link":"https://geotracker.waterboards.ca.gov/map/pfas_map","pfas_testing_link":"https://geotracker.waterboards.ca.gov/map/pfas_map","site_ref_link":null,"state_ref_link":"https://drive.google.com/drive/u/0/folders/1DWXhXwl1j4L5eKUdO88JdnrMTynHHza5","ObjectId":3486}},{"type":"Feature","id":3487,"geometry":{"type":"Point","coordinates":[-116.835801,34.516023]},"properties":{"site_name":"Lucerne Valley Closed Waste Management Facility","other_site_names":null,"state":"California","industry":"Landfill","matrix_type":"Groundwater","matrix":"Groundwater","year":2019,"pfoa":"20","pfos":"2","total_pfas":39,"pfas_level":39,"notes":null,"regulation_gvt_link":null,"resources_link":"https://www.waterboards.ca.gov/pfas/","suspected_source_link":"https://geotracker.waterboards.ca.gov/map/pfas_map","pfas_testing_link":"https://geotracker.waterboards.ca.gov/map/pfas_map","site_ref_link":null,"state_ref_link":"https://drive.google.com/drive/u/0/folders/1DWXhXwl1j4L5eKUdO88JdnrMTynHHza5","ObjectId":3487}},{"type":"Feature","id":3488,"geometry":{"type":"Point","coordinates":[-118.841805,37.627262]},"properties":{"site_name":"Mammoth Yosemite Airport","other_site_names":null,"state":"California","industry":"Airport","matrix_type":"Groundwater","matrix":"Groundwater","year":2020,"pfoa":"27","pfos":"16","total_pfas":2352,"pfas_level":2352,"notes":"AFFF","regulation_gvt_link":null,"resources_link":"https://geotracker.waterboards.ca.gov/profile_report?global_id=T10000012789","suspected_source_link":"https://geotracker.waterboards.ca.gov/map/pfas_map#","pfas_testing_link":"https://documents.geotracker.waterboards.ca.gov/esi/uploads/geo_report/9551901042/T10000012789.PDF","site_ref_link":"https://drive.google.com/drive/u/0/folders/1s3s2ylUo943bp2qpJgenfHSQdXzcs6xE","state_ref_link":"https://drive.google.com/drive/u/1/folders/1DWXhXwl1j4L5eKUdO88JdnrMTynHHza14","ObjectId":3488}},{"type":"Feature","id":3489,"geometry":{"type":"Point","coordinates":[-120.0102,37.50128]},"properties":{"site_name":"Mariposa County Municipal Solid Waste Landfill","other_site_names":null,"state":"California","industry":"Landfill","matrix_type":"Groundwater","matrix":"Groundwater","year":2019,"pfoa":"450","pfos":null,"total_pfas":2023,"pfas_level":2023,"notes":null,"regulation_gvt_link":null,"resources_link":"https://geotracker.waterboards.ca.gov/profile_report?global_id=L10008183603","suspected_source_link":"https://geotracker.waterboards.ca.gov/map/pfas_map","pfas_testing_link":"https://geotracker.waterboards.ca.gov/map/pfas_map","site_ref_link":null,"state_ref_link":"https://drive.google.com/drive/u/0/folders/1DWXhXwl1j4L5eKUdO88JdnrMTynHHza5","ObjectId":3489}},{"type":"Feature","id":3490,"geometry":{"type":"Point","coordinates":[-122.17233,37.491958]},"properties":{"site_name":"Marsh Road Landfill","other_site_names":null,"state":"California","industry":"Landfill","matrix_type":"Groundwater","matrix":"Groundwater","year":2019,"pfoa":"360","pfos":"120","total_pfas":1907,"pfas_level":1907,"notes":null,"regulation_gvt_link":null,"resources_link":"https://geotracker.waterboards.ca.gov/profile_report?global_id=L10008021218","suspected_source_link":"https://geotracker.waterboards.ca.gov/map/pfas_map","pfas_testing_link":"https://geotracker.waterboards.ca.gov/map/pfas_map","site_ref_link":null,"state_ref_link":"https://drive.google.com/drive/u/0/folders/1DWXhXwl1j4L5eKUdO88JdnrMTynHHza5","ObjectId":3490}},{"type":"Feature","id":3491,"geometry":{"type":"Point","coordinates":[-117.363338,33.200205]},"properties":{"site_name":"Maxson Street Landfill","other_site_names":null,"state":"California","industry":"Landfill","matrix_type":"Groundwater","matrix":"Groundwater","year":2019,"pfoa":"22","pfos":"44","total_pfas":143,"pfas_level":143,"notes":null,"regulation_gvt_link":null,"resources_link":"https://geotracker.waterboards.ca.gov/profile_report?global_id=L10006664190","suspected_source_link":"https://geotracker.waterboards.ca.gov/map/pfas_map#","pfas_testing_link":"https://geotracker.waterboards.ca.gov/profile_report?cmd=mwreport&rptype=det&global_id=L10006664190&con_num=5993704020&orderby=logdate,anadate,parlabel","site_ref_link":null,"state_ref_link":"https://drive.google.com/drive/u/1/folders/1DWXhXwl1j4L5eKUdO88JdnrMTynHHza5","ObjectId":3491}},{"type":"Feature","id":3492,"geometry":{"type":"Point","coordinates":[-122.122393,41.246293]},"properties":{"site_name":"Mccloud Class III Landfill","other_site_names":null,"state":"California","industry":"Landfill","matrix_type":"Groundwater","matrix":"Groundwater","year":2020,"pfoa":"1","pfos":"4","total_pfas":39,"pfas_level":39,"notes":null,"regulation_gvt_link":null,"resources_link":"https://geotracker.waterboards.ca.gov/profile_report?global_id=L10007580959","suspected_source_link":"https://geotracker.waterboards.ca.gov/map/pfas_map","pfas_testing_link":"https://geotracker.waterboards.ca.gov/map/pfas_map","site_ref_link":null,"state_ref_link":"https://drive.google.com/drive/u/0/folders/1DWXhXwl1j4L5eKUdO88JdnrMTynHHza5","ObjectId":3492}},{"type":"Feature","id":3493,"geometry":{"type":"Point","coordinates":[-120.515417,37.288328]},"properties":{"site_name":"Merced Muni Airport","other_site_names":null,"state":"California","industry":"Airport","matrix_type":"Groundwater","matrix":"Groundwater","year":2016,"pfoa":null,"pfos":null,"total_pfas":1,"pfas_level":1,"notes":null,"regulation_gvt_link":null,"resources_link":"https://geotracker.waterboards.ca.gov/profile_report?global_id=SL185232902","suspected_source_link":"https://geotracker.waterboards.ca.gov/map/pfas_map","pfas_testing_link":"https://geotracker.waterboards.ca.gov/map/pfas_map","site_ref_link":null,"state_ref_link":"https://drive.google.com/drive/u/0/folders/1DWXhXwl1j4L5eKUdO88JdnrMTynHHza5","ObjectId":3493}},{"type":"Feature","id":3494,"geometry":{"type":"Point","coordinates":[-122.219743,37.712569]},"properties":{"site_name":"Metropolitan Oakland International Airport","other_site_names":null,"state":"California","industry":"Airport","matrix_type":"Groundwater","matrix":"Groundwater","year":2019,"pfoa":"4100","pfos":"170000","total_pfas":283685,"pfas_level":283685,"notes":"AFFF","regulation_gvt_link":null,"resources_link":"https://geotracker.waterboards.ca.gov/profile_report?global_id=T10000012764","suspected_source_link":"https://geotracker.waterboards.ca.gov/map/pfas_map#","pfas_testing_link":"https://documents.geotracker.waterboards.ca.gov/esi/uploads/geo_report/9456182658/T10000012764.PDF","site_ref_link":"https://drive.google.com/drive/u/0/folders/1b-duXVsC3WBsKOitVZCL15DAxE-5dTLP","state_ref_link":"https://drive.google.com/drive/u/1/folders/1DWXhXwl1j4L5eKUdO88JdnrMTynHHza17","ObjectId":3494}},{"type":"Feature","id":3495,"geometry":{"type":"Point","coordinates":[-117.210039,32.76185]},"properties":{"site_name":"Mission Bay Landfill","other_site_names":null,"state":"California","industry":"Landfill","matrix_type":"Groundwater","matrix":"Groundwater","year":2019,"pfoa":"11","pfos":"44","total_pfas":107,"pfas_level":107,"notes":null,"regulation_gvt_link":null,"resources_link":"https://geotracker.waterboards.ca.gov/profile_report?global_id=L10005852203&mytab=esidata#esidata","suspected_source_link":"https://geotracker.waterboards.ca.gov/map/pfas_map#","pfas_testing_link":"https://geotracker.waterboards.ca.gov/profile_report?cmd=mwreport&global_id=L10005852203&con_num=9105288028","site_ref_link":null,"state_ref_link":"https://drive.google.com/drive/u/1/folders/1DWXhXwl1j4L5eKUdO88JdnrMTynHHza5","ObjectId":3495}},{"type":"Feature","id":3496,"geometry":{"type":"Point","coordinates":[-118.139018,34.994104]},"properties":{"site_name":"Mojave/Rosamond Landfill","other_site_names":null,"state":"California","industry":"Landfill","matrix_type":"Groundwater","matrix":"Groundwater","year":2019,"pfoa":"1","pfos":null,"total_pfas":76,"pfas_level":76,"notes":null,"regulation_gvt_link":null,"resources_link":"https://geotracker.waterboards.ca.gov/profile_report?global_id=L10001517468","suspected_source_link":"https://geotracker.waterboards.ca.gov/map/pfas_map","pfas_testing_link":"https://geotracker.waterboards.ca.gov/map/pfas_map","site_ref_link":null,"state_ref_link":"https://drive.google.com/drive/u/0/folders/1DWXhXwl1j4L5eKUdO88JdnrMTynHHza5","ObjectId":3496}},{"type":"Feature","id":3497,"geometry":{"type":"Point","coordinates":[-121.77044,36.713798]},"properties":{"site_name":"Monterey Peninsula Class III Landfill","other_site_names":null,"state":"California","industry":"Landfill","matrix_type":"Groundwater","matrix":"Groundwater","year":2020,"pfoa":"1400","pfos":null,"total_pfas":6176,"pfas_level":6176,"notes":null,"regulation_gvt_link":null,"resources_link":"https://geotracker.waterboards.ca.gov/profile_report?global_id=L10005501051","suspected_source_link":"https://geotracker.waterboards.ca.gov/map/pfas_map","pfas_testing_link":"https://geotracker.waterboards.ca.gov/map/pfas_map","site_ref_link":null,"state_ref_link":"https://drive.google.com/drive/u/0/folders/1DWXhXwl1j4L5eKUdO88JdnrMTynHHza5","ObjectId":3497}},{"type":"Feature","id":3498,"geometry":{"type":"Point","coordinates":[-121.85028,36.5873]},"properties":{"site_name":"Monterey Regional Airport","other_site_names":null,"state":"California","industry":"Airport","matrix_type":"Groundwater","matrix":"Groundwater","year":2020,"pfoa":"12700","pfos":"133","total_pfas":18204,"pfas_level":18204,"notes":"AFFF","regulation_gvt_link":null,"resources_link":"https://geotracker.waterboards.ca.gov/profile_report?global_id=T10000012767","suspected_source_link":"https://geotracker.waterboards.ca.gov/map/pfas_map#","pfas_testing_link":"https://documents.geotracker.waterboards.ca.gov/esi/uploads/geo_report/5538216650/T10000012767.PDF","site_ref_link":"https://drive.google.com/drive/u/0/folders/1D8ReQ911rZ8o9zDi2jzywsq1EbL2PIPF","state_ref_link":"https://drive.google.com/drive/u/1/folders/1DWXhXwl1j4L5eKUdO88JdnrMTynHHza13","ObjectId":3498}},{"type":"Feature","id":3499,"geometry":{"type":"Point","coordinates":[-122.494458,37.666592]},"properties":{"site_name":"Mussel Rock Landfill","other_site_names":null,"state":"California","industry":"Landfill","matrix_type":"Groundwater","matrix":"Groundwater","year":2019,"pfoa":"2","pfos":"2","total_pfas":8,"pfas_level":8,"notes":null,"regulation_gvt_link":null,"resources_link":"https://geotracker.waterboards.ca.gov/profile_report?global_id=T10000000086","suspected_source_link":"https://geotracker.waterboards.ca.gov/map/pfas_map","pfas_testing_link":"https://geotracker.waterboards.ca.gov/map/pfas_map","site_ref_link":null,"state_ref_link":"https://drive.google.com/drive/u/0/folders/1DWXhXwl1j4L5eKUdO88JdnrMTynHHza5","ObjectId":3499}},{"type":"Feature","id":3500,"geometry":{"type":"Point","coordinates":[-122.283571,38.247911]},"properties":{"site_name":"Napa Pipe, Class II Waste Management Unit","other_site_names":null,"state":"California","industry":"Landfill","matrix_type":"Groundwater","matrix":"Groundwater","year":2019,"pfoa":"3","pfos":null,"total_pfas":66,"pfas_level":66,"notes":null,"regulation_gvt_link":null,"resources_link":"https://www.waterboards.ca.gov/pfas/","suspected_source_link":"https://geotracker.waterboards.ca.gov/map/pfas_map","pfas_testing_link":"https://geotracker.waterboards.ca.gov/map/pfas_map","site_ref_link":null,"state_ref_link":"https://drive.google.com/drive/u/0/folders/1DWXhXwl1j4L5eKUdO88JdnrMTynHHza5","ObjectId":3500}},{"type":"Feature","id":3501,"geometry":{"type":"Point","coordinates":[-121.730447,39.675815]},"properties":{"site_name":"Neal Rd Class III Landfill","other_site_names":null,"state":"California","industry":"Landfill","matrix_type":"Groundwater","matrix":"Groundwater","year":2019,"pfoa":"1100","pfos":"160","total_pfas":8817,"pfas_level":8817,"notes":null,"regulation_gvt_link":null,"resources_link":"https://geotracker.waterboards.ca.gov/profile_report?global_id=L10004555712","suspected_source_link":"https://geotracker.waterboards.ca.gov/map/pfas_map","pfas_testing_link":"https://geotracker.waterboards.ca.gov/map/pfas_map","site_ref_link":null,"state_ref_link":"https://drive.google.com/drive/u/0/folders/1DWXhXwl1j4L5eKUdO88JdnrMTynHHza5","ObjectId":3501}},{"type":"Feature","id":3502,"geometry":{"type":"Point","coordinates":[-114.622592,34.791598]},"properties":{"site_name":"Needles Waste Management Facility","other_site_names":null,"state":"California","industry":"Landfill","matrix_type":"Groundwater","matrix":"Groundwater","year":2019,"pfoa":null,"pfos":"1","total_pfas":3,"pfas_level":3,"notes":null,"regulation_gvt_link":null,"resources_link":"https://www.waterboards.ca.gov/pfas/","suspected_source_link":"https://geotracker.waterboards.ca.gov/map/pfas_map","pfas_testing_link":"https://geotracker.waterboards.ca.gov/map/pfas_map","site_ref_link":null,"state_ref_link":"https://drive.google.com/drive/u/0/folders/1DWXhXwl1j4L5eKUdO88JdnrMTynHHza5","ObjectId":3502}},{"type":"Feature","id":3503,"geometry":{"type":"Point","coordinates":[-121.943335,37.458801]},"properties":{"site_name":"Newby Island Landfill","other_site_names":null,"state":"California","industry":"Landfill","matrix_type":"Groundwater","matrix":"Groundwater","year":2019,"pfoa":"140","pfos":"29","total_pfas":2725,"pfas_level":2725,"notes":null,"regulation_gvt_link":null,"resources_link":"https://geotracker.waterboards.ca.gov/profile_report?global_id=L10002276721","suspected_source_link":"https://geotracker.waterboards.ca.gov/map/pfas_map","pfas_testing_link":"https://geotracker.waterboards.ca.gov/map/pfas_map","site_ref_link":null,"state_ref_link":"https://drive.google.com/drive/u/0/folders/1DWXhXwl1j4L5eKUdO88JdnrMTynHHza5","ObjectId":3503}},{"type":"Feature","id":3504,"geometry":{"type":"Point","coordinates":[-117.928722,33.613901]},"properties":{"site_name":"Newport Plating","other_site_names":null,"state":"California","industry":"Superfund Site","matrix_type":"Groundwater","matrix":"Groundwater","year":2019,"pfoa":"170","pfos":"1100","total_pfas":1663,"pfas_level":1663,"notes":null,"regulation_gvt_link":null,"resources_link":"https://www.waterboards.ca.gov/pfas/","suspected_source_link":"https://geotracker.waterboards.ca.gov/map/pfas_map","pfas_testing_link":"https://geotracker.waterboards.ca.gov/map/pfas_map","site_ref_link":null,"state_ref_link":"https://drive.google.com/drive/u/0/folders/1DWXhXwl1j4L5eKUdO88JdnrMTynHHza5","ObjectId":3504}},{"type":"Feature","id":3505,"geometry":{"type":"Point","coordinates":[-115.49192,33.271298]},"properties":{"site_name":"Niland III Waste Management Facility","other_site_names":null,"state":"California","industry":"Landfill","matrix_type":"Groundwater","matrix":"Groundwater","year":2019,"pfoa":null,"pfos":"1","total_pfas":16,"pfas_level":16,"notes":null,"regulation_gvt_link":null,"resources_link":"https://geotracker.waterboards.ca.gov/profile_report?global_id=L10004403391&mytab=esidata#esidata","suspected_source_link":"https://geotracker.waterboards.ca.gov/map/pfas_map#","pfas_testing_link":"https://geotracker.waterboards.ca.gov/profile_report?cmd=mwreport&global_id=L10004403391&con_num=9172741830","site_ref_link":null,"state_ref_link":"https://drive.google.com/drive/u/1/folders/1DWXhXwl1j4L5eKUdO88JdnrMTynHHza5","ObjectId":3505}},{"type":"Feature","id":3507,"geometry":{"type":"Point","coordinates":[-121.100484,38.09795]},"properties":{"site_name":"North Co Sanitary Landfill","other_site_names":null,"state":"California","industry":"Landfill","matrix_type":"Groundwater","matrix":"Groundwater","year":2020,"pfoa":null,"pfos":null,"total_pfas":11,"pfas_level":11,"notes":null,"regulation_gvt_link":null,"resources_link":"https://geotracker.waterboards.ca.gov/profile_report?global_id=L10001621439","suspected_source_link":"https://geotracker.waterboards.ca.gov/map/pfas_map","pfas_testing_link":"https://geotracker.waterboards.ca.gov/map/pfas_map","site_ref_link":null,"state_ref_link":"https://drive.google.com/drive/u/0/folders/1DWXhXwl1j4L5eKUdO88JdnrMTynHHza5","ObjectId":3507}},{"type":"Feature","id":3508,"geometry":{"type":"Point","coordinates":[-117.150802,32.84215]},"properties":{"site_name":"North Miramar Landfill","other_site_names":null,"state":"California","industry":"Landfill","matrix_type":"Groundwater","matrix":"Groundwater","year":2018,"pfoa":"1300","pfos":"26","total_pfas":3141,"pfas_level":3141,"notes":null,"regulation_gvt_link":null,"resources_link":"https://geotracker.waterboards.ca.gov/profile_report?global_id=L10006986192&mytab=esidata#esidata","suspected_source_link":"https://geotracker.waterboards.ca.gov/map/pfas_map#","pfas_testing_link":"https://geotracker.waterboards.ca.gov/profile_report?cmd=mwreport&global_id=L10006986192&con_num=1518953800","site_ref_link":null,"state_ref_link":"https://drive.google.com/drive/u/1/folders/1DWXhXwl1j4L5eKUdO88JdnrMTynHHza5","ObjectId":3508}},{"type":"Feature","id":3509,"geometry":{"type":"Point","coordinates":[-116.079959,33.440392]},"properties":{"site_name":"Oasis Class III Waste Management Facility","other_site_names":null,"state":"California","industry":"Landfill","matrix_type":"Solid","matrix":"Soil","year":2019,"pfoa":"6300","pfos":"510000","total_pfas":23058440,"pfas_level":23058440,"notes":null,"regulation_gvt_link":null,"resources_link":"https://www.waterboards.ca.gov/pfas/","suspected_source_link":"https://geotracker.waterboards.ca.gov/map/pfas_map","pfas_testing_link":"https://geotracker.waterboards.ca.gov/map/pfas_map","site_ref_link":null,"state_ref_link":"https://drive.google.com/drive/u/0/folders/1DWXhXwl1j4L5eKUdO88JdnrMTynHHza5","ObjectId":3509}},{"type":"Feature","id":3510,"geometry":{"type":"Point","coordinates":[-115.997606,32.772173]},"properties":{"site_name":"Ocotillo Waste Management Facility","other_site_names":null,"state":"California","industry":"Landfill","matrix_type":"Groundwater","matrix":"Groundwater","year":2019,"pfoa":null,"pfos":"2","total_pfas":4,"pfas_level":4,"notes":null,"regulation_gvt_link":null,"resources_link":"https://geotracker.waterboards.ca.gov/profile_report?global_id=L10003033435&mytab=esidata#esidata","suspected_source_link":"https://geotracker.waterboards.ca.gov/map/pfas_map#","pfas_testing_link":"https://geotracker.waterboards.ca.gov/profile_report?cmd=mwreport&global_id=L10003033435&con_num=4501217782","site_ref_link":null,"state_ref_link":"https://drive.google.com/drive/u/1/folders/1DWXhXwl1j4L5eKUdO88JdnrMTynHHza5","ObjectId":3510}},{"type":"Feature","id":3511,"geometry":{"type":"Point","coordinates":[-117.882737,33.849194]},"properties":{"site_name":"Ocwd - North Basin","other_site_names":"Orange County North Basin","state":"California","industry":"Superfund Site","matrix_type":"Groundwater","matrix":"Groundwater","year":2020,"pfoa":"32","pfos":"72","total_pfas":169,"pfas_level":169,"notes":"Contamination from legacy industry chemicals https://www.ocwd.com/news-events/newsletter/2020/september-2020/epa-designates-north-basin-a-superfund-site/ Superfund site","regulation_gvt_link":null,"resources_link":"https://www.waterboards.ca.gov/pfas/","suspected_source_link":"https://geotracker.waterboards.ca.gov/map/pfas_map","pfas_testing_link":"https://geotracker.waterboards.ca.gov/map/pfas_map","site_ref_link":null,"state_ref_link":"https://drive.google.com/drive/u/0/folders/1DWXhXwl1j4L5eKUdO88JdnrMTynHHza5","ObjectId":3511}},{"type":"Feature","id":3512,"geometry":{"type":"Point","coordinates":[-117.851622,33.719938]},"properties":{"site_name":"Orange County Water District - South Basin","other_site_names":null,"state":"California","industry":"Industry","matrix_type":"Groundwater","matrix":"Groundwater","year":2017,"pfoa":"61","pfos":"3","total_pfas":66,"pfas_level":66,"notes":"https://www.ocwd.com/news-events/newsletter/2020/february-2020/update-of-north-and-south-basin-groundwater-cleanup/","regulation_gvt_link":null,"resources_link":"https://www.waterboards.ca.gov/pfas/","suspected_source_link":"https://geotracker.waterboards.ca.gov/map/pfas_map","pfas_testing_link":"https://geotracker.waterboards.ca.gov/map/pfas_map","site_ref_link":null,"state_ref_link":"https://drive.google.com/drive/u/0/folders/1DWXhXwl1j4L5eKUdO88JdnrMTynHHza5","ObjectId":3512}},{"type":"Feature","id":3513,"geometry":{"type":"Point","coordinates":[-121.839468,37.665387]},"properties":{"site_name":"Old Pleasanton Landfill","other_site_names":null,"state":"California","industry":"Landfill","matrix_type":"Groundwater","matrix":"Groundwater","year":2019,"pfoa":"37","pfos":"12","total_pfas":101,"pfas_level":101,"notes":null,"regulation_gvt_link":null,"resources_link":"https://geotracker.waterboards.ca.gov/profile_report?global_id=T10000000095","suspected_source_link":"https://geotracker.waterboards.ca.gov/map/pfas_map","pfas_testing_link":"https://geotracker.waterboards.ca.gov/map/pfas_map","site_ref_link":null,"state_ref_link":"https://drive.google.com/drive/u/0/folders/1DWXhXwl1j4L5eKUdO88JdnrMTynHHza5","ObjectId":3513}},{"type":"Feature","id":3514,"geometry":{"type":"Point","coordinates":[-117.60853,34.05189]},"properties":{"site_name":"Ontario International Airport","other_site_names":"Ontario Air National Guard Station","state":"California","industry":"Airport","matrix_type":"Groundwater","matrix":"Groundwater","year":2020,"pfoa":"48","pfos":null,"total_pfas":1802,"pfas_level":1802,"notes":"AFFF","regulation_gvt_link":null,"resources_link":"https://geotracker.waterboards.ca.gov/profile_report?global_id=T10000012861","suspected_source_link":"https://geotracker.waterboards.ca.gov/map/pfas_map#","pfas_testing_link":"https://documents.geotracker.waterboards.ca.gov/esi/uploads/geo_report/9784892201/T10000012861.PDF","site_ref_link":"https://drive.google.com/drive/u/0/folders/1GoyjDOmjveFX-UvdhvvukRcued_9RYTt","state_ref_link":"https://drive.google.com/drive/u/1/folders/1DWXhXwl1j4L5eKUdO88JdnrMTynHHza7","ObjectId":3514}},{"type":"Feature","id":3515,"geometry":{"type":"Point","coordinates":[-121.384855,39.073853]},"properties":{"site_name":"Ostrom Road Landfill","other_site_names":null,"state":"California","industry":"Landfill","matrix_type":"Groundwater","matrix":"Groundwater","year":2019,"pfoa":"150","pfos":"6","total_pfas":2011,"pfas_level":2011,"notes":null,"regulation_gvt_link":null,"resources_link":"https://geotracker.waterboards.ca.gov/profile_report?global_id=L10001937128","suspected_source_link":"https://geotracker.waterboards.ca.gov/map/pfas_map","pfas_testing_link":"https://geotracker.waterboards.ca.gov/map/pfas_map","site_ref_link":null,"state_ref_link":"https://drive.google.com/drive/u/0/folders/1DWXhXwl1j4L5eKUdO88JdnrMTynHHza5","ObjectId":3515}},{"type":"Feature","id":3516,"geometry":{"type":"Point","coordinates":[-117.012185,32.601708]},"properties":{"site_name":"Otay Annex Sanitary Landfill","other_site_names":null,"state":"California","industry":"Landfill","matrix_type":"Groundwater","matrix":"Groundwater","year":2019,"pfoa":"95","pfos":"8","total_pfas":1074,"pfas_level":1074,"notes":null,"regulation_gvt_link":null,"resources_link":"https://geotracker.waterboards.ca.gov/profile_report?global_id=L10009614226","suspected_source_link":"https://geotracker.waterboards.ca.gov/map/pfas_map","pfas_testing_link":"https://geotracker.waterboards.ca.gov/map/pfas_map","site_ref_link":null,"state_ref_link":"https://drive.google.com/drive/u/0/folders/1DWXhXwl1j4L5eKUdO88JdnrMTynHHza5","ObjectId":3516}},{"type":"Feature","id":3517,"geometry":{"type":"Point","coordinates":[-117.012741,32.605733]},"properties":{"site_name":"Otay Class 1 Landfill","other_site_names":null,"state":"California","industry":"Landfill","matrix_type":"Groundwater","matrix":"Groundwater","year":2019,"pfoa":"38","pfos":"2","total_pfas":1128,"pfas_level":1128,"notes":null,"regulation_gvt_link":null,"resources_link":"https://geotracker.waterboards.ca.gov/profile_report?global_id=L10006424767&mytab=esidata#esidata","suspected_source_link":"https://geotracker.waterboards.ca.gov/map/pfas_map#","pfas_testing_link":"https://geotracker.waterboards.ca.gov/profile_report?cmd=mwreport&global_id=L10006424767&con_num=3811937808","site_ref_link":null,"state_ref_link":"https://drive.google.com/drive/u/1/folders/1DWXhXwl1j4L5eKUdO88JdnrMTynHHza5","ObjectId":3517}},{"type":"Feature","id":3518,"geometry":{"type":"Point","coordinates":[-122.410995,37.491029]},"properties":{"site_name":"Ox Mountain (Corinda Los Trancos) Landfill","other_site_names":null,"state":"California","industry":"Landfill","matrix_type":"Groundwater","matrix":"Groundwater","year":2019,"pfoa":"33","pfos":"7","total_pfas":593,"pfas_level":593,"notes":null,"regulation_gvt_link":null,"resources_link":"https://geotracker.waterboards.ca.gov/profile_report?global_id=L10001461904","suspected_source_link":"https://geotracker.waterboards.ca.gov/map/pfas_map","pfas_testing_link":"https://geotracker.waterboards.ca.gov/map/pfas_map","site_ref_link":null,"state_ref_link":"https://drive.google.com/drive/u/0/folders/1DWXhXwl1j4L5eKUdO88JdnrMTynHHza5","ObjectId":3518}},{"type":"Feature","id":3519,"geometry":{"type":"Point","coordinates":[-119.18395,34.14505]},"properties":{"site_name":"Oxnard Advanced Water Purification Facility","other_site_names":null,"state":"California","industry":"WWTP","matrix_type":"Groundwater","matrix":"Groundwater","year":2020,"pfoa":null,"pfos":"1","total_pfas":4,"pfas_level":4,"notes":null,"regulation_gvt_link":null,"resources_link":"https://www.waterboards.ca.gov/pfas/","suspected_source_link":"https://geotracker.waterboards.ca.gov/map/pfas_map","pfas_testing_link":"https://geotracker.waterboards.ca.gov/map/pfas_map","site_ref_link":null,"state_ref_link":"https://drive.google.com/drive/u/0/folders/1DWXhXwl1j4L5eKUdO88JdnrMTynHHza5","ObjectId":3519}},{"type":"Feature","id":3520,"geometry":{"type":"Point","coordinates":[-119.21847,34.199921]},"properties":{"site_name":"Oxnard Airport","other_site_names":null,"state":"California","industry":"Airport","matrix_type":"Groundwater","matrix":"Groundwater","year":2020,"pfoa":"500","pfos":"20","total_pfas":37062,"pfas_level":37062,"notes":"AFFF","regulation_gvt_link":null,"resources_link":"https://geotracker.waterboards.ca.gov/profile_report?global_id=T10000012774","suspected_source_link":"https://geotracker.waterboards.ca.gov/map/pfas_map#","pfas_testing_link":"https://documents.geotracker.waterboards.ca.gov/esi/uploads/geo_report/7751185536/T10000012774.PDF","site_ref_link":"https://drive.google.com/drive/u/0/folders/1Dr-7aylq8Nv74LVSlDwpPDeB2EMXyvQm","state_ref_link":"https://drive.google.com/drive/u/1/folders/1DWXhXwl1j4L5eKUdO88JdnrMTynHHza9","ObjectId":3520}},{"type":"Feature","id":3521,"geometry":{"type":"Point","coordinates":[-114.748972,33.391134]},"properties":{"site_name":"Palo Verde III Waste Management Facility","other_site_names":null,"state":"California","industry":"Landfill","matrix_type":"Groundwater","matrix":"Groundwater","year":2019,"pfoa":"3","pfos":null,"total_pfas":10,"pfas_level":10,"notes":null,"regulation_gvt_link":null,"resources_link":"https://geotracker.waterboards.ca.gov/profile_report?global_id=L10006866257&mytab=esidata#esidata","suspected_source_link":"https://geotracker.waterboards.ca.gov/map/pfas_map#","pfas_testing_link":"https://geotracker.waterboards.ca.gov/profile_report?cmd=mwreport&rptype=client&global_id=L10006866257&con_num=5615892887&orderby=logdate,anadate,parlabel","site_ref_link":null,"state_ref_link":"https://drive.google.com/drive/u/1/folders/1DWXhXwl1j4L5eKUdO88JdnrMTynHHza5","ObjectId":3521}},{"type":"Feature","id":3522,"geometry":{"type":"Point","coordinates":[-117.273322,33.127106]},"properties":{"site_name":"Palomar Airport Landfill","other_site_names":null,"state":"California","industry":"Landfill","matrix_type":"Groundwater","matrix":"Groundwater","year":2019,"pfoa":"110","pfos":"180","total_pfas":1807,"pfas_level":1807,"notes":null,"regulation_gvt_link":null,"resources_link":"https://geotracker.waterboards.ca.gov/profile_report?global_id=L10003501496","suspected_source_link":"https://geotracker.waterboards.ca.gov/map/pfas_map","pfas_testing_link":"https://geotracker.waterboards.ca.gov/map/pfas_map","site_ref_link":null,"state_ref_link":"https://drive.google.com/drive/u/0/folders/1DWXhXwl1j4L5eKUdO88JdnrMTynHHza5","ObjectId":3522}},{"type":"Feature","id":3523,"geometry":{"type":"Point","coordinates":[-117.049974,32.68544]},"properties":{"site_name":"Paradise Hills Park Landfill","other_site_names":null,"state":"California","industry":"Landfill","matrix_type":"Groundwater","matrix":"Groundwater","year":2019,"pfoa":"16","pfos":"53","total_pfas":195,"pfas_level":195,"notes":null,"regulation_gvt_link":null,"resources_link":"https://geotracker.waterboards.ca.gov/profile_report?global_id=L10008727762&mytab=esidata#esidata","suspected_source_link":"https://geotracker.waterboards.ca.gov/map/pfas_map#","pfas_testing_link":"https://geotracker.waterboards.ca.gov/profile_report?cmd=mwreport&rptype=client&global_id=L10008727762&con_num=4555868327&orderby=sampid","site_ref_link":null,"state_ref_link":"https://drive.google.com/drive/u/1/folders/1DWXhXwl1j4L5eKUdO88JdnrMTynHHza5","ObjectId":3523}},{"type":"Feature","id":3524,"geometry":{"type":"Point","coordinates":[-120.533792,35.66305]},"properties":{"site_name":"Paso Robles Solid Waste Site","other_site_names":null,"state":"California","industry":"Landfill","matrix_type":"Groundwater","matrix":"Groundwater","year":2020,"pfoa":null,"pfos":null,"total_pfas":15,"pfas_level":15,"notes":null,"regulation_gvt_link":null,"resources_link":"https://geotracker.waterboards.ca.gov/profile_report?global_id=L10005965610","suspected_source_link":"https://geotracker.waterboards.ca.gov/map/pfas_map","pfas_testing_link":"https://geotracker.waterboards.ca.gov/map/pfas_map","site_ref_link":null,"state_ref_link":"https://drive.google.com/drive/u/0/folders/1DWXhXwl1j4L5eKUdO88JdnrMTynHHza5","ObjectId":3524}},{"type":"Feature","id":3525,"geometry":{"type":"Point","coordinates":[-118.37947,34.221643]},"properties":{"site_name":"Penrose Landfill","other_site_names":null,"state":"California","industry":"Landfill","matrix_type":"Groundwater","matrix":"Groundwater","year":2019,"pfoa":"5","pfos":"17","total_pfas":125,"pfas_level":125,"notes":null,"regulation_gvt_link":null,"resources_link":"https://geotracker.waterboards.ca.gov/profile_report?global_id=L10009967534","suspected_source_link":"https://geotracker.waterboards.ca.gov/map/pfas_map","pfas_testing_link":"https://geotracker.waterboards.ca.gov/map/pfas_map","site_ref_link":null,"state_ref_link":"https://drive.google.com/drive/u/0/folders/1DWXhXwl1j4L5eKUdO88JdnrMTynHHza5","ObjectId":3525}},{"type":"Feature","id":3526,"geometry":{"type":"Point","coordinates":[-122.608031,38.228914]},"properties":{"site_name":"Petaluma Landfill - Casa Grande","other_site_names":"Sonoma County Central SWDS","state":"California","industry":"Landfill","matrix_type":"Groundwater","matrix":"Groundwater","year":2019,"pfoa":"260","pfos":"17","total_pfas":0,"pfas_level":260,"notes":null,"regulation_gvt_link":null,"resources_link":"https://geotracker.waterboards.ca.gov/profile_report?global_id=T10000000111","suspected_source_link":"https://geotracker.waterboards.ca.gov/map/pfas_map","pfas_testing_link":"https://geotracker.waterboards.ca.gov/profile_report?global_id=L10004060684","site_ref_link":null,"state_ref_link":"https://drive.google.com/drive/u/0/folders/1DWXhXwl1j4L5eKUdO88JdnrMTynHHza5","ObjectId":3526}},{"type":"Feature","id":3527,"geometry":{"type":"Point","coordinates":[-118.585804,34.462431]},"properties":{"site_name":"Peter Pitchess Landfill","other_site_names":null,"state":"California","industry":"Landfill","matrix_type":"Groundwater","matrix":"Groundwater","year":2020,"pfoa":"6","pfos":"8","total_pfas":48,"pfas_level":48,"notes":null,"regulation_gvt_link":null,"resources_link":"https://geotracker.waterboards.ca.gov/profile_report?global_id=L10005092201","suspected_source_link":"https://geotracker.waterboards.ca.gov/map/pfas_map","pfas_testing_link":"https://geotracker.waterboards.ca.gov/map/pfas_map","site_ref_link":null,"state_ref_link":"https://drive.google.com/drive/u/0/folders/1DWXhXwl1j4L5eKUdO88JdnrMTynHHza5","ObjectId":3527}},{"type":"Feature","id":3528,"geometry":{"type":"Point","coordinates":[-114.618834,32.814504]},"properties":{"site_name":"Picacho Solid Waste Disposal Service","other_site_names":null,"state":"California","industry":"Landfill","matrix_type":"Groundwater","matrix":"Groundwater","year":2019,"pfoa":null,"pfos":"1","total_pfas":2,"pfas_level":2,"notes":null,"regulation_gvt_link":null,"resources_link":"https://geotracker.waterboards.ca.gov/profile_report?global_id=L10006414912&mytab=esidata#esidata","suspected_source_link":"https://geotracker.waterboards.ca.gov/map/pfas_map#","pfas_testing_link":"https://geotracker.waterboards.ca.gov/profile_report?cmd=mwreport&global_id=L10006414912&con_num=5137793421","site_ref_link":null,"state_ref_link":"https://drive.google.com/drive/u/1/folders/1DWXhXwl1j4L5eKUdO88JdnrMTynHHza5","ObjectId":3528}},{"type":"Feature","id":3529,"geometry":{"type":"Point","coordinates":[-122.351863,37.998722]},"properties":{"site_name":"Pinole Point Business Park","other_site_names":null,"state":"California","industry":"Landfill","matrix_type":"Groundwater","matrix":"Groundwater","year":2020,"pfoa":"5","pfos":"15","total_pfas":43,"pfas_level":43,"notes":null,"regulation_gvt_link":null,"resources_link":"https://geotracker.waterboards.ca.gov/profile_report?global_id=T10000001617","suspected_source_link":"https://geotracker.waterboards.ca.gov/map/pfas_map","pfas_testing_link":"https://geotracker.waterboards.ca.gov/map/pfas_map","site_ref_link":null,"state_ref_link":"https://drive.google.com/drive/u/0/folders/1DWXhXwl1j4L5eKUdO88JdnrMTynHHza5","ObjectId":3529}},{"type":"Feature","id":3530,"geometry":{"type":"Point","coordinates":[-118.251,34.11007]},"properties":{"site_name":"Pollock Remediation Project","other_site_names":null,"state":"California","industry":"Unknown","matrix_type":"Groundwater","matrix":"Groundwater","year":2017,"pfoa":"12","pfos":"14","total_pfas":36,"pfas_level":36,"notes":null,"regulation_gvt_link":null,"resources_link":"https://www.waterboards.ca.gov/pfas/","suspected_source_link":"https://geotracker.waterboards.ca.gov/map/pfas_map","pfas_testing_link":"https://geotracker.waterboards.ca.gov/map/pfas_map","site_ref_link":null,"state_ref_link":"https://drive.google.com/drive/u/0/folders/1DWXhXwl1j4L5eKUdO88JdnrMTynHHza5","ObjectId":3530}},{"type":"Feature","id":3531,"geometry":{"type":"Point","coordinates":[-120.447449,39.825179]},"properties":{"site_name":"Portola Class III Landfill","other_site_names":null,"state":"California","industry":"Landfill","matrix_type":"Groundwater","matrix":"Groundwater","year":2019,"pfoa":"66","pfos":null,"total_pfas":159,"pfas_level":159,"notes":null,"regulation_gvt_link":null,"resources_link":"https://geotracker.waterboards.ca.gov/profile_report?global_id=L10008218225","suspected_source_link":"https://geotracker.waterboards.ca.gov/map/pfas_map","pfas_testing_link":"https://geotracker.waterboards.ca.gov/map/pfas_map","site_ref_link":null,"state_ref_link":"https://drive.google.com/drive/u/0/folders/1DWXhXwl1j4L5eKUdO88JdnrMTynHHza5","ObjectId":3531}},{"type":"Feature","id":3532,"geometry":{"type":"Point","coordinates":[-121.978126,38.211002]},"properties":{"site_name":"Potrero Hills Landfill","other_site_names":null,"state":"California","industry":"Landfill","matrix_type":"Groundwater","matrix":"Groundwater","year":2019,"pfoa":"320","pfos":null,"total_pfas":2122,"pfas_level":2122,"notes":null,"regulation_gvt_link":null,"resources_link":"https://geotracker.waterboards.ca.gov/profile_report?global_id=L10009906356","suspected_source_link":"https://geotracker.waterboards.ca.gov/map/pfas_map","pfas_testing_link":"https://geotracker.waterboards.ca.gov/map/pfas_map","site_ref_link":null,"state_ref_link":"https://drive.google.com/drive/u/0/folders/1DWXhXwl1j4L5eKUdO88JdnrMTynHHza5","ObjectId":3532}},{"type":"Feature","id":3533,"geometry":{"type":"Point","coordinates":[-117.01935,32.96565]},"properties":{"site_name":"Poway Landfill","other_site_names":null,"state":"California","industry":"Landfill","matrix_type":"Groundwater","matrix":"Groundwater","year":2019,"pfoa":"20","pfos":"13","total_pfas":155,"pfas_level":155,"notes":null,"regulation_gvt_link":null,"resources_link":"https://geotracker.waterboards.ca.gov/profile_report?global_id=L10001254570&mytab=esidata#esidata","suspected_source_link":"https://geotracker.waterboards.ca.gov/map/pfas_map#","pfas_testing_link":"https://geotracker.waterboards.ca.gov/profile_report?cmd=mwreport&global_id=L10001254570&con_num=5878054141","site_ref_link":null,"state_ref_link":"https://drive.google.com/drive/u/1/folders/1DWXhXwl1j4L5eKUdO88JdnrMTynHHza5","ObjectId":3533}},{"type":"Feature","id":3534,"geometry":{"type":"Point","coordinates":[-117.625156,33.486663]},"properties":{"site_name":"Prima Deshecha Sanitary Landfill","other_site_names":null,"state":"California","industry":"Landfill","matrix_type":"Groundwater","matrix":"Groundwater","year":2019,"pfoa":"1","pfos":"1","total_pfas":4,"pfas_level":4,"notes":null,"regulation_gvt_link":null,"resources_link":"https://geotracker.waterboards.ca.gov/profile_report?global_id=L10003995148&mytab=esidata#esidata","suspected_source_link":"https://geotracker.waterboards.ca.gov/map/pfas_map#","pfas_testing_link":"https://documents.geotracker.waterboards.ca.gov/esi/uploads/geo_report/8262461781/L10003995148.PDF","site_ref_link":"https://drive.google.com/drive/u/0/folders/1GMaRXdOqoUt0MRrMIBV7Gi3c-F9t6vdZ","state_ref_link":"https://drive.google.com/drive/u/1/folders/1DWXhXwl1j4L5eKUdO88JdnrMTynHHza5","ObjectId":3534}},{"type":"Feature","id":3535,"geometry":{"type":"Point","coordinates":[-118.024533,34.024491]},"properties":{"site_name":"Puente Hills Landfill","other_site_names":null,"state":"California","industry":"Landfill","matrix_type":"Groundwater","matrix":"Groundwater","year":2019,"pfoa":"25","pfos":"12","total_pfas":245,"pfas_level":245,"notes":null,"regulation_gvt_link":null,"resources_link":"https://geotracker.waterboards.ca.gov/profile_report?global_id=L10009779056","suspected_source_link":"https://geotracker.waterboards.ca.gov/map/pfas_map","pfas_testing_link":"https://geotracker.waterboards.ca.gov/map/pfas_map","site_ref_link":null,"state_ref_link":"https://drive.google.com/drive/u/0/folders/1DWXhXwl1j4L5eKUdO88JdnrMTynHHza5","ObjectId":3535}},{"type":"Feature","id":3536,"geometry":{"type":"Point","coordinates":[-116.864005,33.083729]},"properties":{"site_name":"Ramona Sanitary Landfill","other_site_names":null,"state":"California","industry":"Landfill","matrix_type":"Groundwater","matrix":"Groundwater","year":2019,"pfoa":"680","pfos":"9","total_pfas":16486,"pfas_level":16486,"notes":null,"regulation_gvt_link":null,"resources_link":"https://geotracker.waterboards.ca.gov/profile_report?global_id=L10002513368&mytab=esidata#esidata","suspected_source_link":"https://geotracker.waterboards.ca.gov/map/pfas_map#","pfas_testing_link":"https://geotracker.waterboards.ca.gov/profile_report?cmd=mwreport&rptype=det&global_id=L10002513368&con_num=2941677391&orderby=sampid","site_ref_link":null,"state_ref_link":"https://drive.google.com/drive/u/1/folders/1DWXhXwl1j4L5eKUdO88JdnrMTynHHza5","ObjectId":3536}},{"type":"Feature","id":3537,"geometry":{"type":"Point","coordinates":[-121.83563,38.310463]},"properties":{"site_name":"Recology Hay Road (Formerly Norcal Waste-Hay Road Landfill;  Formerly B&J Landfill)","other_site_names":null,"state":"California","industry":"Landfill","matrix_type":"Groundwater","matrix":"Groundwater","year":2020,"pfoa":"384","pfos":null,"total_pfas":1618,"pfas_level":1618,"notes":null,"regulation_gvt_link":null,"resources_link":"https://geotracker.waterboards.ca.gov/profile_report?global_id=L10007011530","suspected_source_link":"https://geotracker.waterboards.ca.gov/map/pfas_map","pfas_testing_link":"https://geotracker.waterboards.ca.gov/map/pfas_map","site_ref_link":null,"state_ref_link":"https://drive.google.com/drive/u/0/folders/1DWXhXwl1j4L5eKUdO88JdnrMTynHHza5","ObjectId":3537}},{"type":"Feature","id":3538,"geometry":{"type":"Point","coordinates":[-122.300502,40.197091]},"properties":{"site_name":"Red Bluff Class III Landfill","other_site_names":null,"state":"California","industry":"Landfill","matrix_type":"Groundwater","matrix":"Groundwater","year":2020,"pfoa":"2","pfos":null,"total_pfas":21,"pfas_level":21,"notes":null,"regulation_gvt_link":null,"resources_link":"https://geotracker.waterboards.ca.gov/profile_report?global_id=L10004066371","suspected_source_link":"https://geotracker.waterboards.ca.gov/map/pfas_map","pfas_testing_link":"https://geotracker.waterboards.ca.gov/map/pfas_map","site_ref_link":null,"state_ref_link":"https://drive.google.com/drive/u/0/folders/1DWXhXwl1j4L5eKUdO88JdnrMTynHHza5","ObjectId":3538}},{"type":"Feature","id":3539,"geometry":{"type":"Point","coordinates":[-122.29967,40.50581]},"properties":{"site_name":"Redding Municipal Airport","other_site_names":null,"state":"California","industry":"Airport","matrix_type":"Groundwater","matrix":"Groundwater","year":2020,"pfoa":"820","pfos":"5000","total_pfas":11201,"pfas_level":11201,"notes":"AFFF","regulation_gvt_link":null,"resources_link":"https://geotracker.waterboards.ca.gov/profile_report?global_id=T10000012779","suspected_source_link":"https://geotracker.waterboards.ca.gov/map/pfas_map#","pfas_testing_link":"https://documents.geotracker.waterboards.ca.gov/esi/uploads/geo_report/4898400366/T10000012779.PDF","site_ref_link":"https://drive.google.com/drive/u/0/folders/1__tLB0rRylIFlxexvj0E68OKNV-BGPQT","state_ref_link":"https://drive.google.com/drive/u/1/folders/1DWXhXwl1j4L5eKUdO88JdnrMTynHHza21","ObjectId":3539}},{"type":"Feature","id":3540,"geometry":{"type":"Point","coordinates":[-122.564794,38.166173]},"properties":{"site_name":"Redwood Landfill","other_site_names":null,"state":"California","industry":"Landfill","matrix_type":"Groundwater","matrix":"Groundwater","year":2019,"pfoa":null,"pfos":null,"total_pfas":4,"pfas_level":4,"notes":null,"regulation_gvt_link":null,"resources_link":"https://geotracker.waterboards.ca.gov/profile_report?global_id=L10001825915","suspected_source_link":"https://geotracker.waterboards.ca.gov/map/pfas_map","pfas_testing_link":"https://geotracker.waterboards.ca.gov/map/pfas_map","site_ref_link":null,"state_ref_link":"https://drive.google.com/drive/u/0/folders/1DWXhXwl1j4L5eKUdO88JdnrMTynHHza5","ObjectId":3540}},{"type":"Feature","id":3541,"geometry":{"type":"Point","coordinates":[-117.739105,35.601765]},"properties":{"site_name":"Ridgecrest/Inyokern Landfill","other_site_names":null,"state":"California","industry":"Landfill","matrix_type":"Groundwater","matrix":"Groundwater","year":2019,"pfoa":"7","pfos":null,"total_pfas":7352,"pfas_level":7352,"notes":null,"regulation_gvt_link":null,"resources_link":"https://geotracker.waterboards.ca.gov/profile_report?global_id=L10005485793","suspected_source_link":"https://geotracker.waterboards.ca.gov/map/pfas_map","pfas_testing_link":"https://geotracker.waterboards.ca.gov/map/pfas_map","site_ref_link":null,"state_ref_link":"https://drive.google.com/drive/u/0/folders/1DWXhXwl1j4L5eKUdO88JdnrMTynHHza5","ObjectId":3541}},{"type":"Feature","id":3542,"geometry":{"type":"Point","coordinates":[-120.841636,38.034788]},"properties":{"site_name":"Rock Creek Landfill","other_site_names":null,"state":"California","industry":"Landfill","matrix_type":"Groundwater","matrix":"Groundwater","year":2019,"pfoa":"32","pfos":null,"total_pfas":598,"pfas_level":598,"notes":null,"regulation_gvt_link":null,"resources_link":"https://geotracker.waterboards.ca.gov/profile_report?global_id=L10001327064","suspected_source_link":"https://geotracker.waterboards.ca.gov/map/pfas_map","pfas_testing_link":"https://geotracker.waterboards.ca.gov/map/pfas_map","site_ref_link":null,"state_ref_link":"https://drive.google.com/drive/u/0/folders/1DWXhXwl1j4L5eKUdO88JdnrMTynHHza5","ObjectId":3542}},{"type":"Feature","id":3543,"geometry":{"type":"Point","coordinates":[-121.590065,38.695085]},"properties":{"site_name":"Sacramento International Airport","other_site_names":null,"state":"California","industry":"Airport","matrix_type":"Groundwater","matrix":"Groundwater","year":2019,"pfoa":"9200","pfos":"72000","total_pfas":320400,"pfas_level":320400,"notes":"AFFF","regulation_gvt_link":null,"resources_link":"https://geotracker.waterboards.ca.gov/profile_report?global_id=T10000012777","suspected_source_link":"https://geotracker.waterboards.ca.gov/map/pfas_map#","pfas_testing_link":"https://documents.geotracker.waterboards.ca.gov/esi/uploads/geo_report/1093090355/T10000012777.PDF","site_ref_link":"https://drive.google.com/drive/u/0/folders/1zm65yvzCuDYzjpQiTlbSXjMO52QF8pEW","state_ref_link":"https://drive.google.com/drive/u/1/folders/1DWXhXwl1j4L5eKUdO88JdnrMTynHHza20","ObjectId":3543}},{"type":"Feature","id":3544,"geometry":{"type":"Point","coordinates":[-115.981388,33.231404]},"properties":{"site_name":"Salton City Solid Waste Site","other_site_names":null,"state":"California","industry":"Landfill","matrix_type":"Groundwater","matrix":"Groundwater","year":2019,"pfoa":null,"pfos":"1","total_pfas":18,"pfas_level":18,"notes":null,"regulation_gvt_link":null,"resources_link":"https://geotracker.waterboards.ca.gov/profile_report?global_id=L10005850536&mytab=esidata#esidata","suspected_source_link":"https://geotracker.waterboards.ca.gov/map/pfas_map#","pfas_testing_link":"https://geotracker.waterboards.ca.gov/profile_report?cmd=mwreport&global_id=L10005850536&con_num=6253099918","site_ref_link":null,"state_ref_link":"https://drive.google.com/drive/u/1/folders/1DWXhXwl1j4L5eKUdO88JdnrMTynHHza5","ObjectId":3544}},{"type":"Feature","id":3545,"geometry":{"type":"Point","coordinates":[-117.187991,32.738456]},"properties":{"site_name":"San Diego International Airport","other_site_names":null,"state":"California","industry":"Airport","matrix_type":"Groundwater","matrix":"Groundwater","year":2019,"pfoa":"59700","pfos":"5960","total_pfas":426304,"pfas_level":426304,"notes":null,"regulation_gvt_link":null,"resources_link":"https://geotracker.waterboards.ca.gov/profile_report?global_id=T10000012787&mytab=esidata#esidata","suspected_source_link":"https://geotracker.waterboards.ca.gov/map/pfas_map#","pfas_testing_link":"https://documents.geotracker.waterboards.ca.gov/esi/uploads/geo_report/7142168521/T10000012787.PDF","site_ref_link":"https://drive.google.com/drive/folders/1lT9ShsA7ALM55i-W677ImhF04Hskmcgo","state_ref_link":"https://drive.google.com/drive/u/1/folders/1DWXhXwl1j4L5eKUdO88JdnrMTynHHza5","ObjectId":3545}},{"type":"Feature","id":3546,"geometry":{"type":"Point","coordinates":[-122.378955,37.621313]},"properties":{"site_name":"San Francisco International Airport","other_site_names":null,"state":"California","industry":"Airport","matrix_type":"Groundwater","matrix":"Groundwater","year":2019,"pfoa":"226","pfos":"1370","total_pfas":12070,"pfas_level":12070,"notes":"AFFF","regulation_gvt_link":null,"resources_link":"https://geotracker.waterboards.ca.gov/profile_report?global_id=T10000012790","suspected_source_link":"https://geotracker.waterboards.ca.gov/map/pfas_map#","pfas_testing_link":"https://documents.geotracker.waterboards.ca.gov/esi/uploads/geo_report/5173006534/T10000012790.PDF","site_ref_link":"https://drive.google.com/drive/u/0/folders/1RlbwSkJAL-u8xgcYD-6I8HHvzmg5Wqmh","state_ref_link":"https://drive.google.com/drive/u/1/folders/1DWXhXwl1j4L5eKUdO88JdnrMTynHHza16","ObjectId":3546}},{"type":"Feature","id":3547,"geometry":{"type":"Point","coordinates":[-121.928938,37.363947]},"properties":{"site_name":"San Jose International Airport","other_site_names":null,"state":"California","industry":"Airport","matrix_type":"Groundwater","matrix":"Groundwater","year":2019,"pfoa":"585","pfos":"2190","total_pfas":35053,"pfas_level":35053,"notes":"AFFF","regulation_gvt_link":null,"resources_link":"https://geotracker.waterboards.ca.gov/profile_report?global_id=T10000012766","suspected_source_link":"https://geotracker.waterboards.ca.gov/map/pfas_map#","pfas_testing_link":"https://documents.geotracker.waterboards.ca.gov/esi/uploads/geo_report/2174231410/T10000012766.PDF","site_ref_link":"https://drive.google.com/drive/u/0/folders/1QTqXxuEWdt0SPd0I5SfAvlrzC7hPAnBn","state_ref_link":"https://drive.google.com/drive/u/1/folders/1DWXhXwl1j4L5eKUdO88JdnrMTynHHza15","ObjectId":3547}},{"type":"Feature","id":3548,"geometry":{"type":"Point","coordinates":[-120.642013,35.237564]},"properties":{"site_name":"San Luis County Regional Airport","other_site_names":null,"state":"California","industry":"Airport","matrix_type":"Groundwater","matrix":"Groundwater","year":2020,"pfoa":"290","pfos":"610","total_pfas":8232,"pfas_level":8232,"notes":"AFFF","regulation_gvt_link":null,"resources_link":"https://geotracker.waterboards.ca.gov/profile_report?global_id=T10000012768","suspected_source_link":"https://geotracker.waterboards.ca.gov/map/pfas_map#","pfas_testing_link":"https://documents.geotracker.waterboards.ca.gov/regulators/deliverable_documents/7633374869/2020_1009-PFAS%20Investigation%20Report.pdf","site_ref_link":"https://drive.google.com/drive/u/0/folders/15W7ykMtvSNnHXhvwcuyAzLTJHu421_Td","state_ref_link":"https://drive.google.com/drive/u/1/folders/1DWXhXwl1j4L5eKUdO88JdnrMTynHHza12","ObjectId":3548}},{"type":"Feature","id":3549,"geometry":{"type":"Point","coordinates":[-117.194309,33.085911]},"properties":{"site_name":"San Marcos II Sanitary Landfill","other_site_names":null,"state":"California","industry":"Landfill","matrix_type":"Groundwater","matrix":"Groundwater","year":2019,"pfoa":"7600","pfos":"3300","total_pfas":37950,"pfas_level":37950,"notes":null,"regulation_gvt_link":null,"resources_link":"https://geotracker.waterboards.ca.gov/profile_report?global_id=L10006325553&mytab=esidata#esidata","suspected_source_link":"https://geotracker.waterboards.ca.gov/map/pfas_map#","pfas_testing_link":"https://geotracker.waterboards.ca.gov/profile_report?cmd=mwreport&global_id=L10006325553&con_num=4544332683","site_ref_link":null,"state_ref_link":"https://drive.google.com/drive/u/1/folders/1DWXhXwl1j4L5eKUdO88JdnrMTynHHza5","ObjectId":3549}},{"type":"Feature","id":3550,"geometry":{"type":"Point","coordinates":[-119.839884,34.427194]},"properties":{"site_name":"Santa Barbara Airport","other_site_names":null,"state":"California","industry":"Airport","matrix_type":"Groundwater","matrix":"Groundwater","year":2020,"pfoa":"79000","pfos":"383000","total_pfas":8770829,"pfas_level":8770829,"notes":"AFFF","regulation_gvt_link":null,"resources_link":"https://geotracker.waterboards.ca.gov/profile_report?global_id=T10000012769&mytab=esidata#esidata","suspected_source_link":"https://geotracker.waterboards.ca.gov/map/pfas_map#","pfas_testing_link":"https://geotracker.waterboards.ca.gov/profile_report?cmd=mwreport&global_id=T10000012769&con_num=3537985026","site_ref_link":"https://drive.google.com/drive/u/0/folders/1K2-zYlGYdZJSjj51Hq2MnRjjAGyWs5dW","state_ref_link":"https://drive.google.com/drive/u/1/folders/1DWXhXwl1j4L5eKUdO88JdnrMTynHHza10","ObjectId":3550}},{"type":"Feature","id":3551,"geometry":{"type":"Point","coordinates":[-121.97234,37.411113]},"properties":{"site_name":"Santa Clara All Purpose Landfill","other_site_names":null,"state":"California","industry":"Landfill","matrix_type":"Groundwater","matrix":"Groundwater","year":2019,"pfoa":"280","pfos":null,"total_pfas":2298,"pfas_level":2298,"notes":null,"regulation_gvt_link":null,"resources_link":"https://geotracker.waterboards.ca.gov/profile_report?global_id=L10006514573","suspected_source_link":"https://geotracker.waterboards.ca.gov/map/pfas_map","pfas_testing_link":"https://geotracker.waterboards.ca.gov/map/pfas_map","site_ref_link":null,"state_ref_link":"https://drive.google.com/drive/u/0/folders/1DWXhXwl1j4L5eKUdO88JdnrMTynHHza5","ObjectId":3551}},{"type":"Feature","id":3552,"geometry":{"type":"Point","coordinates":[-122.1058,36.9768]},"properties":{"site_name":"Santa Cruz Class III Landfill","other_site_names":null,"state":"California","industry":"Landfill","matrix_type":"Groundwater","matrix":"Groundwater","year":2019,"pfoa":"110","pfos":"110","total_pfas":1002,"pfas_level":1002,"notes":null,"regulation_gvt_link":null,"resources_link":"https://geotracker.waterboards.ca.gov/profile_report?global_id=L10003334990","suspected_source_link":"https://geotracker.waterboards.ca.gov/map/pfas_map","pfas_testing_link":"https://geotracker.waterboards.ca.gov/map/pfas_map","site_ref_link":null,"state_ref_link":"https://drive.google.com/drive/u/0/folders/1DWXhXwl1j4L5eKUdO88JdnrMTynHHza5","ObjectId":3552}},{"type":"Feature","id":3553,"geometry":{"type":"Point","coordinates":[-120.447872,34.899156]},"properties":{"site_name":"Santa Maria Public Airport","other_site_names":null,"state":"California","industry":"Airport","matrix_type":"Groundwater","matrix":"Groundwater","year":2020,"pfoa":"169","pfos":"2920","total_pfas":39535,"pfas_level":39535,"notes":"AFFF","regulation_gvt_link":null,"resources_link":"https://geotracker.waterboards.ca.gov/profile_report?global_id=T10000012770","suspected_source_link":"https://geotracker.waterboards.ca.gov/map/pfas_map#","pfas_testing_link":"https://documents.geotracker.waterboards.ca.gov/esi/uploads/geo_report/3323589622/T10000012770.PDF","site_ref_link":"https://drive.google.com/drive/u/0/folders/1FkIDOMeIZRH2d_R8eeHboh5L4QXcql7y","state_ref_link":"https://drive.google.com/drive/u/1/folders/1DWXhXwl1j4L5eKUdO88JdnrMTynHHza11","ObjectId":3553}},{"type":"Feature","id":3554,"geometry":{"type":"Point","coordinates":[-120.380556,34.949167]},"properties":{"site_name":"Santa Maria Regional Waste Management Facility","other_site_names":null,"state":"California","industry":"Landfill","matrix_type":"Groundwater","matrix":"Groundwater","year":2019,"pfoa":"10","pfos":null,"total_pfas":384,"pfas_level":384,"notes":null,"regulation_gvt_link":null,"resources_link":"https://geotracker.waterboards.ca.gov/profile_report?global_id=L10008198797","suspected_source_link":"https://geotracker.waterboards.ca.gov/map/pfas_map","pfas_testing_link":"https://geotracker.waterboards.ca.gov/map/pfas_map","site_ref_link":null,"state_ref_link":"https://drive.google.com/drive/u/0/folders/1DWXhXwl1j4L5eKUdO88JdnrMTynHHza5","ObjectId":3554}},{"type":"Feature","id":3555,"geometry":{"type":"Point","coordinates":[-118.195651,34.155856]},"properties":{"site_name":"Scholl Canyon Landfill","other_site_names":null,"state":"California","industry":"Landfill","matrix_type":"Groundwater","matrix":"Groundwater","year":2019,"pfoa":"220","pfos":"75","total_pfas":4415,"pfas_level":4415,"notes":null,"regulation_gvt_link":null,"resources_link":null,"suspected_source_link":"https://geotracker.waterboards.ca.gov/map/pfas_map","pfas_testing_link":"https://geotracker.waterboards.ca.gov/map/pfas_map","site_ref_link":null,"state_ref_link":"https://drive.google.com/drive/u/0/folders/1DWXhXwl1j4L5eKUdO88JdnrMTynHHza5","ObjectId":3555}},{"type":"Feature","id":3556,"geometry":{"type":"Point","coordinates":[-122.248,38.04826]},"properties":{"site_name":"Shore Terminals Llc Selby Terminal","other_site_names":null,"state":"California","industry":"Industry","matrix_type":"Groundwater","matrix":"Groundwater","year":2019,"pfoa":"2800","pfos":"48000","total_pfas":229440,"pfas_level":229440,"notes":"https://www.bizjournals.com/sanantonio/news/2019/10/16/nustar-closes-california-facility-while-it.html","regulation_gvt_link":null,"resources_link":"https://geotracker.waterboards.ca.gov/profile_report?global_id=T10000013777","suspected_source_link":"https://geotracker.waterboards.ca.gov/map/pfas_map","pfas_testing_link":"https://geotracker.waterboards.ca.gov/map/pfas_map","site_ref_link":null,"state_ref_link":"https://drive.google.com/drive/u/0/folders/1DWXhXwl1j4L5eKUdO88JdnrMTynHHza5","ObjectId":3556}},{"type":"Feature","id":3557,"geometry":{"type":"Point","coordinates":[-118.796797,34.294665]},"properties":{"site_name":"Simi Valley Landfill","other_site_names":null,"state":"California","industry":"Landfill","matrix_type":"Groundwater","matrix":"Groundwater","year":2020,"pfoa":"2","pfos":"1","total_pfas":73,"pfas_level":73,"notes":null,"regulation_gvt_link":null,"resources_link":"https://geotracker.waterboards.ca.gov/profile_report?global_id=L10001396701","suspected_source_link":"https://geotracker.waterboards.ca.gov/map/pfas_map","pfas_testing_link":"https://geotracker.waterboards.ca.gov/map/pfas_map","site_ref_link":null,"state_ref_link":"https://drive.google.com/drive/u/0/folders/1DWXhXwl1j4L5eKUdO88JdnrMTynHHza5","ObjectId":3557}},{"type":"Feature","id":3558,"geometry":{"type":"Point","coordinates":[-121.975733,38.22859]},"properties":{"site_name":"Solano Class III Disposal","other_site_names":null,"state":"California","industry":"Landfill","matrix_type":"Groundwater","matrix":"Groundwater","year":2019,"pfoa":"12","pfos":"13","total_pfas":1900,"pfas_level":1900,"notes":null,"regulation_gvt_link":null,"resources_link":"https://geotracker.waterboards.ca.gov/profile_report?global_id=L10005407108","suspected_source_link":"https://geotracker.waterboards.ca.gov/map/pfas_map","pfas_testing_link":"https://geotracker.waterboards.ca.gov/map/pfas_map","site_ref_link":null,"state_ref_link":"https://drive.google.com/drive/u/0/folders/1DWXhXwl1j4L5eKUdO88JdnrMTynHHza5","ObjectId":3558}},{"type":"Feature","id":3559,"geometry":{"type":"Point","coordinates":[-122.810678,38.508193]},"properties":{"site_name":"Sonoma County Airport","other_site_names":null,"state":"California","industry":"Airport","matrix_type":"Groundwater","matrix":"Groundwater","year":2020,"pfoa":"370","pfos":"400","total_pfas":38720,"pfas_level":38720,"notes":"AFFF","regulation_gvt_link":null,"resources_link":"https://geotracker.waterboards.ca.gov/profile_report?global_id=T10000012763","suspected_source_link":"https://geotracker.waterboards.ca.gov/map/pfas_map#","pfas_testing_link":"https://documents.geotracker.waterboards.ca.gov/esi/uploads/geo_report/2954506933/T10000012763.PDF","site_ref_link":"https://drive.google.com/drive/u/0/folders/19yDin9kf-TuQpzZ9Q4AYgihdGfi-NSMU","state_ref_link":"https://drive.google.com/drive/u/1/folders/1DWXhXwl1j4L5eKUdO88JdnrMTynHHza19","ObjectId":3559}},{"type":"Feature","id":3560,"geometry":{"type":"Point","coordinates":[-122.745544,38.29526]},"properties":{"site_name":"Sonoma County Central Solid Waste Disposal Service","other_site_names":null,"state":"California","industry":"Landfill","matrix_type":"Groundwater","matrix":"Groundwater","year":2019,"pfoa":"260","pfos":"17","total_pfas":1831,"pfas_level":1831,"notes":null,"regulation_gvt_link":null,"resources_link":"https://www.waterboards.ca.gov/pfas/","suspected_source_link":"https://geotracker.waterboards.ca.gov/map/pfas_map","pfas_testing_link":"https://geotracker.waterboards.ca.gov/map/pfas_map","site_ref_link":null,"state_ref_link":"https://drive.google.com/drive/u/0/folders/1DWXhXwl1j4L5eKUdO88JdnrMTynHHza5","ObjectId":3560}},{"type":"Feature","id":3561,"geometry":{"type":"Point","coordinates":[-117.059209,32.736896]},"properties":{"site_name":"South Chollas Landfill","other_site_names":null,"state":"California","industry":"Landfill","matrix_type":"Groundwater","matrix":"Groundwater","year":2019,"pfoa":"18","pfos":null,"total_pfas":243,"pfas_level":243,"notes":null,"regulation_gvt_link":null,"resources_link":"https://geotracker.waterboards.ca.gov/profile_report?global_id=L10001927106&mytab=esidata#esidata","suspected_source_link":"https://geotracker.waterboards.ca.gov/map/pfas_map#","pfas_testing_link":"https://geotracker.waterboards.ca.gov/profile_report?cmd=mwreport&global_id=L10001927106&con_num=7020457386","site_ref_link":null,"state_ref_link":"https://drive.google.com/drive/u/1/folders/1DWXhXwl1j4L5eKUdO88JdnrMTynHHza5","ObjectId":3561}},{"type":"Feature","id":3562,"geometry":{"type":"Point","coordinates":[-117.157825,32.845575]},"properties":{"site_name":"South Miramar Landfill","other_site_names":null,"state":"California","industry":"Landfill","matrix_type":"Groundwater","matrix":"Groundwater","year":2019,"pfoa":"130","pfos":"79","total_pfas":429,"pfas_level":429,"notes":null,"regulation_gvt_link":null,"resources_link":"https://geotracker.waterboards.ca.gov/profile_report?global_id=L10003830787&mytab=esidata#esidata","suspected_source_link":"https://geotracker.waterboards.ca.gov/map/pfas_map#","pfas_testing_link":"https://geotracker.waterboards.ca.gov/profile_report?cmd=mwreport&rptype=client&global_id=L10003830787&con_num=4022875308&orderby=logdate,anadate,parlabel","site_ref_link":null,"state_ref_link":"https://drive.google.com/drive/u/1/folders/1DWXhXwl1j4L5eKUdO88JdnrMTynHHza5","ObjectId":3562}},{"type":"Feature","id":3563,"geometry":{"type":"Point","coordinates":[-117.820925,34.047488]},"properties":{"site_name":"Spadra Landfill","other_site_names":null,"state":"California","industry":"Landfill","matrix_type":"Groundwater","matrix":"Groundwater","year":2019,"pfoa":"1","pfos":null,"total_pfas":29,"pfas_level":29,"notes":null,"regulation_gvt_link":null,"resources_link":"https://geotracker.waterboards.ca.gov/profile_report?global_id=L10001382782","suspected_source_link":"https://geotracker.waterboards.ca.gov/map/pfas_map","pfas_testing_link":"https://geotracker.waterboards.ca.gov/map/pfas_map","site_ref_link":null,"state_ref_link":"https://drive.google.com/drive/u/0/folders/1DWXhXwl1j4L5eKUdO88JdnrMTynHHza5","ObjectId":3563}},{"type":"Feature","id":3564,"geometry":{"type":"Point","coordinates":[-121.867023,37.328089]},"properties":{"site_name":"Story Road Landfill","other_site_names":null,"state":"California","industry":"Landfill","matrix_type":"Groundwater","matrix":"Groundwater","year":2019,"pfoa":"140","pfos":"110","total_pfas":660,"pfas_level":660,"notes":null,"regulation_gvt_link":null,"resources_link":"https://geotracker.waterboards.ca.gov/profile_report?global_id=L10001577696","suspected_source_link":"https://geotracker.waterboards.ca.gov/map/pfas_map","pfas_testing_link":"https://geotracker.waterboards.ca.gov/map/pfas_map","site_ref_link":null,"state_ref_link":"https://drive.google.com/drive/u/0/folders/1DWXhXwl1j4L5eKUdO88JdnrMTynHHza5","ObjectId":3564}},{"type":"Feature","id":3565,"geometry":{"type":"Point","coordinates":[-118.51972,34.334468]},"properties":{"site_name":"Sunshine Canyon Landfill","other_site_names":null,"state":"California","industry":"Landfill","matrix_type":"Groundwater","matrix":"Groundwater","year":2019,"pfoa":"21","pfos":"9","total_pfas":314,"pfas_level":314,"notes":null,"regulation_gvt_link":null,"resources_link":"https://geotracker.waterboards.ca.gov/profile_report?global_id=L10006014618","suspected_source_link":"https://geotracker.waterboards.ca.gov/map/pfas_map","pfas_testing_link":"https://geotracker.waterboards.ca.gov/map/pfas_map","site_ref_link":null,"state_ref_link":"https://drive.google.com/drive/u/0/folders/1DWXhXwl1j4L5eKUdO88JdnrMTynHHza5","ObjectId":3565}},{"type":"Feature","id":3566,"geometry":{"type":"Point","coordinates":[-117.030204,32.856071]},"properties":{"site_name":"Sycamore Canyon Landfill","other_site_names":null,"state":"California","industry":"Landfill","matrix_type":"Groundwater","matrix":"Groundwater","year":2019,"pfoa":"170","pfos":"53","total_pfas":1155,"pfas_level":1155,"notes":null,"regulation_gvt_link":null,"resources_link":"https://geotracker.waterboards.ca.gov/profile_report?global_id=L10009474974&mytab=esidata#esidata","suspected_source_link":"https://geotracker.waterboards.ca.gov/map/pfas_map#","pfas_testing_link":"https://geotracker.waterboards.ca.gov/profile_report?cmd=mwreport&rptype=client&global_id=L10009474974&con_num=6453818202&orderby=sampid","site_ref_link":null,"state_ref_link":"https://drive.google.com/drive/u/1/folders/1DWXhXwl1j4L5eKUdO88JdnrMTynHHza5","ObjectId":3566}},{"type":"Feature","id":3567,"geometry":{"type":"Point","coordinates":[-120.126538,34.482394]},"properties":{"site_name":"Tajiguas Solid Waste Site","other_site_names":null,"state":"California","industry":"Landfill","matrix_type":"Groundwater","matrix":"Groundwater","year":2019,"pfoa":"250","pfos":null,"total_pfas":2222,"pfas_level":2222,"notes":null,"regulation_gvt_link":null,"resources_link":"https://geotracker.waterboards.ca.gov/profile_report?global_id=L10005252570","suspected_source_link":"https://geotracker.waterboards.ca.gov/map/pfas_map","pfas_testing_link":"https://geotracker.waterboards.ca.gov/map/pfas_map","site_ref_link":null,"state_ref_link":"https://drive.google.com/drive/u/0/folders/1DWXhXwl1j4L5eKUdO88JdnrMTynHHza5","ObjectId":3567}},{"type":"Feature","id":3568,"geometry":{"type":"Point","coordinates":[-119.107254,36.016506]},"properties":{"site_name":"Teapot Dome Solid Waste Disposal Service","other_site_names":null,"state":"California","industry":"Landfill","matrix_type":"Groundwater","matrix":"Groundwater","year":2019,"pfoa":"39","pfos":"31","total_pfas":162,"pfas_level":162,"notes":null,"regulation_gvt_link":null,"resources_link":"https://www.waterboards.ca.gov/pfas/","suspected_source_link":"https://geotracker.waterboards.ca.gov/map/pfas_map","pfas_testing_link":"https://geotracker.waterboards.ca.gov/map/pfas_map","site_ref_link":null,"state_ref_link":"https://drive.google.com/drive/u/0/folders/1DWXhXwl1j4L5eKUdO88JdnrMTynHHza5","ObjectId":3568}},{"type":"Feature","id":3569,"geometry":{"type":"Point","coordinates":[-118.340693,35.122717]},"properties":{"site_name":"Tehachapi Class III Landfill","other_site_names":null,"state":"California","industry":"Landfill","matrix_type":"Groundwater","matrix":"Groundwater","year":2019,"pfoa":null,"pfos":null,"total_pfas":10,"pfas_level":10,"notes":null,"regulation_gvt_link":null,"resources_link":"https://geotracker.waterboards.ca.gov/profile_report?global_id=L10004106157","suspected_source_link":"https://geotracker.waterboards.ca.gov/map/pfas_map","pfas_testing_link":"https://geotracker.waterboards.ca.gov/map/pfas_map","site_ref_link":null,"state_ref_link":"https://drive.google.com/drive/u/0/folders/1DWXhXwl1j4L5eKUdO88JdnrMTynHHza5","ObjectId":3569}},{"type":"Feature","id":3570,"geometry":{"type":"Point","coordinates":[-118.996654,34.403378]},"properties":{"site_name":"Toland Road Landfill","other_site_names":null,"state":"California","industry":"Landfill","matrix_type":"Groundwater","matrix":"Groundwater","year":2020,"pfoa":null,"pfos":"8","total_pfas":11,"pfas_level":11,"notes":null,"regulation_gvt_link":null,"resources_link":"https://geotracker.waterboards.ca.gov/profile_report?global_id=L10006875092","suspected_source_link":"https://geotracker.waterboards.ca.gov/map/pfas_map#","pfas_testing_link":"https://documents.geotracker.waterboards.ca.gov/esi/uploads/geo_report/6233892619/L10006875092.PDF","site_ref_link":"https://drive.google.com/drive/folders/1B7jnt9s9jS4Mg3KQUkl6Mi0Sp3W3jgpX","state_ref_link":"https://drive.google.com/drive/u/1/folders/1DWXhXwl1j4L5eKUdO88JdnrMTynHHza5","ObjectId":3570}},{"type":"Feature","id":3571,"geometry":{"type":"Point","coordinates":[-118.250499,34.056915]},"properties":{"site_name":"Tujunga Remediation Project","other_site_names":null,"state":"California","industry":"WWTP","matrix_type":"Groundwater","matrix":"Groundwater","year":2018,"pfoa":"4","pfos":null,"total_pfas":8,"pfas_level":8,"notes":"https://bondaccountability.resources.ca.gov/Project.aspx?ProjectPK=22470&PropositionPK=48#:~:text=Description%3A%20The%20Tujunga%20Remediation%20Planning,wells%20in%20the%20Tujunga%20Wellfield.","regulation_gvt_link":null,"resources_link":null,"suspected_source_link":"https://geotracker.waterboards.ca.gov/map/pfas_map","pfas_testing_link":"https://geotracker.waterboards.ca.gov/map/pfas_map","site_ref_link":null,"state_ref_link":"https://drive.google.com/drive/u/0/folders/1DWXhXwl1j4L5eKUdO88JdnrMTynHHza5","ObjectId":3571}},{"type":"Feature","id":3572,"geometry":{"type":"Point","coordinates":[-117.071809,33.235026]},"properties":{"site_name":"Valley Center Landfill","other_site_names":null,"state":"California","industry":"Landfill","matrix_type":"Groundwater","matrix":"Groundwater","year":2019,"pfoa":"11","pfos":"5","total_pfas":65,"pfas_level":65,"notes":null,"regulation_gvt_link":null,"resources_link":"https://geotracker.waterboards.ca.gov/profile_report?global_id=L10004776747&mytab=esidata#esidata","suspected_source_link":"https://geotracker.waterboards.ca.gov/map/pfas_map#","pfas_testing_link":"https://geotracker.waterboards.ca.gov/profile_report?cmd=mwreport&global_id=L10004776747&con_num=5295144140","site_ref_link":null,"state_ref_link":"https://drive.google.com/drive/u/1/folders/1DWXhXwl1j4L5eKUdO88JdnrMTynHHza5","ObjectId":3572}},{"type":"Feature","id":3573,"geometry":{"type":"Point","coordinates":[-121.724762,37.755392]},"properties":{"site_name":"Vasco Rd Sanitary Landfill","other_site_names":null,"state":"California","industry":"Landfill","matrix_type":"Groundwater","matrix":"Groundwater","year":2020,"pfoa":"190","pfos":"91","total_pfas":1278,"pfas_level":1278,"notes":null,"regulation_gvt_link":null,"resources_link":null,"suspected_source_link":"https://geotracker.waterboards.ca.gov/map/pfas_map","pfas_testing_link":"https://geotracker.waterboards.ca.gov/map/pfas_map","site_ref_link":null,"state_ref_link":"https://drive.google.com/drive/u/0/folders/1DWXhXwl1j4L5eKUdO88JdnrMTynHHza5","ObjectId":3573}},{"type":"Feature","id":3574,"geometry":{"type":"Point","coordinates":[-117.262337,34.590503]},"properties":{"site_name":"Victorville Class III Landfill","other_site_names":null,"state":"California","industry":"Landfill","matrix_type":"Groundwater","matrix":"Groundwater","year":2020,"pfoa":"160","pfos":"3","total_pfas":2761,"pfas_level":2761,"notes":null,"regulation_gvt_link":null,"resources_link":null,"suspected_source_link":"https://geotracker.waterboards.ca.gov/map/pfas_map","pfas_testing_link":"https://geotracker.waterboards.ca.gov/map/pfas_map","site_ref_link":null,"state_ref_link":"https://drive.google.com/drive/u/0/folders/1DWXhXwl1j4L5eKUdO88JdnrMTynHHza5","ObjectId":3574}},{"type":"Feature","id":3575,"geometry":{"type":"Point","coordinates":[-116.63958,32.82897]},"properties":{"site_name":"Viejas Sanitary Landfill","other_site_names":null,"state":"California","industry":"Landfill","matrix_type":"Groundwater","matrix":"Groundwater","year":2019,"pfoa":"52","pfos":"2","total_pfas":137,"pfas_level":137,"notes":null,"regulation_gvt_link":null,"resources_link":"https://geotracker.waterboards.ca.gov/profile_report?global_id=L10005392761&mytab=esidata#esidata","suspected_source_link":"https://geotracker.waterboards.ca.gov/map/pfas_map#","pfas_testing_link":"https://geotracker.waterboards.ca.gov/profile_report?cmd=mwreport&global_id=L10005392761&con_num=9413591861","site_ref_link":null,"state_ref_link":"https://drive.google.com/drive/u/1/folders/1DWXhXwl1j4L5eKUdO88JdnrMTynHHza5","ObjectId":3575}},{"type":"Feature","id":3576,"geometry":{"type":"Point","coordinates":[-119.385547,36.392767]},"properties":{"site_name":"Visalia Solid Waste Disposal Service","other_site_names":null,"state":"California","industry":"Landfill","matrix_type":"Groundwater","matrix":"Groundwater","year":2019,"pfoa":null,"pfos":null,"total_pfas":27,"pfas_level":27,"notes":null,"regulation_gvt_link":null,"resources_link":null,"suspected_source_link":"https://geotracker.waterboards.ca.gov/map/pfas_map","pfas_testing_link":"https://geotracker.waterboards.ca.gov/map/pfas_map","site_ref_link":null,"state_ref_link":"https://drive.google.com/drive/u/0/folders/1DWXhXwl1j4L5eKUdO88JdnrMTynHHza5","ObjectId":3576}},{"type":"Feature","id":3577,"geometry":{"type":"Point","coordinates":[-119.456736,38.553963]},"properties":{"site_name":"Walker Sanitary Landfill","other_site_names":null,"state":"California","industry":"Landfill","matrix_type":"Groundwater","matrix":"Groundwater","year":2020,"pfoa":"1","pfos":null,"total_pfas":20,"pfas_level":20,"notes":null,"regulation_gvt_link":null,"resources_link":null,"suspected_source_link":"https://geotracker.waterboards.ca.gov/map/pfas_map","pfas_testing_link":"https://geotracker.waterboards.ca.gov/map/pfas_map","site_ref_link":null,"state_ref_link":"https://drive.google.com/drive/u/0/folders/1DWXhXwl1j4L5eKUdO88JdnrMTynHHza5","ObjectId":3577}},{"type":"Feature","id":3578,"geometry":{"type":"Point","coordinates":[-121.812354,36.917829]},"properties":{"site_name":"Watsonville Class III Landfill","other_site_names":null,"state":"California","industry":"Landfill","matrix_type":"Groundwater","matrix":"Groundwater","year":2019,"pfoa":"61","pfos":null,"total_pfas":2364,"pfas_level":2364,"notes":null,"regulation_gvt_link":null,"resources_link":null,"suspected_source_link":"https://geotracker.waterboards.ca.gov/map/pfas_map","pfas_testing_link":"https://geotracker.waterboards.ca.gov/map/pfas_map","site_ref_link":null,"state_ref_link":"https://drive.google.com/drive/u/0/folders/1DWXhXwl1j4L5eKUdO88JdnrMTynHHza5","ObjectId":3578}},{"type":"Feature","id":3579,"geometry":{"type":"Point","coordinates":[-122.381605,37.971166]},"properties":{"site_name":"West Contra Costa Landfill","other_site_names":null,"state":"California","industry":"Landfill","matrix_type":"Groundwater","matrix":"Groundwater","year":2020,"pfoa":"1600","pfos":"360","total_pfas":6042,"pfas_level":6042,"notes":null,"regulation_gvt_link":null,"resources_link":null,"suspected_source_link":"https://geotracker.waterboards.ca.gov/map/pfas_map","pfas_testing_link":"https://geotracker.waterboards.ca.gov/map/pfas_map","site_ref_link":null,"state_ref_link":"https://drive.google.com/drive/u/0/folders/1DWXhXwl1j4L5eKUdO88JdnrMTynHHza5","ObjectId":3579}},{"type":"Feature","id":3580,"geometry":{"type":"Point","coordinates":[-117.150114,32.842598]},"properties":{"site_name":"West Miramar Landfill","other_site_names":null,"state":"California","industry":"Landfill","matrix_type":"Groundwater","matrix":"Groundwater","year":2018,"pfoa":"950","pfos":"59","total_pfas":10634,"pfas_level":10634,"notes":null,"regulation_gvt_link":null,"resources_link":"https://geotracker.waterboards.ca.gov/profile_report?global_id=L10004030235&mytab=esidata#esidata","suspected_source_link":"https://geotracker.waterboards.ca.gov/map/pfas_map#","pfas_testing_link":"https://geotracker.waterboards.ca.gov/profile_report?cmd=mwreport&global_id=L10004030235&con_num=2713304996","site_ref_link":null,"state_ref_link":"https://drive.google.com/drive/u/1/folders/1DWXhXwl1j4L5eKUdO88JdnrMTynHHza5","ObjectId":3580}},{"type":"Feature","id":3581,"geometry":{"type":"Point","coordinates":[-122.15258,37.642716]},"properties":{"site_name":"West Winton Landfill","other_site_names":null,"state":"California","industry":"Landfill","matrix_type":"Groundwater","matrix":"Groundwater","year":2020,"pfoa":"88","pfos":"32","total_pfas":1343,"pfas_level":1343,"notes":null,"regulation_gvt_link":null,"resources_link":null,"suspected_source_link":"https://geotracker.waterboards.ca.gov/map/pfas_map","pfas_testing_link":"https://geotracker.waterboards.ca.gov/map/pfas_map","site_ref_link":null,"state_ref_link":"https://drive.google.com/drive/u/0/folders/1DWXhXwl1j4L5eKUdO88JdnrMTynHHza5","ObjectId":3581}},{"type":"Feature","id":3582,"geometry":{"type":"Point","coordinates":[-121.022516,40.315434]},"properties":{"site_name":"Westwood Class III Landfill","other_site_names":null,"state":"California","industry":"Landfill","matrix_type":"Groundwater","matrix":"Groundwater","year":2019,"pfoa":"63","pfos":null,"total_pfas":173,"pfas_level":173,"notes":null,"regulation_gvt_link":null,"resources_link":null,"suspected_source_link":"https://geotracker.waterboards.ca.gov/map/pfas_map","pfas_testing_link":"https://geotracker.waterboards.ca.gov/map/pfas_map","site_ref_link":null,"state_ref_link":"https://drive.google.com/drive/u/0/folders/1DWXhXwl1j4L5eKUdO88JdnrMTynHHza5","ObjectId":3582}},{"type":"Feature","id":3583,"geometry":{"type":"Point","coordinates":[-121.949059,37.438862]},"properties":{"site_name":"Zanker Road Class III Landfill","other_site_names":null,"state":"California","industry":"Landfill","matrix_type":"Groundwater","matrix":"Groundwater","year":2019,"pfoa":"19","pfos":null,"total_pfas":148,"pfas_level":148,"notes":null,"regulation_gvt_link":null,"resources_link":null,"suspected_source_link":"https://geotracker.waterboards.ca.gov/map/pfas_map","pfas_testing_link":"https://geotracker.waterboards.ca.gov/map/pfas_map","site_ref_link":null,"state_ref_link":"https://drive.google.com/drive/u/0/folders/1DWXhXwl1j4L5eKUdO88JdnrMTynHHza5","ObjectId":3583}},{"type":"Feature","id":3982,"geometry":{"type":"Point","coordinates":[-117.028062,32.691688]},"properties":{"site_name":"Hillsborough Landfill","other_site_names":null,"state":"California","industry":"Landfill","matrix_type":"Groundwater","matrix":"Groundwater","year":2019,"pfoa":"8","pfos":"10","total_pfas":125,"pfas_level":125,"notes":null,"regulation_gvt_link":null,"resources_link":"https://geotracker.waterboards.ca.gov/profile_report?global_id=L10004532342&mytab=esidata#esidata","suspected_source_link":"https://geotracker.waterboards.ca.gov/map/pfas_map#","pfas_testing_link":"https://geotracker.waterboards.ca.gov/profile_report?cmd=mwreport&global_id=L10004532342&con_num=3872381389","site_ref_link":null,"state_ref_link":"https://drive.google.com/drive/u/1/folders/1DWXhXwl1j4L5eKUdO88JdnrMTynHHza5","ObjectId":3982}}]}