{"type":"FeatureCollection","features":[{"type":"Feature","geometry":{"type":"Point","coordinates":[-147.05861933287846,64.659300600982931]},"properties":{"Site_Name":"Eielson AFB (OU-2) ST10 E-2  ","Status":"Active","Address_1":"POL Storage","City":"Eielson AFB","State":"AK","Zip_Code":"99702","Site_Type":"Military Installation - Base/Post/Other","Problem_Description":"BACKGROUND\r\nST10 (DEC file 107.38.064/Hazard ID 336) and ST14 (DEC file 107.38.065/Hazard 340) are managed together.  ST10 includes Spruce Lake and the E-2 POL storage area.  SS14 includes the refueling area located east of the railroad tracks.  ST10 and SS14 are located along Quarry Road in the SE part of the base.  Combined area is approximately 10 acres.  Groundwater is 4-7 feet below ground surface.  The general groundwater gradient is NW.  Groundwater from SS14 flows NW and then N into the lake.\r\n\r\nRELEASES\r\nThe E-2 POL storage area contained six 672,000 gallon ASTs that stored JP-4, JP-8 and leaded fuels.  There was a significant spill (quantity unknown) within the diked area surrounding AST 6236 in 1967 and a 1,400 gallon spill at Building 6231 in 1999.  A sheen was observed on the surface of Spruce Lake (formerly known as Hardfill Lake) from at least 1978 until 1982.  Suspected releases at SS14 include leaks from fuel lines and spills during unloading and refueling operations.\r\n\r\nREMEDIATION\r\nA bioventing system was constructed at ST10/SS14 during the 1995 field season.  In 1996 a soil vapor extraction (SVE) system was installed around Building 6225 due to hydrocarbon vapors inside the building that likely were a result of bioventing.  The ASTs were replaced with a 4,200,000-gallon AST in 2002.  The bioventing system was redesigned and expanded in 2004.  The ST10/SS14 bioventing system and SVE system at Building 6225 ceased operation in 2008.\r\n\r\nMOST RECENT ACTIONS\r\nThe most recent groundwater monitoring in 2007 detected benzene concentrations up to 67 ug/L.  Additional site characterization is scheduled for 2011.\r\n\r\nProposed COCs (Soil):\r\nDRO\r\nGRO\r\nBenzene\r\n1,2 Dichloroethane\r\nEDB\r\nEthylbenzene\r\nPCE\r\nTCE\r\n1,2,4-TMB\r\n1,3,5-TMB\r\nToluene\r\nXylenes\r\nBenzo(a)anthracene\r\nBenzo(a)pyrene\r\nBenzo(b)fluoranthene\r\nDibenzo(a,h)anthracene\r\nIndeno(1,2,3-cd)pyrene\r\n1-Methylnaphthalene\r\n2-Methylnaphthalene\r\nNaphthalene\r\nPhenanthrene\r\nPFAS\r\n\r\nProposed COCs(Groundwater):\r\nDRO\r\nGRO\r\nRRO\r\nBenzene\r\n1,2-Dichloroethane\r\nEDB\r\nEthylbenzene\r\n1,2,4-TMB\r\n1,3,5-TMB\r\nToluene\r\nXylenes\r\nBenzo(a)pyrene\r\n1-Methylnaphthalene\r\n2-Methylnaphthalene\r\nNaphthalene\r\nLead\r\nArsenic\r\nPFAS\r\n\r\nThis site is above the Eielson PFAS groundwater plume. Soil in contact with groundwater may also be contaminated with PFAS. \r\n\r\nPPR completed an expedited transfer of 26309919403 EAFB SCA E2 Historical Petroleum Spill to CS since it’s collocated with CS site 107.38.064. While doing work on the SCA for Tank 66, the contractor found elevated (\u003e20 ppm) PID readings during their excavation starting roughly 1.5 ft below the liner and reading above 100 ppm in the bottom of some of their excavation pits. The construction site is above DEC contaminated site ST010 and directly above a fuel plume.\r\n","Site_Report_Link":"http://dec.alaska.gov/Applications/SPAR/PublicMVC/CSP/SiteReport/336"}},{"type":"Feature","geometry":{"type":"Point","coordinates":[-146.64914753382848,64.318344947480313]},"properties":{"Site_Name":"Eielson AFB (SER-2) (DP55) Birch Lakes","Status":"Active","Address_1":"Next to Maintenance Yard","City":"Eielson AFB","State":"AK","Zip_Code":"99702","Site_Type":"Park/Recreation Area","Problem_Description":"Update May 2019- The Air Force soil sampling during an remedial investigation has identified several metals exceeding method two cleanup levels.  In addition, Perfluorooctanoic Acid has been detected above the EPA Lifetime Health Advisory (LHA) of 70 parts per trillion (ppt) in a drinking water well at the Birch Lake Recreational Facilities. The drinking water has been tested in spring and fall since 2016 and levels have been consistently above the LHA with approximately 160 ppt in the spring and as high as 330 ppt in the fall.\r\n\r\n\r\nSource Area DP55 is a refuse pile directly adjacent to the maintenance yard at the U.S. Air Force recreation site, Birch Lake.  The pile was used to dispose of material associated with the maintenance and operation of the recreation area.  Based on available groundwater data, site visits, and interviews, no contamination exists at DP-55 that poses a risk to human health or the environment (August 1998 RA Report).  Closed.  Reference documents:  Source Evaluation Report 1991 (CH2M), OU-3,4,5 Record of Decision, and 1998 OU-3, 4 and 5 Remedial Action Summary Report.  Last staff assigned were Short, Markey and Farris (rpltr4).","Site_Report_Link":"http://dec.alaska.gov/Applications/SPAR/PublicMVC/CSP/SiteReport/359"}},{"type":"Feature","geometry":{"type":"Point","coordinates":[-147.11584778891705,64.696001935806919]},"properties":{"Site_Name":"Eielson AFB (OU-4) (SER-2) (WP032) STP","Status":"Active","Address_1":"Central Ave and Transmitter Road","City":"Eielson AFB","State":"AK","Zip_Code":"99702","Site_Type":"Water/Wastewater Facility","Problem_Description":"Wastewater treatment plant.  Ponds provide additional contact time for chlorination of primary treated effluent; also serve as diversion ponds for POL spills; major spill of unknown industrial chemical or solvent reported 1975.  Active since 1970.  Currently inactive.  Associated files - 107.07.007, 107.15.004, 107.38.061.  \r\n\r\nIncludes spill no. 17309932403.  Spill date = 11/20/17; substance = water + 3/% aqueous film forming foam (AFFF) concentrate; quantity = ~100 gallons; description: The bay door  at building 1337 was left open and the pipes froze. After thawing two pipes cracked and released liquid, the first was a water main and the second was backflow from the fire suppression system, which consists of majority water and about 3% AFFF concentrate (the older version of AFFF).  Approximately 90 gallons of the mixture went into the drain which leads to the wastewater treatment plant. \r\n","Site_Report_Link":"http://dec.alaska.gov/Applications/SPAR/PublicMVC/CSP/SiteReport/370"}},{"type":"Feature","geometry":{"type":"Point","coordinates":[-147.12191459500266,64.693849798665781]},"properties":{"Site_Name":"Eielson AFB (OU-4)(SER-2) (WP033)","Status":"Active","Address_1":"Treated Effluent Pond","City":"Eielson AFB","State":"AK","Zip_Code":"99702","Site_Type":"Water/Wastewater Facility","Problem_Description":"Infiltration pond receives treated effluent from wastewater treatment plant year-round.  Active since 1978.  Reference document:  1991 Source Evaluation Report (CH2M) (rpltr4).  \r\n\r\nThis site includes the following spills:\r\n\r\nSpill no. 17309912102; spill date = 5/1/17; substance = ethylene glycol; quantity = unknown; source = seal on heating system pump at Building 2351; description = release migrated to floor drain and an unknown quantity of ethylene glycol was released to the sewer.\r\n\r\nSpill no. 17309923603; spill date = 8/24/17; substance = aqueous film forming foam (AFFF); quantity = 5 gallons (1 gallon recovered); source = seal on foam cannon; description = approximately 4 gallons of AFFF concentrate were released to the sewer, which leads to the wastewater treatment plant pond, from the hangar floor at Building 1348.\r\n\r\nSpill no. 18309923301; spill date = 8/21/18; substance = aqueous film forming foam (AFFF) and water mixed; quantity = ~3,600 gallons (~500 gallons recovered); source = valve attached to fire suppression system; description = approximately 3,600 gallons of AFFF mixed with water were released when a water valve attached to the fire suppression system was opened accidentally.  Approximately 3,100 gallons went through the floor drain to the sewer, which leads to the wastewater treatment plant pond, from the hangar floor at Building 1140.","Site_Report_Link":"http://dec.alaska.gov/Applications/SPAR/PublicMVC/CSP/SiteReport/371"}},{"type":"Feature","geometry":{"type":"Point","coordinates":[-147.06337405887933,64.656524482631411]},"properties":{"Site_Name":"Eielson AFB (OU-5) LF003 ","Status":"Active","Address_1":"Near South End of Runway","City":"Eielson AFB","State":"AK","Zip_Code":"99702","Site_Type":"Landfill/Dump","Problem_Description":"LF003 was an active landfill from 1967 - 1987, and it received all base refuse (including household garbage, waste oils, spent solvents, paint residues and thinners, radioactive photographic chemicals and industrial waste). During landfill operations waste was covered with fly ash from the Base power plant. The site was utilized as a fire training area from 1955 to 1989. From 1992 to present day, LF003 has been used as a landfarm to store, segregate, and treat contaminted soil generated from construction operations; to store clean soil, debris, and digested sludge from the water treatment plant; and as a construction laydown yard. \r\n\r\nIn 1995, LF003 was assigned active remediation under the 1995 OUs 3, 4, and 5 ROD, and the landfill cover was improved by adding a layer of fly ash and soil. From 1996 - 1998, PCB impacted soil was buried in the southeast of LF003; and additionally a 4.9 acres recycled asphalt pavement cap was installed at the southeast end of the landfill for use as a pad for future landfarming efforts, and 2 feet of additional soil cover was placed in the southeast corner of the landfill to cover exposed debris. \r\n\r\nAnnual groundwater monitoring began in 2012, and an RI was completed from 2015 - 2017 to better delineate the extent of contamination. Currently (2025) a supplemental RI is being performed to address data gaps related to incomplete characterization of site contaminants. \r\n\r\nSite also includes spill no. 13309922101; spill date = 8/9/13; substance = investigation-derived waste; quantity = 30 cubic yards of soil spread at cell 1 of landfill 003; PERP file no. 107.02.004.","Site_Report_Link":"http://dec.alaska.gov/Applications/SPAR/PublicMVC/CSP/SiteReport/379"}},{"type":"Feature","geometry":{"type":"Point","coordinates":[-147.07340983954694,64.653939269780949]},"properties":{"Site_Name":"Eielson AFB (OU-5) (FT009) Fire Training","Status":"Active","Address_1":"Chena St.","City":"Eielson AFB","State":"AK","Zip_Code":"99702","Site_Type":"Military Installation - Base/Post/Other","Problem_Description":"500 to 1,000 gallons of JP-4 fuel used during each exercise.  Contaminants of concern include Benzene, TCE, PCE, Vinyl Chloride.  Active since 1976.  Currently active.  The site is assigned a HIGH overall risk on the Air Force Relative Risk Evaluation Worksheet dated 10/23/95.  Last staff assigned were Short and Markey.  (rpltr4)\r\n\r\nFT009 falls directly inside LF003, for this reason the two source areas are linked together. For additional information on source area FT09 please see source area LF003, file number 107.38.209. (3/3/14)","Site_Report_Link":"http://dec.alaska.gov/Applications/SPAR/PublicMVC/CSP/SiteReport/381"}},{"type":"Feature","geometry":{"type":"Point","coordinates":[-151.14012106770639,60.475226916427282]},"properties":{"Site_Name":"UA Kenai Fire Training Site (MAPTS)","Status":"Active","Address_1":"Mi. 3.2 Kalifornsky Beach","City":"Soldotna","State":"AK","Zip_Code":"99669","Site_Type":"School","Problem_Description":"Residual unleaded gasoline and diesel fuels have infiltrated soils during fire training exercises.  The fire training site operated from 1980 to 1988.  Contaminated subsurface soils, lagoon sediments, and low level groundwater contamination.  ","Site_Report_Link":"http://dec.alaska.gov/Applications/SPAR/PublicMVC/CSP/SiteReport/454"}},{"type":"Feature","geometry":{"type":"Point","coordinates":[-147.83052302356424,64.849911472614977]},"properties":{"Site_Name":"UAF Geist Road Well","Status":"Non-Qualifying","Address_1":"Geist Road","City":"Fairbanks","State":"AK","Zip_Code":"99709","Site_Type":"Other","Problem_Description":"In February 1983, raw water from University drinking water well found to contain benzene above MCL.  Treated water samples show below detection levels due to aeration treatment.  Source, date and extent of contamination is unknown.  Also see file 105.07.001 and 105.26.001.  University contact is Gerald England.  Up to 153 ppb benzene in 2/83 sample from well.  (rpltr3)\nUpdate : Contamination was found to be the result of leaks and spills at the University Car Care gas Station located at 4301 Geist Rd. See file 100.26.023 for additional information. \n\nMarch 2023 sampling completed by the University of Alaska Fairbanks detected PFAS above target levels in their power plant cooling wells at a concentration of 74 ng/L PFOS and 12 ng/L PFOA. Source of contamination is unknown.","Site_Report_Link":"http://dec.alaska.gov/Applications/SPAR/PublicMVC/CSP/SiteReport/545"}},{"type":"Feature","geometry":{"type":"Point","coordinates":[-149.82947640001589,61.233610885337335]},"properties":{"Site_Name":"JBER-Elmendorf AFFF Seep OU5 ST037 Diesel Fuel Line","Status":"Active","Address_1":"S. of Corps of Engineers Bldg. on 2nd St","City":"Elmendorf AFB (JBER)","State":"AK","Zip_Code":"99506","Site_Type":"Military Installation - Base/Post/Other","Problem_Description":"Formerly known as SP-1 (Diesel Fuel Line Leak).  During 1956-58 a diesel fuel line break occurred leaking to the ground south of the US Army Corps of Engineers building.  Diesel fuel was reported to have seeped out of the ground near the railroad track. Thousands of gallons of diesel fuel were released, the majority of the fuel was recovered at this location. Former file# CS77.26  Old Name Bluff Road/1st Street NEW street name is 2nd Street. formerly SP-1\r\n\r\nOriginal Operable Unit (OU) list: \r\nOU#1 (Million Gallon Hill Area)-Sites SP-5/5A, OT-1, D-15, D-16, D-17, NS-2. OU#2 (Air Force High Priority Sites-Sites S-5, D-4, D-10, FT-1. OU#3 (Landfills)-Sites D-5, D-6, D-7, D-8, D-9, D-11, D-12, D-13, NS-2. OU#4 (Hangar Floor Drains)-Sites IS-1, IS-2, IS-3, IS-4, IS-5, IS-6, IS-7, IS-8. OU#5 (Fuel Spill Sites)-Sites SP-1 thru SP-16, NS-3. OU#6 (UST/LUST Sites)-Approx. 35 known UST/LUST sites scattered around facility. OU#7 (Misc. Sites)-Sites D-1, D-2, D-3, RD-1, S-l, S-3, S-4, S-6, S-7.\r\n\r\nLF = landfills, OT = Other, ordnance, burn areas, buildings. EPA NPL Listing Proposed Date: 7/14/1989 NPL Final Listing Date: 8/30/1990. ST = underground tanks, tanks, POL lines.  Formerly known as SP-1\r\n\r\nWestern OU5 includes the Corps of Engineers Building, the north source area ST37, and the industrial area north of Ship Creek. Central OU5 extends from the western outlet of the snowmelt pond east to the Waste Paint Tank. The area includes source areas ST38, SS42 and the snowmelt pond. The fish hatchery is located in this area between the toe of the bluff and Ship Creek. Eastern OU5=SS53, SD40 and ST46. Central OU5=Snowmelt Pond, Eastern OU5=Beaver Pond\r\n\r\nST37 includes several discrete plumes including the Fairchild Avenue Plume, Kenney Avenue Plume, Slammer Avenue Plumes, OU3MW-25 Plume, OU5MW-02 Plume, and SP1-02 Plume. In addition to these plumes, Site ST37 includes groundwater seep and surface water locations near the southern boundary of the base, the Beaver Pond, the OU5 engineered Wetland Remediation System, and the early warning and sentry well networks.\r\n\r\nEPA ID: AK8570028649\r\n\r\n2018 Site inspection of aqueous film forming foam (AFFF) areas on JBER-E and JBER-R detected PFOS and PFOA above the EPA health advisory levels and Table C Groundwater cleanup levels at various seeps. A surface water sample detected PFOS and PFOA above EPA HA levels and ADEC Table C cleanup levels. Extent of contamination is unknown. ","Site_Report_Link":"http://dec.alaska.gov/Applications/SPAR/PublicMVC/CSP/SiteReport/631"}},{"type":"Feature","geometry":{"type":"Point","coordinates":[-149.82182829572878,61.254607515350671]},"properties":{"Site_Name":"JBER-Elmendorf SS156P AFFF Area #20 OU4 SD027 Bldg 14410 Hangar 8","Status":"Cleanup Complete - Institutional Controls","Address_1":"Taxiway 2, S. of Burns Rd (formerly bldg. 42-300/Hangar 8)","City":"Elmendorf AFB (JBER)","State":"AK","Zip_Code":"99506","Site_Type":"Military Installation - Base/Post/Other","Problem_Description":"Historically, the building has been used for the cleaning and painting of aircraft. In the past, waste methyl ethyl ketone (MEK), paint thinner, paint stripper, and PD680 were produced in the building. The building's floor drains discharged to dry wells and may have received rinse water and minor spillage from these industrial operations. \r\n----------------------------------------------------------------------------------------\r\nSite Inspection for aqueous film forming foam (AFFF) areas on JBER-E and JBER-R detected PFOS above EPA health advisory level but below ADEC Table C cleanup level. Extent of contamination is unknown. \r\n\r\nOU=operable unit; SD = surface runoffs, wash racks, ditches, oil/water, separators.  Formerly known as IS-4 (Building 42-300 Refurbishment Section, MAC/AWACS Support Unit) Hangar 8 Drains.  Also known as SD27.  \r\n\r\nEPA ID: AK8570028649","Site_Report_Link":"http://dec.alaska.gov/Applications/SPAR/PublicMVC/CSP/SiteReport/633"}},{"type":"Feature","geometry":{"type":"Point","coordinates":[-166.84850263361366,65.261438839670149]},"properties":{"Site_Name":"USCG Port Clarence Loran Station","Status":"Active","Address_1":"Port Clarence","City":"Brevig Mission","State":"AK","Zip_Code":"99785","Site_Type":"Military Installation - Base/Post/Other","Problem_Description":"The former Port Clarence LORAN-C Station is located approximately 85 miles northwest of Nome and 75 miles south of the Arctic Circle. The station is situated on Point Spencer, a narrow spit of land extending approximately 15 miles from the Seward Peninsula and enclosing Port Clarence Bay. The area was historically used by indigenous peoples, as evidenced by numerous middens, house remains, and a burial ground located on the spit. Port Clarence is one of the few deep, sheltered harbors on the western coast of Alaska and was historically used by the whaling industry and other sailing vessels, beginning in the 1850s.\r\n\r\nIn 1925, the United States Coast Guard (USCG) began operating the Point Spencer Light Beacon. The site was most active during the World War II era, during which time the U.S. Army constructed and operated the Port Clarence Army Base (PCAB). PCAB maintained an operational airfield and was left mostly intact when the Army departed in 1955. In 1961, the USCG established the Port Clarence LORAN-C Station, part of a larger system that provide radio navigation aids to the contiguous United States and Alaska. \r\n\r\nIn 2010, the LORAN-C signal was terminated for North American, Canadian, and Russian stations. That same year, the 1,350 ft. LORAN tower was demolished, and the remaining station buildings were closed. The former Port Clarence LORAN C Station consists of seven (7) tracts, which include 14 areas of concern (AOCs) where contamination has been found or suspected.\r\n\r\nOn July 30, 2020, ownership of Tracts 2 and 5 was transferred to Bering Straits Native Corporation. \r\n","Site_Report_Link":"http://dec.alaska.gov/Applications/SPAR/PublicMVC/CSP/SiteReport/811"}},{"type":"Feature","geometry":{"type":"Point","coordinates":[-147.62474120113779,64.85404264061566]},"properties":{"Site_Name":"Fort Wainwright (OU-4) FTWW 038 Landfill Plume","Status":"Active","Address_1":"North Side of Chena River","City":"Fort Wainwright","State":"AK","Zip_Code":"99703","Site_Type":"Landfill/Dump","Problem_Description":"The Fort Wainwright Landfill is located at the base of Birch Hill and is 60 acres (approximately 40 acres north of River Road, and approximately 20 acres immediately south of River Road). Landfill activities at this area began in the early 1950s, and waste was initially dumped into gravel pits, burned, and covered. By the early 1960s, trenching and burning of waste ceased and wastes were spread, compacted by a bulldozer, and covered with coal ash generated from the Fort Wainwright power plant. The Operable Unit 4 (OU4) Record of Decision (ROD) remedy included capping the inactive portion of the landfill (this was completed in 1997) and implementing monitored natural attenuation, groundwater monitoring and institutional controls (ICs) to the site. Currently there is a monitoring well network located downgradient (west and southwest) of the capped area. The site is underlain by discontinuous permafrost. Monitoring wells across the site have been installed at shallow (wells screened across the water table), intermediate (wells screened below the water table) and deep (wells screened below permafrost) depths. On an annual basis, ten of the monitoring wells are sampled in the summer, and 7 monitoring wells in the fall. Additionally, an institutional control (IC) inspection is completed annually. Currently, the inactive portion of the landfill is appropriately covered and graded to prevent possible ponding, there is vegetation growth and there have been no signs of damage to the landfill face or slopes. Contaminants of concern remaining above ADEC cleanup levels in the groundwater table are: 1,1,2,2-tetrachloroethane, 1,1,2-trichloroethane, trichloroethene, benzene and cis-1,2-dichloroethene. Long-term monitoring is expected to continue at this site. The active portion of the landfill is permitted by the Solid Waste Program and monitoring activities are conducted separately under 18 AAC 60. \r\n\r\nThe corresponding Army HQAES site number is: 02871.1023.\r\n","Site_Report_Link":"http://dec.alaska.gov/Applications/SPAR/PublicMVC/CSP/SiteReport/1129"}},{"type":"Feature","geometry":{"type":"Point","coordinates":[-147.58348644903168,64.813543386438255]},"properties":{"Site_Name":"Fort Wainwright (OU-1) Drum Site West of DRMO FTWW-114 ","Status":"Active","Address_1":"Landfill Adjacent to DRMO","City":"Fort Wainwright","State":"AK","Zip_Code":"99703","Site_Type":"Unknown","Problem_Description":"The Drums Site West of the Defense Reutilization Marketing Office (DRMO) is approximately 75 acres in size and located west of the DRMO salvage yard on the eastern side of the main cantonment of Fort Wainwright. Several operations and activities have occurred in this area, including a motor pool and automotive maintenance shop in the 1950’s, and a landfill for disposal of solid waste such as porcelain products, refrigerators, ranges, and signposts in the 1960’s and 1970’s. These potential sources were investigated in 1995 as part of Operable Unit 1 (OU1). During training exercises and underground pipeline removal activities in 2013, drums and possible military munitions were encountered. During a visual survey conducted in 2015, ten single drums, two drum piles, several scrap metal piles containing drums and an area of buried drums were identified. A trench (approximately 5 feet wide by 40 feet long) with water was visible. There were no munitions found. Surface soil samples near several partially buried drums, and surface water samples were collected from the trench as part of the 2015 field activities. Diesel range organics (DRO) and residual range organics (RRO) were identified in the surface water above screening levels. All analytes for total aqueous hydrocarbon (TAqH) calculations were not detected, however the limits of detections exceeded screening levels which resulted in TAqH being above the Alaska Water Quality Standard of 0.15 milligrams per liter (mg/L). Arsenic, cadmium, and lead were observed above screening levels however, all results were below the established background levels for the site. Additional investigation of this site is recommended to determine the extent of the drum debris and determine the source of the petroleum contamination in the surface water. During the 2020 per- and polyfluoroalkyl substance (PFAS) preliminary assessment/site investigation, PFOS and PFOA were detected at levels below the screening criteria in well FTWW-AP-5966. Additional work to delineate the PFAS groundwater plume is recommended.\r\n\r\nThe corresponding Army HQAES site number is: 02871.1111.","Site_Report_Link":"http://dec.alaska.gov/Applications/SPAR/PublicMVC/CSP/SiteReport/1139"}},{"type":"Feature","geometry":{"type":"Point","coordinates":[-149.88825733325231,61.236950275475024]},"properties":{"Site_Name":"JBER-Elmendorf PL081 N. Jet Pipeline","Status":"Cleanup Complete - Institutional Controls","Address_1":"900' South-Southeast of","City":"Elmendorf AFB (JBER)","State":"AK","Zip_Code":"99506","Site_Type":"Military Installation - Base/Post/Other","Problem_Description":"North Jet pipline at the western edge of the Base. The site is limited to the abandoned 10 inch pipeline transmitting AVGAS and Jet Fuel Grade 4 (JP-4) that is eligible for DSMOA funding and cleanup and NOT related to the active 12 inch pipeline which is compliance program funded and the one that was found to be leaking in 1994 (associated with spill #s: 94-211238-2 (oil in sewer), 94-211-212- (oil in storm drain)1 and 94-211-257-3 (EAFB pipeline leak) and ledger code LC14999999).  UST Facility ID 1525.  The State Elmendorf Environmental Restoration agreement was abolished on 10/21/2002.  NW1/4 Section 7 PL81 is a fuel pipeline corridor. \r\n\r\nA 10-inch pipeline was constructed in 1942 to transmit AVGAS and JP-4 from the Port of Anchorage to Elmendorf AFB. That pipeline, which was extensively damaged in the 1964 earthquake, was abandoned in place shortly after the earthquake and subsequently removed in 1998. PL81 is in Zone 1 of 3 zones established to better manage sites on the Base. Zone 1 consists of nine plumes located within eight sites.  These sites are spread throughout the northern reaches of Elmendorf AFB (DP98, ST36, ST41, ST61, ST69, LF04, PL81, WP14. With the exception of the DP98 Plume, fuel constituents are the COCs at the Zone 1 plumes.  Chlorinated solvents are the COCs at the DP98 Plume.\r\n\r\n\r\nThe Global Positioning System (GPS) coordinates are 6793997.20 meters north and 345901.25 meters east. \r\n\r\nThe 10 inch pipeline unrelated to active 12 inch pipeline that leaked in 1994 down at Port of Anchorage. \r\n\r\nRemedial investigation studies for OU6, which includes the PL81 area, revealed petroleum, oil, and lubricants (POL) contamination from this pipeline. Two plumes (OU6MW-46 and PL81 South) comprise Site PL81. Although this site was not formally identified as a site until after the OU6 ROD was signed, the PL81 area is within the groundwater contamination area addressed by the OU6 ROD. In addition, the two plumes at Site PL81 have the potential to commingle with LF04 groundwater, which is addressed in the OU6 ROD; therefore, groundwater at Site PL81 is addressed under the OU6 ROD. Administratively closed out. ","Site_Report_Link":"http://dec.alaska.gov/Applications/SPAR/PublicMVC/CSP/SiteReport/2042"}},{"type":"Feature","geometry":{"type":"Point","coordinates":[-156.67312899240281,58.692968640164558]},"properties":{"Site_Name":"King Salmon AS GW Zone 1 OT027","Status":"Active","Address_1":"Base Living Area","City":"King Salmon","State":"AK","Zip_Code":"99613","Site_Type":"Military Installation - Base/Post/Other","Problem_Description":"OT027 Groundwater Zone 1 has a free product and dissolved DRO plume, with several smaller dissolved TCE plumes. Zone 1 is the main base living area. The groundwater zones were established in areas with similar hydrological, geological, geographical, and contamination characteristics, and contain numerous Installation Restoration Program (IRP) sites within each zone.  \r\n\r\nThe IRP sites within Zone 1 include: DP023 Dry Well (Building #159) (Cleanup Complete); SS11 Eskimo Cr. Seeps, SS015 POL Tanks aka ST015 Petroleum Oil, and Lubricants Tanks; SS016 Waste Accumulation Area #2 (Cleanup Complete); and SS019 MOGAS Station, DA032 Incinerator, DA038 Disturbed Ground and the B-Aquifer. \r\n\r\nAn Interim Record of Decision (dated November 2000) to remediate the free phase petroleum product and TCE groundwater plumes was signed by ADEC and the Air Force. The Interim ROD also included the continued operation, maintenance, and monitoring of the Eskimo Creek Treatment System, and groundwater use restrictions.  \r\n\r\nLatitude and longitude coordinates represent the approximate GW Zone polygon centroid. ","Site_Report_Link":"http://dec.alaska.gov/Applications/SPAR/PublicMVC/CSP/SiteReport/2628"}},{"type":"Feature","geometry":{"type":"Point","coordinates":[-156.65215643524564,58.689274847991825]},"properties":{"Site_Name":"King Salmon AS GW Zone 2 OT028","Status":"Active","Address_1":"Base Industrial Area","City":"King Salmon","State":"AK","Zip_Code":"99613","Site_Type":"Military Installation - Base/Post/Other","Problem_Description":"OT028 Groundwater Zone 2 has DRO, GRO, BTEX, and TCE groundwater plumes in the A-Aquifer.\r\n\r\nThe groundwater zones were established in areas with similar hydrological, geological, geographical, and contamination characteristics, and contain numerous Installation Restoration Program (IRP) sites within each zone.  \r\n\r\nThe IRP sites within Zone 2 include: DP013 Dry Well (Building #158); OT018 Pesticide Site; SS017 Waste Accumulation Area #3; SS020 Old Power Plan (Building #154); SS021 Refueler Shop (Building #149); SS022 Eskimo Creek Dump; DA033 Debris Trenches; SA043 Drum Storage; DA034 Gravel Pad; and SA039 Drum Storage .  Potential contaminant sources identified in the vicinity are the Refueler Shop (former Building 149), several former USTs, and a former dry well.  \r\n\r\nGroundwater Zone 2 Final Record of Decision was signed by ADEC in December 2002.  The final remedy is Monitored Natural Attenuation, if long-term monitoring does not indicate that cleanup levels will be met within 25 years, or if actions levels are exceeded, then the need to implement an active remediation technique will be evaluated.  The remedy includes: Institutional controls to restrict installation of drinking water wells within the A-Aquifer or other intrusive activities that would not be appropriate during remediation; annual groundwater and surface water monitoring with a five-year review; and groundwater monitoring every 5 years (2007, 2012, 2017, 2022). \r\n\r\nAF point of contact:  Charley Peyton, Project Manager, 611th CES/CEV 10471 20th Street Suite 338, Elmendorf AFB, AK 99506-2270; Telephone 907-552-9765.\r\n\r\nLatitude and longitude coordinates represent the approximate GW Zone polygon centroid.","Site_Report_Link":"http://dec.alaska.gov/Applications/SPAR/PublicMVC/CSP/SiteReport/2629"}},{"type":"Feature","geometry":{"type":"Point","coordinates":[-156.62323801370837,58.67174693508899]},"properties":{"Site_Name":"King Salmon AS GW Zone 5 OT031","Status":"Active","Address_1":"Fire Training Areas/LFs","City":"King Salmon","State":"AK","Zip_Code":"99613","Site_Type":"Military Installation - Base/Post/Other","Problem_Description":"OT031 Groundwater Zone 5 contains several former fire training areas and landfills. Some of the petroleum and solvent contamination within the soil and groundwater at the fire training areas has been remediated, one area continues to be remediated by a treatment system, and some are still in the investigation stages. The landfills have sporadic detection of petroleum and solvent contamination within the groundwater, and petroleum contaminated soil exceeding cleanup levels; these areas have continued groundwater monitoring and future soil remediation planned.\r\n\r\nThe groundwater zones were established in areas with similar hydrological, geological, geographical, and contamination characteristics, and contain numerous Installation Restoration Program (IRP) sites within each zone.  The IRP sites within Zone 5 include: FT001 Fire Training Area #1 and RAPCON; FT002 Fire Training Area #2; FT003 Fire Training Area #3; FT004 Fire Training Area #4; LF006 Landfill #2 and Circle Landfill; and LF007 Landfill #3.  A Proposed Plan and Record of Decision is scheduled for 2003.  \r\n\r\nAF point of contact:  Charley Peyton, Project Manager, 611th CES/CEV 10471 20th Street Suite 338, Elmendorf AFB, AK 99506-2270; Telephone 907-552-9765.\r\n\r\nLatitude and longitude coordinates represent the approximate GW Zone polygon centroid.","Site_Report_Link":"http://dec.alaska.gov/Applications/SPAR/PublicMVC/CSP/SiteReport/2632"}},{"type":"Feature","geometry":{"type":"Point","coordinates":[-156.63771135611648,58.673441779215253]},"properties":{"Site_Name":"King Salmon AS GWZ 5 FT002 FTA 2","Status":"Active","Address_1":"FT02 Fire Training Area 2","City":"King Salmon","State":"AK","Zip_Code":"99613","Site_Type":"Military Installation - Base/Post/Other","Problem_Description":"Groundwater Zone 5 (OT31).\r\nFire Training Area No. 2 (FT02) is located on abandoned airfield pavement, approximately 800' north of the centerline of Runway 11/29.  Operation dates from 1979 to 1989.  Potential materials disposed include JP-4 and waste oil.  Approximately 100 cubic yards of contaminated soil were removed in 1996, and treated in biocells.  Air Force proposes a No Further Remedial Action Planned; draft decision documents have been prepared.\r\n\r\nPathways: Soils to groundwater to aquatic resource; soils to direct contact; soils to atmosphere; soils to surface runoff via erosion.  Site is accessible to humans.  Ecological receptors are mammals and birds.  Site entered by Shannon and Wilson.  \r\n\r\nAF point of contact:  Charley Peyton, Project Manager, 611th CES/CEV 10471 20th Street Suite 338, Elmendorf AFB, AK 99506-2270; Telephone 907-552-9765.","Site_Report_Link":"http://dec.alaska.gov/Applications/SPAR/PublicMVC/CSP/SiteReport/2840"}},{"type":"Feature","geometry":{"type":"Point","coordinates":[-156.62826613549768,58.672330879925966]},"properties":{"Site_Name":"King Salmon AS GWZ 5 FT004 Fire Training Area 4","Status":"Active","Address_1":"Fire Training Area 4","City":"King Salmon","State":"AK","Zip_Code":"99613","Site_Type":"Military Installation - Base/Post/Other","Problem_Description":"Site is within Groundwater Zone 5 (OT31).\r\nFire Training Area No. 4, potential material disposed includes JP-4 and waste oil/solvents. Perfluorinated compounds (PFC) have been detected in sampling conducted by the Air Force.  This site is located approximately 1600 feet northeast of the centerline of Runway 11/29.  It was used for several years until 1980 for training in fighting aircraft fires.  Old cars were used to simulate aircraft.  Soil and groundwater are contaminated with petroleum and solvents (primarily TCE). \r\n\r\nThe following investigation summary was taken from the Final 2014 Remedial Action Construction work plan.  \r\nSurface and Subsurface Soil\r\nSoil samples were collected from FT004 in 1993 and 1996. \r\n\r\nIn 1993 (USAF, 1995), three soil borings were drilled at FT004 and one of the borings was completed as a monitoring well. Two to three samples were collected from each boring at five-foot intervals for a total of eight samples (FT04A, B, and C). The samples were analyzed for diesel range organics (DRO), total petroleum hydrocarbons (TPH), volatile organic compounds (VOCs), semi-volatile organic compounds (SVOCs), pesticides, and polychlorinated biphenyls (PCBs). An additional surface sample was collected and analyzed for dioxins (FT04D). The VOC trichloroethene (TCE) was detected above the ADEC soil cleanup level in one sample (FT04B) at 10 feet below ground surface (bgs). Benzene was detected above the ADEC soil cleanup level in one sample (FT04A), also at 10 feet bgs. In addition, DRO was detected above the soil cleanup level in each borehole. The dioxin 2,3,7,8-Tetrachlorodibenzo-p-dioxin (TCDD) was detected in one sample at 5.69 pg/g, below the 58 pg/g ADEC Method Two Migration to Groundwater cleanup level (ADEC, 2012).\r\n\r\nIn 1996 (USAF, 1997), seven subsurface samples were collected from six borings. In addition, five surface samples were collected. DRO was detected above soil cleanup levels in two surface samples and one subsurface (10-feet bgs) sample. TCE was detected in the same samples; however, no TCE detections exceeded the ADEC soil cleanup level.\r\n\r\nIn May of 2009, Paug-Vik conducted pre-excavation sampling to determine presence or absence of VOCs and dioxins. Four samples were collected at FT004. The VOC 1,3,5- Trimethylbenzene was detected in one sample at 26.6 mg/kg (33.5 mg/kg in the duplicate), above the 23 mg/kg ADEC Method Two Migration to Groundwater cleanup level. Dioxin levels were 1 pg/g or less in each sample. Since no dioxin has been found above cleanup levels in any sample collected in 1996 and in 2009, dioxin is no longer considered a contaminant of concern at this site. In fall 2009, an estimated 1,200 cubic yards of POL-contaminated soil were removed from Site FT004 (PVS, 2010). After the soil was excavated, samples were collected from the excavation walls (the bottom of the excavation reached the water table). Analysis of the samples, which varied in depth from 3 to 10 ft. bgs, indicated soil with various POL concentrations above the cleanup levels was still present at the site. Since TCE was not detected in any 8 of the samples, it is no longer considered a contaminant of concern at this site. The excavation was lined with reinforced plastic sheeting and backfilled with uncontaminated soil. \r\n\r\nIn 2011, another 500 cubic yards of POL-contaminated soil were excavated from approximately half the circumference of the original excavation. All confirmation sample results from the 2011 excavation were below cleanup levels for all analytes. The contract limit was reached before the entire circumference could be assessed; soil with POL concentrations above the cleanup levels remains present in the remainder of the 2009 excavation boundary that was not extended in 2011. \r\n\r\nGroundwater\r\nA monitoring well was installed in 1993, and four additional wells were installed in 1996. In May 1997, all five wells (FT04-MW1 through MW5) were sampled (USAF, 2008b). Groundwater samples were analyzed for VOCs, DRO, and gasoline range organics (GRO). Well FT04-MW2 was found to have DRO, TCE, benzene, toluene, and ethylene dibromide (EDB) concentrations above their respective ADEC groundwater cleanup levels. In addition, well FT04-MW4 was found to have a concentration of EDB in exceedance of the ADEC ground water cleanup level. during the 2006 RPO activities (USAF, 2007), one new monitoring well was installed at a location downgradient from the contaminant plume (FT04-MW6). All six wells were sampled at this time; FT04-MW5 had concentrations of TCE, benzene, and toluene above the ADEC groundwater cleanup levels. No VOCs were detected in FT04-MW6, suggesting that this well is located downgradient of the plume. During the 2009 activities, the area around and including FT04-MW5 was excavated\r\n\r\nAF point of contact:  Charley Peyton, Project Manager, 611th CES/CEV 10471 20th Street Suite 338, Elmendorf AFB, AK 99506-2270; Telephone 907-552-9765.","Site_Report_Link":"http://dec.alaska.gov/Applications/SPAR/PublicMVC/CSP/SiteReport/2841"}},{"type":"Feature","geometry":{"type":"Point","coordinates":[-147.09340990930411,64.680533190455961]},"properties":{"Site_Name":"Eielson AFB (SS079) Bldg 2207 Dining Hall CITS","Status":"Active","Address_1":"Dining Hall","City":"Eielson AFB","State":"AK","Zip_Code":"99702","Site_Type":"Military Installation - Base/Post/Other","Problem_Description":"Former Building 2207/Dining Hall/447 North Street is one of five CITS sites.  There is a municipal drinking water well less than 1 mile upgradient of the site and Garrison Slough is less than 0.25 miles cross-gradient from the site.  95 cubic yards of soil were removed and thermally treated in 2001.\r\n\r\n2002 and 2004 soil and groundwater sampling identified DRO above cleanup levels.  The highest DRO concentrations were 23,700 mg/kg and 1.99 mg/L in soil and groundwater, respectively.\r\n\r\nIn 2006 ADEC requested consideration of possible remedial actions for this site and noted that the site characterization does not adequately characterize the extent of groundwater contamination (a few additional monitoring wells downgradient of the source with confirmation of the local groundwater flow direction are needed).\r\n\r\nFor your information, (remotely) possible related site.  EiAFB ST59 - Dining Hall; Section 11, T3S, R3E, FM; CSRP Database Reckey 198731X108341, Status: Closed.  CSRP File # 107.38.001.  Diesel spill; contaminated soil has been removed as per Army Memo of 10-20-91.  See also CSRP file# 100.02.003.\r\n\r\nThe 2019 DD estimated that approximately 2,574 cy of POL-contaminated vadose-zone soil\r\nremained at the site and that the POL impacted groundwater plume extended 171 feet from\r\nnorth to south, and 108 feet east to west to the southeast of Facility 2207.\r\n\r\nThe Selected Remedy for the site in the 2019 DD consisted of a remedial excavation of the\r\nimpacted vadose zone soil along with MNA of the residual contamination in the groundwater.\r\nThe remedial excavation scope planned for the removal of all contaminated vadose zone soil\r\nto the extent practicable as limited by existing in-place infrastructure (i.e., buildings, utilities, roadways, etc.). The MNA scope prescribed the subsequent installation of five groundwater monitoring wells within the plume extents and in areas cross-and down-gradient of the plume boundaries for the purposes of tracking the contaminants migration. The groundwater  monitoring component of the remedy consisted of annual sampling of the groundwater for CoC and MNA concentrations to evaluate the attenuation progress at the site and the\r\neffectiveness of the remedy.\r\n\r\nLand Use Controls, including dig and use restrictions, were also implemented for the site until\r\nsubsequent monitoring results indicate that the site is eligible for UU/UE. The USAF and\r\nADEC will perform periodic reviews of the site to assess the remedy progress and ability of\r\nthe LUC measures in remaining sufficiently protective of human health and the environment.\r\n\r\nThe 2019 DD estimated that approximately 2,600 cy of POL contaminated vadose zone soil\r\nremained at the site. The 2022 RA-C remedial excavation removed approximately 1,227 cy of\r\ncontaminated soil from the three site excavations. However, due to the proximity of existing\r\ninfrastructure and buried utility lines, the excavations were unable to remove the full extent of\r\ncontaminated soil. In areas where excavating was restricted, the remnant POL contaminated soil that could be excavated, were it not for infrastructure impingement, extends from beneath an approximately three-foot layer of gravel fill to the depth of groundwater at approximately 8 feet bgs in the vadose zone. The extent of the POL contaminant plume is approximated based on the observed POL contaminant impact in the saturated zone soil in Excavations #1 and #2 and the detected DRO contamination at MW2. Additionally, the analytical data evidences the presence of extensive PFAS contamination in the groundwater throughout the site, specifically PFOS.\r\n","Site_Report_Link":"http://dec.alaska.gov/Applications/SPAR/PublicMVC/CSP/SiteReport/3687"}},{"type":"Feature","geometry":{"type":"Point","coordinates":[-147.07590120735094,64.666209358937678]},"properties":{"Site_Name":"Eielson AFB (SS519) Bldg 3426 Supply Facility CITS","Status":"Active","Address_1":"Building 3426","City":"Eielson AFB","State":"AK","Zip_Code":"99702","Site_Type":"Military Installation - Base/Post/Other","Problem_Description":"The second highest DRO reading of at 7,700 mg/kg in soil from the CIT trenches was detected along the western end of Building 3426.  Approximately 25 cubic yards of soil were removed from the location and thermally treated in May 2001.  Further characterization of the site is warranted as only soils pertaining to the CITS Construction Project were removed or tested.\r\n\r\nUpdate: \r\nInvestigations were conducted between 2002 and 2021. Several soil borings and temporary well\r\npoints were advanced in the area around the site to define the extent of the affected soil and\r\ngroundwater. The results of those investigation efforts identified petroleum contaminated soil in\r\nthree distinct areas: Area 1, Area 2, and Area 3. Area 4, located west of the building, does not\r\ninclude POL-related COCs. POL-contaminated soil at Area 1, located southwest of the\r\nsouthwestern corner of the building, covers approximately 1,500 square feet. POL-contaminated\r\nsoil at Area 2, located south of the southwestern corner of the building and east of Area 1,\r\ncovers approximately 2,000 square feet. POL-contaminated soil at Area 3, located south of the\r\nbuilding and east of Area 2, covers approximately 600 square feet. The Decision Document\r\n(USAF 2023a) estimated that 1,200 to 1,500 cubic yards of POL-contaminated soil remained in\r\nthese three areas. The Decision Document (USAF 2023a) showed the POL groundwater\r\ncontamination plume on the west side of the building beginning at the approximate middle of the\r\nbuilding and extending south approximately 100 feet past the building corner. The plume was\r\nestimated to be approximately 275 feet long by 100 feet wide. Contaminated soil was identified\r\nabove and below the groundwater table.\r\n\r\nThis site is within the known perfluoroalkyl and polyfluoroalkyl substances (PFAS) groundwater plume beneath the central portion of Eielson AFB. \r\n\r\nIn 2024 Remedial Action was conducted on three excavations at this site and in that report, the conceptual model for the site is recommended to be updated as follows: The soil and groundwater COCs for Site SS519 are POL-related compounds GRO, DRO, 1,3,5-\r\ntrimethylbenzene, 1,2,4-trimethylbenzene, ethylbenzene, xylenes, 1,4-dichlorobenzene,\r\nnaphthalene, 1- methyl naphthalene, 2-methyl naphthalene and 1,1’ biphenyl in soil; and GRO,\r\nDRO, naphthalene, and 1-methyl naphthalene in groundwater. Non-petroleum-related\r\ncontaminants of potential concern (COPCs) for Site SS519 are chloroform, trichloroethylene,\r\nchromium, and thallium in soil; and arsenic, cobalt, iron, and manganese in groundwater.\r\nExposure media and pathways at Site SS519 are dermal exposure to and ingestion of\r\ncontaminated soil (subsurface) and groundwater, and inhalation of outdoor and indoor air.\r\nCurrent and future receptors for soil, groundwater, and air media include commercial and\r\nindustrial workers, construction workers, and site visitors, trespassers, and recreational users.\r\nFuture receptors include hypothetical residents. The area is not used for hunting, subsistence,\r\nor farming.\r\n\r\nApproximately 1,312 LCY of POL-contaminated soil were excavated from three areas at Site SS519, of which 213 LCY of soil were co-contaminated with PFAS. Lateral extents of the excavation were limited by infrastructure, and vertical extents were limited to minimize removal of PFAS-affected soils in the smear zone. Six permanent groundwater monitoring wells were installed for inclusion in the base groundwater monitoring network. Groundwater monitoring revealed exceedances of POL-related contaminants in two wells and PFAS in one well.","Site_Report_Link":"http://dec.alaska.gov/Applications/SPAR/PublicMVC/CSP/SiteReport/3688"}},{"type":"Feature","geometry":{"type":"Point","coordinates":[-151.48034654605016,59.642491424892313]},"properties":{"Site_Name":"ADOT&PF Homer Airport Sitewide PFAS","Status":"Active","Address_1":"2320 Kachemak Drive; Homer Airport","City":"Homer","State":"AK","Zip_Code":"99603","Site_Type":"Airport/Airfield","Problem_Description":"Site characterization activities were conducted in 2021 to evaluate per- and poly-fluoroalkyl substances (PFAS) at the Alaska Department of Transportation and Public Facilities (ADOT&PF) Homer Airport (HOM). Potential sources of PFAS at the HOM facility include fire training activities using aqueous film forming foam (AFFF). Fire training activities were likely conducted twice per year since the 1970s at two AFFF training areas and at least once per year at various locations along the airport runways.  There are no known emergency response incidents where AFFF use was documented.  The precise timeline and locations of AFFF use are unknown.","Site_Report_Link":"http://dec.alaska.gov/Applications/SPAR/PublicMVC/CSP/SiteReport/27309"}},{"type":"Feature","geometry":{"type":"Point","coordinates":[-162.71876651966303,55.199366922759864]},"properties":{"Site_Name":"ADOT&PF Cold Bay Airport Sitewide PFAS","Status":"Active","Address_1":"Cold Bay Airport","City":"Cold Bay","State":"AK","Zip_Code":"99571","Site_Type":"Airport/Airfield","Problem_Description":"In April 2022, Alaska Department of Environmental Conservation (ADEC) collected water samples from potable wells in the immediate vicinity of the Alaska Department of Transportation and Public Facilities (ADOT&PF) Cold Bay Airport. Analytical sample results indicated concentrations of per- and polyfluoroalkyl substances (PFAS) above 70 ppt in both municipal wells located at the Cold Bay Water Treatment Plant. In November 2022, a water supply well search for wells not connected to the municipal water system was conducted. The results of the water supply well search revealed that Well #2, which was formerly below the ADEC Action Level, now exceeded the level. Samples results from Well #3 and throughout various other points in the water supply system contained one or more PFAS constituents above ADEC Action Levels. Six private water supply wells were sampled, one contained PFAS and PFOA constituents above the DEC Action Level.","Site_Report_Link":"http://dec.alaska.gov/Applications/SPAR/PublicMVC/CSP/SiteReport/27764"}},{"type":"Feature","geometry":{"type":"Point","coordinates":[-131.71220385042849,55.355156752020044]},"properties":{"Site_Name":"Ketchikan Airport Sitewide PFAS","Status":"Informational","Address_1":"1000 Airport Access Terminal Way ","City":"Ketchikan","State":"AK","Zip_Code":"99901","Site_Type":"Airport/Airfield","Problem_Description":"ADOT&PF is conducting a well search and sampling effort to evaluate PFAS impacts in the vicinity of the Ketchikan Airport.","Site_Report_Link":"http://dec.alaska.gov/Applications/SPAR/PublicMVC/CSP/SiteReport/27803"}},{"type":"Feature","geometry":{"type":"Point","coordinates":[-165.42851588137719,64.515410696450303]},"properties":{"Site_Name":"ARNG Nome AAOF","Status":"Active","Address_1":"Army National Guard Nome Army Aviation Operating Facility","City":"Nome","State":"AK","Zip_Code":"99762","Site_Type":"Military Installation - Base/Post/Other","Problem_Description":"Five 5-gallon buckets of Chemguard 3% AFFF concentrate and a single Tri-Max fire extinguisher were discovered at the ARNG Nome AAOF during a preliminary assessment. No records of the maintenance or use of the Tri-Max extinguisher were found. The AAOF is not equipped with a AFFF fire suppression system. After a Site Inspection in September 2021 in which 6 soil borings (18 primary soil samples) were advanced and completed as monitoring wells (6 primary groundwater samples), multiple PFAS compounds were detected in soil and groundwater. Only PFOS exceeded current DEC cleanup levels in soil, and there were no exceedances in groundwater above current DEC cleanup levels. ","Site_Report_Link":"http://dec.alaska.gov/Applications/SPAR/PublicMVC/CSP/SiteReport/27868"}},{"type":"Feature","geometry":{"type":"Point","coordinates":[174.07214413017306,52.721638960498012]},"properties":{"Site_Name":"Eareckson Air Station SS23","Status":"Active","Address_1":"Past Drum Storage Area","City":"Amchitka","State":"AK","Zip_Code":"99546","Site_Type":"Military Installation - Base/Post/Other","Problem_Description":"Eareckson AS is situated on Shemya Island, approximately 1,500 miles southwest of Anchorage, Alaska at the westernmost tip of the Aleutian Islands.  Shemya Island is part of the Near Islands group of the Aleutian Archipelago. The U.S. Army first developed facilities on Shemya Island in 1943 to support operations against the Japanese occupation forces on the nearby islands of Attu, Agattu, and Kiska. In 1954, the site was deactivated, and was turned over to the Civil Aeronautics Authority in 1955. In 1958, the Air Force returned to Shemya Island to support various Air Force and Army strategic intelligence gathering activities. It has remained active in this capacity to the present. In 1995, the station was downsized and reverted to caretaker status and a private operation and maintenance contractor took control of the facility under contract to the Air Force. Shemya Island is owned by the U.S. Government and is under the jurisdiction of the United States Fish and Wildlife Service (USFWS) as part of the Alaska Maritime National Wildlife Refuge. \r\n\r\n\r\nSS023 consists of seven asphalt-covered hardstands, one previously existing asphalt hardstand(now removed), and the areas between them. The hardstands are located on the southeast side of the old Abandoned Runway C on the western portion of Shemya Island.  These hardstands were originally constructed to park fighter aircraft during WWII. During the 1980s, some of these hardstands were used for drum cleaning and crushing operations, as well as drum storage. Before the 1980s, at least three of the hardstands contained numerous drums. POLs, petroleum wastes, and solvents were potentially disposed at this site.  ","Site_Report_Link":"http://dec.alaska.gov/Applications/SPAR/PublicMVC/CSP/SiteReport/41"}},{"type":"Feature","geometry":{"type":"Point","coordinates":[174.07863113061373,52.725227960407878]},"properties":{"Site_Name":"Eareckson Air Station FT02","Status":"Active","Address_1":"Aircraft Mockup/Drums/FTA","City":"Amchitka","State":"AK","Zip_Code":"99546","Site_Type":"Military Installation - Base/Post/Other","Problem_Description":"Eareckson AS is situated on Shemya Island, approximately 1,500 miles southwest of Anchorage, Alaska at the westernmost tip of the Aleutian Islands.  Shemya Island is part of the Near Islands group of the Aleutian Archipelago. Shemya Island is owned by the U.S. Government and is under the jurisdiction of the United States Fish and Wildlife Service (USFWS) as part of the Alaska Maritime National Wildlife Refuge. The U.S. Army first developed facilities on Shemya Island in 1943 to support operations against the Japanese occupation forces on the nearby islands of Attu, Agattu, and Kiska. In 1954, the site was deactivated, and was turned over to the Civil Aeronautics Authority in 1955. In 1958, the Air Force returned to Shemya Island to support various Air Force and Army strategic intelligence gathering activities. It has remained active in this capacity to the present. In 1995, the station was downsized and reverted to caretaker status and a private operation and maintenance contractor took control of the facility under contract to the Air Force.\r\n\r\nFT002 is located on the western end of the island and consists of three areas: Aircraft Mock-Up Area(MA), Fire Training Area (FTA), and Abandoned Drum Disposal Area (ADDA).  The MA was used for fire-fighting training from 1983 to 1988. Cylindrical tanks were configured to resemble an aircraft fuselage, which were located within two concentric earthen berms on asphalt. Petroleum products were used as accelerants during fire training at the site. From 1996 through 2000, a bioventing system was installed and operated to remediate petroleum contamination. The FTA was used for fire training activities from the early 1970s to the mid-1980s. Debris and approximately 1,100 cubic yards of petroleum contaminated soils were removed to a depth of 3 to 4 feet in the late 1980s.  The ADDA is a drainage on the north side of the abandoned runway that was used to dispose of drums. Approximately 30 buried drums and 35 to 40 cubic yards of visibly contaminated sediments were removed in 1996.  \r\n\r\nPetroleum and PFAS contamination is present at this site.  Institutional controls are effectively controlling human exposure to contamination.  The risk of contamination to ecological receptors is currently unknown.\r\n","Site_Report_Link":"http://dec.alaska.gov/Applications/SPAR/PublicMVC/CSP/SiteReport/42"}},{"type":"Feature","geometry":{"type":"Point","coordinates":[174.11433113060028,52.716599960330072]},"properties":{"Site_Name":"Eareckson Air Station OT48","Status":"Active","Address_1":"Water Gallery collect sys","City":"Amchitka","State":"AK","Zip_Code":"99546","Site_Type":"Military Installation - Base/Post/Other","Problem_Description":"Site OT048 is the Water Gallery and collection point of potable water used at Eareckson Air Station located on the north side of the airfield on Shemya Island, Alaska. Water reaches OT048 by drainage from a series of shallow ponds located to the north. Water flowing through OT048 eventually drains into Gallery Creek which is the only significant surface-water body near OT048. Potable water is collected and treated by an on-site infiltration system which has received multiple upgrades over the years (the system has been in operation since the 1950s). Fuel and/or solvent spill areas and potential contaminant source areas from base activities are located within the drainage basin supporting the Water Gallery. Environmental site investigations began in 1992. Petroleum contaminated soils were identified and removed in 1989. The excavated areas were backfilled with clean sand. Surface water, sediment and groundwater were sampled, and trichloroethene (TCE) was detected at concentrations above the Table C cleanup levels. TCE will be monitored every two years at the site until the concentration falls below the Table C cleanup levels for two consecutive sampling events. Per- and polyfluoroalkyl substances (PFAS) were first identified at this site in 2018. A remedial investigation (RI) was conducted in 2021 and 2023 to determine the nature and extent of PFAS contamination. Perfluorooctanoic Acid (PFOA) and perfluorooctanesulfonic Acid (PFOS) were detected in the soil, and PFOA and PFOS were detected in the groundwater above project screening levels. The PFAS plume in this area extends from Hangar 3 and 4 (upgradient from the site) to south of OT048 and to the Pacific Ocean. The nature and extent of the PFAS plume was sufficiently characterized during the RI effort, and no additional investigation of PFAS is planned for this site. Water from the Water Gallery for drinking water continues to be treated and sampled regularly. Long-term monitoring and institutional control inspections continue for this site.","Site_Report_Link":"http://dec.alaska.gov/Applications/SPAR/PublicMVC/CSP/SiteReport/62"}},{"type":"Feature","geometry":{"type":"Point","coordinates":[-153.70226793782336,65.992753905530179]},"properties":{"Site_Name":"Indian Mt. LRRS (All Sites)","Status":"Informational","Address_1":"15 Miles East of Hughes","City":"Hughes","State":"AK","Zip_Code":"99745","Site_Type":"Military Installation - Radar/Radio Relay Stn","Problem_Description":"Site operated 1951 to present.  Over 60,000 gallons of fuel spilled at upper/lower camps in late 1970s and early 1980s.  Known contaminants include petroleum products, halogenated/non-halogenated solvents, and PCBs.  The White Alice site was deactivated in 1979.  Aircraft Control and Warning site was deactivated in 1984.  1987 demolition of some W/A and AC&W facilities in 1987.  The installation is currently an Active Long Range Radar Station operated by the US Air Force. Cleanup is being conducted under the DoD Installation Restoration Program (IRP).  Individual IRP sites in the CS database include: LF004, LF005, LF006, OT008, SD001, SD007, SS002, SS003, SS009, and SS010. Please see these individual sites for more detailed description of the investigation and remediation activities that have occurred.","Site_Report_Link":"http://dec.alaska.gov/Applications/SPAR/PublicMVC/CSP/SiteReport/137"}},{"type":"Feature","geometry":{"type":"Point","coordinates":[-147.05845397539142,64.649040905390919]},"properties":{"Site_Name":"Eielson AFB (OU-1) (ST020) Refueling Loop","Status":"Active","Address_1":"E-7, E-8 & E-9 Complexes","City":"Eielson AFB","State":"AK","Zip_Code":"99702","Site_Type":"Military Installation - Base/Post/Other","Problem_Description":"Aircraft refueling loop with three complexes: E-7, E-8 and E-9.  Each complex includes an asphalt pad with adjacent areas of gravel and grass.  Each complex has its own pump house (E-7: Bldg 1315, E-8: Bldg 1321, E-9: Bldg 1305), three 50,000-gallon USTs, one 25,000-gallon defueling UST and underground fueling and defueling lines.\r\n\r\nGroundwater is approximately 3-9 feet below ground surface.  The large area enclosed by the taxiway loop north of E-7 contains surface water ponds.  Garrison Slough is approximately 1,000 feet from E-7.\r\n\r\nContamination is thought to be due to a variety of spills and leaks.  Floating product up to 30-cm thick was measured above shallow groundwater at each of the three complexes.\r\nE-7: JP-4 leaks in subsurface fueling and defueling transfer pipes\r\nE-8: JP-4 surface spills from overfilling storage tanks\r\nE-9: (1) \"extensive\" leak detected Aug 1988, repairs Jun 1989, amount unknown; (2) leak on tarmac detected and repaired Jun 1989, amount unknown; (3) Leak in line to defueling tank detected Jun 1992, repaired Jul 1992, amount unknown.\r\n\r\nBioventing systems at E-7 and E-9 were used from 1991-2002.  E-7 and E-8 were last monitored in 2002.  Benzene at E-7 remains at concentrations up to 82.9 ug/L in groundwater.  E-8 has benzene up to 46 ug/L.  E-9 was most recently monitored in 2007.  Several monitoring wells at E-7 and E-9 have shown fluctuations.\r\n\r\n2011 field work will include further soil and groundwater site characterization.\r\n\r\nThe Type III Hydrant Refueling System is a large compliance restoration site (DEC file 107.38.106/Hazard ID 4394) that encompasses ST20. \r\n\r\nThis site also includes spill no. 17309906903; spill date = 3/10/17; substance = unknown; quantity = unknown; source = unknown; location = parking lot west of bldg. 1306, 64.650771, -147.056538, WGS84; PPRP file no. 107.02.004. Description: contamination discovered via field screening during geotechnical work (PID 50ppm in soil at 2.5 feet bgs).  Soil cuttings were placed in drum #9129 and stored at LF003 pending analysis. \r\n\r\nThis site also includes spill no. 23309924201; spill date = 8/30/2023; Transfer line 3 sustained a leak when a gasket broke during transfer 30AUG23; Estimated 500 gallons of JP-8 spilled; Free flowing fuel recovered with vacuum trailer; Absorbent boom placed to prevent adjacent pond from being impacted. COCs are similar to ST020. \r\n\r\nThis site also includes spill no. 22309932102: EAFB Pipeline JP-8 \u003e 500 gal. Transferred from PPR to CS on 8/20/2025. PPR number 23309924201. Spill date = 8/30/2023. Spill of Aviation Fuel; estimated 500 gallons.\r\n\r\n\r\nThis site also includes spill no. 23309931301: EAFB Building 1308 JP-8 Seal Failure, spill date = 11/9/2023; estimated 839 gallons JP-8. \r\n\r\n\r\nProposed COCs (Soil):\r\nGRO\r\nDRO\r\nBenzene\r\nEthylbenzene\r\n1,2-Dichloroethane\r\n1,2,4-TMB\r\n1,3,5-TMB\r\nToluene\r\nXylenes\r\nBenzo(a)anthracene\r\nBenzo(a)pyrene\r\nBenzo(b)fluoranthene\r\nDibenzo(a,h)anthracene\r\n1-Methylnaphthalene\r\n2-Methylnaphthalene\r\nNaphthalene\r\n\r\nProposed COCs (Groundwater):\r\nGRO\r\nDRO\r\nBenzene\r\nEthylbenzene\r\nTCE\r\n1,2,4-TMB\r\n1,3,5-TMB\r\nToluene\r\nXylenes\r\nBenzo(a)anthracene\r\nBenzo(a)pyrene\r\nBenzo(b)fluoranthene\r\n1-Methylnaphthalene\r\n2-Methylnaphthalene\r\nNaphthalene\r\nAluminum\r\nAntimony\r\nArsenic\r\nIron\r\n\r\nNOTE: This site is above the known Eielson AFB PFAF plume, so both groundwater and all soil in the smear zone are considered to have PFAS contamination. ","Site_Report_Link":"http://dec.alaska.gov/Applications/SPAR/PublicMVC/CSP/SiteReport/346"}},{"type":"Feature","geometry":{"type":"Point","coordinates":[-147.09166497510569,64.68385590471614]},"properties":{"Site_Name":"Eielson AFB (OU-7)(SS067) Garrison Slough PCBs","Status":"Active","Address_1":"2258 Central Avenue","City":"Eielson AFB","State":"AK","Zip_Code":"99702","Site_Type":"Military Installation - Base/Post/Other","Problem_Description":"Garrison Slough begins in a marshy area at the south end of Eielson AFB and flows north-northwest through the developed portion of the base.  It consists primarily of engineered drainage channels 10 to 50 feet wide.  The water surface is approximately 8 to 10 feet below surrounding grade and the water in the slough is approximately 2 to 4 feet deep.  Garrison Slough drains into Moose Creek, which flows into Piledriver Slough, which flows into the Tanana River approximately 2 miles northwest of base.\r\n\r\nPCB contamination is thought to originate from past releases to surface soil at the unpaved drainage channel located approximately 900 feet upstream of the Arctic Avenue/Manchu Road bridge.  PCBs have been found in soil, sediment and fish tissue.  The contaminated site is defined as the part of Garrison Slough originating approximately 1,000 feet upstream of Arctic Avenue and extending downstream to the confluence of Moose Creek and Garrison Slough.  The site also includes a portion of the bank adjacent to the source area.  The main exposure pathway is contaminant transfer to fish through sediment and then to humans.\r\n\r\nCurrent institutional controls at this site include fishing restrictions (catch-and-release only) and fish control gates near the downstream edge of base.  Contaminated sediments were excavated in 1996-7.  Sediments from one portion of the site were not excavated due to discovery of an unexploded ordnance.\r\n\r\nPCB (Aroclor 1260) concentrations in fish tissue ranged from 240 to 310 ug/kg in 2007.  Off-base samples ranged from 10 to 150 ug/kg.  PCBs (Aroclor 1260) in sediment were as high as 16,000 ug/L.  A comprehensive fish tissue and sediment study will be conducted in 2011 or 2012.  \r\n\r\nThe AF conducted a Supplemental Remedial Investigation (SRI) in 2012/2013.  Soil, sediment and fish tissue were sampled and analyzed for PCBs, pesticides and mercury.  In general, soil and sediment PCB concentrations were below 5 ppm with the exception of two hot spots in the western region of the ditch. Pesticide concentrations were well below the soil cleanup levels, but exceeded the more stringent sediment screening levels. Hg only exceeded the action limit of 0.07 ppm in one sediment sample. Samples from the previously dreged areas of the slough detected lower concentrations of contaminants, and did not appear to be \"recontaminating\" due to movement of sediments in the slough. Fish tissue concentrations continue to decline, though were still significantly higher in Fish from Garrison Slough than in fish from other water bodies.","Site_Report_Link":"http://dec.alaska.gov/Applications/SPAR/PublicMVC/CSP/SiteReport/377"}},{"type":"Feature","geometry":{"type":"Point","coordinates":[-147.06177697578264,64.631534905105397]},"properties":{"Site_Name":"Eielson AFB (OU-7) (SER-1) (SS062) Garrison Slough","Status":"Active","Address_1":"North End of Base","City":"Eielson AFB","State":"AK","Zip_Code":"99702","Site_Type":"Military Installation - Base/Post/Other","Problem_Description":"PCB contamination was found in sediment and soil in Garrison Slough.  Pesticides have been detected in the soil.  Possibly contaminated groundwater and surface runoff from site.  Garrison Slough is primary SW drainage through base.  Garrison Slough is a main drainage ditch at Eielson.  The site is defined as that portion of Garrison Slough originating approximately 1,000 feet upstream of Arctic Avenue and extending downstream tot he confluence of Moose Creek and Garrison Slough.  The site also includes a portion of the bank adjacent to the origin of the source.  The main exposure pathway is contaminant transfer to fish through sediment and then to humans.  The site is assigned a HIGH overall risk on the Air Force Relative Risk Evaluation Worksheet dated 10/25/95.\r\n\r\nCoordinates for site are located at Reach 1A. ","Site_Report_Link":"http://dec.alaska.gov/Applications/SPAR/PublicMVC/CSP/SiteReport/386"}},{"type":"Feature","geometry":{"type":"Point","coordinates":[-147.08253597491341,64.664984905132286]},"properties":{"Site_Name":"Eielson AFB (OU-4) (SS035) Asphalt Mix Area","Status":"Active","Address_1":"Asphalt Mixing Area","City":"Eielson AFB","State":"AK","Zip_Code":"99702","Site_Type":"Military Installation - Base/Post/Other","Problem_Description":"Mixing area for asphalt and base for road oiling operation; commingled waste oils and solvents mixed with contaminated fuels; possible disposal of 200 empty asphalt drums at site.  DDT was found in the soil and sediments, not in the groundwater.  Active Early 1950s to late 1960s.  Currently inactive.  The site is assigned a HIGH overall risk on the Air Force Relative Risk Evaluation Worksheet dated 12/4/95.    (rpltr4)\r\n\r\n2020 Update\r\nThe SS035 Asphalt Mix Area site contains the Garrison Slough Pond.  Surface water sampling conducted during the 2018-2019 remedial investigation identified Perfluorooctanesulfonic acid (PFOS)and Perfluorooctanoic acid (PFOA) at concentrations greater than the DEC Table C groundwater cleanup levels.  Five other perfluoroalkyl substances (PFAS) were also detected.","Site_Report_Link":"http://dec.alaska.gov/Applications/SPAR/PublicMVC/CSP/SiteReport/392"}},{"type":"Feature","geometry":{"type":"Point","coordinates":[-150.00790196740417,61.165718911624936]},"properties":{"Site_Name":"AIA Fire Training Pit","Status":"Active","Address_1":"South of Runway 6R","City":"Anchorage","State":"AK","Zip_Code":"99502","Site_Type":"Airport/Airfield","Problem_Description":"Petroleum contaminated soils identified during 1988 site investigation.  Soil contamination restricted to site.  Unknown extent of contamination.  On-site soil remediation began 5/89.  Estimated 7,000 cubic yards to be treated.  On-site treatment consisted of landfarming/surface spreading in 0.5 feet lifts.  Remediation taking longer than anticipated.","Site_Report_Link":"http://dec.alaska.gov/Applications/SPAR/PublicMVC/CSP/SiteReport/414"}},{"type":"Feature","geometry":{"type":"Point","coordinates":[-156.90679992531022,64.737699909511917]},"properties":{"Site_Name":"Galena AFS/Airport - FT001 Fire Train. Area ","Status":"Active","Address_1":"Galena Airport","City":"Galena","State":"AK","Zip_Code":"99741","Site_Type":"Military Installation - Base/Post/Other","Problem_Description":"Last Updated: November 6, 2017\r\n\r\nThe Fire Protection Training Area (FPTA; Site FT001) is located at the east end of the Former Galena Forward Operating Location (FOL), north of the runway overrun. Soil and groundwater investigations were conducted at the site between 1986 - 2013. Site FT001 is contaminated with multiple petroleum-related compounds, trichloroethene (TCE), perfluorooctanoic acid (PFOA), and perfluorooctane sulfonic acid (PFOS). Contamination in soil and groundwater is attributed to the use of up to 28,000 gallons of fuel, annually, for fire training exercises conducted from the late 1950s through 1985. Contamination is also attributed to spills and leaks from drums that may have been stored around the edge of the FPTA circle. Fire extinguishing agents used at Site FT001 included protein foam, chlorobromomethane, dry chemical, halon, and aqueous film forming foam (AFFF).\r\n\r\nThe Interim Record of Decision (ROD) for Site FT001 addresses cleanup of petroleum compounds and TCE. Proposed remedies include bioventing, soil-vapor extraction (SVE), natural attenuation, and land use controls (LUC) to mitigate potential exposures until Cleanup Complete is achieved. PFOA and PFOS are considered “emerging contaminants,” and the Air Force is managing the evaluation of these compounds under a separate program. As such, the Interim ROD for Site FT001 does not address PFOA and PFOS contamination in soil or groundwater.\r\n\r\nAs of November 6, 2017, the Interim ROD is pending approval.\r\n","Site_Report_Link":"http://dec.alaska.gov/Applications/SPAR/PublicMVC/CSP/SiteReport/555"}},{"type":"Feature","geometry":{"type":"Point","coordinates":[-156.6465308963854,71.334801898901134]},"properties":{"Site_Name":"NARL - Airstrip Fuel Spill","Status":"Active","Address_1":"Near Airstrip","City":"Barrow","State":"AK","Zip_Code":"99723","Site_Type":"Military Installation - Base/Post/Other","Problem_Description":"The Airstrip Site, also known as Site 5, consists of approximately 150 acres bound by the Chukchi Sea to the north, North Salt Lagoon and U.S. Air Force (USAF) property to the south and east, and Imikpuk Lake to the southwest. The site has a 5,000-foot runway, a large hangar, an apron area, and other buildings, including the Former Naval Arctic Research Laboratory (NARL) Treatment Plant. Several fuel spills occurred on the site between 1976 and 1987. Fuel reportedly released at this site includes gasoline and jet propellant No. 5 (JP-5). In response to these spills, several investigations and remedial actions were completed, including the installation of a fuel recovery trench and a 1,720-foot-long subsurface ice-barrier wall (containment berm/barrier) between 1996 and 2002. In addition, approximately 4,000 feet of underground fuel pipeline connecting the Airstrip Site to the Powerhouse Site was excavated and removed in 1997. A removal action in 2002 removed 2,268 cubic yards of contaminated soil. In 2002, an investigation indicated that the free product remaining at the site exists in isolated pockets within the permafrost and, as a result, is relatively immobile. A Decision Document was produced in 2002. Long-term monitoring over subsequent years has documented DRO below the cleanup level (CLUs)(8,200 ug/L) in active-zone water. GRO remains above CULs. PFAS were detected above CULs in 2021, and a Risk Assessment Work Plan for PFAS Remedial Investigation was completed in Fall 2025. The documents regarding PFAS are in the 310.38.037 NARL Sitewide PFAS file. \r\n","Site_Report_Link":"http://dec.alaska.gov/Applications/SPAR/PublicMVC/CSP/SiteReport/557"}},{"type":"Feature","geometry":{"type":"Point","coordinates":[-149.85135996694453,61.241919911806285]},"properties":{"Site_Name":"JBER-Elmendorf OU3 SD016 Bldg 8197","Status":"Cleanup Complete - Institutional Controls","Address_1":"Fairchild Avenue","City":"Elmendorf AFB (JBER)","State":"AK","Zip_Code":"99506","Site_Type":"Military Installation - Base/Post/Other","Problem_Description":"In the 1950s and 1960s, the Air Force disposed of a variety of shop-generated wastes here, including solvents, paint thinners, and other liquid wastes, into open trenches or applied directly on the soil. Due to regrading and revegetation of part of the source area, the exact locations of the former ditch and disposal areas were unknown.  Groundwater contamination for OU3 is divided into two areas-East Groundwater area which covers SD16 and West Groundwater area. Formerly D-17 Shop Wase Disposal Site. \r\n\r\nCurrently in Zone 3 groundwater management area consists (as of 2010): LF59, ST37 (Fairchild Avenue, Kenney Avenue, Slammer Avenue, OU3MW-25 Plume, OU5MW-02 Plume, SP1-02 Plume, Seeps, Surface, Water and Wetland Remediation System, Early Warning and Sentry Well Network). Trenches used for waste disposal (SD16) are suspected to be the source of TCE contamination in the Fairchild Avenue Plume; however, the source area(s) has not been confirmed. \r\n\r\nOriginal OU list: Operable Unit #1 (Million Gallon Hill Area)-Sites SP-5/5A, OT-1, D-15, D-16, D-17, NS-2. \r\nOperable Unit #2 (Air Force High Priority Sites-Sites S-5, D-4, D-10, FT-1. \r\nOperable Unit #3 (Landfills)-Sites D-5, D-6, D-7, D-8, D-9, D-11, D-12, D-13, NS-2. Operable Unit #4 (Hangar Floor Drains)-Sites IS-1, IS-2, IS-3, IS-4, IS-5, IS-6, IS-7, IS-8. \r\nOperable Unit #5 (Fuel Spill Sites)-Sites SP-1 thru SP-16, NS-3. \r\nOperable Unit #6 (UST/LUST Sites)-Approx. 35 known UST/LUST sites scattered around facility. \r\nOperable Unit #7 (Misc. Sites)-Sites D-1, D-2, D-3, RD-1, S-l, S-3, S-4, S-6, S-7.\r\n\r\nFormer file# CS77.15 SD16 OU = operable unit, SD = surface runoffs, wash racks, ditches, oil/water separators.  Site is located east of Building 31-260 south of the west ramp a.k.a. OU 3 East.   SD16 is in Zone 3 of 3 zones established to better manage sites on the Base. Zone 3 consists of 10 plumes spread across the sourthern portion of Elmendorf AFB. \r\n\r\nEast groundwater area in OU3 encompassess the area coverd by soils areas of interest: SD16, SS21 and the east intersource area (including the source SD31 excavation). SD16 encompasses three areas: The Solvent Disposal Trench area, the Heavy Equipment Storage area and the Snow Accumulation Area. \r\n\r\nThe west groundwater area includes monitoring wells in the vicinity of receptor SD52 and the west intersource area. \r\n\r\nNow referred to as Disaster Preparedness bldg.\r\n\r\nEPA ID: AK8570028649","Site_Report_Link":"http://dec.alaska.gov/Applications/SPAR/PublicMVC/CSP/SiteReport/632"}},{"type":"Feature","geometry":{"type":"Point","coordinates":[-149.83284796733727,61.239515912008706]},"properties":{"Site_Name":"JBER-Elmendorf SS144P AFFF Area #18 OU3 SD031 Bldg 7309 Hangar 5","Status":"Cleanup Complete - Institutional Controls","Address_1":"Taxiway 12, W. End of 3rd St @ Hangar 5","City":"Elmendorf AFB (JBER)","State":"AK","Zip_Code":"99506","Site_Type":"Military Installation - Base/Post/Other","Problem_Description":"Hangar 5 (Former bldg. 32-060 Aerial Delivery Facility Table 1.1 1992 LFI Report) is an aerial delivery facility and consists of general storage and workshop space. Floor drains with solvent and fuels were connected to a drainpipe network which discharged either to a dry well south of the building or into cesspools. Building was constructed in 1944. PD680 was used to clean equipment and was washed into the floor drains. Spilled petroleum products may also have entered into the drains. SD31 was also in the \"East Intersource Area\". \r\n\r\nOU = operable unit; SD = surface runoffs, wash racks, ditches, oil/water separators.  Formerly known as IS-8 (Building 32-060 Drains) located on the southern part of the Base, north of Juniper Drive and east of Elm Street off Taxiway 12 (T/W 12) Hangar 5 Building 32-060 is now bldg. 7309 on former Cedar Street now called Johnson Avenue.  Referred to as OU 3 East: including soils areas of interest SD16, SS21, east intersource area [includes SD31], and the east groundwater area. \r\n\r\nFormerly included in OU4 originally and moved to OU3, September 16, 1992. EPA ID: AK8570028649\r\n---------------------------------------------------------------------------------------\r\n2017 site inspection for AFFF Areas on JBER-E and JBER-R detected soil contamination with PFOS and groundwater contamination with PFOS and PFOA above cleanup levels at SD31. Extent of PFAS contamination is unknown. \r\n","Site_Report_Link":"http://dec.alaska.gov/Applications/SPAR/PublicMVC/CSP/SiteReport/636"}},{"type":"Feature","geometry":{"type":"Point","coordinates":[-149.86835996619388,61.240529911759509]},"properties":{"Site_Name":"JBER-Elmendorf AFFF Area #10 OU3 SD52 Cherry Hill Ditch","Status":"Cleanup Complete - Institutional Controls","Address_1":"Fighter Dr. & Arnold Ave. (FKA NS-1)","City":"Elmendorf AFB (JBER)","State":"AK","Zip_Code":"99506","Site_Type":"Military Installation - Base/Post/Other","Problem_Description":"Cherry Hill drainage ditch was an artificial drainage channel which received storm drainage from drains under a runway and possibly from other shop drains on base.  It flowed westward from the East-West runway toward the Kink Arm (Cook Inlet). Halogenated hydrocarbons, solvents, oils, detergents, present.  All contamination has been dealt with to the maximum extent practicable, no further remedial action required or planned. The site is assigned a cleanup complete with institutional controls status. \r\n\r\nFormer file# CS77.36  OU = operable unit SD = Storm drain, Surface runoffs, wash racks, ditches, oil/water separators.  \r\n\r\nFormerly known as NS-1(Cherry Hill Ditch) and was removed from the source area list and considered a receptor for possible contamination associated with surface runoff.\r\n\r\nOU 3 East (including soils areas of interest 8D16, 8S21, east intersource area [including SD31], and the east groundwater area); and OU 3 West (including soils areas of interest/monitoring wells in the vicinity of SD52, west intersource area, and the west groundwater area).\r\n---------------------------------------------------------------------------------------\r\n2017 Site inspection documented detected PFOS was detected above the migration to groundwater cleanup level (November 7, 2018 18 AAC 75) at three locations. PFOS/PFOA were both detected above the EPA health advisory level, but below Table C cleanup level in three monitoring wells. Nature and extent of contamination of the PFAS contamination is unknown. \r\n\r\nNE1/4 NE1/4 NE1/4 Section 7. EPA ID: AK8570028649","Site_Report_Link":"http://dec.alaska.gov/Applications/SPAR/PublicMVC/CSP/SiteReport/644"}},{"type":"Feature","geometry":{"type":"Point","coordinates":[-156.63935889587518,71.327208898387497]},"properties":{"Site_Name":"Point Barrow POW-M Dewline Site Vehicle Maintenance Facility Area (SS002)","Status":"Active","Address_1":"Point Barrow Long Range Radar Station","City":"Barrow","State":"AK","Zip_Code":"99723","Site_Type":"Maintenance Yard/Shop","Problem_Description":"Site operated 1953 to present.  Possible contaminants include unknown quantities of petroleum products, halogenated solvents.  Small area affected by petroleum leak near tank farm.  Extent of contamination otherwise unknown.  Also see 350.45.002.  EPA ID# AK1570028695--CERCLIS site.  DSMOA site. (rpltr8).  Two sites are listed on the Air Force Relative Risk Evaluation Worksheets dated 9/3/95:  a garage (IRP site SS002) and a diesel fuel spill (IRP site SS001).  Both sites are assigned an overall risk of HIGH on the worksheets.  The worksheets identify exposure pathways of inhalation/ingestion of soil/dust and ingestion of surface water for humans; ingestion/inhalation of soil/dust and ingestion of surface water and sediment for other mammals; ingestion of surface water and sediment for birds; and direct contact for aquatic organisms.  Last staff assigned were Cutler and Stephens.\r\n\r\nThe Vehicle Maintenance Facility (VMH) Area is located within USAF ERP Site SS002.  Four distinct source areas at the main installation are located within SS002: the Vehicle Maintenance Area, the Vehicle Fueling Station Area, the Radome Area, and the Transformer Stand Area.  The VMH is located west of Module Train A.  The building was constructed in 1953 and is still an active vehicle maintenance and storage facility.  This area was investigated in the 1996 Remedial Investigation Report due to concerns about release of liquids to the ground surface from floor drains.  Polychlorinated biphenyls (PCBs) were detected in soil underneath the building at a maximum concentration of 370 mg/kg; DRO was detected up to 7,700 mg/kg.  PCBs were detected in soil at the west end of the building, apparently from washout of soil from underneath the building.  PCBs were also detected in tundra soil on south side of road that parallels the south side of the building.  An interim removal action in 2006 removed PCB contaminated soil to permafrost in a 30 foot square area immediately west of the building.  Confirmation samples showed PCBs remaining in the soil up to 53 mg/kg along the southern portion of the excavation.  The volume of soil with PCBs greater than 1 mg/kg in the areas around the building is estimated at 178 cubic yards. The volume of soil with PCBs greater than 1 mg/kg underneath the building is estimated at 189 cubic yards.","Site_Report_Link":"http://dec.alaska.gov/Applications/SPAR/PublicMVC/CSP/SiteReport/768"}},{"type":"Feature","geometry":{"type":"Point","coordinates":[-147.61912697158479,64.84201090489816]},"properties":{"Site_Name":"Fort Wainwright (OU-5) EQFS FTWW-094","Status":"Active","Address_1":"Between Bldg. 1565 and","City":"Fort Wainwright","State":"AK","Zip_Code":"99703","Site_Type":"Airport/Airfield","Problem_Description":"The East Quartermaster Fueling System (EQFS) area covers approximately 40 acres between Taxiway 18 and the Chena River between Building 1579 to the southwest and Building 1054 to the northeast. The EQFS was used for vehicle storage and maintenance, dry cleaning, fuels testing, refueling, pesticide storage mixing, and waste storage. Suspected sources include spills and leaks from pipelines, fueling stations and undocumented spills. The EQFS area included underground storage tanks (USTs), aboveground storage tanks (ASTs), a pump house, and fueling islands which have all been removed. Contaminants of concern at the EQFS are benzene, 1,2-ethylene dibromide, 1,1,1-trichloroethane (1,1,1-TCA) and trichloroethene (TCE) in the groundwater, and petroleum products and xylenes in the soil. To address the petroleum and solvent contamination an air sparge (AS)/soil vapor extraction (SVE) system was installed on the east side of Building 1060 in 1994. The system operated from 1994 to 1999 on the east side of Building 1060 before the system was moved to the west side of Building 1060 in 2000. By 2005, the groundwater remedial action goals had been met, so the system was turned off and decommissioned in 2010. Long-term monitoring activities at the EQFS have been focused on evaluating the residual groundwater contamination in the former Building 1060 treatment area. In 2017 monitoring wells on the east side of Building 1060 were sampled and trichloroethene (TCE) was detected above the remedial action goal of 5 micrograms per liter. Monitoring wells at the Building 1060 area are sampled annually to monitor the TCE and petroleum concentrations. Other areas within EQFS, the remedy in the Record of Decision (ROD) was for natural attenuation. Institutional control inspections are conducted annually. Long-term monitoring efforts are expected to continue at this site.\r\n \r\nThis site also includes spill no. 12309912901; contaminated gravel discovered on 5/8/2012 during a parking lot repaving project at Building 1060.\r\n\r\nThe corresponding Army HQAES site number is: 02871.1071.\r\n","Site_Report_Link":"http://dec.alaska.gov/Applications/SPAR/PublicMVC/CSP/SiteReport/1106"}},{"type":"Feature","geometry":{"type":"Point","coordinates":[-147.57210997216706,64.813349905249936]},"properties":{"Site_Name":"Fort Wainwright (OU-2) FTWW 047 DRMO","Status":"Active","Address_1":"Badger Road","City":"Fort Wainwright","State":"AK","Zip_Code":"99703","Site_Type":"Salvage/Recycling/Wrecking Yard","Problem_Description":"The Defense Reutilization Marketing Office (DRMO) Yard is a fenced area of approximately 25 acres located in the southeast portion of the U.S. Army Garrison Alaska Fort Wainwright. Historical activities conducted at the DRMO Yard included vehicle maintenance, drum storage, and open burning. The site was operated as a vehicle maintenance shop from 1945 to 1961 when it was converted to a salvage yard. A remedial investigation (RI)/feasibility study (FS) was conducted in 1995, and based on results, the DRMO Yard was divided into five subareas. DRMO1 and DRMO4 are being cleaned up under the Three-Party (and Operable Unit 2 Record of Decision), and DRMO2 (Former Building 5001), DRMO3 and DRMO5 (across Channel B) are being cleaned up under the Two-Party Agreement. DRMO1 and DRMO4 are currently being sampled for diesel range organics (DRO), benzene, tetrachloroethene (PCE), trichloroethene (TCE), cis-1,2-dichlorethene, 1,1-dichloroethene and vinyl chloride on an annual basis (during the fall typically). DRMO2 (former Building 5001) and DRMO5 (across Channel B) are sampled for petroleum (DRO) and natural attenuation parameters. DRMO2 is sampled annually, and DRMO5 is sampled every five years for the Five-Year Review. DRMO3 is not actively being remediated, and there has been no groundwater sampling in this area since 1994. Long-term monitoring of the groundwater continues at the DRMO Yard to monitor groundwater concentrations and plume stability trends. Institutional control inspections are conducted annually.\r\n\r\nThe corresponding Army HQAES site number is: 02871.1024. This site also includes spill numbers 10309911902 and 10309911903.","Site_Report_Link":"http://dec.alaska.gov/Applications/SPAR/PublicMVC/CSP/SiteReport/1122"}},{"type":"Feature","geometry":{"type":"Point","coordinates":[-149.8465969669607,61.236846911848147]},"properties":{"Site_Name":"JBER-Elmendorf AFFF Area #16 SS117 Bldg 6210","Status":"Active","Address_1":"Arctic Warrior Drive Service Stn AAFES (former bldg 21-876 SS62)","City":"Elmendorf AFB (JBER)","State":"AK","Zip_Code":"99506","Site_Type":"Military Installation - Base/Post/Other","Problem_Description":"Leaking underground storage tank system discovered during excavation of diesel, gasoline and waste oil tanks at Building 21-876. All fuel contamination has been dealt with to the maximum extent practicable, no further remedial action required or planned.  Was a part of SERA phase I work which began in 1993.\r\n\r\nAAFES Service Station\r\nThis site was a 2 party site with a planned site characterization to investigate\r\na surface fuel spill in FY17.  The Site Assessment from the tank removal indicate TCE contamination above the new ADEC migration to groundwater cleanup levels at the excavation bottom. It should be noted that the contractor did not collect the sufficient number of samples required by UST regulations.\r\n\r\n2012 1022 gallons of gasoline was released and 422 gallons were not recovered. \r\n\r\n2016 AFFF Area Site Inspection Area #16 Fire Suppression Foam Storage Area: PFOA was detected in soil above migration to groundwater cleanup levels. PFOA/PFOS was detected in groundwater above EPA health advisory levels and Table C cleanup levels. Total extent of contamination is unknown. \r\n\r\n2017 Now a new CERCLA Source Area. Milestone schedule revised as of December 3 2019\r\nDraft RI Report September 29, 2020\r\nDraft Feasibility Study Report August 30, 2021\r\nDraft Proposed Plan February 28,`2022\r\nDraft Record of Decision February 28, 2023\r\n","Site_Report_Link":"http://dec.alaska.gov/Applications/SPAR/PublicMVC/CSP/SiteReport/1231"}},{"type":"Feature","geometry":{"type":"Point","coordinates":[-147.6066999730848,64.829228904426074]},"properties":{"Site_Name":"Fort Wainwright (OU-4) FTWW 037 FireTrain Area","Status":"Active","Address_1":"South of Montgomery Rd","City":"Fort Wainwright","State":"AK","Zip_Code":"99703","Site_Type":"Other","Problem_Description":"The Fort Wainwright Fire Training Pits (FTP) are located south of Montgomery Road in the southeast corner of the Ladd Army Airfield. The FTP source area consists of FTP 3A, FTP 3B and a depression area. The FTPs were used for the training of fire department and rescue crews at Fort Wainwright. The bottoms of the FTPs were not lined when constructed. Activities included soaking pit soils with water; filling the pit with fuel; igniting the flammable mixture; and extinguishing the resultant fire. It has been estimated that 1,500 to 2,300 gallons of flammable liquids were burned per year in the FTPs. The Operable Unit 4 (OU4) Record of Decision (ROD) found that removal of contaminated soils at the FTPs would adequately protect human health and the environment. A total of 1860 cy of contaminated soil were excavated in 1996. Confirmation soil sampling indicated all petroleum contaminated soil had been removed. Additional investigations were conducted in 2013 due to concerns regarding the potential for the presence of per-and polyfluoroalkyl substances (PFAS) contamination at this site. Perfluorooctanesulfonic acid (PFOS) and perfluorooctanoic acid (PFOA) were both detected above the promulgated ADEC cleanup levels and EPA Lifetime Health Advisory (LHA) of 70 parts per trillion. This site was added to the Army’s PFAS preliminary assessment (PA) /site inspection (SI) as an area of potential interest (AOPI). Additional PFAS samples were collected in 2020, and results are currently in regulatory review. Additional site characterization work is recommended for this site.\r\n\r\nThe corresponding Army HQAES site number is: 02871.1022.","Site_Report_Link":"http://dec.alaska.gov/Applications/SPAR/PublicMVC/CSP/SiteReport/1419"}},{"type":"Feature","geometry":{"type":"Point","coordinates":[-145.70553198243667,63.988451905976937]},"properties":{"Site_Name":"Fort Greely Former Fire Training Area BRAC 85S","Status":"Active","Address_1":"Near E. End Allen Airfld.","City":"Fort Greely","State":"AK","Zip_Code":"99731","Site_Type":"Military Installation - Base/Post/Other","Problem_Description":"This site is generally known as Firefighter Training Area South, and is investigated under the Base Realignment and Closure (BRAC) program known as Parcel 85 South (85S). The site consisted of a depression with a rectangular pit in the center of the training area, and a drum storage area on the western edge of the pit. This site is located southeast of the southeast corner of the Allen Army Airfeld (AAAF). Several environmental investigations have occurred over the years at this site. During an initial soil investigation in 1991, benzene, diesel range organics (DRO), bunker C fuel oil,  dichlorodiphenyldichloroethane (DDD), dichlorodiphenyltrichloroethane (DDT) and dichlorodiphenyltrichloroethane (DDE) were identified. From 1995 to 1997, in situ bioremediation (land farming) was used to treat surface soil, and bioventing was used to treat subsurface soil. This remediation effort went on for two years. Additional investigations to delineate the contaminated soil after the remediation efforts occurred in 1998, 2005, 2007 and 2008. In 2007, multiple soil borings were drilled to 60 feet below ground surface (bgs), and only gasoline range organics (GRO) was identified in the soil at varied concentrations. From 2003 to 2011, groundwater monitoring wells were installed and sampled. TCE was detected above groundwater cleanup levels in Monitoring Well (MW)-2 from 2003-2007. In 2016 Perfluorooctane Sulfonate (PFOS) and Perfluorooctanoic acid (PFOA) were added to the groundwater monitoring program. PFOS and PFOA have been detected below the project action level of 0.4 µg/L but above the EPA Health Advisory level of 0.07 µg/L. Groundwater monitoring is expected to continue at this site.\r\n\r\nThe U.S. Army HQAES site number is: 02341.1006. Associated sites; Fort Greely Former Fire Training Area BRAC 133 (Hazard ID: 4246) and Fort Greely Former Fire Training Area BRAC 85N (Hazard ID: 4245).","Site_Report_Link":"http://dec.alaska.gov/Applications/SPAR/PublicMVC/CSP/SiteReport/1429"}},{"type":"Feature","geometry":{"type":"Point","coordinates":[-148.26299995741675,70.277599895649061]},"properties":{"Site_Name":"Hilcorp NS EOA Fire Training Area (ARCO) (BPX)","Status":"Active","Address_1":"Fire Training Area","City":"Prudhoe Bay","State":"AK","Zip_Code":"99734","Site_Type":"Oil Production/Onshore","Problem_Description":"Soil and groundwater contamination due to fire training activities.  Bulk of contamination found with upper 2 feet of surface.  Monitoring wells contained strong odor and free product  Product recovery wells are to be installed.  Last staff assigned was Sundet.","Site_Report_Link":"http://dec.alaska.gov/Applications/SPAR/PublicMVC/CSP/SiteReport/1448"}},{"type":"Feature","geometry":{"type":"Point","coordinates":[-147.61146397312319,64.842635905180629]},"properties":{"Site_Name":"Fort Wainwright (OU-5) Motor. Bldg. 1054 CC-FTWW-109","Status":"Active","Address_1":"Marks Road","City":"Fort Wainwright","State":"AK","Zip_Code":"99703","Site_Type":"Maintenance Yard/Shop","Problem_Description":"Motor pool building historically had three grease pits, parts room.  Floor drains in shop connected to a wood stove.  Grease pits now filled with concrete.  Two-story building north of flight line. (rpltr7)\r\n\r\nExcavation in preparation for construction 10/2008 encountered contaminated soils.  The site is reopened.\r\n\r\nFKA file number 108.38.068.17.","Site_Report_Link":"http://dec.alaska.gov/Applications/SPAR/PublicMVC/CSP/SiteReport/2339"}},{"type":"Feature","geometry":{"type":"Point","coordinates":[-149.72225596853406,61.247271911147813]},"properties":{"Site_Name":"JBER-Ft. Rich SS044P AFFF Area #05 OUE Bldg 35752 SS044 (formerly with OUD)","Status":"Cleanup Complete - Institutional Controls","Address_1":"Off Davis Hwy. near Bldg. 35750 FTRS-044","City":"Fort Richardson (JBER)","State":"AK","Zip_Code":"99505","Site_Type":"Military Installation - Base/Post/Other","Problem_Description":"The Building 35-750 transformer mounting pad area and drainage area are contained within OUE and are located north of Building 35-752.  Building 35-752 is the former generator building for the adjacent high frequency transmitter site at Building 35-750.  Building 35-752 is the former generator building for the operation of the adjacent joint transmitter/antenna building. 35-752 is currently enclosed with a security fence and vacant.  Building 35-750 is currently in use by communications personnel.  PCB-containing transformer oil was apparently spilled sometime in the past at the east side of Building 35-750, during routine transformer maintenance activities.  \r\n\r\nTransformer oil containing PCB was reportedly burned in a shallow pit in the area now paved as the parking lot south of Building 35-750.  The approximate location of the former burn pit area.  This area was the suspected source of dioxins/furans contamination.  Additionally, PCB-contaminated soil may have been spread along the paved access road and parking lot during grading activities prior to paving in 1997. Contaminated soils have been excavated and disposed of at a permitted facility out of State and site will not require any further remedial action.  ACTIONS from Fort Rich OUD Bldg. 35752 RECKEY 199021X014101 needs to be transferred to this site. \r\n\r\nDESRTS Site FTRS-044. UST Facility ID 788. Formerly known as Building 35752-DEH PCB and \"Emergency\" Hazardous Waste Accumulation Point. Several USTs were at this site: \r\nUST 1109 and a former dry well, both north of 35-752. USTs south of 35-752: 51, 52, 53, 54, 56, 87 and 88. Seven 5,000 gallon waste oil USTS were removed in 1990 by the 6th ID/DPW. RCRA SWMU No. 125 identified in the RCRA Facility Assessment (RFA) Antennae Site. \r\n\r\n\r\nEPA ID: AK6214522157 Fort Richardson-Proposed NPL Listing Date 6/23/1993 FEDERAL REGISTER NOTICE of Final NPL Listing Date 05/31/1994\r\n\r\n2017 Site inspection for AFFF PFOS/PFOA detected PFOS/PFOA in groundwater above EPA health advisory levels but below ADEC Table C (July 1, 2017) cleanup levels. Extent of contamination is unknown. ","Site_Report_Link":"http://dec.alaska.gov/Applications/SPAR/PublicMVC/CSP/SiteReport/2773"}},{"type":"Feature","geometry":{"type":"Point","coordinates":[-149.6458499679037,61.269732911469504]},"properties":{"Site_Name":"JBER-Ft. Rich SS149P AFFF Area #01 AT029 OUA Ruff Road Former FTA","Status":"Cleanup Complete - Institutional Controls","Address_1":"Gravel Pits E. of Bryant Army Airfield FTRS-29","City":"Fort Richardson (JBER)","State":"AK","Zip_Code":"99505","Site_Type":"Military Installation - Base/Post/Other","Problem_Description":"The Fire Training Area began operations during the initial establishment of the Post in approximately 1940, and the site was used until 1980 to conduct exercises for training fire department and rescue crews. Materials burned during the fire training exercises included jet fuel, waste oil, diesel, brake fluid, and solvents. The Fire Training Area was estimated to be about 50 feet in diameter.  The charred debris associated with the Fire Training Area was removed in 1991.  In 1994, the Fire Training Area was filled with approximately 18 inches of soil and regraded.   \r\n\r\nFort Richardson-Proposed NPL Listing Date 6/23/1993 FEDERAL REGISTER NOTICE of Final NPL Listing Date 5/31/1994 RCRA Handler ID AK1210022157\r\n\r\nSite FTRS-29.  Ruff Road Fire Training Area. EPA ID: AK6214522157.  Site# W040 Former Landfill#9 (Ruff Road), Ruff Road Former Fire Training Area, 1990 RFA SWMU 97. Originally OUA consisted of three sites: the Roosevelt Road Transmitter Site Leachfield; the Petroleum, Oil, and Lubricant Lab Dry Well; and the Ruff Road Fire Training Area.  \r\n\r\nFire training Pits 1 and 2. FTP 2 (RUFF ROAD FTA) is located on a gravel borrow area near the northern edge of the N-S Bryant Field runway.  FTP 1 is located on a covered and closed landfill near Noone Road at the northern edge of the main cantonment area.EPA ID: AK6214522157 \r\n\r\n2017 Site inspection for AFFF detected PFOS in soil above the migration to groundwater cleanup level (July 1, 2017). PFOA was detected in groundwater above the EPA Health Advisory level. Extent of contamination is unknown. \r\n\r\nFederal Facility Agreement major milestone update as of December 12, 2018:\r\nDraft Feasibility Study Report December 15, 2020\r\nDraft Proposed Plan September 15, 2021\r\nDraft Record of Decision May 15, 2022","Site_Report_Link":"http://dec.alaska.gov/Applications/SPAR/PublicMVC/CSP/SiteReport/2777"}},{"type":"Feature","geometry":{"type":"Point","coordinates":[174.08855313015658,52.723082960550769]},"properties":{"Site_Name":"Eareckson Air Station FT03","Status":"Active","Address_1":"Fire Dept Foam Training","City":"Amchitka","State":"AK","Zip_Code":"99546","Site_Type":"Military Installation - Base/Post/Other","Problem_Description":"Eareckson AS is situated on Shemya Island, approximately 1,500 miles southwest of Anchorage, Alaska at the westernmost tip of the Aleutian Islands. Shemya Island is part of the Near Islands group of the Aleutian Archipelago. The U.S. Army first developed facilities on Shemya Island in 1943 to support operations against the Japanese occupation forces on the nearby islands of Attu, Agattu, and Kiska. In 1954, the site was deactivated, and was turned over to the Civil Aeronautics Authority in 1955. In 1958, the Air Force returned to Shemya Island to support various Air Force and Army strategic intelligence gathering activities. It has remained active in this capacity to the present. In 1995, the station was downsized and reverted to caretaker status and a private operation and maintenance contractor took control of the facility under contract to the Air Force.  Shemya Island is owned by the U.S. Government and is under the jurisdiction of the United States Fish and Wildlife Service (USFWS) as part of the Alaska Maritime National Wildlife Refuge. \r\n\r\n\r\nFT003, the Fire Department Foam Training Area is located in the west central area\r\nof the island.  Materials disposed of include combustibles, JP-4, waste oil, and POLs at site.  Fire training discontinued in late 1980s.  Surface water drainages are within the site boundary.  Groundwater at 40' below ground surface.  \r\n\r\n","Site_Report_Link":"http://dec.alaska.gov/Applications/SPAR/PublicMVC/CSP/SiteReport/2844"}},{"type":"Feature","geometry":{"type":"Point","coordinates":[174.06234713030778,52.723910960345243]},"properties":{"Site_Name":"Eareckson Air Station ST50","Status":"Active","Address_1":"Fuel Management Area","City":"Amchitka","State":"AK","Zip_Code":"99546","Site_Type":"Military Installation - Base/Post/Other","Problem_Description":"Site ST050 is located on the western side of Shemya Island, Alaska as part of the Eareckson Air Station and includes the Alcan Tank Farm. The Alcan Tank Farm originally consisted of seven bulk aboveground storage tanks (ASTs), and one underground storage tank (UST). One AST (Tank 7) and the UST (Tank 5) have been removed. The tanks and pipelines present at this site were constructed in the 1950’s and used to store motor vehicle gas (MOGAS), Jet Propellant (JP)-4, JP-8. Site investigations have been conducted at this site since 1988. From all the site investigation work, diesel range organics (DRO), gasoline range organics (GRO), trichloroethene (TCE), polynuclear aromatic hydrocarbons (PAH) and other fuel constituents (such as benzene) have been detected at concentrations above cleanup levels in the soil and groundwater. A Record of Decision was finalized and signed in 2014, with the selected remedy for ST050 being long-term management with institutional controls for all media and monitored natural attenuation for groundwater. TCE was the only contaminant detected in the groundwater above cleanup levels in 2021.\r\n\r\nIn 2021 and 2023 the groundwater and soil were sampled for per-and polyfluoroalkyl substances (PFAS). Perfluorooctanesulfonic acid (PFOS) and perfluorohexanesulfonic acid (PFHxS) were detected in the groundwater above the project screening levels (PSLs) around Tank 6 and Tank 8 within the ST050/SS062P site boundary. There were no PFAS detections in the soil.\r\n\r\nST050 has two other sites overlapping: Site CS566 (See DEC File Number: 2649.38.051, Hazard ID: 26300), and SS062P (SS062P is a separate site to track PFAS within the existing ST050, no separate File number or Hazard ID is available for this, site is being tracked under ST050).\r\n\r\n","Site_Report_Link":"http://dec.alaska.gov/Applications/SPAR/PublicMVC/CSP/SiteReport/2903"}},{"type":"Feature","geometry":{"type":"Point","coordinates":[-149.81834596783401,61.248571911400148]},"properties":{"Site_Name":"JBER-Elmendorf AFFF Area #13 Fire Station 1 ST78 Bldg 11415 STMP 687","Status":"Active","Address_1":"11415 Fighter Drive Fire Station 1","City":"Elmendorf AFB (JBER)","State":"AK","Zip_Code":"99506","Site_Type":"Military Installation - Base/Post/Other","Problem_Description":"During site inspection activities for aqueous film forming foam areas on JBER-E and JBER-R, PFOA/PFOS was detected in groundwater above Table C and in soil above migration to groundwater cleanup levels. Extent of contamination is unknown at this time. PFOS & PFOA (PFCs) are \"industrial compounds\" considered by ADEC to be hazardous substances. \r\n\r\nFormerly known as Building 10-875 (now Bldg. 11415) on M St (now Fighter Drive) STMP 687 SERA III program. SERA abolished October 2002 by J. Roberts (ADEC). Current regulations and guidance must be followed instead. \r\n\r\nSW1/4 NE1/4 Section 4 EPA ID: AK8570028649.","Site_Report_Link":"http://dec.alaska.gov/Applications/SPAR/PublicMVC/CSP/SiteReport/3024"}},{"type":"Feature","geometry":{"type":"Point","coordinates":[-149.15719196446298,64.289440906218317]},"properties":{"Site_Name":"Clear SFS Site 06 WP006","Status":"Active","Address_1":"between construction camp","City":"Clear","State":"AK","Zip_Code":"99704","Site_Type":"Water/Wastewater Facility","Problem_Description":"Site 6 is the historic sludge pit associated with the station sewage treatment plant.  The treatment plant is located halfway between the construction camp and the composite area and consists of an Imhoff tank, leach field and the sludge pit.  The sludge pit has now been replaced by a lined drying bed.  Before the costruction of the new lined drying bed, sludge from the Imhoff tank was pumped to the unlined sludge pit and allowed to dewater prior to disposal in the station landfill.  Surface soil sampling at Site 6, Abandoned Sludge Pit, detected maximum levels of  polychlorinated biphenyls (PCBs) – 183 mg/kg, 4-chloroaniline – 5.7 mg/kg, mercury – 9.9 mg/kg, cadmium – 7.4 mg/kg, lead – 630 mg/kg, selenium – 21 mg/kg, barium – 2600 mg/kg, chromium – 71 mg/kg, silver – 28 mg/kg, and arsenic – 15 mg/kg.  ","Site_Report_Link":"http://dec.alaska.gov/Applications/SPAR/PublicMVC/CSP/SiteReport/4175"}},{"type":"Feature","geometry":{"type":"Point","coordinates":[-145.70736998291784,63.989541905345583]},"properties":{"Site_Name":"Fort Greely Former Fire Training Area BRAC 85N","Status":"Active","Address_1":"Allen Army Fairfield","City":"Fort Greely","State":"AK","Zip_Code":"99731","Site_Type":"Military Installation - Base/Post/Other","Problem_Description":"This site is generally known as Firefighter Training Area North, and is investigated under the Base Realignment and Closure (BRAC) program known as Parcel 85 North (85N). This site consisted of a depression with a rectangular pit located near the center. Aerial photographs taken in 1969 showed a drum storage area in the southwestern side of the pit. This site is located north of the east end of the west taxiway of the Allen Army Airfield (AAAF) in the Fort Greely cantonment. During an initial soil investigation in 1991, diesel range organics (DRO), pesticides [dichlorodiphenyltrichloroethanewere (DDT), dichlorodiphenyldichloroethane (DDD) and dichlorodiphenyldichloroethylene (DDE)] trichloroethene (TCE) and tetrachloroethene (PCE) were identified in the soil. From 1995 to 1997, in situ bioremediation (land farming) was used to treat surface soil, and bioventing was used to treat subsurface soil. Additional investigations to delineate the contaminated soil after the remediation efforts occurred in 1998, 2005, 2007 and 2008. In 2007, multiple soil borings were drilled to 60 feet below ground surface (bgs), and only gasoline range organics (GRO) was identified in the soil at varied concentrations. From 2003 to 2011, groundwater monitoring wells were installed and sampled. TCE was detected above groundwater cleanup levels in Monitoring Well (MW)-2 from 2003-2007. In 2016 Perfluorooctane Sulfonate (PFOS) and Perfluorooctanoic acid (PFOA) were added to the groundwater monitoring program. PFOS and PFOA have been detected below the project action level of 0.4 µg/L but above the EPA Health Advisory level of 0.07 µg/L. Groundwater monitoring is expected to continue at this site.\r\n\r\nThe U.S. Army HQAES site number is: 02341.1006. Associated sites; Fort Greely Former Fire Training Area BRAC 133 (Hazard ID: 4246) and Fort Greely Former Fire Training Area BRAC 85S (Hazard ID: 1429).\r\n\r\n\r\n\r\n","Site_Report_Link":"http://dec.alaska.gov/Applications/SPAR/PublicMVC/CSP/SiteReport/4245"}},{"type":"Feature","geometry":{"type":"Point","coordinates":[-145.71567298289608,63.98838090585722]},"properties":{"Site_Name":"Fort Greely Former Fire Training Area BRAC 133","Status":"Active","Address_1":"Allen Army Airfield","City":"Fort Greely","State":"AK","Zip_Code":"99731","Site_Type":"Military Installation - Base/Post/Other","Problem_Description":"This site is generally known as the Firefighter Training Area, and is investigated under the Base Realignment and Closure (BRAC) program as Parcel 133. BRAC Site 133 was used as a firefighter training area from 1975 to 1985. This site contains a grass field, a concrete fill area, and a forested area. The site previously contained a drum storage area and an unlined 6-foot deep pit approximately 20 by 30 feet in size. The burn pit was used to burn waste fuels, oils, solvents, pesticides, paints, and other liquids generated by aircraft and motor maintenance activities. The estimated quantities of waste oil/hydraulic oil and waste fuels burned at the site amount to 19,180 and 2,610 gallons, respectively. Estimated quantities of paints, solvents, and miscellaneous liquids burned amount to 158,400 gallons. Prior to burning, the liquids were stored on site in an unlined and unbermed 55-gallon drum storage area. During initial soil investigations conducted in 1991, contaminants of concern (COCs) identified in the soil were; diesel range organics (DRO), tetrachloroethene (TCE), methylene chloride and antimony. In 1994 and 1997, an in-situ landfarm was constructed and operated to treat soils from the surface to 5 feet below ground surface (bgs). Trenches were excavated, irrigated, turned, and backfilled for two years. In 2010 a soil investigation was conducted to characterize the extent of contamination around the landfarm perimeter berm, and to determine the vertical extent inside the landfarm. DRO and dichlorodiphenyldichloroethane (DDD) were detected in the top two feet of soil above cleanup levels. Soil contamination remains at this site. From 2003 to 2011, groundwater monitoring wells were installed and sampled. TCE was detected above groundwater cleanup levels in Monitoring Well (MW)-2 from 2003-2007. In 2016 Perfluorooctane Sulfonate (PFOS) and Perfluorooctanoic acid (PFOA) were added to the groundwater monitoring program. PFOS and PFOA have been detected below the project action level of 0.4 µg/L but above the EPA Health Advisory level of 0.07 µg/L. Groundwater monitoring is expected to continue at this site.\r\n\r\nThe U.S. Army HQAES site number is: 02341.1006. Associated sites; Fort Greely Former Fire Training Area BRAC 85N (Hazard ID: 4245) and Fort Greely Former Fire Training Area BRAC 85S (Hazard ID: 1429).","Site_Report_Link":"http://dec.alaska.gov/Applications/SPAR/PublicMVC/CSP/SiteReport/4246"}},{"type":"Feature","geometry":{"type":"Point","coordinates":[-147.58846797168027,64.840390904924803]},"properties":{"Site_Name":"Fort Wainwright Former North Airfield Hot Point Refueling (North Refueling)","Status":"Active","Address_1":"NE Corner of Aifield, Near Bldg 1510","City":"Fort Wainwright","State":"AK","Zip_Code":"99703","Site_Type":"Military Installation - Base/Post/Other","Problem_Description":"Historic petroleum contamination was discovered during excavation for construction of new secondary containment for BLM fuel tanks.  Initial sampling indicated the presence of diesel range and gasoline range organics, and BTEX compounds.  DPW was not notified of the contamination until after concrete had been placed over a portion of the source area.  An unknown area under the concrete containment structure is suspected to be contaminated.  An area east of the slab was screened and sampled.  Further investigation is needed.\r\n\r\nThis site includes the following spills:\r\n\r\nSpill No. 06309912402, spill date = 5/4/06, substance = gasoline/diesel, quantity = unknown, PPRP file no. 108.02.002.\r\n\r\nSpill No. 19309918201, spill date = 7/1/19, substance = unknown oil/water mixture, quantity = unknown, source = buried drums, PPRP file no. 108.02.002.  Description:  During excavation in a parking lot at the BLM Alaska Fire Service, buried drums were encountered near the edge of the excavation.\r\n\r\n\r\n(Former site name:  Fort Wainwright BLM Retardant Area)","Site_Report_Link":"http://dec.alaska.gov/Applications/SPAR/PublicMVC/CSP/SiteReport/4390"}},{"type":"Feature","geometry":{"type":"Point","coordinates":[-147.09576797611533,64.679187904713785]},"properties":{"Site_Name":"Eielson AFB - (SO115) Bldg 2212 Wellhouse","Status":"Active","Address_1":"362 North Street, bldg 2212","City":"Eielson AFB","State":"AK","Zip_Code":"99702","Site_Type":"Military Installation - Base/Post/Other","Problem_Description":"A \"Waste material\" sample collected from under a diesel UST on 7/6/92 gave 120 ppm TPH.  Another 'waste material' sample of soil from wellhouse tank Bldg. 2212 indicates 271 ppm TPH.  A large number of unanswered questions regarding this site are discussed in the correspondence by Gibler to Col. Murray, mid-Jan. 1993.(rpltr4)\r\n\r\nSite updated 5/28/2021:\r\nA 118-gallon gasoline (leaded) UST was installed at the site in 1952 and was removed in 1990. Reportedly, 18 cubic yards of contaminated soil was excavated to a depth of 6 ft and was thermally remediated. Samples taken in the excavation indicated BTEX below detection limits, and TPH exceeding the 100 pm cleanup level at the time at concentrations of 120 and 271 mg/kg (ppm?). Additionally, no groundwater samples were collected and lead was not sampled for. In 1993, ADEC recommended additional soil sampling for BTEX, GRO, and lead, although it appears this sampling never occurred. \r\n\r\nIn 2013, the ADEC Contaminated Sites Program determined that closure was incomplete, and the ADEC and EPA RPMs requested that the site be investigated. Monitoring wells are recommended for this site. The site has active LUCs/ICs that requires prior approval to work at the site and/or disturb soil, and soil and groundwater use restrictions. The site is currently slated for a Phase II Source Evaluation in 2021.","Site_Report_Link":"http://dec.alaska.gov/Applications/SPAR/PublicMVC/CSP/SiteReport/24368"}},{"type":"Feature","geometry":{"type":"Point","coordinates":[-147.07952497552404,64.669322904857452]},"properties":{"Site_Name":"Eielson AFB - (SO113) Wellhouse Bldg 3408","Status":"Active","Address_1":"550 Division Street; Bldg 3408","City":"Eielson AFB","State":"AK","Zip_Code":"99702","Site_Type":"Military Installation - Base/Post/Other","Problem_Description":"A large number of unanswered questions about this site are discussed in the correspondence by Gibler to Col. Murray, mid-Jan. 1993.(rpltr4)\r\n\r\nSite updated 5/27/2021. Site SO113 (Building 3408 UST) is located on Eielson AFB at 550 Division Street, in the central developed portion of Eielson AFB, at the location of the former boiler plant. A 200-gallon UST containing leaded gasoline was historically present at the site and was removed in 1990. \r\n\r\nA closure letter dated April 2, 1993 documents the closure of a 200-gallon Leaded Gasoline UST at Building 3408, EAFB. A UST removal summary was provided by the Air Force on March 18, 1993 that samples were taken in the excavation at the tank fill end and the opposite sidewall in 1990, with TPH levels of 147.6 and 92 mg/kg, and BTEX below detection limits. A total of 111 cy of soil was removed to a depth of 10 ft and no groundwater was encountered. The closure document stated the TPH analyses were only marginally above ADEC present cleanup guidelines, and the source of the contamination and the highly contaminated soil was likely removed and remediated. The closure letter was based upon a limited number of soil samples and levels observed may not be the greatest levels at the site. Handwritten notes on the closure indicate this tank is in the vicinity of Well A, one of the base's primary water supply wells.\r\n\r\nADEC records from 2013 of Eielson LUST Site Closure reviews indicate Bldg 3408 was an incomplete closure due to groundwater never being sampled, insufficient characterization data, and insufficient remediation descriptions including no confirmation sampling. \r\n\r\nAir force records indicate soil samples reportedly contained total petroleum hydrocarbons at concentrations exceeding ADEC cleanup levels. The location of the soil samples could not be confirmed. No groundwater data are available. Additionally, there is no evidence that sampling was performed for lead. \r\n\r\nIn 2013, the ADEC Contaminated Sites Program determined that closure was incomplete, and the ADEC and EPA RPMs requested that the site be investigated. The site has active LUCs/ICs that requires prior approval to work at the site and/or disturb soil, and soil and groundwater use restrictions. The site is currently slated for a Phase II Source Evaluation in 2021. \r\n\r\n","Site_Report_Link":"http://dec.alaska.gov/Applications/SPAR/PublicMVC/CSP/SiteReport/24371"}},{"type":"Feature","geometry":{"type":"Point","coordinates":[-147.07258097511988,64.643751904984128]},"properties":{"Site_Name":"Eielson AFB - (SO117) Bldg 1302","Status":"Active","Address_1":"Eielson AFB, Bldg 1302","City":"Eielson AFB","State":"AK","Zip_Code":"99702","Site_Type":"Military Installation - Base/Post/Other","Problem_Description":"Level C cleanup level acceptable (\u003c5 ft to subsurface water, mean annual precipitation \u003c 15 inches, coarse grained soils with fines, no known well within 1 mile, volume of contaminated soil approx. 25 cu.yds.)      Tank removed during June of 1994\r\n\r\nUpdate 8/11/2021: Site reopened.\r\n\r\nThe Building 1302, SO117 LUST site is located within the Missile Maintenance compound and is adjacent to the IC/LUC buffer zones of source areas SS533 and SO524. Eielson records indicate a 5,000 gallon UST containing diesel that was removed in 1994, however ADEC and 1994 AGRA Summary Report for Tank Closure indicate the tank was 2,000 gallons. The site was listed as closed on 11/01/1999 via email correspondence from the Storage Tank Program, the Closure Notice is dated May 1994, and the August 1994 Summary report for Tank Closure recommended a final closure ruling for the site however no closure letter was drafted. Analytical samples of the stockpiled soils ranged from 1,900 mg/kg to 8,600 mg/kg for DRO, and soil samples from the base of the excavation (6.5 to 8.5 feet bgs) indicated DRO at 550 mg/kg, below the Level C standards at the time but above the current soil MTG CULs. No groundwater samples were collected, and is believed to be present at 9 ft bgs. In 2013 the ADEC Contaminated Sites Program determined the Closure was incomplete, and the ADEC and EPA RPMs requested additional investigation of the site. The site has active LUCs/ICs that requires prior approval to work at the site and/or disturb soil, and soil and groundwater use restrictions. The site is currently slated for a Phase II Source Evaluation in 2021.","Site_Report_Link":"http://dec.alaska.gov/Applications/SPAR/PublicMVC/CSP/SiteReport/24410"}},{"type":"Feature","geometry":{"type":"Point","coordinates":[-148.46721695621696,70.199025895875053]},"properties":{"Site_Name":"NANA Oilfield Services Tank Farm","Status":"Active","Address_1":"Deadhorse Airport, Block 303, Lot 1","City":"Deadhorse","State":"AK","Zip_Code":"99734","Site_Type":"Non-Crude Terminal","Problem_Description":"During liner replacement activities in September 2010, petroleum-contaminated soil was discovered beneath Tank 3 at the NANA Oilfield Services tank farm on Block 303, Lot 1 of the Deadhorse Airport.  Site investigation activities in April 2011 determined that GRO, DRO, and xylenes were present above DEC cleanup levels.","Site_Report_Link":"http://dec.alaska.gov/Applications/SPAR/PublicMVC/CSP/SiteReport/25664"}},{"type":"Feature","geometry":{"type":"Point","coordinates":[-147.09521197587097,64.67320390541056]},"properties":{"Site_Name":"Eielson AFB (SS521) Bldg 1161 Flightline Ave CITS","Status":"Active","Address_1":"2615 Flightline Avenue","City":"Eielson AFB","State":"AK","Zip_Code":"99702","Site_Type":"Military Installation - Base/Post/Other","Problem_Description":"Petroleum contamination at Eielson AFB former Building 1161 (currently 2615 Flightline Ave) from an unknown source.  Monitoring well 1 is 50 feet north of Bldg 1161, MW-2 is 100 feet east of Bldg 1161 and upgradient of MW-1. \r\n\r\nThe 2005 Final Site Characterization Report describes soil and groundwater sampling. RRO has been detected in MW-1 up to 3.51 mg/L, above DEC cleanup levels; total xylenes and DRO were also detected in MW-1 but at concentrations below DEC cleanup levels. RRO, DRO, and total xylenes were detected in MW-2 at levels below DEC cleanup levels. All soil concentrations to date are below DEC cleanup levels.  RRO concentrations are qualified due to lack of quality control testing.\r\n\r\nChromatograms have been used in attempting to show biogenic interference as a source of sampling results, but have proven inconclusive to date.\r\n\r\nUpdate 2022\r\nA construction project for the site encountered Pentachlorophenol (PCP), Perfluorooctanesulfonic Acid (PFOS), Perfluorooctanoic Acid (PFOA) and Trichloroethene (TCE) above applicable DEC cleanup levels in surface soils (0-2 feet) on the site.  ","Site_Report_Link":"http://dec.alaska.gov/Applications/SPAR/PublicMVC/CSP/SiteReport/25744"}},{"type":"Feature","geometry":{"type":"Point","coordinates":[-156.64309789630926,71.33414189827198]},"properties":{"Site_Name":"Point Barrow POW-M Dewline Site Air Terminal Area (SS003)","Status":"Active","Address_1":"Point Barrow Long Range Radar Station","City":"Barrow","State":"AK","Zip_Code":"99723","Site_Type":"Airport/Airfield","Problem_Description":"The Air Terminal Area (USAF ERP Site SS003) is located north of the main installation on the western shore of the North Salt Lagoon. Data collected during the 2007 Remedial Investigation indicated volatile petroleum hydrocarbons were present in surface soil, surface water of a tundra pond, and in active layer water.  No soil contaminants exceeded 18 AAC 75.341 Tables B1 and B2 Arctic Zone cleanup levels. The single surface water sample from the pond detected TAH at 58.7 mg/kg, which exceeds the Alaska Water Quality standard TAH of 10 mg/kg.  Sheen was also noted on the water.  No documented spills have occurred at the the Air Terminal Area.  The source of contamination is believed to be multiple large historic fuel spills located up-gradient on the adjacent United States Navy (USN) property at the Barrow Naval Arctic Research Laboratory (NARL) Airstrip Site.  The dominant form of contaminant transport appears to occur in the form of dissolved petroleum hydrocarbons moving n the saturated zone above the permafrost.  Active layer water in this area flows west to east  from the adjacent USN property boundary toward the North Salt Lagoon.  Multiple soil removal actions, product recovery activities, and investigations have been conducted on the up-gradient NARL Airstrip Site on the USN property.  The USN is conducting long-term monitoring of the contaminant sources on their property; it is likely to take a a number of decades for remaining contamination at the USN site to attenuate sufficiently to allow unrestricted use.","Site_Report_Link":"http://dec.alaska.gov/Applications/SPAR/PublicMVC/CSP/SiteReport/25761"}},{"type":"Feature","geometry":{"type":"Point","coordinates":[-156.63621489442517,71.327407898481567]},"properties":{"Site_Name":"Point Barrow POW-M Dewline Site Radome Area (SS002)","Status":"Active","Address_1":"Point Barrow Long Range Radar Station","City":"Barrow","State":"AK","Zip_Code":"99723","Site_Type":"Military Installation - Radar/Radio Relay Stn","Problem_Description":"The Radome Area is located within USAF ERP Site SS002.  Four distinct source areas at the main installation are located within SS002: the Vehicle Maintenance Area, the Vehicle Fueling Station Area, the Radome Area, and the Transformer Stand Area.  The Radome Area is located below the radome at the west end of Module Train A.  It encompasses the gravel pad in the vicinity of the stairs leading from the west end of the radome.  In 2007, PCBs were detected in the soil at the Radome Area at 2.65 mg/kg.  An estimated 25 cubic yards of soil contain PCB concentrations greater than 1 mg/kg.","Site_Report_Link":"http://dec.alaska.gov/Applications/SPAR/PublicMVC/CSP/SiteReport/25762"}},{"type":"Feature","geometry":{"type":"Point","coordinates":[-156.63598589564532,71.327811898656378]},"properties":{"Site_Name":"Point Barrow POW-M Dewline Site Transformer Stand Area (SS002)","Status":"Active","Address_1":"Point Barrow Long Range Radar Station","City":"Barrow","State":"AK","Zip_Code":"99723","Site_Type":"Military Installation - Radar/Radio Relay Stn","Problem_Description":"The Transformer Stand Area is located within USAF ERP Site SS002.  Four distinct source areas at the main installation are located within the IRP site designated as SS002: the Vehicle Maintenance Area, the Vehicle Fueling Station Area, the Radome Area, and the Transformer Stand Area.   The Transformer Stand is located adjacent to the south side of Module Train B, west of the catwalk connecting the two module trains.  From leaks or spills, and estimated 16 cubic yards of soil contain PCBs above the Method Two cleanup level of 1 mg/kg.","Site_Report_Link":"http://dec.alaska.gov/Applications/SPAR/PublicMVC/CSP/SiteReport/25763"}},{"type":"Feature","geometry":{"type":"Point","coordinates":[-156.63862589628039,71.327590898282835]},"properties":{"Site_Name":"Point Barrow POW-M Dewline Site Vehicle Fueling Station Area (SS002)","Status":"Active","Address_1":"Point Barrow Long Range Radar Station","City":"Barrow","State":"AK","Zip_Code":"99723","Site_Type":"Gas Station","Problem_Description":"The Vehicle Fueling Station Area is located within USAF ERP Site SS002.  Four distinct source areas at the main installation are located within the IRP site designated as SS002: the Vehicle Maintenance Area, the Vehicle Fueling Station Area, the Radome Area, and the Transformer Stand Area. The Vehicle Fueling Station is a former gasoline fueling station located northeast of the garage and on the eastern edge of the gravel access road.  It previously contanied two 6,000 gallon above-ground storage tanks labeled as containing gasoline.  The tanks were in use from 1957 to the 1980's.  Gasoline was dispensed over the gravel pad.  An estimated 70 cubic yards of soil contain xylenes above the Method Two arctic zone cleanup level.","Site_Report_Link":"http://dec.alaska.gov/Applications/SPAR/PublicMVC/CSP/SiteReport/25764"}},{"type":"Feature","geometry":{"type":"Point","coordinates":[-147.75512597205821,64.812466904705573]},"properties":{"Site_Name":"NAPA Auto Parts","Status":"Active","Address_1":"1937 Van Horn Road","City":"Fairbanks","State":"AK","Zip_Code":"99701","Site_Type":"Commercial/Retail/Office ","Problem_Description":"On May 26, 2011, a fire consumed the NAPA Auto Parts store and warehouse located at 1937 Van Horn Road in Fairbanks.  Water and foam sprayed on the building during firefighting efforts acted as a transport mechanism to carry hazardous materials across the paved parking lot to adjacent properties.  Hazardous materials included oil, grease, lubricants, glycols, solvents, paint, and batteries.  An initial response was conducted however, product continued to migrate from the building into adjacent soils.  An assessment conducted by the responsible party's environmental consultant concluded that product weeping from the building would be contained in the porous soils underneath the building and later be removed during the building demolition process.  Grossly contaminated soils from adjacent properties were removed and stockpiled on site until later disposal at OIT.  A site characterization, including groundwater investigation, was conducted to determine the extent of remaining contamination.","Site_Report_Link":"http://dec.alaska.gov/Applications/SPAR/PublicMVC/CSP/SiteReport/25865"}},{"type":"Feature","geometry":{"type":"Point","coordinates":[-147.08900497551269,64.666526904799511]},"properties":{"Site_Name":"Eielson AFB (SS083) Bldg 3240 R-11 Parking Lots","Status":"Active","Address_1":"Building 3240; Flight Line Avenue","City":"Eielson AFB","State":"AK","Zip_Code":"99702","Site_Type":"Military Installation - Base/Post/Other","Problem_Description":"Site SS083 consists of a paved lot north of Building 3240 that is used for temporary parking of R-11 refueling trucks.  Building 3240 is an indoor heated parking facility for the refuelers. The west end of the building contains a maintenance shop and office space. No fuel tanks are currently located at the site; however, two 90-gallon ASTs used to store diesel fuel were previously located near the site. One AST was located on the northwest side of Building 3240 and the other AST was located at the west end of Building 3240. It is unknown when these two ASTs were removed.\n\nStained surface soil was discovered on 8 July 2011 during the re-pavement of the lot north of \nBuilding 3240.  A total of four areas were identified as potentially impacted using a \nphotoionization detector (PID) to field screen soil; three areas were located in the middle of the parking lot and one area was located adjacent to Building 3240 near the former AST. Excavation of the impacted areas began on or before 19 July 2011.  Soil was also excavated at the site during three additional soil removal events which took place 26- 28 September 2011, 4 October 2011, and on an unknown date after 4 October 2011.\n\nThroughout removal activities, the soil was segregated into two categories: (1) soil deemed to be clean and (2) soil deemed to be impacted. Soil deemed to be clean was returned to excavated areas. Fresh soil from an on-base source was used to bring excavated areas to grade. \n\nApproximately 770 cubic yards of impacted soil was removed during excavation.  Impacted soil was temporarily stored at three locations on Eielson AFB prior to disposal: (1) adjacent to Building 3242, (2) Containment Cell #1, and (3) Containment Cell #2. On 28 September 2012, discreet samples were collected from the impacted soil stored at these locations to characterize the soil for disposal.  The contaminated soil was removed from the site on 13 October 2012 for transportation to Organic Incineration Technology, Inc. located in Moose Creek, Alaska for thermal treatment.\n\nUpdated Conceptual Site Model (2025 Remedial Action Construction Report): \nThe COCs for soil at Site SS083 Area 3 are POL related compounds GRO, DRO, benzene, ethylbenzene, naphthalene, xylenes, 1,2- dibromoethane, 1,2,4-trimethylbenzene, 1,3,5-trimethylbenzene, and 1-methylnaphthalene. \nThe COCs for groundwater at Site SS083 Area 3 are POL-related compounds GRO, DRO, benzene,\nethylbenzene, toluene, naphthalene, xylenes, 1,2-dibromoethane, 1,2,4-trimethylbenzene, 1-\nmethylbenzene, 2-methylbenzene, and lead, and non-POL-related compounds 1,1,2-TCA and\n2-hexanone. Exposure media and pathways at Site SS083 Area 3 are dermal exposure to and\ningestion of contaminated soil (surface and subsurface) and groundwater, inhalation of tap\nwater vapor, and inhalation of indoor and outdoor air. Current and future receptors for soil,\ngroundwater, and air media include commercial and industrial workers, construction workers,\nand site visitors or trespassers. Future receptors include hypothetical residents. The area is not used for recreation, hunting, subsistence, or farming.\n","Site_Report_Link":"http://dec.alaska.gov/Applications/SPAR/PublicMVC/CSP/SiteReport/25930"}},{"type":"Feature","geometry":{"type":"Point","coordinates":[-149.73750095909364,65.854921903452578]},"properties":{"Site_Name":"Alyeska PS 06 Former Fire Training Area","Status":"Active","Address_1":"Pump Station 6; Alyeska Pipeline MP 355; Mile 55 Dalton Highway","City":"Stevens Village","State":"AK","Zip_Code":"99774","Site_Type":"Transmission Pipeline","Problem_Description":"In 2014, the former fire training area at Pump Station 06 (aka Yukon Response Base) was decommissioned. Soil above the liner was excavated and stockpiled. Soil samples from this stockpile contained PFOS above ADEC cleanup levels. in 2017, this soil was transported to OIT for thermal remediation. In 2019, soil samples collected 3 feet below ground surface at the former fire training area footprint and analyzed for PFAS contained PFOS above ADEC cleanup levels. ","Site_Report_Link":"http://dec.alaska.gov/Applications/SPAR/PublicMVC/CSP/SiteReport/26270"}},{"type":"Feature","geometry":{"type":"Point","coordinates":[-145.76701898344467,63.422133907176821]},"properties":{"Site_Name":"Alyeska PS 10 Former Fire Training Area","Status":"Active","Address_1":"Pump Station 10; Alyeska Pipeline MP 586; Mile 218 Richardson Hwy","City":"Paxson","State":"AK","Zip_Code":"99737","Site_Type":"Transmission Pipeline","Problem_Description":"In 2015, the former fire training area at Pump Station 10 was decommissioned. Soil above the liner was temporarily stockpiled in a segregated stockpile on the pad in accordance with the  Stockpile Management Plan (EN-21-01). Samples were collected from the excavated soil above the liner and below the liner and analyzed for petroleum fractions, VOCs, PAHs, PFOS, and PFOA. Note: all non-essential structures were removed in 2019.","Site_Report_Link":"http://dec.alaska.gov/Applications/SPAR/PublicMVC/CSP/SiteReport/26271"}},{"type":"Feature","geometry":{"type":"Point","coordinates":[-149.3585999696125,61.584419911282303]},"properties":{"Site_Name":"Tesoro Northstore #76","Status":"Active","Address_1":"3600 E. Palmer-Wasilla Highway","City":"Wasilla","State":"AK","Zip_Code":"99654","Site_Type":"Gas Station","Problem_Description":"This property has been location of a gas station since 1995.  Gasoline contaminated soil and groundwater were identified during UST system closure site assessment work performed in October, 2014.  ","Site_Report_Link":"http://dec.alaska.gov/Applications/SPAR/PublicMVC/CSP/SiteReport/26295"}},{"type":"Feature","geometry":{"type":"Point","coordinates":[-147.75024497080631,64.82118090477752]},"properties":{"Site_Name":"City of Fairbanks Regional Fire Training Center Burn Pit","Status":"Active","Address_1":"1710 30th Avenue","City":"Fairbanks","State":"AK","Zip_Code":"99701","Site_Type":"Other","Problem_Description":"In 2014 a site investigation was conducted associated with the closure of the burn pit (a.k.a. combustible liquids pit) at the Fairbanks Regional Fire Training Center.  The pit was constructed in 1987 and used for firefighting exercises for about 20 years.  These exercises consisted of filling the pit with water, adding fuel (jet, diesel and/or gasoline) to float on water and then igniting and extinguishing fires.  The pit is reported to have not been used for about 10 years.  The pit can be identified from satellite imagery as a circular feature and is reported about 40 feet in diameter with a concrete rim, 2 feet of gravel, and a liner. To prepare the pit for decommissioning, samples were collected from standing water and sediment in the pit. Petroleum and perfluorinated compounds were detected in water.  DEC recommended collection further characterization data before determining disposition of the contents of the pit as PCBs were reported as non-detect at elevated reporting limits and the solid material was not analyzed for perfluorinated compounds (PFCs).  PFCs were detected in the water samples collected from the pit. DEC recommended further site characterization to include sampling of soil and groundwater for petroleum and PFCs.","Site_Report_Link":"http://dec.alaska.gov/Applications/SPAR/PublicMVC/CSP/SiteReport/26309"}},{"type":"Feature","geometry":{"type":"Point","coordinates":[-147.0824719750413,64.661055904702579]},"properties":{"Site_Name":"Eielson AFB (SS107) F35A Flight Simulator Bldg","Status":"Active","Address_1":"Intersection of Central Avenue and Flightline Avenue","City":"Eielson AFB","State":"AK","Zip_Code":"99702","Site_Type":"Military Installation - Base/Post/Other","Problem_Description":"In May, 2015 contaminated groundwater was encountered during environmental site assessment activities in preparation for construction of the F35A Flight Simulator Building (EIE365).  The source of the suspected petroleum contamination is unknown.","Site_Report_Link":"http://dec.alaska.gov/Applications/SPAR/PublicMVC/CSP/SiteReport/26429"}},{"type":"Feature","geometry":{"type":"Point","coordinates":[-147.07581797469027,64.656630904864372]},"properties":{"Site_Name":"Eielson AFB (SS062) Garrison Slough Fire Training Areas","Status":"Active","Address_1":"E of Building 4335 and to the W of Garrison Slough","City":"Eielson AFB","State":"AK","Zip_Code":"99702","Site_Type":"Military Installation - Base/Post/Other","Problem_Description":"This site is adjacent to SS037. A utilidor at SS037 was investigated in 1998 after workers complained of negative health impacts from working in the utilidor (see Eielson AFB Administrative Record #483). Investigation of the utilidor included interviewing Base personnel familiar with land use in the nearby areas to identify potential contaminant release locations and types. Those interviews identified three areas to the east of Building 4335 (Facility 2936) where fire training activities took place.  The interviewees indicated petroleum products and unidentified chemicals were applied to burn pits and the ground, lit on fire, and then extinguished by firefighters. \r\n\r\nUPDATE 12-29-2021\r\nThe Air Force is investigating the site for PFAS contamination as site: 107.38.175 EAFB AFFF Area #9 Fmr Fire Training Areas Near Entomology Bldg 4335 (FT092).\r\n\r\n","Site_Report_Link":"http://dec.alaska.gov/Applications/SPAR/PublicMVC/CSP/SiteReport/26518"}},{"type":"Feature","geometry":{"type":"Point","coordinates":[-149.97397796676589,61.16381891176551]},"properties":{"Site_Name":"Kulis ANG - Basewide PFAS","Status":"Active","Address_1":"6000 Air Guard Road; Former Kulis Air National Guard Base","City":"Anchorage","State":"AK","Zip_Code":"99502","Site_Type":"Military Installation - Base/Post/Other","Problem_Description":"Confirmed perfluorinated compounds (PFCs) released during KULIS Air National Guard Base (ANGB) operations (1955-2011). Aqueous film forming foam (AFFF), containing PFCs, was used at the former Kulis ANGB for extinguishing petroleum fires and in fire suppression systems at several of the installation buildings. Based on the research conducted, ten potential AFFF areas were identified at former Kulis ANGB and may potentially require further action. \r\n\r\nSoil and groundwater are confirmed to be contaminated with PFCs above cleanup levels. Groundwater is contaminated in one monitoring well. \r\n\r\nWhile not listed on the NPL, investigation at the former Kulis Air National Guard Base must follow CERCLA process per E.O. 12580 [e.g. CERCLA Sections 104(a), (b), and (c)(4), 113(k), 117(a), and (c), 119, and 121) with respect to releases or threatened releases where either the release is on or the sole source of the release is from any facility or vessel under the jurisdiction, custody, or control of their departments. These functions must be exercised consistent with CERCLA Section 120 Federal Facilities. \r\n\r\nState laws. -- State laws concerning removal and remedial action, including State laws regarding enforcement, shall apply to removal and remedial action at facilities owned or operated by a department, agency, or instrumentality of the United States when such facilities are not included on the National Priorities List. The preceding sentence shall not apply to the extent a State law would apply any standard or requirement to such facilities which is more stringent than the standards and requirements applicable to facilities which are not owned or operated by any such department, agency, or instrumentality.].\r\n\r\n","Site_Report_Link":"http://dec.alaska.gov/Applications/SPAR/PublicMVC/CSP/SiteReport/26531"}},{"type":"Feature","geometry":{"type":"Point","coordinates":[-147.06473097495117,64.651716904890606]},"properties":{"Site_Name":"Eielson AFB (SS304P) Bldg 1348 Corrosion Control","Status":"Active","Address_1":"Building 1348, Loop Access Road","City":"Eielson AFB","State":"AK","Zip_Code":"99702","Site_Type":"Military Installation - Base/Post/Other","Problem_Description":"This site was identified in 2015 when it was reported that during corrosion control activities completed in Building 1348 (Facility 538), including sandblasting of components, potentially-contaminated used blast media was habitually dumped in two locations to the north of the building, reportedly over the course of several years.  Contaminants have not yet been confirmed.","Site_Report_Link":"http://dec.alaska.gov/Applications/SPAR/PublicMVC/CSP/SiteReport/26594"}},{"type":"Feature","geometry":{"type":"Point","coordinates":[-147.06981497583493,64.687516905210458]},"properties":{"Site_Name":"Eielson AFB Polaris Lake AFFF","Status":"Active","Address_1":"SE Shoreline of Polaris Lake; ~0.13 mile E of Bldg 4870","City":"Eielson AFB","State":"AK","Zip_Code":"99702","Site_Type":"Military Installation - Base/Post/Other","Problem_Description":"On August 11, 2016 during an Eielson Air Force Base Fire Department training exercise, an internal pump component of a fire suppression system failed releasing approximately 0.25 gallons of Aqueous Film Forming Foam (AFFF) concentrate to the southeast end of Polaris Lake and adjacent shoreline.  Approximately 20 cubic feet of water and 250 square feet of shoreline were affected.  Perfluorooctanoic acid (PFOA) and Perfluorooctanesulfonic acid (PFOS) were detected in surface water samples at levels of 16.6-19 ppt and 85.4-249 ppt, respectively. On October 3, 2016, DEC received analytical results for perfluorooctanoic acid (PFOA) and perfluorooctanesulfonic acid (PFOS) sampling in Polaris Lake following an Aqueous Film Forming Foam (AFFF) release.  Sample results were taken from the top, middle, and bottom sections of the Polaris Lake water column.  The results for the top section of the water column are 16.6 parts per trillion (ppt) PFOA and 249 ppt PFOS.  The results for the middle section of the water column are 18.5 ppt PFOA and 183 ppt PFOS.  The results for the bottom section of the water column are 19.0 ppt PFOA and 85.4 ppt PFOS.  Soil surrounding Polaris lake was also sampled for PFOA and PFOS did not have a detection.","Site_Report_Link":"http://dec.alaska.gov/Applications/SPAR/PublicMVC/CSP/SiteReport/26627"}},{"type":"Feature","geometry":{"type":"Point","coordinates":[-147.07476997579261,64.645831904581527]},"properties":{"Site_Name":"Eielson AFB Bldg 1300 AFFF","Status":"Active","Address_1":"Combat Alert Cell (CAC) Building 1300; 277 Caragain Road","City":"Eielson AFB","State":"AK","Zip_Code":"99702","Site_Type":"Military Installation - Base/Post/Other","Problem_Description":"This site includes multiple releases, including:\r\n\r\nSpill no. 16309908901: On March 29, 2016 at 2:05PM, a malfunction of the fire suppression system at Eielson Air Force Base Building 1300 triggered the suppression system to come on, releasing Buckeye Hi-Ex aqueous film forming foam (AFFF). The generators did not come on and so the foam was not aerated and was released as a solution into the building. It was estimated that 100 gallons of AFFF mixed with water was released inside the building for a total of approximately 4,500 gallons of solution. The liquid leaked out of the building, onto the pavement outside, and further onto soil. The material safety data sheet indicates it does not contain Perfluorooctanesulfonic acid (PFOS). DEC performed a site visit on March 30 and observed puddles with sparse white foam and milky liquid on the parking lot pavement, as well as the ground adjacent to the pavement. DEC requested that soil samples be taken from the ground where foam puddles were observed during the site visit and test for perfluorinated compounds. Perfluorooctanoic acid (PFOA) was confirmed in soil above DEC cleanup levels.\r\n\r\nSpill no. 16309927902:  On October, 5, 2016, while testing pumps on a truck that had recently received maintenance, AFFF was accidentally released onto the pavement at Building 1300.  Approximately 270 gallons of a mixture of foam concentrate and water (approximately 1:3 ratio) were released.  Inactive potable water well no. 7 is 250 feet from the spill site.","Site_Report_Link":"http://dec.alaska.gov/Applications/SPAR/PublicMVC/CSP/SiteReport/26653"}},{"type":"Feature","geometry":{"type":"Point","coordinates":[-150.65438495168115,66.815597902677652]},"properties":{"Site_Name":"Alyeska PS 05 Former Fire Training Area","Status":"Active","Address_1":"MP 137 Dalton Highway; MP 274.4 Alyeska Pipeline","City":"Coldfoot","State":"AK","Zip_Code":"99701","Site_Type":"Oil Production/Crude Oil Transmission Line","Problem_Description":"In 2016, the former fire training area at Pump Station 05 was decommissioned. Prior to decommissioning activities, three pre-excavation samples were collected from the soil and analyzed for perfluorooctanoic acid (PFOA) and perfluorooctane sulfonate (PFOS). All three soil samples contained PFOA above ADEC method two migration to groundwater cleanup levels (note: all soil samples were considered biased low due to holding time exceedance).  Eight cubic yards of soil above and below the liner were excavated and stockpiled. This stockpile contained PFOA above ADEC method two migration to groundwater cleanup levels and was transported to OIT as part of a pilot test burn in 2017. In 2018, drinking water samples collected from the well head contained PFOS up to 0.0237 ug/L and PFOA up to 0.0738 ug/L. This sample result it above the EPA Lifetime Health Advisory level, but below the ADEC Table C groundwater cleanup levels. Soil samples collected from the fire training area contained PFOA and PFOS contamination above the ADEC migration to groundwater cleanup levels. The PS 05 drinking water well is located 3,800 feet away from the fire training area adjacent to Jim River. The drinking water well groundwater is 48 feet below ground surface.","Site_Report_Link":"http://dec.alaska.gov/Applications/SPAR/PublicMVC/CSP/SiteReport/26732"}},{"type":"Feature","geometry":{"type":"Point","coordinates":[-148.27707896886037,65.307582903997499]},"properties":{"Site_Name":"Alyeska PS 07 Former Fire Training Area","Status":"Cleanup Complete","Address_1":"Near MP 42 Elliott Highway; MP 414.2 Alyeska Pipeline","City":"Minto","State":"AK","Zip_Code":"99758","Site_Type":"Oil Production/Crude Oil Transmission Line","Problem_Description":"In 2016, three pre-excavation soil samples were collected and analyzed for perfluorooctanoic acid (PFOA) and perfluorooctane sulfonate (PFOS). The PFOA samples were non detect. The PFOS samples contained concentrations up to 0.00010 mg/kg, which is less than the DEC cleanup level (note: all soil samples were considered biased low due to holding time exceedance). In 2017, the former fire training area at Alyeska Pump Station 07 was decommissioned. Contaminated soil was excavated and confirmation soil samples collected from the bottom and sidewalls of the excavation and analyzed for petroleum fractions, polycyclic aromatic hydrocarbons, and volatile organic compounds. None of these soil samples contained contaminant concentrations above ADEC cleanup levels. Note: the onsite drinking water well is 76 feet bgs about 1,500 feet upgradient from the former fire training area. This PFOS/PFOA contaminated drinking water well is being tracked as another site known as: Alyeska PS 07 Sitewide PFAS (see file 330.38.145 for more info).","Site_Report_Link":"http://dec.alaska.gov/Applications/SPAR/PublicMVC/CSP/SiteReport/26733"}},{"type":"Feature","geometry":{"type":"Point","coordinates":[-149.66021896711939,61.262916911479806]},"properties":{"Site_Name":"JBER-Ft. Rich AFFF Area #04 Fire Station 5 Bldg 48010","Status":"Active","Address_1":"Eastern Side of Bryant Army National Guard Airfield","City":"Fort Richardson (JBER)","State":"AK","Zip_Code":"99505","Site_Type":"Military Installation - Base/Post/Other","Problem_Description":"AFFF Area #4 is located at Fire Station 5 Building 48010 on the eastern side of the airfield at Bryant Army National Guard Airfield Station (JBER-Richardson). Soil results from a site inspection specifically for aqueous film forming foam (AFFF) areas on JBER-E and JBER-R detected perfluorooctane sulfonate (PFOS) below EPA risk-based screening levels and ADEC human health cleanup level, but above the ADEC migration to groundwater cleanup level.","Site_Report_Link":"http://dec.alaska.gov/Applications/SPAR/PublicMVC/CSP/SiteReport/26758"}},{"type":"Feature","geometry":{"type":"Point","coordinates":[-149.83786396656504,61.236163911214526]},"properties":{"Site_Name":"JBER-Elmendorf SS135P AFFF Area #06 C-17 Debris Storage Yard","Status":"Active","Address_1":"SE Corner of Gibson Avenue and 9th Street Intersection","City":"Elmendorf AFB (JBER)","State":"AK","Zip_Code":"99506","Site_Type":"Military Installation - Base/Post/Other","Problem_Description":"AFFF Area #6 is located on the southeastern corner of Gibson Avenue and 9th Street on JBER-Elmendorf. Plane parts that were covered with an AFFF blanket during the 2010 C-17 crash response were transported to this area.\r\n\r\nGroundwater results from a site inspection specifically for aqueous film forming foam (AFFF) areas on JBER-E and JBER-R detected the presence of perfluorooctane sulfonate (PFOS) and perfluorooctanoic acid (PFOA) above EPA health advisory levels and ADEC groundwater cleanup levels. Extent of contamination is unknown.\r\n","Site_Report_Link":"http://dec.alaska.gov/Applications/SPAR/PublicMVC/CSP/SiteReport/26759"}},{"type":"Feature","geometry":{"type":"Point","coordinates":[-149.84231396743337,61.243688912038621]},"properties":{"Site_Name":"JBER-Elmendorf SS136P AFFF Area #07 Current AFFF Spray Test Area","Status":"Active","Address_1":"South and West of 23rd Street, North of Fighter Drive, E of Fairchild Avenue","City":"Elmendorf AFB (JBER)","State":"AK","Zip_Code":"99506","Site_Type":"Military Installation - Base/Post/Other","Problem_Description":"AFFF Area #7 is located south of the western end of the flightline, south of\r\n23rd Street. All current AFFF spray testing for the emergency response vehicles at JBER-E is conducted at this location. Soil results from a site inspection specifically for aqueous film forming foam (AFFF) areas on JBER-E and JBER-R detected perfluorooctane sulfonate (PFOS) and perfluorooctanoic acid (PFOA) above ADEC migration to groundwater cleanup levels but below EPA Risk based screening levels. \r\n\r\nGroundwater results for PFOS and PFOA were above EPA health advisory levels and ADEC groundwater cleanup levels in crossgradient and downgradient monitoring wells. Extent of contamination is unknown.\r\n","Site_Report_Link":"http://dec.alaska.gov/Applications/SPAR/PublicMVC/CSP/SiteReport/26760"}},{"type":"Feature","geometry":{"type":"Point","coordinates":[-149.83807796746402,61.238966911923541]},"properties":{"Site_Name":"JBER-Elmendorf SS137P AFFF Area #08 Corrosion Control Hangar Bldg 6263","Status":"Active","Address_1":"South of Main Flightline on Gibson Avenue","City":"Elmendorf AFB (JBER)","State":"AK","Zip_Code":"99506","Site_Type":"Military Installation - Base/Post/Other","Problem_Description":"AFFF Area #8 is located south of the main flightline on Gibson Avenue at JBER-E. It was\r\nbuilt in 1944, is used for F-15 exterior paint maintenance, and is equipped with an aqueous film forming foam (AFFF) fire-suppression system. A site inspection conducted at the site found groundwater results for perfluorooctane sulfonate (PFOS) and perfluorooctanoic acid (PFOA) were above EPA health advisory levels and ADEC groundwater cleanup levels. Extent of contamination is unknown.\r\n","Site_Report_Link":"http://dec.alaska.gov/Applications/SPAR/PublicMVC/CSP/SiteReport/26761"}},{"type":"Feature","geometry":{"type":"Point","coordinates":[-149.76726396741219,61.261166911228237]},"properties":{"Site_Name":"JBER-Elmendorf SS138P AFFF Area #09 Current Fire Training Area","Status":"Active","Address_1":"~0.3 Mile E of Northern End of Flightline; N of 31st Street; E of Declaration Drive; W of Railroad Tracks","City":"Elmendorf AFB (JBER)","State":"AK","Zip_Code":"99506","Site_Type":"Military Installation - Base/Post/Other","Problem_Description":"AFFF Area #8 is located approximately 0.3 mile east of the northern end of the flightline at JBER-E. It currently consists of a circular, lined burn area protected by a berm, and is surrounded by gravel roads, parking lots, a mock building, and an onsite pump system. A site inspection detected soil results for perfluorooctane sulfonate (PFOS) and perfluorooctanoic acid (PFOA) detected during a site investigation of aqueous film forming foam (AFFF) areas on JBER-E & JBER-R were above ADEC migration to groundwater cleanup levels but below EPA risk-based screening levels and ADEC human health levels. Groundwater results for PFOS and PFOA were above EPA health advisory levels and PFOA was detected above the ADEC groundwater cleanup levels. Extent of contamination is unknown.\r\n","Site_Report_Link":"http://dec.alaska.gov/Applications/SPAR/PublicMVC/CSP/SiteReport/26762"}},{"type":"Feature","geometry":{"type":"Point","coordinates":[-149.84437796663943,61.245649911397869]},"properties":{"Site_Name":"JBER-Elmendorf SS139P AFFF Area #12 Former AFFF Spray Test Area","Status":"Active","Address_1":"On W Ramp of JBER-E Flightline; N of 23rd Street; E of Fairchild Avenue","City":"Elmendorf AFB (JBER)","State":"AK","Zip_Code":"99506","Site_Type":"Military Installation - Base/Post/Other","Problem_Description":"AFFF Area #12 is located on the west ramp of the JBER-E flightline. The former aqueous film forming foam (AFFF) spray test area was used from prior to 2000 until 2010 to test AFFF nozzle spray patterns for emergency response vehicles. A site inspection detected soil results for perfluorooctane sulfonate (PFOS) detected during a site investigation of AFFF areas on JBER-E & JBER-R were above ADEC migration to groundwater cleanup levels but below EPA risk-based screening levels and ADEC human health levels. Groundwater results for PFOS and perfluorooctanoic acid (PFOA) were above EPA health advisory levels and ADEC groundwater cleanup levels. Extent of contamination is unknown.","Site_Report_Link":"http://dec.alaska.gov/Applications/SPAR/PublicMVC/CSP/SiteReport/26763"}},{"type":"Feature","geometry":{"type":"Point","coordinates":[-149.77965596766779,61.258974911363751]},"properties":{"Site_Name":"JBER-Elmendorf AFFF Area #14 Fire Station 6 Bldg 16673","Status":"Active","Address_1":"W of Talley Avenue Off Eastern End of Flightline","City":"Elmendorf AFB (JBER)","State":"AK","Zip_Code":"99506","Site_Type":"Military Installation - Base/Post/Other","Problem_Description":"AFFF Area #14 is located on the western side of Talley Avenue off of the eastern end of the flightline on JBER-E. Fire Station 6 serves the flightline and houses one emergency response vehicle (Crash 11). Site inspection soil results for perfluorooctane sulfonate (PFOS) detected during a site investigation of aqueous film forming foam (AFFF) areas on JBER-E & JBER-R were above ADEC migration to groundwater cleanup levels but below EPA risk-based screening levels and ADEC human health levels. Groundwater results for PFOS were above EPA health advisory levels and ADEC groundwater cleanup levels. Extent of contamination is unknown.\r\n","Site_Report_Link":"http://dec.alaska.gov/Applications/SPAR/PublicMVC/CSP/SiteReport/26764"}},{"type":"Feature","geometry":{"type":"Point","coordinates":[-149.8164279678187,61.255266912015976]},"properties":{"Site_Name":"JBER-Elmendorf AFFF Area #15 Fire Station 7 Bldg 14431","Status":"Active","Address_1":"Northern Side of Flightline; N of 28th Street; E & S of 30th Street","City":"Elmendorf AFB (JBER)","State":"AK","Zip_Code":"99506","Site_Type":"Military Installation - Base/Post/Other","Problem_Description":"AFFF Area #15 is located on the northern side of the flightline on JBER-E. Fire Station 7 serves the flightline and houses one emergency response vehicle. Site inspection soil results for perfluorooctane sulfonate (PFOS) detected during a site investigation of aqueous film forming foam (AFFF) areas on JBER-E & JBER-R were above ADEC migration to groundwater cleanup levels but below EPA risk-based screening levels and ADEC human health levels. Groundwater results for PFOS and perfluorooctanoic acid (PFOA) were above EPA health advisory levels and ADEC groundwater cleanup levels. Extent of contamination is unknown.","Site_Report_Link":"http://dec.alaska.gov/Applications/SPAR/PublicMVC/CSP/SiteReport/26765"}},{"type":"Feature","geometry":{"type":"Point","coordinates":[-149.83313896806331,61.244371911672857]},"properties":{"Site_Name":"JBER-Elmendorf SS145P AFFF Area #19 Hangar 6 Bldg 9311","Status":"Active","Address_1":"S of Main Flightline Tward Northern End of Jerstadt Avenue","City":"Elmendorf AFB (JBER)","State":"AK","Zip_Code":"99506","Site_Type":"Military Installation - Base/Post/Other","Problem_Description":"AFFF Area #19 is located on JBER-E south of the main flightline toward the northern end of Jerstadt Avenue. It was constructed in 1944 and the Alaska National Guard operates the Army’s Regional Flight Center within this hangar. During a site inspection of aqueous film forming foam (AFFF) areas on JBER-E & JBER-R, groundwater results for perfluorooctane sulfonate (PFOS) were above EPA health advisory levels and ADEC groundwater cleanup levels. Perfluorooctanoic acid (PFOA) was above the EPA health advisory level. Extent of contamination is unknown.\r\n","Site_Report_Link":"http://dec.alaska.gov/Applications/SPAR/PublicMVC/CSP/SiteReport/26766"}},{"type":"Feature","geometry":{"type":"Point","coordinates":[-149.81381896736787,61.257355911485881]},"properties":{"Site_Name":"JBER-Elmendorf SS146P AFFF Area #21 Hangar 10 Bldg 15444 & 15455","Status":"Active","Address_1":"30th Street on Taxiway Kilo; Northern Side of Main Flightline","City":"Elmendorf AFB (JBER)","State":"AK","Zip_Code":"99506","Site_Type":"Military Installation - Base/Post/Other","Problem_Description":"AFFF Area #21 is Hangar 10 located on JBER-E on the northern side of the main flightline, on Taxiway Kilo. Hangar 10 was built in 1957 as a heavy aircraft fuel maintenance hangar and is the home of the 176th Air National Guard. Building 15455 (fka 42-400 Floor Drains & IS-1 Maint. Dock Hangar 10) is Hangar 10 an Building 15444 (fka 42-401 Water Pump Station) is a support building and the CERCLA source area. Bldg. 42-400 (Hangar No. 10) has been used for fuel loading operations. Past spills, up to 1,300 gallons, have occurred at the facility. The building floor drains discharge into dry wells in gravelly soil at each end of the building (Engineering-Science, 1983).\r\n\r\nIn the past, most of the fuel flowed into floor drains and, hence, into dry wells\r\nat each end of the building (Engineering-Science, 1983). The floor drains discharge to oil-water separators (Ritz, USAF, personal communication, 08 March 1989). \r\n\r\nDuring a 2016 site inspection of aqueous film forming foam (AFFF) areas on JBER-E & JBER-R, groundwater results for perfluorooctane sulfonate (PFOS) and perfluorooctanoic acid (PFOA) were above EPA health advisory levels, but not above the ADEC groundwater cleanup levels.  Extent of contamination is unknown.","Site_Report_Link":"http://dec.alaska.gov/Applications/SPAR/PublicMVC/CSP/SiteReport/26767"}},{"type":"Feature","geometry":{"type":"Point","coordinates":[-149.78558296678068,61.256824911919608]},"properties":{"Site_Name":"JBER-Elmendorf SS147P AFFF Area #22 Hangar 16 Bldg 15658","Status":"Active","Address_1":"Taxiway Foxtrot; Northern Side of Main Flightline; W of Talley Avenue; S of Hangar 17 (Bldg 16670)","City":"Elmendorf AFB (JBER)","State":"AK","Zip_Code":"99506","Site_Type":"Military Installation - Base/Post/Other","Problem_Description":"AFFF Area #22 is Hangar 16 located on JBER-E on the northern side of the main flightline, on Taxiway Foxtrot. It was constructed in 1945 and is the home of the F-22 Combat Alert Cell. The hangar consists of eight separate bays in a single line. During a site inspection of aqueous film forming foam (AFFF) areas on JBER-E & JBER-R, groundwater results for perfluorooctane sulfonate (PFOS) was above the EPA health advisory level, but not above the ADEC groundwater cleanup levels.  Extent of contamination is unknown.\r\n","Site_Report_Link":"http://dec.alaska.gov/Applications/SPAR/PublicMVC/CSP/SiteReport/26768"}},{"type":"Feature","geometry":{"type":"Point","coordinates":[-149.83316696808524,61.259277911759298]},"properties":{"Site_Name":"JBER-Elmendorf SS148P AFFF Area #23 Hangar 17 Bldg 16670","Status":"Active","Address_1":"Taxiway Foxtrot; Northern Side of Main Flightline; W of Talley Avenue; N of Hangar 16 (Bldg 15658)","City":"Elmendorf AFB (JBER)","State":"AK","Zip_Code":"99506","Site_Type":"Maintenance Yard/Shop","Problem_Description":"AFFF Area #23 is Hangar 17 located on JBER-E on the northern side of the main flightline on Taxiway Foxtrot. It was constructed in 1945 and is the home of the F-22 Combat Alert Cell. The hangar consists of eight separate bays in a single line. During a site inspection of aqueous film forming foam (AFFF) areas on JBER-E & JBER-R, groundwater results for perfluorooctane sulfonate (PFOS) were above the EPA health advisory level, but not above the ADEC groundwater cleanup levels. Soil results were above the ADEC migration to groundwater cleanup level, but below the ADEC human health cleanup level and the EPA health advisory level. Extent of contamination is unknown.\r\n","Site_Report_Link":"http://dec.alaska.gov/Applications/SPAR/PublicMVC/CSP/SiteReport/26769"}},{"type":"Feature","geometry":{"type":"Point","coordinates":[-149.81105596667518,61.261849911152403]},"properties":{"Site_Name":"JBER-Elmendorf SS155P AFFF Area #24 Hangar 18 Bldg 17470","Status":"Active","Address_1":"Taxiway Joker; Northern Side of Main Flightline","City":"Elmendorf AFB (JBER)","State":"AK","Zip_Code":"99506","Site_Type":"Military Installation - Base/Post/Other","Problem_Description":"AFFF Area #24 is Hangar 18 located on the northern side of the main flightline on Taxiway Joker and is the home of the 176th Air National Guard. Built in 1999, this is a large aircraft maintenance hangar with an AFFF fire suppression system. During a site inspection of aqueous film forming foam (AFFF) areas on JBER-E & JBER-R, soil results were detected perfluorooctane sulfonate (PFOS) below the EPA risk based screening level and ADEC human health level, however, above the ADEC migration to groundwater cleanup level. Groundwater results for PFOS were above the EPA health advisory level and the ADEC groundwater cleanup level. Perfluorooctanoic acid (PFOA) was detected above the EPA health advisory level but below the ADEC groundwater cleanup level. Extent of contamination is unknown.","Site_Report_Link":"http://dec.alaska.gov/Applications/SPAR/PublicMVC/CSP/SiteReport/26770"}},{"type":"Feature","geometry":{"type":"Point","coordinates":[-149.81091896733633,61.25147491133108]},"properties":{"Site_Name":"JBER-Elmendorf SS150P AFFF Area #26 UC-35A Cessna Crash Location","Status":"Active","Address_1":"Central Portion of E/W Runway","City":"Elmendorf AFB (JBER)","State":"AK","Zip_Code":"99506","Site_Type":"Military Installation - Base/Post/Other","Problem_Description":"The exact location of AFFF Area #26, the UC-35A Cessna crash, is unknown. On October 6, 2009, a Cessna UC-35A (Cessna 560 Citation V Ultra) crashed in the central portion of the JBER-E east-west runway. The approximate location is on the southern side of Airlifter Drive, which is a paved area directly on the flightline. During a site inspection of aqueous film forming foam (AFFF) areas on JBER-E & JBER-R, groundwater results for perfluorooctane sulfonate (PFOS) and perfluorooctanoic acid (PFOA) were above the EPA health advisory level, but below the ADEC groundwater cleanup level. Extent of contamination is unknown.\r\n","Site_Report_Link":"http://dec.alaska.gov/Applications/SPAR/PublicMVC/CSP/SiteReport/26771"}},{"type":"Feature","geometry":{"type":"Point","coordinates":[-147.06278697465416,64.649855904950769]},"properties":{"Site_Name":"Eielson AFB F35A R11 Fuel Truck Shelter","Status":"Active","Address_1":"S of Loop Taxiway; N of ST20 (E7); W of ST20 (E9)","City":"Eielson AFB","State":"AK","Zip_Code":"99702","Site_Type":"Military Installation - Base/Post/Other","Problem_Description":"Soil samples were collected in April 2017 as part of an evaluation for the construction project EIE388 at the proposed location for the F35A R11 fuel truck shelter at Eielson Air Force Base.  Initial photoionization detector field screening results were less than 20 parts per million, but laboratory results confirmed perfluorooctanoic acid (PFOA), perfluorooctane sulfonate (PFOS), dichloroethylene (DDE), and ethylene dichloride (1,2-DCE) were present in soil above DEC cleanup levels. The source and extent of contamination is unknown.","Site_Report_Link":"http://dec.alaska.gov/Applications/SPAR/PublicMVC/CSP/SiteReport/26772"}},{"type":"Feature","geometry":{"type":"Point","coordinates":[-147.09131797459472,64.675708904680889]},"properties":{"Site_Name":"Eielson AFB Basewide (AKA Sitewide) PFAS","Status":"Informational","Address_1":"Eielson Air Force Base","City":"Eielson AFB","State":"AK","Zip_Code":"99702","Site_Type":"Military Installation - Base/Post/Other","Problem_Description":"This database record includes general information about per- and polyfluoroalkyl substances (PFAS) contamination at Eielson Air Force Base (EAFB) and Moose Creek.  PFAS are a diverse group of compounds that have been used in many industrial applications and consumer products including fire-fighting foams.  Ongoing investigations are gathering information to determine the location of PFAS-contaminated sites on EAFB. Upon completion of the investigations, specific areas may be assigned individual Hazard IDs and tracked separately.  Please see site-specific database entries to learn more about an individual EAFB PFAS-contaminated site.\r\n\r\nUpdate 2025\r\nThis database record will continue to provide updated Action entries regarding the EAFB remedies and studies to address PFAS related  groundwater impacts both on the base and in adjacent communities (Moose Creek and North Pole).\r\n\r\n24309915103: Spill of 5 gallons of PFAS containing IDW water released at the PFAS Wastewater Treatment. Will be tracked under CS. ","Site_Report_Link":"http://dec.alaska.gov/Applications/SPAR/PublicMVC/CSP/SiteReport/26773"}},{"type":"Feature","geometry":{"type":"Point","coordinates":[-156.95488292464424,64.739030909771046]},"properties":{"Site_Name":"Galena AFS/Airport CG109 AFFF Release Areas","Status":"Active","Address_1":"Multiple Areas at Galena AFS/Airport","City":"Galena","State":"AK","Zip_Code":"99741","Site_Type":"Military Installation - Base/Post/Other","Problem_Description":"The Galena AFS/Airport CG109 AFFF (Aqueous Film Forming Foam) Areas site is comprised of areas where the per- and polyfluorinated alkyl substances (PFAS) and perfluorooctanoic acid (PFOA) have been detected.  The following areas were identified during a 2016 Site Investigation at the Former Galena Forward Operating Location (FOL): Area 1 - Fire Protection Training Area (FT001); Area 3 - Building 1549 (Old Fire Station); Area 4 -  Building 1556 (Fire Station); Area 5 - Building 1573 (Vehicle Maintenance Facility); and Area 9 - Sanitary Sewer System. The State of Alaska, Department of Transportation and Public Facilities owns AFFF Areas 1, 3, 4, and 5. The City of Galena owns AFFF Area 9 (Sanitary Sewer System). Further investigation is required to delineate the extent of contamination and evaluate potential risks.\r\n\r\nThe approximate locations of the five AFFF Areas are listed below:\r\nAFFF Area 1: Fire Protection Training Area (FT001) 64°44'15.72\"N, 156°54'24.48\"W - AFFF Area 1 is tracked under Site FT001 (Hazard ID 555)\r\nAFFF Area 3: Building 1549 (Old Fire Station)  64°44'20.5\"N, 156°57'17.5\"W\r\nAFFF Area 4: Building 1556 (Fire Station) 64°44'20.99\"N, 156°57'2.46\"W\r\nAFFF Area 5: Building 1573 (Vehicle Maintenance Facility) 64°44'22.60\"N, 156°57'5.97\"W\r\nAFFF Area 9: Sanitary Sewer System 64°44'28.46\"N, 156°57'22.45\"W\r\n","Site_Report_Link":"http://dec.alaska.gov/Applications/SPAR/PublicMVC/CSP/SiteReport/26787"}},{"type":"Feature","geometry":{"type":"Point","coordinates":[-156.73746489406017,71.284419898581646]},"properties":{"Site_Name":"ADOT&PF Barrow Airport Sitewide PFAS","Status":"Active","Address_1":"1747 Ahkovak Street; Barrow Airport","City":"Barrow","State":"AK","Zip_Code":"99723","Site_Type":"Airport/Airfield","Problem_Description":"Concern over the use of aqueous film forming foam (AFFF) as a fire retardant in the Barrow (Utqiagvik) community led to the sampling of Isatkoak Reservoir, the drinking water source for the community. Multiple surface water samples were collected across the extent of the reservoir, with the greatest concentration repeatedly detected at a collection point near the eastern end of the runway, where the airstrip meets the western edge of the reservoir. Two surface water samples collected one month apart from this location, yielded water concentrations significantly elevated above other samples, indicating that a source of per- and polyfluoroalkyl substances (PFAS) contamination is likely on the Alaska Department of Transportation and Public Facilities (ADOT&PF) Airport property.","Site_Report_Link":"http://dec.alaska.gov/Applications/SPAR/PublicMVC/CSP/SiteReport/26792"}},{"type":"Feature","geometry":{"type":"Point","coordinates":[-147.08635797615221,64.660512904639589]},"properties":{"Site_Name":"Eielson AFB F35A OSS/Weapons/Intel Facility","Status":"Active","Address_1":"S of Flightline Avenue (Innter Loop), ~465 Ft W of Intersection w/Central Avenue","City":"Eielson AFB","State":"AK","Zip_Code":"99702","Site_Type":"Military Installation - Base/Post/Other","Problem_Description":"In March 2017, during soil investigation activities (EIE385) in the proposed location for the Eielson Air Force Base F35A OSS/Weapons/Intel Facility, petroleum and perfluorooctane sulfonate (PFOS) contamination was confirmed in soil above DEC cleanup levels.  The source and extent of contamination has not been determined.","Site_Report_Link":"http://dec.alaska.gov/Applications/SPAR/PublicMVC/CSP/SiteReport/26800"}},{"type":"Feature","geometry":{"type":"Point","coordinates":[-147.08164797510761,64.659884904569665]},"properties":{"Site_Name":"Eielson AFB F35A Bldg 4280 ADAL FTD Facility","Status":"Active","Address_1":"2871 Flightline Avenue; Eastern Side of Building 4280","City":"Eielson AFB","State":"AK","Zip_Code":"99702","Site_Type":"Military Installation - Base/Post/Other","Problem_Description":"UPDATE \nBetween August 2017 and June 2019, excavation for F-35 construction project EIE 377 generated approximately 2,200 cubic yards of PFOS and PFOS + POL contaminated soil which was stockpiled at a location on LF003 at Eielson.  Confirmation sampling indicted PFOS contamination of soils remains at the site.  Confirmation  samples confirmed DRO, trimethylbenzenes, ethylbenzene, xylenes,\nnaphthalene, and methylnaphthalenes above DEC cleanup levels. The highest DRO level was identified in the Trench Valve sample (DRO = 43,100 mg/kg).\n\nMultiple areas of contamination have been discovered within the boundaries of construction project EIE377 - F35 A Bldg 4280 ADAL (add to and alter) FTD (field training detachment) facility.  Diesel range organics and arsenic have been confirmed above DEC cleanup levels.\n\nThe site includes the following spills:\n\nSpill no. 17309924403; spill date = 9/1/17; substance = unknown; quantity = unknown; source = broken flange on abandoned fuel line; PRP file no. 107.02.004; description: Abandoned fuel line unearthed during construction project EIE377, contaminated soil was segregated based on field screening results and stockpiled on site.\n\nSpill no. 17309925402; spill date = 9/11/17; substance = unknown; quantity = unknown; source = unknown; PRP file no. 107.02.004; description:  sheen on standing water within construction project EIE377, contaminated soil was segregated based on field screening results and stockpiled on site.","Site_Report_Link":"http://dec.alaska.gov/Applications/SPAR/PublicMVC/CSP/SiteReport/26814"}},{"type":"Feature","geometry":{"type":"Point","coordinates":[-147.87316497005975,64.813024905139798]},"properties":{"Site_Name":"FIA - Sitewide PFAS","Status":"Active","Address_1":"6450 Airport Way; Fairbanks International Airport","City":"Fairbanks","State":"AK","Zip_Code":"99709","Site_Type":"Airport/Airfield","Problem_Description":"Fairbanks International Airport (FIA) detected Perfluorooctanesulfonic acid (PFOS) and Perfluorooctanoic acid (PFOA) in groundwater and surface water samples taken at various locations throughout airport property in September 2017. Concentrations of contaminants exceeded the EPA's lifetime health advisory (LHA) levels and DEC cleanup levels in several samples. The contaminants originate from the historic use of Aqueous Film Forming Foam (AFFF) in the vicinity of the Aircraft Rescue and Firefighting building (ARFF) on the west side the facility and the Firefighter Training Areas on the south side of the facility; groundwater concentrations of PFOS and PFOA in samples taken near these locations exceed concentrations of samples from other areas.","Site_Report_Link":"http://dec.alaska.gov/Applications/SPAR/PublicMVC/CSP/SiteReport/26816"}},{"type":"Feature","geometry":{"type":"Point","coordinates":[-147.04690397554228,64.650312904550574]},"properties":{"Site_Name":"Eielson AFB F35A Squad Ops/AMU & Propulsion MX/Dispatch Hangars","Status":"Active","Address_1":"Loop Circle; N of Bldg 1335; NE of Bldg 1338","City":"Eielson AFB","State":"AK","Zip_Code":"99702","Site_Type":"Military Installation - Base/Post/Other","Problem_Description":"UPDATE\r\nDuring the 2018 - 2019 construction season, several thousand cubic yards of PFOS contaminated soil was excavated and stockpiled for treatment or disposal.  PFOS contamination was identified in all excavation bottom confirmation samples indicating PFOS remains in soil and groundwater on the site. \r\n\r\nIn the fall of 2017, petroleum contamination was discovered during construction of two hangers at Eielson Air Force Base:  project EIE376 for the F35A Propulsion MX/Dispatch Hangar, and project EIE379 for the F35A Squad Ops/AMU Hangar.  Diesel range organics, polycyclic aromatic hydrocarbons, volatile organic compounds, per- and poly-fluoroalkyl substances have been confirmed in soil and a petroleum sheen was noted on groundwater entering excavated areas.\r\n\r\nThe site includes the following spills:\r\n\r\nSpill no. 17309926401; spill date = 9/21/17; substance = unknown; quantity = unknown; source = unknown; PPRP file no. 107.02.004; description: soil that exceeded field screening limits during construction project EIE376 for the F35A Propulsion MX/Dispatch Hangar were excavated and stockpiled according to work plan.\r\n\r\nSpill no. 17309929102; spill date = 10/18/17; substance = unknown; quantity = unknown; source = unknown; PPRP file no. 107.02.004; description: during construction project EIE379 for the F35A Squad Ops/AMU Hangar a sheen and smell were present on groundwater during excavation for building footers. Soil from the footer excavation was stockpiled in accordance with the work plan.\r\n\r\nSpill no. 18309919201; spill date = 4/1/18; substance = water containing PFOA and PFOS; quantity = 270,000,000 gallons (3 million/day for 90 days); source = dewatering discharge; PPRP file no. 107.02.004; description: dewatering activities from foundation preparation area (64.656136, -147.03559) for F35A project EIE376 Hanger Propulsion Maintenance Building caused the discharge contaminated water to an area of ~50 acres behind the E-11 tank farm (64.650937, -147.043958).  Surface water samples collected from settling ponds at culvert by Quarry Road exceeded 0.4 ug/L.","Site_Report_Link":"http://dec.alaska.gov/Applications/SPAR/PublicMVC/CSP/SiteReport/26818"}},{"type":"Feature","geometry":{"type":"Point","coordinates":[-149.68475796852391,61.254185911789079]},"properties":{"Site_Name":"JBER-Ft. Rich AFFF Area #03 Fire Station 4 Bldg 654","Status":"Active","Address_1":"Building 654; W Side of 6th Street","City":"Fort Richardson (JBER)","State":"AK","Zip_Code":"99505","Site_Type":"Military Installation - Base/Post/Other","Problem_Description":"Aqueous Film Forming Foam (AFFF) Area #03 is located on the western side of Sixth Street, and serves as the main fire station on JBER-Richardson. It is surrounded by a paved/concrete area with small grassy areas bordering to the northwest and southeast. Perfluorooctane sulfonate (PFOS) and perfluorooctanoic acid (PFOA) were detected in the soil and PFOA was detected in the groundwater during an EPA site inspection (SI) of AFFF areas which includes AFFF #03. The purpose of the SI was to determine the presence or absence of PFOS & PFOA. Extent of contamination is unknown.  Data quality is being evaluated to determine if contaminants exceed DEC cleanup levels.\r\n","Site_Report_Link":"http://dec.alaska.gov/Applications/SPAR/PublicMVC/CSP/SiteReport/26834"}},{"type":"Feature","geometry":{"type":"Point","coordinates":[-149.1587139655185,64.284988906530003]},"properties":{"Site_Name":"Clear SFS Sitewide PFAS","Status":"Active","Address_1":"Clear Space Force Station","City":"Clear","State":"AK","Zip_Code":"99704","Site_Type":"Military Installation - Base/Post/Other","Problem_Description":"This database record includes general information about per- and polyfluoroalkyl substances (PFAS) contamination at Clear Air Force Station (Clear AFS).  PFAS are a diverse group of compounds that have been used in many industrial applications and consumer products including fire-fighting foams.  Ongoing investigations are gathering information to determine the location of PFAS-contaminated sites on Clear AFS. Upon completion of the investigations, specific areas may be assigned individual Hazard IDs and tracked separately.  Please see site-specific database entries to learn more about an individual Clear AFS PFAS-contaminated sites.","Site_Report_Link":"http://dec.alaska.gov/Applications/SPAR/PublicMVC/CSP/SiteReport/26847"}},{"type":"Feature","geometry":{"type":"Point","coordinates":[-156.65263289550302,71.334340898084534]},"properties":{"Site_Name":"NARL - Sitewide PFAS","Status":"Active","Address_1":"Near Former NARL Airstrip and Imikpuk Lake","City":"Barrow","State":"AK","Zip_Code":"99723","Site_Type":"Military Installation - Base/Post/Other","Problem_Description":"This database record includes general information about per- and polyfluoroalkyl substances (PFAS) contamination at the former Naval Arctic Research Laboratory (NARL) in Utqiagvik (formerly Barrow).  \r\n\r\nIn 2016, the Navy identified Imikpuk Lake as a drinking water source within 1-mile downgradient of a known release of PFAS at the Airstrip site. In 2017, the Navy conducted an investigation of PFAS in Imikpuk Lake; during this investigation, in four out of five surface water samples PFOS and PFOA were detected at concentrations exceeding the United States Environmental Protection Agency lifetime health advisory (LHA) for drinking water of 70 parts per trillion. In September 2017, an advisory was issued to not use Imikpuk Lake as a source of drinking or cooking water. Minimal sampling of soils at the Airstrip and Powerhouse site indicate PFOS present at the Airstrip site above ADEC Cleanup Levels. Currently, the PFAS investigation has been expanded to include assessment and further investigation of eight potential PFAS release areas: three on current Navy property (at the Airstrip Site) and five on transferred property.\r\n\r\n2023 Update - All source areas investigated during the SI will continue to the RI phase. These sites include the Airstrip, Powerhouse, and the five sites on transferred property: Former FTA, Building 554, Building 142, Drum Yard, and the Powerhouse Drum Yard.\r\n\r\nUpon completion of the investigations, specific areas may be assigned individual Hazard IDs and tracked separately.  Please see site-specific database entries to learn more about an individual NARL PFAS-contaminated site.","Site_Report_Link":"http://dec.alaska.gov/Applications/SPAR/PublicMVC/CSP/SiteReport/26855"}},{"type":"Feature","geometry":{"type":"Point","coordinates":[-147.06440697631598,64.6445369048336]},"properties":{"Site_Name":"Eielson AFB Site 1 South Ramp Spray Test Area AFFF (SS310P)","Status":"Active","Address_1":"Multiple Areas Near the South Ramp; Including SW Side of Taxiway H","City":"Eielson AFB","State":"AK","Zip_Code":"99702","Site_Type":"Military Installation - Base/Post/Other","Problem_Description":"This site encompasses multiple areas where per- and polyfluoroalkyl substances (PFAS) have been found near the south ramp of Eielson Air Force Base (EAFB), including the following spills:\r\n\r\nSpill no. 16309925602; spill date = 9/12/16; substance = aqueous film forming foam (AFFF);  quantity = 0.25 gallon AFFF + 25 gallons water, no product was recovered; PPRP file no. 107.02.004; description:  AFFF mixed with water and sprayed over area of ~130 square feet.  Fire engine pump system leaked to pavement and grass when being tested. IRP tracking as AOC 17P.\r\n\r\nSpill no. 17309907501; spill date = 3/16/17; substance = perfluorooctane sulfonate (PFOS);  quantity = unknown; PPRP file no. 107.02.004; description:  During geotechnical boring historical contamination was discovered 4 feet below the ground surface. PFOS and arsenic were confirmed in soil above cleanup levels. IRP tracking as AOC 17V.\r\n\r\nTaxiway H runs along the northeast side of the ramp. The EAFB fire department has used the paved area of the ramp since the 1980s to perform spray pattern testing on its firefighting equipment. Periodic tests to certify that the spray system on each truck meets minimum performance standards are reportedly conducted on the ramp.","Site_Report_Link":"http://dec.alaska.gov/Applications/SPAR/PublicMVC/CSP/SiteReport/26857"}},{"type":"Feature","geometry":{"type":"Point","coordinates":[-147.07858497519118,64.653885904849687]},"properties":{"Site_Name":"Eielson AFB (AT304) Bldg 4378 AFFF","Status":"Active","Address_1":"Building 4378; Flightline Avenue","City":"Eielson AFB","State":"AK","Zip_Code":"99702","Site_Type":"Military Installation - Base/Post/Other","Problem_Description":"This site is comprised of several releases of aqueous film forming foam (AFFF) from a 15,000-gallon aboveground storage tank (AST) at building 4378 on Eielson Air Force Base.  The site includes the following spills:\r\n\r\nSpill no. 16309927401; spill date = 9/30/16; substance = AFFF + water; quantity = 300 gallons; source = 15,000-gallon AST;  PPRP file no. 107.02.004; description:  300 gallons of AFFF mixed with water were released due to valve failure.  Approximately 5 gallons were contained.  IRP tracking as 17O.\r\n\r\nSpill no. 16309928002; spill date = 10/6/16; substance = AFFF + water; quantity = 1 gallon; source = 15,000-gallon AST; PPRP file no. 107.02.004; description:  1 gallon of AFFF mixed with water was released due to leaking valve.  IRP tracking as 17O.","Site_Report_Link":"http://dec.alaska.gov/Applications/SPAR/PublicMVC/CSP/SiteReport/26858"}},{"type":"Feature","geometry":{"type":"Point","coordinates":[-149.84638696777407,61.23677191188515]},"properties":{"Site_Name":"JBER-Elmendorf AFFF Area #16 Bldg 6210 UST 249 & OWS","Status":"Active","Address_1":"Arctic Warrior Drive Service Station","City":"Elmendorf AFB (JBER)","State":"AK","Zip_Code":"99506","Site_Type":"Military Installation - Base/Post/Other","Problem_Description":"A 500-gallon used oil double-walled fiberglass underground storage tank (UST #249), its associated piping, and an oil water separator (OWS) were removed from the ground on August 12, 2016. Excavation activities started with the removal of the fiberglass UST. Staining or odor was not evident in the pea gravel or soil below the excavated tank and groundwater was not encountered during excavation; the excavated tank appeared to be in excellent condition upon removal. \r\n\r\nSamples taken from the bottom of the tank excavation detected trichloroethylene (TCE) above ADEC cleanup levels. Arsenic was also detected above ADEC cleanup levels, but was below the background threshold value for JBER. \r\n\r\nThe OWS, located inside the building, was removed from the concrete pad, and the inlet and outlet pipes were plumbed through to the sanitary sewer. The OWS had deteriorated and rusted in areas. Samples were collected from below the outlet pipe, inlet pipes, and bottom of the tank. Chloroform and naphthalene were detected above ADEC cleanup levels. Chloroform was detected and exceeded in the trip blank, but was not detected in any other samples. Naphthalene exceeded ADEC cleanup levels in the sample collected from the middle bottom of the OWS. \r\n\r\nDiesel range organics, residual range organics, and gasoline range organics were also detected in soil at this excavation.","Site_Report_Link":"http://dec.alaska.gov/Applications/SPAR/PublicMVC/CSP/SiteReport/26883"}},{"type":"Feature","geometry":{"type":"Point","coordinates":[-147.77985397075912,64.812435904445707]},"properties":{"Site_Name":"Bloom Enterprises Fire","Status":"Active","Address_1":"2448 Arvilla Street","City":"Fairbanks","State":"AK","Zip_Code":"99709","Site_Type":"Maintenance Yard/Shop","Problem_Description":"On 5/9/17 a spill occurred as a result of fire originating near an incinerator unit where large quantities of used vegetable oil had been stored in plastic containers. The plastic containers melted during the incident, releasing the vegetable oil. In addition, located in the laydown yard where the fire occurred, a few containers of seal coat (a petroleum-based asphalt coating) also melted.  Two fire departments were able to extinguish the fire using aqueous film forming foam (AFFF) and by overhauling the affected infrastructure. Some contamination was contained by creating berms and using a sump to collect the oil/water mixture.  Pooled product was collected using absorbent material, a rope mop skimmer, and a vacuum truck. Recovered liquids were stored in a 10,000-gallon storage tank on site for future treatment and disposal.","Site_Report_Link":"http://dec.alaska.gov/Applications/SPAR/PublicMVC/CSP/SiteReport/26896"}},{"type":"Feature","geometry":{"type":"Point","coordinates":[-147.06353897535726,64.658663905330926]},"properties":{"Site_Name":"Eielson AFB F35A Utiliduct South Loop Extension","Status":"Active","Address_1":"~0.25 Mile-Long Area S of Quarry Road, W of Cargain Road, E of Thunderbolt Road","City":"Eielson AFB","State":"AK","Zip_Code":"99702","Site_Type":"Military Installation - Base/Post/Other","Problem_Description":"Between July 12-30, 2018, as part of construction activities for the Eielson Air Force Base F35A Utiliduct South Loop Extension (EIE405), 4.6 million gallons of ground water were collected from a dewatering seep pit and then discharged to the ground surface.  The seep pit is approximately 0.25 mile in length and is located south of Quarry Road, west of Cargain Road, and east of Thunderbolt Road.  The surface discharge point was near the western end of the seepage pit, between man holes 54 and 55.  Analysis of the water discharged confirmed the presence of perfluorooctanoic acid (PFOA) and perfluorooctane sulfonate (PFOS) above DEC cleanup levels.  The source of the contaminated groundwater has not been determined.","Site_Report_Link":"http://dec.alaska.gov/Applications/SPAR/PublicMVC/CSP/SiteReport/26903"}},{"type":"Feature","geometry":{"type":"Point","coordinates":[-135.70023202959408,58.422635915601433]},"properties":{"Site_Name":"ADOT&PF Gustavus Airport Sitewide PFAS","Status":"Active","Address_1":"Gustavus Airport","City":"Gustavus","State":"AK","Zip_Code":"99826","Site_Type":"Airport/Airfield","Problem_Description":"The Alaska Department of Transportation and Public Facilities (ADOT&PF) detected perfluoro octanesulfonic acid (PFOS) and Perfluorooctanoic acid (PFOA) in drinking water at two public water system near the airport in Gustavus in July 2018. Concentrations of PFOS+PFOA exceeded the EPA's lifetime health advisory (LHA) level in public water system ID AK 2111476 known as “Gustavus Airport.” Concentrations of PFOS and PFOA were below the Lifetime Health Advisory (LHA) in public water system ID AK 2130596 known as “Gustavus Water System” that provides water to the National Park Service housing and also to the Gustavus School. The contaminants are believed to have originated from the historic use of Aqueous Film Forming Foam (AFFF) at various locations at the Gustavus Airport.\r\n\r\nThe nature and extent of the PFOS and PFOA contamination is still being determined. Quarterly groundwater and drinking water samples are collected by the ADOT. All homes that have drinking water above the EPA LHA are being provided alternate drinking water by the ADOT.  ADOT is working with Department of Administration (DOA) risk management division to install a permanent long term drinking water solution in Gustavus. In 2020, DOA sampled three potential well locations north of the airport on State of Alaska property as potential locations for a public drinking water well. DOA proposes trucking water to impacted homes from the public well. \r\n\r\nFor more information visit the ADOT&PF Gustavus webpage:\r\nhttp://dot.alaska.gov/sereg/GST-AIP_PFA/index.shtml\r\n","Site_Report_Link":"http://dec.alaska.gov/Applications/SPAR/PublicMVC/CSP/SiteReport/26904"}},{"type":"Feature","geometry":{"type":"Point","coordinates":[-135.70789003005308,58.414731915330464]},"properties":{"Site_Name":"Residence - 77 Same Old Road Gustavus","Status":"Active","Address_1":"77 Same Old Road","City":"Gustavus","State":"AK","Zip_Code":"99826","Site_Type":"Residence","Problem_Description":"During the groundwater investigation of the Gustavus Airport Per- and polyfluoroalkyl substances (PFAS) release as a result of the use of aqueous film forming foam (AFFF), the groundwater at the residence was analyzed for PFAS and the results were above the ADEC cleanup level. Release to ground surface infiltrating to groundwater resulting from fire fighting foam used by the City of Gustavus during a response to a brush fire on 5/18/15.  ","Site_Report_Link":"http://dec.alaska.gov/Applications/SPAR/PublicMVC/CSP/SiteReport/26933"}},{"type":"Feature","geometry":{"type":"Point","coordinates":[-135.36803502993999,57.054484918055778]},"properties":{"Site_Name":"USCG Air Station Sitka AFFF","Status":"Active","Address_1":"611 Airport Road","City":"Sitka","State":"AK","Zip_Code":"99835","Site_Type":"Airport/Airfield","Problem_Description":"On 10/26/2018, during a rain event, approximately 100 gallons of water mixed with 3% Chem Guard Aqueous Film Forming Foam (AFFF) were released onto the asphalt next to the US Coast Guard (USCG) hangar at the Air Station Sitka.  The release occurred during work on a pull station when an electrical arc caused the fire suppression system to energize and back flush.  Approximately 50 gallons of the AFFF/water mixture were recovered and approximately 50 gallons migrated to a drainage ditch southeast of the hangar which leads to marine water.\r\n\r\nAlthough no data has been collected from the spill path, due to the product spilled, PFAS compounds may be present.  However, due to the site's location on Japonski Island, where there is no groundwater, there is no known immediate threat to human health.\r\n\r\nIn addition, between 2004 and 2006, An aqueous film forming foam (AFFF) release from the Fire Suppression System (FSS) occurred at the Sitka Air Station.  The AFFF release to the apron from the hangar may have ultimately discharged into the treatment pond located southwest of the hangar. The amount of AFFF released was unknown.\r\n\r\nIn 2024, USCG conducted a site investigation to determine if PFAS were present in soil, groundwater, or surface water above screening and cleanup levels. Perfluorooctanesulfonic acid (PFOS) and perfluorooctanoic acid (PFOA) were detected above ADEC migration to groundwater cleanup levels in soil. Surface water and groundwater sample results were all below DEC cleanup levels.","Site_Report_Link":"http://dec.alaska.gov/Applications/SPAR/PublicMVC/CSP/SiteReport/26948"}},{"type":"Feature","geometry":{"type":"Point","coordinates":[-146.99022097651823,64.661756904982198]},"properties":{"Site_Name":"Eielson AFB F35A Bldg 6385","Status":"Active","Address_1":"Munitions Road; Bldg 6385","City":"Eielson AFB","State":"AK","Zip_Code":"99702","Site_Type":"Military Installation - Base/Post/Other","Problem_Description":"In August, 2018, during a geotechnical investigation at the site where Building 6385 (Conventional Munitions Facility) is to be constructed (EIE431), one test boring had a solvent odor at ~25 feet below ground surface.  Analysis of soil samples confirm perfluorooctanoic acid (PFOA) and arsenic above DEC cleanup levels.  The source of the contamination is unknown.\n\nA potentially related release was also discovered in May 2020 in the footprint of the former boiler room served by UST 170. The extent of the boiler room spill is not delineated and not confirmed to be from a component of this UST.\n\nSee also associated site: Eielson AFB Bldg 6385 UST 170 107.26.053, COC 1-Methylnaphthalene, DRO, Naphthalene. Note this area is outside of the Eielson PFAS plume area. Source area possibly related to the engine-driven fire suppression pumps supplied by the UST at this site. ","Site_Report_Link":"http://dec.alaska.gov/Applications/SPAR/PublicMVC/CSP/SiteReport/26951"}},{"type":"Feature","geometry":{"type":"Point","coordinates":[-147.40230797295189,64.835850904839944]},"properties":{"Site_Name":"Alyeska Nordale Storage Yard","Status":"Active","Address_1":"738 Nordale Road","City":"North Pole","State":"AK","Zip_Code":"99705","Site_Type":"Maintenance Yard/Shop","Problem_Description":"In 2018, the Alyeska Pipeline Service Company (Alyeska) nonpotable water wells known as the east well and the west well were analyzed by EPA method 537M. The drinking water sample results contained Per- and Polyfluoroalkyl Substances (PFAS) above the historic draft ADEC drinking water action level of 0.07 ug/L. This historic draft action level was a summation of five PFAS compounds: PFHpA, PFHxS, PFNA, PFOS and PFOA. In 2019, ADEC's drinking water action level was aligned with the EPA action level. The EPA action level is 0.07 ug/L for the summation of PFOS and PFOA only. The Alyeska Nordale Storage Yard is used by Alyeska for pipeline related equipment and substances. Equipment historically stored onsite includes the Tri-max compressed air foam fire suppression systems (CAFS) containing aqueous film forming foam (AFFF). It is suspected the PFAS is a result of Tri-Max CAFS AFFF releases. It is unknown whether annual Tri-Max CAFS source control fire training drills occurred at the Nordale Yard. This site is located along the Trans Alaska Pipeline corridor at pipeline milepost 460.5. \r\n","Site_Report_Link":"http://dec.alaska.gov/Applications/SPAR/PublicMVC/CSP/SiteReport/26955"}},{"type":"Feature","geometry":{"type":"Point","coordinates":[-149.15565496578529,64.288513906503226]},"properties":{"Site_Name":"Clear SFS AFFF Area #5 Sludge Drying Bed/Pit and Leach Field","Status":"Active","Address_1":"Northern End of \"C\" Road","City":"Clear","State":"AK","Zip_Code":"99704","Site_Type":"Water/Wastewater Facility","Problem_Description":"Aqueous Film Forming Foam (AFFF) Area #5 Sludge Drying Bed/Pit and Leach Field is located at the northern end of “C” Road. The Sludge Drying Beds/Pit receive waste from the sewage treatment plant and an Imhoff tank/Leach Fields that treated most of the wastewater generated by Clear AFS.\r\n\r\nThe leach fields are approximately 300 feet southeast of the sludge drying beds/pit. The leach fields are designed to spread out liquid to percolate into the ground, providing a direct pathway to subsurface soil, and after percolation, groundwater. Three leach fields have received sanitary sewage effluent from the Composite Site; however, two are not currently in use because they have reached their capacity to receive sanitary sewage. Leach fields for the Composite Site are able to receive sanitary sewage for approximately 20 years before a new leach field is required. The leach fields have received water captured by the storm drains at several locations where AFFF is known to be stored, including Fire Stations 1 and 2 (Buildings 251 and 250) and the Vehicle Wash Rack (Building 196).\r\n\r\nIn 2016, USAF conducted a site inspection for five AFFF areas at the Clear Air Force Station. AFFF Area #5 had perfluorooctanoic acid (PFOA) detections in groundwater up to 0.86 ug/L, exceeding the current (September 2018) Table C cleanup level of 0.40 ug/L.\r\n\r\nThis site includes spill no. 18309930502, spill date = 11/1/18; substance = Phos-Check fire fighting foam concentrate; quantity = 0.5 gallon; PPRP file no. 151.02.001; Description:  The release occurred at the Vehicle Wash Rack (Building 196) while a fire truck was being washed when some accidentally-activated foam went down the drain that leads to the leach field.  Waste water samples contained PFOA at 0.423 ug/L and Perfluorooctanesulfonic Acid (PFOS) at 0.459 ug/L.","Site_Report_Link":"http://dec.alaska.gov/Applications/SPAR/PublicMVC/CSP/SiteReport/26957"}},{"type":"Feature","geometry":{"type":"Point","coordinates":[-149.158946964606,64.284871906356685]},"properties":{"Site_Name":"Clear SFS AFFF Area #4 AFFF Spray Test Area (AT030P)","Status":"Active","Address_1":"SE of Curry Avenue and 5th Street Intersection; Between FT010 ISite 11) and 5th Street","City":"Clear","State":"AK","Zip_Code":"99704","Site_Type":"Military Installation - Base/Post/Other","Problem_Description":"Aqueous Film Forming Foam (AFFF) Area #4 AFFF Spray Test Area is located south and east of the intersection of Curry Avenue and 5th Street on the eastern side of Clear Air Force Station (between FT010 [Site 11] and 5th Street). In 2016, USAF conducted a site inspection for five aqueous film forming foam (AFFF) areas at the Clear Air Force Station. AFFF Area #4  had perfluorooctanoic acid (PFOA) detections in groundwater up to 2.20 ug/L, exceeding the current (September 2018) Table C cleanup level of 0.40 ug/L. ","Site_Report_Link":"http://dec.alaska.gov/Applications/SPAR/PublicMVC/CSP/SiteReport/26958"}},{"type":"Feature","geometry":{"type":"Point","coordinates":[-149.16934096571106,64.291646905859352]},"properties":{"Site_Name":"Clear SFS AFFF Area #3 Fire Station 1 (CD028P)","Status":"Active","Address_1":"S Side of Clear Highway, ~1,00 ft W of Main Gate; Building 251","City":"Clear","State":"AK","Zip_Code":"99704","Site_Type":"Military Installation - Base/Post/Other","Problem_Description":"Aqueous Film Forming Foam (AFFF) Area #3 - Fire Station 1 (Building 251) is located on the southern side of Clear Highway, approximately 1,500 feet west of the main gate on Clear AFS. Fire Station 1, constructed in 1961, serves as the main fire station for Clear AFS and houses two emergency vehicles that historically carried 25 gallons of AFFF each. In 2016, USAF conducted a site inspection for five AFFF areas at the Clear Air Force Station. AFFF Area #3 had Perfluorooctanesulfonic Acid (PFOS) and Perfluorooctanoic Acid (PFOA) detections in soil up to 0.0084 mg/kg and 0.044 mg/kg, respectively, exceeding the current (September 2018) Table B1 Migration to Groundwater cleanup levels of 0.0030 mg/kg for PFOS and 0.0017 mg/kg of PFOA.","Site_Report_Link":"http://dec.alaska.gov/Applications/SPAR/PublicMVC/CSP/SiteReport/26959"}},{"type":"Feature","geometry":{"type":"Point","coordinates":[-149.15747496613466,64.285293906581799]},"properties":{"Site_Name":"Clear SFS AFFF Area #1 Site 11 FT010 (FT010P)","Status":"Active","Address_1":"SE of Curry Avenue and 5th Street Intersection","City":"Clear","State":"AK","Zip_Code":"99704","Site_Type":"Military Installation - Base/Post/Other","Problem_Description":"Aqueous Film Forming Foam (AFFF) Area #1 (Site 11, FT010) was a 3,500-square-foot fire training pit, located south and east of the intersection of Curry Avenue and 5th Street on the eastern side of Clear Air Force Station. In 2016, USAF conducted a site inspection for five AFFF areas at the Clear Air Force Station. AFFF Area #1 had Perfluorooctanesulfonic Acid (PFOS) and Perfluorooctanoic Acid (PFOA) detections in soil up to 0.050 mg/kg and 0.0052 mg/kg, respectively, exceeding the current (September 2018) Table B1 Migration to Groundwater cleanup levels of 0.0030 mg/kg for PFOS and 0.0017 mg/kg of PFOA.","Site_Report_Link":"http://dec.alaska.gov/Applications/SPAR/PublicMVC/CSP/SiteReport/26960"}},{"type":"Feature","geometry":{"type":"Point","coordinates":[-158.5104959353323,59.043469919971272]},"properties":{"Site_Name":"ADOT&PF Dillingham Airport Sitewide PFAS","Status":"Active","Address_1":"803 Airport Road","City":"Dillingham","State":"AK","Zip_Code":"99576","Site_Type":"Airport/Airfield","Problem_Description":"Alaska Department of Environmental Conservation (DEC) drinking water well sampling at and adjacent to the Dillingham Airport detected per and polyfluoroalkyl substances (PFAS) above DEC action levels. DEC collected 10 drinking water well samples at or adjacent to the airport. Perooctanesulfonic acid (PFOS), perfluorooctanoic acid (PFOA), and perfluorobutanesulfonate (PFBS) were detected in groundwater at the Holy Rosary Church public water system (AK2263018) at a combined concentration of 185.5 ng/L. Concentrations detected in groundwater from other wells sampled did not exceed DEC action levels. The Holy Rosary Church public water system has been shut down and alternative water is being sourced from a different location. The contaminants are believed to have originated from the historic use of Aqueous Film Forming Foam (AFFF) at various locations at the Dillingham Airport.\r\n\r\nTwo DOT&PF-led follow-up sampling events were conducted in 2019 to investigate the entire area around the Dillingham airport for PFAS compounds. The initial DOT&PF-led sampling reported the combined totals for 5 PFAS compounds and the most recent sampling event reported PFOA and PFOS only as prescribed by the updated April 2019 PFAS Tech Memo. All well owners exceeding their respective Action Level (n = 7) have been contacted and provided an alternative water source. The most recent sampling event showed no new exceedances so the sampling area will not be expanded further. DOT&PF intends to begin a feasibility study into long-term drinking water options for the impacted well owners.\r\n\r\n","Site_Report_Link":"http://dec.alaska.gov/Applications/SPAR/PublicMVC/CSP/SiteReport/26971"}},{"type":"Feature","geometry":{"type":"Point","coordinates":[-156.65099994316876,58.676999919473602]},"properties":{"Site_Name":"ADOT&PF King Salmon Airport Sitewide PFAS","Status":"Active","Address_1":"1 King Salmon Airport Road","City":"King Salmon","State":"AK","Zip_Code":"99613","Site_Type":"Airport/Airfield","Problem_Description":"Alaska Department of Environmental Conservation (ADEC) drinking water well sampling at and adjacent to the King Salmon Airport detected per and polyfluoroalkyl substances (PFAS) above ADEC action levels. ADEC collected 9 drinking water well samples at or adjacent to the airport. Perfluoroheptanoic acid, Perfluorohexanesulfonate, and Perfluorooctanoic acid were detected in groundwater at Charlie's Sport Shop at a combined concentration of 154 ng/L. Concentrations detected in groundwater from other wells sampled did not exceed ADEC action levels. The contaminants are believed to have originated from the historic use of Aqueous Film Forming Foam (AFFF) at various locations at the King Salmon Airport. \r\n\r\nAs of January 2019, investigation is ongoing. The Alaska Department of Transportation and Public Facilities (ADOT&PF) is working with an environmental consulting firm and ADEC to identify and sample other private water wells that may have been affected and develop a long-term alternative water source.  ","Site_Report_Link":"http://dec.alaska.gov/Applications/SPAR/PublicMVC/CSP/SiteReport/26981"}},{"type":"Feature","geometry":{"type":"Point","coordinates":[-147.09592197568853,64.672639904692275]},"properties":{"Site_Name":"Eielson AFB AFFF Area #1 Air National Guard Hangar Bldg 1171 (SS314P)","Status":"Active","Address_1":"2629 Flightline Avenue","City":"Eielson AFB","State":"AK","Zip_Code":"99702","Site_Type":"Military Installation - Base/Post/Other","Problem_Description":"The Eielson Air Force Base Air National Guard (ANG) Hangar (Building 1171) was constructed in 1997, and is equipped with an aqueous film forming foam (AFFF) fire suppression system. The system includes overhead sprinklers and an 800-gallon tank of AFFF concentrate. A minor fire suppression system discharge occurred from a sprinkler in the mechanical room (date unknown), after which a “small amount of foam” was found on the mechanical room floor.  Standard practice for small AFFF spills was to clean up with absorbent pads, which were then taken to Hazardous Materials Storage (Building 3446) for disposal. However, because cleanup documentation for this discharge is not available, it is unknown whether any AFFF was released through the mechanical room door, located on the eastern side of the building.","Site_Report_Link":"http://dec.alaska.gov/Applications/SPAR/PublicMVC/CSP/SiteReport/26986"}},{"type":"Feature","geometry":{"type":"Point","coordinates":[-147.09390497526977,64.670069904508765]},"properties":{"Site_Name":"Eielson AFB AFFF Area #2 Air National Guard KC135 Hangar Bldg 1176 (SS303P)","Status":"Active","Address_1":"2665 Flightline Avenue","City":"Eielson AFB","State":"AK","Zip_Code":"99702","Site_Type":"Military Installation - Base/Post/Other","Problem_Description":"The Eielson Air Force Base Air National Guard KC135 Hangar Building 1176 (EP303) hangar was equipped with an aqueous film forming foam (AFFF) fire suppression system that included two foam cannons and an overhead sprinkler system.  However, the hangar was converted to a high-expansion foam (HEF) system (which does not contain Per- and Polyfluoroalkyl Substances (PFAS)) after 2006. One AFFF release occurred in the mid-1990s when the system activated and reportedly produced 20 (vertical) feet of foam in the hangar (quantity of concentrate unknown). The release was partially contained by floor drains; however, some foam was pushed out the west doors and may have drained to nearby grassy areas.","Site_Report_Link":"http://dec.alaska.gov/Applications/SPAR/PublicMVC/CSP/SiteReport/26988"}},{"type":"Feature","geometry":{"type":"Point","coordinates":[-147.0916139748355,64.666857904998395]},"properties":{"Site_Name":"Eielson AFB AFFF Area #5 Fire Station 1 Bldg 1206 (SS313P)","Status":"Active","Address_1":"2723 Flightline Avenue","City":"Eielson AFB","State":"AK","Zip_Code":"99702","Site_Type":"Military Installation - Base/Post/Other","Problem_Description":"Eielson Air Force Base Fire Station 1 (Building 1206) formerly had a 2,000-gallon aqueous film forming foam (AFFF) underground storage tank (UST) located along the northern side of the building, which was closed in place in 1996. The former AFFF UST was rumored to have foamed over at some time in the past. On October 18, 2016, approximately 10 gallons of an AFFF/water mixture was released from a firefighting truck to pavement and soil on the airfield side of Fire Station 1 during routine testing of firefighting equipment. The nearest drinking well (Well E) is 1,670 feet upgradient (east-southeast) of the location.\r\n\r\nWith DEC approval, ~50 cubic yards of soil with Perfluorooctanesulfonic Acid (PFOS)-containing AFFF concentrate were excavated and sent to for off-site thermal remediation as an experiment to see if thermal remediation will work for PFOS.\r\n\r\nSite was formerly referred to as \"Eielson AFB AFFF Area #5 Fire Station 1 Bldg 1206 (EP303)\" but updated to reflect Air Force's change in site identifier from EP303 to SS313P. ","Site_Report_Link":"http://dec.alaska.gov/Applications/SPAR/PublicMVC/CSP/SiteReport/26989"}},{"type":"Feature","geometry":{"type":"Point","coordinates":[-147.09267797488707,64.667469904598036]},"properties":{"Site_Name":"Eielson AFB Site 3 Former Ball Field Spray Test Area (SS306P)","Status":"Active","Address_1":"Flightline Avenue; NNW of Bulilding 1206","City":"Eielson AFB","State":"AK","Zip_Code":"99702","Site_Type":"Military Installation - Base/Post/Other","Problem_Description":"In the 1980s, the Eielson Air Force Base (EAFB) fire department reportedly performed multiple aqueous film forming foam (AFFF) spray pattern tests in an old ball field north of and adjacent to Fire Station #1 (Building 1206). Anecdotal information indicates that\r\nthe AFFF may have spread beyond the ball field area. A significant portion of surface water runoff at EAFB enters Garrison Slough.","Site_Report_Link":"http://dec.alaska.gov/Applications/SPAR/PublicMVC/CSP/SiteReport/26990"}},{"type":"Feature","geometry":{"type":"Point","coordinates":[-147.11171297480101,64.675795904985875]},"properties":{"Site_Name":"Eielson AFB Site 4 Foamed Runway (SS312P)","Status":"Active","Address_1":"North/South Runway 14/32","City":"Eielson AFB","State":"AK","Zip_Code":"99702","Site_Type":"Military Installation - Base/Post/Other","Problem_Description":"The North-South runway (Runway 14/32) at Eielson Air Force Base was foamed with aqueous film forming foam (AFFF) as a precautionary measure when a KC135 was preparing to land with potentially disabled landing gear. The landing gear operated correctly, and the aircraft landed without incident.","Site_Report_Link":"http://dec.alaska.gov/Applications/SPAR/PublicMVC/CSP/SiteReport/26991"}},{"type":"Feature","geometry":{"type":"Point","coordinates":[-147.09799497556915,64.676695904648867]},"properties":{"Site_Name":"Eielson AFB AFFF Area #14 Thunderdome Bldg 1140 (SS309P)","Status":"Active","Address_1":"2511 Flightline Avenue","City":"Eielson AFB","State":"AK","Zip_Code":"99702","Site_Type":"Military Installation - Base/Post/Other","Problem_Description":"The Thunderdome hangar (Building 1140) at Eielson Air Force Base is equipped with an aqueous film forming foam (AFFF) fire suppression system that includes two foam cannons and an overhead sprinkler system. The storage tank in the mechanical room holds 1,500 gallons of AFFF concentrate.  Based on historical accounts, there have been two known discharges within the Thunderdome. The first discharge was an intentional demonstration in 1988 or 1989.  The second discharge was an accidental system activation in 2005. During the first discharge, some AFFF was captured by hangar drains, but some also was pushed out hangar doors (it is unknown which doors) and drained into the possible French drain that is connected to an oil-water separator tank (AFCEC, 2015a). The quantities discharged within and outside of the hangar are unknown, although they were both considered “large” (AFCEC, 2015a). Some AFFF may have been washed off the pavement to surrounding\r\ngrassy areas.","Site_Report_Link":"http://dec.alaska.gov/Applications/SPAR/PublicMVC/CSP/SiteReport/26992"}},{"type":"Feature","geometry":{"type":"Point","coordinates":[-147.09469897588184,64.666404905315289]},"properties":{"Site_Name":"Eielson AFB Site 2 KC135 Fire (SS311P)","Status":"Active","Address_1":"Aircraft Parkin Apron, N of Intersection of Taxiways C & F","City":"Eielson AFB","State":"AK","Zip_Code":"99702","Site_Type":"Military Installation - Base/Post/Other","Problem_Description":"In 1989, while shutting down the engines in a KC-135 Stratotanker, an overheated fuel pump exploded causing a fire in the aircraft. An unknown quantity of aqueous film forming foam (AFFF) was used to extinguish the fire. The incident occurred on the aircraft parking apron just north of the intersection of Taxiway C and Taxiway F.","Site_Report_Link":"http://dec.alaska.gov/Applications/SPAR/PublicMVC/CSP/SiteReport/26996"}},{"type":"Feature","geometry":{"type":"Point","coordinates":[-147.07363797570466,64.652934904849403]},"properties":{"Site_Name":"Eielson AFB AFFF Area #4 Fire Training Area (FT009) & Former Base Landfill (LF003)","Status":"Active","Address_1":"~1,200 Ft N of Taxiway Refeuling Loop & ~700 Ft E of S End of Runway","City":"Eielson AFB","State":"AK","Zip_Code":"99702","Site_Type":"Military Installation - Base/Post/Other","Problem_Description":"Fire training exercises at the Fire Training Area (FTA) began in 1955 and historical accounts indicate that the exercises involved burning waste oils, contaminated fuels, and spent solvents. Procedures involved saturating the ground with approximately 5,000 gallons of water, applying fuel, burning the fuel for 30 seconds, and extinguishing it with foam. Aqueous film forming foam (AFFF) use is likely to have occurred starting in the mid-1970s. The previous FTA was replaced by a new, lined fire training facility in 1995.\r\n\r\nThe landfill was used as the main Base landfill from 1967 to 1987, receiving household garbage, scrap lumber and metal, construction debris, concrete slabs, empty cans, and drums from flightline industrial shops, as well as possibly waste oils, spent solvents, and paint residues and thinners. The subsurface landfill was unlined and contained several excavated areas and trenches for disposal, which reportedly reached below the water table. Potential per- and polyfluoroalkyl substances (PFAS) contamination may be associated with fire training exercises that were reported to have been conducted in the same area as the landfill operations between 1967 and 1976. A historical aerial photograph dated 1959 shows a stained area that is a potential location of a burn pit within the landfill area, separate from the FTA. Additionally, the landfill may contribute to PFAS contamination from other materials containing PFAS within the former main Base landfill.","Site_Report_Link":"http://dec.alaska.gov/Applications/SPAR/PublicMVC/CSP/SiteReport/26997"}},{"type":"Feature","geometry":{"type":"Point","coordinates":[-147.08832897603287,64.67973290511928]},"properties":{"Site_Name":"Eielson AFB AFFF Area #6 Former Adak Bldg Fire (SS302P)","Status":"Active","Address_1":"640 North Street","City":"Eielson AFB","State":"AK","Zip_Code":"99702","Site_Type":"Military Installation - Base/Post/Other","Problem_Description":"In 1987 or 1988, a fire occurred at the Former Adak Building. At the time, the building was a warehouse used to store propane and other hazardous materials. The fire reportedly burned for 10 to 12 hours and the building was a total loss. Aqueous film forming foam (AFFF) was used to extinguish the fire. The volume of AFFF used to fight the former Adak Building fire is unknown, but it may have been significant given the amount of time and effort required to extinguish the fire. A previous fire occurred at this location in 1971 and was extinguished with limited damage to the building. The material used to fight the 1971 fire is unknown, but during the early 1970s the amount of AFFF stock was generally limited because stocks of protein foam were used first.","Site_Report_Link":"http://dec.alaska.gov/Applications/SPAR/PublicMVC/CSP/SiteReport/26998"}},{"type":"Feature","geometry":{"type":"Point","coordinates":[-147.08081397601069,64.655481904642286]},"properties":{"Site_Name":"Eielson AFB AFFF Area #7 Former Fire Station 1 (FT092)","Status":"Active","Address_1":"Traffic Roundabout NE of Bldg 4370, W of Flightline Avenue","City":"Eielson AFB","State":"AK","Zip_Code":"99702","Site_Type":"Military Installation - Base/Post/Other","Problem_Description":"Former Fire Station 1 was operated in support of flightline activities until approximately 1980, but has subsequently been torn down. Little information is available on construction and operations at the former Fire Station 1, although there have been no known releases of aqueous film forming foam (AFFF).\r\n\r\nFrom the 2024 RIRA: \r\nThe 2017 remedial investigation (RI) fieldwork at Source Areas FT092 and DD097 at Eielson\r\nAir Force Base (AFB), Alaska, was conducted between May and October 2017. The source\r\nareas were investigated together because they entered the investigative process at the same time,\r\nare located within a close proximity on Eielson AFB, and are both subject to the three-party\r\nFederal Facility Agreement (U.S. Air Force [USAF] 1991). The 2017 Remedial\r\nInvestigation/Risk Assessment Report for Source Areas FT092 and DD097, Final, Revision 1\r\nwas completed in July 2019 (USAF 2019b). The USAF requested revisions for Source\r\nArea DD097 to include a re-screening of analytical results in comparison to U.S. Environmental\r\nProtection Agency regional screening levels and background threshold values, as well as a\r\nscreening level ecological risk assessment. Henceforth, all mentions of Source Area FT092 will\r\nbe excluded from this revised RI/risk assessment.\r\n\r\nResults of the 2016 source evaluations conducted at Source Area DD097 were used to guide RI\r\nfield activities. The RI was conducted to determine the physical extents and concentration levels\r\nof contamination; further develop conceptual site models; and provide sufficient quantity and\r\nspatial distribution of data to complete baseline human health risk assessments (HHRAs),\r\necological risk assessment (ERA), and supplement future feasibility studies, proposed plans,\r\nand Records of Decision, if required, at this source area.\r\n\r\nAt Source Area DD097, the drainage ditch immediately north of the corrosion control facility\r\nand the drainage ditch across Loop Access Road were investigated based on anecdotal\r\ninformation that indicated spent sand blasting material had been dumped into these ditches.\r\nBenzo(a)pyrene was detected above project screening levels in surface soil in the grassy area\r\nadjacent to the corrosion control facility and immediately south and east of the drainage ditch;\r\nthese contaminants have been delineated with the exception of a clean boundary north of\r\nDD097 SS15.\r\n\r\nAlthough lead and hexavalent chromium were detected above Alaska Department of\r\nEnvironmental Conservation human health cleanup levels, the results of the HHRA and ERA\r\nindicate neither of these contaminants nor any other source-area-related analytes pose a risk in\r\nsoil or groundwater at Source Area DD097.","Site_Report_Link":"http://dec.alaska.gov/Applications/SPAR/PublicMVC/CSP/SiteReport/26999"}},{"type":"Feature","geometry":{"type":"Point","coordinates":[-147.07510597609772,64.657428905257618]},"properties":{"Site_Name":"Eielson AFB AFFF Area #8 Former Fire Training Area Near Antenna Farm (FT092)","Status":"Active","Address_1":"Within SS037; S of Bldg 384","City":"Eielson AFB","State":"AK","Zip_Code":"99702","Site_Type":"Military Installation - Base/Post/Other","Problem_Description":"The former fire training area (FTA) was identified during the 1998 Utilidor investigation. During the investigation locations were identified that were used for fire training exercises during the late 1970s. In addition to two fire training pits near the current Entomology Building, the Assistant Fire Chief indicated that a third area, south of what is now the Antenna Farm, had also been used to burn “unknown liquid wastes” that were accumulated at the location during the week and were then burned during weekend training exercises. The method of extinguishing flames at the former FTA was not indicated, but aqueous film forming foam (AFFF) may have been in use during the late 1970s at Eielson Air Force Base and was therefore likely used in training exercises during that timeframe. The burn areas appear to have been unlined, and if used, AFFF was likely released to the environment. Biosolids land spreading, which could be an additional source of per- and polyfluoroalkyl substances (PFAS), also is permitted and may have occurred in this area.","Site_Report_Link":"http://dec.alaska.gov/Applications/SPAR/PublicMVC/CSP/SiteReport/27000"}},{"type":"Feature","geometry":{"type":"Point","coordinates":[-147.07707297504803,64.655533904867383]},"properties":{"Site_Name":"Eielson AFB AFFF Area #9 Former Fire Training Areas Near Entomology Bldg 4335 (FT092)","Status":"Active","Address_1":"Within SS037; Near Bldg 4335","City":"Eielson AFB","State":"AK","Zip_Code":"99702","Site_Type":"Military Installation - Base/Post/Other","Problem_Description":"Three fire training areas (FTAs) were identified during the 1997 Utilidor investigation. The method of extinguishing the flames in the FTAs were not indicated, but foam, including aqueous film forming foam (AFFF), may have been in use during the late 1970s at Eielson Air Force Base. In addition to fire training activities, drum storage and asphalt mixing also occurred in this vicinity, and several underground storage tanks containing fuels and solvents were found and removed.","Site_Report_Link":"http://dec.alaska.gov/Applications/SPAR/PublicMVC/CSP/SiteReport/27001"}},{"type":"Feature","geometry":{"type":"Point","coordinates":[-147.07906597535171,64.651740904784376]},"properties":{"Site_Name":"Eielson AFB AFFF Area #10 Fuel Pump House Bldg 1246 (SS307P)","Status":"Active","Address_1":"297 Flightline Avenue","City":"Eielson AFB","State":"AK","Zip_Code":"99702","Site_Type":"Military Installation - Base/Post/Other","Problem_Description":"Building 1246 had an aqueous film forming foam (AFFF) system consisting of overhead sprinklers at pumps, a 550-gallon storage tank, and pipeline carrying AFFF to the JP-4 fuel storage tanks. The AFFF system at the fuel pump house was taken out of service at an unknown date after the system was inadvertently activated and AFFF was sent through the under-street piping into the tank farm, containing two JP-4 tanks, and ultimately mixed with the fuel. Protocols for draining the pipes consisted of connecting hoses to the pipeline and draining to dedicated 500-gallon totes, which are then sent to the hazardous materials storage and eventually off-site for disposal. \r\n\r\n","Site_Report_Link":"http://dec.alaska.gov/Applications/SPAR/PublicMVC/CSP/SiteReport/27002"}},{"type":"Feature","geometry":{"type":"Point","coordinates":[-147.06015897527925,64.650890905312167]},"properties":{"Site_Name":"Eielson AFB AFFF Area #12 Hangar Bldg 1344 (SS305P)","Status":"Active","Address_1":"588 Loop Access Road","City":"Eielson AFB","State":"AK","Zip_Code":"99702","Site_Type":"Military Installation - Base/Post/Other","Problem_Description":"Around 2000, a system failure resulted in a discharge of aqueous film forming foam (AFFF) concentrate within the mechanical room. The discharge (small, unknown quantity) was contained by the floor drain. One or possibly two larger (quantity unknown) discharges occurred in either 2005 or 2007 and/or 2009. The discharge(s) were described as being partially contained by floor drains, which are connected to the sanitary drains and ultimately lead to the wastewater treatment plant; however, some foam was pushed out the door to the north and may have reached the grassy drainage area to the north of the hangar.","Site_Report_Link":"http://dec.alaska.gov/Applications/SPAR/PublicMVC/CSP/SiteReport/27003"}},{"type":"Feature","geometry":{"type":"Point","coordinates":[-147.11917397450165,64.69508190494237]},"properties":{"Site_Name":"Eielson AFB AFFF Area #15 Wastewater Treatment Plant & Biosolids Land Spreading Area (EP301)","Status":"Active","Address_1":"2081 Kijik Loop","City":"Eielson AFB","State":"AK","Zip_Code":"99702","Site_Type":"Military Installation - Base/Post/Other","Problem_Description":"The waste water treatment plant (WWTP) and Biosolids Land Spreading aqueous film forming foam (AFFF) area consists of multiple areas affected by activities related to management of wastewater and associated biosolids. In addition to sewage, the WWTP currently receives wastewater from drains within hangars that have or have had AFFF systems. As a result, per- and polyfluoroalkyl substances (PFAS)-contaminated water from these locations has likely reached the WWTP. The WWTP has drying beds for the biosolids sludge.  After drying, the biosolids are permitted for land spreading in areas around the WWTP and ponds; across Central Avenue from the WWTP; along the northern side of Central Avenue; around the flightline within the fenced area, northeast of the south ramp to Loop Access Road; the area around Outer Loop Road, LF003; and near the WWTP.","Site_Report_Link":"http://dec.alaska.gov/Applications/SPAR/PublicMVC/CSP/SiteReport/27004"}},{"type":"Feature","geometry":{"type":"Point","coordinates":[-139.66830001286542,59.508595912712394]},"properties":{"Site_Name":"ADOT&PF Yakutat Airport Sitewide PFAS","Status":"Active","Address_1":"997 Airport Road","City":"Yakutat","State":"AK","Zip_Code":"99689","Site_Type":"Airport/Airfield","Problem_Description":"In February 2019, Alaska Department of Environmental Conservation (DEC) sampling of potable wells in the immediate vicinity of the Yakutat detected per and polyfluoroalkyl substances (PFAS) up to 90 parts per trillion.  The contaminants are believed to have originated from the historic use of Aqueous Film Forming Foam (AFFF) at various locations at the Yakutat Airport.","Site_Report_Link":"http://dec.alaska.gov/Applications/SPAR/PublicMVC/CSP/SiteReport/27090"}},{"type":"Feature","geometry":{"type":"Point","coordinates":[-151.24768396189839,60.572019913173179]},"properties":{"Site_Name":"City of Kenai Airport Sitewide PFAS","Status":"Informational","Address_1":"305 North Willow Street","City":"Kenai","State":"AK","Zip_Code":"99611","Site_Type":"Airport/Airfield","Problem_Description":"In November 2018, Alaska Department of Environmental Conservation (DEC) sampling of potable wells in the immediate vicinity of the Kenai municipal airport and Kenai fire training center did not detect concentrations of any per- and poly-fluoroalkyl substances (PFAS), with the exception of perfluorohexanoic acid of 0.9 and 0.45 parts per trillion in two wells. There is no screening level for perfluorohexanoic acid. The contaminants are believed to have originated from the historic use of Aqueous Film Forming Foam (AFFF) at various locations at the Kenai municipal airport.","Site_Report_Link":"http://dec.alaska.gov/Applications/SPAR/PublicMVC/CSP/SiteReport/27093"}},{"type":"Feature","geometry":{"type":"Point","coordinates":[-146.24476198424315,61.134214911065257]},"properties":{"Site_Name":"ADOT&PF Valdez Airport Sitewide PFAS","Status":"Active","Address_1":"300 Airport Road","City":"Valdez","State":"AK","Zip_Code":"99686","Site_Type":"Refinery Operation","Problem_Description":"In November 2018, the Alaska Department of Environmental Conservation (DEC) collected water samples of potable wells in the immediate vicinity of the Alaska Department of Transportation & Public Facilities (ADOT&PF) Valdez Pioneer Field airport. Low-level concentrations of per- and poly-fluoroalkyl substances (PFAS), were found in three wells; however, none of the detections were above screening levels. The contaminants are believed to have originated from the historic use of Aqueous Film Forming Foam (AFFF) at various locations at the Valdez Pioneer Field airport.","Site_Report_Link":"http://dec.alaska.gov/Applications/SPAR/PublicMVC/CSP/SiteReport/27095"}},{"type":"Feature","geometry":{"type":"Point","coordinates":[-148.28296696721711,65.310845904098599]},"properties":{"Site_Name":"Alyeska PS 07 Sitewide PFAS","Status":"Active","Address_1":"Pump Station 07; Near MP 42 Elliott Highway; Alyeska Pipeline MP 414.2","City":"Minto","State":"AK","Zip_Code":"99758","Site_Type":"Crude Oil Terminal","Problem_Description":"In 2018, drinking water samples collected from the onsite potable well at alyeska Pump Station 7 (PS 07) contained perfluorooctanic acid (PFOA) and perfluorooctane sulfonic acid (PFOS) above EPA lifetime health advisory levels and ADEC Table C groundwater cleanup levels. Monitoring wells advanced adjacent to the drinking water wells also contained PFOA and PFOS above EPA lifetime health advisory levels and ADEC Table C groundwater cleanup levels. The PFOS/PFOA source point is unknown, but expected to be the result of aqueous film forming foam (AFFF) releases. Pump Station 07 (PS07) has a fixed fire suppression system with AFFF to protect critical areas including manifold buildings and other crude process areas. The AFFF PS 07 is stored in the northwest corner of the Shop/Warehouse Building located south of the facility drinking water well. Note: the PS 07 former fire training area is not suspected of being a source. This site is located 1,500 feet downgradient - 100 feet lower than the PS 07 pad. Soil samples collected from the former fire training area have never contained contaminant concentrations above ADEC method two migration to groundwater cleanup levels. See Hazard ID 26733 / file 330.38.143 for more information regarding the former fire training area.","Site_Report_Link":"http://dec.alaska.gov/Applications/SPAR/PublicMVC/CSP/SiteReport/27101"}},{"type":"Feature","geometry":{"type":"Point","coordinates":[-134.61647003352766,58.370331915347343]},"properties":{"Site_Name":"CBJ Hagevig Fire Training Center PFAS","Status":"Active","Address_1":"2601 Sherwood Lane","City":"Juneau","State":"AK","Zip_Code":"99801","Site_Type":"Commercial/Retail/Office ","Problem_Description":"In June 2019, per- and polyfluoroalkyl substances (PFAS) compounds were discovered on site at the City and Borough of Juneau Hagevig Fire Training Center as a result of the use of aqueous film forming foam (AFFF) during regular fire training activities.  Perfluorooctanesulfonic acid (PFOS) was confirmed in soil and ground water above DEC cleanup levels.  ","Site_Report_Link":"http://dec.alaska.gov/Applications/SPAR/PublicMVC/CSP/SiteReport/27107"}},{"type":"Feature","geometry":{"type":"Point","coordinates":[-145.47571298847413,60.492082911494407]},"properties":{"Site_Name":"ADOT&PF Cordova Airport Sitewide PFAS","Status":"Informational","Address_1":"Mile 13 Copper River Highway; Cordova Airport","City":"Cordova","State":"AK","Zip_Code":"99574","Site_Type":"Airport/Airfield","Problem_Description":"In February 2019, Alaska Department of Environmental Conservation (DEC) collected water samples from potable wells in the immediate vicinity of the Alaska Department of Transportation and Public Facilities (ADOT&PF) Cordova Airport. Analytical sample results showed that there were no detections of any per- or polyfluoroalkyl substances (PFAS) in any of the wells that were sampled. ","Site_Report_Link":"http://dec.alaska.gov/Applications/SPAR/PublicMVC/CSP/SiteReport/27114"}},{"type":"Feature","geometry":{"type":"Point","coordinates":[-149.98103396666747,61.173646911735389]},"properties":{"Site_Name":"AIA Anchorage Airport Sitewide PFAS","Status":"Active","Address_1":"5000 West International Airport Road","City":"Anchorage","State":"AK","Zip_Code":"99502","Site_Type":"Airport/Airfield","Problem_Description":"Concern over the use of aqueous film forming foam (AFFF) as a fire retardant at the Ted Steven Anchorage International Airport (ANC) has resulted in preliminary investigative sampling performed by AIA personnel for per- or polyfluoroalkyl substances (PFAS). \r\n\r\nThe Aircraft Rescue and Fire Fighting Training Facility (ARFF) has been identified as a source of PFAS with 23,000 parts per trillion (ppt) perfluoroctanesulfonic acid (PFOS) indicated in shallow groundwater, 6,600 ppt in surface water, and 0.18 milligram per kilogram in soil. Sampling indicates the presence of other PFAS sources at ANC not yet identified. Site work for the ARFF building contaminated site will be tracked under file number 2100.38.028.39.\r\n\r\nTo date groundwater sampling for PFAS at ANC has otherwise included the Fire Training Facility (2100.38.028.26) and well MW-6 at the AIA landspreading area (2100.38.028.03), and drinking water at the Salvation Army Clitheroe Center and Amateur Radio Club. Results were below action levels, or not detected. \r\n\r\nThe purpose of this Hazard ID is to document results of sampling activities related to PFAS at AIA. Source areas may be split into individual sites as they are identified.\r\n\r\n","Site_Report_Link":"http://dec.alaska.gov/Applications/SPAR/PublicMVC/CSP/SiteReport/27120"}},{"type":"Feature","geometry":{"type":"Point","coordinates":[-134.5802540347089,58.356291915192166]},"properties":{"Site_Name":"CBJ Juneau Airport Sitewide PFAS","Status":"Active","Address_1":"1873 Shell Simmons Drive","City":"Juneau","State":"AK","Zip_Code":"99801","Site_Type":"Airport/Airfield","Problem_Description":"The Juneau International Airport (JIA) is a part of 139 airport and as such, is required to use firefighting foams that meet military specifications, and to test the fire suppression systems periodically.  Although JIA currently uses an aqueous film forming foam (AFFF) that does not contain or break down into perfluorooctane sulfonate (PFOS) or perfluoroctanoic acid (PFOA), historic training activities may have included use of foams containing PFOA, PFOS, and/or other fluorocarbons and their breakdown products.  A per- or polyfluoroalkyl substances (PFAS) investigation is underway.  At this time PFAS has been confirmed above DEC cleanup levels. ","Site_Report_Link":"http://dec.alaska.gov/Applications/SPAR/PublicMVC/CSP/SiteReport/27125"}},{"type":"Feature","geometry":{"type":"Point","coordinates":[-161.83739991634926,60.775899919364463]},"properties":{"Site_Name":"ADOT&PF Bethel Airport Grant Aviation Plane Crash PFAS","Status":"Active","Address_1":"3521 Chief Eddy Hoffman Highway","City":"Bethel","State":"AK","Zip_Code":"99559","Site_Type":"Airport/Airfield","Problem_Description":"On July 8, 2019 approximately 80 gallons of a 3% solution of aqueous film forming foam (AFFF) containing per- and polyfluoroalkyl substances (PFAS) was released to the ground during aircraft fire at the Bethel airport.  The Grant Aviation aircraft crash-landed and was on an unpaved area adjacent to the runway when the foam was applied to the fire.  ","Site_Report_Link":"http://dec.alaska.gov/Applications/SPAR/PublicMVC/CSP/SiteReport/27139"}},{"type":"Feature","geometry":{"type":"Point","coordinates":[-165.44465488416478,64.510640916347583]},"properties":{"Site_Name":"Nome Airport Sitewide PFAS","Status":"Active","Address_1":"227 Airport Road","City":"Nome","State":"AK","Zip_Code":"99762","Site_Type":"Airport/Airfield","Problem_Description":"The Alaska Army National Guard (AKANG) completed a preliminary assessment for per- or polyfluoroalkyl substances (PFAS) at the Nome Army Aviation Operating Facility at the Nome Airport. The preliminary assessment indicated that current and former AKANG activities did not contribute to potential PFAS contamination in the AKANG facility and adjacent area. The preliminary assessment also indicated that the Nome Airport Fire Department Aqueous Film Forming Foam (AFFF) Spray Area and the Nome Airport Fire Department may be sources of PFAS contamination. Analytical sampling was not completed.\r\n\r\nThe purpose of this Hazard ID is to document investigative and characterization activities related to PFAS at the Nome Airport facility. Source areas may be split into individual Hazard IDs if they are identified.\r\n","Site_Report_Link":"http://dec.alaska.gov/Applications/SPAR/PublicMVC/CSP/SiteReport/27154"}},{"type":"Feature","geometry":{"type":"Point","coordinates":[-161.83668291687633,60.779478919018842]},"properties":{"Site_Name":"ADOT&PF Bethel Airport Sitewide PFAS","Status":"Active","Address_1":"Bethel Airport; Chief Eddie Hoffman Highway","City":"Bethel","State":"AK","Zip_Code":"99559","Site_Type":"Airport/Airfield","Problem_Description":"The Alaska Army National Guard (AKANG) completed a preliminary assessment for per- or polyfluoroalkyl substances (PFAS) at the Bethel Army Aviation Operating Facility at the Bethel Airport. The preliminary assessment indicated that current and former AKANG activities did not contribute to potential PFAS contamination in the AKANG facility and adjacent area. The preliminary assessment also indicated that the Bethel Airport Fire Department and the Skyvan Crash area may be sources of PFAS contamination. Analytical sampling was not completed.\r\n\r\nDuring summer 2020, ADOT conducted geotechnical drill across both runways in preparation for reconstruction in 2021. Soil samples were collected at each drilling location and tested for PFOA and PFOS.  PFOA and PFOS were widely detected across the entire Bethel Airport at concentrations below the ADEC cleanup levels. PFOS exceeded the 3.0 µg/kg cleanup level in two test borings along Runway 1L/19R between Taxiways D and the intersection with Runway 12/30 at 13 and 25 µg/kg. PFOA exceeded the 1.7 µg/kg cleanup level in one test boring on Taxiway D. \r\n\r\nThe purpose of this Hazard ID is to document investigative and characterization activities related to PFAS at the Bethel Airport facility. Source areas may be split into individual Hazard IDs if they are identified.\r\n","Site_Report_Link":"http://dec.alaska.gov/Applications/SPAR/PublicMVC/CSP/SiteReport/27155"}},{"type":"Feature","geometry":{"type":"Point","coordinates":[-147.35715797368476,64.754984904792849]},"properties":{"Site_Name":"City of North Pole Fire Station PFAS","Status":"Active","Address_1":"110 Lewis Street","City":"North Pole","State":"AK","Zip_Code":"99705","Site_Type":"Other","Problem_Description":"During summer 2018, DEC sampled a selection of monitoring wells and private wells in North Pole, down gradient from the former refinery. While per- or polyfluoroalkyl substances (PFAS) were widely detected, all Perfluorooctanesulfonic Acid (PFOS) & Perfluorooctanoic Acid (PFOA) combined results were below 70 parts per trillion (ppt), except for monitoring well MW-316, located along Cross Way, just downgradient of the City of North Pole's Fire Station. At the 15-foot depth interval, this well had PFOS & PFOA concentration of 1,070 ppt (and a total detected PFAS concentration of 4,341 ppt, with a Perfluorononanoic Acid PFNA concentration of 2,400 ppt), suggesting a release had occurred upgradient. During 2020, onsite investigations confirmed PFAS was present in both soil and groundwater above cleanup levels. PFOS and PFOA are present in soil at 7.4 and 9.1 mg/kg, respectively. PFOS and PFOA are present in groundwater at 140,000J and 2,100 ng/L, respectively. Additional sampling effort for further delineation and private well/monitoring well/surface water sampling is pending.  ","Site_Report_Link":"http://dec.alaska.gov/Applications/SPAR/PublicMVC/CSP/SiteReport/27175"}},{"type":"Feature","geometry":{"type":"Point","coordinates":[-146.24946298413906,61.083424911133328]},"properties":{"Site_Name":"Petro Star Valdez Refinery Truck Rack PFAS","Status":"Active","Address_1":"2.5 Mile Dayville Road","City":"Valdez","State":"AK","Zip_Code":"99686","Site_Type":"Refinery Operation","Problem_Description":"On July 11, 2019 a tanker truck exploded at the Petro Star Valdez Refinery truck rack while loading diesel fuel. Fire fighting crews used an aqueous film forming foam (AFFF)/water solution to extinguish the fire. The diesel, AFFF, and water solution drained to the northeast side of the facility perimeter with some escaping through an open canal valve. The substance that went through the canal valve followed a drainage that leads to Abercrombe Creek. An emergency berm was constructed to restrict the flow of the substance, but some may have escaped the emergency containment.  Initial site characterization sample analysis confirmed the following contaminants in soil above DEC cleanup levels:  diesel range organics, 1,2,4-trimethylbenzene, 1,3,5-trimethylbenzene, naphthalene, benzene, ethylbenzene, and xylenes; as well as perfluorooctanesulfonic acid (PFOS) and perfluorooctanoic acid (PFOA)  Additionally, PFOS and PFOA were confirmed in surface water above the DEC cleanup levels.\r\n\r\nIn the Fall of 2019, contaminated soil was excavated within the impacted area to a depth of two feet below ground surface (bgs) except for the area between the culvert outlet and the emergency dike where soil was excavated to a depth of one foot bgs.  The total volume of soil excavated and stockpiled was estimated at approximately 3,050 cubic yards.\r\n\r\nAnalysis of post excavation samples confirm PFOS and PFOA remain above DEC cleanup levels, both inside and outside the facility perimeter.\r\n\r\nOn June 27, 2022, another tanker truck caught on fire at the Petro Star Valdez Refinery fuel truck loading rack.  It is estimated that 5000 gallons of diesel was released, of which much burned up from the fire.  In addition, an oily fire foam water was released to douse the fire, most of which was recovered.","Site_Report_Link":"http://dec.alaska.gov/Applications/SPAR/PublicMVC/CSP/SiteReport/27196"}},{"type":"Feature","geometry":{"type":"Point","coordinates":[-162.71821792977022,55.201234929647029]},"properties":{"Site_Name":"ADOT&PF Cold Bay Airport Abandoned Fire Station","Status":"Active","Address_1":"Intersection of North Apron Road and Reeve Avenue","City":"Cold Bay","State":"AK","Zip_Code":"99571","Site_Type":"Airport/Airfield","Problem_Description":"The Alaska Department of Transportation and Public Facilities (ADOT&PF) conducted a Phase I Environmental Site Assessment (ESA) at the abandoned fire house at the Cold Bay airport in 2019. Historic as-built from 1959 indicate two floor drains in the main building. Due to the dilapidated building still on site, the floor drains status was not determined during the Phase I ESA. Three electrical transformers were observed in the northwest quarter of the property. Fuel supply lines were found on the south side of the former fire station, but no tanks were observed. It is suspected that a 1,000-gallon underground storage tank (UST) used for heating oil is on site. Twelve 5-gallon containers of aqueous film forming foams were present in the dilapidated building. A metal vault filled with storm water was found near the concrete foundation. The purpose of vault is unknown. \r\n\r\nIn 2014 fourteen 55-gallon drums were removed from the former fire and crash station. One drum of used oil was reported to have leaked petroleum from an open bung hole. The property has been unoccupied since 1996 and ADOT&PF was reportedly the sole occupant of the site since the building was operated the by the U.S. government. The fire house was reportedly taken out of service in 1996 when a new offsite fire facility was constructed.\r\n\r\nLimited sampling was done in 2019. Perfluorooctanoic Acid (PFOA) was found below ADEC cleanup levels at concentrations of 0.0030 mg/kg and 0.0011 mg/kg in surface soil. Diesel range organics (DRO) of 2,650 mg/kg was measured in the surface soil and mercury of 1.79 mg/kg. Both DRO and mercury are above ADEC cleanup levels. Contaminants of potential concern at the site are DRO, residual range organics (RRO), volatile organic compounds (VOCs), polynuclear aromatic hydrocarbons (PAHs), Perfluorooctanesulfonic Acid (PFOS), Perfluorooctanoic Acid (PFOA), and mercury. ","Site_Report_Link":"http://dec.alaska.gov/Applications/SPAR/PublicMVC/CSP/SiteReport/27198"}},{"type":"Feature","geometry":{"type":"Point","coordinates":[-149.52429494720059,70.326733896472803]},"properties":{"Site_Name":"ConocoPhillips West Sak SWPT #1 Fire Training Area PFAS","Status":"Active","Address_1":"2 Miles East of Kuparuk Operations Unit","City":"Deadhorse","State":"AK","Zip_Code":"99734","Site_Type":"Oil Production/Onshore","Problem_Description":"Prior to being a fire training area, one oil well was drilled at the West Sak Single Well Production Test (SWPT) #1 pad in 1983 and operated until 1985. The site was utilized for fire training activities at Kuparuk after 1985. From 1985 to 1986, diesel was ignited in a steel tank placed directly on the gravel pad for fire training purposes. Around 1987, a synthetic lined gravel burn pit was installed at the northwest end of the SWPT pad for additional fire training activities. In 1989, a synthetic-lined containment pond was added to the southeast of the burn pit to contain the fire-fighting water runoff. By 1993, all fire-training activities had been moved to the lined area. A new state-of-the-art liner and sump were installed in the central portion of the pad in 1997. Potential run-off from the area at the north end of the pad was monitored. In 2001, a Reserve Pit Closure Plan was submitted to ADEC and pit closure was granted on September 14, 2001.   Fire training using firefighting foam within the triple-lined bermed area began at the site in 1994 and was discontinued in 2014.","Site_Report_Link":"http://dec.alaska.gov/Applications/SPAR/PublicMVC/CSP/SiteReport/27215"}},{"type":"Feature","geometry":{"type":"Point","coordinates":[-154.9177519483421,59.755577916382499]},"properties":{"Site_Name":"ADOT&PF Iliamna Airport Sitewide PFAS","Status":"Informational","Address_1":"Airport Road, Iliamna Airport","City":"Iliamna","State":"AK","Zip_Code":"99606","Site_Type":"Airport/Airfield","Problem_Description":"In June 2020, the Alaska Department of Environmental Conservation (DEC) collected water samples of private and public wells in the immediate vicinity of the Iliamna airport. Low-level concentrations of per- and poly-fluoroalkyl substances (PFAS), were found in multiple wells; however, none of the detections were above screening levels. The contaminants are believed to have originated from the historic use of Aqueous Film Forming Foam (AFFF) at various locations at the Iliamna airport.","Site_Report_Link":"http://dec.alaska.gov/Applications/SPAR/PublicMVC/CSP/SiteReport/27265"}},{"type":"Feature","geometry":{"type":"Point","coordinates":[-159.54304292352452,61.581596916225791]},"properties":{"Site_Name":"ADOT&PF Aniak Airport Sitewide PFAS","Status":"Informational","Address_1":"Airport Road, Aniak Airport","City":"Aniak","State":"AK","Zip_Code":"99557","Site_Type":"Airport/Airfield","Problem_Description":"In March 2020, the Alaska Department of Environmental Conservation (DEC) collected water samples of private and public wells in the immediate vicinity of the Aniak airport. Low-level concentrations of per- and poly-fluoroalkyl substances (PFAS), were found in multiple wells; however, none of the detections were above screening levels. The contaminants are believed to have originated from the historic use of Aqueous Film Forming Foam (AFFF) at various locations at the Aniak airport.","Site_Report_Link":"http://dec.alaska.gov/Applications/SPAR/PublicMVC/CSP/SiteReport/27266"}},{"type":"Feature","geometry":{"type":"Point","coordinates":[-151.34454696229474,60.638822913374526]},"properties":{"Site_Name":"UAF MAPTS Fire Control Systems AFFF","Status":"Active","Address_1":"53745 Commerce Avenue","City":"Kenai","State":"AK","Zip_Code":"99611","Site_Type":"Maintenance Yard/Shop","Problem_Description":"Some time in 2018, approximately 1,000 gallons of aqueous film forming foam (AFFF) were released to the ground from a storage tank at Fire Control Systems, Inc. property on Commerce Avenue in Kenai.  The spilled product was owned by the University of Alaska Fairbanks (UAF), for use by the Mining and Petroleum Training Service Center of Excellence (MAPTS), at the time of its release and had been stored on this property for many years.  The cause of the release was reportedly from a damaged site glass on the tank.  The release was not reported until 6/28/2019.  Prior to the spill being reported to DEC, a contractor was hired to dispose of the remaining product and excavate the source area.  8 drums and 4 supersacks of soil were excavated and later approved for transport and disposal.  When soil impacts were greater than expected another contractor was hired to begin site characterization activities.  A site characterization workplan  was submitted in late 2019 and approved on 2/11/2020.  DEC sampled the on-site well on 1/30/2020 and the sample results yielded non-detect for per- and polyfluorinated substances (PFAS).  In the summer of 2020, additional site activities occurred, including soil borings and monitoring well installations.  A subsequent report indicated that groundwater has been impacted and further delineation is necessary.","Site_Report_Link":"http://dec.alaska.gov/Applications/SPAR/PublicMVC/CSP/SiteReport/27287"}},{"type":"Feature","geometry":{"type":"Point","coordinates":[-151.34455196100663,60.638835912892048]},"properties":{"Site_Name":"Fire Control Systems PFAS Kenai","Status":"Non-Qualifying","Address_1":"53745 Commerce Avenue","City":"Kenai","State":"AK","Zip_Code":"99611","Site_Type":"Maintenance Yard/Shop","Problem_Description":"There appear to have been multiple releases at the Fire Control Systems property on Commerce Avenue in Kenai.\r\n\r\nA release of approximately 1,000 gallons of aqueous film forming foam (AFFF) from a storage tank occurred sometime in 2018.  The spilled product was owned by the University of Alaska Fairbanks (UAF) for use by the Mining and Petroleum Training Service Center of Excellence (MAPTS).\r\n\r\nIn the summer of 2020, additional site activities occurred in relation to the 2018 spill, including soil borings and monitoring well installations.  A subsequent report indicated that groundwater has been impacted and further delineation is necessary.  This site is being tracked as informational. \r\nThe contaminated site will be documented separately under site record: Hazard ID 27287; file no. 2320.38.085; UAF MAPTS Fire Control Systems AFFF.","Site_Report_Link":"http://dec.alaska.gov/Applications/SPAR/PublicMVC/CSP/SiteReport/27301"}},{"type":"Feature","geometry":{"type":"Point","coordinates":[-145.46830198709534,60.493047911559735]},"properties":{"Site_Name":"ADOT&PF Cordova Airport ARFF Bldg","Status":"Active","Address_1":"Mile 13 Copper River Highway; Cordova Airport","City":"Cordova","State":"AK","Zip_Code":"99574","Site_Type":"Airport/Airfield","Problem_Description":"In July 2020, site characterization activities were conducted at the existing Aircraft Rescue and Fire Fighting Building (ARFF) at the Cordova Airport in preparation for removal and replacement of the existing ARFF with a Combined Maintenance Facility to include a Snow Removal Equipment Building (SREB) and a new ARRF.  Initial sample results confirmed the presence of petroleum compounds in soil and Perfluorooctanesulfonic Acid (PFOS) in soil and ground water.  The petroleum contamination is located in the vicinity of an out-of-use underground heating oil tank and the PFOS contamination is suspected to be from releases of aqueous film-forming foam (AFFF) possibly from system testing or training activities.","Site_Report_Link":"http://dec.alaska.gov/Applications/SPAR/PublicMVC/CSP/SiteReport/27304"}},{"type":"Feature","geometry":{"type":"Point","coordinates":[-147.15744397460514,64.709668905165074]},"properties":{"Site_Name":"Eielson AFB Basewide PFAS - Beaird and Cline Subd, Lot 1","Status":"Informational","Address_1":"4743 Da Niece Street","City":"North Pole","State":"AK","Zip_Code":"99705","Site_Type":"Military Installation - Base/Post/Other","Problem_Description":"This Hazard ID has been entered in Informational status because of the application of an environmental covenant due to contamination from the following site: Hazard ID 26773 - Eielson AFB Basewide (AKA Sitewide) PFAS. The property is underlain by per- and polyfluorinated alkyl substances (PFAS) in groundwater. The environmental covenant describes activity and use limitations for the property, based on remaining contamination making it safe for some, but not all, uses.","Site_Report_Link":"http://dec.alaska.gov/Applications/SPAR/PublicMVC/CSP/SiteReport/27315"}},{"type":"Feature","geometry":{"type":"Point","coordinates":[-147.15751597471839,64.709059905111317]},"properties":{"Site_Name":"Eielson AFB Basewide PFAS - Beaird and Cline Subd, Lot 3","Status":"Informational","Address_1":"4746 Da Nephew Street","City":"North Pole","State":"AK","Zip_Code":"99705","Site_Type":"Military Installation - Base/Post/Other","Problem_Description":"This Hazard ID has been entered in Informational status because of the application of an environmental covenant due to contamination from the following site: Hazard ID 26773 - Eielson AFB Basewide (AKA Sitewide) PFAS. The property is underlain by per- and polyfluorinated alkyl substances (PFAS) in groundwater. The environmental covenant describes activity and use limitations for the property, based on remaining contamination making it safe for some, but not all, uses.","Site_Report_Link":"http://dec.alaska.gov/Applications/SPAR/PublicMVC/CSP/SiteReport/27316"}},{"type":"Feature","geometry":{"type":"Point","coordinates":[-147.17190897525964,64.71582290477447]},"properties":{"Site_Name":"Eielson AFB Basewide PFAS - Cardaro Subd, 1st Add, Block 1, Lot 8","Status":"Informational","Address_1":"4606 Eastern Street","City":"North Pole","State":"AK","Zip_Code":"99705","Site_Type":"Military Installation - Base/Post/Other","Problem_Description":"This Hazard ID has been entered in Informational status because of the application of an environmental covenant due to contamination from the following site: Hazard ID 26773 - Eielson AFB Basewide (AKA Sitewide) PFAS. The property is underlain by per- and polyfluorinated alkyl substances (PFAS) in groundwater. The environmental covenant describes activity and use limitations for the property, based on remaining contamination making it safe for some, but not all, uses.\r\n","Site_Report_Link":"http://dec.alaska.gov/Applications/SPAR/PublicMVC/CSP/SiteReport/27317"}},{"type":"Feature","geometry":{"type":"Point","coordinates":[-147.13565697556623,64.70575890503325]},"properties":{"Site_Name":"Eielson AFB Basewide PFAS - RH Casperson Subd, Block 2, Lot 16","Status":"Informational","Address_1":"RH Casperson Subdivision, Block 2, Lot 16","City":"North Pole","State":"AK","Zip_Code":"99705","Site_Type":"Military Installation - Base/Post/Other","Problem_Description":"This Hazard ID has been entered in Informational status because of the application of an environmental covenant due to contamination from the following site: Hazard ID 26773 - Eielson AFB Basewide (AKA Sitewide) PFAS. The property is underlain by per- and polyfluorinated alkyl substances (PFAS) in groundwater. The environmental covenant describes activity and use limitations for the property, based on remaining contamination making it safe for some, but not all, uses.","Site_Report_Link":"http://dec.alaska.gov/Applications/SPAR/PublicMVC/CSP/SiteReport/27318"}},{"type":"Feature","geometry":{"type":"Point","coordinates":[-147.13479497427826,64.705724905167671]},"properties":{"Site_Name":"Eielson AFB Basewide PFAS - RH Casperson Subd, Block 2, Lot 14","Status":"Informational","Address_1":"RH Casperson Subd, Block 2, Lot 14","City":"North Pole","State":"AK","Zip_Code":"99705","Site_Type":"Military Installation - Base/Post/Other","Problem_Description":"This Hazard ID has been entered in Informational status because of the application of an environmental covenant due to contamination from the following site: Hazard ID 26773 - Eielson AFB Basewide (AKA Sitewide) PFAS. The property is underlain by per- and polyfluorinated alkyl substances (PFAS) in groundwater. The environmental covenant describes activity and use limitations for the property, based on remaining contamination making it safe for some, but not all, uses.","Site_Report_Link":"http://dec.alaska.gov/Applications/SPAR/PublicMVC/CSP/SiteReport/27319"}},{"type":"Feature","geometry":{"type":"Point","coordinates":[-147.13596697447716,64.705762904822294]},"properties":{"Site_Name":"Eielson AFB Basewide PFAS - RH Casperson Subd, Block 2, Lot 17","Status":"Informational","Address_1":"RH Casperson Subd, Block 2, Lot 17","City":"North Pole","State":"AK","Zip_Code":"99705","Site_Type":"Military Installation - Base/Post/Other","Problem_Description":"This Hazard ID has been entered in Informational status because of the application of an environmental covenant due to contamination from the following site: Hazard ID 26773 - Eielson AFB Basewide (AKA Sitewide) PFAS. The property is underlain by per- and polyfluorinated alkyl substances (PFAS) in groundwater. The environmental covenant describes activity and use limitations for the property, based on remaining contamination making it safe for some, but not all, uses.","Site_Report_Link":"http://dec.alaska.gov/Applications/SPAR/PublicMVC/CSP/SiteReport/27320"}},{"type":"Feature","geometry":{"type":"Point","coordinates":[-147.13657897519795,64.706160904746469]},"properties":{"Site_Name":"Eielson AFB Basewide PFAS - RH Casperson Subd, Block 3, Lot 1","Status":"Informational","Address_1":"RH Casperson Subdivision, Block 3, Lot 1","City":"North Pole","State":"AK","Zip_Code":"99705","Site_Type":"Military Installation - Base/Post/Other","Problem_Description":"This Hazard ID has been entered in Informational status because of the application of an environmental covenant due to contamination from the following site: Hazard ID 26773 - Eielson AFB Basewide (AKA Sitewide) PFAS. The property is underlain by per- and polyfluorinated alkyl substances (PFAS) in groundwater. The environmental covenant describes activity and use limitations for the property, based on remaining contamination making it safe for some, but not all, uses.\r\n","Site_Report_Link":"http://dec.alaska.gov/Applications/SPAR/PublicMVC/CSP/SiteReport/27321"}},{"type":"Feature","geometry":{"type":"Point","coordinates":[-147.13534097467831,64.705752905316714]},"properties":{"Site_Name":"Eielson AFB Basewide PFAS - RH Casperson Subd, Block 2, Lot 15","Status":"Informational","Address_1":"RH Casperson Subd, Block 2, Lot 15","City":"North Pole","State":"AK","Zip_Code":"99705","Site_Type":"Military Installation - Base/Post/Other","Problem_Description":"This Hazard ID has been entered in Informational status because of the application of an environmental covenant due to contamination from the following site: Hazard ID 26773 - Eielson AFB Basewide (AKA Sitewide) PFAS. The property is underlain by per- and polyfluorinated alkyl substances (PFAS) in groundwater. The environmental covenant describes activity and use limitations for the property, based on remaining contamination making it safe for some, but not all, uses.","Site_Report_Link":"http://dec.alaska.gov/Applications/SPAR/PublicMVC/CSP/SiteReport/27322"}},{"type":"Feature","geometry":{"type":"Point","coordinates":[-147.13651997578583,64.70629990453439]},"properties":{"Site_Name":"Eielson AFB Basewide PFAS - RH Casperson Subd, Block 3, Lot 2","Status":"Informational","Address_1":"RH Casperson Subdivision, Block 3, Lot 2","City":"North Pole","State":"AK","Zip_Code":"99705","Site_Type":"Military Installation - Base/Post/Other","Problem_Description":"This Hazard ID has been entered in Informational status because of the application of an environmental covenant due to contamination from the following site: Hazard ID 26773 - Eielson AFB Basewide (AKA Sitewide) PFAS. The property is underlain by per- and polyfluorinated alkyl substances (PFAS) in groundwater. The environmental covenant describes activity and use limitations for the property, based on remaining contamination making it safe for some, but not all, uses.\r\n","Site_Report_Link":"http://dec.alaska.gov/Applications/SPAR/PublicMVC/CSP/SiteReport/27323"}},{"type":"Feature","geometry":{"type":"Point","coordinates":[-147.13675597550588,64.70642890519612]},"properties":{"Site_Name":"Eielson AFB Basewide PFAS - RH Casperson Subd, Block 3, Lot 3","Status":"Informational","Address_1":"RH Casperson Subdivision, Block 3, Lot 3","City":"North Pole","State":"AK","Zip_Code":"99705","Site_Type":"Military Installation - Base/Post/Other","Problem_Description":"This Hazard ID has been entered in Informational status because of the application of an environmental covenant due to contamination from the following site: Hazard ID 26773 - Eielson AFB Basewide (AKA Sitewide) PFAS. The property is underlain by per- and polyfluorinated alkyl substances (PFAS) in groundwater. The environmental covenant describes activity and use limitations for the property, based on remaining contamination making it safe for some, but not all, uses.","Site_Report_Link":"http://dec.alaska.gov/Applications/SPAR/PublicMVC/CSP/SiteReport/27324"}},{"type":"Feature","geometry":{"type":"Point","coordinates":[-147.13688997532518,64.706547904736212]},"properties":{"Site_Name":"Eielson AFB Basewide PFAS - RH Casperson Subd, Block 3, Lot 4","Status":"Informational","Address_1":"RH Casperson Subdivision, Block 3, Lot 4","City":"North Pole","State":"AK","Zip_Code":"99705","Site_Type":"Military Installation - Base/Post/Other","Problem_Description":"This Hazard ID has been entered in Informational status because of the application of an environmental covenant due to contamination from the following site: Hazard ID 26773 - Eielson AFB Basewide (AKA Sitewide) PFAS. The property is underlain by per- and polyfluorinated alkyl substances (PFAS) in groundwater. The environmental covenant describes activity and use limitations for the property, based on remaining contamination making it safe for some, but not all, uses.","Site_Report_Link":"http://dec.alaska.gov/Applications/SPAR/PublicMVC/CSP/SiteReport/27326"}},{"type":"Feature","geometry":{"type":"Point","coordinates":[-147.1359719755022,64.706189904656625]},"properties":{"Site_Name":"Eielson AFB Basewide PFAS - RH Casperson Subd, Block 3, Lot 5","Status":"Informational","Address_1":"RH Casperson Subdivision, Block 3, Lot 5","City":"North Pole","State":"AK","Zip_Code":"99705","Site_Type":"Military Installation - Base/Post/Other","Problem_Description":"This Hazard ID has been entered in Informational status because of the application of an environmental covenant due to contamination from the following site: Hazard ID 26773 - Eielson AFB Basewide (AKA Sitewide) PFAS. The property is underlain by per- and polyfluorinated alkyl substances (PFAS) in groundwater. The environmental covenant describes activity and use limitations for the property, based on remaining contamination making it safe for some, but not all, uses.","Site_Report_Link":"http://dec.alaska.gov/Applications/SPAR/PublicMVC/CSP/SiteReport/27327"}},{"type":"Feature","geometry":{"type":"Point","coordinates":[-147.13567197580463,64.70613790462366]},"properties":{"Site_Name":"Eielson AFB Basewide PFAS - RH Casperson Subd, Block 3, Lot 6","Status":"Informational","Address_1":" RH Casperson Subdivision, Block 3, Lot 6","City":"North Pole","State":"AK","Zip_Code":"99705","Site_Type":"Military Installation - Base/Post/Other","Problem_Description":"This Hazard ID has been entered in Informational status because of the application of an environmental covenant due to contamination from the following site: Hazard ID 26773 - Eielson AFB Basewide (AKA Sitewide) PFAS. The property is underlain by per- and polyfluorinated alkyl substances (PFAS) in groundwater. The environmental covenant describes activity and use limitations for the property, based on remaining contamination making it safe for some, but not all, uses.","Site_Report_Link":"http://dec.alaska.gov/Applications/SPAR/PublicMVC/CSP/SiteReport/27328"}},{"type":"Feature","geometry":{"type":"Point","coordinates":[-147.15885697378386,64.714810905146052]},"properties":{"Site_Name":"Eielson AFB Basewide PFAS - Frito Subd, Block 1, Lot 3","Status":"Informational","Address_1":"Frito Subdivision, Block 1, Lot 3","City":"North Pole","State":"AK","Zip_Code":"99705","Site_Type":"Military Installation - Base/Post/Other","Problem_Description":"This Hazard ID has been entered in Informational status because of the application of an environmental covenant due to contamination from the following site: Hazard ID 26773 - Eielson AFB Basewide (AKA Sitewide) PFAS. The property is underlain by per- and polyfluorinated alkyl substances (PFAS) in groundwater. The environmental covenant describes activity and use limitations for the property, based on remaining contamination making it safe for some, but not all, uses.","Site_Report_Link":"http://dec.alaska.gov/Applications/SPAR/PublicMVC/CSP/SiteReport/27329"}},{"type":"Feature","geometry":{"type":"Point","coordinates":[-147.20832797499554,64.718888905287272]},"properties":{"Site_Name":"Eielson AFB Basewide PFAS - Moose Creek Subd, 1st Add, Lot 1","Status":"Informational","Address_1":"4288 Lauesen Avenue","City":"North Pole","State":"AK","Zip_Code":"99705","Site_Type":"Military Installation - Base/Post/Other","Problem_Description":"This Hazard ID has been entered in Informational status because of the application of an environmental covenant due to contamination from the following site: Hazard ID 26773 - Eielson AFB Basewide (AKA Sitewide) PFAS. The property is underlain by per- and polyfluorinated alkyl substances (PFAS) in groundwater. The environmental covenant describes activity and use limitations for the property, based on remaining contamination making it safe for some, but not all, uses.","Site_Report_Link":"http://dec.alaska.gov/Applications/SPAR/PublicMVC/CSP/SiteReport/27330"}},{"type":"Feature","geometry":{"type":"Point","coordinates":[-147.19463097563417,64.717270905310684]},"properties":{"Site_Name":"Eielson AFB Basewide PFAS - Moose Creek Subd, 1st Add, Lot 16","Status":"Informational","Address_1":"4396 Al Cory Dr. ","City":"North Pole","State":"AK","Zip_Code":"99705","Site_Type":"Military Installation - Base/Post/Other","Problem_Description":"This Hazard ID has been entered in Informational status because of the application of an environmental covenant due to contamination from the following site: Hazard ID 26773 - Eielson AFB Basewide (AKA Sitewide) PFAS. The property is underlain by per- and polyfluorinated alkyl substances (PFAS) in groundwater. The environmental covenant describes activity and use limitations for the property, based on remaining contamination making it safe for some, but not all, uses.","Site_Report_Link":"http://dec.alaska.gov/Applications/SPAR/PublicMVC/CSP/SiteReport/27331"}},{"type":"Feature","geometry":{"type":"Point","coordinates":[-147.18943697434719,64.718745904837533]},"properties":{"Site_Name":"Eielson AFB Basewide PFAS - Moose Creek Acres Subd, Block 1, Lot 2","Status":"Informational","Address_1":"4442 Lauesen Ave.","City":"North Pole","State":"AK","Zip_Code":"99705","Site_Type":"Military Installation - Base/Post/Other","Problem_Description":"This Hazard ID has been entered in Informational status because of the application of an environmental covenant due to contamination from the following site: Hazard ID 26773 - Eielson AFB Basewide (AKA Sitewide) PFAS. The property is underlain by per- and polyfluorinated alkyl substances (PFAS) in groundwater. The environmental covenant describes activity and use limitations for the property, based on remaining contamination making it safe for some, but not all, uses.","Site_Report_Link":"http://dec.alaska.gov/Applications/SPAR/PublicMVC/CSP/SiteReport/27332"}},{"type":"Feature","geometry":{"type":"Point","coordinates":[-147.18675197542277,64.718759905303031]},"properties":{"Site_Name":"Eielson AFB Basewide PFAS - Moose Creek Acres Subd, Block 1, Lot 4","Status":"Informational","Address_1":"4480 Lauesen Ave","City":"North Pole","State":"AK","Zip_Code":"99705","Site_Type":"Military Installation - Base/Post/Other","Problem_Description":"This Hazard ID has been entered in Informational status because of the application of an environmental covenant due to contamination from the following site: Hazard ID 26773 - Eielson AFB Basewide (AKA Sitewide) PFAS. The property is underlain by per- and polyfluorinated alkyl substances (PFAS) in groundwater. The environmental covenant describes activity and use limitations for the property, based on remaining contamination making it safe for some, but not all, uses.","Site_Report_Link":"http://dec.alaska.gov/Applications/SPAR/PublicMVC/CSP/SiteReport/27333"}},{"type":"Feature","geometry":{"type":"Point","coordinates":[-147.19078897575304,64.717989904820911]},"properties":{"Site_Name":"Eielson AFB Basewide PFAS - Moose Creek Acres Subd, Block 2, Lot 1","Status":"Informational","Address_1":"4431 Lauesen Ave","City":"North Pole","State":"AK","Zip_Code":"99705","Site_Type":"Military Installation - Base/Post/Other","Problem_Description":"This Hazard ID has been entered in Informational status because of the application of an environmental covenant due to contamination from the following site: Hazard ID 26773 - Eielson AFB Basewide (AKA Sitewide) PFAS. The property is underlain by per- and polyfluorinated alkyl substances (PFAS) in groundwater. The environmental covenant describes activity and use limitations for the property, based on remaining contamination making it safe for some, but not all, uses.","Site_Report_Link":"http://dec.alaska.gov/Applications/SPAR/PublicMVC/CSP/SiteReport/27334"}},{"type":"Feature","geometry":{"type":"Point","coordinates":[-147.18551597496065,64.717959904914963]},"properties":{"Site_Name":"Eielson AFB Basewide PFAS - Moose Creek Acres Subd, Block 2, Lot 5","Status":"Informational","Address_1":"4477 Lauesen Ave","City":"North Pole","State":"AK","Zip_Code":"99705","Site_Type":"Military Installation - Base/Post/Other","Problem_Description":"This Hazard ID has been entered in Informational status because of the application of an environmental covenant due to contamination from the following site: Hazard ID 26773 - Eielson AFB Basewide (AKA Sitewide) PFAS. The property is underlain by per- and polyfluorinated alkyl substances (PFAS) in groundwater. The environmental covenant describes activity and use limitations for the property, based on remaining contamination making it safe for some, but not all, uses.","Site_Report_Link":"http://dec.alaska.gov/Applications/SPAR/PublicMVC/CSP/SiteReport/27335"}},{"type":"Feature","geometry":{"type":"Point","coordinates":[-147.18449497549912,64.718015904693857]},"properties":{"Site_Name":"Eielson AFB Basewide PFAS - Moose Creek Acres Subd, Block 2, Lot 6","Status":"Informational","Address_1":"4493 Lauesen Ave ","City":"North Pole","State":"AK","Zip_Code":"99705","Site_Type":"Military Installation - Base/Post/Other","Problem_Description":"This Hazard ID has been entered in Informational status because of the application of an environmental covenant due to contamination from the following site: Hazard ID 26773 - Eielson AFB Basewide (AKA Sitewide) PFAS. The property is underlain by per- and polyfluorinated alkyl substances (PFAS) in groundwater. The environmental covenant describes activity and use limitations for the property, based on remaining contamination making it safe for some, but not all, uses.","Site_Report_Link":"http://dec.alaska.gov/Applications/SPAR/PublicMVC/CSP/SiteReport/27336"}},{"type":"Feature","geometry":{"type":"Point","coordinates":[-147.18117297430567,64.715739904673811]},"properties":{"Site_Name":"Eielson AFB Basewide PFAS - Moose Creek Acres Subd, Block 6, Lot 8","Status":"Informational","Address_1":"4520 Tundra Way","City":"North Pole","State":"AK","Zip_Code":"99705","Site_Type":"Military Installation - Base/Post/Other","Problem_Description":"This Hazard ID has been entered in Informational status because of the application of an environmental covenant due to contamination from the following site: Hazard ID 26773 - Eielson AFB Basewide (AKA Sitewide) PFAS. The property is underlain by per- and polyfluorinated alkyl substances (PFAS) in groundwater. The environmental covenant describes activity and use limitations for the property, based on remaining contamination making it safe for some, but not all, uses.","Site_Report_Link":"http://dec.alaska.gov/Applications/SPAR/PublicMVC/CSP/SiteReport/27337"}},{"type":"Feature","geometry":{"type":"Point","coordinates":[-147.14911897478638,64.70874990485531]},"properties":{"Site_Name":"Eielson AFB Basewide PFAS - Township 2S, Range 3E, Sec 28, Portion of Gov Lots 11 and 12, FNSB PAN 185124","Status":"Informational","Address_1":"3532 Go Thatta Way","City":"North Pole","State":"AK","Zip_Code":"99705","Site_Type":"Military Installation - Base/Post/Other","Problem_Description":"This Hazard ID has been entered in Informational status because of the application of an environmental covenant due to contamination from the following site: Hazard ID 26773 - Eielson AFB Basewide (AKA Sitewide) PFAS. The property is underlain by per- and polyfluorinated alkyl substances (PFAS) in groundwater. The environmental covenant describes activity and use limitations for the property, based on remaining contamination making it safe for some, but not all, uses.","Site_Report_Link":"http://dec.alaska.gov/Applications/SPAR/PublicMVC/CSP/SiteReport/27338"}},{"type":"Feature","geometry":{"type":"Point","coordinates":[-147.16030597432524,64.715791905134793]},"properties":{"Site_Name":"Eielson AFB Basewide PFAS - Cavanaugh Park Estates Subd, Block 1, Lot 2","Status":"Informational","Address_1":"3395 Montana Circle; Cavanaugh Park Estates Subd, Block 1, Lot 2","City":"North Pole","State":"AK","Zip_Code":"99705","Site_Type":"Military Installation - Base/Post/Other","Problem_Description":"This Hazard ID has been entered in Informational status because of the application of an environmental covenant due to contamination from the following site: Hazard ID 26773 - Eielson AFB Basewide (AKA Sitewide) PFAS. The property is underlain by per- and polyfluorinated alkyl substances (PFAS) in groundwater. The environmental covenant describes activity and use limitations for the property, based on remaining contamination making it safe for some, but not all, uses.","Site_Report_Link":"http://dec.alaska.gov/Applications/SPAR/PublicMVC/CSP/SiteReport/27339"}},{"type":"Feature","geometry":{"type":"Point","coordinates":[-147.16588597415253,64.715836905051077]},"properties":{"Site_Name":"Eielson AFB Basewide PFAS - Cavanaugh Park Estates Subd, Block 2, Lot 2","Status":"Informational","Address_1":"Cavanaugh Park Estates Subdivision, Block 2, Lot 2","City":"North Pole","State":"AK","Zip_Code":"99705","Site_Type":"Military Installation - Base/Post/Other","Problem_Description":"This Hazard ID has been entered in Informational status because of the application of an environmental covenant due to contamination from the following site: Hazard ID 26773 - Eielson AFB Basewide (AKA Sitewide) PFAS. The property is underlain by per- and polyfluorinated alkyl substances (PFAS) in groundwater. The environmental covenant describes activity and use limitations for the property, based on remaining contamination making it safe for some, but not all, uses.","Site_Report_Link":"http://dec.alaska.gov/Applications/SPAR/PublicMVC/CSP/SiteReport/27340"}},{"type":"Feature","geometry":{"type":"Point","coordinates":[-147.16585397476018,64.717686904903772]},"properties":{"Site_Name":"Eielson AFB Basewide PFAS - Cavanaugh Park Estates Subd, Block 2, Lot 5","Status":"Informational","Address_1":"Cavanaugh Park Estates Subdivision, Block 2, Lot 5","City":"North Pole","State":"AK","Zip_Code":"99705","Site_Type":"Military Installation - Base/Post/Other","Problem_Description":"This Hazard ID has been entered in Informational status because of the application of an environmental covenant due to contamination from the following site: Hazard ID 26773 - Eielson AFB Basewide (AKA Sitewide) PFAS. The property is underlain by per- and polyfluorinated alkyl substances (PFAS) in groundwater. The environmental covenant describes activity and use limitations for the property, based on remaining contamination making it safe for some, but not all, uses.","Site_Report_Link":"http://dec.alaska.gov/Applications/SPAR/PublicMVC/CSP/SiteReport/27341"}},{"type":"Feature","geometry":{"type":"Point","coordinates":[-147.16591697447777,64.718628905328316]},"properties":{"Site_Name":"Eielson AFB Basewide PFAS - Cavanaugh Park Estates Subd, Block 2, Lot 7","Status":"Informational","Address_1":"4674 White Hall Ct","City":"North Pole","State":"AK","Zip_Code":"99705","Site_Type":"Military Installation - Base/Post/Other","Problem_Description":"This Hazard ID has been entered in Informational status because of the application of an environmental covenant due to contamination from the following site: Hazard ID 26773 - Eielson AFB Basewide (AKA Sitewide) PFAS. The property is underlain by per- and polyfluorinated alkyl substances (PFAS) in groundwater. The environmental covenant describes activity and use limitations for the property, based on remaining contamination making it safe for some, but not all, uses.","Site_Report_Link":"http://dec.alaska.gov/Applications/SPAR/PublicMVC/CSP/SiteReport/27342"}},{"type":"Feature","geometry":{"type":"Point","coordinates":[-147.16484097449964,64.7188759051012]},"properties":{"Site_Name":"Eielson AFB Basewide PFAS - Cavanaugh Park Estates Subd, Block 2, Lot 8","Status":"Informational","Address_1":"Cavanaugh Park Estates Subdivision, Block 2, Lot 8","City":"North Pole","State":"AK","Zip_Code":"99705","Site_Type":"Military Installation - Base/Post/Other","Problem_Description":"This Hazard ID has been entered in Informational status because of the application of an environmental covenant due to contamination from the following site: Hazard ID 26773 - Eielson AFB Basewide (AKA Sitewide) PFAS. The property is underlain by per- and polyfluorinated alkyl substances (PFAS) in groundwater. The environmental covenant describes activity and use limitations for the property, based on remaining contamination making it safe for some, but not all, uses.","Site_Report_Link":"http://dec.alaska.gov/Applications/SPAR/PublicMVC/CSP/SiteReport/27343"}},{"type":"Feature","geometry":{"type":"Point","coordinates":[-147.16185097498263,64.717436905196308]},"properties":{"Site_Name":"Eielson AFB Basewide PFAS - Cavanaugh Park Estates Subd, Block 3, Lot 13","Status":"Informational","Address_1":"Cavanaugh Park Estates Subdivision, Block 3, Lot 13","City":"North Pole","State":"AK","Zip_Code":"99705","Site_Type":"Military Installation - Base/Post/Other","Problem_Description":"This Hazard ID has been entered in Informational status because of the application of an environmental covenant due to contamination from the following site: Hazard ID 26773 - Eielson AFB Basewide (AKA Sitewide) PFAS. The property is underlain by per- and polyfluorinated alkyl substances (PFAS) in groundwater. The environmental covenant describes activity and use limitations for the property, based on remaining contamination making it safe for some, but not all, uses.","Site_Report_Link":"http://dec.alaska.gov/Applications/SPAR/PublicMVC/CSP/SiteReport/27344"}},{"type":"Feature","geometry":{"type":"Point","coordinates":[-147.17190097537167,64.717400904539446]},"properties":{"Site_Name":"Eielson AFB Basewide PFAS - Cardaro Subd, 3rd Add, Block 3, Lot 7","Status":"Informational","Address_1":"Cardaro Subdivision, 3rd Add, Block 3, Lot 7","City":"North Pole","State":"AK","Zip_Code":"99705","Site_Type":"Military Installation - Base/Post/Other","Problem_Description":"This Hazard ID has been entered in Informational status because of the application of an environmental covenant due to contamination from the following site: Hazard ID 26773 - Eielson AFB Basewide (AKA Sitewide) PFAS. The property is underlain by per- and polyfluorinated alkyl substances (PFAS) in groundwater. The environmental covenant describes activity and use limitations for the property, based on remaining contamination making it safe for some, but not all, uses.","Site_Report_Link":"http://dec.alaska.gov/Applications/SPAR/PublicMVC/CSP/SiteReport/27345"}},{"type":"Feature","geometry":{"type":"Point","coordinates":[-147.16599197406907,64.712457904614283]},"properties":{"Site_Name":"Eielson AFB Basewide PFAS - Township 2S, Range 3E, Sec 28, Portion of Lots 6 and 28, FNSB PAN 185299","Status":"Informational","Address_1":"3445 Old Richardson Highway; Township 2S, Range 3E, Sec 28, Portion of Lots 6 and 28","City":"North Pole","State":"AK","Zip_Code":"99705","Site_Type":"Military Installation - Base/Post/Other","Problem_Description":"This Hazard ID has been entered in Informational status because of the application of an environmental covenant due to contamination from the following site: Hazard ID 26773 - Eielson AFB Basewide (AKA Sitewide) PFAS. The property is underlain by per- and polyfluorinated alkyl substances (PFAS) in groundwater. The environmental covenant describes activity and use limitations for the property, based on remaining contamination making it safe for some, but not all, uses.","Site_Report_Link":"http://dec.alaska.gov/Applications/SPAR/PublicMVC/CSP/SiteReport/27348"}},{"type":"Feature","geometry":{"type":"Point","coordinates":[-147.14919397456711,64.708315904738285]},"properties":{"Site_Name":"Eielson AFB Basewide PFAS - Township 2S, Range 3E, Sec 28, Portion of SE1/4, FNSB PAN 185523","Status":"Informational","Address_1":"4824 Da Niece Street","City":"North Pole","State":"AK","Zip_Code":"99705","Site_Type":"Military Installation - Base/Post/Other","Problem_Description":"This Hazard ID has been entered in Informational status because of the application of an environmental covenant due to contamination from the following site: Hazard ID 26773 - Eielson AFB Basewide (AKA Sitewide) PFAS. The property is underlain by per- and polyfluorinated alkyl substances (PFAS) in groundwater. The environmental covenant describes activity and use limitations for the property, based on remaining contamination making it safe for some, but not all, uses.","Site_Report_Link":"http://dec.alaska.gov/Applications/SPAR/PublicMVC/CSP/SiteReport/27349"}},{"type":"Feature","geometry":{"type":"Point","coordinates":[-147.16542697488492,64.712323904879909]},"properties":{"Site_Name":"Eielson AFB Basewide PFAS - Township 2S, Range 3E, Sec 28, Portion of Lots 6 and 28, FNSB PAN 185621","Status":"Informational","Address_1":"3449 Old Richardson Hwy","City":"North Pole","State":"AK","Zip_Code":"99705","Site_Type":"Military Installation - Base/Post/Other","Problem_Description":"This Hazard ID has been entered in Informational status because of the application of an environmental covenant due to contamination from the following site: Hazard ID 26773 - Eielson AFB Basewide (AKA Sitewide) PFAS. The property is underlain by per- and polyfluorinated alkyl substances (PFAS) in groundwater. The environmental covenant describes activity and use limitations for the property, based on remaining contamination making it safe for some, but not all, uses.","Site_Report_Link":"http://dec.alaska.gov/Applications/SPAR/PublicMVC/CSP/SiteReport/27350"}},{"type":"Feature","geometry":{"type":"Point","coordinates":[-147.1546529739384,64.715217905046586]},"properties":{"Site_Name":"Eielson AFB Basewide PFAS - Township 2S, Range 3E, Sec 28, Portion of Gov Lot 1, FNSB PAN 185744","Status":"Informational","Address_1":" Township 2S, Range 3E, Sec 28, Portion of Gov Lot 1, FNSB PAN 185744","City":"North Pole","State":"AK","Zip_Code":"99705","Site_Type":"Military Installation - Base/Post/Other","Problem_Description":"This Hazard ID has been entered in Informational status because of the application of an environmental covenant due to contamination from the following site: Hazard ID 26773 - Eielson AFB Basewide (AKA Sitewide) PFAS. The property is underlain by per- and polyfluorinated alkyl substances (PFAS) in groundwater. The environmental covenant describes activity and use limitations for the property, based on remaining contamination making it safe for some, but not all, uses.","Site_Report_Link":"http://dec.alaska.gov/Applications/SPAR/PublicMVC/CSP/SiteReport/27351"}},{"type":"Feature","geometry":{"type":"Point","coordinates":[-147.15337697542552,64.715245904798905]},"properties":{"Site_Name":"Eielson AFB Basewide PFAS - Township 2S, Range 3E, Sec 28, Portion of Gov Lot 1, FNSB PAN 185752","Status":"Informational","Address_1":"Township 2S, Range 3E, Sec 28, Portion of Gov Lot 1, FNSB PAN 185752","City":"North Pole","State":"AK","Zip_Code":"99705","Site_Type":"Military Installation - Base/Post/Other","Problem_Description":"This Hazard ID has been entered in Informational status because of the application of an environmental covenant due to contamination from the following site: Hazard ID 26773 - Eielson AFB Basewide (AKA Sitewide) PFAS. The property is underlain by per- and polyfluorinated alkyl substances (PFAS) in groundwater. The environmental covenant describes activity and use limitations for the property, based on remaining contamination making it safe for some, but not all, uses.","Site_Report_Link":"http://dec.alaska.gov/Applications/SPAR/PublicMVC/CSP/SiteReport/27352"}},{"type":"Feature","geometry":{"type":"Point","coordinates":[-147.15229997449779,64.707605904675205]},"properties":{"Site_Name":"Eielson AFB Basewide PFAS - Township 2S, Range 3E, Section 28, Portion of SE1/4, FNSB PAN 185779","Status":"Informational","Address_1":"3558 Go Thatta Way","City":"North Pole","State":"AK","Zip_Code":"99705","Site_Type":"Military Installation - Base/Post/Other","Problem_Description":"This Hazard ID has been entered in Informational status because of the application of an environmental covenant due to contamination from the following site: Hazard ID 26773 - Eielson AFB Basewide (AKA Sitewide) PFAS. The property is underlain by per- and polyfluorinated alkyl substances (PFAS) in groundwater. The environmental covenant describes activity and use limitations for the property, based on remaining contamination making it safe for some, but not all, uses.","Site_Report_Link":"http://dec.alaska.gov/Applications/SPAR/PublicMVC/CSP/SiteReport/27353"}},{"type":"Feature","geometry":{"type":"Point","coordinates":[-147.17297297485621,64.717427904534304]},"properties":{"Site_Name":"Eielson AFB Basewide PFAS - Cardaro Subd, 3rd Add, Block 3, Lot 8","Status":"Informational","Address_1":"Cardaro Subdivision, 3rd Add, Block 3, Lot 8","City":"North Pole","State":"AK","Zip_Code":"99705","Site_Type":"Military Installation - Base/Post/Other","Problem_Description":"This Hazard ID has been entered in Informational status because of the application of an environmental covenant due to contamination from the following site: Hazard ID 26773 - Eielson AFB Basewide (AKA Sitewide) PFAS. The property is underlain by per- and polyfluorinated alkyl substances (PFAS) in groundwater. The environmental covenant describes activity and use limitations for the property, based on remaining contamination making it safe for some, but not all, uses.","Site_Report_Link":"http://dec.alaska.gov/Applications/SPAR/PublicMVC/CSP/SiteReport/27354"}},{"type":"Feature","geometry":{"type":"Point","coordinates":[-147.16689297527714,64.71249090458052]},"properties":{"Site_Name":"Eielson AFB Basewide PFAS - Cardaro Subd, 5th Add, Block 5, Tract A","Status":"Informational","Address_1":"3443 Old Richardson Hwy","City":"North Pole","State":"AK","Zip_Code":"99705","Site_Type":"Military Installation - Base/Post/Other","Problem_Description":"This Hazard ID has been entered in Informational status because of the application of an environmental covenant due to contamination from the following site: Hazard ID 26773 - Eielson AFB Basewide (AKA Sitewide) PFAS. The property is underlain by per- and polyfluorinated alkyl substances (PFAS) in groundwater. The environmental covenant describes activity and use limitations for the property, based on remaining contamination making it safe for some, but not all, uses.","Site_Report_Link":"http://dec.alaska.gov/Applications/SPAR/PublicMVC/CSP/SiteReport/27355"}},{"type":"Feature","geometry":{"type":"Point","coordinates":[-147.13653297418489,64.705316905017398]},"properties":{"Site_Name":"Eielson AFB Basewide PFAS - RH Casperson Subd, Block 2, Lot 1A","Status":"Informational","Address_1":"3606 Osiris St","City":"North Pole","State":"AK","Zip_Code":"99705","Site_Type":"Military Installation - Base/Post/Other","Problem_Description":"This Hazard ID has been entered in Informational status because of the application of an environmental covenant due to contamination from the following site: Hazard ID 26773 - Eielson AFB Basewide (AKA Sitewide) PFAS. The property is underlain by per- and polyfluorinated alkyl substances (PFAS) in groundwater. The environmental covenant describes activity and use limitations for the property, based on remaining contamination making it safe for some, but not all, uses.","Site_Report_Link":"http://dec.alaska.gov/Applications/SPAR/PublicMVC/CSP/SiteReport/27356"}},{"type":"Feature","geometry":{"type":"Point","coordinates":[-147.15868997416402,64.714548904622859]},"properties":{"Site_Name":"Eielson AFB Basewide PFAS - Frito Subd, Block 1, Lot 4","Status":"Informational","Address_1":"4730 Rivers St","City":"North Pole","State":"AK","Zip_Code":"99705","Site_Type":"Military Installation - Base/Post/Other","Problem_Description":"This Hazard ID has been entered in Informational status because of the application of an environmental covenant due to contamination from the following site: Hazard ID 26773 - Eielson AFB Basewide (AKA Sitewide) PFAS. The property is underlain by per- and polyfluorinated alkyl substances (PFAS) in groundwater. The environmental covenant describes activity and use limitations for the property, based on remaining contamination making it safe for some, but not all, uses.","Site_Report_Link":"http://dec.alaska.gov/Applications/SPAR/PublicMVC/CSP/SiteReport/27357"}},{"type":"Feature","geometry":{"type":"Point","coordinates":[-147.14031497580103,64.704799904772301]},"properties":{"Site_Name":"Eielson AFB Basewide PFAS - RH Casperson Subd, Block 1, Lot 1","Status":"Informational","Address_1":"3614 Old Richardson Hwy","City":"North Pole","State":"AK","Zip_Code":"99705","Site_Type":"Military Installation - Base/Post/Other","Problem_Description":"This Hazard ID has been entered in Informational status because of the application of an environmental covenant due to contamination from the following site: Hazard ID 26773 - Eielson AFB Basewide (AKA Sitewide) PFAS. The property is underlain by per- and polyfluorinated alkyl substances (PFAS) in groundwater. The environmental covenant describes activity and use limitations for the property, based on remaining contamination making it safe for some, but not all, uses.","Site_Report_Link":"http://dec.alaska.gov/Applications/SPAR/PublicMVC/CSP/SiteReport/27358"}},{"type":"Feature","geometry":{"type":"Point","coordinates":[-147.15630997589793,64.709712904689184]},"properties":{"Site_Name":"Eielson AFB Basewide PFAS - Beaird and Cline Subd, Portion of Lot 2, FNSB PAN 118702","Status":"Informational","Address_1":"3519 Hope Street","City":"North Pole","State":"AK","Zip_Code":"99705","Site_Type":"Military Installation - Base/Post/Other","Problem_Description":"This Hazard ID has been entered in Informational status because of the application of an environmental covenant due to contamination from the following site: Hazard ID 26773 - Eielson AFB Basewide (AKA Sitewide) PFAS. The property is underlain by per- and polyfluorinated alkyl substances (PFAS) in groundwater. The environmental covenant describes activity and use limitations for the property, based on remaining contamination making it safe for some, but not all, uses.","Site_Report_Link":"http://dec.alaska.gov/Applications/SPAR/PublicMVC/CSP/SiteReport/27360"}},{"type":"Feature","geometry":{"type":"Point","coordinates":[-147.15628897416613,64.709478904502092]},"properties":{"Site_Name":"Eielson AFB Basewide PFAS - Beaird and Cline Subd, Portion of Lot 2, FNSB PAN 118729","Status":"Informational","Address_1":"Beaird and Cline Subdivision, Portion of Lot 2","City":"North Pole","State":"AK","Zip_Code":"99705","Site_Type":"Military Installation - Base/Post/Other","Problem_Description":"This Hazard ID has been entered in Informational status because of the application of an environmental covenant due to contamination from the following site: Hazard ID 26773 - Eielson AFB Basewide (AKA Sitewide) PFAS. The property is underlain by per- and polyfluorinated alkyl substances (PFAS) in groundwater. The environmental covenant describes activity and use limitations for the property, based on remaining contamination making it safe for some, but not all, uses.","Site_Report_Link":"http://dec.alaska.gov/Applications/SPAR/PublicMVC/CSP/SiteReport/27361"}},{"type":"Feature","geometry":{"type":"Point","coordinates":[-147.17374197383856,64.714908904527903]},"properties":{"Site_Name":"Eielson AFB Basewide PFAS - Cardaro Subd, Lot 1","Status":"Informational","Address_1":"4589 Eastern Street","City":"North Pole","State":"AK","Zip_Code":"99705","Site_Type":"Military Installation - Base/Post/Other","Problem_Description":"This Hazard ID has been entered in Informational status because of the application of an environmental covenant due to contamination from the following site: Hazard ID 26773 - Eielson AFB Basewide (AKA Sitewide) PFAS. The property is underlain by per- and polyfluorinated alkyl substances (PFAS) in groundwater. The environmental covenant describes activity and use limitations for the property, based on remaining contamination making it safe for some, but not all, uses.","Site_Report_Link":"http://dec.alaska.gov/Applications/SPAR/PublicMVC/CSP/SiteReport/27362"}},{"type":"Feature","geometry":{"type":"Point","coordinates":[-147.17154897439184,64.714826905337205]},"properties":{"Site_Name":"Eielson AFB Basewide PFAS - Cardaro Subd, Lot 3","Status":"Informational","Address_1":"4609 Eastern Street","City":"North Pole","State":"AK","Zip_Code":"99705","Site_Type":"Military Installation - Base/Post/Other","Problem_Description":"This Hazard ID has been entered in Informational status because of the application of an environmental covenant due to contamination from the following site: Hazard ID 26773 - Eielson AFB Basewide (AKA Sitewide) PFAS. The property is underlain by per- and polyfluorinated alkyl substances (PFAS) in groundwater. The environmental covenant describes activity and use limitations for the property, based on remaining contamination making it safe for some, but not all, uses.","Site_Report_Link":"http://dec.alaska.gov/Applications/SPAR/PublicMVC/CSP/SiteReport/27363"}},{"type":"Feature","geometry":{"type":"Point","coordinates":[-147.1697609756161,64.714959905053107]},"properties":{"Site_Name":"Eielson AFB Basewide PFAS - Cardaro Subd, Lot 4","Status":"Informational","Address_1":"3395 Hub Road, Unit A","City":"North Pole","State":"AK","Zip_Code":"99705","Site_Type":"Military Installation - Base/Post/Other","Problem_Description":"This Hazard ID has been entered in Informational status because of the application of an environmental covenant due to contamination from the following site: Hazard ID 26773 - Eielson AFB Basewide (AKA Sitewide) PFAS. The property is underlain by per- and polyfluorinated alkyl substances (PFAS) in groundwater. The environmental covenant describes activity and use limitations for the property, based on remaining contamination making it safe for some, but not all, uses.","Site_Report_Link":"http://dec.alaska.gov/Applications/SPAR/PublicMVC/CSP/SiteReport/27364"}},{"type":"Feature","geometry":{"type":"Point","coordinates":[-147.16763397390449,64.714535905029436]},"properties":{"Site_Name":"Eielson AFB Basewide PFAS - Cardaro Subd, Lot 6","Status":"Informational","Address_1":"3396 Hub Road, Unit A","City":"North Pole","State":"AK","Zip_Code":"99705","Site_Type":"Military Installation - Base/Post/Other","Problem_Description":"This Hazard ID has been entered in Informational status because of the application of an environmental covenant due to contamination from the following site: Hazard ID 26773 - Eielson AFB Basewide (AKA Sitewide) PFAS. The property is underlain by per- and polyfluorinated alkyl substances (PFAS) in groundwater. The environmental covenant describes activity and use limitations for the property, based on remaining contamination making it safe for some, but not all, uses.","Site_Report_Link":"http://dec.alaska.gov/Applications/SPAR/PublicMVC/CSP/SiteReport/27365"}},{"type":"Feature","geometry":{"type":"Point","coordinates":[-147.16804197565463,64.715218905040643]},"properties":{"Site_Name":"Eielson AFB Basewide PFAS - Cardaro Subd, Lot 7","Status":"Informational","Address_1":"3388 Hub Road","City":"North Pole","State":"AK","Zip_Code":"99705","Site_Type":"Military Installation - Base/Post/Other","Problem_Description":"This Hazard ID has been entered in Informational status because of the application of an environmental covenant due to contamination from the following site: Hazard ID 26773 - Eielson AFB Basewide (AKA Sitewide) PFAS. The property is underlain by per- and polyfluorinated alkyl substances (PFAS) in groundwater. The environmental covenant describes activity and use limitations for the property, based on remaining contamination making it safe for some, but not all, uses.","Site_Report_Link":"http://dec.alaska.gov/Applications/SPAR/PublicMVC/CSP/SiteReport/27366"}},{"type":"Feature","geometry":{"type":"Point","coordinates":[-147.16958297516175,64.715803905246872]},"properties":{"Site_Name":"Eielson AFB Basewide PFAS - Cardaro Subd, 1st Add, Block 1, Lot 6","Status":"Informational","Address_1":"4622 Eastern Street; Cadaro Subd, 1st Add, Block 1, Lot 6","City":"North Pole","State":"AK","Zip_Code":"99705","Site_Type":"Military Installation - Base/Post/Other","Problem_Description":"This Hazard ID has been entered in Informational status because of the application of an environmental covenant due to contamination from the following site: Hazard ID 26773 - Eielson AFB Basewide (AKA Sitewide) PFAS. The property is underlain by per- and polyfluorinated alkyl substances (PFAS) in groundwater. The environmental covenant describes activity and use limitations for the property, based on remaining contamination making it safe for some, but not all, uses.","Site_Report_Link":"http://dec.alaska.gov/Applications/SPAR/PublicMVC/CSP/SiteReport/27367"}},{"type":"Feature","geometry":{"type":"Point","coordinates":[-147.17295097455005,64.715817904853282]},"properties":{"Site_Name":"Eielson AFB Basewide PFAS - Cardaro Subd, 1st Add, Block 1, Lot 9","Status":"Informational","Address_1":"4598 Eastern Street","City":"North Pole","State":"AK","Zip_Code":"99705","Site_Type":"Military Installation - Base/Post/Other","Problem_Description":"This Hazard ID has been entered in Informational status because of the application of an environmental covenant due to contamination from the following site: Hazard ID 26773 - Eielson AFB Basewide (AKA Sitewide) PFAS. The property is underlain by per- and polyfluorinated alkyl substances (PFAS) in groundwater. The environmental covenant describes activity and use limitations for the property, based on remaining contamination making it safe for some, but not all, uses.","Site_Report_Link":"http://dec.alaska.gov/Applications/SPAR/PublicMVC/CSP/SiteReport/27368"}},{"type":"Feature","geometry":{"type":"Point","coordinates":[-147.17073997437464,64.71584590485017]},"properties":{"Site_Name":"Eielson AFB Basewide PFAS - Cardaro Subd, 1st Add, Block 1, Lot 7","Status":"Informational","Address_1":"4618 Eastern Street","City":"North Pole","State":"AK","Zip_Code":"99705","Site_Type":"Military Installation - Base/Post/Other","Problem_Description":"This Hazard ID has been entered in Informational status because of the application of an environmental covenant due to contamination from the following site: Hazard ID 26773 - Eielson AFB Basewide (AKA Sitewide) PFAS. The property is underlain by per- and polyfluorinated alkyl substances (PFAS) in groundwater. The environmental covenant describes activity and use limitations for the property, based on remaining contamination making it safe for some, but not all, uses.","Site_Report_Link":"http://dec.alaska.gov/Applications/SPAR/PublicMVC/CSP/SiteReport/27377"}},{"type":"Feature","geometry":{"type":"Point","coordinates":[-147.17420597525185,64.715827905190196]},"properties":{"Site_Name":"Eielson AFB Basewide PFAS - Cardaro Subd, 1st Add, Block 1, Lot 10","Status":"Informational","Address_1":"3370 Baker Road","City":"North Pole","State":"AK","Zip_Code":"99705","Site_Type":"Military Installation - Base/Post/Other","Problem_Description":"This Hazard ID has been entered in Informational status because of the application of an environmental covenant due to contamination from the following site: Hazard ID 26773 - Eielson AFB Basewide (AKA Sitewide) PFAS. The property is underlain by per- and polyfluorinated alkyl substances (PFAS) in groundwater. The environmental covenant describes activity and use limitations for the property, based on remaining contamination making it safe for some, but not all, uses.","Site_Report_Link":"http://dec.alaska.gov/Applications/SPAR/PublicMVC/CSP/SiteReport/27378"}},{"type":"Feature","geometry":{"type":"Point","coordinates":[-147.16762897586366,64.718888904510223]},"properties":{"Site_Name":"Eielson AFB Basewide PFAS - Cardaro Subd, 2nd Add, Block 2, Lot 1","Status":"Informational","Address_1":"Cardaro Subdivision, 2nd Addition, Block 2, Lot 1","City":"North Pole","State":"AK","Zip_Code":"99705","Site_Type":"Military Installation - Base/Post/Other","Problem_Description":"This Hazard ID has been entered in Informational status because of the application of an environmental covenant due to contamination from the following site: Hazard ID 26773 - Eielson AFB Basewide (AKA Sitewide) PFAS. The property is underlain by per- and polyfluorinated alkyl substances (PFAS) in groundwater. The environmental covenant describes activity and use limitations for the property, based on remaining contamination making it safe for some, but not all, uses.","Site_Report_Link":"http://dec.alaska.gov/Applications/SPAR/PublicMVC/CSP/SiteReport/27379"}},{"type":"Feature","geometry":{"type":"Point","coordinates":[-147.16768497547798,64.718416904896358]},"properties":{"Site_Name":"Eielson AFB Basewide PFAS - Cardaro Subd, 2nd Add, Block 2, Lot 2","Status":"Informational","Address_1":"3316 Mildred Avenue","City":"North Pole","State":"AK","Zip_Code":"99705","Site_Type":"Military Installation - Base/Post/Other","Problem_Description":"This Hazard ID has been entered in Informational status because of the application of an environmental covenant due to contamination from the following site: Hazard ID 26773 - Eielson AFB Basewide (AKA Sitewide) PFAS. The property is underlain by per- and polyfluorinated alkyl substances (PFAS) in groundwater. The environmental covenant describes activity and use limitations for the property, based on remaining contamination making it safe for some, but not all, uses.","Site_Report_Link":"http://dec.alaska.gov/Applications/SPAR/PublicMVC/CSP/SiteReport/27380"}},{"type":"Feature","geometry":{"type":"Point","coordinates":[-147.16761597554751,64.717972905120732]},"properties":{"Site_Name":"Eielson AFB Basewide PFAS - Cardaro Subd, 2nd Add, Block 2, Lot 3","Status":"Informational","Address_1":"Cardaro Subdivision, 2nd Addition, Block 2, Lot 3","City":"North Pole","State":"AK","Zip_Code":"99705","Site_Type":"Military Installation - Base/Post/Other","Problem_Description":"This Hazard ID has been entered in Informational status because of the application of an environmental covenant due to contamination from the following site: Hazard ID 26773 - Eielson AFB Basewide (AKA Sitewide) PFAS. The property is underlain by per- and polyfluorinated alkyl substances (PFAS) in groundwater. The environmental covenant describes activity and use limitations for the property, based on remaining contamination making it safe for some, but not all, uses.","Site_Report_Link":"http://dec.alaska.gov/Applications/SPAR/PublicMVC/CSP/SiteReport/27381"}},{"type":"Feature","geometry":{"type":"Point","coordinates":[-147.1676479749631,64.717518905338551]},"properties":{"Site_Name":"Eielson AFB Basewide PFAS - Cardaro Subd, 2nd Add, Block 2, Lot 4","Status":"Informational","Address_1":"3334 Mildred Avenue","City":"North Pole","State":"AK","Zip_Code":"99705","Site_Type":"Military Installation - Base/Post/Other","Problem_Description":"This Hazard ID has been entered in Informational status because of the application of an environmental covenant due to contamination from the following site: Hazard ID 26773 - Eielson AFB Basewide (AKA Sitewide) PFAS. The property is underlain by per- and polyfluorinated alkyl substances (PFAS) in groundwater. The environmental covenant describes activity and use limitations for the property, based on remaining contamination making it safe for some, but not all, uses.","Site_Report_Link":"http://dec.alaska.gov/Applications/SPAR/PublicMVC/CSP/SiteReport/27382"}},{"type":"Feature","geometry":{"type":"Point","coordinates":[-134.5742740339318,58.357474915697729]},"properties":{"Site_Name":"CBJ Juneau Airport CCFR Engine A3 AFFF","Status":"Active","Address_1":"Juneau Airport, 1873 Shell Simmons Drive, W of CCFR Glacier Station 3 at 1700 Crest Avenue","City":"Juneau","State":"AK","Zip_Code":"99801","Site_Type":"Airport/Airfield","Problem_Description":"On April 21, 2021, approximately 2.25 gallons of Ansulite AFC-3MS-C, 3% Aqueous Film Forming Foam (AFFF) concentrate mixed with 200-300 gallons of water were accidentally released to the ground when the foam release button was left on during a weekly check of Capital City Fire Rescue (CCFR) aircraft rescue and firefighting vehicle (ARFF) A3.  The release occurred at the City and Borough of Juneau (CBJ) International Airport, just west of CCFR Glacier/Airport Station 3 and ~20 yards north of Jordan Creek.  The estimated surface area affected was 20 x 40 square yards.","Site_Report_Link":"http://dec.alaska.gov/Applications/SPAR/PublicMVC/CSP/SiteReport/27384"}},{"type":"Feature","geometry":{"type":"Point","coordinates":[-147.16761597389711,64.717055904845523]},"properties":{"Site_Name":"Eielson AFB Basewide PFAS - Cardaro Subd, 2nd Add, Block 2, Lot 5","Status":"Informational","Address_1":"Cardaro Subdivision, 2nd Addition, Block 2, Lot 5","City":"North Pole","State":"AK","Zip_Code":"99705","Site_Type":"Military Installation - Base/Post/Other","Problem_Description":"This Hazard ID has been entered in Informational status because of the application of an environmental covenant due to contamination from the following site: Hazard ID 26773 - Eielson AFB Basewide (AKA Sitewide) PFAS. The property is underlain by per- and polyfluorinated alkyl substances (PFAS) in groundwater. The environmental covenant describes activity and use limitations for the property, based on remaining contamination making it safe for some, but not all, uses.","Site_Report_Link":"http://dec.alaska.gov/Applications/SPAR/PublicMVC/CSP/SiteReport/27385"}},{"type":"Feature","geometry":{"type":"Point","coordinates":[-147.16760497456983,64.716615905127128]},"properties":{"Site_Name":"Eielson AFB Basewide PFAS - Cardaro Subd, 2nd Add, Block 2, Lot 6","Status":"Informational","Address_1":"Cardaro Subdivision, 2nd Addition, Block 2, Lot 6","City":"North Pole","State":"AK","Zip_Code":"99705","Site_Type":"Military Installation - Base/Post/Other","Problem_Description":"This Hazard ID has been entered in Informational status because of the application of an environmental covenant due to contamination from the following site: Hazard ID 26773 - Eielson AFB Basewide (AKA Sitewide) PFAS. The property is underlain by per- and polyfluorinated alkyl substances (PFAS) in groundwater. The environmental covenant describes activity and use limitations for the property, based on remaining contamination making it safe for some, but not all, uses.","Site_Report_Link":"http://dec.alaska.gov/Applications/SPAR/PublicMVC/CSP/SiteReport/27386"}},{"type":"Feature","geometry":{"type":"Point","coordinates":[-147.16763797535131,64.716139905182629]},"properties":{"Site_Name":"Eielson AFB Basewide PFAS - Cardaro Subd, 2nd Add, Block 2, Lot 7","Status":"Informational","Address_1":"Cardaro Subdivision, 2nd Addition, Block 2, Lot 7","City":"North Pole","State":"AK","Zip_Code":"99705","Site_Type":"Military Installation - Base/Post/Other","Problem_Description":"This Hazard ID has been entered in Informational status because of the application of an environmental covenant due to contamination from the following site: Hazard ID 26773 - Eielson AFB Basewide (AKA Sitewide) PFAS. The property is underlain by per- and polyfluorinated alkyl substances (PFAS) in groundwater. The environmental covenant describes activity and use limitations for the property, based on remaining contamination making it safe for some, but not all, uses.","Site_Report_Link":"http://dec.alaska.gov/Applications/SPAR/PublicMVC/CSP/SiteReport/27387"}},{"type":"Feature","geometry":{"type":"Point","coordinates":[-147.16771297486378,64.715726904523081]},"properties":{"Site_Name":"Eielson AFB Basewide PFAS - Cardaro Subd, 2nd Add, Block 2, Lot 8","Status":"Informational","Address_1":"3376 Mildred Avenue","City":"North Pole","State":"AK","Zip_Code":"99705","Site_Type":"Military Installation - Base/Post/Other","Problem_Description":"This Hazard ID has been entered in Informational status because of the application of an environmental covenant due to contamination from the following site: Hazard ID 26773 - Eielson AFB Basewide (AKA Sitewide) PFAS. The property is underlain by per- and polyfluorinated alkyl substances (PFAS) in groundwater. The environmental covenant describes activity and use limitations for the property, based on remaining contamination making it safe for some, but not all, uses.","Site_Report_Link":"http://dec.alaska.gov/Applications/SPAR/PublicMVC/CSP/SiteReport/27388"}},{"type":"Feature","geometry":{"type":"Point","coordinates":[-147.13986697559622,64.704849904493429]},"properties":{"Site_Name":"Eielson AFB Basewide PFAS - RH Casperson Subd, Block 1, Lot ","Status":"Informational","Address_1":"RH Casperson Subdivision, Block 1, Lot 2","City":"North Pole","State":"AK","Zip_Code":"99705","Site_Type":"Military Installation - Base/Post/Other","Problem_Description":"This Hazard ID has been entered in Informational status because of the application of an environmental covenant due to contamination from the following site: Hazard ID 26773 - Eielson AFB Basewide (AKA Sitewide) PFAS. The property is underlain by per- and polyfluorinated alkyl substances (PFAS) in groundwater. The environmental covenant describes activity and use limitations for the property, based on remaining contamination making it safe for some, but not all, uses.","Site_Report_Link":"http://dec.alaska.gov/Applications/SPAR/PublicMVC/CSP/SiteReport/27389"}},{"type":"Feature","geometry":{"type":"Point","coordinates":[-147.13954497528812,64.704847904887941]},"properties":{"Site_Name":"Eielson AFB Basewide PFAS - RH Casperson Subd, Block 1, Lots 3, 4, 5 and 6","Status":"Informational","Address_1":"4911 Adonis Avenue; RH Casperson Subdivision, Block 1, Lots 3, 4, 5 and 6","City":"North Pole","State":"AK","Zip_Code":"99705","Site_Type":"Military Installation - Base/Post/Other","Problem_Description":"This Hazard ID has been entered in Informational status because of the application of an environmental covenant due to contamination from the following site: Hazard ID 26773 - Eielson AFB Basewide (AKA Sitewide) PFAS. The property is underlain by per- and polyfluorinated alkyl substances (PFAS) in groundwater. The environmental covenant describes activity and use limitations for the property, based on remaining contamination making it safe for some, but not all, uses.","Site_Report_Link":"http://dec.alaska.gov/Applications/SPAR/PublicMVC/CSP/SiteReport/27390"}},{"type":"Feature","geometry":{"type":"Point","coordinates":[-147.13779597467581,64.70484590529199]},"properties":{"Site_Name":"Eielson AFB Basewide PFAS - RH Casperson Subd, Block 1, Lots 7 and 8","Status":"Informational","Address_1":"4923 Adonis Avenue; RH Casperson Subdivision, Block 1, Lots 7 and 8","City":"North Pole","State":"AK","Zip_Code":"99705","Site_Type":"Military Installation - Base/Post/Other","Problem_Description":"This Hazard ID has been entered in Informational status because of the application of an environmental covenant due to contamination from the following site: Hazard ID 26773 - Eielson AFB Basewide (AKA Sitewide) PFAS. The property is underlain by per- and polyfluorinated alkyl substances (PFAS) in groundwater. The environmental covenant describes activity and use limitations for the property, based on remaining contamination making it safe for some, but not all, uses.","Site_Report_Link":"http://dec.alaska.gov/Applications/SPAR/PublicMVC/CSP/SiteReport/27391"}},{"type":"Feature","geometry":{"type":"Point","coordinates":[-147.13665897504106,64.704852905205044]},"properties":{"Site_Name":"Eielson AFB Basewide PFAS - RH Casperson Subd, Block 1, Lots 11, 12 and 13","Status":"Informational","Address_1":"4943 Adonis Avenue; RH Casperson Subdivision, Block 1, Lots 11, 12 and 13","City":"North Pole","State":"AK","Zip_Code":"99705","Site_Type":"Military Installation - Base/Post/Other","Problem_Description":"This Hazard ID has been entered in Informational status because of the application of an environmental covenant due to contamination from the following site: Hazard ID 26773 - Eielson AFB Basewide (AKA Sitewide) PFAS. The property is underlain by per- and polyfluorinated alkyl substances (PFAS) in groundwater. The environmental covenant describes activity and use limitations for the property, based on remaining contamination making it safe for some, but not all, uses.","Site_Report_Link":"http://dec.alaska.gov/Applications/SPAR/PublicMVC/CSP/SiteReport/27392"}},{"type":"Feature","geometry":{"type":"Point","coordinates":[-147.13569297582532,64.704870905307828]},"properties":{"Site_Name":"Eielson AFB Basewide PFAS - RH Casperson Subd, Block 1, Lots 14, 15 and 16","Status":"Informational","Address_1":"4951 Adonis Avenue;  RH Casperson Subdivision, Block 1, Lots 14, 15 and 16","City":"North Pole","State":"AK","Zip_Code":"99705","Site_Type":"Military Installation - Base/Post/Other","Problem_Description":"This Hazard ID has been entered in Informational status because of the application of an environmental covenant due to contamination from the following site: Hazard ID 26773 - Eielson AFB Basewide (AKA Sitewide) PFAS. The property is underlain by per- and polyfluorinated alkyl substances (PFAS) in groundwater. The environmental covenant describes activity and use limitations for the property, based on remaining contamination making it safe for some, but not all, uses.","Site_Report_Link":"http://dec.alaska.gov/Applications/SPAR/PublicMVC/CSP/SiteReport/27393"}},{"type":"Feature","geometry":{"type":"Point","coordinates":[-147.13507597476269,64.704854905293203]},"properties":{"Site_Name":"Eielson AFB Basewide PFAS - RH Casperson Subd, Block 1, Lot 17","Status":"Informational","Address_1":"RH Casperson Subdivision, Block 1, Lot 17","City":"North Pole","State":"AK","Zip_Code":"99705","Site_Type":"Military Installation - Base/Post/Other","Problem_Description":"This Hazard ID has been entered in Informational status because of the application of an environmental covenant due to contamination from the following site: Hazard ID 26773 - Eielson AFB Basewide (AKA Sitewide) PFAS. The property is underlain by per- and polyfluorinated alkyl substances (PFAS) in groundwater. The environmental covenant describes activity and use limitations for the property, based on remaining contamination making it safe for some, but not all, uses.","Site_Report_Link":"http://dec.alaska.gov/Applications/SPAR/PublicMVC/CSP/SiteReport/27394"}},{"type":"Feature","geometry":{"type":"Point","coordinates":[-147.134759975837,64.704856904981355]},"properties":{"Site_Name":"Eielson AFB Basewide PFAS - RH Casperson Subd, Block 1, Lot 18","Status":"Informational","Address_1":"4959 Adonis Avenue","City":"North Pole","State":"AK","Zip_Code":"99705","Site_Type":"Military Installation - Base/Post/Other","Problem_Description":"This Hazard ID has been entered in Informational status because of the application of an environmental covenant due to contamination from the following site: Hazard ID 26773 - Eielson AFB Basewide (AKA Sitewide) PFAS. The property is underlain by per- and polyfluorinated alkyl substances (PFAS) in groundwater. The environmental covenant describes activity and use limitations for the property, based on remaining contamination making it safe for some, but not all, uses.","Site_Report_Link":"http://dec.alaska.gov/Applications/SPAR/PublicMVC/CSP/SiteReport/27395"}},{"type":"Feature","geometry":{"type":"Point","coordinates":[-147.1344319760085,64.704852904554087]},"properties":{"Site_Name":"Eielson AFB Basewide PFAS - RH Casperson Subd, Block 1, Lot 19","Status":"Informational","Address_1":"RH Casperson Subdivision, Block 1, Lot 19","City":"North Pole","State":"AK","Zip_Code":"99705","Site_Type":"Military Installation - Base/Post/Other","Problem_Description":"This Hazard ID has been entered in Informational status because of the application of an environmental covenant due to contamination from the following site: Hazard ID 26773 - Eielson AFB Basewide (AKA Sitewide) PFAS. The property is underlain by per- and polyfluorinated alkyl substances (PFAS) in groundwater. The environmental covenant describes activity and use limitations for the property, based on remaining contamination making it safe for some, but not all, uses.","Site_Report_Link":"http://dec.alaska.gov/Applications/SPAR/PublicMVC/CSP/SiteReport/27396"}},{"type":"Feature","geometry":{"type":"Point","coordinates":[-147.13379897442078,64.704859905304687]},"properties":{"Site_Name":"Eielson AFB Basewide PFAS - RH Casperson Subd, Block 1, Lot 20A","Status":"Informational","Address_1":"4969 Adonis Avenue","City":"North Pole","State":"AK","Zip_Code":"99705","Site_Type":"Military Installation - Base/Post/Other","Problem_Description":"This Hazard ID has been entered in Informational status because of the application of an environmental covenant due to contamination from the following site: Hazard ID 26773 - Eielson AFB Basewide (AKA Sitewide) PFAS. The property is underlain by per- and polyfluorinated alkyl substances (PFAS) in groundwater. The environmental covenant describes activity and use limitations for the property, based on remaining contamination making it safe for some, but not all, uses.","Site_Report_Link":"http://dec.alaska.gov/Applications/SPAR/PublicMVC/CSP/SiteReport/27397"}},{"type":"Feature","geometry":{"type":"Point","coordinates":[-147.13278597517717,64.704854904481266]},"properties":{"Site_Name":"Eielson AFB Basewide PFAS - RH Casperson Subd, Block 1, Lot 23A","Status":"Informational","Address_1":"4975 Adonis Avenue","City":"North Pole","State":"AK","Zip_Code":"99705","Site_Type":"Military Installation - Base/Post/Other","Problem_Description":"This Hazard ID has been entered in Informational status because of the application of an environmental covenant due to contamination from the following site: Hazard ID 26773 - Eielson AFB Basewide (AKA Sitewide) PFAS. The property is underlain by per- and polyfluorinated alkyl substances (PFAS) in groundwater. The environmental covenant describes activity and use limitations for the property, based on remaining contamination making it safe for some, but not all, uses.","Site_Report_Link":"http://dec.alaska.gov/Applications/SPAR/PublicMVC/CSP/SiteReport/27398"}},{"type":"Feature","geometry":{"type":"Point","coordinates":[-147.13193797410412,64.704829905015643]},"properties":{"Site_Name":"Eielson AFB Basewide PFAS - RH Casperson Subd, Block 1, Lot 26","Status":"Informational","Address_1":"4989 Adonis Avenue","City":"North Pole","State":"AK","Zip_Code":"99705","Site_Type":"Military Installation - Base/Post/Other","Problem_Description":"This Hazard ID has been entered in Informational status because of the application of an environmental covenant due to contamination from the following site: Hazard ID 26773 - Eielson AFB Basewide (AKA Sitewide) PFAS. The property is underlain by per- and polyfluorinated alkyl substances (PFAS) in groundwater. The environmental covenant describes activity and use limitations for the property, based on remaining contamination making it safe for some, but not all, uses.","Site_Report_Link":"http://dec.alaska.gov/Applications/SPAR/PublicMVC/CSP/SiteReport/27399"}},{"type":"Feature","geometry":{"type":"Point","coordinates":[-147.16142197478848,64.715318904800156]},"properties":{"Site_Name":"Eielson AFB Basewide PFAS - Frito Subd, Block 1, Lot 8","Status":"Informational","Address_1":"4708 Rivers Street; Frito Subdivision, Block 1, Lot 8","City":"North Pole","State":"AK","Zip_Code":"99705","Site_Type":"Military Installation - Base/Post/Other","Problem_Description":"This Hazard ID has been entered in Informational status because of the application of an environmental covenant due to contamination from the following site: Hazard ID 26773 - Eielson AFB Basewide (AKA Sitewide) PFAS. The property is underlain by per- and polyfluorinated alkyl substances (PFAS) in groundwater. The environmental covenant describes activity and use limitations for the property, based on remaining contamination making it safe for some, but not all, uses.","Site_Report_Link":"http://dec.alaska.gov/Applications/SPAR/PublicMVC/CSP/SiteReport/27400"}},{"type":"Feature","geometry":{"type":"Point","coordinates":[-147.16114297444264,64.714575904553485]},"properties":{"Site_Name":"Eielson AFB Basewide PFAS - Frito Subd, Block 2, Lot 5","Status":"Informational","Address_1":"4719 Rivers Street","City":"North Pole","State":"AK","Zip_Code":"99705","Site_Type":"Military Installation - Base/Post/Other","Problem_Description":"This Hazard ID has been entered in Informational status because of the application of an environmental covenant due to contamination from the following site: Hazard ID 26773 - Eielson AFB Basewide (AKA Sitewide) PFAS. The property is underlain by per- and polyfluorinated alkyl substances (PFAS) in groundwater. The environmental covenant describes activity and use limitations for the property, based on remaining contamination making it safe for some, but not all, uses.","Site_Report_Link":"http://dec.alaska.gov/Applications/SPAR/PublicMVC/CSP/SiteReport/27401"}},{"type":"Feature","geometry":{"type":"Point","coordinates":[-147.15955597411926,64.714149904926941]},"properties":{"Site_Name":"Eielson AFB Basewide PFAS - Frito Subd, Block 2, Lot 8","Status":"Informational","Address_1":"4725 Rivers Street","City":"North Pole","State":"AK","Zip_Code":"99705","Site_Type":"Military Installation - Base/Post/Other","Problem_Description":"This Hazard ID has been entered in Informational status because of the application of an environmental covenant due to contamination from the following site: Hazard ID 26773 - Eielson AFB Basewide (AKA Sitewide) PFAS. The property is underlain by per- and polyfluorinated alkyl substances (PFAS) in groundwater. The environmental covenant describes activity and use limitations for the property, based on remaining contamination making it safe for some, but not all, uses.","Site_Report_Link":"http://dec.alaska.gov/Applications/SPAR/PublicMVC/CSP/SiteReport/27402"}},{"type":"Feature","geometry":{"type":"Point","coordinates":[-147.1618089753544,64.714124905185656]},"properties":{"Site_Name":"Eielson AFB Basewide PFAS - Frito Subd, Block 2, Lot 14","Status":"Informational","Address_1":"4704 Pam Avenue","City":"North Pole","State":"AK","Zip_Code":"99705","Site_Type":"Military Installation - Base/Post/Other","Problem_Description":"This Hazard ID has been entered in Informational status because of the application of an environmental covenant due to contamination from the following site: Hazard ID 26773 - Eielson AFB Basewide (AKA Sitewide) PFAS. The property is underlain by per- and polyfluorinated alkyl substances (PFAS) in groundwater. The environmental covenant describes activity and use limitations for the property, based on remaining contamination making it safe for some, but not all, uses.","Site_Report_Link":"http://dec.alaska.gov/Applications/SPAR/PublicMVC/CSP/SiteReport/27403"}},{"type":"Feature","geometry":{"type":"Point","coordinates":[-147.16123497432622,64.713975904824181]},"properties":{"Site_Name":"Eielson AFB Basewide PFAS - Frito Subd, Block 2, Lot 15","Status":"Informational","Address_1":"4710 Pam Avenue","City":"North Pole","State":"AK","Zip_Code":"99705","Site_Type":"Military Installation - Base/Post/Other","Problem_Description":"This Hazard ID has been entered in Informational status because of the application of an environmental covenant due to contamination from the following site: Hazard ID 26773 - Eielson AFB Basewide (AKA Sitewide) PFAS. The property is underlain by per- and polyfluorinated alkyl substances (PFAS) in groundwater. The environmental covenant describes activity and use limitations for the property, based on remaining contamination making it safe for some, but not all, uses.","Site_Report_Link":"http://dec.alaska.gov/Applications/SPAR/PublicMVC/CSP/SiteReport/27404"}},{"type":"Feature","geometry":{"type":"Point","coordinates":[-147.15851997548407,64.71322690536293]},"properties":{"Site_Name":"Eielson AFB Basewide PFAS - Frito Subd, Block 2, Lot 20","Status":"Informational","Address_1":"3437 Osage Street","City":"North Pole","State":"AK","Zip_Code":"99705","Site_Type":"Military Installation - Base/Post/Other","Problem_Description":"This Hazard ID has been entered in Informational status because of the application of an environmental covenant due to contamination from the following site: Hazard ID 26773 - Eielson AFB Basewide (AKA Sitewide) PFAS. The property is underlain by per- and polyfluorinated alkyl substances (PFAS) in groundwater. The environmental covenant describes activity and use limitations for the property, based on remaining contamination making it safe for some, but not all, uses.","Site_Report_Link":"http://dec.alaska.gov/Applications/SPAR/PublicMVC/CSP/SiteReport/27407"}},{"type":"Feature","geometry":{"type":"Point","coordinates":[-147.20188497517768,64.718704904685907]},"properties":{"Site_Name":"Eielson AFB Basewide PFAS - Moose Creek Subd, 1st Add, Lot 5","Status":"Informational","Address_1":"4320 Lauesen Avenue","City":"North Pole","State":"AK","Zip_Code":"99705","Site_Type":"Military Installation - Base/Post/Other","Problem_Description":"This Hazard ID has been entered in Informational status because of the application of an environmental covenant due to contamination from the following site: Hazard ID 26773 - Eielson AFB Basewide (AKA Sitewide) PFAS. The property is underlain by per- and polyfluorinated alkyl substances (PFAS) in groundwater. The environmental covenant describes activity and use limitations for the property, based on remaining contamination making it safe for some, but not all, uses.","Site_Report_Link":"http://dec.alaska.gov/Applications/SPAR/PublicMVC/CSP/SiteReport/27408"}},{"type":"Feature","geometry":{"type":"Point","coordinates":[-147.19920297412349,64.718732905082462]},"properties":{"Site_Name":"Eielson AFB Basewide PFAS - Moose Creek Subd, 1st Add, Lot 6","Status":"Informational","Address_1":"4348 Lauesen Avenue","City":"North Pole","State":"AK","Zip_Code":"99705","Site_Type":"Military Installation - Base/Post/Other","Problem_Description":"This Hazard ID has been entered in Informational status because of the application of an environmental covenant due to contamination from the following site: Hazard ID 26773 - Eielson AFB Basewide (AKA Sitewide) PFAS. The property is underlain by per- and polyfluorinated alkyl substances (PFAS) in groundwater. The environmental covenant describes activity and use limitations for the property, based on remaining contamination making it safe for some, but not all, uses.","Site_Report_Link":"http://dec.alaska.gov/Applications/SPAR/PublicMVC/CSP/SiteReport/27409"}},{"type":"Feature","geometry":{"type":"Point","coordinates":[-147.19510497453771,64.718677905053681]},"properties":{"Site_Name":"Eielson AFB Basewide PFAS - Moose Creek Subd, 1st Add, Lot 9","Status":"Informational","Address_1":"4390 Lauesen Avenue","City":"North Pole","State":"AK","Zip_Code":"99705","Site_Type":"Military Installation - Base/Post/Other","Problem_Description":"This Hazard ID has been entered in Informational status because of the application of an environmental covenant due to contamination from the following site: Hazard ID 26773 - Eielson AFB Basewide (AKA Sitewide) PFAS. The property is underlain by per- and polyfluorinated alkyl substances (PFAS) in groundwater. The environmental covenant describes activity and use limitations for the property, based on remaining contamination making it safe for some, but not all, uses.","Site_Report_Link":"http://dec.alaska.gov/Applications/SPAR/PublicMVC/CSP/SiteReport/27410"}},{"type":"Feature","geometry":{"type":"Point","coordinates":[-147.19390297572915,64.718704904823483]},"properties":{"Site_Name":"Eielson AFB Basewide PFAS - Moose Creek Subd, 1st Add, Lot 10","Status":"Informational","Address_1":"4404 Lauesen Avenue","City":"North Pole","State":"AK","Zip_Code":"99705","Site_Type":"Military Installation - Base/Post/Other","Problem_Description":"This Hazard ID has been entered in Informational status because of the application of an environmental covenant due to contamination from the following site: Hazard ID 26773 - Eielson AFB Basewide (AKA Sitewide) PFAS. The property is underlain by per- and polyfluorinated alkyl substances (PFAS) in groundwater. The environmental covenant describes activity and use limitations for the property, based on remaining contamination making it safe for some, but not all, uses.","Site_Report_Link":"http://dec.alaska.gov/Applications/SPAR/PublicMVC/CSP/SiteReport/27411"}},{"type":"Feature","geometry":{"type":"Point","coordinates":[-147.20209997379868,64.718063905236178]},"properties":{"Site_Name":"Eielson AFB Basewide PFAS - Moose Creek Subd, 1st Add, Lot 12","Status":"Informational","Address_1":"4319 Lauesen Avenue","City":"North Pole","State":"AK","Zip_Code":"99705","Site_Type":"Military Installation - Base/Post/Other","Problem_Description":"This Hazard ID has been entered in Informational status because of the application of an environmental covenant due to contamination from the following site: Hazard ID 26773 - Eielson AFB Basewide (AKA Sitewide) PFAS. The property is underlain by per- and polyfluorinated alkyl substances (PFAS) in groundwater. The environmental covenant describes activity and use limitations for the property, based on remaining contamination making it safe for some, but not all, uses.","Site_Report_Link":"http://dec.alaska.gov/Applications/SPAR/PublicMVC/CSP/SiteReport/27412"}},{"type":"Feature","geometry":{"type":"Point","coordinates":[-147.19531897528913,64.718154904996396]},"properties":{"Site_Name":"Eielson AFB Basewide PFAS - Moose Creek Subd, 1st Add, Portion of Lot 14, FNSB PAN 142280","Status":"Informational","Address_1":"Moose Creek Subdivision, 1st Addition, Portion of Lot 14","City":"North Pole","State":"AK","Zip_Code":"99705","Site_Type":"Military Installation - Base/Post/Other","Problem_Description":"This Hazard ID has been entered in Informational status because of the application of an environmental covenant due to contamination from the following site: Hazard ID 26773 - Eielson AFB Basewide (AKA Sitewide) PFAS. The property is underlain by per- and polyfluorinated alkyl substances (PFAS) in groundwater. The environmental covenant describes activity and use limitations for the property, based on remaining contamination making it safe for some, but not all, uses.","Site_Report_Link":"http://dec.alaska.gov/Applications/SPAR/PublicMVC/CSP/SiteReport/27413"}},{"type":"Feature","geometry":{"type":"Point","coordinates":[-147.1907489744334,64.718741904732042]},"properties":{"Site_Name":"Eielson AFB Basewide PFAS - Moose Creek Acres Subd, Block 1, Lot 1","Status":"Informational","Address_1":"4434 Lauesen Avenue","City":"North Pole","State":"AK","Zip_Code":"99705","Site_Type":"Military Installation - Base/Post/Other","Problem_Description":"This Hazard ID has been entered in Informational status because of the application of an environmental covenant due to contamination from the following site: Hazard ID 26773 - Eielson AFB Basewide (AKA Sitewide) PFAS. The property is underlain by per- and polyfluorinated alkyl substances (PFAS) in groundwater. The environmental covenant describes activity and use limitations for the property, based on remaining contamination making it safe for some, but not all, uses.","Site_Report_Link":"http://dec.alaska.gov/Applications/SPAR/PublicMVC/CSP/SiteReport/27414"}},{"type":"Feature","geometry":{"type":"Point","coordinates":[-147.18815197400704,64.718732904536154]},"properties":{"Site_Name":"Eielson AFB Basewide PFAS - Moose Creek Acres Subd, Block 1, Lot 3","Status":"Informational","Address_1":"4454 Lauesen Avenue","City":"North Pole","State":"AK","Zip_Code":"99705","Site_Type":"Military Installation - Base/Post/Other","Problem_Description":"This Hazard ID has been entered in Informational status because of the application of an environmental covenant due to contamination from the following site: Hazard ID 26773 - Eielson AFB Basewide (AKA Sitewide) PFAS. The property is underlain by per- and polyfluorinated alkyl substances (PFAS) in groundwater. The environmental covenant describes activity and use limitations for the property, based on remaining contamination making it safe for some, but not all, uses.","Site_Report_Link":"http://dec.alaska.gov/Applications/SPAR/PublicMVC/CSP/SiteReport/27415"}},{"type":"Feature","geometry":{"type":"Point","coordinates":[-147.18549197386423,64.718695904935686]},"properties":{"Site_Name":"Eielson AFB Basewide PFAS - Moose Creek Acres Subd, Block 1, Lot 5","Status":"Informational","Address_1":"4480 Lauesen Avenue","City":"North Pole","State":"AK","Zip_Code":"99705","Site_Type":"Military Installation - Base/Post/Other","Problem_Description":"This Hazard ID has been entered in Informational status because of the application of an environmental covenant due to contamination from the following site: Hazard ID 26773 - Eielson AFB Basewide (AKA Sitewide) PFAS. The property is underlain by per- and polyfluorinated alkyl substances (PFAS) in groundwater. The environmental covenant describes activity and use limitations for the property, based on remaining contamination making it safe for some, but not all, uses.","Site_Report_Link":"http://dec.alaska.gov/Applications/SPAR/PublicMVC/CSP/SiteReport/27416"}},{"type":"Feature","geometry":{"type":"Point","coordinates":[-147.18813097430501,64.717953905064718]},"properties":{"Site_Name":"Eielson AFB Basewide PFAS - Moose Creek Acres Subd, Block 2, Lot 3","Status":"Informational","Address_1":"4441 Lauesen Avenue","City":"North Pole","State":"AK","Zip_Code":"99705","Site_Type":"Military Installation - Base/Post/Other","Problem_Description":"This Hazard ID has been entered in Informational status because of the application of an environmental covenant due to contamination from the following site: Hazard ID 26773 - Eielson AFB Basewide (AKA Sitewide) PFAS. The property is underlain by per- and polyfluorinated alkyl substances (PFAS) in groundwater. The environmental covenant describes activity and use limitations for the property, based on remaining contamination making it safe for some, but not all, uses.","Site_Report_Link":"http://dec.alaska.gov/Applications/SPAR/PublicMVC/CSP/SiteReport/27417"}},{"type":"Feature","geometry":{"type":"Point","coordinates":[-147.18690797366656,64.717953905116715]},"properties":{"Site_Name":"Eielson AFB Basewide PFAS - Moose Creek Acres Subd, Block 2, Lot 4","Status":"Informational","Address_1":"4475 Lauesen Avenue","City":"North Pole","State":"AK","Zip_Code":"99705","Site_Type":"Military Installation - Base/Post/Other","Problem_Description":"This Hazard ID has been entered in Informational status because of the application of an environmental covenant due to contamination from the following site: Hazard ID 26773 - Eielson AFB Basewide (AKA Sitewide) PFAS. The property is underlain by per- and polyfluorinated alkyl substances (PFAS) in groundwater. The environmental covenant describes activity and use limitations for the property, based on remaining contamination making it safe for some, but not all, uses.","Site_Report_Link":"http://dec.alaska.gov/Applications/SPAR/PublicMVC/CSP/SiteReport/27418"}},{"type":"Feature","geometry":{"type":"Point","coordinates":[-147.18422597399132,64.717330904558807]},"properties":{"Site_Name":"Eielson AFB Basewide PFAS - Moose Creek Acres Subd, Block 2, Lot 7","Status":"Informational","Address_1":"4490 Moose Creek Avenue","City":"North Pole","State":"AK","Zip_Code":"99705","Site_Type":"Military Installation - Base/Post/Other","Problem_Description":"This Hazard ID has been entered in Informational status because of the application of an environmental covenant due to contamination from the following site: Hazard ID 26773 - Eielson AFB Basewide (AKA Sitewide) PFAS. The property is underlain by per- and polyfluorinated alkyl substances (PFAS) in groundwater. The environmental covenant describes activity and use limitations for the property, based on remaining contamination making it safe for some, but not all, uses.","Site_Report_Link":"http://dec.alaska.gov/Applications/SPAR/PublicMVC/CSP/SiteReport/27419"}},{"type":"Feature","geometry":{"type":"Point","coordinates":[-147.18671497525676,64.717357905328015]},"properties":{"Site_Name":"Eielson AFB Basewide PFAS - Moose Creek Acres Subd, Block 2, Lot 9","Status":"Informational","Address_1":"4470 Moose Creek Avenue","City":"North Pole","State":"AK","Zip_Code":"99705","Site_Type":"Military Installation - Base/Post/Other","Problem_Description":"This Hazard ID has been entered in Informational status because of the application of an environmental covenant due to contamination from the following site: Hazard ID 26773 - Eielson AFB Basewide (AKA Sitewide) PFAS. The property is underlain by per- and polyfluorinated alkyl substances (PFAS) in groundwater. The environmental covenant describes activity and use limitations for the property, based on remaining contamination making it safe for some, but not all, uses.","Site_Report_Link":"http://dec.alaska.gov/Applications/SPAR/PublicMVC/CSP/SiteReport/27420"}},{"type":"Feature","geometry":{"type":"Point","coordinates":[-147.18813097511207,64.717357904779348]},"properties":{"Site_Name":"Eielson AFB Basewide PFAS - Moose Creek Acres Subd, Block 2, Lot 10","Status":"Informational","Address_1":"4456 Moose Creek Avenue","City":"North Pole","State":"AK","Zip_Code":"99705","Site_Type":"Military Installation - Base/Post/Other","Problem_Description":"This Hazard ID has been entered in Informational status because of the application of an environmental covenant due to contamination from the following site: Hazard ID 26773 - Eielson AFB Basewide (AKA Sitewide) PFAS. The property is underlain by per- and polyfluorinated alkyl substances (PFAS) in groundwater. The environmental covenant describes activity and use limitations for the property, based on remaining contamination making it safe for some, but not all, uses.","Site_Report_Link":"http://dec.alaska.gov/Applications/SPAR/PublicMVC/CSP/SiteReport/27421"}},{"type":"Feature","geometry":{"type":"Point","coordinates":[-147.18946097559214,64.717357904813454]},"properties":{"Site_Name":"Eielson AFB Basewide PFAS - Moose Creek Acres Subd, Block 2, Lot 11","Status":"Informational","Address_1":"4440 Moose Creek Avenue","City":"North Pole","State":"AK","Zip_Code":"99705","Site_Type":"Military Installation - Base/Post/Other","Problem_Description":"This Hazard ID has been entered in Informational status because of the application of an environmental covenant due to contamination from the following site: Hazard ID 26773 - Eielson AFB Basewide (AKA Sitewide) PFAS. The property is underlain by per- and polyfluorinated alkyl substances (PFAS) in groundwater. The environmental covenant describes activity and use limitations for the property, based on remaining contamination making it safe for some, but not all, uses.","Site_Report_Link":"http://dec.alaska.gov/Applications/SPAR/PublicMVC/CSP/SiteReport/27422"}},{"type":"Feature","geometry":{"type":"Point","coordinates":[-147.19079197441638,64.7173669047895]},"properties":{"Site_Name":"Eielson AFB Basewide PFAS - Moose Creek Acres Subd, Block 2, Lot 12","Status":"Informational","Address_1":"4430 Moose Creek Avenue","City":"North Pole","State":"AK","Zip_Code":"99705","Site_Type":"Military Installation - Base/Post/Other","Problem_Description":"This Hazard ID has been entered in Informational status because of the application of an environmental covenant due to contamination from the following site: Hazard ID 26773 - Eielson AFB Basewide (AKA Sitewide) PFAS. The property is underlain by per- and polyfluorinated alkyl substances (PFAS) in groundwater. The environmental covenant describes activity and use limitations for the property, based on remaining contamination making it safe for some, but not all, uses.","Site_Report_Link":"http://dec.alaska.gov/Applications/SPAR/PublicMVC/CSP/SiteReport/27423"}},{"type":"Feature","geometry":{"type":"Point","coordinates":[-147.17982697573632,64.718704905123957]},"properties":{"Site_Name":"Eielson AFB Basewide PFAS - Moose Creek Acres Subd, Block 4, Lot 3","Status":"Informational","Address_1":"4534 Lauesen Avenue","City":"North Pole","State":"AK","Zip_Code":"99705","Site_Type":"Military Installation - Base/Post/Other","Problem_Description":"This Hazard ID has been entered in Informational status because of the application of an environmental covenant due to contamination from the following site: Hazard ID 26773 - Eielson AFB Basewide (AKA Sitewide) PFAS. The property is underlain by per- and polyfluorinated alkyl substances (PFAS) in groundwater. The environmental covenant describes activity and use limitations for the property, based on remaining contamination making it safe for some, but not all, uses.","Site_Report_Link":"http://dec.alaska.gov/Applications/SPAR/PublicMVC/CSP/SiteReport/27424"}},{"type":"Feature","geometry":{"type":"Point","coordinates":[-147.17577097548391,64.71875090537263]},"properties":{"Site_Name":"Eielson AFB Basewide PFAS - Moose Creek Acres Subd, Block 4, Lot 6","Status":"Informational","Address_1":"3307 Baker Road","City":"North Pole","State":"AK","Zip_Code":"99705","Site_Type":"Military Installation - Base/Post/Other","Problem_Description":"This Hazard ID has been entered in Informational status because of the application of an environmental covenant due to contamination from the following site: Hazard ID 26773 - Eielson AFB Basewide (AKA Sitewide) PFAS. The property is underlain by per- and polyfluorinated alkyl substances (PFAS) in groundwater. The environmental covenant describes activity and use limitations for the property, based on remaining contamination making it safe for some, but not all, uses.","Site_Report_Link":"http://dec.alaska.gov/Applications/SPAR/PublicMVC/CSP/SiteReport/27425"}},{"type":"Feature","geometry":{"type":"Point","coordinates":[-147.18117897383931,64.717953904615939]},"properties":{"Site_Name":"Eielson AFB Basewide PFAS - Moose Creek Acres Subd, Block 5, Lot 2","Status":"Informational","Address_1":"4521 Lauesen Avenue","City":"North Pole","State":"AK","Zip_Code":"99705","Site_Type":"Military Installation - Base/Post/Other","Problem_Description":"This Hazard ID has been entered in Informational status because of the application of an environmental covenant due to contamination from the following site: Hazard ID 26773 - Eielson AFB Basewide (AKA Sitewide) PFAS. The property is underlain by per- and polyfluorinated alkyl substances (PFAS) in groundwater. The environmental covenant describes activity and use limitations for the property, based on remaining contamination making it safe for some, but not all, uses.","Site_Report_Link":"http://dec.alaska.gov/Applications/SPAR/PublicMVC/CSP/SiteReport/27426"}},{"type":"Feature","geometry":{"type":"Point","coordinates":[-147.179847974719,64.717953904550868]},"properties":{"Site_Name":"Eielson AFB Basewide PFAS - Moose Creek Acres Subd, Block 5, Lot 3","Status":"Informational","Address_1":"Moose Creek Acres Subdivision, Block 5, Lot 3","City":"North Pole","State":"AK","Zip_Code":"99705","Site_Type":"Military Installation - Base/Post/Other","Problem_Description":"This Hazard ID has been entered in Informational status because of the application of an environmental covenant due to contamination from the following site: Hazard ID 26773 - Eielson AFB Basewide (AKA Sitewide) PFAS. The property is underlain by per- and polyfluorinated alkyl substances (PFAS) in groundwater. The environmental covenant describes activity and use limitations for the property, based on remaining contamination making it safe for some, but not all, uses.","Site_Report_Link":"http://dec.alaska.gov/Applications/SPAR/PublicMVC/CSP/SiteReport/27428"}},{"type":"Feature","geometry":{"type":"Point","coordinates":[-147.17845397380242,64.717916904944701]},"properties":{"Site_Name":"Eielson AFB Basewide PFAS - Moose Creek Acres Subd, Block 5, Lot 4","Status":"Informational","Address_1":"4547 Lauesen Avenue","City":"North Pole","State":"AK","Zip_Code":"99705","Site_Type":"Military Installation - Base/Post/Other","Problem_Description":"This Hazard ID has been entered in Informational status because of the application of an environmental covenant due to contamination from the following site: Hazard ID 26773 - Eielson AFB Basewide (AKA Sitewide) PFAS. The property is underlain by per- and polyfluorinated alkyl substances (PFAS) in groundwater. The environmental covenant describes activity and use limitations for the property, based on remaining contamination making it safe for some, but not all, uses.","Site_Report_Link":"http://dec.alaska.gov/Applications/SPAR/PublicMVC/CSP/SiteReport/27429"}},{"type":"Feature","geometry":{"type":"Point","coordinates":[-147.17581397554858,64.717934904747167]},"properties":{"Site_Name":"Eielson AFB Basewide PFAS - Moose Creek Acres Subd, Block 5, Lot 6","Status":"Informational","Address_1":"3331 Baker Road","City":"North Pole","State":"AK","Zip_Code":"99705","Site_Type":"Military Installation - Base/Post/Other","Problem_Description":"This Hazard ID has been entered in Informational status because of the application of an environmental covenant due to contamination from the following site: Hazard ID 26773 - Eielson AFB Basewide (AKA Sitewide) PFAS. The property is underlain by per- and polyfluorinated alkyl substances (PFAS) in groundwater. The environmental covenant describes activity and use limitations for the property, based on remaining contamination making it safe for some, but not all, uses.","Site_Report_Link":"http://dec.alaska.gov/Applications/SPAR/PublicMVC/CSP/SiteReport/27430"}},{"type":"Feature","geometry":{"type":"Point","coordinates":[-147.17984797492682,64.717339904622094]},"properties":{"Site_Name":"Eielson AFB Basewide PFAS - Moose Creek Acres Subd, Block 5, Lot 10","Status":"Informational","Address_1":"4536 Moose Creek Avenue","City":"North Pole","State":"AK","Zip_Code":"99705","Site_Type":"Military Installation - Base/Post/Other","Problem_Description":"This Hazard ID has been entered in Informational status because of the application of an environmental covenant due to contamination from the following site: Hazard ID 26773 - Eielson AFB Basewide (AKA Sitewide) PFAS. The property is underlain by per- and polyfluorinated alkyl substances (PFAS) in groundwater. The environmental covenant describes activity and use limitations for the property, based on remaining contamination making it safe for some, but not all, uses.","Site_Report_Link":"http://dec.alaska.gov/Applications/SPAR/PublicMVC/CSP/SiteReport/27431"}},{"type":"Feature","geometry":{"type":"Point","coordinates":[-147.18115697475739,64.717320905127167]},"properties":{"Site_Name":"Eielson AFB Basewide PFAS - Moose Creek Acres Subd, Block 5, Lot 11","Status":"Informational","Address_1":"4522 Moose Creek Avenue","City":"North Pole","State":"AK","Zip_Code":"99705","Site_Type":"Military Installation - Base/Post/Other","Problem_Description":"This Hazard ID has been entered in Informational status because of the application of an environmental covenant due to contamination from the following site: Hazard ID 26773 - Eielson AFB Basewide (AKA Sitewide) PFAS. The property is underlain by per- and polyfluorinated alkyl substances (PFAS) in groundwater. The environmental covenant describes activity and use limitations for the property, based on remaining contamination making it safe for some, but not all, uses.","Site_Report_Link":"http://dec.alaska.gov/Applications/SPAR/PublicMVC/CSP/SiteReport/27432"}},{"type":"Feature","geometry":{"type":"Point","coordinates":[-147.18246597503102,64.717366904516496]},"properties":{"Site_Name":"Eielson AFB Basewide PFAS - Moose Creek Acres Subd, Block 5, Lot 12","Status":"Informational","Address_1":"3340 Cory Street","City":"North Pole","State":"AK","Zip_Code":"99705","Site_Type":"Military Installation - Base/Post/Other","Problem_Description":"This Hazard ID has been entered in Informational status because of the application of an environmental covenant due to contamination from the following site: Hazard ID 26773 - Eielson AFB Basewide (AKA Sitewide) PFAS. The property is underlain by per- and polyfluorinated alkyl substances (PFAS) in groundwater. The environmental covenant describes activity and use limitations for the property, based on remaining contamination making it safe for some, but not all, uses.","Site_Report_Link":"http://dec.alaska.gov/Applications/SPAR/PublicMVC/CSP/SiteReport/27433"}},{"type":"Feature","geometry":{"type":"Point","coordinates":[-147.18248797446694,64.716596905021632]},"properties":{"Site_Name":"Eielson AFB Basewide PFAS - Moose Creek Acres Subd, Block 6, Lot 1","Status":"Informational","Address_1":"3354 Cory Street","City":"North Pole","State":"AK","Zip_Code":"99705","Site_Type":"Military Installation - Base/Post/Other","Problem_Description":"This Hazard ID has been entered in Informational status because of the application of an environmental covenant due to contamination from the following site: Hazard ID 26773 - Eielson AFB Basewide (AKA Sitewide) PFAS. The property is underlain by per- and polyfluorinated alkyl substances (PFAS) in groundwater. The environmental covenant describes activity and use limitations for the property, based on remaining contamination making it safe for some, but not all, uses.","Site_Report_Link":"http://dec.alaska.gov/Applications/SPAR/PublicMVC/CSP/SiteReport/27434"}},{"type":"Feature","geometry":{"type":"Point","coordinates":[-147.18251397411998,64.715995904692178]},"properties":{"Site_Name":"Eielson AFB Basewide PFAS - Moose Creek Acres Subd, Block 6, Lot 9","Status":"Informational","Address_1":"3370 Cory Street","City":"North Pole","State":"AK","Zip_Code":"99705","Site_Type":"Military Installation - Base/Post/Other","Problem_Description":"This Hazard ID has been entered in Informational status because of the application of an environmental covenant due to contamination from the following site: Hazard ID 26773 - Eielson AFB Basewide (AKA Sitewide) PFAS. The property is underlain by per- and polyfluorinated alkyl substances (PFAS) in groundwater. The environmental covenant describes activity and use limitations for the property, based on remaining contamination making it safe for some, but not all, uses.","Site_Report_Link":"http://dec.alaska.gov/Applications/SPAR/PublicMVC/CSP/SiteReport/27435"}},{"type":"Feature","geometry":{"type":"Point","coordinates":[-147.17587297531207,64.716586905249358]},"properties":{"Site_Name":"Eielson AFB Basewide PFAS - Moose Creek Acres Subd, Block 7, Lot 1","Status":"Informational","Address_1":"4573 Moose Creek Avenue","City":"North Pole","State":"AK","Zip_Code":"99705","Site_Type":"Military Installation - Base/Post/Other","Problem_Description":"This Hazard ID has been entered in Informational status because of the application of an environmental covenant due to contamination from the following site: Hazard ID 26773 - Eielson AFB Basewide (AKA Sitewide) PFAS. The property is underlain by per- and polyfluorinated alkyl substances (PFAS) in groundwater. The environmental covenant describes activity and use limitations for the property, based on remaining contamination making it safe for some, but not all, uses.","Site_Report_Link":"http://dec.alaska.gov/Applications/SPAR/PublicMVC/CSP/SiteReport/27436"}},{"type":"Feature","geometry":{"type":"Point","coordinates":[-147.1769349738602,64.716046905013016]},"properties":{"Site_Name":"Eielson AFB Basewide PFAS - Moose Creek Acres Subd, Block 7, Lot 3","Status":"Informational","Address_1":"3370 Portman Street","City":"North Pole","State":"AK","Zip_Code":"99705","Site_Type":"Military Installation - Base/Post/Other","Problem_Description":"This Hazard ID has been entered in Informational status because of the application of an environmental covenant due to contamination from the following site: Hazard ID 26773 - Eielson AFB Basewide (AKA Sitewide) PFAS. The property is underlain by per- and polyfluorinated alkyl substances (PFAS) in groundwater. The environmental covenant describes activity and use limitations for the property, based on remaining contamination making it safe for some, but not all, uses.","Site_Report_Link":"http://dec.alaska.gov/Applications/SPAR/PublicMVC/CSP/SiteReport/27437"}},{"type":"Feature","geometry":{"type":"Point","coordinates":[-147.14918997548128,64.707223905081563]},"properties":{"Site_Name":"Eielson AFB Basewide PFAS - Township 2S, Range 3E, Sec 28, Portion of Gov Lots 23 and 24, FNSB PAN 185639","Status":"Informational","Address_1":"4823 Da Niece Street","City":"North Pole","State":"AK","Zip_Code":"99705","Site_Type":"Military Installation - Base/Post/Other","Problem_Description":"This Hazard ID has been entered in Informational status because of the application of an environmental covenant due to contamination from the following site: Hazard ID 26773 - Eielson AFB Basewide (AKA Sitewide) PFAS. The property is underlain by per- and polyfluorinated alkyl substances (PFAS) in groundwater. The environmental covenant describes activity and use limitations for the property, based on remaining contamination making it safe for some, but not all, uses.","Site_Report_Link":"http://dec.alaska.gov/Applications/SPAR/PublicMVC/CSP/SiteReport/27438"}},{"type":"Feature","geometry":{"type":"Point","coordinates":[-147.15730497444696,64.715186904796184]},"properties":{"Site_Name":"Eielson AFB Basewide PFAS - Township 2S, Range 3E, Sec 28, Tract within Gov Lot 1, FNSB PAN 185701","Status":"Informational","Address_1":"3388 Osage Street; Tract within Government Lot 1","City":"North Pole","State":"AK","Zip_Code":"99705","Site_Type":"Military Installation - Base/Post/Other","Problem_Description":"This Hazard ID has been entered in Informational status because of the application of an environmental covenant due to contamination from the following site: Hazard ID 26773 - Eielson AFB Basewide (AKA Sitewide) PFAS. The property is underlain by per- and polyfluorinated alkyl substances (PFAS) in groundwater. The environmental covenant describes activity and use limitations for the property, based on remaining contamination making it safe for some, but not all, uses.","Site_Report_Link":"http://dec.alaska.gov/Applications/SPAR/PublicMVC/CSP/SiteReport/27439"}},{"type":"Feature","geometry":{"type":"Point","coordinates":[-147.15590997431235,64.715237904849928]},"properties":{"Site_Name":"Eielson AFB Basewide PFAS - Township 2S, Range 3E, Sec 28, Tract within Gov Lot 1, FNSB PAN 185736","Status":"Informational","Address_1":"4757 Mills Lane","City":"North Pole","State":"AK","Zip_Code":"99705","Site_Type":"Military Installation - Base/Post/Other","Problem_Description":"This Hazard ID has been entered in Informational status because of the application of an environmental covenant due to contamination from the following site: Hazard ID 26773 - Eielson AFB Basewide (AKA Sitewide) PFAS. The property is underlain by per- and polyfluorinated alkyl substances (PFAS) in groundwater. The environmental covenant describes activity and use limitations for the property, based on remaining contamination making it safe for some, but not all, uses.","Site_Report_Link":"http://dec.alaska.gov/Applications/SPAR/PublicMVC/CSP/SiteReport/27440"}},{"type":"Feature","geometry":{"type":"Point","coordinates":[-147.15690797470273,64.713578904528717]},"properties":{"Site_Name":"Eielson AFB Basewide PFAS - Township 2S, Range 3E, Sec 28, Portion of Gov Lot 1, FNSB PAN 185761","Status":"Informational","Address_1":"3418 Osage Street","City":"North Pole","State":"AK","Zip_Code":"99705","Site_Type":"Military Installation - Base/Post/Other","Problem_Description":"This Hazard ID has been entered in Informational status because of the application of an environmental covenant due to contamination from the following site: Hazard ID 26773 - Eielson AFB Basewide (AKA Sitewide) PFAS. The property is underlain by per- and polyfluorinated alkyl substances (PFAS) in groundwater. The environmental covenant describes activity and use limitations for the property, based on remaining contamination making it safe for some, but not all, uses.","Site_Report_Link":"http://dec.alaska.gov/Applications/SPAR/PublicMVC/CSP/SiteReport/27441"}},{"type":"Feature","geometry":{"type":"Point","coordinates":[-147.17389997389731,64.715973904653268]},"properties":{"Site_Name":"Eielson AFB Basewide PFAS - Township 2S, Range 3E, Sec 29, Portion of Gov Lot 1, FNSB PAN 185787","Status":"Informational","Address_1":"3371 Baker Road","City":"North Pole","State":"AK","Zip_Code":"99705","Site_Type":"Military Installation - Base/Post/Other","Problem_Description":"This Hazard ID has been entered in Informational status because of the application of an environmental covenant due to contamination from the following site: Hazard ID 26773 - Eielson AFB Basewide (AKA Sitewide) PFAS. The property is underlain by per- and polyfluorinated alkyl substances (PFAS) in groundwater. The environmental covenant describes activity and use limitations for the property, based on remaining contamination making it safe for some, but not all, uses.","Site_Report_Link":"http://dec.alaska.gov/Applications/SPAR/PublicMVC/CSP/SiteReport/27442"}},{"type":"Feature","geometry":{"type":"Point","coordinates":[-147.19702297535744,64.717597904536348]},"properties":{"Site_Name":"Eielson AFB Basewide PFAS - Township 2S, Range 3E, Sec 29, Portion of NW 1/4, FNSB PAN 185850","Status":"Informational","Address_1":"Township 2S, Range 3E, Sec 29, Portion of NW 1/4","City":"North Pole","State":"AK","Zip_Code":"99705","Site_Type":"Military Installation - Base/Post/Other","Problem_Description":"This Hazard ID has been entered in Informational status because of the application of an environmental covenant due to contamination from the following site: Hazard ID 26773 - Eielson AFB Basewide (AKA Sitewide) PFAS. The property is underlain by per- and polyfluorinated alkyl substances (PFAS) in groundwater. The environmental covenant describes activity and use limitations for the property, based on remaining contamination making it safe for some, but not all, uses.","Site_Report_Link":"http://dec.alaska.gov/Applications/SPAR/PublicMVC/CSP/SiteReport/27443"}},{"type":"Feature","geometry":{"type":"Point","coordinates":[-147.17550997415154,64.715442905300122]},"properties":{"Site_Name":"Eielson AFB Basewide PFAS - Township 2S, Range 3E, Sec 29, Portion of Gov Lot 1, FNSB PAN 185914","Status":"Informational","Address_1":"3385 Baker Road","City":"North Pole","State":"AK","Zip_Code":"99705","Site_Type":"Military Installation - Base/Post/Other","Problem_Description":"This Hazard ID has been entered in Informational status because of the application of an environmental covenant due to contamination from the following site: Hazard ID 26773 - Eielson AFB Basewide (AKA Sitewide) PFAS. The property is underlain by per- and polyfluorinated alkyl substances (PFAS) in groundwater. The environmental covenant describes activity and use limitations for the property, based on remaining contamination making it safe for some, but not all, uses.","Site_Report_Link":"http://dec.alaska.gov/Applications/SPAR/PublicMVC/CSP/SiteReport/27444"}},{"type":"Feature","geometry":{"type":"Point","coordinates":[-147.16224897403637,64.71342190444274]},"properties":{"Site_Name":"Eielson AFB Basewide PFAS - Frito Subd, Block 3, Lot 2","Status":"Informational","Address_1":"Frito Subdivision, Block 3, Lot 2","City":"North Pole","State":"AK","Zip_Code":"99705","Site_Type":"Military Installation - Base/Post/Other","Problem_Description":"This Hazard ID has been entered in Informational status because of the application of an environmental covenant due to contamination from the following site: Hazard ID 26773 - Eielson AFB Basewide (AKA Sitewide) PFAS. The property is underlain by per- and polyfluorinated alkyl substances (PFAS) in groundwater. The environmental covenant describes activity and use limitations for the property, based on remaining contamination making it safe for some, but not all, uses.","Site_Report_Link":"http://dec.alaska.gov/Applications/SPAR/PublicMVC/CSP/SiteReport/27445"}},{"type":"Feature","geometry":{"type":"Point","coordinates":[-147.14163897571132,64.706903905193641]},"properties":{"Site_Name":"Eielson AFB Basewide PFAS - Township 2S, Range 3E, Sec 28, Portion of Gov Lots 16 and 17, FNSB PAN 366188","Status":"Informational","Address_1":"Township 2S, Range 3E, Sec 28, Portion of Government Lots 16 and 17","City":"North Pole","State":"AK","Zip_Code":"99705","Site_Type":"Military Installation - Base/Post/Other","Problem_Description":"This Hazard ID has been entered in Informational status because of the application of an environmental covenant due to contamination from the following site: Hazard ID 26773 - Eielson AFB Basewide (AKA Sitewide) PFAS. The property is underlain by per- and polyfluorinated alkyl substances (PFAS) in groundwater. The environmental covenant describes activity and use limitations for the property, based on remaining contamination making it safe for some, but not all, uses.","Site_Report_Link":"http://dec.alaska.gov/Applications/SPAR/PublicMVC/CSP/SiteReport/27446"}},{"type":"Feature","geometry":{"type":"Point","coordinates":[-147.15740197400928,64.710284904936415]},"properties":{"Site_Name":"Eielson AFB Basewide PFAS - Township 2S, Range 3E, Sec 28, Portion of SE1/4, FNSB PAN 382388","Status":"Informational","Address_1":"Portion of Southeast 1/4 of Section 28,  Township 2S, Range 3E","City":"North Pole","State":"AK","Zip_Code":"99705","Site_Type":"Military Installation - Base/Post/Other","Problem_Description":"This Hazard ID has been entered in Informational status because of the application of an environmental covenant due to contamination from the following site: Hazard ID 26773 - Eielson AFB Basewide (AKA Sitewide) PFAS. The property is underlain by per- and polyfluorinated alkyl substances (PFAS) in groundwater. The environmental covenant describes activity and use limitations for the property, based on remaining contamination making it safe for some, but not all, uses.","Site_Report_Link":"http://dec.alaska.gov/Applications/SPAR/PublicMVC/CSP/SiteReport/27447"}},{"type":"Feature","geometry":{"type":"Point","coordinates":[-147.15690797550343,64.711311904938881]},"properties":{"Site_Name":"Eielson AFB Basewide PFAS - Township 2S, Range 3E, Sec 28, Portion of Gov Lot 11, FNSB PAN 411531","Status":"Informational","Address_1":"3475 Hope Street; Township 2S, Range 3E, Section 28, Portion of Government Lot 11","City":"North Pole","State":"AK","Zip_Code":"99705","Site_Type":"Military Installation - Base/Post/Other","Problem_Description":"This Hazard ID has been entered in Informational status because of the application of an environmental covenant due to contamination from the following site: Hazard ID 26773 - Eielson AFB Basewide (AKA Sitewide) PFAS. The property is underlain by per- and polyfluorinated alkyl substances (PFAS) in groundwater. The environmental covenant describes activity and use limitations for the property, based on remaining contamination making it safe for some, but not all, uses.","Site_Report_Link":"http://dec.alaska.gov/Applications/SPAR/PublicMVC/CSP/SiteReport/27450"}},{"type":"Feature","geometry":{"type":"Point","coordinates":[-147.1472199755911,64.708135905301702]},"properties":{"Site_Name":"Eielson AFB Basewide PFAS - Eielson Park Subd, Block 2, Lot 1","Status":"Informational","Address_1":"4827 Cul-de-Sac Ct. ","City":"North Pole","State":"AK","Zip_Code":"99705","Site_Type":"Military Installation - Base/Post/Other","Problem_Description":"This Hazard ID has been entered in Informational status because of the application of an environmental covenant due to contamination from the following site: Hazard ID 26773 - Eielson AFB Basewide (AKA Sitewide) PFAS. The property is underlain by per- and polyfluorinated alkyl substances (PFAS) in groundwater. The environmental covenant describes activity and use limitations for the property, based on remaining contamination making it safe for some, but not all, uses.","Site_Report_Link":"http://dec.alaska.gov/Applications/SPAR/PublicMVC/CSP/SiteReport/27451"}},{"type":"Feature","geometry":{"type":"Point","coordinates":[-147.14826097472064,64.707855904593401]},"properties":{"Site_Name":"Eielson AFB Basewide PFAS - Eielson Park Subd, Block 2, Lot 2","Status":"Informational","Address_1":"4826 Da Niece Street","City":"North Pole","State":"AK","Zip_Code":"99705","Site_Type":"Military Installation - Base/Post/Other","Problem_Description":"This Hazard ID has been entered in Informational status because of the application of an environmental covenant due to contamination from the following site: Hazard ID 26773 - Eielson AFB Basewide (AKA Sitewide) PFAS. The property is underlain by per- and polyfluorinated alkyl substances (PFAS) in groundwater. The environmental covenant describes activity and use limitations for the property, based on remaining contamination making it safe for some, but not all, uses.","Site_Report_Link":"http://dec.alaska.gov/Applications/SPAR/PublicMVC/CSP/SiteReport/27452"}},{"type":"Feature","geometry":{"type":"Point","coordinates":[-147.14761697525572,64.707360905059872]},"properties":{"Site_Name":"Eielson AFB Basewide PFAS - Eielson Park Subd, Block 2, Lot 3","Status":"Informational","Address_1":"4830 Da Niece Street","City":"North Pole","State":"AK","Zip_Code":"99705","Site_Type":"Military Installation - Base/Post/Other","Problem_Description":"This Hazard ID has been entered in Informational status because of the application of an environmental covenant due to contamination from the following site: Hazard ID 26773 - Eielson AFB Basewide (AKA Sitewide) PFAS. The property is underlain by per- and polyfluorinated alkyl substances (PFAS) in groundwater. The environmental covenant describes activity and use limitations for the property, based on remaining contamination making it safe for some, but not all, uses.","Site_Report_Link":"http://dec.alaska.gov/Applications/SPAR/PublicMVC/CSP/SiteReport/27453"}},{"type":"Feature","geometry":{"type":"Point","coordinates":[-147.14721997589083,64.707025904862491]},"properties":{"Site_Name":"Eielson AFB Basewide PFAS - Eielson Park Subd, Block 2, Lot 4","Status":"Informational","Address_1":"4834 Da Niece Street","City":"North Pole","State":"AK","Zip_Code":"99705","Site_Type":"Military Installation - Base/Post/Other","Problem_Description":"This Hazard ID has been entered in Informational status because of the application of an environmental covenant due to contamination from the following site: Hazard ID 26773 - Eielson AFB Basewide (AKA Sitewide) PFAS. The property is underlain by per- and polyfluorinated alkyl substances (PFAS) in groundwater. The environmental covenant describes activity and use limitations for the property, based on remaining contamination making it safe for some, but not all, uses.","Site_Report_Link":"http://dec.alaska.gov/Applications/SPAR/PublicMVC/CSP/SiteReport/27454"}},{"type":"Feature","geometry":{"type":"Point","coordinates":[-147.14698397484179,64.706393904892394]},"properties":{"Site_Name":"Eielson AFB Basewide PFAS - Eielson Park Subd, Block 2, Lot 5","Status":"Informational","Address_1":"4844 Da Niece Street","City":"North Pole","State":"AK","Zip_Code":"99705","Site_Type":"Military Installation - Base/Post/Other","Problem_Description":"This Hazard ID has been entered in Informational status because of the application of an environmental covenant due to contamination from the following site: Hazard ID 26773 - Eielson AFB Basewide (AKA Sitewide) PFAS. The property is underlain by per- and polyfluorinated alkyl substances (PFAS) in groundwater. The environmental covenant describes activity and use limitations for the property, based on remaining contamination making it safe for some, but not all, uses.","Site_Report_Link":"http://dec.alaska.gov/Applications/SPAR/PublicMVC/CSP/SiteReport/27455"}},{"type":"Feature","geometry":{"type":"Point","coordinates":[-147.15100797551179,64.707745904780396]},"properties":{"Site_Name":"Eielson AFB Basewide PFAS - Eielson Park Subd, Block 3, Lot 1","Status":"Informational","Address_1":"4814 Da Nephew Street, Apt A","City":"North Pole","State":"AK","Zip_Code":"99705","Site_Type":"Military Installation - Base/Post/Other","Problem_Description":"This Hazard ID has been entered in Informational status because of the application of an environmental covenant due to contamination from the following site: Hazard ID 26773 - Eielson AFB Basewide (AKA Sitewide) PFAS. The property is underlain by per- and polyfluorinated alkyl substances (PFAS) in groundwater. The environmental covenant describes activity and use limitations for the property, based on remaining contamination making it safe for some, but not all, uses.","Site_Report_Link":"http://dec.alaska.gov/Applications/SPAR/PublicMVC/CSP/SiteReport/27456"}},{"type":"Feature","geometry":{"type":"Point","coordinates":[-147.17296997422253,64.718066904643848]},"properties":{"Site_Name":"Eielson AFB Basewide PFAS - Cardaro Subd, 4th Add, Block 3, Lot 1","Status":"Informational","Address_1":"Cardaro Subdivision, 4th Addition, Block 3, Lot 1","City":"North Pole","State":"AK","Zip_Code":"99705","Site_Type":"Military Installation - Base/Post/Other","Problem_Description":"This Hazard ID has been entered in Informational status because of the application of an environmental covenant due to contamination from the following site: Hazard ID 26773 - Eielson AFB Basewide (AKA Sitewide) PFAS. The property is underlain by per- and polyfluorinated alkyl substances (PFAS) in groundwater. The environmental covenant describes activity and use limitations for the property, based on remaining contamination making it safe for some, but not all, uses.","Site_Report_Link":"http://dec.alaska.gov/Applications/SPAR/PublicMVC/CSP/SiteReport/27457"}},{"type":"Feature","geometry":{"type":"Point","coordinates":[-147.17191797415552,64.718102905013723]},"properties":{"Site_Name":"Eielson AFB Basewide PFAS - Cardaro Subd, 4th Add, Block 3, Lot 2","Status":"Informational","Address_1":"Cardaro Subdivision, 4th Addition, Block 3, Lot 2","City":"North Pole","State":"AK","Zip_Code":"99705","Site_Type":"Military Installation - Base/Post/Other","Problem_Description":"This Hazard ID has been entered in Informational status because of the application of an environmental covenant due to contamination from the following site: Hazard ID 26773 - Eielson AFB Basewide (AKA Sitewide) PFAS. The property is underlain by per- and polyfluorinated alkyl substances (PFAS) in groundwater. The environmental covenant describes activity and use limitations for the property, based on remaining contamination making it safe for some, but not all, uses.","Site_Report_Link":"http://dec.alaska.gov/Applications/SPAR/PublicMVC/CSP/SiteReport/27458"}},{"type":"Feature","geometry":{"type":"Point","coordinates":[-147.17083497415447,64.718066904882704]},"properties":{"Site_Name":"Eielson AFB Basewide PFAS - Cardaro Subd, 4th Add, Block 3, Lot 3","Status":"Informational","Address_1":"4619 Lauesen Avenue","City":"North Pole","State":"AK","Zip_Code":"99705","Site_Type":"Military Installation - Base/Post/Other","Problem_Description":"This Hazard ID has been entered in Informational status because of the application of an environmental covenant due to contamination from the following site: Hazard ID 26773 - Eielson AFB Basewide (AKA Sitewide) PFAS. The property is underlain by per- and polyfluorinated alkyl substances (PFAS) in groundwater. The environmental covenant describes activity and use limitations for the property, based on remaining contamination making it safe for some, but not all, uses.","Site_Report_Link":"http://dec.alaska.gov/Applications/SPAR/PublicMVC/CSP/SiteReport/27459"}},{"type":"Feature","geometry":{"type":"Point","coordinates":[-147.17192897392133,64.718835904438862]},"properties":{"Site_Name":"Eielson AFB Basewide PFAS - Cardaro Subd, 4th Add, Block 4, Lot 2","Status":"Informational","Address_1":"4600 Lauesen Avenue Unit A; 4600 Lauesen Avenue Unit B","City":"North Pole","State":"AK","Zip_Code":"99705","Site_Type":"Military Installation - Base/Post/Other","Problem_Description":"This Hazard ID has been entered in Informational status because of the application of an environmental covenant due to contamination from the following site: Hazard ID 26773 - Eielson AFB Basewide (AKA Sitewide) PFAS. The property is underlain by per- and polyfluorinated alkyl substances (PFAS) in groundwater. The environmental covenant describes activity and use limitations for the property, based on remaining contamination making it safe for some, but not all, uses.","Site_Report_Link":"http://dec.alaska.gov/Applications/SPAR/PublicMVC/CSP/SiteReport/27460"}},{"type":"Feature","geometry":{"type":"Point","coordinates":[-147.170061975832,64.718835904538395]},"properties":{"Site_Name":"Eielson AFB Basewide PFAS - Cardaro Subd, 4th Add, Block 4, Lot 3","Status":"Informational","Address_1":"Cardaro Subdivision, 4th Addition, Block 4, Lot 3","City":"North Pole","State":"AK","Zip_Code":"99705","Site_Type":"Military Installation - Base/Post/Other","Problem_Description":"This Hazard ID has been entered in Informational status because of the application of an environmental covenant due to contamination from the following site: Hazard ID 26773 - Eielson AFB Basewide (AKA Sitewide) PFAS. The property is underlain by per- and polyfluorinated alkyl substances (PFAS) in groundwater. The environmental covenant describes activity and use limitations for the property, based on remaining contamination making it safe for some, but not all, uses.","Site_Report_Link":"http://dec.alaska.gov/Applications/SPAR/PublicMVC/CSP/SiteReport/27461"}},{"type":"Feature","geometry":{"type":"Point","coordinates":[-147.1590329745494,64.715752905010604]},"properties":{"Site_Name":"Eielson AFB Basewide PFAS - Cavanaugh Park Estates Subd, Block 1, Lot 1","Status":"Informational","Address_1":"3375 Osage Street; Cavanaugh Park Estates Subdivision, Block 1, Lot 1","City":"North Pole","State":"AK","Zip_Code":"99705","Site_Type":"Military Installation - Base/Post/Other","Problem_Description":"This Hazard ID has been entered in Informational status because of the application of an environmental covenant due to contamination from the following site: Hazard ID 26773 - Eielson AFB Basewide (AKA Sitewide) PFAS. The property is underlain by per- and polyfluorinated alkyl substances (PFAS) in groundwater. The environmental covenant describes activity and use limitations for the property, based on remaining contamination making it safe for some, but not all, uses.","Site_Report_Link":"http://dec.alaska.gov/Applications/SPAR/PublicMVC/CSP/SiteReport/27462"}},{"type":"Feature","geometry":{"type":"Point","coordinates":[-147.16586697490018,64.717039905164697]},"properties":{"Site_Name":"Eielson AFB Basewide PFAS - Cavanaugh Park Estates Subd, Block 2, Lot 4","Status":"Informational","Address_1":"3349 Montana Circle","City":"North Pole","State":"AK","Zip_Code":"99705","Site_Type":"Military Installation - Base/Post/Other","Problem_Description":"This Hazard ID has been entered in Informational status because of the application of an environmental covenant due to contamination from the following site: Hazard ID 26773 - Eielson AFB Basewide (AKA Sitewide) PFAS. The property is underlain by per- and polyfluorinated alkyl substances (PFAS) in groundwater. The environmental covenant describes activity and use limitations for the property, based on remaining contamination making it safe for some, but not all, uses.","Site_Report_Link":"http://dec.alaska.gov/Applications/SPAR/PublicMVC/CSP/SiteReport/27463"}},{"type":"Feature","geometry":{"type":"Point","coordinates":[-147.16526597462902,64.718134904939888]},"properties":{"Site_Name":"Eielson AFB Basewide PFAS - Cavanaugh Park Estates Subd, Block 2, Lot 6","Status":"Informational","Address_1":"4671 White Hall Court","City":"North Pole","State":"AK","Zip_Code":"99705","Site_Type":"Military Installation - Base/Post/Other","Problem_Description":"This Hazard ID has been entered in Informational status because of the application of an environmental covenant due to contamination from the following site: Hazard ID 26773 - Eielson AFB Basewide (AKA Sitewide) PFAS. The property is underlain by per- and polyfluorinated alkyl substances (PFAS) in groundwater. The environmental covenant describes activity and use limitations for the property, based on remaining contamination making it safe for some, but not all, uses.","Site_Report_Link":"http://dec.alaska.gov/Applications/SPAR/PublicMVC/CSP/SiteReport/27465"}},{"type":"Feature","geometry":{"type":"Point","coordinates":[-147.16364597382014,64.718703905294561]},"properties":{"Site_Name":"Eielson AFB Basewide PFAS - Cavanaugh Park Estates Subd, Block 2, Lot 9","Status":"Informational","Address_1":"Cavanaugh Park Estates Subdivision, Block 2, Lot 9","City":"North Pole","State":"AK","Zip_Code":"99705","Site_Type":"Military Installation - Base/Post/Other","Problem_Description":"This Hazard ID has been entered in Informational status because of the application of an environmental covenant due to contamination from the following site: Hazard ID 26773 - Eielson AFB Basewide (AKA Sitewide) PFAS. The property is underlain by per- and polyfluorinated alkyl substances (PFAS) in groundwater. The environmental covenant describes activity and use limitations for the property, based on remaining contamination making it safe for some, but not all, uses.","Site_Report_Link":"http://dec.alaska.gov/Applications/SPAR/PublicMVC/CSP/SiteReport/27466"}},{"type":"Feature","geometry":{"type":"Point","coordinates":[-147.1635389748389,64.71795190448637]},"properties":{"Site_Name":"Eielson AFB Basewide PFAS - Cavanaugh Park Estates Subd, Block 3, Lot 6","Status":"Informational","Address_1":"3362 Montana Circle","City":"North Pole","State":"AK","Zip_Code":"99705","Site_Type":"Military Installation - Base/Post/Other","Problem_Description":"This Hazard ID has been entered in Informational status because of the application of an environmental covenant due to contamination from the following site: Hazard ID 26773 - Eielson AFB Basewide (AKA Sitewide) PFAS. The property is underlain by per- and polyfluorinated alkyl substances (PFAS) in groundwater. The environmental covenant describes activity and use limitations for the property, based on remaining contamination making it safe for some, but not all, uses.","Site_Report_Link":"http://dec.alaska.gov/Applications/SPAR/PublicMVC/CSP/SiteReport/27468"}},{"type":"Feature","geometry":{"type":"Point","coordinates":[-147.16451497463851,64.71739290507135]},"properties":{"Site_Name":"Eielson AFB Basewide PFAS - Cavanaugh Park Estates Subd, Block 3, Lot 7","Status":"Informational","Address_1":"3348 Montana Circle","City":"North Pole","State":"AK","Zip_Code":"99705","Site_Type":"Military Installation - Base/Post/Other","Problem_Description":"This Hazard ID has been entered in Informational status because of the application of an environmental covenant due to contamination from the following site: Hazard ID 26773 - Eielson AFB Basewide (AKA Sitewide) PFAS. The property is underlain by per- and polyfluorinated alkyl substances (PFAS) in groundwater. The environmental covenant describes activity and use limitations for the property, based on remaining contamination making it safe for some, but not all, uses.","Site_Report_Link":"http://dec.alaska.gov/Applications/SPAR/PublicMVC/CSP/SiteReport/27469"}},{"type":"Feature","geometry":{"type":"Point","coordinates":[-147.16280897422817,64.717557904923325]},"properties":{"Site_Name":"Eielson AFB Basewide PFAS - Cavanaugh Park Estates Subd, Block 3, Lot 12","Status":"Informational","Address_1":"3338 Anaconda Court","City":"North Pole","State":"AK","Zip_Code":"99705","Site_Type":"Military Installation - Base/Post/Other","Problem_Description":"This Hazard ID has been entered in Informational status because of the application of an environmental covenant due to contamination from the following site: Hazard ID 26773 - Eielson AFB Basewide (AKA Sitewide) PFAS. The property is underlain by per- and polyfluorinated alkyl substances (PFAS) in groundwater. The environmental covenant describes activity and use limitations for the property, based on remaining contamination making it safe for some, but not all, uses.","Site_Report_Link":"http://dec.alaska.gov/Applications/SPAR/PublicMVC/CSP/SiteReport/27470"}},{"type":"Feature","geometry":{"type":"Point","coordinates":[-147.16142497406602,64.717007905134011]},"properties":{"Site_Name":"Eielson AFB Basewide PFAS - Cavanaugh Park Estates Subd, Block 3, Lot 14","Status":"Informational","Address_1":"Cavanaugh Park Estates Subdivision, Block 3, Lot 14","City":"North Pole","State":"AK","Zip_Code":"99705","Site_Type":"Military Installation - Base/Post/Other","Problem_Description":"This Hazard ID has been entered in Informational status because of the application of an environmental covenant due to contamination from the following site: Hazard ID 26773 - Eielson AFB Basewide (AKA Sitewide) PFAS. The property is underlain by per- and polyfluorinated alkyl substances (PFAS) in groundwater. The environmental covenant describes activity and use limitations for the property, based on remaining contamination making it safe for some, but not all, uses.","Site_Report_Link":"http://dec.alaska.gov/Applications/SPAR/PublicMVC/CSP/SiteReport/27471"}},{"type":"Feature","geometry":{"type":"Point","coordinates":[-147.17186397497204,64.71652690515576]},"properties":{"Site_Name":"Eielson AFB Basewide PFAS - Cardaro Subd, 3rd Add, Block 1, Lot 3","Status":"Informational","Address_1":"Cardaro Subdivision, 3rd Addition, Block 1, Lot 3","City":"North Pole","State":"AK","Zip_Code":"99705","Site_Type":"Military Installation - Base/Post/Other","Problem_Description":"This Hazard ID has been entered in Informational status because of the application of an environmental covenant due to contamination from the following site: Hazard ID 26773 - Eielson AFB Basewide (AKA Sitewide) PFAS. The property is underlain by per- and polyfluorinated alkyl substances (PFAS) in groundwater. The environmental covenant describes activity and use limitations for the property, based on remaining contamination making it safe for some, but not all, uses.","Site_Report_Link":"http://dec.alaska.gov/Applications/SPAR/PublicMVC/CSP/SiteReport/27472"}},{"type":"Feature","geometry":{"type":"Point","coordinates":[-147.17075897401514,64.716494904488968]},"properties":{"Site_Name":"Eielson AFB Basewide PFAS - Cardaro Subd, 3rd Add, Block 1, Lot 4","Status":"Informational","Address_1":"Cardaro Subdivision, 3rd Addition, Block 1, Lot 4","City":"North Pole","State":"AK","Zip_Code":"99705","Site_Type":"Military Installation - Base/Post/Other","Problem_Description":"This Hazard ID has been entered in Informational status because of the application of an environmental covenant due to contamination from the following site: Hazard ID 26773 - Eielson AFB Basewide (AKA Sitewide) PFAS. The property is underlain by per- and polyfluorinated alkyl substances (PFAS) in groundwater. The environmental covenant describes activity and use limitations for the property, based on remaining contamination making it safe for some, but not all, uses.","Site_Report_Link":"http://dec.alaska.gov/Applications/SPAR/PublicMVC/CSP/SiteReport/27475"}},{"type":"Feature","geometry":{"type":"Point","coordinates":[-147.16966497587754,64.716508904584856]},"properties":{"Site_Name":"Eielson AFB Basewide PFAS - Cardaro Subd, 3rd Add, Block 1, Lot 5","Status":"Informational","Address_1":"Cardaro Subdivision, 3rd Addition, Block 1, Lot 5","City":"North Pole","State":"AK","Zip_Code":"99705","Site_Type":"Military Installation - Base/Post/Other","Problem_Description":"This Hazard ID has been entered in Informational status because of the application of an environmental covenant due to contamination from the following site: Hazard ID 26773 - Eielson AFB Basewide (AKA Sitewide) PFAS. The property is underlain by per- and polyfluorinated alkyl substances (PFAS) in groundwater. The environmental covenant describes activity and use limitations for the property, based on remaining contamination making it safe for some, but not all, uses.","Site_Report_Link":"http://dec.alaska.gov/Applications/SPAR/PublicMVC/CSP/SiteReport/27476"}},{"type":"Feature","geometry":{"type":"Point","coordinates":[-147.16967597450707,64.717369904657488]},"properties":{"Site_Name":"Eielson AFB Basewide PFAS - Cardaro Subd, 3rd Add, Block 3, Lot 5","Status":"Informational","Address_1":"Cardaro Subdivision, 3rd Addition, Block 3, Lot 5","City":"North Pole","State":"AK","Zip_Code":"99705","Site_Type":"Military Installation - Base/Post/Other","Problem_Description":"This Hazard ID has been entered in Informational status because of the application of an environmental covenant due to contamination from the following site: Hazard ID 26773 - Eielson AFB Basewide (AKA Sitewide) PFAS. The property is underlain by per- and polyfluorinated alkyl substances (PFAS) in groundwater. The environmental covenant describes activity and use limitations for the property, based on remaining contamination making it safe for some, but not all, uses.","Site_Report_Link":"http://dec.alaska.gov/Applications/SPAR/PublicMVC/CSP/SiteReport/27477"}},{"type":"Feature","geometry":{"type":"Point","coordinates":[-147.17074897441665,64.717360905004696]},"properties":{"Site_Name":"Eielson AFB Basewide PFAS - Cardaro Subd, 3rd Add, Block 3, Lot 6","Status":"Informational","Address_1":"Cardaro Subdivision, 3rd Addition, Block 3, Lot 6","City":"North Pole","State":"AK","Zip_Code":"99705","Site_Type":"Military Installation - Base/Post/Other","Problem_Description":"This Hazard ID has been entered in Informational status because of the application of an environmental covenant due to contamination from the following site: Hazard ID 26773 - Eielson AFB Basewide (AKA Sitewide) PFAS. The property is underlain by per- and polyfluorinated alkyl substances (PFAS) in groundwater. The environmental covenant describes activity and use limitations for the property, based on remaining contamination making it safe for some, but not all, uses.","Site_Report_Link":"http://dec.alaska.gov/Applications/SPAR/PublicMVC/CSP/SiteReport/27478"}},{"type":"Feature","geometry":{"type":"Point","coordinates":[-147.17413897388838,64.717424905022753]},"properties":{"Site_Name":"Eielson AFB Basewide PFAS - Cardaro Subd, 3rd Add, Block 3, Lot 9","Status":"Informational","Address_1":"Cardaro Subdivision, 3rd Addition, Block 3, Lot 9","City":"North Pole","State":"AK","Zip_Code":"99705","Site_Type":"Military Installation - Base/Post/Other","Problem_Description":"This Hazard ID has been entered in Informational status because of the application of an environmental covenant due to contamination from the following site: Hazard ID 26773 - Eielson AFB Basewide (AKA Sitewide) PFAS. The property is underlain by per- and polyfluorinated alkyl substances (PFAS) in groundwater. The environmental covenant describes activity and use limitations for the property, based on remaining contamination making it safe for some, but not all, uses.","Site_Report_Link":"http://dec.alaska.gov/Applications/SPAR/PublicMVC/CSP/SiteReport/27479"}},{"type":"Feature","geometry":{"type":"Point","coordinates":[-147.1570479738524,64.714345905106754]},"properties":{"Site_Name":"Eielson AFB Basewide PFAS - Alice Ann Subd, Parcel A","Status":"Informational","Address_1":"3408 Osage Street","City":"North Pole","State":"AK","Zip_Code":"99705","Site_Type":"Military Installation - Base/Post/Other","Problem_Description":"This Hazard ID has been entered in Informational status because of the application of an environmental covenant due to contamination from the following site: Hazard ID 26773 - Eielson AFB Basewide (AKA Sitewide) PFAS. The property is underlain by per- and polyfluorinated alkyl substances (PFAS) in groundwater. The environmental covenant describes activity and use limitations for the property, based on remaining contamination making it safe for some, but not all, uses.","Site_Report_Link":"http://dec.alaska.gov/Applications/SPAR/PublicMVC/CSP/SiteReport/27480"}},{"type":"Feature","geometry":{"type":"Point","coordinates":[-147.1714249755023,64.712869904914129]},"properties":{"Site_Name":"Eielson AFB Basewide PFAS - Cardaro Subd, 5th Add, Block 5, Lot 2","Status":"Informational","Address_1":"3435 Old Richardson Hwy","City":"North Pole","State":"AK","Zip_Code":"99705","Site_Type":"Military Installation - Base/Post/Other","Problem_Description":"This Hazard ID has been entered in Informational status because of the application of an environmental covenant due to contamination from the following site: Hazard ID 26773 - Eielson AFB Basewide (AKA Sitewide) PFAS. The property is underlain by per- and polyfluorinated alkyl substances (PFAS) in groundwater. The environmental covenant describes activity and use limitations for the property, based on remaining contamination making it safe for some, but not all, uses.","Site_Report_Link":"http://dec.alaska.gov/Applications/SPAR/PublicMVC/CSP/SiteReport/27481"}},{"type":"Feature","geometry":{"type":"Point","coordinates":[-147.1730119755735,64.71206390504156]},"properties":{"Site_Name":"Eielson AFB Basewide PFAS - Cardaro Subd, 5th Add, Block 5, Lot 5","Status":"Informational","Address_1":"Cardaro Subdivision, 5th Addition, Block 5, Lot 5","City":"North Pole","State":"AK","Zip_Code":"99705","Site_Type":"Military Installation - Base/Post/Other","Problem_Description":"This Hazard ID has been entered in Informational status because of the application of an environmental covenant due to contamination from the following site: Hazard ID 26773 - Eielson AFB Basewide (AKA Sitewide) PFAS. The property is underlain by per- and polyfluorinated alkyl substances (PFAS) in groundwater. The environmental covenant describes activity and use limitations for the property, based on remaining contamination making it safe for some, but not all, uses.","Site_Report_Link":"http://dec.alaska.gov/Applications/SPAR/PublicMVC/CSP/SiteReport/27482"}},{"type":"Feature","geometry":{"type":"Point","coordinates":[-147.14955897521099,64.708607904655679]},"properties":{"Site_Name":"Eielson AFB Basewide PFAS - Township 2S, Range 3E, Sec 28, Portion of Gov Lot 11, FNSB PAN 512281","Status":"Informational","Address_1":"3536 Go Thatta Way","City":"North Pole","State":"AK","Zip_Code":"99705","Site_Type":"Military Installation - Base/Post/Other","Problem_Description":"This Hazard ID has been entered in Informational status because of the application of an environmental covenant due to contamination from the following site: Hazard ID 26773 - Eielson AFB Basewide (AKA Sitewide) PFAS. The property is underlain by per- and polyfluorinated alkyl substances (PFAS) in groundwater. The environmental covenant describes activity and use limitations for the property, based on remaining contamination making it safe for some, but not all, uses.","Site_Report_Link":"http://dec.alaska.gov/Applications/SPAR/PublicMVC/CSP/SiteReport/27483"}},{"type":"Feature","geometry":{"type":"Point","coordinates":[-147.14948397422168,64.707546905227929]},"properties":{"Site_Name":"Eielson AFB Basewide PFAS - Mcbc Subd, Lot 4","Status":"Informational","Address_1":"Mcbc Subdivision, Lot 4","City":"North Pole","State":"AK","Zip_Code":"99705","Site_Type":"Military Installation - Base/Post/Other","Problem_Description":"This Hazard ID has been entered in Informational status because of the application of an environmental covenant due to contamination from the following site: Hazard ID 26773 - Eielson AFB Basewide (AKA Sitewide) PFAS. The property is underlain by per- and polyfluorinated alkyl substances (PFAS) in groundwater. The environmental covenant describes activity and use limitations for the property, based on remaining contamination making it safe for some, but not all, uses.","Site_Report_Link":"http://dec.alaska.gov/Applications/SPAR/PublicMVC/CSP/SiteReport/27484"}},{"type":"Feature","geometry":{"type":"Point","coordinates":[-147.18590897555936,64.714973904876288]},"properties":{"Site_Name":"Eielson AFB Basewide PFAS - Pioneer Baptist Subd, Lot 2","Status":"Informational","Address_1":"3391 Old Richardson Hwy; 3383 Old Richardson Hwy","City":"North Pole","State":"AK","Zip_Code":"99705","Site_Type":"Military Installation - Base/Post/Other","Problem_Description":"This Hazard ID has been entered in Informational status because of the application of an environmental covenant due to contamination from the following site: Hazard ID 26773 - Eielson AFB Basewide (AKA Sitewide) PFAS. The property is underlain by per- and polyfluorinated alkyl substances (PFAS) in groundwater. The environmental covenant describes activity and use limitations for the property, based on remaining contamination making it safe for some, but not all, uses.","Site_Report_Link":"http://dec.alaska.gov/Applications/SPAR/PublicMVC/CSP/SiteReport/27485"}},{"type":"Feature","geometry":{"type":"Point","coordinates":[-147.13955997409653,64.706521905176373]},"properties":{"Site_Name":"Eielson AFB Basewide PFAS - Skinner Subd, Tract A","Status":"Informational","Address_1":"3600 Old Richardson Hwy","City":"North Pole","State":"AK","Zip_Code":"99705","Site_Type":"Military Installation - Base/Post/Other","Problem_Description":"This Hazard ID has been entered in Informational status because of the application of an environmental covenant due to contamination from the following site: Hazard ID 26773 - Eielson AFB Basewide (AKA Sitewide) PFAS. The property is underlain by per- and polyfluorinated alkyl substances (PFAS) in groundwater. The environmental covenant describes activity and use limitations for the property, based on remaining contamination making it safe for some, but not all, uses.","Site_Report_Link":"http://dec.alaska.gov/Applications/SPAR/PublicMVC/CSP/SiteReport/27486"}},{"type":"Feature","geometry":{"type":"Point","coordinates":[-147.13401197510689,64.705368904935028]},"properties":{"Site_Name":"Eielson AFB Basewide PFAS - RH Casperson Subd, Block 2, Lot 10","Status":"Informational","Address_1":"RH Casperson Subdivision, Block 2, Lot 10; 4960 Adonis Avenue","City":"North Pole","State":"AK","Zip_Code":"99705","Site_Type":"Military Installation - Base/Post/Other","Problem_Description":"This Hazard ID has been entered in Informational status because of the application of an environmental covenant due to contamination from the following site: Hazard ID 26773 - Eielson AFB Basewide (AKA Sitewide) PFAS. The property is underlain by per- and polyfluorinated alkyl substances (PFAS) in groundwater. The environmental covenant describes activity and use limitations for the property, based on remaining contamination making it safe for some, but not all, uses.","Site_Report_Link":"http://dec.alaska.gov/Applications/SPAR/PublicMVC/CSP/SiteReport/27487"}},{"type":"Feature","geometry":{"type":"Point","coordinates":[-147.1336849753209,64.705371904770161]},"properties":{"Site_Name":"Eielson AFB Basewide PFAS - RH Casperson Subd, Block 2, Lot 11","Status":"Informational","Address_1":"RH Casperson Subdivision, Block 2, Lot 11; 4960 Adonis Avenue","City":"North Pole","State":"AK","Zip_Code":"99705","Site_Type":"Military Installation - Base/Post/Other","Problem_Description":"This Hazard ID has been entered in Informational status because of the application of an environmental covenant due to contamination from the following site: Hazard ID 26773 - Eielson AFB Basewide (AKA Sitewide) PFAS. The property is underlain by per- and polyfluorinated alkyl substances (PFAS) in groundwater. The environmental covenant describes activity and use limitations for the property, based on remaining contamination making it safe for some, but not all, uses.","Site_Report_Link":"http://dec.alaska.gov/Applications/SPAR/PublicMVC/CSP/SiteReport/27488"}},{"type":"Feature","geometry":{"type":"Point","coordinates":[-147.13338397442942,64.705329905071238]},"properties":{"Site_Name":"Eielson AFB Basewide PFAS - RH Casperson Subd, Block 2, Lot 12","Status":"Informational","Address_1":"RH Casperson Subdivision, Block 2, Lot 12; 4960 Adonis Avenue","City":"North Pole","State":"AK","Zip_Code":"99705","Site_Type":"Military Installation - Base/Post/Other","Problem_Description":"This Hazard ID has been entered in Informational status because of the application of an environmental covenant due to contamination from the following site: Hazard ID 26773 - Eielson AFB Basewide (AKA Sitewide) PFAS. The property is underlain by per- and polyfluorinated alkyl substances (PFAS) in groundwater. The environmental covenant describes activity and use limitations for the property, based on remaining contamination making it safe for some, but not all, uses.","Site_Report_Link":"http://dec.alaska.gov/Applications/SPAR/PublicMVC/CSP/SiteReport/27489"}},{"type":"Feature","geometry":{"type":"Point","coordinates":[-147.13302497552311,64.705254905175963]},"properties":{"Site_Name":"Eielson AFB Basewide PFAS - RH Casperson Subd, Block 2, Lot 13","Status":"Informational","Address_1":"RH Casperson Subdivision, Block 2, Lot 13; 4960 Adonis Avenue","City":"North Pole","State":"AK","Zip_Code":"99705","Site_Type":"Military Installation - Base/Post/Other","Problem_Description":"This Hazard ID has been entered in Informational status because of the application of an environmental covenant due to contamination from the following site: Hazard ID 26773 - Eielson AFB Basewide (AKA Sitewide) PFAS. The property is underlain by per- and polyfluorinated alkyl substances (PFAS) in groundwater. The environmental covenant describes activity and use limitations for the property, based on remaining contamination making it safe for some, but not all, uses.","Site_Report_Link":"http://dec.alaska.gov/Applications/SPAR/PublicMVC/CSP/SiteReport/27490"}},{"type":"Feature","geometry":{"type":"Point","coordinates":[-147.13463997562016,64.70538490519202]},"properties":{"Site_Name":"Eielson AFB Basewide PFAS - RH Casperson Subd, Block 2, Lots 7, 8, 9","Status":"Informational","Address_1":"RH Casperson Subd, Block 2, Lots 7, 8, 9; 4960 Adonis Avenue","City":"North Pole","State":"AK","Zip_Code":"99705","Site_Type":"Military Installation - Base/Post/Other","Problem_Description":"This Hazard ID has been entered in Informational status because of the application of an environmental covenant due to contamination from the following site: Hazard ID 26773 - Eielson AFB Basewide (AKA Sitewide) PFAS. The property is underlain by per- and polyfluorinated alkyl substances (PFAS) in groundwater. The environmental covenant describes activity and use limitations for the property, based on remaining contamination making it safe for some, but not all, uses.","Site_Report_Link":"http://dec.alaska.gov/Applications/SPAR/PublicMVC/CSP/SiteReport/27491"}},{"type":"Feature","geometry":{"type":"Point","coordinates":[-147.17738897418994,64.715505904480978]},"properties":{"Site_Name":"Eielson AFB Basewide PFAS - Moose Creek Acres Subd, Block 7, Lot 4","Status":"Informational","Address_1":"3378 Portman Street","City":"North Pole","State":"AK","Zip_Code":"99705","Site_Type":"Military Installation - Base/Post/Other","Problem_Description":"This Hazard ID has been entered in Informational status because of the application of an environmental covenant due to contamination from the following site: Hazard ID 26773 - Eielson AFB Basewide (AKA Sitewide) PFAS. The property is underlain by per- and polyfluorinated alkyl substances (PFAS) in groundwater. The environmental covenant describes activity and use limitations for the property, based on remaining contamination making it safe for some, but not all, uses.","Site_Report_Link":"http://dec.alaska.gov/Applications/SPAR/PublicMVC/CSP/SiteReport/27492"}},{"type":"Feature","geometry":{"type":"Point","coordinates":[-147.1770719745922,64.71513690525704]},"properties":{"Site_Name":"Eielson AFB Basewide PFAS - Moose Creek Acres Subd, Block 7, Lot 5","Status":"Informational","Address_1":"3390 Portman Street","City":"North Pole","State":"AK","Zip_Code":"99705","Site_Type":"Military Installation - Base/Post/Other","Problem_Description":"This Hazard ID has been entered in Informational status because of the application of an environmental covenant due to contamination from the following site: Hazard ID 26773 - Eielson AFB Basewide (AKA Sitewide) PFAS. The property is underlain by per- and polyfluorinated alkyl substances (PFAS) in groundwater. The environmental covenant describes activity and use limitations for the property, based on remaining contamination making it safe for some, but not all, uses.","Site_Report_Link":"http://dec.alaska.gov/Applications/SPAR/PublicMVC/CSP/SiteReport/27493"}},{"type":"Feature","geometry":{"type":"Point","coordinates":[-147.17537397486282,64.719332904675213]},"properties":{"Site_Name":"Eielson AFB Basewide PFAS - Township 2S, Range 3E, Sec 20, Portion of SE1/4 of SE1/4, FNSB PAN 184977","Status":"Informational","Address_1":"3297 Baker Road","City":"North Pole","State":"AK","Zip_Code":"99705","Site_Type":"Military Installation - Base/Post/Other","Problem_Description":"This Hazard ID has been entered in Informational status because of the application of an environmental covenant due to contamination from the following site: Hazard ID 26773 - Eielson AFB Basewide (AKA Sitewide) PFAS. The property is underlain by per- and polyfluorinated alkyl substances (PFAS) in groundwater. The environmental covenant describes activity and use limitations for the property, based on remaining contamination making it safe for some, but not all, uses.","Site_Report_Link":"http://dec.alaska.gov/Applications/SPAR/PublicMVC/CSP/SiteReport/27494"}},{"type":"Feature","geometry":{"type":"Point","coordinates":[-147.16485197414056,64.71208790445975]},"properties":{"Site_Name":"Eielson AFB Basewide PFAS - Gov Lots 6 and 28, FNSB PAN 185167","Status":"Informational","Address_1":"3457 Old Richardson Hwy","City":"North Pole","State":"AK","Zip_Code":"99705","Site_Type":"Military Installation - Base/Post/Other","Problem_Description":"This Hazard ID has been entered in Informational status because of the application of an environmental covenant due to contamination from the following site: Hazard ID 26773 - Eielson AFB Basewide (AKA Sitewide) PFAS. The property is underlain by per- and polyfluorinated alkyl substances (PFAS) in groundwater. The environmental covenant describes activity and use limitations for the property, based on remaining contamination making it safe for some, but not all, uses.","Site_Report_Link":"http://dec.alaska.gov/Applications/SPAR/PublicMVC/CSP/SiteReport/27495"}},{"type":"Feature","geometry":{"type":"Point","coordinates":[-147.14975597412393,64.707825904650761]},"properties":{"Site_Name":"Eielson AFB Basewide PFAS - Township 2S, Range 3E, Sec 28, Portion of Gov Lot 24, FNSB PAN 185191","Status":"Informational","Address_1":"Township 2S, Range 3E, Sec 28, Portion of Gov Lot 24","City":"North Pole","State":"AK","Zip_Code":"99705","Site_Type":"Military Installation - Base/Post/Other","Problem_Description":"This Hazard ID has been entered in Informational status because of the application of an environmental covenant due to contamination from the following site: Hazard ID 26773 - Eielson AFB Basewide (AKA Sitewide) PFAS. The property is underlain by per- and polyfluorinated alkyl substances (PFAS) in groundwater. The environmental covenant describes activity and use limitations for the property, based on remaining contamination making it safe for some, but not all, uses.","Site_Report_Link":"http://dec.alaska.gov/Applications/SPAR/PublicMVC/CSP/SiteReport/27496"}},{"type":"Feature","geometry":{"type":"Point","coordinates":[-147.15681597452027,64.708398905184239]},"properties":{"Site_Name":"Eielson AFB Basewide PFAS - Township 2S, Range 3E, Sec 28, Portion of SE1/4, FNSB PAN 185205","Status":"Informational","Address_1":"4751 Da Nephew Street","City":"North Pole","State":"AK","Zip_Code":"99705","Site_Type":"Military Installation - Base/Post/Other","Problem_Description":"This Hazard ID has been entered in Informational status because of the application of an environmental covenant due to contamination from the following site: Hazard ID 26773 - Eielson AFB Basewide (AKA Sitewide) PFAS. The property is underlain by per- and polyfluorinated alkyl substances (PFAS) in groundwater. The environmental covenant describes activity and use limitations for the property, based on remaining contamination making it safe for some, but not all, uses.","Site_Report_Link":"http://dec.alaska.gov/Applications/SPAR/PublicMVC/CSP/SiteReport/27497"}},{"type":"Feature","geometry":{"type":"Point","coordinates":[-147.15265297385366,64.70782090523916]},"properties":{"Site_Name":"Eielson AFB Basewide PFAS - Township 2S, Range 3E, Sec 28, Portion of SE1/4, FNSB PAN 185248","Status":"Informational","Address_1":"3553 Go Thatta Way","City":"North Pole","State":"AK","Zip_Code":"99705","Site_Type":"Military Installation - Base/Post/Other","Problem_Description":"This Hazard ID has been entered in Informational status because of the application of an environmental covenant due to contamination from the following site: Hazard ID 26773 - Eielson AFB Basewide (AKA Sitewide) PFAS. The property is underlain by per- and polyfluorinated alkyl substances (PFAS) in groundwater. The environmental covenant describes activity and use limitations for the property, based on remaining contamination making it safe for some, but not all, uses.","Site_Report_Link":"http://dec.alaska.gov/Applications/SPAR/PublicMVC/CSP/SiteReport/27498"}},{"type":"Feature","geometry":{"type":"Point","coordinates":[-147.15628997448772,64.71081390481622]},"properties":{"Site_Name":"Eielson AFB Basewide PFAS - Township 2S, Range 3E, Sec 28, Portion of SE1/4, FNSB PAN 185272","Status":"Informational","Address_1":"3489 Hope Street","City":"North Pole","State":"AK","Zip_Code":"99705","Site_Type":"Military Installation - Base/Post/Other","Problem_Description":"This Hazard ID has been entered in Informational status because of the application of an environmental covenant due to contamination from the following site: Hazard ID 26773 - Eielson AFB Basewide (AKA Sitewide) PFAS. The property is underlain by per- and polyfluorinated alkyl substances (PFAS) in groundwater. The environmental covenant describes activity and use limitations for the property, based on remaining contamination making it safe for some, but not all, uses.","Site_Report_Link":"http://dec.alaska.gov/Applications/SPAR/PublicMVC/CSP/SiteReport/27499"}},{"type":"Feature","geometry":{"type":"Point","coordinates":[-147.1518589739029,64.706147905251996]},"properties":{"Site_Name":"Eielson AFB Basewide PFAS - Township 2S, Range 3E, Sec 28, Portion of Lot 24, FNSB PAN 185281","Status":"Informational","Address_1":"3666 Richardson Hwy, Units 1, 2, 3, and 4","City":"North Pole","State":"AK","Zip_Code":"99705","Site_Type":"Military Installation - Base/Post/Other","Problem_Description":"This Hazard ID has been entered in Informational status because of the application of an environmental covenant due to contamination from the following site: Hazard ID 26773 - Eielson AFB Basewide (AKA Sitewide) PFAS. The property is underlain by per- and polyfluorinated alkyl substances (PFAS) in groundwater. The environmental covenant describes activity and use limitations for the property, based on remaining contamination making it safe for some, but not all, uses.","Site_Report_Link":"http://dec.alaska.gov/Applications/SPAR/PublicMVC/CSP/SiteReport/27500"}},{"type":"Feature","geometry":{"type":"Point","coordinates":[-147.15013197588138,64.708315904754258]},"properties":{"Site_Name":"Eielson AFB Basewide PFAS -Township 2S, Range 3E, Sec 28, Portion of Gov Lot 24, FNSB 185418","Status":"Informational","Address_1":"4811 Da Niece Street","City":"North Pole","State":"AK","Zip_Code":"99705","Site_Type":"Military Installation - Base/Post/Other","Problem_Description":"This Hazard ID has been entered in Informational status because of the application of an environmental covenant due to contamination from the following site: Hazard ID 26773 - Eielson AFB Basewide (AKA Sitewide) PFAS. The property is underlain by per- and polyfluorinated alkyl substances (PFAS) in groundwater. The environmental covenant describes activity and use limitations for the property, based on remaining contamination making it safe for some, but not all, uses.","Site_Report_Link":"http://dec.alaska.gov/Applications/SPAR/PublicMVC/CSP/SiteReport/27501"}},{"type":"Feature","geometry":{"type":"Point","coordinates":[-147.14521797563475,64.707729904494599]},"properties":{"Site_Name":"Eielson AFB Basewide PFAS - Township 2S, Range 3E, Sec 28, Portion of Gov Lots 23 and 18, FNSB PAN 185485","Status":"Informational","Address_1":"3555 Old Richardson Hwy ","City":"North Pole","State":"AK","Zip_Code":"99705","Site_Type":"Military Installation - Base/Post/Other","Problem_Description":"This Hazard ID has been entered in Informational status because of the application of an environmental covenant due to contamination from the following site: Hazard ID 26773 - Eielson AFB Basewide (AKA Sitewide) PFAS. The property is underlain by per- and polyfluorinated alkyl substances (PFAS) in groundwater. The environmental covenant describes activity and use limitations for the property, based on remaining contamination making it safe for some, but not all, uses.","Site_Report_Link":"http://dec.alaska.gov/Applications/SPAR/PublicMVC/CSP/SiteReport/27502"}},{"type":"Feature","geometry":{"type":"Point","coordinates":[-147.15656897468133,64.710075905086569]},"properties":{"Site_Name":"Eielson AFB Basewide PFAS  - Township 2S, Range 3E, Sec 28, Portion of SE1/4, FNSB PAN 185493","Status":"Informational","Address_1":"3497 Hope Street","City":"North Pole","State":"AK","Zip_Code":"99705","Site_Type":"Military Installation - Base/Post/Other","Problem_Description":"This Hazard ID has been entered in Informational status because of the application of an environmental covenant due to contamination from the following site: Hazard ID 26773 - Eielson AFB Basewide (AKA Sitewide) PFAS. The property is underlain by per- and polyfluorinated alkyl substances (PFAS) in groundwater. The environmental covenant describes activity and use limitations for the property, based on remaining contamination making it safe for some, but not all, uses.","Site_Report_Link":"http://dec.alaska.gov/Applications/SPAR/PublicMVC/CSP/SiteReport/27503"}},{"type":"Feature","geometry":{"type":"Point","coordinates":[-147.1574429743053,64.710708904661374]},"properties":{"Site_Name":"Eielson AFB Basewide PFAS - Township 2S, Range 3E, Sec 28, Portion of SE1/4, FNSB PAN 185507","Status":"Informational","Address_1":"4745 Putnam Lane","City":"North Pole","State":"AK","Zip_Code":"99705","Site_Type":"Military Installation - Base/Post/Other","Problem_Description":"This Hazard ID has been entered in Informational status because of the application of an environmental covenant due to contamination from the following site: Hazard ID 26773 - Eielson AFB Basewide (AKA Sitewide) PFAS. The property is underlain by per- and polyfluorinated alkyl substances (PFAS) in groundwater. The environmental covenant describes activity and use limitations for the property, based on remaining contamination making it safe for some, but not all, uses.","Site_Report_Link":"http://dec.alaska.gov/Applications/SPAR/PublicMVC/CSP/SiteReport/27504"}},{"type":"Feature","geometry":{"type":"Point","coordinates":[-147.14991197379257,64.708199905291153]},"properties":{"Site_Name":"Eielson AFB Basewide PFAS - Township 2S, Range 3E, Sec 28, Portion of Gov Lot 24, FNSB PAN 185515","Status":"Informational","Address_1":"4815 Da Niece Street","City":"North Pole","State":"AK","Zip_Code":"99705","Site_Type":"Military Installation - Base/Post/Other","Problem_Description":"This Hazard ID has been entered in Informational status because of the application of an environmental covenant due to contamination from the following site: Hazard ID 26773 - Eielson AFB Basewide (AKA Sitewide) PFAS. The property is underlain by per- and polyfluorinated alkyl substances (PFAS) in groundwater. The environmental covenant describes activity and use limitations for the property, based on remaining contamination making it safe for some, but not all, uses.","Site_Report_Link":"http://dec.alaska.gov/Applications/SPAR/PublicMVC/CSP/SiteReport/27505"}},{"type":"Feature","geometry":{"type":"Point","coordinates":[-147.15237897492889,64.708249904946129]},"properties":{"Site_Name":"Eielson AFB Basewide PFAS - Township 2S, Range 3E, Sec 28, Portion of Gov Lots 24 and 11, FNSB PAN 185531","Status":"Informational","Address_1":"Township 2S, Range 3E, Section 28, Portion of Government Lots 24 and 11","City":"North Pole","State":"AK","Zip_Code":"99705","Site_Type":"Military Installation - Base/Post/Other","Problem_Description":"This Hazard ID has been entered in Informational status because of the application of an environmental covenant due to contamination from the following site: Hazard ID 26773 - Eielson AFB Basewide (AKA Sitewide) PFAS. The property is underlain by per- and polyfluorinated alkyl substances (PFAS) in groundwater. The environmental covenant describes activity and use limitations for the property, based on remaining contamination making it safe for some, but not all, uses.","Site_Report_Link":"http://dec.alaska.gov/Applications/SPAR/PublicMVC/CSP/SiteReport/27506"}},{"type":"Feature","geometry":{"type":"Point","coordinates":[-147.15350597450882,64.707470905081081]},"properties":{"Site_Name":"Eielson AFB Basewide PFAS - Township 2S, Range 3E, Sec 28, Portion of SE1/4, FNSB PAN 185540","Status":"Informational","Address_1":"3559 Go Thatta Way","City":"North Pole","State":"AK","Zip_Code":"99705","Site_Type":"Military Installation - Base/Post/Other","Problem_Description":"This Hazard ID has been entered in Informational status because of the application of an environmental covenant due to contamination from the following site: Hazard ID 26773 - Eielson AFB Basewide (AKA Sitewide) PFAS. The property is underlain by per- and polyfluorinated alkyl substances (PFAS) in groundwater. The environmental covenant describes activity and use limitations for the property, based on remaining contamination making it safe for some, but not all, uses.","Site_Report_Link":"http://dec.alaska.gov/Applications/SPAR/PublicMVC/CSP/SiteReport/27507"}},{"type":"Feature","geometry":{"type":"Point","coordinates":[-147.15241097383202,64.710852905256218]},"properties":{"Site_Name":"Eielson AFB Basewide PFAS - Township 2S, Range 3E, Sec 28, Portion of SE1/4, FNSB PAN 185558","Status":"Informational","Address_1":"3489 Old Richardson Hwy","City":"North Pole","State":"AK","Zip_Code":"99705","Site_Type":"Military Installation - Base/Post/Other","Problem_Description":"This Hazard ID has been entered in Informational status because of the application of an environmental covenant due to contamination from the following site: Hazard ID 26773 - Eielson AFB Basewide (AKA Sitewide) PFAS. The property is underlain by per- and polyfluorinated alkyl substances (PFAS) in groundwater. The environmental covenant describes activity and use limitations for the property, based on remaining contamination making it safe for some, but not all, uses.","Site_Report_Link":"http://dec.alaska.gov/Applications/SPAR/PublicMVC/CSP/SiteReport/27508"}},{"type":"Feature","geometry":{"type":"Point","coordinates":[-147.14841997503797,64.706764904498073]},"properties":{"Site_Name":"Eielson AFB Basewide PFAS - Township 2S, Range 3E, Sec 28, Portion of Gov Lots 23 and 24, FNSB PAN 185574","Status":"Informational","Address_1":"4829 Da Niece Street","City":"North Pole","State":"AK","Zip_Code":"99705","Site_Type":"Military Installation - Base/Post/Other","Problem_Description":"This Hazard ID has been entered in Informational status because of the application of an environmental covenant due to contamination from the following site: Hazard ID 26773 - Eielson AFB Basewide (AKA Sitewide) PFAS. The property is underlain by per- and polyfluorinated alkyl substances (PFAS) in groundwater. The environmental covenant describes activity and use limitations for the property, based on remaining contamination making it safe for some, but not all, uses.","Site_Report_Link":"http://dec.alaska.gov/Applications/SPAR/PublicMVC/CSP/SiteReport/27509"}},{"type":"Feature","geometry":{"type":"Point","coordinates":[-147.15616697573302,64.708313904816777]},"properties":{"Site_Name":"Eielson AFB Basewide PFAS - Township 2S, Range 3E, Sec 28, Portion of SE1/4, FNSB PAN 185604","Status":"Informational","Address_1":"4757 Da Nephew Street","City":"North Pole","State":"AK","Zip_Code":"99705","Site_Type":"Military Installation - Base/Post/Other","Problem_Description":"This Hazard ID has been entered in Informational status because of the application of an environmental covenant due to contamination from the following site: Hazard ID 26773 - Eielson AFB Basewide (AKA Sitewide) PFAS. The property is underlain by per- and polyfluorinated alkyl substances (PFAS) in groundwater. The environmental covenant describes activity and use limitations for the property, based on remaining contamination making it safe for some, but not all, uses.","Site_Report_Link":"http://dec.alaska.gov/Applications/SPAR/PublicMVC/CSP/SiteReport/27510"}},{"type":"Feature","geometry":{"type":"Point","coordinates":[-147.16046897525311,64.712049904529778]},"properties":{"Site_Name":"Eielson AFB Basewide PFAS - Township 2S, Range 3E, Sec 28, Portion of Lots 6 and 28, FNSB PAN 185612","Status":"Informational","Address_1":"Township 2S, Range 3E, Sec 28, Portion of Lots 6 and 28","City":"North Pole","State":"AK","Zip_Code":"99705","Site_Type":"Military Installation - Base/Post/Other","Problem_Description":"This Hazard ID has been entered in Informational status because of the application of an environmental covenant due to contamination from the following site: Hazard ID 26773 - Eielson AFB Basewide (AKA Sitewide) PFAS. The property is underlain by per- and polyfluorinated alkyl substances (PFAS) in groundwater. The environmental covenant describes activity and use limitations for the property, based on remaining contamination making it safe for some, but not all, uses.","Site_Report_Link":"http://dec.alaska.gov/Applications/SPAR/PublicMVC/CSP/SiteReport/27511"}},{"type":"Feature","geometry":{"type":"Point","coordinates":[-147.16871797559725,64.714384904901834]},"properties":{"Site_Name":"Eielson AFB Basewide PFAS - Cardaro Subd, Lot 5","Status":"Informational","Address_1":"3410 Hub Road","City":"North Pole","State":"AK","Zip_Code":"99705","Site_Type":"Military Installation - Base/Post/Other","Problem_Description":"This Hazard ID has been entered in Informational status because of the application of an environmental covenant due to contamination from the following site: Hazard ID 26773 - Eielson AFB Basewide (AKA Sitewide) PFAS. The property is underlain by per- and polyfluorinated alkyl substances (PFAS) in groundwater. The environmental covenant describes activity and use limitations for the property, based on remaining contamination making it safe for some, but not all, uses.","Site_Report_Link":"http://dec.alaska.gov/Applications/SPAR/PublicMVC/CSP/SiteReport/27512"}},{"type":"Feature","geometry":{"type":"Point","coordinates":[-147.13534697410648,64.705332904979613]},"properties":{"Site_Name":"Eielson AFB Basewide PFAS - RH Casperson Subd, Block 2, Lot 6","Status":"Informational","Address_1":"RH Casperson Subdivision, Block 2, Lot 6","City":"North Pole","State":"AK","Zip_Code":"99705","Site_Type":"Military Installation - Base/Post/Other","Problem_Description":"This Hazard ID has been entered in Informational status because of the application of an environmental covenant due to contamination from the following site: Hazard ID 26773 - Eielson AFB Basewide (AKA Sitewide) PFAS. The property is underlain by per- and polyfluorinated alkyl substances (PFAS) in groundwater. The environmental covenant describes activity and use limitations for the property, based on remaining contamination making it safe for some, but not all, uses.","Site_Report_Link":"http://dec.alaska.gov/Applications/SPAR/PublicMVC/CSP/SiteReport/27513"}},{"type":"Feature","geometry":{"type":"Point","coordinates":[-147.1362859739406,64.705757904984495]},"properties":{"Site_Name":"Eielson AFB Basewide PFAS - RH Casperson Subd, Block 2, Lot 18","Status":"Informational","Address_1":"RH Casperson Subdivision, Block 2, Lot 18","City":"North Pole","State":"AK","Zip_Code":"99705","Site_Type":"Military Installation - Base/Post/Other","Problem_Description":"This Hazard ID has been entered in Informational status because of the application of an environmental covenant due to contamination from the following site: Hazard ID 26773 - Eielson AFB Basewide (AKA Sitewide) PFAS. The property is underlain by per- and polyfluorinated alkyl substances (PFAS) in groundwater. The environmental covenant describes activity and use limitations for the property, based on remaining contamination making it safe for some, but not all, uses.","Site_Report_Link":"http://dec.alaska.gov/Applications/SPAR/PublicMVC/CSP/SiteReport/27514"}},{"type":"Feature","geometry":{"type":"Point","coordinates":[-147.13656997588006,64.705807905065271]},"properties":{"Site_Name":"Eielson AFB Basewide PFAS - RH Casperson Subd, Block 2, Lot 19","Status":"Informational","Address_1":"3596 Osiris Street","City":"North Pole","State":"AK","Zip_Code":"99705","Site_Type":"Military Installation - Base/Post/Other","Problem_Description":"This Hazard ID has been entered in Informational status because of the application of an environmental covenant due to contamination from the following site: Hazard ID 26773 - Eielson AFB Basewide (AKA Sitewide) PFAS. The property is underlain by per- and polyfluorinated alkyl substances (PFAS) in groundwater. The environmental covenant describes activity and use limitations for the property, based on remaining contamination making it safe for some, but not all, uses.","Site_Report_Link":"http://dec.alaska.gov/Applications/SPAR/PublicMVC/CSP/SiteReport/27516"}},{"type":"Feature","geometry":{"type":"Point","coordinates":[-147.13656997588006,64.705807905065271]},"properties":{"Site_Name":"Eielson AFB Basewide PFAS - RH Casperson Subd, Block 2, Lot 20","Status":"Informational","Address_1":"RH Casperson Subdivision, Block 2, Lot 20","City":"North Pole","State":"AK","Zip_Code":"99705","Site_Type":"Military Installation - Base/Post/Other","Problem_Description":"This Hazard ID has been entered in Informational status because of the application of an environmental covenant due to contamination from the following site: Hazard ID 26773 - Eielson AFB Basewide (AKA Sitewide) PFAS. The property is underlain by per- and polyfluorinated alkyl substances (PFAS) in groundwater. The environmental covenant describes activity and use limitations for the property, based on remaining contamination making it safe for some, but not all, uses.","Site_Report_Link":"http://dec.alaska.gov/Applications/SPAR/PublicMVC/CSP/SiteReport/27517"}},{"type":"Feature","geometry":{"type":"Point","coordinates":[-147.1597369738667,64.714782904701224]},"properties":{"Site_Name":"Eielson AFB Basewide PFAS - Frito Subd, Block 1, Lot 5","Status":"Informational","Address_1":"4724 Rivers Street","City":"North Pole","State":"AK","Zip_Code":"99705","Site_Type":"Military Installation - Base/Post/Other","Problem_Description":"This Hazard ID has been entered in Informational status because of the application of an environmental covenant due to contamination from the following site: Hazard ID 26773 - Eielson AFB Basewide (AKA Sitewide) PFAS. The property is underlain by per- and polyfluorinated alkyl substances (PFAS) in groundwater. The environmental covenant describes activity and use limitations for the property, based on remaining contamination making it safe for some, but not all, uses.","Site_Report_Link":"http://dec.alaska.gov/Applications/SPAR/PublicMVC/CSP/SiteReport/27518"}},{"type":"Feature","geometry":{"type":"Point","coordinates":[-147.16035797409643,64.715001905079291]},"properties":{"Site_Name":"Eielson AFB Basewide PFAS - Frito Subd, Block 1, Lot 6","Status":"Informational","Address_1":"4718 Rivers Street","City":"North Pole","State":"AK","Zip_Code":"99705","Site_Type":"Military Installation - Base/Post/Other","Problem_Description":"This Hazard ID has been entered in Informational status because of the application of an environmental covenant due to contamination from the following site: Hazard ID 26773 - Eielson AFB Basewide (AKA Sitewide) PFAS. The property is underlain by per- and polyfluorinated alkyl substances (PFAS) in groundwater. The environmental covenant describes activity and use limitations for the property, based on remaining contamination making it safe for some, but not all, uses.","Site_Report_Link":"http://dec.alaska.gov/Applications/SPAR/PublicMVC/CSP/SiteReport/27519"}},{"type":"Feature","geometry":{"type":"Point","coordinates":[-147.16294397473877,64.714415905061529]},"properties":{"Site_Name":"Eielson AFB Basewide PFAS - Frito Subd, Block 2, Lot 12","Status":"Informational","Address_1":"Frito Subdivision, Block 2, Lot 12","City":"North Pole","State":"AK","Zip_Code":"99705","Site_Type":"Military Installation - Base/Post/Other","Problem_Description":"This Hazard ID has been entered in Informational status because of the application of an environmental covenant due to contamination from the following site: Hazard ID 26773 - Eielson AFB Basewide (AKA Sitewide) PFAS. The property is underlain by per- and polyfluorinated alkyl substances (PFAS) in groundwater. The environmental covenant describes activity and use limitations for the property, based on remaining contamination making it safe for some, but not all, uses.","Site_Report_Link":"http://dec.alaska.gov/Applications/SPAR/PublicMVC/CSP/SiteReport/27520"}},{"type":"Feature","geometry":{"type":"Point","coordinates":[-147.2043269744193,64.718677904470482]},"properties":{"Site_Name":"Eielson AFB Basewide PFAS - Moose Creek Subd, 1st Add, Lot 3","Status":"Informational","Address_1":"4302 Lauesen Avenue","City":"North Pole","State":"AK","Zip_Code":"99705","Site_Type":"Military Installation - Base/Post/Other","Problem_Description":"This Hazard ID has been entered in Informational status because of the application of an environmental covenant due to contamination from the following site: Hazard ID 26773 - Eielson AFB Basewide (AKA Sitewide) PFAS. The property is underlain by per- and polyfluorinated alkyl substances (PFAS) in groundwater. The environmental covenant describes activity and use limitations for the property, based on remaining contamination making it safe for some, but not all, uses.","Site_Report_Link":"http://dec.alaska.gov/Applications/SPAR/PublicMVC/CSP/SiteReport/27521"}},{"type":"Feature","geometry":{"type":"Point","coordinates":[-147.20308197389517,64.718668904722733]},"properties":{"Site_Name":"Eielson AFB Basewide PFAS - Moose Creek Subd, 1st Add, Lot 4","Status":"Informational","Address_1":"Moose Creek Subdivision, 1st Addition, Lot 4","City":"North Pole","State":"AK","Zip_Code":"99705","Site_Type":"Military Installation - Base/Post/Other","Problem_Description":"This Hazard ID has been entered in Informational status because of the application of an environmental covenant due to contamination from the following site: Hazard ID 26773 - Eielson AFB Basewide (AKA Sitewide) PFAS. The property is underlain by per- and polyfluorinated alkyl substances (PFAS) in groundwater. The environmental covenant describes activity and use limitations for the property, based on remaining contamination making it safe for some, but not all, uses.","Site_Report_Link":"http://dec.alaska.gov/Applications/SPAR/PublicMVC/CSP/SiteReport/27522"}},{"type":"Feature","geometry":{"type":"Point","coordinates":[-147.19787997360646,64.718607905161861]},"properties":{"Site_Name":"Eielson AFB Basewide PFAS - Moose Creek Subd, 1st Add, Lot 7","Status":"Informational","Address_1":"4360 Lauesen Avenue","City":"North Pole","State":"AK","Zip_Code":"99705","Site_Type":"Military Installation - Base/Post/Other","Problem_Description":"This Hazard ID has been entered in Informational status because of the application of an environmental covenant due to contamination from the following site: Hazard ID 26773 - Eielson AFB Basewide (AKA Sitewide) PFAS. The property is underlain by per- and polyfluorinated alkyl substances (PFAS) in groundwater. The environmental covenant describes activity and use limitations for the property, based on remaining contamination making it safe for some, but not all, uses.","Site_Report_Link":"http://dec.alaska.gov/Applications/SPAR/PublicMVC/CSP/SiteReport/27523"}},{"type":"Feature","geometry":{"type":"Point","coordinates":[-147.19654997509789,64.718643905194767]},"properties":{"Site_Name":"Eielson AFB Basewide PFAS - Moose Creek Subd, 1st Add, Lot 8","Status":"Informational","Address_1":"Moose Creek Subdivision, 1st Addition, Lot 8","City":"North Pole","State":"AK","Zip_Code":"99705","Site_Type":"Military Installation - Base/Post/Other","Problem_Description":"This Hazard ID has been entered in Informational status because of the application of an environmental covenant due to contamination from the following site: Hazard ID 26773 - Eielson AFB Basewide (AKA Sitewide) PFAS. The property is underlain by per- and polyfluorinated alkyl substances (PFAS) in groundwater. The environmental covenant describes activity and use limitations for the property, based on remaining contamination making it safe for some, but not all, uses.","Site_Report_Link":"http://dec.alaska.gov/Applications/SPAR/PublicMVC/CSP/SiteReport/27524"}},{"type":"Feature","geometry":{"type":"Point","coordinates":[-147.19247197503682,64.71884490480285]},"properties":{"Site_Name":"Eielson AFB Basewide PFAS - Moose Creek Subd, 1st Add, Lot 11","Status":"Informational","Address_1":"4412 Lauesen Avenue","City":"North Pole","State":"AK","Zip_Code":"99705","Site_Type":"Military Installation - Base/Post/Other","Problem_Description":"This Hazard ID has been entered in Informational status because of the application of an environmental covenant due to contamination from the following site: Hazard ID 26773 - Eielson AFB Basewide (AKA Sitewide) PFAS. The property is underlain by per- and polyfluorinated alkyl substances (PFAS) in groundwater. The environmental covenant describes activity and use limitations for the property, based on remaining contamination making it safe for some, but not all, uses.","Site_Report_Link":"http://dec.alaska.gov/Applications/SPAR/PublicMVC/CSP/SiteReport/27525"}},{"type":"Feature","geometry":{"type":"Point","coordinates":[-147.19545897481703,64.717389904708384]},"properties":{"Site_Name":"Eielson AFB Basewide PFAS - Moose Creek Subd, 1st Add, Lot 15","Status":"Informational","Address_1":"4390 Al Cory Drive","City":"North Pole","State":"AK","Zip_Code":"99705","Site_Type":"Military Installation - Base/Post/Other","Problem_Description":"This Hazard ID has been entered in Informational status because of the application of an environmental covenant due to contamination from the following site: Hazard ID 26773 - Eielson AFB Basewide (AKA Sitewide) PFAS. The property is underlain by per- and polyfluorinated alkyl substances (PFAS) in groundwater. The environmental covenant describes activity and use limitations for the property, based on remaining contamination making it safe for some, but not all, uses.","Site_Report_Link":"http://dec.alaska.gov/Applications/SPAR/PublicMVC/CSP/SiteReport/27526"}},{"type":"Feature","geometry":{"type":"Point","coordinates":[-147.182325974294,64.718747904842388]},"properties":{"Site_Name":"Eielson AFB Basewide PFAS - Moose Creek Acres Subd, Block 4, Lot 1","Status":"Informational","Address_1":"4510 Lauesen Avenue","City":"North Pole","State":"AK","Zip_Code":"99705","Site_Type":"Military Installation - Base/Post/Other","Problem_Description":"This Hazard ID has been entered in Informational status because of the application of an environmental covenant due to contamination from the following site: Hazard ID 26773 - Eielson AFB Basewide (AKA Sitewide) PFAS. The property is underlain by per- and polyfluorinated alkyl substances (PFAS) in groundwater. The environmental covenant describes activity and use limitations for the property, based on remaining contamination making it safe for some, but not all, uses.","Site_Report_Link":"http://dec.alaska.gov/Applications/SPAR/PublicMVC/CSP/SiteReport/27527"}},{"type":"Feature","geometry":{"type":"Point","coordinates":[-147.18241197390114,64.717994905051739]},"properties":{"Site_Name":"Eielson AFB Basewide PFAS - Moose Creek Acres Subd, Block 5, Lot 1","Status":"Informational","Address_1":"4509 Lauesen Avenue","City":"North Pole","State":"AK","Zip_Code":"99705","Site_Type":"Military Installation - Base/Post/Other","Problem_Description":"This Hazard ID has been entered in Informational status because of the application of an environmental covenant due to contamination from the following site: Hazard ID 26773 - Eielson AFB Basewide (AKA Sitewide) PFAS. The property is underlain by per- and polyfluorinated alkyl substances (PFAS) in groundwater. The environmental covenant describes activity and use limitations for the property, based on remaining contamination making it safe for some, but not all, uses.","Site_Report_Link":"http://dec.alaska.gov/Applications/SPAR/PublicMVC/CSP/SiteReport/27528"}},{"type":"Feature","geometry":{"type":"Point","coordinates":[-147.1769219740614,64.718025904984344]},"properties":{"Site_Name":"Eielson AFB Basewide PFAS - Moose Creek Acres Subd, Block 5, Lot 5","Status":"Informational","Address_1":"4559 Lauesen Avenue","City":"North Pole","State":"AK","Zip_Code":"99705","Site_Type":"Military Installation - Base/Post/Other","Problem_Description":"This Hazard ID has been entered in Informational status because of the application of an environmental covenant due to contamination from the following site: Hazard ID 26773 - Eielson AFB Basewide (AKA Sitewide) PFAS. The property is underlain by per- and polyfluorinated alkyl substances (PFAS) in groundwater. The environmental covenant describes activity and use limitations for the property, based on remaining contamination making it safe for some, but not all, uses.","Site_Report_Link":"http://dec.alaska.gov/Applications/SPAR/PublicMVC/CSP/SiteReport/27529"}},{"type":"Feature","geometry":{"type":"Point","coordinates":[-147.17851097504092,64.717276904863525]},"properties":{"Site_Name":"Eielson AFB Basewide PFAS - Moose Creek Acres Subd, Block 5, Lot 9","Status":"Informational","Address_1":"4548 Moose Creek Avenue","City":"North Pole","State":"AK","Zip_Code":"99705","Site_Type":"Military Installation - Base/Post/Other","Problem_Description":"This Hazard ID has been entered in Informational status because of the application of an environmental covenant due to contamination from the following site: Hazard ID 26773 - Eielson AFB Basewide (AKA Sitewide) PFAS. The property is underlain by per- and polyfluorinated alkyl substances (PFAS) in groundwater. The environmental covenant describes activity and use limitations for the property, based on remaining contamination making it safe for some, but not all, uses.","Site_Report_Link":"http://dec.alaska.gov/Applications/SPAR/PublicMVC/CSP/SiteReport/27530"}},{"type":"Feature","geometry":{"type":"Point","coordinates":[-147.18116397430651,64.716764904960968]},"properties":{"Site_Name":"Eielson AFB Basewide PFAS - Moose Creek Acres Subd, Block 6, Lot 2","Status":"Informational","Address_1":"4519 Moose Creek Avenue","City":"North Pole","State":"AK","Zip_Code":"99705","Site_Type":"Military Installation - Base/Post/Other","Problem_Description":"This Hazard ID has been entered in Informational status because of the application of an environmental covenant due to contamination from the following site: Hazard ID 26773 - Eielson AFB Basewide (AKA Sitewide) PFAS. The property is underlain by per- and polyfluorinated alkyl substances (PFAS) in groundwater. The environmental covenant describes activity and use limitations for the property, based on remaining contamination making it safe for some, but not all, uses.","Site_Report_Link":"http://dec.alaska.gov/Applications/SPAR/PublicMVC/CSP/SiteReport/27531"}},{"type":"Feature","geometry":{"type":"Point","coordinates":[-147.16519797476607,64.714704905242328]},"properties":{"Site_Name":"Eielson AFB Basewide PFAS - Township 2S, Range 3E, Sec 28, Portion of Gov Lot 3, FNSB PAN 185132","Status":"Informational","Address_1":"3397 Bellwood Street","City":"North Pole","State":"AK","Zip_Code":"99705","Site_Type":"Military Installation - Base/Post/Other","Problem_Description":"This Hazard ID has been entered in Informational status because of the application of an environmental covenant due to contamination from the following site: Hazard ID 26773 - Eielson AFB Basewide (AKA Sitewide) PFAS. The property is underlain by per- and polyfluorinated alkyl substances (PFAS) in groundwater. The environmental covenant describes activity and use limitations for the property, based on remaining contamination making it safe for some, but not all, uses.","Site_Report_Link":"http://dec.alaska.gov/Applications/SPAR/PublicMVC/CSP/SiteReport/27532"}},{"type":"Feature","geometry":{"type":"Point","coordinates":[-147.16092697518852,64.713715904724609]},"properties":{"Site_Name":"Eielson AFB Basewide PFAS - Frito Subd, Block 2, Lot 16","Status":"Informational","Address_1":"4714 Pam Avenue","City":"North Pole","State":"AK","Zip_Code":"99705","Site_Type":"Military Installation - Base/Post/Other","Problem_Description":"This Hazard ID has been entered in Informational status because of the application of an environmental covenant due to contamination from the following site: Hazard ID 26773 - Eielson AFB Basewide (AKA Sitewide) PFAS. The property is underlain by per- and polyfluorinated alkyl substances (PFAS) in groundwater. The environmental covenant describes activity and use limitations for the property, based on remaining contamination making it safe for some, but not all, uses.","Site_Report_Link":"http://dec.alaska.gov/Applications/SPAR/PublicMVC/CSP/SiteReport/27533"}},{"type":"Feature","geometry":{"type":"Point","coordinates":[-147.15929897550402,64.71326490478522]},"properties":{"Site_Name":"Eielson AFB Basewide PFAS - Frito Subd, Block 2, Lot 19","Status":"Informational","Address_1":"4730 Pam Avenue","City":"North Pole","State":"AK","Zip_Code":"99705","Site_Type":"Military Installation - Base/Post/Other","Problem_Description":"This Hazard ID has been entered in Informational status because of the application of an environmental covenant due to contamination from the following site: Hazard ID 26773 - Eielson AFB Basewide (AKA Sitewide) PFAS. The property is underlain by per- and polyfluorinated alkyl substances (PFAS) in groundwater. The environmental covenant describes activity and use limitations for the property, based on remaining contamination making it safe for some, but not all, uses.","Site_Report_Link":"http://dec.alaska.gov/Applications/SPAR/PublicMVC/CSP/SiteReport/27534"}},{"type":"Feature","geometry":{"type":"Point","coordinates":[-147.18108697432953,64.718682905294457]},"properties":{"Site_Name":"Eielson AFB Basewide PFAS - Moose Creek Acres Subd, Block 4, Lot 2","Status":"Informational","Address_1":"4520 Lauesen Avenue","City":"North Pole","State":"AK","Zip_Code":"99705","Site_Type":"Military Installation - Base/Post/Other","Problem_Description":"This Hazard ID has been entered in Informational status because of the application of an environmental covenant due to contamination from the following site: Hazard ID 26773 - Eielson AFB Basewide (AKA Sitewide) PFAS. The property is underlain by per- and polyfluorinated alkyl substances (PFAS) in groundwater. The environmental covenant describes activity and use limitations for the property, based on remaining contamination making it safe for some, but not all, uses.","Site_Report_Link":"http://dec.alaska.gov/Applications/SPAR/PublicMVC/CSP/SiteReport/27535"}},{"type":"Feature","geometry":{"type":"Point","coordinates":[-147.17550297539441,64.71735890461126]},"properties":{"Site_Name":"Eielson AFB Basewide PFAS - Moose Creek Acres Subd, Block 5, Lot 7","Status":"Informational","Address_1":"3339 Baker Road","City":"North Pole","State":"AK","Zip_Code":"99705","Site_Type":"Military Installation - Base/Post/Other","Problem_Description":"This Hazard ID has been entered in Informational status because of the application of an environmental covenant due to contamination from the following site: Hazard ID 26773 - Eielson AFB Basewide (AKA Sitewide) PFAS. The property is underlain by per- and polyfluorinated alkyl substances (PFAS) in groundwater. The environmental covenant describes activity and use limitations for the property, based on remaining contamination making it safe for some, but not all, uses.","Site_Report_Link":"http://dec.alaska.gov/Applications/SPAR/PublicMVC/CSP/SiteReport/27539"}},{"type":"Feature","geometry":{"type":"Point","coordinates":[-147.16031097409206,64.713031904860046]},"properties":{"Site_Name":"Eielson AFB Basewide PFAS - Frito Subd, Block 3, Lot 3","Status":"Informational","Address_1":"Frito Subdivision, Lot 3 Block 3","City":"North Pole","State":"AK","Zip_Code":"99705","Site_Type":"Military Installation - Base/Post/Other","Problem_Description":"This Hazard ID has been entered in Informational status because of the application of an environmental covenant due to contamination from the following site: Hazard ID 26773 - Eielson AFB Basewide (AKA Sitewide) PFAS. The property is underlain by per- and polyfluorinated alkyl substances (PFAS) in groundwater. The environmental covenant describes activity and use limitations for the property, based on remaining contamination making it safe for some, but not all, uses.","Site_Report_Link":"http://dec.alaska.gov/Applications/SPAR/PublicMVC/CSP/SiteReport/27540"}},{"type":"Feature","geometry":{"type":"Point","coordinates":[-147.12842297434725,64.708896905225984]},"properties":{"Site_Name":"Eielson AFB Basewide PFAS -  Township 2S, Range 3E, Sec 27, NE1/4 of SW1/4, FNSB PAN 382396","Status":"Informational","Address_1":"Township 2S, Range 3E, Sec 27, NE1/4 of SW1/4","City":"North Pole","State":"AK","Zip_Code":"99705","Site_Type":"Military Installation - Base/Post/Other","Problem_Description":"This Hazard ID has been entered in Informational status because of the application of an environmental covenant due to contamination from the following site: Hazard ID 26773 - Eielson AFB Basewide (AKA Sitewide) PFAS. The property is underlain by per- and polyfluorinated alkyl substances (PFAS) in groundwater. The environmental covenant describes activity and use limitations for the property, based on remaining contamination making it safe for some, but not all, uses.","Site_Report_Link":"http://dec.alaska.gov/Applications/SPAR/PublicMVC/CSP/SiteReport/27541"}},{"type":"Feature","geometry":{"type":"Point","coordinates":[-147.14768097416973,64.709294905241052]},"properties":{"Site_Name":"Eielson AFB Basewide PFAS - Eielson Park Subd, 1st Add, Block 2, Lot 6","Status":"Informational","Address_1":"3516 Go Thatta Way","City":"North Pole","State":"AK","Zip_Code":"99705","Site_Type":"Military Installation - Base/Post/Other","Problem_Description":"This Hazard ID has been entered in Informational status because of the application of an environmental covenant due to contamination from the following site: Hazard ID 26773 - Eielson AFB Basewide (AKA Sitewide) PFAS. The property is underlain by per- and polyfluorinated alkyl substances (PFAS) in groundwater. The environmental covenant describes activity and use limitations for the property, based on remaining contamination making it safe for some, but not all, uses.","Site_Report_Link":"http://dec.alaska.gov/Applications/SPAR/PublicMVC/CSP/SiteReport/27542"}},{"type":"Feature","geometry":{"type":"Point","coordinates":[-147.14622597493124,64.708780905001305]},"properties":{"Site_Name":"Eielson AFB Basewide PFAS - Eielson Park Subd, 1st Add, Block 2, Lot 7","Status":"Informational","Address_1":"Eielson Park Subdivision, 1st Addition, Block 2, Lot 7","City":"North Pole","State":"AK","Zip_Code":"99705","Site_Type":"Military Installation - Base/Post/Other","Problem_Description":"This Hazard ID has been entered in Informational status because of the application of an environmental covenant due to contamination from the following site: Hazard ID 26773 - Eielson AFB Basewide (AKA Sitewide) PFAS. The property is underlain by per- and polyfluorinated alkyl substances (PFAS) in groundwater. The environmental covenant describes activity and use limitations for the property, based on remaining contamination making it safe for some, but not all, uses.","Site_Report_Link":"http://dec.alaska.gov/Applications/SPAR/PublicMVC/CSP/SiteReport/27543"}},{"type":"Feature","geometry":{"type":"Point","coordinates":[-147.16471297520695,64.715745904604006]},"properties":{"Site_Name":"Eielson AFB Basewide PFAS - Cavanaugh Park Estates Subd, Block 2, Lot 1","Status":"Informational","Address_1":"4675 Butte Ct.","City":"North Pole","State":"AK","Zip_Code":"99705","Site_Type":"Military Installation - Base/Post/Other","Problem_Description":"This Hazard ID has been entered in Informational status because of the application of an environmental covenant due to contamination from the following site: Hazard ID 26773 - Eielson AFB Basewide (AKA Sitewide) PFAS. The property is underlain by per- and polyfluorinated alkyl substances (PFAS) in groundwater. The environmental covenant describes activity and use limitations for the property, based on remaining contamination making it safe for some, but not all, uses.","Site_Report_Link":"http://dec.alaska.gov/Applications/SPAR/PublicMVC/CSP/SiteReport/27544"}},{"type":"Feature","geometry":{"type":"Point","coordinates":[-147.16018997555273,64.718580904952333]},"properties":{"Site_Name":"Eielson AFB Basewide PFAS - Cavanaugh Park Estates Subd, Block 2, Lot 12","Status":"Informational","Address_1":"Cavanaugh Park Estates Subdivision, Block 2, Lot 12","City":"North Pole","State":"AK","Zip_Code":"99705","Site_Type":"Military Installation - Base/Post/Other","Problem_Description":"This Hazard ID has been entered in Informational status because of the application of an environmental covenant due to contamination from the following site: Hazard ID 26773 - Eielson AFB Basewide (AKA Sitewide) PFAS. The property is underlain by per- and polyfluorinated alkyl substances (PFAS) in groundwater. The environmental covenant describes activity and use limitations for the property, based on remaining contamination making it safe for some, but not all, uses.","Site_Report_Link":"http://dec.alaska.gov/Applications/SPAR/PublicMVC/CSP/SiteReport/27545"}},{"type":"Feature","geometry":{"type":"Point","coordinates":[-147.15890597442197,64.717510904500301]},"properties":{"Site_Name":"Eielson AFB Basewide PFAS - Cavanaugh Park Estates Subd, Block 2, Lot 16","Status":"Informational","Address_1":"3381 Montana Circle","City":"North Pole","State":"AK","Zip_Code":"99705","Site_Type":"Military Installation - Base/Post/Other","Problem_Description":"This Hazard ID has been entered in Informational status because of the application of an environmental covenant due to contamination from the following site: Hazard ID 26773 - Eielson AFB Basewide (AKA Sitewide) PFAS. The property is underlain by per- and polyfluorinated alkyl substances (PFAS) in groundwater. The environmental covenant describes activity and use limitations for the property, based on remaining contamination making it safe for some, but not all, uses.","Site_Report_Link":"http://dec.alaska.gov/Applications/SPAR/PublicMVC/CSP/SiteReport/27546"}},{"type":"Feature","geometry":{"type":"Point","coordinates":[-147.16140997393208,64.718071905198684]},"properties":{"Site_Name":"Eielson AFB Basewide PFAS - Cavanaugh Park Estates Subd, Block 3, Lot 4","Status":"Informational","Address_1":"3370 Montana Circle","City":"North Pole","State":"AK","Zip_Code":"99705","Site_Type":"Military Installation - Base/Post/Other","Problem_Description":"This Hazard ID has been entered in Informational status because of the application of an environmental covenant due to contamination from the following site: Hazard ID 26773 - Eielson AFB Basewide (AKA Sitewide) PFAS. The property is underlain by per- and polyfluorinated alkyl substances (PFAS) in groundwater. The environmental covenant describes activity and use limitations for the property, based on remaining contamination making it safe for some, but not all, uses.","Site_Report_Link":"http://dec.alaska.gov/Applications/SPAR/PublicMVC/CSP/SiteReport/27547"}},{"type":"Feature","geometry":{"type":"Point","coordinates":[-147.16226897557897,64.718181904690951]},"properties":{"Site_Name":"Eielson AFB Basewide PFAS - Cavanaugh Park Estates Subd, Block 3, Lot 5","Status":"Informational","Address_1":"Cavanaugh Park Estates Subdivision, Block 3, Lot 5","City":"North Pole","State":"AK","Zip_Code":"99705","Site_Type":"Military Installation - Base/Post/Other","Problem_Description":"This Hazard ID has been entered in Informational status because of the application of an environmental covenant due to contamination from the following site: Hazard ID 26773 - Eielson AFB Basewide (AKA Sitewide) PFAS. The property is underlain by per- and polyfluorinated alkyl substances (PFAS) in groundwater. The environmental covenant describes activity and use limitations for the property, based on remaining contamination making it safe for some, but not all, uses.","Site_Report_Link":"http://dec.alaska.gov/Applications/SPAR/PublicMVC/CSP/SiteReport/27548"}},{"type":"Feature","geometry":{"type":"Point","coordinates":[-147.16448197458368,64.716879904787305]},"properties":{"Site_Name":"Eielson AFB Basewide PFAS - Cavanaugh Park Estates Subd, Block 3, Lot 8","Status":"Informational","Address_1":"3342 Montana Circle","City":"North Pole","State":"AK","Zip_Code":"99705","Site_Type":"Military Installation - Base/Post/Other","Problem_Description":"This Hazard ID has been entered in Informational status because of the application of an environmental covenant due to contamination from the following site: Hazard ID 26773 - Eielson AFB Basewide (AKA Sitewide) PFAS. The property is underlain by per- and polyfluorinated alkyl substances (PFAS) in groundwater. The environmental covenant describes activity and use limitations for the property, based on remaining contamination making it safe for some, but not all, uses.","Site_Report_Link":"http://dec.alaska.gov/Applications/SPAR/PublicMVC/CSP/SiteReport/27549"}},{"type":"Feature","geometry":{"type":"Point","coordinates":[-147.17024397517739,64.713093904916207]},"properties":{"Site_Name":"Eielson AFB Basewide PFAS - Cardaro Subd, 5th Add, Block 5, Lot 1","Status":"Informational","Address_1":"3439 Old Richardson Highway","City":"North Pole","State":"AK","Zip_Code":"99705","Site_Type":"Military Installation - Base/Post/Other","Problem_Description":"This Hazard ID has been entered in Informational status because of the application of an environmental covenant due to contamination from the following site: Hazard ID 26773 - Eielson AFB Basewide (AKA Sitewide) PFAS. The property is underlain by per- and polyfluorinated alkyl substances (PFAS) in groundwater. The environmental covenant describes activity and use limitations for the property, based on remaining contamination making it safe for some, but not all, uses.","Site_Report_Link":"http://dec.alaska.gov/Applications/SPAR/PublicMVC/CSP/SiteReport/27550"}},{"type":"Feature","geometry":{"type":"Point","coordinates":[-147.17251397533082,64.713135904780728]},"properties":{"Site_Name":"Eielson AFB Basewide PFAS - Cardaro Subd, 5th Add, Block 5, Lot 3","Status":"Informational","Address_1":"3427 Old Richardson Highway","City":"North Pole","State":"AK","Zip_Code":"99705","Site_Type":"Military Installation - Base/Post/Other","Problem_Description":"This Hazard ID has been entered in Informational status because of the application of an environmental covenant due to contamination from the following site: Hazard ID 26773 - Eielson AFB Basewide (AKA Sitewide) PFAS. The property is underlain by per- and polyfluorinated alkyl substances (PFAS) in groundwater. The environmental covenant describes activity and use limitations for the property, based on remaining contamination making it safe for some, but not all, uses.","Site_Report_Link":"http://dec.alaska.gov/Applications/SPAR/PublicMVC/CSP/SiteReport/27551"}},{"type":"Feature","geometry":{"type":"Point","coordinates":[-147.17399797374387,64.713436905053754]},"properties":{"Site_Name":"Eielson AFB Basewide PFAS - Cardaro Subd, 5th Add, Block 5, Lot 4","Status":"Informational","Address_1":"3423 Old Richardson Highway","City":"North Pole","State":"AK","Zip_Code":"99705","Site_Type":"Military Installation - Base/Post/Other","Problem_Description":"This Hazard ID has been entered in Informational status because of the application of an environmental covenant due to contamination from the following site: Hazard ID 26773 - Eielson AFB Basewide (AKA Sitewide) PFAS. The property is underlain by per- and polyfluorinated alkyl substances (PFAS) in groundwater. The environmental covenant describes activity and use limitations for the property, based on remaining contamination making it safe for some, but not all, uses.","Site_Report_Link":"http://dec.alaska.gov/Applications/SPAR/PublicMVC/CSP/SiteReport/27552"}},{"type":"Feature","geometry":{"type":"Point","coordinates":[-147.13923097459093,64.705584905263891]},"properties":{"Site_Name":"Eielson AFB Basewide PFAS - Skinner Subd, Lot 1","Status":"Informational","Address_1":"4910 Adonis Avenue","City":"North Pole","State":"AK","Zip_Code":"99705","Site_Type":"Military Installation - Base/Post/Other","Problem_Description":"This Hazard ID has been entered in Informational status because of the application of an environmental covenant due to contamination from the following site: Hazard ID 26773 - Eielson AFB Basewide (AKA Sitewide) PFAS. The property is underlain by per- and polyfluorinated alkyl substances (PFAS) in groundwater. The environmental covenant describes activity and use limitations for the property, based on remaining contamination making it safe for some, but not all, uses.","Site_Report_Link":"http://dec.alaska.gov/Applications/SPAR/PublicMVC/CSP/SiteReport/27553"}},{"type":"Feature","geometry":{"type":"Point","coordinates":[-147.14553997454766,64.707103904722587]},"properties":{"Site_Name":"Eielson AFB Basewide PFAS - Township 2S, Range 3E, Sec 28, Gov Lots 21, 33 and 34, FNSB PAN 650556","Status":"Informational","Address_1":"3577 Old Richardson Highway; 3579 Old Richardson Highway","City":"North Pole","State":"AK","Zip_Code":"99705","Site_Type":"Military Installation - Base/Post/Other","Problem_Description":"This Hazard ID has been entered in Informational status because of the application of an environmental covenant due to contamination from the following site: Hazard ID 26773 - Eielson AFB Basewide (AKA Sitewide) PFAS. The property is underlain by per- and polyfluorinated alkyl substances (PFAS) in groundwater. The environmental covenant describes activity and use limitations for the property, based on remaining contamination making it safe for some, but not all, uses.","Site_Report_Link":"http://dec.alaska.gov/Applications/SPAR/PublicMVC/CSP/SiteReport/27554"}},{"type":"Feature","geometry":{"type":"Point","coordinates":[-147.1357599742696,64.705448905262756]},"properties":{"Site_Name":"Eielson AFB Basewide PFAS - RH Casperson Subd, Block 2, Lots 4 and 5","Status":"Informational","Address_1":"4952 Adonis Avenue","City":"North Pole","State":"AK","Zip_Code":"99705","Site_Type":"Military Installation - Base/Post/Other","Problem_Description":"This Hazard ID has been entered in Informational status because of the application of an environmental covenant due to contamination from the following site: Hazard ID 26773 - Eielson AFB Basewide (AKA Sitewide) PFAS. The property is underlain by per- and polyfluorinated alkyl substances (PFAS) in groundwater. The environmental covenant describes activity and use limitations for the property, based on remaining contamination making it safe for some, but not all, uses.","Site_Report_Link":"http://dec.alaska.gov/Applications/SPAR/PublicMVC/CSP/SiteReport/27555"}},{"type":"Feature","geometry":{"type":"Point","coordinates":[-147.16298497487858,64.715074905099414]},"properties":{"Site_Name":"Eielson AFB Basewide PFAS - Frito Subd, Block 2, Lots 1 and 2","Status":"Informational","Address_1":"4693 Rivers Street; 3383 Bellwood Street","City":"North Pole","State":"AK","Zip_Code":"99705","Site_Type":"Military Installation - Base/Post/Other","Problem_Description":"This Hazard ID has been entered in Informational status because of the application of an environmental covenant due to contamination from the following site: Hazard ID 26773 - Eielson AFB Basewide (AKA Sitewide) PFAS. The property is underlain by per- and polyfluorinated alkyl substances (PFAS) in groundwater. The environmental covenant describes activity and use limitations for the property, based on remaining contamination making it safe for some, but not all, uses.","Site_Report_Link":"http://dec.alaska.gov/Applications/SPAR/PublicMVC/CSP/SiteReport/27556"}},{"type":"Feature","geometry":{"type":"Point","coordinates":[-135.73911002947244,58.413469915184415]},"properties":{"Site_Name":"Gustavus PFAS West of Salmon River","Status":"Informational","Address_1":"Parker Rd","City":"Gustavus","State":"AK","Zip_Code":"99826","Site_Type":"Other","Problem_Description":"During a routine monitoring event, Alaska Department of Transportation and Public Facilities (ADOT&PF) detected an exceedance of the EPA lifetime health advisories (LHA) for perfluorooctanesulfonic acid (PFOS) and perfluorooctanoic acid (PFOA) at a monitoring well (identified as MW-2-20) located on the west side of the Salmon River. \r\n\r\nIn April 2021, DEC staff collected drinking water well samples from 22 private homes and businesses as part of the Site Discovery program and all samples were below the EPA lifetime health advisory of 70 parts per trillion (ppt).\r\n\r\n","Site_Report_Link":"http://dec.alaska.gov/Applications/SPAR/PublicMVC/CSP/SiteReport/27557"}},{"type":"Feature","geometry":{"type":"Point","coordinates":[-147.15635997431303,64.708956905266987]},"properties":{"Site_Name":"Eielson AFB Basewide PFAS - Beaird and Cline Subd, South 125.12 feet of Lot 4, FNSB PAN 118737","Status":"Informational","Address_1":"3527 Hope Street","City":"North Pole","State":"AK","Zip_Code":"99705","Site_Type":"Military Installation - Base/Post/Other","Problem_Description":"This Hazard ID has been entered in Informational status because of the application of an environmental covenant due to contamination from the following site: Hazard ID 26773 - Eielson AFB Basewide (AKA Sitewide) PFAS. The property is underlain by per- and polyfluorinated alkyl substances (PFAS) in groundwater. The environmental covenant describes activity and use limitations for the property, based on remaining contamination making it safe for some, but not all, uses.","Site_Report_Link":"http://dec.alaska.gov/Applications/SPAR/PublicMVC/CSP/SiteReport/27562"}},{"type":"Feature","geometry":{"type":"Point","coordinates":[-147.17407797577178,64.716726904911056]},"properties":{"Site_Name":"Eielson AFB Basewide PFAS - Cardaro Subd, 1st Add, Block 1, Lot 1","Status":"Informational","Address_1":"4585 Moose Creek Avenue","City":"North Pole","State":"AK","Zip_Code":"99705","Site_Type":"Military Installation - Base/Post/Other","Problem_Description":"This Hazard ID has been entered in Informational status because of the application of an environmental covenant due to contamination from the following site: Hazard ID 26773 - Eielson AFB Basewide (AKA Sitewide) PFAS. The property is underlain by per- and polyfluorinated alkyl substances (PFAS) in groundwater. The environmental covenant describes activity and use limitations for the property, based on remaining contamination making it safe for some, but not all, uses.","Site_Report_Link":"http://dec.alaska.gov/Applications/SPAR/PublicMVC/CSP/SiteReport/27563"}},{"type":"Feature","geometry":{"type":"Point","coordinates":[-147.16206197550187,64.715476905248963]},"properties":{"Site_Name":"Eielson AFB Basewide PFAS - Frito Subd, Block 1, Lot 9, and Township 2S, Range 3E, Sec 28 Portion of NE1/4 of NW1/4","Status":"Informational","Address_1":"4700 Rivers Street ","City":"North Pole","State":"AK","Zip_Code":"99705","Site_Type":"Military Installation - Base/Post/Other","Problem_Description":"This Hazard ID has been entered in Informational status because of the application of an environmental covenant due to contamination from the following site: Hazard ID 26773 - Eielson AFB Basewide (AKA Sitewide) PFAS. The property is underlain by per- and polyfluorinated alkyl substances (PFAS) in groundwater. The environmental covenant describes activity and use limitations for the property, based on remaining contamination making it safe for some, but not all, uses.","Site_Report_Link":"http://dec.alaska.gov/Applications/SPAR/PublicMVC/CSP/SiteReport/27564"}},{"type":"Feature","geometry":{"type":"Point","coordinates":[-147.16219197396461,64.714935905045024]},"properties":{"Site_Name":"Eielson AFB Basewide PFAS - Frito Subd, Block 2, Lot 3","Status":"Informational","Address_1":"4699 Rivers Street","City":"North Pole","State":"AK","Zip_Code":"99705","Site_Type":"Military Installation - Base/Post/Other","Problem_Description":"This Hazard ID has been entered in Informational status because of the application of an environmental covenant due to contamination from the following site: Hazard ID 26773 - Eielson AFB Basewide (AKA Sitewide) PFAS. The property is underlain by per- and polyfluorinated alkyl substances (PFAS) in groundwater. The environmental covenant describes activity and use limitations for the property, based on remaining contamination making it safe for some, but not all, uses.","Site_Report_Link":"http://dec.alaska.gov/Applications/SPAR/PublicMVC/CSP/SiteReport/27565"}},{"type":"Feature","geometry":{"type":"Point","coordinates":[-147.1589999751121,64.714080905206316]},"properties":{"Site_Name":"Eielson AFB Basewide PFAS - Frito Subd, Block 2, Lot 9","Status":"Informational","Address_1":"4731 Rivers Street","City":"North Pole","State":"AK","Zip_Code":"99705","Site_Type":"Military Installation - Base/Post/Other","Problem_Description":"This Hazard ID has been entered in Informational status because of the application of an environmental covenant due to contamination from the following site: Hazard ID 26773 - Eielson AFB Basewide (AKA Sitewide) PFAS. The property is underlain by per- and polyfluorinated alkyl substances (PFAS) in groundwater. The environmental covenant describes activity and use limitations for the property, based on remaining contamination making it safe for some, but not all, uses.","Site_Report_Link":"http://dec.alaska.gov/Applications/SPAR/PublicMVC/CSP/SiteReport/27566"}},{"type":"Feature","geometry":{"type":"Point","coordinates":[-147.1980639755086,64.718069904736808]},"properties":{"Site_Name":"Eielson AFB Basewide PFAS - Moose Creek Subd, 1st Add, Lot 13","Status":"Informational","Address_1":"4361 Lauesen Avenue","City":"North Pole","State":"AK","Zip_Code":"99705","Site_Type":"Military Installation - Base/Post/Other","Problem_Description":"This Hazard ID has been entered in Informational status because of the application of an environmental covenant due to contamination from the following site: Hazard ID 26773 - Eielson AFB Basewide (AKA Sitewide) PFAS. The property is underlain by per- and polyfluorinated alkyl substances (PFAS) in groundwater. The environmental covenant describes activity and use limitations for the property, based on remaining contamination making it safe for some, but not all, uses.","Site_Report_Link":"http://dec.alaska.gov/Applications/SPAR/PublicMVC/CSP/SiteReport/27567"}},{"type":"Feature","geometry":{"type":"Point","coordinates":[-147.1937939752344,64.717086905365306]},"properties":{"Site_Name":"Eielson AFB Basewide PFAS - Moose Creek Subd, 1st Add, Lot 17","Status":"Informational","Address_1":"4402 Al Cory Drive","City":"North Pole","State":"AK","Zip_Code":"99705","Site_Type":"Military Installation - Base/Post/Other","Problem_Description":"This Hazard ID has been entered in Informational status because of the application of an environmental covenant due to contamination from the following site: Hazard ID 26773 - Eielson AFB Basewide (AKA Sitewide) PFAS. The property is underlain by per- and polyfluorinated alkyl substances (PFAS) in groundwater. The environmental covenant describes activity and use limitations for the property, based on remaining contamination making it safe for some, but not all, uses.","Site_Report_Link":"http://dec.alaska.gov/Applications/SPAR/PublicMVC/CSP/SiteReport/27568"}},{"type":"Feature","geometry":{"type":"Point","coordinates":[-147.18433597469539,64.716020904996853]},"properties":{"Site_Name":"Eielson AFB Basewide PFAS - Moose Creek Acres Subd, Block 3, Lot 7","Status":"Informational","Address_1":"3369 Cory Street","City":"North Pole","State":"AK","Zip_Code":"99705","Site_Type":"Military Installation - Base/Post/Other","Problem_Description":"This Hazard ID has been entered in Informational status because of the application of an environmental covenant due to contamination from the following site: Hazard ID 26773 - Eielson AFB Basewide (AKA Sitewide) PFAS. The property is underlain by per- and polyfluorinated alkyl substances (PFAS) in groundwater. The environmental covenant describes activity and use limitations for the property, based on remaining contamination making it safe for some, but not all, uses.","Site_Report_Link":"http://dec.alaska.gov/Applications/SPAR/PublicMVC/CSP/SiteReport/27569"}},{"type":"Feature","geometry":{"type":"Point","coordinates":[-147.17880497492271,64.718605905215142]},"properties":{"Site_Name":"Eielson AFB Basewide PFAS - Moose Creek Acres Subd, Block 4, Lot 4","Status":"Informational","Address_1":"4542 Lauesen Avenue","City":"North Pole","State":"AK","Zip_Code":"99705","Site_Type":"Military Installation - Base/Post/Other","Problem_Description":"This Hazard ID has been entered in Informational status because of the application of an environmental covenant due to contamination from the following site: Hazard ID 26773 - Eielson AFB Basewide (AKA Sitewide) PFAS. The property is underlain by per- and polyfluorinated alkyl substances (PFAS) in groundwater. The environmental covenant describes activity and use limitations for the property, based on remaining contamination making it safe for some, but not all, uses.","Site_Report_Link":"http://dec.alaska.gov/Applications/SPAR/PublicMVC/CSP/SiteReport/27570"}},{"type":"Feature","geometry":{"type":"Point","coordinates":[-147.17995897424265,64.716625904814094]},"properties":{"Site_Name":"Eielson AFB Basewide PFAS - Moose Creek Acres Subd, Block 6, Lot 3","Status":"Informational","Address_1":"4531 Moose Creek Avenue","City":"North Pole","State":"AK","Zip_Code":"99705","Site_Type":"Military Installation - Base/Post/Other","Problem_Description":"This Hazard ID has been entered in Informational status because of the application of an environmental covenant due to contamination from the following site: Hazard ID 26773 - Eielson AFB Basewide (AKA Sitewide) PFAS. The property is underlain by per- and polyfluorinated alkyl substances (PFAS) in groundwater. The environmental covenant describes activity and use limitations for the property, based on remaining contamination making it safe for some, but not all, uses.","Site_Report_Link":"http://dec.alaska.gov/Applications/SPAR/PublicMVC/CSP/SiteReport/27571"}},{"type":"Feature","geometry":{"type":"Point","coordinates":[-147.17875697393546,64.716011905044425]},"properties":{"Site_Name":"Eielson AFB Basewide PFAS - Moose Creek Acres Subd, Block 6, Lot 5","Status":"Informational","Address_1":"Moose Creek Acres Subdivision, Block 6, Lot 5","City":"North Pole","State":"AK","Zip_Code":"99705","Site_Type":"Military Installation - Base/Post/Other","Problem_Description":"This Hazard ID has been entered in Informational status because of the application of an environmental covenant due to contamination from the following site: Hazard ID 26773 - Eielson AFB Basewide (AKA Sitewide) PFAS. The property is underlain by per- and polyfluorinated alkyl substances (PFAS) in groundwater. The environmental covenant describes activity and use limitations for the property, based on remaining contamination making it safe for some, but not all, uses.","Site_Report_Link":"http://dec.alaska.gov/Applications/SPAR/PublicMVC/CSP/SiteReport/27572"}},{"type":"Feature","geometry":{"type":"Point","coordinates":[-147.17867697444049,64.715411904501224]},"properties":{"Site_Name":"Eielson AFB Basewide PFAS - Moose Creek Acres Subd, Block 6, Lot 6","Status":"Informational","Address_1":"4544 Tundra Way","City":"North Pole","State":"AK","Zip_Code":"99705","Site_Type":"Military Installation - Base/Post/Other","Problem_Description":"This Hazard ID has been entered in Informational status because of the application of an environmental covenant due to contamination from the following site: Hazard ID 26773 - Eielson AFB Basewide (AKA Sitewide) PFAS. The property is underlain by per- and polyfluorinated alkyl substances (PFAS) in groundwater. The environmental covenant describes activity and use limitations for the property, based on remaining contamination making it safe for some, but not all, uses.","Site_Report_Link":"http://dec.alaska.gov/Applications/SPAR/PublicMVC/CSP/SiteReport/27573"}},{"type":"Feature","geometry":{"type":"Point","coordinates":[-147.17991597479246,64.715860904464606]},"properties":{"Site_Name":"Eielson AFB Basewide PFAS - Moose Creek Acres Subd, Block 6, Lot 7","Status":"Informational","Address_1":"Moose Creek Acres Subdivision, Block 6, Lot 7","City":"North Pole","State":"AK","Zip_Code":"99705","Site_Type":"Military Installation - Base/Post/Other","Problem_Description":"This Hazard ID has been entered in Informational status because of the application of an environmental covenant due to contamination from the following site: Hazard ID 26773 - Eielson AFB Basewide (AKA Sitewide) PFAS. The property is underlain by per- and polyfluorinated alkyl substances (PFAS) in groundwater. The environmental covenant describes activity and use limitations for the property, based on remaining contamination making it safe for some, but not all, uses.","Site_Report_Link":"http://dec.alaska.gov/Applications/SPAR/PublicMVC/CSP/SiteReport/27574"}},{"type":"Feature","geometry":{"type":"Point","coordinates":[-147.17569997487837,64.719834905099447]},"properties":{"Site_Name":"Eielson AFB Basewide PFAS - Township 2S, Range 3E, Sec 20, Portion of SE1/4 of SE1/4, FNSB PAN 184985","Status":"Informational","Address_1":"3283 Baker Road","City":"North Pole","State":"AK","Zip_Code":"99705","Site_Type":"Military Installation - Base/Post/Other","Problem_Description":"This Hazard ID has been entered in Informational status because of the application of an environmental covenant due to contamination from the following site: Hazard ID 26773 - Eielson AFB Basewide (AKA Sitewide) PFAS. The property is underlain by per- and polyfluorinated alkyl substances (PFAS) in groundwater. The environmental covenant describes activity and use limitations for the property, based on remaining contamination making it safe for some, but not all, uses.","Site_Report_Link":"http://dec.alaska.gov/Applications/SPAR/PublicMVC/CSP/SiteReport/27575"}},{"type":"Feature","geometry":{"type":"Point","coordinates":[-147.15006497505152,64.709751904837177]},"properties":{"Site_Name":"Eielson AFB Basewide PFAS - Township 2S, Range 3E, Sec 28, Portion of SE1/4, FNSB PAN 185159","Status":"Informational","Address_1":"4813 Putnam Lane","City":"North Pole","State":"AK","Zip_Code":"99705","Site_Type":"Military Installation - Base/Post/Other","Problem_Description":"This Hazard ID has been entered in Informational status because of the application of an environmental covenant due to contamination from the following site: Hazard ID 26773 - Eielson AFB Basewide (AKA Sitewide) PFAS. The property is underlain by per- and polyfluorinated alkyl substances (PFAS) in groundwater. The environmental covenant describes activity and use limitations for the property, based on remaining contamination making it safe for some, but not all, uses.","Site_Report_Link":"http://dec.alaska.gov/Applications/SPAR/PublicMVC/CSP/SiteReport/27576"}},{"type":"Feature","geometry":{"type":"Point","coordinates":[-147.15282797488098,64.707251905064865]},"properties":{"Site_Name":"Eielson AFB Basewide PFAS - Township 2S, Range 3E, Sec 28, Portion of SE1/4, FNSB PAN 185264","Status":"Informational","Address_1":"Township 2S, Range 3E, Sec 28, Portion of SE1/4","City":"North Pole","State":"AK","Zip_Code":"99705","Site_Type":"Military Installation - Base/Post/Other","Problem_Description":"This Hazard ID has been entered in Informational status because of the application of an environmental covenant due to contamination from the following site: Hazard ID 26773 - Eielson AFB Basewide (AKA Sitewide) PFAS. The property is underlain by per- and polyfluorinated alkyl substances (PFAS) in groundwater. The environmental covenant describes activity and use limitations for the property, based on remaining contamination making it safe for some, but not all, uses.","Site_Report_Link":"http://dec.alaska.gov/Applications/SPAR/PublicMVC/CSP/SiteReport/27577"}},{"type":"Feature","geometry":{"type":"Point","coordinates":[-147.15327297496205,64.70706890526759]},"properties":{"Site_Name":"Eielson AFB Basewide PFAS - Township 2S, Range 3E, Sec 28, Portion of SE1/4, FNSB PAN 185477","Status":"Informational","Address_1":"3568 Go Thatta Way","City":"North Pole","State":"AK","Zip_Code":"99705","Site_Type":"Military Installation - Base/Post/Other","Problem_Description":"This Hazard ID has been entered in Informational status because of the application of an environmental covenant due to contamination from the following site: Hazard ID 26773 - Eielson AFB Basewide (AKA Sitewide) PFAS. The property is underlain by per- and polyfluorinated alkyl substances (PFAS) in groundwater. The environmental covenant describes activity and use limitations for the property, based on remaining contamination making it safe for some, but not all, uses.","Site_Report_Link":"http://dec.alaska.gov/Applications/SPAR/PublicMVC/CSP/SiteReport/27578"}},{"type":"Feature","geometry":{"type":"Point","coordinates":[-147.14892797451435,64.706978904696143]},"properties":{"Site_Name":"Eielson AFB Basewide PFAS - Township 2S, Range 3E, Sec 28, Portion of Lots 23 and 24, FNSB PAN 185566","Status":"Informational","Address_1":"Township 2S, Range 3E, Sec 28, Portion of Lots 23 and 24","City":"North Pole","State":"AK","Zip_Code":"99705","Site_Type":"Military Installation - Base/Post/Other","Problem_Description":"This Hazard ID has been entered in Informational status because of the application of an environmental covenant due to contamination from the following site: Hazard ID 26773 - Eielson AFB Basewide (AKA Sitewide) PFAS. The property is underlain by per- and polyfluorinated alkyl substances (PFAS) in groundwater. The environmental covenant describes activity and use limitations for the property, based on remaining contamination making it safe for some, but not all, uses.","Site_Report_Link":"http://dec.alaska.gov/Applications/SPAR/PublicMVC/CSP/SiteReport/27579"}},{"type":"Feature","geometry":{"type":"Point","coordinates":[-147.15144897423431,64.708755904836565]},"properties":{"Site_Name":"Eielson AFB Basewide PFAS - Township 2S, Range 3E, Sec 28, Portion of Lot 11, FNSB PAN 185671","Status":"Informational","Address_1":"4803 Da Niece Street; 4903 Da Niece Street","City":"North Pole","State":"AK","Zip_Code":"99705","Site_Type":"Military Installation - Base/Post/Other","Problem_Description":"This Hazard ID has been entered in Informational status because of the application of an environmental covenant due to contamination from the following site: Hazard ID 26773 - Eielson AFB Basewide (AKA Sitewide) PFAS. The property is underlain by per- and polyfluorinated alkyl substances (PFAS) in groundwater. The environmental covenant describes activity and use limitations for the property, based on remaining contamination making it safe for some, but not all, uses.","Site_Report_Link":"http://dec.alaska.gov/Applications/SPAR/PublicMVC/CSP/SiteReport/27580"}},{"type":"Feature","geometry":{"type":"Point","coordinates":[-147.17562097444775,64.715003904676635]},"properties":{"Site_Name":"Eielson AFB Basewide PFAS - Township 2S, Range 3E, Sec 29, Portion of Gov Lot 1, FNSB PAN 185906","Status":"Informational","Address_1":"3417 Baker Road","City":"North Pole","State":"AK","Zip_Code":"99705","Site_Type":"Military Installation - Base/Post/Other","Problem_Description":"This Hazard ID has been entered in Informational status because of the application of an environmental covenant due to contamination from the following site: Hazard ID 26773 - Eielson AFB Basewide (AKA Sitewide) PFAS. The property is underlain by per- and polyfluorinated alkyl substances (PFAS) in groundwater. The environmental covenant describes activity and use limitations for the property, based on remaining contamination making it safe for some, but not all, uses.","Site_Report_Link":"http://dec.alaska.gov/Applications/SPAR/PublicMVC/CSP/SiteReport/27581"}},{"type":"Feature","geometry":{"type":"Point","coordinates":[-147.20530697482931,64.718661904916544]},"properties":{"Site_Name":"Eielson AFB Basewide PFAS - Moose Creek Subd, 1st Add, Lot 2","Status":"Informational","Address_1":"4294 Lauesen Avenue","City":"North Pole","State":"AK","Zip_Code":"99705","Site_Type":"Military Installation - Base/Post/Other","Problem_Description":"This Hazard ID has been entered in Informational status because of the application of an environmental covenant due to contamination from the following site: Hazard ID 26773 - Eielson AFB Basewide (AKA Sitewide) PFAS. The property is underlain by per- and polyfluorinated alkyl substances (PFAS) in groundwater. The environmental covenant describes activity and use limitations for the property, based on remaining contamination making it safe for some, but not all, uses.","Site_Report_Link":"http://dec.alaska.gov/Applications/SPAR/PublicMVC/CSP/SiteReport/27582"}},{"type":"Feature","geometry":{"type":"Point","coordinates":[-147.19240697492015,64.717608904678897]},"properties":{"Site_Name":"Eielson AFB Basewide PFAS - Moose Creek Subd, 1st Add, Lot 18","Status":"Informational","Address_1":"3337 Claude Street","City":"North Pole","State":"AK","Zip_Code":"99705","Site_Type":"Military Installation - Base/Post/Other","Problem_Description":"This Hazard ID has been entered in Informational status because of the application of an environmental covenant due to contamination from the following site: Hazard ID 26773 - Eielson AFB Basewide (AKA Sitewide) PFAS. The property is underlain by per- and polyfluorinated alkyl substances (PFAS) in groundwater. The environmental covenant describes activity and use limitations for the property, based on remaining contamination making it safe for some, but not all, uses.","Site_Report_Link":"http://dec.alaska.gov/Applications/SPAR/PublicMVC/CSP/SiteReport/27583"}},{"type":"Feature","geometry":{"type":"Point","coordinates":[-147.18410297521086,64.718655904523843]},"properties":{"Site_Name":"Eielson AFB Basewide PFAS - Moose Creek Acres Subd, Block 1, Lot 6","Status":"Informational","Address_1":"4492 Lauesen Avenue","City":"North Pole","State":"AK","Zip_Code":"99705","Site_Type":"Military Installation - Base/Post/Other","Problem_Description":"This Hazard ID has been entered in Informational status because of the application of an environmental covenant due to contamination from the following site: Hazard ID 26773 - Eielson AFB Basewide (AKA Sitewide) PFAS. The property is underlain by per- and polyfluorinated alkyl substances (PFAS) in groundwater. The environmental covenant describes activity and use limitations for the property, based on remaining contamination making it safe for some, but not all, uses.","Site_Report_Link":"http://dec.alaska.gov/Applications/SPAR/PublicMVC/CSP/SiteReport/27584"}},{"type":"Feature","geometry":{"type":"Point","coordinates":[-147.1839959748728,64.716630904561953]},"properties":{"Site_Name":"Eielson AFB Basewide PFAS - Moose Creek Acres Subd, Block 3, Lot 6","Status":"Informational","Address_1":"3353 Cory Street","City":"North Pole","State":"AK","Zip_Code":"99705","Site_Type":"Military Installation - Base/Post/Other","Problem_Description":"This Hazard ID has been entered in Informational status because of the application of an environmental covenant due to contamination from the following site: Hazard ID 26773 - Eielson AFB Basewide (AKA Sitewide) PFAS. The property is underlain by per- and polyfluorinated alkyl substances (PFAS) in groundwater. The environmental covenant describes activity and use limitations for the property, based on remaining contamination making it safe for some, but not all, uses.","Site_Report_Link":"http://dec.alaska.gov/Applications/SPAR/PublicMVC/CSP/SiteReport/27585"}},{"type":"Feature","geometry":{"type":"Point","coordinates":[-147.1514079743867,64.708402904581732]},"properties":{"Site_Name":"Eielson AFB Basewide PFAS - Township 2S, Range 3E, Sec 28, SE1/4, FNSB PAN 369004","Status":"Informational","Address_1":"Township 2S, Range 3E, Sec 28, SE1/4, FNSB PAN 369004","City":"North Pole","State":"AK","Zip_Code":"99705","Site_Type":"Military Installation - Base/Post/Other","Problem_Description":"This Hazard ID has been entered in Informational status because of the application of an environmental covenant due to contamination from the following site: Hazard ID 26773 - Eielson AFB Basewide (AKA Sitewide) PFAS. The property is underlain by per- and polyfluorinated alkyl substances (PFAS) in groundwater. The environmental covenant describes activity and use limitations for the property, based on remaining contamination making it safe for some, but not all, uses.","Site_Report_Link":"http://dec.alaska.gov/Applications/SPAR/PublicMVC/CSP/SiteReport/27586"}},{"type":"Feature","geometry":{"type":"Point","coordinates":[-147.14572697410506,64.708065905040456]},"properties":{"Site_Name":"Eielson AFB Basewide PFAS - Eielson Park Subd, 1st Add, Block 2, Lot 8","Status":"Informational","Address_1":"3547 Old Richardson Highway","City":"North Pole","State":"AK","Zip_Code":"99705","Site_Type":"Military Installation - Base/Post/Other","Problem_Description":"This Hazard ID has been entered in Informational status because of the application of an environmental covenant due to contamination from the following site: Hazard ID 26773 - Eielson AFB Basewide (AKA Sitewide) PFAS. The property is underlain by per- and polyfluorinated alkyl substances (PFAS) in groundwater. The environmental covenant describes activity and use limitations for the property, based on remaining contamination making it safe for some, but not all, uses.","Site_Report_Link":"http://dec.alaska.gov/Applications/SPAR/PublicMVC/CSP/SiteReport/27587"}},{"type":"Feature","geometry":{"type":"Point","coordinates":[-147.1696979741161,64.718082904871764]},"properties":{"Site_Name":"Eielson AFB Basewide PFAS - Cardaro Subd, 4th Add, Block 3, Lot 4","Status":"Informational","Address_1":"3323 Mildred Avenue","City":"North Pole","State":"AK","Zip_Code":"99705","Site_Type":"Military Installation - Base/Post/Other","Problem_Description":"This Hazard ID has been entered in Informational status because of the application of an environmental covenant due to contamination from the following site: Hazard ID 26773 - Eielson AFB Basewide (AKA Sitewide) PFAS. The property is underlain by per- and polyfluorinated alkyl substances (PFAS) in groundwater. The environmental covenant describes activity and use limitations for the property, based on remaining contamination making it safe for some, but not all, uses.","Site_Report_Link":"http://dec.alaska.gov/Applications/SPAR/PublicMVC/CSP/SiteReport/27588"}},{"type":"Feature","geometry":{"type":"Point","coordinates":[-147.17364597459206,64.718774904846114]},"properties":{"Site_Name":"Eielson AFB Basewide PFAS - Cardaro Subd, 4th Add, Block 4, Lot 1","Status":"Informational","Address_1":"4588 Lauesen Avenue","City":"North Pole","State":"AK","Zip_Code":"99705","Site_Type":"Military Installation - Base/Post/Other","Problem_Description":"This Hazard ID has been entered in Informational status because of the application of an environmental covenant due to contamination from the following site: Hazard ID 26773 - Eielson AFB Basewide (AKA Sitewide) PFAS. The property is underlain by per- and polyfluorinated alkyl substances (PFAS) in groundwater. The environmental covenant describes activity and use limitations for the property, based on remaining contamination making it safe for some, but not all, uses.","Site_Report_Link":"http://dec.alaska.gov/Applications/SPAR/PublicMVC/CSP/SiteReport/27589"}},{"type":"Feature","geometry":{"type":"Point","coordinates":[-147.16147397574801,64.715798905182382]},"properties":{"Site_Name":"Eielson AFB Basewide PFAS - Cavanaugh Park Estates Subd, Block 1, Lot 3","Status":"Informational","Address_1":"Cavanaugh Park Estates Subdivision, Block 1, Lot 3","City":"North Pole","State":"AK","Zip_Code":"99705","Site_Type":"Military Installation - Base/Post/Other","Problem_Description":"This Hazard ID has been entered in Informational status because of the application of an environmental covenant due to contamination from the following site: Hazard ID 26773 - Eielson AFB Basewide (AKA Sitewide) PFAS. The property is underlain by per- and polyfluorinated alkyl substances (PFAS) in groundwater. The environmental covenant describes activity and use limitations for the property, based on remaining contamination making it safe for some, but not all, uses.","Site_Report_Link":"http://dec.alaska.gov/Applications/SPAR/PublicMVC/CSP/SiteReport/27590"}},{"type":"Feature","geometry":{"type":"Point","coordinates":[-147.16296597493888,64.715713904960296]},"properties":{"Site_Name":"Eielson AFB Basewide PFAS - Cavanaugh Park Estates Subd, Block 1, Lot 4","Status":"Informational","Address_1":"Cavanaugh Park Estates Subdivision, Block 1, Lot 4","City":"North Pole","State":"AK","Zip_Code":"99705","Site_Type":"Military Installation - Base/Post/Other","Problem_Description":"This Hazard ID has been entered in Informational status because of the application of an environmental covenant due to contamination from the following site: Hazard ID 26773 - Eielson AFB Basewide (AKA Sitewide) PFAS. The property is underlain by per- and polyfluorinated alkyl substances (PFAS) in groundwater. The environmental covenant describes activity and use limitations for the property, based on remaining contamination making it safe for some, but not all, uses.","Site_Report_Link":"http://dec.alaska.gov/Applications/SPAR/PublicMVC/CSP/SiteReport/27591"}},{"type":"Feature","geometry":{"type":"Point","coordinates":[-147.15919197454286,64.718912904940098]},"properties":{"Site_Name":"Eielson AFB Basewide PFAS - Cavanaugh Park Estates Subd, Block 2, Lot 13","Status":"Informational","Address_1":"4730 Polson Court","City":"North Pole","State":"AK","Zip_Code":"99705","Site_Type":"Military Installation - Base/Post/Other","Problem_Description":"This Hazard ID has been entered in Informational status because of the application of an environmental covenant due to contamination from the following site: Hazard ID 26773 - Eielson AFB Basewide (AKA Sitewide) PFAS. The property is underlain by per- and polyfluorinated alkyl substances (PFAS) in groundwater. The environmental covenant describes activity and use limitations for the property, based on remaining contamination making it safe for some, but not all, uses.","Site_Report_Link":"http://dec.alaska.gov/Applications/SPAR/PublicMVC/CSP/SiteReport/27592"}},{"type":"Feature","geometry":{"type":"Point","coordinates":[-147.15850497471467,64.71843390495296]},"properties":{"Site_Name":"Eielson AFB Basewide PFAS - Cavanaugh Park Estates Subd, Block 2, Lot 14","Status":"Informational","Address_1":"Cavanaugh Park Estates Subdivision, Block 2, Lot 14","City":"North Pole","State":"AK","Zip_Code":"99705","Site_Type":"Military Installation - Base/Post/Other","Problem_Description":"This Hazard ID has been entered in Informational status because of the application of an environmental covenant due to contamination from the following site: Hazard ID 26773 - Eielson AFB Basewide (AKA Sitewide) PFAS. The property is underlain by per- and polyfluorinated alkyl substances (PFAS) in groundwater. The environmental covenant describes activity and use limitations for the property, based on remaining contamination making it safe for some, but not all, uses.","Site_Report_Link":"http://dec.alaska.gov/Applications/SPAR/PublicMVC/CSP/SiteReport/27593"}},{"type":"Feature","geometry":{"type":"Point","coordinates":[-147.15960997390573,64.718142904584553]},"properties":{"Site_Name":"Eielson AFB Basewide PFAS - Cavanaugh Park Estates Subd, Block 2, Lot 15","Status":"Informational","Address_1":"4723 Polson Court","City":"North Pole","State":"AK","Zip_Code":"99705","Site_Type":"Military Installation - Base/Post/Other","Problem_Description":"This Hazard ID has been entered in Informational status because of the application of an environmental covenant due to contamination from the following site: Hazard ID 26773 - Eielson AFB Basewide (AKA Sitewide) PFAS. The property is underlain by per- and polyfluorinated alkyl substances (PFAS) in groundwater. The environmental covenant describes activity and use limitations for the property, based on remaining contamination making it safe for some, but not all, uses.","Site_Report_Link":"http://dec.alaska.gov/Applications/SPAR/PublicMVC/CSP/SiteReport/27594"}},{"type":"Feature","geometry":{"type":"Point","coordinates":[-147.15860097528849,64.716959905296676]},"properties":{"Site_Name":"Eielson AFB Basewide PFAS - Cavanaugh Park Estates Subd, Block 2, Lot 17","Status":"Informational","Address_1":"Cavanaugh Park Estates Subdivision, Block 2, Lot 17","City":"North Pole","State":"AK","Zip_Code":"99705","Site_Type":"Military Installation - Base/Post/Other","Problem_Description":"This Hazard ID has been entered in Informational status because of the application of an environmental covenant due to contamination from the following site: Hazard ID 26773 - Eielson AFB Basewide (AKA Sitewide) PFAS. The property is underlain by per- and polyfluorinated alkyl substances (PFAS) in groundwater. The environmental covenant describes activity and use limitations for the property, based on remaining contamination making it safe for some, but not all, uses.","Site_Report_Link":"http://dec.alaska.gov/Applications/SPAR/PublicMVC/CSP/SiteReport/27595"}},{"type":"Feature","geometry":{"type":"Point","coordinates":[-147.15856897555787,64.716359904679351]},"properties":{"Site_Name":"Eielson AFB Basewide PFAS - Cavanaugh Park Estates Subd, Block 2, Lot 18","Status":"Informational","Address_1":"Cavanaugh Park Estates Subdivision, Block 2, Lot 18","City":"North Pole","State":"AK","Zip_Code":"99705","Site_Type":"Military Installation - Base/Post/Other","Problem_Description":"This Hazard ID has been entered in Informational status because of the application of an environmental covenant due to contamination from the following site: Hazard ID 26773 - Eielson AFB Basewide (AKA Sitewide) PFAS. The property is underlain by per- and polyfluorinated alkyl substances (PFAS) in groundwater. The environmental covenant describes activity and use limitations for the property, based on remaining contamination making it safe for some, but not all, uses.","Site_Report_Link":"http://dec.alaska.gov/Applications/SPAR/PublicMVC/CSP/SiteReport/27596"}},{"type":"Feature","geometry":{"type":"Point","coordinates":[-147.16037797552508,64.717598905332068]},"properties":{"Site_Name":"Eielson AFB Basewide PFAS - Cavanaugh Park Estates Subd, Block 3, Lot 3","Status":"Informational","Address_1":"3378 Montana Circle","City":"North Pole","State":"AK","Zip_Code":"99705","Site_Type":"Military Installation - Base/Post/Other","Problem_Description":"This Hazard ID has been entered in Informational status because of the application of an environmental covenant due to contamination from the following site: Hazard ID 26773 - Eielson AFB Basewide (AKA Sitewide) PFAS. The property is underlain by per- and polyfluorinated alkyl substances (PFAS) in groundwater. The environmental covenant describes activity and use limitations for the property, based on remaining contamination making it safe for some, but not all, uses.","Site_Report_Link":"http://dec.alaska.gov/Applications/SPAR/PublicMVC/CSP/SiteReport/27597"}},{"type":"Feature","geometry":{"type":"Point","coordinates":[-147.16334997564317,64.716301905106604]},"properties":{"Site_Name":"Eielson AFB Basewide PFAS - Cavanaugh Park Estates Subd, Block 3, Lot 9","Status":"Informational","Address_1":"3338 Montana Circle","City":"North Pole","State":"AK","Zip_Code":"99705","Site_Type":"Military Installation - Base/Post/Other","Problem_Description":"This Hazard ID has been entered in Informational status because of the application of an environmental covenant due to contamination from the following site: Hazard ID 26773 - Eielson AFB Basewide (AKA Sitewide) PFAS. The property is underlain by per- and polyfluorinated alkyl substances (PFAS) in groundwater. The environmental covenant describes activity and use limitations for the property, based on remaining contamination making it safe for some, but not all, uses.","Site_Report_Link":"http://dec.alaska.gov/Applications/SPAR/PublicMVC/CSP/SiteReport/27598"}},{"type":"Feature","geometry":{"type":"Point","coordinates":[-147.172982975601,64.716503905349143]},"properties":{"Site_Name":"Eielson AFB Basewide PFAS - Cardaro Subd, 3rd Add, Block 1, Lot 2","Status":"Informational","Address_1":"Cardaro Subdivision, 3rd Addition, Block 1, Lot 2","City":"North Pole","State":"AK","Zip_Code":"99705","Site_Type":"Military Installation - Base/Post/Other","Problem_Description":"This Hazard ID has been entered in Informational status because of the application of an environmental covenant due to contamination from the following site: Hazard ID 26773 - Eielson AFB Basewide (AKA Sitewide) PFAS. The property is underlain by per- and polyfluorinated alkyl substances (PFAS) in groundwater. The environmental covenant describes activity and use limitations for the property, based on remaining contamination making it safe for some, but not all, uses.","Site_Report_Link":"http://dec.alaska.gov/Applications/SPAR/PublicMVC/CSP/SiteReport/27599"}},{"type":"Feature","geometry":{"type":"Point","coordinates":[-147.170005974204,64.712063905027733]},"properties":{"Site_Name":"Eielson AFB Basewide PFAS - Cardaro Subd, 5th Add, Block 5, Lot 6","Status":"Informational","Address_1":"Cardaro Subdivision, 5th Addition, Block 5, Lot 6","City":"North Pole","State":"AK","Zip_Code":"99705","Site_Type":"Military Installation - Base/Post/Other","Problem_Description":"This Hazard ID has been entered in Informational status because of the application of an environmental covenant due to contamination from the following site: Hazard ID 26773 - Eielson AFB Basewide (AKA Sitewide) PFAS. The property is underlain by per- and polyfluorinated alkyl substances (PFAS) in groundwater. The environmental covenant describes activity and use limitations for the property, based on remaining contamination making it safe for some, but not all, uses.","Site_Report_Link":"http://dec.alaska.gov/Applications/SPAR/PublicMVC/CSP/SiteReport/27600"}},{"type":"Feature","geometry":{"type":"Point","coordinates":[-147.15424997517758,64.708890904510298]},"properties":{"Site_Name":"Eielson AFB Basewide PFAS - MCBC Subd, Lot 1","Status":"Informational","Address_1":"3528 Hope Street","City":"North Pole","State":"AK","Zip_Code":"99705","Site_Type":"Military Installation - Base/Post/Other","Problem_Description":"This Hazard ID has been entered in Informational status because of the application of an environmental covenant due to contamination from the following site: Hazard ID 26773 - Eielson AFB Basewide (AKA Sitewide) PFAS. The property is underlain by per- and polyfluorinated alkyl substances (PFAS) in groundwater. The environmental covenant describes activity and use limitations for the property, based on remaining contamination making it safe for some, but not all, uses.","Site_Report_Link":"http://dec.alaska.gov/Applications/SPAR/PublicMVC/CSP/SiteReport/27601"}},{"type":"Feature","geometry":{"type":"Point","coordinates":[-147.15197897427151,64.706833904797179]},"properties":{"Site_Name":"Eielson AFB Basewide PFAS - MCBC Subd, Lot 2","Status":"Informational","Address_1":"MCBC Subdivision, Lot 2","City":"North Pole","State":"AK","Zip_Code":"99705","Site_Type":"Military Installation - Base/Post/Other","Problem_Description":"This Hazard ID has been entered in Informational status because of the application of an environmental covenant due to contamination from the following site: Hazard ID 26773 - Eielson AFB Basewide (AKA Sitewide) PFAS. The property is underlain by per- and polyfluorinated alkyl substances (PFAS) in groundwater. The environmental covenant describes activity and use limitations for the property, based on remaining contamination making it safe for some, but not all, uses.","Site_Report_Link":"http://dec.alaska.gov/Applications/SPAR/PublicMVC/CSP/SiteReport/27602"}},{"type":"Feature","geometry":{"type":"Point","coordinates":[-147.15782697447918,64.707778904446783]},"properties":{"Site_Name":"Eielson AFB Basewide PFAS - MCBC Subd, Lot 3","Status":"Informational","Address_1":"3561 Hope Street","City":"North Pole","State":"AK","Zip_Code":"99705","Site_Type":"Military Installation - Base/Post/Other","Problem_Description":"This Hazard ID has been entered in Informational status because of the application of an environmental covenant due to contamination from the following site: Hazard ID 26773 - Eielson AFB Basewide (AKA Sitewide) PFAS. The property is underlain by per- and polyfluorinated alkyl substances (PFAS) in groundwater. The environmental covenant describes activity and use limitations for the property, based on remaining contamination making it safe for some, but not all, uses.","Site_Report_Link":"http://dec.alaska.gov/Applications/SPAR/PublicMVC/CSP/SiteReport/27603"}},{"type":"Feature","geometry":{"type":"Point","coordinates":[-147.18918797534704,64.716701904939896]},"properties":{"Site_Name":"Eielson AFB Basewide PFAS - Moose Creek Acres Subd, Block 3, Lots 1, 2, 3, 4","Status":"Informational","Address_1":"4443 Moose Creek Avenue","City":"North Pole","State":"AK","Zip_Code":"99705","Site_Type":"Military Installation - Base/Post/Other","Problem_Description":"This Hazard ID has been entered in Informational status because of the application of an environmental covenant due to contamination from the following site: Hazard ID 26773 - Eielson AFB Basewide (AKA Sitewide) PFAS. The property is underlain by per- and polyfluorinated alkyl substances (PFAS) in groundwater. The environmental covenant describes activity and use limitations for the property, based on remaining contamination making it safe for some, but not all, uses.","Site_Report_Link":"http://dec.alaska.gov/Applications/SPAR/PublicMVC/CSP/SiteReport/27604"}},{"type":"Feature","geometry":{"type":"Point","coordinates":[-147.14458597541343,64.713443904499613]},"properties":{"Site_Name":"U.S. Ecology Moose Creek Facility","Status":"Active","Address_1":"4822 Give-A-Way Street; 3520 Old Richardson Highway","City":"North Pole","State":"AK","Zip_Code":"99705","Site_Type":"Soil Remediation Operation","Problem_Description":"The Moose Creek OIT Facility is a thermal remediation facility for contaminated soils and other related materials. PFOS was detected in a water sample from the treatment facility main water supply well in March, 2016 at 1.3 micrograms per liter (ug/l), which exceeds the Environmental Protection Agency (EPA) Provisional Health Advisory level of 0.07 µg/l for drinking water and also the ADEC cleanup level of 0.4 µg/l. \r\n\r\nIn 2016, a Site Assessment was performed to sample pre-2016 soil stockpiles, fly ash stockpiles, treated soil discharge areas, and water samples from the on-site treatment facility supply well. Both of the groundwater results exceeded the ADEC Cleanup Level for PFOS (0.4 milligrams/L) at concentrations of 1.04 and 1.07 milligrams/L, respectively. Additionally, seven of the 14 soil sample results exceeded the ADEC MTGW CUL of 3 micrograms per milligram for PFOS, at concentrations ranging from 5.57 to 32.9 micrograms per milligram. \r\n\r\nIn 2023 the Moose Creek Facility South Contaminated Soil Storage Pad (Pad B-Phase 1) Decommissioning Interim Report identified exceedances of DEC migration to groundwater cleanup level for PFOS and PFOA in soil.","Site_Report_Link":"http://dec.alaska.gov/Applications/SPAR/PublicMVC/CSP/SiteReport/27607"}},{"type":"Feature","geometry":{"type":"Point","coordinates":[-147.15869197476172,64.715353905083575]},"properties":{"Site_Name":"Eielson AFB Basewide PFAS - Frito Subd, Block 1, Lot 1","Status":"Informational","Address_1":"3383 Osage Street","City":"North Pole","State":"AK","Zip_Code":"99705","Site_Type":"Military Installation - Base/Post/Other","Problem_Description":"This Hazard ID has been entered in Informational status because of the application of an environmental covenant due to contamination from the following site: Hazard ID 26773 - Eielson AFB Basewide (AKA Sitewide) PFAS. The property is underlain by per- and polyfluorinated alkyl substances (PFAS) in groundwater. The environmental covenant describes activity and use limitations for the property, based on remaining contamination making it safe for some, but not all, uses.","Site_Report_Link":"http://dec.alaska.gov/Applications/SPAR/PublicMVC/CSP/SiteReport/27611"}},{"type":"Feature","geometry":{"type":"Point","coordinates":[-147.16096597513888,64.715151904642553]},"properties":{"Site_Name":"Eielson AFB Basewide PFAS - Frito Subd, Block 1, Lot 7","Status":"Informational","Address_1":"4714 Rivers Street","City":"North Pole","State":"AK","Zip_Code":"99705","Site_Type":"Military Installation - Base/Post/Other","Problem_Description":"This Hazard ID has been entered in Informational status because of the application of an environmental covenant due to contamination from the following site: Hazard ID 26773 - Eielson AFB Basewide (AKA Sitewide) PFAS. The property is underlain by per- and polyfluorinated alkyl substances (PFAS) in groundwater. The environmental covenant describes activity and use limitations for the property, based on remaining contamination making it safe for some, but not all, uses.","Site_Report_Link":"http://dec.alaska.gov/Applications/SPAR/PublicMVC/CSP/SiteReport/27612"}},{"type":"Feature","geometry":{"type":"Point","coordinates":[-147.16243597523547,64.714235904826879]},"properties":{"Site_Name":"Eielson AFB Basewide PFAS -  Frito Subd, Block 2, Lot 13 ","Status":"Informational","Address_1":"Frito Subdivision, Block 2, Lot 12","City":"North Pole","State":"AK","Zip_Code":"99705","Site_Type":"Military Installation - Base/Post/Other","Problem_Description":"This Hazard ID has been entered in Informational status because of the application of an environmental covenant due to contamination from the following site: Hazard ID 26773 - Eielson AFB Basewide (AKA Sitewide) PFAS. The property is underlain by per- and polyfluorinated alkyl substances (PFAS) in groundwater. The environmental covenant describes activity and use limitations for the property, based on remaining contamination making it safe for some, but not all, uses.","Site_Report_Link":"http://dec.alaska.gov/Applications/SPAR/PublicMVC/CSP/SiteReport/27613"}},{"type":"Feature","geometry":{"type":"Point","coordinates":[-147.18579997522966,64.716672904498111]},"properties":{"Site_Name":"Eielson AFB Basewide PFAS - Moose Creek Acres Subd, Block 3, Lot 5","Status":"Informational","Address_1":"4479 Moose Creek Avenue","City":"North Pole","State":"AK","Zip_Code":"99705","Site_Type":"Military Installation - Base/Post/Other","Problem_Description":"This Hazard ID has been entered in Informational status because of the application of an environmental covenant due to contamination from the following site: Hazard ID 26773 - Eielson AFB Basewide (AKA Sitewide) PFAS. The property is underlain by per- and polyfluorinated alkyl substances (PFAS) in groundwater. The environmental covenant describes activity and use limitations for the property, based on remaining contamination making it safe for some, but not all, uses.","Site_Report_Link":"http://dec.alaska.gov/Applications/SPAR/PublicMVC/CSP/SiteReport/27614"}},{"type":"Feature","geometry":{"type":"Point","coordinates":[-147.17435897431983,64.71821490525447]},"properties":{"Site_Name":"Eielson AFB Basewide PFAS - Township 2S, Range 3E, Sec 28, Portion of NW1/4 of NW1/4, PAN 185337","Status":"Informational","Address_1":"3320 Baker Road","City":"North Pole","State":"AK","Zip_Code":"99705","Site_Type":"Military Installation - Base/Post/Other","Problem_Description":"This Hazard ID has been entered in Informational status because of the application of an environmental covenant due to contamination from the following site: Hazard ID 26773 - Eielson AFB Basewide (AKA Sitewide) PFAS. The property is underlain by per- and polyfluorinated alkyl substances (PFAS) in groundwater. The environmental covenant describes activity and use limitations for the property, based on remaining contamination making it safe for some, but not all, uses.","Site_Report_Link":"http://dec.alaska.gov/Applications/SPAR/PublicMVC/CSP/SiteReport/27615"}},{"type":"Feature","geometry":{"type":"Point","coordinates":[-147.14832697533208,64.708657904907355]},"properties":{"Site_Name":"Eielson AFB Basewide PFAS - Township 2S, Range 3E, Sec 28, Portion of Lot 12, PAN 185388","Status":"Informational","Address_1":"4830 Cul-De-Sac Ct. ","City":"North Pole","State":"AK","Zip_Code":"99705","Site_Type":"Military Installation - Base/Post/Other","Problem_Description":"This Hazard ID has been entered in Informational status because of the application of an environmental covenant due to contamination from the following site: Hazard ID 26773 - Eielson AFB Basewide (AKA Sitewide) PFAS. The property is underlain by per- and polyfluorinated alkyl substances (PFAS) in groundwater. The environmental covenant describes activity and use limitations for the property, based on remaining contamination making it safe for some, but not all, uses.","Site_Report_Link":"http://dec.alaska.gov/Applications/SPAR/PublicMVC/CSP/SiteReport/27616"}},{"type":"Feature","geometry":{"type":"Point","coordinates":[-147.16571097578463,64.716438905230859]},"properties":{"Site_Name":"Eielson AFB Basewide PFAS - Cavanaugh Park Estates Subd, Block 2, Lot 3","Status":"Informational","Address_1":"Cavanaugh Park Estates Subdivision, Block 2, Lot 3","City":"North Pole","State":"AK","Zip_Code":"99705","Site_Type":"Military Installation - Base/Post/Other","Problem_Description":"This Hazard ID has been entered in Informational status because of the application of an environmental covenant due to contamination from the following site: Hazard ID 26773 - Eielson AFB Basewide (AKA Sitewide) PFAS. The property is underlain by per- and polyfluorinated alkyl substances (PFAS) in groundwater. The environmental covenant describes activity and use limitations for the property, based on remaining contamination making it safe for some, but not all, uses.","Site_Report_Link":"http://dec.alaska.gov/Applications/SPAR/PublicMVC/CSP/SiteReport/27617"}},{"type":"Feature","geometry":{"type":"Point","coordinates":[-147.16296097452087,64.716745904485862]},"properties":{"Site_Name":"Eielson AFB Basewide PFAS - Cavanaugh Park Estates Subd, Block 3, Lot 10","Status":"Informational","Address_1":"3357 Anaconda Ct","City":"North Pole","State":"AK","Zip_Code":"99705","Site_Type":"Military Installation - Base/Post/Other","Problem_Description":"This Hazard ID has been entered in Informational status because of the application of an environmental covenant due to contamination from the following site: Hazard ID 26773 - Eielson AFB Basewide (AKA Sitewide) PFAS. The property is underlain by per- and polyfluorinated alkyl substances (PFAS) in groundwater. The environmental covenant describes activity and use limitations for the property, based on remaining contamination making it safe for some, but not all, uses.","Site_Report_Link":"http://dec.alaska.gov/Applications/SPAR/PublicMVC/CSP/SiteReport/27618"}},{"type":"Feature","geometry":{"type":"Point","coordinates":[-147.16349997417004,64.717110905275547]},"properties":{"Site_Name":"Eielson AFB Basewide PFAS - Cavanaugh Park Estates Subd, Block 3, Lot 11","Status":"Informational","Address_1":"Cavanaugh Park Estates Subdivision, Block 3, Lot 11","City":"North Pole","State":"AK","Zip_Code":"99705","Site_Type":"Military Installation - Base/Post/Other","Problem_Description":"This Hazard ID has been entered in Informational status because of the application of an environmental covenant due to contamination from the following site: Hazard ID 26773 - Eielson AFB Basewide (AKA Sitewide) PFAS. The property is underlain by per- and polyfluorinated alkyl substances (PFAS) in groundwater. The environmental covenant describes activity and use limitations for the property, based on remaining contamination making it safe for some, but not all, uses.","Site_Report_Link":"http://dec.alaska.gov/Applications/SPAR/PublicMVC/CSP/SiteReport/27619"}},{"type":"Feature","geometry":{"type":"Point","coordinates":[-147.18568897368706,64.717227904884552]},"properties":{"Site_Name":"Eielson AFB Basewide PFAS - Moose Creek Acres Subd, Block 2, Lot 8","Status":"Informational","Address_1":"4480 Moose Creek Avenue","City":"North Pole","State":"AK","Zip_Code":"99705","Site_Type":"Military Installation - Base/Post/Other","Problem_Description":"This Hazard ID has been entered in Informational status because of the application of an environmental covenant due to contamination from the following site: Hazard ID 26773 - Eielson AFB Basewide (AKA Sitewide) PFAS. The property is underlain by per- and polyfluorinated alkyl substances (PFAS) in groundwater. The environmental covenant describes activity and use limitations for the property, based on remaining contamination making it safe for some, but not all, uses.","Site_Report_Link":"http://dec.alaska.gov/Applications/SPAR/PublicMVC/CSP/SiteReport/27646"}},{"type":"Feature","geometry":{"type":"Point","coordinates":[-147.15345597411968,64.707623904535055]},"properties":{"Site_Name":"Eielson AFB Basewide PFAS - Township 2S, Range 3E, Sec 28, FNSB PAN 185175","Status":"Informational","Address_1":"3557 Go Thatta Way","City":"North Pole","State":"AK","Zip_Code":"99705","Site_Type":"Military Installation - Base/Post/Other","Problem_Description":"This Hazard ID has been entered in Informational status because of the application of an environmental covenant due to contamination from the following site: Hazard ID 26773 - Eielson AFB Basewide (AKA Sitewide) PFAS. The property is underlain by per- and polyfluorinated alkyl substances (PFAS) in groundwater. The environmental covenant describes activity and use limitations for the property, based on remaining contamination making it safe for some, but not all, uses.","Site_Report_Link":"http://dec.alaska.gov/Applications/SPAR/PublicMVC/CSP/SiteReport/27647"}},{"type":"Feature","geometry":{"type":"Point","coordinates":[-147.154319974185,64.707252904838612]},"properties":{"Site_Name":"Eielson AFB Basewide PFAS - Township 2S, Range 3E, Sec 28, SE1/4, FNSB PAN 185230","Status":"Informational","Address_1":"3563 Go Thatta Way","City":"North Pole","State":"AK","Zip_Code":"99705","Site_Type":"Military Installation - Base/Post/Other","Problem_Description":"This Hazard ID has been entered in Informational status because of the application of an environmental covenant due to contamination from the following site: Hazard ID 26773 - Eielson AFB Basewide (AKA Sitewide) PFAS. The property is underlain by per- and polyfluorinated alkyl substances (PFAS) in groundwater. The environmental covenant describes activity and use limitations for the property, based on remaining contamination making it safe for some, but not all, uses.","Site_Report_Link":"http://dec.alaska.gov/Applications/SPAR/PublicMVC/CSP/SiteReport/27648"}},{"type":"Feature","geometry":{"type":"Point","coordinates":[-147.14833297515656,64.706516905114214]},"properties":{"Site_Name":"Eielson AFB Basewide PFAS -  Township 2S, Range 3E, Sec 28, Portion of Gov Lot 23, FNSB PAN 185582","Status":"Informational","Address_1":"4841 Da Niece Street ","City":"North Pole","State":"AK","Zip_Code":"99705","Site_Type":"Military Installation - Base/Post/Other","Problem_Description":"This Hazard ID has been entered in Informational status because of the application of an environmental covenant due to contamination from the following site: Hazard ID 26773 - Eielson AFB Basewide (AKA Sitewide) PFAS. The property is underlain by per- and polyfluorinated alkyl substances (PFAS) in groundwater. The environmental covenant describes activity and use limitations for the property, based on remaining contamination making it safe for some, but not all, uses.","Site_Report_Link":"http://dec.alaska.gov/Applications/SPAR/PublicMVC/CSP/SiteReport/27649"}},{"type":"Feature","geometry":{"type":"Point","coordinates":[-147.19224697543129,64.71695290478921]},"properties":{"Site_Name":"Eielson AFB Basewide PFAS - Township 2S, Range 3E, Sec 29, Portion of Lot 5, FNSB 186155","Status":"Informational","Address_1":"3349 Claude Street","City":"North Pole","State":"AK","Zip_Code":"99705","Site_Type":"Military Installation - Base/Post/Other","Problem_Description":"This Hazard ID has been entered in Informational status because of the application of an environmental covenant due to contamination from the following site: Hazard ID 26773 - Eielson AFB Basewide (AKA Sitewide) PFAS. The property is underlain by per- and polyfluorinated alkyl substances (PFAS) in groundwater. The environmental covenant describes activity and use limitations for the property, based on remaining contamination making it safe for some, but not all, uses.","Site_Report_Link":"http://dec.alaska.gov/Applications/SPAR/PublicMVC/CSP/SiteReport/27651"}},{"type":"Feature","geometry":{"type":"Point","coordinates":[-147.16326497551307,64.713618904549151]},"properties":{"Site_Name":"Eielson AFB Basewide PFAS - Frito Subd, Block 3, Lot 1","Status":"Informational","Address_1":"3406 Bellwood Street","City":"North Pole","State":"AK","Zip_Code":"99705","Site_Type":"Military Installation - Base/Post/Other","Problem_Description":"This Hazard ID has been entered in Informational status because of the application of an environmental covenant due to contamination from the following site: Hazard ID 26773 - Eielson AFB Basewide (AKA Sitewide) PFAS. The property is underlain by per- and polyfluorinated alkyl substances (PFAS) in groundwater. The environmental covenant describes activity and use limitations for the property, based on remaining contamination making it safe for some, but not all, uses.","Site_Report_Link":"http://dec.alaska.gov/Applications/SPAR/PublicMVC/CSP/SiteReport/27652"}},{"type":"Feature","geometry":{"type":"Point","coordinates":[-147.14869897563278,64.706126904772532]},"properties":{"Site_Name":"Eielson AFB Basewide PFAS - Eielson Park Subd, Block 3, Lot 4","Status":"Informational","Address_1":"Lot 4, Block 3 of Eielson Park Subdivision","City":"North Pole","State":"AK","Zip_Code":"99705","Site_Type":"Military Installation - Base/Post/Other","Problem_Description":"This Hazard ID has been entered in Informational status because of the application of an environmental covenant due to contamination from the following site: Hazard ID 26773 - Eielson AFB Basewide (AKA Sitewide) PFAS. The property is underlain by per- and polyfluorinated alkyl substances (PFAS) in groundwater. The environmental covenant describes activity and use limitations for the property, based on remaining contamination making it safe for some, but not all, uses.","Site_Report_Link":"http://dec.alaska.gov/Applications/SPAR/PublicMVC/CSP/SiteReport/27653"}},{"type":"Feature","geometry":{"type":"Point","coordinates":[-147.15063597545847,64.710419904635827]},"properties":{"Site_Name":"Eielson AFB Basewide PFAS - Eielson Park Subd, 1st Add, Block 1, Lot 1","Status":"Informational","Address_1":"Lot 1, Block 1 of Eielson Park Subdivision, 1st Addition","City":"North Pole","State":"AK","Zip_Code":"99705","Site_Type":"Military Installation - Base/Post/Other","Problem_Description":"This Hazard ID has been entered in Informational status because of the application of an environmental covenant due to contamination from the following site: Hazard ID 26773 - Eielson AFB Basewide (AKA Sitewide) PFAS. The property is underlain by per- and polyfluorinated alkyl substances (PFAS) in groundwater. The environmental covenant describes activity and use limitations for the property, based on remaining contamination making it safe for some, but not all, uses.","Site_Report_Link":"http://dec.alaska.gov/Applications/SPAR/PublicMVC/CSP/SiteReport/27654"}},{"type":"Feature","geometry":{"type":"Point","coordinates":[-147.14859897538602,64.709767904737262]},"properties":{"Site_Name":"Eielson AFB Basewide PFAS - Eielson Park Subd, 1st Add, Block 1, Lot 3","Status":"Informational","Address_1":"3511 Old Richardson Hwy","City":"North Pole","State":"AK","Zip_Code":"99705","Site_Type":"Military Installation - Base/Post/Other","Problem_Description":"This Hazard ID has been entered in Informational status because of the application of an environmental covenant due to contamination from the following site: Hazard ID 26773 - Eielson AFB Basewide (AKA Sitewide) PFAS. The property is underlain by per- and polyfluorinated alkyl substances (PFAS) in groundwater. The environmental covenant describes activity and use limitations for the property, based on remaining contamination making it safe for some, but not all, uses.","Site_Report_Link":"http://dec.alaska.gov/Applications/SPAR/PublicMVC/CSP/SiteReport/27655"}},{"type":"Feature","geometry":{"type":"Point","coordinates":[-147.16003497590484,64.71651990464045]},"properties":{"Site_Name":"Eielson AFB Basewide PFAS - Cavanaugh Park Estates Subd, Block 3, Lot 1","Status":"Informational","Address_1":"Lot 1, Block 3 of Cavanaugh Park Estates Subdivision","City":"North Pole","State":"AK","Zip_Code":"99705","Site_Type":"Military Installation - Base/Post/Other","Problem_Description":"This Hazard ID has been entered in Informational status because of the application of an environmental covenant due to contamination from the following site: Hazard ID 26773 - Eielson AFB Basewide (AKA Sitewide) PFAS. The property is underlain by per- and polyfluorinated alkyl substances (PFAS) in groundwater. The environmental covenant describes activity and use limitations for the property, based on remaining contamination making it safe for some, but not all, uses.","Site_Report_Link":"http://dec.alaska.gov/Applications/SPAR/PublicMVC/CSP/SiteReport/27656"}},{"type":"Feature","geometry":{"type":"Point","coordinates":[-147.14951497407475,64.710106905166313]},"properties":{"Site_Name":"Eielson AFB Basewide PFAS - Eielson Park Subd, 1st Add, Block 1, Lot 2","Status":"Informational","Address_1":"Lot 1, Block 3 of Eielson Park Subdivision, 1st Addition ","City":"North Pole","State":"AK","Zip_Code":"99705","Site_Type":"Military Installation - Base/Post/Other","Problem_Description":"This Hazard ID has been entered in Informational status because of the application of an environmental covenant due to contamination from the following site: Hazard ID 26773 - Eielson AFB Basewide (AKA Sitewide) PFAS. The property is underlain by per- and polyfluorinated alkyl substances (PFAS) in groundwater. The environmental covenant describes activity and use limitations for the property, based on remaining contamination making it safe for some, but not all, uses.","Site_Report_Link":"http://dec.alaska.gov/Applications/SPAR/PublicMVC/CSP/SiteReport/27657"}},{"type":"Feature","geometry":{"type":"Point","coordinates":[-147.15861197480746,64.715077904819523]},"properties":{"Site_Name":"Eielson AFB Basewide PFAS - Frito Subd, Block 1, Lot 2","Status":"Informational","Address_1":"3389 Osage Street","City":"North Pole","State":"AK","Zip_Code":"99705","Site_Type":"Military Installation - Base/Post/Other","Problem_Description":"This Hazard ID has been entered in Informational status because of the application of an environmental covenant due to contamination from the following site: Hazard ID 26773 - Eielson AFB Basewide (AKA Sitewide) PFAS. The property is underlain by per- and polyfluorinated alkyl substances (PFAS) in groundwater. The environmental covenant describes activity and use limitations for the property, based on remaining contamination making it safe for some, but not all, uses.","Site_Report_Link":"http://dec.alaska.gov/Applications/SPAR/PublicMVC/CSP/SiteReport/27681"}},{"type":"Feature","geometry":{"type":"Point","coordinates":[-147.18942097403988,64.71804990513975]},"properties":{"Site_Name":"Eielson AFB Basewide PFAS - Moose Creek Acres Subd, Block 2, Lot 2","Status":"Informational","Address_1":"Lot 2, Block 2 of Moose Creek Acres","City":"North Pole","State":"AK","Zip_Code":"99705","Site_Type":"Military Installation - Base/Post/Other","Problem_Description":"This Hazard ID has been entered in Informational status because of the application of an environmental covenant due to contamination from the following site: Hazard ID 26773 - Eielson AFB Basewide (AKA Sitewide) PFAS. The property is underlain by per- and polyfluorinated alkyl substances (PFAS) in groundwater. The environmental covenant describes activity and use limitations for the property, based on remaining contamination making it safe for some, but not all, uses.","Site_Report_Link":"http://dec.alaska.gov/Applications/SPAR/PublicMVC/CSP/SiteReport/27682"}},{"type":"Feature","geometry":{"type":"Point","coordinates":[-147.17865697573308,64.716614905066564]},"properties":{"Site_Name":"Eielson AFB Basewide PFAS - Moose Creek Acres Subd, Block 6, Lot 4","Status":"Informational","Address_1":"Lot 4, Block 6 of Moose Creek Acres Subdivision","City":"North Pole","State":"AK","Zip_Code":"99705","Site_Type":"Military Installation - Base/Post/Other","Problem_Description":"This Hazard ID has been entered in Informational status because of the application of an environmental covenant due to contamination from the following site: Hazard ID 26773 - Eielson AFB Basewide (AKA Sitewide) PFAS. The property is underlain by per- and polyfluorinated alkyl substances (PFAS) in groundwater. The environmental covenant describes activity and use limitations for the property, based on remaining contamination making it safe for some, but not all, uses.","Site_Report_Link":"http://dec.alaska.gov/Applications/SPAR/PublicMVC/CSP/SiteReport/27683"}},{"type":"Feature","geometry":{"type":"Point","coordinates":[-147.16181597465405,64.712168905066036]},"properties":{"Site_Name":"Eielson AFB Basewide PFAS - Township 2S, Range 3E, Sec 28, Portion of Lots 6 and 28, FNSB PAN 185302 ","Status":"Informational","Address_1":"3465 Old Richardson Highway ","City":"North Pole","State":"AK","Zip_Code":"99705","Site_Type":"Military Installation - Base/Post/Other","Problem_Description":"This Hazard ID has been entered in Informational status because of the application of an environmental covenant due to contamination from the following site: Hazard ID 26773 - Eielson AFB Basewide (AKA Sitewide) PFAS. The property is underlain by per- and polyfluorinated alkyl substances (PFAS) in groundwater. The environmental covenant describes activity and use limitations for the property, based on remaining contamination making it safe for some, but not all, uses.","Site_Report_Link":"http://dec.alaska.gov/Applications/SPAR/PublicMVC/CSP/SiteReport/27684"}},{"type":"Feature","geometry":{"type":"Point","coordinates":[-147.15169297524704,64.710634905319864]},"properties":{"Site_Name":"Eielson AFB Basewide PFAS - Township 2S, Range 3E, Sec 28, Gov Lot 31, FNSB PAN 185400","Status":"Informational","Address_1":"4813 Putnam Lane","City":"North Pole","State":"AK","Zip_Code":"99705","Site_Type":"Military Installation - Base/Post/Other","Problem_Description":"This Hazard ID has been entered in Informational status because of the application of an environmental covenant due to contamination from the following site: Hazard ID 26773 - Eielson AFB Basewide (AKA Sitewide) PFAS. The property is underlain by per- and polyfluorinated alkyl substances (PFAS) in groundwater. The environmental covenant describes activity and use limitations for the property, based on remaining contamination making it safe for some, but not all, uses.","Site_Report_Link":"http://dec.alaska.gov/Applications/SPAR/PublicMVC/CSP/SiteReport/27685"}},{"type":"Feature","geometry":{"type":"Point","coordinates":[-147.15959997492604,64.709603904531008]},"properties":{"Site_Name":"Eielson AFB Basewide PFAS - Township 2S, Range 3E, Sec 28, Portion of Lots 8, 9, 25 and 29, FNSB PAN 185591","Status":"Informational","Address_1":"3481 Old Richardson Highway; 3483 Old Richardson Highway","City":"North Pole","State":"AK","Zip_Code":"99705","Site_Type":"Military Installation - Base/Post/Other","Problem_Description":"This Hazard ID has been entered in Informational status because of the application of an environmental covenant due to contamination from the following site: Hazard ID 26773 - Eielson AFB Basewide (AKA Sitewide) PFAS. The property is underlain by per- and polyfluorinated alkyl substances (PFAS) in groundwater. The environmental covenant describes activity and use limitations for the property, based on remaining contamination making it safe for some, but not all, uses.","Site_Report_Link":"http://dec.alaska.gov/Applications/SPAR/PublicMVC/CSP/SiteReport/27686"}},{"type":"Feature","geometry":{"type":"Point","coordinates":[-147.1782969741551,64.713483904756302]},"properties":{"Site_Name":"Eielson AFB Basewide PFAS - Township 2S, Range 3E, Sec 29, Portion of Gov Lot 19, FNSB PAN 185841","Status":"Informational","Address_1":"3431 Baker Road; 3413 Old Richardson Highway","City":"North Pole","State":"AK","Zip_Code":"99705","Site_Type":"Military Installation - Base/Post/Other","Problem_Description":"This Hazard ID has been entered in Informational status because of the application of an environmental covenant due to contamination from the following site: Hazard ID 26773 - Eielson AFB Basewide (AKA Sitewide) PFAS. The property is underlain by per- and polyfluorinated alkyl substances (PFAS) in groundwater. The environmental covenant describes activity and use limitations for the property, based on remaining contamination making it safe for some, but not all, uses.","Site_Report_Link":"http://dec.alaska.gov/Applications/SPAR/PublicMVC/CSP/SiteReport/27687"}},{"type":"Feature","geometry":{"type":"Point","coordinates":[-147.18146997541683,64.713615904597631]},"properties":{"Site_Name":"Eielson AFB Basewide PFAS - Township 2S, Range 3E, Sec 29, Portion of Gov Lots 18 and 19, FNSB PAN 185868","Status":"Informational","Address_1":"Township 2S, Range 3E, Sec 29, Portion of Government Lots 18 and 19","City":"North Pole","State":"AK","Zip_Code":"99705","Site_Type":"Military Installation - Base/Post/Other","Problem_Description":"This Hazard ID has been entered in Informational status because of the application of an environmental covenant due to contamination from the following site: Hazard ID 26773 - Eielson AFB Basewide (AKA Sitewide) PFAS. The property is underlain by per- and polyfluorinated alkyl substances (PFAS) in groundwater. The environmental covenant describes activity and use limitations for the property, based on remaining contamination making it safe for some, but not all, uses.","Site_Report_Link":"http://dec.alaska.gov/Applications/SPAR/PublicMVC/CSP/SiteReport/27688"}},{"type":"Feature","geometry":{"type":"Point","coordinates":[-147.18167397442207,64.714312905161748]},"properties":{"Site_Name":"Eielson AFB Basewide PFAS - Township 2S, Range 3E, Sec 29, Portion of Gov Lots 18 and 19, FNSB PAN 185876","Status":"Informational","Address_1":"Township 2S, Range 3E, Sec 29, Portion of Gov Lots 18 and 19","City":"North Pole","State":"AK","Zip_Code":"99705","Site_Type":"Military Installation - Base/Post/Other","Problem_Description":"This Hazard ID has been entered in Informational status because of the application of an environmental covenant due to contamination from the following site: Hazard ID 26773 - Eielson AFB Basewide (AKA Sitewide) PFAS. The property is underlain by per- and polyfluorinated alkyl substances (PFAS) in groundwater. The environmental covenant describes activity and use limitations for the property, based on remaining contamination making it safe for some, but not all, uses.","Site_Report_Link":"http://dec.alaska.gov/Applications/SPAR/PublicMVC/CSP/SiteReport/27689"}},{"type":"Feature","geometry":{"type":"Point","coordinates":[-147.17735897383653,64.71394690473538]},"properties":{"Site_Name":"Eielson AFB Basewide PFAS - Township 2S, Range 3E, Sec 29, Portion of Gov Lot 19, FNSB PAN 185884","Status":"Informational","Address_1":"3417 Old Richardson Highway","City":"North Pole","State":"AK","Zip_Code":"99705","Site_Type":"Military Installation - Base/Post/Other","Problem_Description":"This Hazard ID has been entered in Informational status because of the application of an environmental covenant due to contamination from the following site: Hazard ID 26773 - Eielson AFB Basewide (AKA Sitewide) PFAS. The property is underlain by per- and polyfluorinated alkyl substances (PFAS) in groundwater. The environmental covenant describes activity and use limitations for the property, based on remaining contamination making it safe for some, but not all, uses.","Site_Report_Link":"http://dec.alaska.gov/Applications/SPAR/PublicMVC/CSP/SiteReport/27690"}},{"type":"Feature","geometry":{"type":"Point","coordinates":[-147.17725697489234,64.714331905167072]},"properties":{"Site_Name":"Eielson AFB Basewide PFAS -  Township 2S, Range 3E, Sec 29, Portion of Lot 18, FNSB PAN 185892","Status":"Informational","Address_1":"Lot 18 in Section 29, Township 2 South, Range 3 East","City":"North Pole","State":"AK","Zip_Code":"99705","Site_Type":"Military Installation - Base/Post/Other","Problem_Description":"This Hazard ID has been entered in Informational status because of the application of an environmental covenant due to contamination from the following site: Hazard ID 26773 - Eielson AFB Basewide (AKA Sitewide) PFAS. The property is underlain by per- and polyfluorinated alkyl substances (PFAS) in groundwater. The environmental covenant describes activity and use limitations for the property, based on remaining contamination making it safe for some, but not all, uses.","Site_Report_Link":"http://dec.alaska.gov/Applications/SPAR/PublicMVC/CSP/SiteReport/27691"}},{"type":"Feature","geometry":{"type":"Point","coordinates":[-147.1951359752762,64.716322905116854]},"properties":{"Site_Name":"Eielson AFB Basewide PFAS - Township 2S, Range 3E, Sec 29, Portion of Gov Lot 7, FNSB PAN 186074","Status":"Informational","Address_1":"Township 2S, Range 3E, Sec 29, Portion of Gov Lot 7","City":"North Pole","State":"AK","Zip_Code":"99705","Site_Type":"Military Installation - Base/Post/Other","Problem_Description":"This Hazard ID has been entered in Informational status because of the application of an environmental covenant due to contamination from the following site: Hazard ID 26773 - Eielson AFB Basewide (AKA Sitewide) PFAS. The property is underlain by per- and polyfluorinated alkyl substances (PFAS) in groundwater. The environmental covenant describes activity and use limitations for the property, based on remaining contamination making it safe for some, but not all, uses.","Site_Report_Link":"http://dec.alaska.gov/Applications/SPAR/PublicMVC/CSP/SiteReport/27692"}},{"type":"Feature","geometry":{"type":"Point","coordinates":[-147.19102697521225,64.715786904925167]},"properties":{"Site_Name":"Eielson AFB Basewide PFAS -  Township 2S, Range 3E, Sec 29, Portion of Gov Lots 4, 15 and 16, FNSB PAN 186139","Status":"Informational","Address_1":"Township 2S, Range 3E, Sec 29, Portion of Gov Lots 4, 15 and 16","City":"North Pole","State":"AK","Zip_Code":"99705","Site_Type":"Military Installation - Base/Post/Other","Problem_Description":"This Hazard ID has been entered in Informational status because of the application of an environmental covenant due to contamination from the following site: Hazard ID 26773 - Eielson AFB Basewide (AKA Sitewide) PFAS. The property is underlain by per- and polyfluorinated alkyl substances (PFAS) in groundwater. The environmental covenant describes activity and use limitations for the property, based on remaining contamination making it safe for some, but not all, uses.","Site_Report_Link":"http://dec.alaska.gov/Applications/SPAR/PublicMVC/CSP/SiteReport/27693"}},{"type":"Feature","geometry":{"type":"Point","coordinates":[-147.15059097569721,64.707277904521391]},"properties":{"Site_Name":"Eielson AFB Basewide PFAS - Eielson Park Subd, Block 3, Lot 2","Status":"Informational","Address_1":"4824 Da Nephew Street","City":"North Pole","State":"AK","Zip_Code":"99705","Site_Type":"Military Installation - Base/Post/Other","Problem_Description":"This Hazard ID has been entered in Informational status because of the application of an environmental covenant due to contamination from the following site: Hazard ID 26773 - Eielson AFB Basewide (AKA Sitewide) PFAS. The property is underlain by per- and polyfluorinated alkyl substances (PFAS) in groundwater. The environmental covenant describes activity and use limitations for the property, based on remaining contamination making it safe for some, but not all, uses.","Site_Report_Link":"http://dec.alaska.gov/Applications/SPAR/PublicMVC/CSP/SiteReport/27694"}},{"type":"Feature","geometry":{"type":"Point","coordinates":[-147.14974797427595,64.706543904886516]},"properties":{"Site_Name":"Eielson AFB Basewide PFAS - Eielson Park Subd, Block 3, Lot 3","Status":"Informational","Address_1":"Lot 3, Block 3 of Eielson Park Subdivision","City":"North Pole","State":"AK","Zip_Code":"99705","Site_Type":"Military Installation - Base/Post/Other","Problem_Description":"This Hazard ID has been entered in Informational status because of the application of an environmental covenant due to contamination from the following site: Hazard ID 26773 - Eielson AFB Basewide (AKA Sitewide) PFAS. The property is underlain by per- and polyfluorinated alkyl substances (PFAS) in groundwater. The environmental covenant describes activity and use limitations for the property, based on remaining contamination making it safe for some, but not all, uses.","Site_Report_Link":"http://dec.alaska.gov/Applications/SPAR/PublicMVC/CSP/SiteReport/27695"}},{"type":"Feature","geometry":{"type":"Point","coordinates":[-147.15023097518454,64.71160690476303]},"properties":{"Site_Name":"Eielson AFB Basewide PFAS - Alice Ann Subd, Parcel B3","Status":"Informational","Address_1":"Alice Ann Subdivision, Parcel B3","City":"North Pole","State":"AK","Zip_Code":"99705","Site_Type":"Military Installation - Base/Post/Other","Problem_Description":"This Hazard ID has been entered in Informational status because of the application of an environmental covenant due to contamination from the following site: Hazard ID 26773 - Eielson AFB Basewide (AKA Sitewide) PFAS. The property is underlain by per- and polyfluorinated alkyl substances (PFAS) in groundwater. The environmental covenant describes activity and use limitations for the property, based on remaining contamination making it safe for some, but not all, uses.","Site_Report_Link":"http://dec.alaska.gov/Applications/SPAR/PublicMVC/CSP/SiteReport/27696"}},{"type":"Feature","geometry":{"type":"Point","coordinates":[-147.18845797494498,64.715416905184739]},"properties":{"Site_Name":"Eielson AFB Basewide PFAS - Pioneer Baptist Subd, Lot 1","Status":"Informational","Address_1":"Pioneer Baptist Subdivision, Lot 1","City":"North Pole","State":"AK","Zip_Code":"99705","Site_Type":"Military Installation - Base/Post/Other","Problem_Description":"This Hazard ID has been entered in Informational status because of the application of an environmental covenant due to contamination from the following site: Hazard ID 26773 - Eielson AFB Basewide (AKA Sitewide) PFAS. The property is underlain by per- and polyfluorinated alkyl substances (PFAS) in groundwater. The environmental covenant describes activity and use limitations for the property, based on remaining contamination making it safe for some, but not all, uses.","Site_Report_Link":"http://dec.alaska.gov/Applications/SPAR/PublicMVC/CSP/SiteReport/27697"}},{"type":"Feature","geometry":{"type":"Point","coordinates":[-147.18137697551029,64.714866904798882]},"properties":{"Site_Name":"Eielson AFB Basewide PFAS - Township 2S, Range 3E, Sec 29, Portion of Gov Lot 18, FNSB PAN 526789","Status":"Informational","Address_1":"Township 2S, Range 3E, Section 29, Portion of Government Lot 18","City":"North Pole","State":"AK","Zip_Code":"99705","Site_Type":"Military Installation - Base/Post/Other","Problem_Description":"This Hazard ID has been entered in Informational status because of the application of an environmental covenant due to contamination from the following site: Hazard ID 26773 - Eielson AFB Basewide (AKA Sitewide) PFAS. The property is underlain by per- and polyfluorinated alkyl substances (PFAS) in groundwater. The environmental covenant describes activity and use limitations for the property, based on remaining contamination making it safe for some, but not all, uses.","Site_Report_Link":"http://dec.alaska.gov/Applications/SPAR/PublicMVC/CSP/SiteReport/27698"}},{"type":"Feature","geometry":{"type":"Point","coordinates":[-147.15144897513912,64.71336890476239]},"properties":{"Site_Name":"Eielson AFB Basewide PFAS - Alice Ann Subd, 1st Add, Lot B-1A","Status":"Informational","Address_1":"4800 Pullman Drive","City":"North Pole","State":"AK","Zip_Code":"99705","Site_Type":"Military Installation - Base/Post/Other","Problem_Description":"This Hazard ID has been entered in Informational status because of the application of an environmental covenant due to contamination from the following site: Hazard ID 26773 - Eielson AFB Basewide (AKA Sitewide) PFAS. The property is underlain by per- and polyfluorinated alkyl substances (PFAS) in groundwater. The environmental covenant describes activity and use limitations for the property, based on remaining contamination making it safe for some, but not all, uses.","Site_Report_Link":"http://dec.alaska.gov/Applications/SPAR/PublicMVC/CSP/SiteReport/27699"}},{"type":"Feature","geometry":{"type":"Point","coordinates":[-145.21558098227749,66.558807901402062]},"properties":{"Site_Name":"Fort Yukon LRRS Sitewide PFAS","Status":"Active","Address_1":"~ 1 Mile East of Fort Yukon","City":"Fort Yukon","State":"AK","Zip_Code":"99740","Site_Type":"Military Installation - Radar/Radio Relay Stn","Problem_Description":"In September 2021, laboratory results of the drinking water well at Fort Yukon Long Range Radar Station (LRRS) revealed levels of per-and polyfluoroalkyl substances (PFAS) above the U.S. Environmental Protection Agency (EPA's) Lifetime Health Advisory level (LHA) for total combined levels of perfluorooctane sulfonate (PFOS) and perfluorooctanoic (PFOA) in drinking water. PFOA concentrations were detected at a maximum value of 102 ng/L, or 102,000 ppt in untreated/unfiltered water, exceeding the LHA of 70 ppt. The well is located approximately one mile upgradient (east) of the Fort Yukon City drinking water well. As of September 2021, the USAF provided alternate water in the form of bottled water to staff at the LRRS; alternate water will be provided until DEC confirms it is no longer needed. Further investigation is ongoing to determine the source of PFAS, the extent of contamination, and necessary treatment for the installation.  \r\n\r\nThe city's drinking water well was also sampled in September of 2021 and all sample results were non-detect for PFOS/PFOA.\r\n","Site_Report_Link":"http://dec.alaska.gov/Applications/SPAR/PublicMVC/CSP/SiteReport/27707"}},{"type":"Feature","geometry":{"type":"Point","coordinates":[-147.16053997468833,64.714508904985436]},"properties":{"Site_Name":"Eielson AFB Basewide PFAS - Frito Subd, Block 2, Lot 6","Status":"Informational","Address_1":"4721 Rivers Street","City":"North Pole","State":"AK","Zip_Code":"99705","Site_Type":"Military Installation - Base/Post/Other","Problem_Description":"This Hazard ID has been entered in Informational status because of the application of an environmental covenant due to contamination from the following site: Hazard ID 26773 - Eielson AFB Basewide (AKA Sitewide) PFAS. The property is underlain by per- and polyfluorinated alkyl substances (PFAS) in groundwater. The environmental covenant describes activity and use limitations for the property, based on remaining contamination making it safe for some, but not all, uses.","Site_Report_Link":"http://dec.alaska.gov/Applications/SPAR/PublicMVC/CSP/SiteReport/27739"}},{"type":"Feature","geometry":{"type":"Point","coordinates":[-147.16122097455553,64.716544904687709]},"properties":{"Site_Name":"Eielson AFB Basewide PFAS - Cavanaugh Park Estates Subd, Block 3, Lot 15","Status":"Informational","Address_1":"3362 Anaconda Court","City":"North Pole","State":"AK","Zip_Code":"99705","Site_Type":"Military Installation - Base/Post/Other","Problem_Description":"This Hazard ID has been entered in Informational status because of the application of an environmental covenant due to contamination from the following site: Hazard ID 26773 - Eielson AFB Basewide (AKA Sitewide) PFAS. The property is underlain by per- and polyfluorinated alkyl substances (PFAS) in groundwater. The environmental covenant describes activity and use limitations for the property, based on remaining contamination making it safe for some, but not all, uses.","Site_Report_Link":"http://dec.alaska.gov/Applications/SPAR/PublicMVC/CSP/SiteReport/27740"}},{"type":"Feature","geometry":{"type":"Point","coordinates":[-147.16173197544535,64.71473290536764]},"properties":{"Site_Name":"Eielson AFB Basewide PFAS - Frito Subd, Block 2, Lot 4","Status":"Informational","Address_1":"4705 Rivers Street","City":"North Pole","State":"AK","Zip_Code":"99705","Site_Type":"Military Installation - Base/Post/Other","Problem_Description":"This Hazard ID has been entered in Informational status because of the application of an environmental covenant due to contamination from the following site: Hazard ID 26773 - Eielson AFB Basewide (AKA Sitewide) PFAS. The property is underlain by per- and polyfluorinated alkyl substances (PFAS) in groundwater. The environmental covenant describes activity and use limitations for the property, based on remaining contamination making it safe for some, but not all, uses.","Site_Report_Link":"http://dec.alaska.gov/Applications/SPAR/PublicMVC/CSP/SiteReport/27747"}},{"type":"Feature","geometry":{"type":"Point","coordinates":[-132.36972004178162,56.48443991967185]},"properties":{"Site_Name":"ADOT&PF Wrangell Airport Sitewide PFAS","Status":"Active","Address_1":"1 Airport Loop Rd","City":"Wrangell","State":"AK","Zip_Code":"99929","Site_Type":"Airport/Airfield","Problem_Description":"In May 2022, the Alaska Department of Environmental Conservation (DEC) collected water samples of private and public wells in the vicinity of the Wrangell airport. Low-level concentrations of per- and poly-fluoroalkyl substances (PFAS), were found in multiple wells; however, none of the detections were above screening levels. The contaminants are believed to have originated from the historic use of Aqueous Film Forming Foam (AFFF) at various locations at the Wrangell airport.","Site_Report_Link":"http://dec.alaska.gov/Applications/SPAR/PublicMVC/CSP/SiteReport/27765"}},{"type":"Feature","geometry":{"type":"Point","coordinates":[-132.94820004025857,56.801699918512945]},"properties":{"Site_Name":"ADOT&PF Petersburg Airport Sitewide PFAS","Status":"Informational","Address_1":"1450 Haugen Drive","City":"Petersburg","State":"AK","Zip_Code":"99833","Site_Type":"Airport/Airfield","Problem_Description":"In May 2022, the Alaska Department of Environmental Conservation (DEC) collected water samples of private and public wells in the vicinity of the Petersburg airport. Low-level concentrations of per- and poly-fluoroalkyl substances (PFAS), were found in multiple wells; however, none of the detections were above screening levels. The contaminants are believed to have originated from the historic use of Aqueous Film Forming Foam (AFFF) at various locations at the Petersburg airport.","Site_Report_Link":"http://dec.alaska.gov/Applications/SPAR/PublicMVC/CSP/SiteReport/27766"}},{"type":"Feature","geometry":{"type":"Point","coordinates":[-158.63763993887821,56.957763923203771]},"properties":{"Site_Name":"Port Heiden Airport Sitewide PFAS","Status":"Informational","Address_1":"Port Heiden Airport","City":"Port Heiden","State":"AK","Zip_Code":"99549","Site_Type":"Airport/Airfield","Problem_Description":"ADOT&PF is conducting a well search and sampling effort to evaluate PFAS impacts in the vicinity of the Port Heiden Airport.","Site_Report_Link":"http://dec.alaska.gov/Applications/SPAR/PublicMVC/CSP/SiteReport/27800"}},{"type":"Feature","geometry":{"type":"Point","coordinates":[-162.60770488556562,66.888822910408038]},"properties":{"Site_Name":"Kotzebue Airport Sitewide PFAS","Status":"Informational","Address_1":"100 Airport Access Road","City":"Kotzebue","State":"AK","Zip_Code":"99752","Site_Type":"Airport/Airfield","Problem_Description":"ADOT&PF is conducting a well search and sampling effort to evaluate PFAS impacts in the vicinity of the Kotzebue Airport.","Site_Report_Link":"http://dec.alaska.gov/Applications/SPAR/PublicMVC/CSP/SiteReport/27801"}},{"type":"Feature","geometry":{"type":"Point","coordinates":[-147.07490697527132,64.642217904550577]},"properties":{"Site_Name":"Eielson AFB TU108","Status":"Active","Address_1":"Near south loop taxiway access road","City":"Eielson AFB","State":"AK","Zip_Code":"99702","Site_Type":"Military Installation - Base/Post/Other","Problem_Description":"During the 2021 Phase II Source Evaluation, 15 soil samples were collected from five soil borings and five temporary monitoring wells were installed and sampled at TU108. Results indicated naphthalene, alpha BHC, and hexavalent chromium exceeded ADEC soil cleanup levels. Metals in groundwater including arsenic and manganese exceed Eielson background concentrations. Cobalt, iron and lead exceed EPA Residential Soil Regional Screening Levels.","Site_Report_Link":"http://dec.alaska.gov/Applications/SPAR/PublicMVC/CSP/SiteReport/27807"}},{"type":"Feature","geometry":{"type":"Point","coordinates":[-147.09740097437577,64.653393904601856]},"properties":{"Site_Name":"Eielson AFB DA112","Status":"Active","Address_1":"near Richardson HWY milepost 338.5","City":"Eielson AFB","State":"AK","Zip_Code":"99702","Site_Type":"Military Installation - Base/Post/Other","Problem_Description":"During the initial walk through of the site, multiple tar seeps were identified across the site. The tar seeps ranged in size, were tacky to the touch, and had a slight tar odor to them. Surface dumping of asphalt or asphalt byproducts is the suspected source of contamination at Site DA112. The tar is confirmed to have contaminated soils with concentrations of DRO and naphthalene above ADEC cleanup levels.","Site_Report_Link":"http://dec.alaska.gov/Applications/SPAR/PublicMVC/CSP/SiteReport/27808"}},{"type":"Feature","geometry":{"type":"Point","coordinates":[-147.09659497619555,64.680427904847832]},"properties":{"Site_Name":"Eielson AFB SR109","Status":"Active","Address_1":"Near corner of Wabash Ave and North St.","City":"Eielson AFB","State":"AK","Zip_Code":"99702","Site_Type":"Military Installation - Base/Post/Other","Problem_Description":"During the 2021 Phase II Source Evaluation, 15 samples were collected from 15 soil borings and five temporary monitoring wells were installed and sampled at Site SR109. Concentrations of naphthalene in soil and PFOS in soil and groundwater exceed ADEC cleanup levels. Concentrations of PCB Arochlor 1260 and Arochlor 1254 exceed EPA Regional Screening Levels in soil.","Site_Report_Link":"http://dec.alaska.gov/Applications/SPAR/PublicMVC/CSP/SiteReport/27809"}},{"type":"Feature","geometry":{"type":"Point","coordinates":[-147.0955999741673,64.647317905380746]},"properties":{"Site_Name":"Eielson AFB TU105","Status":"Active","Address_1":"approximately 600 feet southwest of the Richardson HWY Milepost 338","City":"Eielson AFB","State":"AK","Zip_Code":"99702","Site_Type":"Military Installation - Base/Post/Other","Problem_Description":"During the 2021 Phase II Source Evaluation, 15 soil samples were collected from five soil borings and five temporary monitoring wells were installed and sampled at Site TU105. Results indicated two pesticides, alpha-BHC and beta-BHC, exceeded ADEC soil cleanup levels. The primary source and release mechanism for contaminants at Site TU105 is widespread use of pesticides at Eielson AFB.","Site_Report_Link":"http://dec.alaska.gov/Applications/SPAR/PublicMVC/CSP/SiteReport/27810"}},{"type":"Feature","geometry":{"type":"Point","coordinates":[-147.10146497481603,64.691457905325478]},"properties":{"Site_Name":"Eielson AFB SS110","Status":"Active","Address_1":"near north end of Central Ave. on east side of roadway","City":"Eielson AFB","State":"AK","Zip_Code":"99702","Site_Type":"Military Installation - Base/Post/Other","Problem_Description":"During the 2021 Phase II Source Evaluation, 15 soil samples were collected from five soil borings and five temporary monitoring wells were installed and sampled at Site SS110. Results indicate 1-methylnaphthalene, 2-methylnaphthalene and naphthalene exceeded ADEC cleanup level in soil. PCB Arochlor 1254 and molybdenum exceeded the EPA Residential Soil Levels. PFOS was present in groundwater at concentrations exceeding 70 parts per trillion. Arsenic exceeded ADEC cleanup levels in groundwater.","Site_Report_Link":"http://dec.alaska.gov/Applications/SPAR/PublicMVC/CSP/SiteReport/27811"}},{"type":"Feature","geometry":{"type":"Point","coordinates":[-147.58666097343809,64.830293904756914]},"properties":{"Site_Name":"Fort Wainwright Biosolids Application Field","Status":"Active","Address_1":"0.3 miles SW of 2079 Montgomery Road, Ft. Wainwright, AK","City":"Fort Wainwright","State":"AK","Zip_Code":"99703","Site_Type":"Military Installation - Base/Post/Other","Problem_Description":"The Fort Wainwright Biosolids Application Field is located to the southeast of Ladd Army Airfield (LAAF), approximately 0.3 miles from the Chena River on Fort Wainwright, Alaska and was used to spread biosolids generated from the Golden Heart Utilities’ wastewater treatment facility. The volume of biosolids and the exact dates of application are unknown. During the August 2020 site investigation, three shallow soil samples and one groundwater sample were collected. Perfluorooctane sulfonate (PFOS) was detected in soil at a maximum concentration of 0.048 mg/kg. A monitoring well was also sampled downgradient of this site but no exceedances of per- and polyfluoroalkyl substances (PFAS) were encountered. A supplemental SI or remedial investigation is needed to delineate the PFAS contamination at this site.","Site_Report_Link":"http://dec.alaska.gov/Applications/SPAR/PublicMVC/CSP/SiteReport/27812"}},{"type":"Feature","geometry":{"type":"Point","coordinates":[-147.67080597199043,64.827523905178438]},"properties":{"Site_Name":"Fort Wainwright Fire Station #2","Status":"Active","Address_1":"4390 Neely Road","City":"Fort Wainwright","State":"AK","Zip_Code":"99703","Site_Type":"Military Installation - Base/Post/Other","Problem_Description":"The Fire Station #2 (Building 4390) is located along Neely Road in Fort Wainwright, Alaska, south of the Bassett Army Community Hospital.  An inventory from 2020 indicated that aqueous film forming foam (AFFF) was being stored at the Fire Station #2 in mobile equipment. The dates of storage at this location are not known. The Fire Station #2 is located in an industrial/commercial use area; however, several residential use areas surround the site. Ground cover at the site includes gravel, grass, and pavement. Fire Station #2 is approximately 0.3 mile from the Chena River. \r\n\r\nDuring a site investigation conducted in August 2020, two shallow soil samples and three groundwater samples were collected. Perfluorooctanesulfonic acid (PFOS) was detected in the shallow soil samples, but fell below migration to groundwater cleanup level found in 18 AAC 75.341, Table B2. Perfluorobutane sulfonic acid (PFBS) was detected in the groundwater at a concentration of 6,500 nanograms per liter (ng/L). The detected concentration of PFBS exceeded the EPA's tapwater regional screening level. Due to the proximity of the groundwater contamination to the Chena River, there is potential migration to surface water, with potential impacts to eco receptors and humans. A supplemental site inspection or remedial investigation is needed to delineate the per-and polyfluoroalkyl substance (PFAS) contamination at this site.","Site_Report_Link":"http://dec.alaska.gov/Applications/SPAR/PublicMVC/CSP/SiteReport/27813"}},{"type":"Feature","geometry":{"type":"Point","coordinates":[-147.66586797185198,64.827479905258429]},"properties":{"Site_Name":"Fort Wainwright Neely Road Fire Training Area","Status":"Active","Address_1":"0.05 miles East of 4391 Neely Road","City":"Fort Wainwright","State":"AK","Zip_Code":"99703","Site_Type":"Military Installation - Base/Post/Other","Problem_Description":"The training area is located along Neely Road in Fort Wainwright, Alaska, south of the Bassett Army Community Hospital. The training area is composed of a gravel lot between the hospital and the education center building (Building 4391) to the east of the Fire Station #2 (Building 4390) and was used to stage a helicopter fuselage fire simulator for the training activities. The frequency of firefighting training activities performed here is unknown. Evidence of foam expelled on the gravel ground surface during firefighter training activities were reported and documented in 2011. This training area is located in an industrial/commercial use area; however, several residential use areas surround the site. Ground cover at the site includes gravel, grass, and pavement. The adjacent training area is approximately 0.3 mile from the Chena River. \r\n\r\nDuring a site investigation conducted in August 2020, two shallow soil samples and three groundwater samples were collected. Perfluorooctanesulfonic acid (PFOS) was detected in the shallow soil samples, but fell below migration to groundwater cleanup level found in 18 AAC 75.341, Table B2. Perfluorobutane sulfonic acid (PFBS) was detected in the groundwater at a concentration of 6,500 nangograms per liter (ng/L). The detected concentration of PFBS exceeded the EPA's tapwater regional screening level. Due to the proximity of the groundwater contamination to the Chena River, there is potential migration to surface water, with potential impacts to eco receptors and humans. A supplemental site inspection or remedial investigation is needed to delineate the per-and polyfluoroalkyl substance (PFAS) contamination at this site.\r\n","Site_Report_Link":"http://dec.alaska.gov/Applications/SPAR/PublicMVC/CSP/SiteReport/27814"}},{"type":"Feature","geometry":{"type":"Point","coordinates":[-147.59419497228785,64.816183904669003]},"properties":{"Site_Name":"Fort Wainwright Fire Training Area Near Bldg 2420","Status":"Active","Address_1":"0.25 miles SE of Engineer Lake off of Old Badger Road","City":"Fort Wainwright","State":"AK","Zip_Code":"99703","Site_Type":"Military Installation - Base/Post/Other","Problem_Description":"The Fire Training Area is located near Building 2420 in the southeast portion of Fort Wainwright, Alaska (FWA). This site is a fenced lot which slopes slightly to the east and was used for firefighting training activities. It is approximately 0.25 miles from Engineer Lake and 2 miles from the Chena River. There is a known release of approximately 20 gallons of aqueous film forming foam (AFFF) concentrate in the southeastern portion of this lot between 2013 and 2014. Three shallow soil samples and one groundwater sample were collected at the site. Perfluorooctane sulfonate (PFOS) was detected in soil samples with a maximum concentration of 0.0090 milligrams per kilogram (mg/kg) and no exceedances were detected in groundwater. A supplemental site inspection or remedial investigation is needed to delineate the per-and polyfluoroalkyl substance (PFAS) contamination at this site.","Site_Report_Link":"http://dec.alaska.gov/Applications/SPAR/PublicMVC/CSP/SiteReport/27815"}},{"type":"Feature","geometry":{"type":"Point","coordinates":[-147.6312299715116,64.834866904661297]},"properties":{"Site_Name":"Fort Wainwright Taxiway D","Status":"Active","Address_1":"Taxiway East of Fire Station #1, West end of Ladd Army Airfield runways","City":"Fort Wainwright","State":"AK","Zip_Code":"99703","Site_Type":"Military Installation - Base/Post/Other","Problem_Description":"Taxiway D is located near the center of Ladd Army Airfield (LAAF) between Fire Station #1 and the runway. This taxiway was used for firefighter training activities in 2013 and 2014 while the new LAAF Hangar 4 was being constructed. During this time, aqueous film forming foam (AFFF) was sprayed from fire trucks and allowed to dissipate and dry on the tarmac. Former FWA personnel indicated that cumulative use of AFFF concentrate used was approximately 200 gallons. The Taxiway D boundary does not overlap with any Installation Restoration Program sites. It is surrounded by paved runways and grass cover. The Chena River is approximately 0.5 miles downgradient of this taxiway and may be a complete migration to surface water pathway.  Perfluorooctanesulfonate (PFOS) contamination was confirmed in surface soil [0.072 milligrams per kilogram (mg/kg)] and groundwater [58 nanograms per liter (ng/L)]. Surface water along Clear Creek had PFOS and PFOA concentrations of 880 ng/L and 69 ng/L respectively. A supplemental site inspection or remedial investigation is needed to delineate the per-and polyfluoroalkyl substance (PFAS) contamination at this site.","Site_Report_Link":"http://dec.alaska.gov/Applications/SPAR/PublicMVC/CSP/SiteReport/27816"}},{"type":"Feature","geometry":{"type":"Point","coordinates":[-147.64260997308725,64.834869904612816]},"properties":{"Site_Name":"Fort Wainwright Taxiway E","Status":"Active","Address_1":"Taxiway West of Firestation #1, West end of LAAF runways.","City":"Fort Wainwright","State":"AK","Zip_Code":"99703","Site_Type":"Military Installation - Base/Post/Other","Problem_Description":"Taxiway E is located on the west end of Ladd Army Airfield (LAAF) on Fort Wainwright, Alaska (FWA). This taxiway was used for firefighter training activities in 2013 and 2014 while the new LAAF Hangar 4 was being constructed. During this time, aqueous film forming foam (AFFF) was sprayed from fire trucks and allowed to dissipate and dry on the tarmac. Former FTWW personnel indicated that cumulative use of AFFF concentrate during this time was approximately 200 gallons between Taxiways E and D. It is surrounded by paved runways and grass cover. The Chena River is approximately 0.25 mile downgradient of this taxiway and may be a complete migration to surface water pathway. During a site investigation (SI) conducted in August 2020, perfluorooctane sulfonate (PFOS) and perfluorooctanoic sulfonic acid (PFOA) contamination was confirmed in surface soil, groundwater, and surface water. Contamination was confirmed in the soil and groundwater. The maximum concentrations in the soil were determined to be 2 milligrams per kilogram (mg/kg) (PFOS) and 0.004 mg/kg (PFOA). The maximum concentration in groundwater of were found to be 340 nanograms per liter (ng/L) (PFOS) and 77 ng/L (PFOA). Surface water along Clear Creek had PFOS and PFOA concentrations of 880 ng/L and 69 ng/L respectively A supplemental site investigation or remedial investigation is needed to delineate the per-and polyfluoroalkyl substance (PFAS) contamination at this site.","Site_Report_Link":"http://dec.alaska.gov/Applications/SPAR/PublicMVC/CSP/SiteReport/27817"}},{"type":"Feature","geometry":{"type":"Point","coordinates":[-148.4619569550953,70.195470896186208]},"properties":{"Site_Name":"ADOT&PF Deadhorse Airport Sitewide PFAS","Status":"Informational","Address_1":"1 Airport Way","City":"Prudhoe Bay","State":"AK","Zip_Code":"99734","Site_Type":"Airport/Airfield","Problem_Description":"In June 2022, a site investigation occurred as part of the planning process for airport improvements at the Deadhorse Airport. Near surface soil samples were taken around culverts and areas of potential contamination. PFOS and Benzene detections exceeded the migration to groundwater cleanup levels. The site was not fully delineated as sampling locations were specific to areas where soil was to be excavated  or disturbed during construction.","Site_Report_Link":"http://dec.alaska.gov/Applications/SPAR/PublicMVC/CSP/SiteReport/27826"}},{"type":"Feature","geometry":{"type":"Point","coordinates":[-147.18427197584225,64.714801904712331]},"properties":{"Site_Name":"Eielson AFB Basewide PFAS - Township 2S, Range 3E, Sec 29, Portion of Lots 4 and 16, FNSB PAN 646661","Status":"Informational","Address_1":"Township 2S, Range 3E, Sec 29, Portion of Lots 4 and 16","City":"North Pole","State":"AK","Zip_Code":"99705","Site_Type":"Military Installation - Base/Post/Other","Problem_Description":"This Hazard ID has been entered in Informational status because of the application of an environmental covenant due to contamination from the following site: Hazard ID 26773 - Eielson AFB Basewide (AKA Sitewide) PFAS. The property is underlain by per- and polyfluorinated alkyl substances (PFAS) in groundwater. The environmental covenant describes activity and use limitations for the property, based on remaining contamination making it safe for some, but not all, uses.","Site_Report_Link":"http://dec.alaska.gov/Applications/SPAR/PublicMVC/CSP/SiteReport/27827"}},{"type":"Feature","geometry":{"type":"Point","coordinates":[-156.72331592653543,64.716576908948952]},"properties":{"Site_Name":"Galena AFS BRAC Landfarm","Status":"Active","Address_1":"Former Campion AFS airstrip, approximately 6 miles southeast of Galena","City":"Galena","State":"AK","Zip_Code":"99741","Site_Type":"Military Installation - Base/Post/Other","Problem_Description":"The US Air Force Base Realignment and Closure (BRAC) landfarm is located on the former Campion AFS runway, approximately six miles southeast of Galena. The landfarm was initially designed and constructed in 2012 to stockpile and treat petroleum-contaminated soil excavated from Sites SS005, AST1569, SS014, SS017, and OT099. The landfarm was subsequently expanded in 2013 and 2018. Several thousand cubic yards of contaminated soil is stockpiled in the north and south stockpiles, awaiting treatment. Groundwater sampling has been conducted at the northeastern end of the landfarm since 2013. DRO and RRO have exceeded the Table C groundwater cleanup levels since 2013 and 2016, respectively.\r\n\r\nIn May 2025, the USAF shared preliminary results from the landfarm sampling event, indicating perfluorooctane sulfonate (PFOS) is present in exceedance of the applicable 18 AAC 75 Table B1 cleanup levels sourced from aqueous film forming foam (AFFF) impacted soil. Other per and polyfluoroalkyl substances (PFAS) are present above EPA Regional Screening Levels (RSLs). In June 2025, DEC sent a letter restricting the addition of stockpiled soil to the landfarm, and no soil was to be removed for reuse unless analytical data are submitted to demonstrate no PFAS are present above regulatory cleanup levels.","Site_Report_Link":"http://dec.alaska.gov/Applications/SPAR/PublicMVC/CSP/SiteReport/27830"}},{"type":"Feature","geometry":{"type":"Point","coordinates":[-155.60499893643291,62.953474911807611]},"properties":{"Site_Name":"McGrath Airport Sitewide PFAS","Status":"Active","Address_1":"Airport Drive","City":"McGrath","State":"AK","Zip_Code":"99627","Site_Type":"Airport/Airfield","Problem_Description":"A well search and sampling effort was conducted at the McGrath airport to evaluate PFAS impacts. PFOS, PFOA and other PFAS were detected in groundwater at concentrations below the DEC action level.","Site_Report_Link":"http://dec.alaska.gov/Applications/SPAR/PublicMVC/CSP/SiteReport/27831"}},{"type":"Feature","geometry":{"type":"Point","coordinates":[-170.22999989803017,57.15759993342045]},"properties":{"Site_Name":"St. Paul Airport Sitewide PFAS","Status":"Informational","Address_1":"Jeff Trail","City":"Saint Paul","State":"AK","Zip_Code":"99660","Site_Type":"Airport/Airfield","Problem_Description":"ADOT&PF is conducting a well search and sampling effort to evaluate PFAS impacts in the vicinity of the St. Paul Airport.","Site_Report_Link":"http://dec.alaska.gov/Applications/SPAR/PublicMVC/CSP/SiteReport/27832"}},{"type":"Feature","geometry":{"type":"Point","coordinates":[-149.98152496587093,61.186087911988771]},"properties":{"Site_Name":"ADOT&PF AIA Block 300 Lot 3 PFAS","Status":"Active","Address_1":"Intersection of Lake Hood Drive and Helio Place","City":"Anchorage","State":"AK","Zip_Code":"99519","Site_Type":"Airport/Airfield","Problem_Description":"In support of construction planning, sampling was conducted in January 2020.  PFAS were detected above cleanup levels in soil and groundwater. The source of PFAS is unknown, but likely related to fire training or response activities that occurred at or near the property. The site is near Postmark Bog, which is known to have PFAS contamination; however, a different source is likely.","Site_Report_Link":"http://dec.alaska.gov/Applications/SPAR/PublicMVC/CSP/SiteReport/27839"}},{"type":"Feature","geometry":{"type":"Point","coordinates":[-166.54249992021246,53.894699934807903]},"properties":{"Site_Name":"ADOT&PF Unalaska Airport Sitewide PFAS","Status":"Informational","Address_1":"429 Airport Beach Road","City":"Unalaska","State":"AK","Zip_Code":"99685","Site_Type":"Airport/Airfield","Problem_Description":"ADOT&PF is conducting a well search and sampling effort to evaluate PFAS impacts in the vicinity of the Unalaska Airport.","Site_Report_Link":"http://dec.alaska.gov/Applications/SPAR/PublicMVC/CSP/SiteReport/27851"}},{"type":"Feature","geometry":{"type":"Point","coordinates":[-149.96304396579472,61.173075911917209]},"properties":{"Site_Name":"Alaska Airlines Facility Maintenance AIA","Status":"Active","Address_1":"4000 Old International Airport Road","City":"Anchorage","State":"AK","Zip_Code":"99502","Site_Type":"Airport/Airfield","Problem_Description":"On March 2, 2022, a discharge consisting of approximately 1,100 gallons of Ansulite 3% Aqueous Film Forming Foam (AFFF) and 35,000 gallons of water occurred at or near the Alaska Airlines cargo hangar. An unknown quantity of this mixture discharged into the floor drain connected to the Anchorage Waste & Water Utility treatment plant. The remaining fluid flowed outside of the building onto paved areas around the west side of the building and into drainage ditches to the north along Old International Airport Road. Snow and ice on the paved area surrounding the building and along approximately 1,500 feet of drainage ditch were recovered by U.S. Ecology and placed into two snow piles within a containment area inside the structure located southeast of the main facility. Samples from snow pile melt water and surrounding drainage ditches were collected and had PFAS concentrations exceeding ADEC groundwater cleanup levels. ","Site_Report_Link":"http://dec.alaska.gov/Applications/SPAR/PublicMVC/CSP/SiteReport/27863"}},{"type":"Feature","geometry":{"type":"Point","coordinates":[-161.84599991642656,60.775399919579762]},"properties":{"Site_Name":"ARNG Bethel AAOF","Status":"Active","Address_1":"Army National Guard Bethel Army Aviation Operating Facility","City":"Bethel","State":"AK","Zip_Code":"99559","Site_Type":"Military Installation - Base/Post/Other","Problem_Description":"The Army National Guard (ARNG) Bethel Army Aviation Operating Facility (AAOF) is equipped with an aqueous film-forming foam (AFFF) fire suppression system which is supplied by two 800-gallon tanks. One of the tanks has a leaky sight gauge and has been serviced twice in the last ten years, producing less than 1 quart of AFFF each servicing event. Additionally, several Tri-Max fire extinguishers were found in the Bethel AAOF, although no records of their maintenance or use were found. After a Site Inspection in September 2021 in which 7 soil borings (21 primary soil samples) were advanced and completed as monitoring wells (7 primary groundwater samples), multiple PFAS compounds were detected in soil and groundwater. Only PFOA exceeded current DEC cleanup levels in soil, and there were no exceedances in groundwater above current DEC cleanup levels. ","Site_Report_Link":"http://dec.alaska.gov/Applications/SPAR/PublicMVC/CSP/SiteReport/27867"}},{"type":"Feature","geometry":{"type":"Point","coordinates":[-151.30145596140801,60.730262912796157]},"properties":{"Site_Name":"Nikiski Former KPB Fire Station","Status":"Active","Address_1":"51849 Kenai Spur Hwy","City":"Nikiski","State":"AK","Zip_Code":"99635","Site_Type":"Other","Problem_Description":"PFOS and PFOA were detected above the drinking water action level in source water wells for the Nikishka Bay Public Water System in late 2023. The source of the PFAS contamination is currently unknown.  In early 2023, a project was conducted which included a drinking water well search, public outreach, collecting drinking water samples, laboratory analysis of the drinking water samples and reporting. Sixteen samples were collected and analyzed. The drinking water samples did not contain PFOS or PFOA.  However, PFHxS was detected in two wells and PFHxa was detected in one well at concentrations less than EPA regulatory limits. PFHpA and PFHxA were detected above the reporting limit in one sample, however, DEC and the EPA do not have regulatory or drinking water action levels for the analytes.\r\n\r\nSite assessment activities were completed in 2024 on behalf of DEC in the vicinity of the Kenai Spur Highway and Nikishka Beach Road in Nikiski. The characterization activities included advancement of 8 soil borings, installation of 3 monitoring wells, and the collection of soil and groundwater samples in order to assess the extent of per- and polyfluororalkyl substances as well as trichloroethylene. Analytical results indicate that PFAS constituents were present in both surface and subsurface soil samples from six of the eight soil borings and in each of the groundwater samples at concentrations\r\nabove ADEC and/or EPA screening levels. Tetrachloroethene was present in groundwater in one of the monitoring wells at a concentration above the ADEC and EPA screening levels. \r\n\r\n","Site_Report_Link":"http://dec.alaska.gov/Applications/SPAR/PublicMVC/CSP/SiteReport/27898"}},{"type":"Feature","geometry":{"type":"Point","coordinates":[-149.88333296747288,61.119721911508684]},"properties":{"Site_Name":"Commercial Property - 11151 Calaska Circle","Status":"Active","Address_1":"11151 Calaska Circle","City":"Anchorage","State":"AK","Zip_Code":"99515","Site_Type":"Chemical Manufacturing/Storage","Problem_Description":"During a due diligence investigation for a potential property sale of a former 3M warehouse, PFAS and PFOA compounds were identified in the soil and groundwater. The compounds are believed to be associated with a release of fire suppressant. The amount and date of release are unknown.","Site_Report_Link":"http://dec.alaska.gov/Applications/SPAR/PublicMVC/CSP/SiteReport/27957"}},{"type":"Feature","geometry":{"type":"Point","coordinates":[-148.86675795337686,70.326398896201496]},"properties":{"Site_Name":"Hilcorp Construction Camp 2A Fire Training Ground","Status":"Active","Address_1":"NE corner of Construction Camp 2A in Western Operating Area","City":"Prudhoe Bay","State":"AK","Zip_Code":"99734","Site_Type":"Oil Exploration/Onshore","Problem_Description":"Fire training activities at Construction Camp 2A (CC2A) were reported to have been conducted\r\nonce per week for six years. Foaming chemicals used were either aqueous film forming foam (AFFF) in a 3 percent solution, or AFFF/alcohol type concentrate (ATC) in 3 to 6 percent solutions. The preliminary site investigation activities were performed in June, July, August, and September 2019. Six soil borings were completed, and six monitoring wells were installed outside the CC2A site liner. Soil and water samples were collected and analyzed, and pad porewater elevation data was collected. Analytical results for soil samples collected from the six soil borings indicated PFOA/PFOS were not present at concentrations above their respective ADEC cleanup levels for Arctic Zone soils in 2021. Analytical results for pad porewater samples collected for PFOA were reported at concentrations below the ADEC cleanup levels (0.40 micrograms per liter [µg/L]) in all the monitoring wells. The highest concentration of PFOA was 0.34 µg/L at MW-03 on the west side of the liner.  Analytical results for pad porewater samples collected for PFOS were reported at concentrations above the ADEC CL (0.40 µg/L) in all the monitoring wells. The highest concentration of PFOS was at MW-03 at 40 µg/L.\r\n","Site_Report_Link":"http://dec.alaska.gov/Applications/SPAR/PublicMVC/CSP/SiteReport/27974"}},{"type":"Feature","geometry":{"type":"Point","coordinates":[-155.55638994262799,61.102949914479694]},"properties":{"Site_Name":"Sparrevohn LRRS AT009P Fire Training & General Lower Camp Area","Status":"Active","Address_1":"Sparrevohn Long Range Radar Station","City":"Stony River","State":"AK","Zip_Code":"99557","Site_Type":"Military Installation - Radar/Radio Relay Stn","Problem_Description":"At this time the source of per- and polyfluoroalkyl Substances (PFAS) at Sparrevohn LRRS is unknown. The suspected source is fire training activities/historical activities at the site conducted between the 1950s and early 2000s. Sparrevohn LRRS is a remote installation where a PFAS Remedial Investigation (RI) is currently being conducted. The purpose of the PFAS RI is to delineate the nature and extent of PFAS. During a 2020 Preliminary Assessment and 2022 Site Inspection (SI) at the site PFOS was detected in groundwater and soils at the site of suspected fire training and the general lower camp area during the PFAS SI. The extent is not fully characterized at this time. ","Site_Report_Link":"http://dec.alaska.gov/Applications/SPAR/PublicMVC/CSP/SiteReport/27988"}},{"type":"Feature","geometry":{"type":"Point","coordinates":[-156.0056689348483,62.911806912030109]},"properties":{"Site_Name":"Tatalina LRRS AT016P Fire Training Area","Status":"Active","Address_1":"Tatalina Long Range Radar Station","City":"McGrath","State":"AK","Zip_Code":"99627","Site_Type":"Military Installation - Radar/Radio Relay Stn","Problem_Description":"At this time the source of per- and polyfluoroalkyl Substances (PFAS) at Tatalina LRRS is unknown. The suspected source is fire training activities/historical activities at the site conducted between the 1950s and early 2000s Tatalina LRRS is a remote installation where a PFAS Remedial Investigation (RI) is currently being conducted. The purpose of the PFAS RI is to delineate the nature and extent of PFAS. During a 2020 Preliminary Assessment and 2022 Site Inspection (SI) at the site PFOS was detected in groundwater and soils at the site of suspected fire training area above an existing landfill site. The extent is not fully characterized at this time. ","Site_Report_Link":"http://dec.alaska.gov/Applications/SPAR/PublicMVC/CSP/SiteReport/27989"}},{"type":"Feature","geometry":{"type":"Point","coordinates":[-153.69470993728385,65.994702905040938]},"properties":{"Site_Name":"Indian Mt. LRRS Former Vehicle Maint Shop (SS012P)","Status":"Active","Address_1":"15 miles east of Hughes; Indian Mountain","City":"Hughes","State":"AK","Zip_Code":"99745","Site_Type":"Maintenance Yard/Shop","Problem_Description":"The Indian Mountain Long Range Radar Station (LRRS) former vehicle maintenance shop SS012P (VMS) is located approximately 15 miles east of Hughes, Alaska. The former VMS operated in 1976 and was identified as an area where aqueous film-forming foam (AFFF) was stored. The available site information indicates that the area was primarily used for fire truck storage, filling, test spray, and maintenance. The site now has a storage building built on top of the building footprint. \r\n\r\nIn 2020 a site inspection was conducted at Indian Mountain LRRS to determine the extent of possible PFAS contamination at the installation. The former VMS was included in this investigation. Several contaminants exceeded the Alaska Department of Environmental Conservation (ADEC) action level in groundwater samples collected. Contaminants were also detected in soil and surface water samples, but concentrations were below action levels.\r\n\r\nAdditional site characterization was conducted in 2024 to further characterize the PFAS detected in the 2020 site inspection. The results are pending. Current potential exposure pathways include groundwater ingestion; however, no groundwater currently is used as drinking water at Indian Mountain LRRS. Therefore, exposure is limited at this site. The site has been recommended for further remedial investigation to fully characterize the extent of the contamination.","Site_Report_Link":"http://dec.alaska.gov/Applications/SPAR/PublicMVC/CSP/SiteReport/28015"}},{"type":"Feature","geometry":{"type":"Point","coordinates":[-156.67490489567103,71.325128898207439]},"properties":{"Site_Name":"NARL - Building 554","Status":"Active","Address_1":"5.5 miles NE of Barrow ","City":"Barrow","State":"AK","Zip_Code":"99723","Site_Type":"Chemical Manufacturing/Storage","Problem_Description":"Fire fighting training and storage of fire fighting foam. ","Site_Report_Link":"http://dec.alaska.gov/Applications/SPAR/PublicMVC/CSP/SiteReport/28020"}},{"type":"Feature","geometry":{"type":"Point","coordinates":[-152.4959599620785,57.748169918896515]},"properties":{"Site_Name":"USCG Kodiak Fire Department Facility","Status":"Active","Address_1":"Dolphin Avenue ","City":"Kodiak","State":"AK","Zip_Code":"99619","Site_Type":"Military Installation - Base/Post/Other","Problem_Description":"AFFF concentrate mixed with water - total released 375 gallons","Site_Report_Link":"http://dec.alaska.gov/Applications/SPAR/PublicMVC/CSP/SiteReport/28027"}},{"type":"Feature","geometry":{"type":"Point","coordinates":[-152.50639496075814,57.731157918907819]},"properties":{"Site_Name":"USCG Kodiak LOWS Facility - Bldg N56","Status":"Active","Address_1":"USCG Base Kodiak","City":"Kodiak","State":"AK","Zip_Code":"99619","Site_Type":"Military Installation - Base/Post/Other","Problem_Description":"During fieldwork operations by USCG to support the Per- and Polyfluoroalkyl Substances (PFAS) Site Investigation (SI), a visible oil sheen was observed. The work included sampling around the Liquid Oily Waste Facility (Building N56) which is adjacent to the steam plant.\n\nA petroleum/fuel odor and a visible oil sheen were encountered in the soil interval from 5 to 12 feet below the ground surface. Photoionization Detector (PID) readings determined that further site assessment is required to fully characterize the site.  ","Site_Report_Link":"http://dec.alaska.gov/Applications/SPAR/PublicMVC/CSP/SiteReport/28030"}},{"type":"Feature","geometry":{"type":"Point","coordinates":[-165.96191389533928,61.78966892106984]},"properties":{"Site_Name":"Cape Romanzof LRRS - Sitewide","Status":"Informational","Address_1":"Cape Romanzof","City":"Scammon Bay","State":"AK","Zip_Code":"99662","Site_Type":"Military Installation - Radar/Radio Relay Stn","Problem_Description":"This site has been entered to track multi-site reviews and administrative actions for all of Cape Romanzof's contaminated sites. See specific file numbers starting with 2526.38 for information regarding specific sites at Cape Romanzof.\r\n\r\nCape Romanzof Long Range Radar Site (LRRS) is in the Yukon-Kuskokwim region of Alaska, at the western end of the Askinuk Mountains and on a small peninsula that extends into the Bering Sea. The LRRS is approximately 540 air miles west of Anchorage, 165 miles northwest of Bethel, and 170 miles southeast of Nome. The USAF property at the installation encompasses about 4,900 acres of land situated within the boundaries of the Yukon-Kuskokwim Delta National Wildlife Refuge, a federally protected habitat area. The Cape Romanzof installation comprises two main areas: the Lower Camp and the Upper Camp. The Lower Camp lies at the head of a valley next to tundra fields and ephemeral streams, and the Upper Camp is situated at the top of Towak Mountain.\r\n\r\nThe Cape Romanzof LRRS was one of the 10 original aircraft control and warning sites in the Alaska Air Defense System. Installation construction was completed in 1952 and operations began in 1953. The White Alice Communication Station, which replaced the original communication and warning system, became operational in 1958. By 1977, Cape Romanzof LRRS was operating as a Minimally Attended Radar Station.\r\n\r\nAlmost all the original Cape Romanzof LRRS facilities, including 24 buildings, eight foundations, and antennas, were demolished in 1988. Past activities at Cape Romanzof LRRS, including spills and leaks of petroleum, oils, and lubricants (POL) from tanks or pipes, burial of waste in former landfills, and disposal of small arms ammunition by burning, has resulted in the release of contaminants into the environment. Environmental investigations were initiated in 1989 to determine whether contaminants associated with past installation activities posed an unacceptable level of risk to human health or the environment.","Site_Report_Link":"http://dec.alaska.gov/Applications/SPAR/PublicMVC/CSP/SiteReport/28073"}},{"type":"Feature","geometry":{"type":"Point","coordinates":[-149.67189996826096,61.264999911656673]},"properties":{"Site_Name":"JBER-Ft. Rich SS170P Hangar 4","Status":"Active","Address_1":"Westbrook Ave","City":"Fort Richardson (JBER)","State":"AK","Zip_Code":"99505","Site_Type":"Military Installation - Base/Post/Other","Problem_Description":"Hangar 4 was built in 1968 on JBER-Richardson. Historically, eleven Tri-Max \u2122 Compressed Air Foam mobile fire extinguisher units were stored inside on the south side of Hangar 4. No leaks or use of the Tri-Max units were reported; however, due to a gap in facility knowledge, it is possible that a spill or release may have occurred. As a result, a site investigation was conducted in 2022 and four surface soil samples (0 to 2 ft bgs) were collected around Hangar 4. Perfluorooctanesulfonic acid (PFOS) was detected at a concentration of 0.0294 mg/kg in one surface soil sample which prompted further investigations in 2024. \r\n\r\nDuring the Phase I remedial investigation conducted in 2024 soil and groundwater samples were collected at the site. PFOS was found to exceed DEC's migration to groundwater cleanup levels in surface soil at the site (maximum concentration of 0.085 mg/kg). Groundwater samples did not exceed 18.AAC.75 Table C cleanup levels.\r\n\r\nPFAS contamination has not been delineated laterally in any direction or vertically.","Site_Report_Link":"http://dec.alaska.gov/Applications/SPAR/PublicMVC/CSP/SiteReport/28098"}},{"type":"Feature","geometry":{"type":"Point","coordinates":[-149.79717996690874,61.264324911535205]},"properties":{"Site_Name":"JBER-Elmendorf Landfill 6 (LF006)","Status":"Active","Address_1":"Airlifter Dr","City":"Elmendorf AFB (JBER)","State":"AK","Zip_Code":"99506","Site_Type":"Landfill/Dump","Problem_Description":"During the 2023 excavation of Taxiway D on JBER-Elmendorf for the JBE054 Runway Extension Project, Landfill 6 (LF006) was partially exposed. Although LF006 was identified during the pre-planning phase of the project as a construction and demolition (C&D) landfill, its location was not accurately recorded, which led to a partial excavation of the landfill. Debris within LF006 was determined to be inconsistent with C&D debris and environmental sampling confirmed the soil within the footprint of LF006 was contaminated with other potential hazardous constituents in addition to perfluoroalkyl or polyfluoroalkyl substances (PFAS). The soil from LF006 was excavated and stockpiled within the PFAS placement area located 250 feet west of the perimeter of the landfill. PFAS-contaminated soil stockpiles are underlain by a 20-mil liner and then covered with a 6-mil to 10-mil liner. \r\n\r\nAt the time of site discovery soil was analyzed for mercury, total metals, volatile organic compounds (VOCs), polycyclic aromatic hydrocarbons (PAHs), polychlorinated biphenyls (PCBs), organochlorine pesticides, gasoline range organics (GRO), diesel range organics (DRO), residual range organics (RRO), and per-and polyfluoroalkyl substances (PFAS). Perfluorooctanesulfonic acid, perfluorooctanoic acid, dieldrin, 1-methylnaphthalene, naphthalene, benzo(a)pyrene, benzo(a)anthracene, trichloroethene, and cis-1,2-dichloroethene, exceeded cleanup levels as outlined within 18 AAC 75 Table B1 Method Two – Soil Cleanup Levels Table.\r\n\r\nAdditionally in the spring of 2025 multiple crushed drums were encountered near the PFAS soil placement area at an approximate depth of 15 feet below ground surface (bgs) while installing a water line. Four 55-gallon steel closed-top drums were identified; the excavation pit was approximately 50 feet long by 30 feet wide. One drum was leaking a small amount of liquid, which appeared to be an oily substance. While there was only a limited volume of liquid available at the time of discovery, two environmental samples were collected and no hazardous substances were identified. \r\n\r\nFollowing the completion of JBE054 Runway Extension Project a limited field investigation effort will be conducted to further characterize the LF006 landfill and drum site. ","Site_Report_Link":"http://dec.alaska.gov/Applications/SPAR/PublicMVC/CSP/SiteReport/28099"}},{"type":"Feature","geometry":{"type":"Point","coordinates":[-162.59727588510171,66.891596909743853]},"properties":{"Site_Name":"Kotzebue Airport - ADF&G Lease Lot","Status":"Non-Qualifying","Address_1":"ADF&G Lease Lot","City":"Kotzebue","State":"AK","Zip_Code":"99752","Site_Type":"Airport/Airfield","Problem_Description":"Four borings were installed for a Phase II investigation. Borings were installed to 11 to 12 ft. The saturated zone started at 5 to 7 ft bgs and permafrost was suspected to start at 7.5 to 8.3 ft bgs.  DRO was found in one sample just above the most stringent cleanup levels. RRO, some VOCs, and PFAS were also observed at concentrations below the cleanup levels.","Site_Report_Link":"http://dec.alaska.gov/Applications/SPAR/PublicMVC/CSP/SiteReport/28128"}},{"type":"Feature","geometry":{"type":"Point","coordinates":[-149.36208896860276,61.585774910407508]},"properties":{"Site_Name":"MSB Station 65 PFAS","Status":"Active","Address_1":"680 North Seward-Meridian Parkway","City":"Wasilla","State":"AK","Zip_Code":"99654","Site_Type":"Other","Problem_Description":"In March 2026, the DEC Drinking Water program received data for properties near the intersection of Palmer-Wasilla Hwy and Seward Meridian Pkwy in Wasilla indicating PFOS and PFOA were present above drinking water action levels in public wells.","Site_Report_Link":"http://dec.alaska.gov/Applications/SPAR/PublicMVC/CSP/SiteReport/28130"}}]}