{"type":"FeatureCollection","crs":{"type":"name","properties":{"name":"EPSG:4326"}},"features":[{"type":"Feature","id":54,"geometry":{"type":"Point","coordinates":[-71.554611,43.020183]},"properties":{"site_name":"Goffstown Landfill","other_site_names":null,"state":"New Hampshire","industry":"Landfill","matrix_type":"Groundwater","matrix":"Groundwater","year":2016,"pfoa":"12","pfos":"11","total_pfas":34,"pfas_level":34,"notes":null,"regulation_gvt_link":null,"resources_link":"https://www4.des.state.nh.us/DESOneStop/PRSDetail.aspx?ID=0000033&Type=PRS","suspected_source_link":"https://nhdes.maps.arcgis.com/apps/View/index.html?appid=66770bef141c43a98a445c54a17720e2&extent=-73.5743,42.5413,-69.6852,45.4509","pfas_testing_link":"https://www4.des.state.nh.us/IISProxy/IISProxy.dll?ContentId=4630113","site_ref_link":"https://drive.google.com/drive/u/1/folders/1KJCsgqvcwgx5KB2IwI0i2W5Ab_P3xr_P","state_ref_link":"https://drive.google.com/drive/u/0/folders/1RsSKYaEE8jqAw7pH05tDHRflkjUL3t5H","ObjectId":54}},{"type":"Feature","id":67,"geometry":{"type":"Point","coordinates":[-71.48704,42.868774]},"properties":{"site_name":"Longa Disposal Area","other_site_names":null,"state":"New Hampshire","industry":"Waste","matrix_type":"Groundwater","matrix":"Groundwater","year":2016,"pfoa":"140","pfos":"41","total_pfas":204,"pfas_level":204,"notes":"former Superfund site","regulation_gvt_link":null,"resources_link":"https://www4.des.state.nh.us/DESOneStop/PRSDetail.aspx?ID=0000428&Type=PRS","suspected_source_link":"https://nhdes.maps.arcgis.com/apps/View/index.html?appid=66770bef141c43a98a445c54a17720e2&extent=-73.5743,42.5413,-69.6852,45.4509","pfas_testing_link":"https://www4.des.state.nh.us/IISProxy/IISProxy.dll?ContentId=4606455","site_ref_link":"https://drive.google.com/drive/u/0/folders/1i5VfDVdC3ChI1wi9P5U3VToF4Dl0gvUu","state_ref_link":"https://drive.google.com/drive/u/0/folders/1RsSKYaEE8jqAw7pH05tDHRflkjUL3t5H","ObjectId":67}},{"type":"Feature","id":73,"geometry":{"type":"Point","coordinates":[-71.575819,42.8092]},"properties":{"site_name":"Former Textiles Coated International","other_site_names":null,"state":"New Hampshire","industry":"Industry","matrix_type":"Groundwater","matrix":"Groundwater","year":2016,"pfoa":"620","pfos":null,"total_pfas":620,"pfas_level":620,"notes":"Manufacturing activities by Textiles Coated International (TCI) ","regulation_gvt_link":"https://www4.des.state.nh.us/IISProxy/IISProxy.dll?ContentId=4707038","resources_link":"https://www4.des.state.nh.us/nh-pfas-investigation/","suspected_source_link":"https://www4.des.state.nh.us/nh-pfas-investigation/?page_id=225","pfas_testing_link":null,"site_ref_link":"https://drive.google.com/drive/u/1/folders/19BTCZXz54lLFXbL2DUQOoXdvh1TPqt9w","state_ref_link":"https://drive.google.com/drive/u/1/folders/1RsSKYaEE8jqAw7pH05tDHRflkjUL3t5H","ObjectId":73}},{"type":"Feature","id":74,"geometry":{"type":"Point","coordinates":[-71.055865,42.933516]},"properties":{"site_name":"Kingston Fire Department","other_site_names":null,"state":"New Hampshire","industry":"Fire Department/Training Facility","matrix_type":"Groundwater","matrix":"Groundwater","year":2016,"pfoa":"400","pfos":"110","total_pfas":672,"pfas_level":672,"notes":"AFFF used at Kingston Fire Department ","regulation_gvt_link":"N/A","resources_link":"https://www.des.nh.gov/media/pr/2016/20161027-well-water-kingston.htm","suspected_source_link":"https://www.des.nh.gov/organization/commissioner/documents/pfoa-statewide-status-20170110.pdf","pfas_testing_link":"https://www4.des.state.nh.us/nh-pfas-investigation/wp-content/uploads/tables-pdf.pdf","site_ref_link":"https://drive.google.com/drive/u/1/folders/1Y_jKNniqwXZnoyhmfbTXzP_TzQlg4uLP","state_ref_link":"https://drive.google.com/drive/u/1/folders/1RsSKYaEE8jqAw7pH05tDHRflkjUL3t5H","ObjectId":74}},{"type":"Feature","id":102,"geometry":{"type":"Point","coordinates":[-71.159139,44.478258]},"properties":{"site_name":"Dummer Yard Landfill","other_site_names":null,"state":"New Hampshire","industry":"Landfill","matrix_type":"Groundwater","matrix":"Groundwater","year":2018,"pfoa":"421","pfos":"708","total_pfas":1248,"pfas_level":1248,"notes":null,"regulation_gvt_link":null,"resources_link":"https://www4.des.state.nh.us/DESOneStop/PRSDetail.aspx?ID=0000151&Type=PRS","suspected_source_link":"https://nhdes.maps.arcgis.com/apps/View/index.html?appid=66770bef141c43a98a445c54a17720e2&extent=-73.5743,42.5413,-69.6852,45.4509","pfas_testing_link":"https://www4.des.state.nh.us/IISProxy/IISProxy.dll?ContentId=4757773","site_ref_link":"https://drive.google.com/drive/u/0/folders/1LV4Tlz6UQgqjWKOuJzyksATgKBC4uKpU","state_ref_link":"https://drive.google.com/drive/u/0/folders/1RsSKYaEE8jqAw7pH05tDHRflkjUL3t5H","ObjectId":102}},{"type":"Feature","id":114,"geometry":{"type":"Point","coordinates":[-70.831448,42.973371]},"properties":{"site_name":"Simply Green Bulk Facility","other_site_names":null,"state":"New Hampshire","industry":"Industry","matrix_type":"Groundwater","matrix":"Groundwater","year":2018,"pfoa":"110","pfos":"660","total_pfas":1638,"pfas_level":1638,"notes":null,"regulation_gvt_link":null,"resources_link":"https://www4.des.state.nh.us/DESOneStop/PRSDetail.aspx?ID=0038739&Type=PRS","suspected_source_link":"https://nhdes.maps.arcgis.com/apps/View/index.html?appid=66770bef141c43a98a445c54a17720e2&extent=-73.5743,42.5413,-69.6852,45.4509","pfas_testing_link":"https://www4.des.state.nh.us/IISProxy/IISProxy.dll?ContentId=4716376","site_ref_link":"https://drive.google.com/drive/u/0/folders/1_1HN8_yOamfk_AEc7E5nIqtIzBjB1bkT","state_ref_link":"https://drive.google.com/drive/u/0/folders/1RsSKYaEE8jqAw7pH05tDHRflkjUL3t5H","ObjectId":114}},{"type":"Feature","id":117,"geometry":{"type":"Point","coordinates":[-71.159508,43.013336]},"properties":{"site_name":"Raymond Landfill","other_site_names":null,"state":"New Hampshire","industry":"Landfill","matrix_type":"Groundwater","matrix":"Groundwater","year":2018,"pfoa":"230","pfos":"1,400","total_pfas":1708,"pfas_level":1708,"notes":"Received notice of non-compliance and extension for failing to submit PFAS data on time","regulation_gvt_link":null,"resources_link":"https://www4.des.state.nh.us/DESOneStop/PRSDetail.aspx?ID=0001869&Type=PRS","suspected_source_link":"https://nhdes.maps.arcgis.com/apps/View/index.html?appid=66770bef141c43a98a445c54a17720e2&extent=-73.5743,42.5413,-69.6852,45.4509","pfas_testing_link":"https://www4.des.state.nh.us/nh-pfas-investigation/wp-content/uploads/tables-pdf.pdf","site_ref_link":"https://drive.google.com/drive/u/0/folders/1oeYyMFRVtO8PSFm-mvSodwBhaxAVRCbx","state_ref_link":"https://drive.google.com/drive/u/0/folders/1RsSKYaEE8jqAw7pH05tDHRflkjUL3t5H","ObjectId":117}},{"type":"Feature","id":119,"geometry":{"type":"Point","coordinates":[-71.978735,42.979642]},"properties":{"site_name":"Hancock Landfill","other_site_names":null,"state":"New Hampshire","industry":"Landfill","matrix_type":"Groundwater","matrix":"Groundwater","year":2018,"pfoa":"140","pfos":"1,200","total_pfas":1821,"pfas_level":1821,"notes":null,"regulation_gvt_link":null,"resources_link":"https://www4.des.state.nh.us/DESOneStop/PRSDetail.aspx?ID=0000208&Type=PRS","suspected_source_link":"https://nhdes.maps.arcgis.com/apps/View/index.html?appid=66770bef141c43a98a445c54a17720e2&extent=-73.5743,42.5413,-69.6852,45.4509","pfas_testing_link":"https://www4.des.state.nh.us/IISProxy/IISProxy.dll?ContentId=4755452","site_ref_link":"https://drive.google.com/drive/u/1/folders/1lIH6ghXKGSSOuCe9uF5oSKHhkpNSwLNZ","state_ref_link":"https://drive.google.com/drive/u/0/folders/1RsSKYaEE8jqAw7pH05tDHRflkjUL3t5H","ObjectId":119}},{"type":"Feature","id":123,"geometry":{"type":"Point","coordinates":[-71.442645,42.982078]},"properties":{"site_name":"Alltex Uniform Rental Service Inc","other_site_names":null,"state":"New Hampshire","industry":"Industry","matrix_type":"Groundwater","matrix":"Groundwater","year":2018,"pfoa":"120","pfos":"1,800","total_pfas":null,"pfas_level":1920,"notes":null,"regulation_gvt_link":null,"resources_link":"https://www4.des.state.nh.us/DESOneStop/PRSDetail.aspx?ID=0003729&Type=PRS","suspected_source_link":"https://nhdes.maps.arcgis.com/apps/View/index.html?appid=66770bef141c43a98a445c54a17720e2&extent=-73.5743,42.5413,-69.6852,45.4509","pfas_testing_link":"https://www4.des.state.nh.us/IISProxy/IISProxy.dll?ContentId=4808462","site_ref_link":"https://drive.google.com/drive/u/0/folders/1X8h05zhBXf-S49P2ci2EttFBgCBBKDen","state_ref_link":"https://drive.google.com/drive/u/0/folders/1RsSKYaEE8jqAw7pH05tDHRflkjUL3t5H","ObjectId":123}},{"type":"Feature","id":129,"geometry":{"type":"Point","coordinates":[-72.025288,44.092138]},"properties":{"site_name":"Former Gary's Fuels","other_site_names":null,"state":"New Hampshire","industry":"Unknown","matrix_type":"Groundwater","matrix":"Groundwater","year":2018,"pfoa":"376","pfos":null,"total_pfas":2163,"pfas_level":2163,"notes":null,"regulation_gvt_link":null,"resources_link":"https://www4.des.state.nh.us/DESOneStop/PRSDetail.aspx?ID=0038737&Type=PRS","suspected_source_link":"https://nhdes.maps.arcgis.com/apps/View/index.html?appid=66770bef141c43a98a445c54a17720e2&extent=-73.5743,42.5413,-69.6852,45.4509","pfas_testing_link":"https://www4.des.state.nh.us/IISProxy/IISProxy.dll?ContentId=4723536","site_ref_link":"https://drive.google.com/drive/u/0/folders/1lPvB8IgF9p5K97bfg7VCcjeKGX3AVpHF","state_ref_link":"https://drive.google.com/drive/u/0/folders/1RsSKYaEE8jqAw7pH05tDHRflkjUL3t5H","ObjectId":129}},{"type":"Feature","id":130,"geometry":{"type":"Point","coordinates":[-70.816335,43.001277]},"properties":{"site_name":"Coakley Landfill","other_site_names":null,"state":"New Hampshire","industry":"Landfill","matrix_type":"Groundwater","matrix":"Groundwater","year":2018,"pfoa":"1,240","pfos":"56","total_pfas":2180,"pfas_level":2180,"notes":null,"regulation_gvt_link":null,"resources_link":"https://www4.des.state.nh.us/DESOneStop/PRSDetail.aspx?ID=0000431&Type=PRS","suspected_source_link":"https://nhdes.maps.arcgis.com/apps/View/index.html?appid=66770bef141c43a98a445c54a17720e2&extent=-73.5743,42.5413,-69.6852,45.4509","pfas_testing_link":"https://www4.des.state.nh.us/nh-pfas-investigation/wp-content/uploads/tables-pdf.pdf","site_ref_link":"https://drive.google.com/drive/u/0/folders/1qi3RM_KnePT6lMj78ZzYtZPzibqWU2j9","state_ref_link":"https://drive.google.com/drive/u/0/folders/1RsSKYaEE8jqAw7pH05tDHRflkjUL3t5H","ObjectId":130}},{"type":"Feature","id":139,"geometry":{"type":"Point","coordinates":[-71.601813,43.018895]},"properties":{"site_name":"14 Depot Street","other_site_names":null,"state":"New Hampshire","industry":"Unknown","matrix_type":"Groundwater","matrix":"Groundwater","year":2018,"pfoa":"130","pfos":"680","total_pfas":2666,"pfas_level":2666,"notes":null,"regulation_gvt_link":null,"resources_link":"https://www4.des.state.nh.us/DESOneStop/PRSDetail.aspx?ID=0037898&Type=PRS","suspected_source_link":"https://nhdes.maps.arcgis.com/apps/View/index.html?appid=66770bef141c43a98a445c54a17720e2&extent=-73.5743,42.5413,-69.6852,45.4509","pfas_testing_link":"https://www4.des.state.nh.us/IISProxy/IISProxy.dll?ContentId=4762241","site_ref_link":"https://drive.google.com/drive/u/1/folders/1yYV4wWx_JfngP7sE9Lvu2fr2u3XflKL0","state_ref_link":"https://drive.google.com/drive/u/0/folders/1RsSKYaEE8jqAw7pH05tDHRflkjUL3t5H","ObjectId":139}},{"type":"Feature","id":141,"geometry":{"type":"Point","coordinates":[-71.912218,42.784522]},"properties":{"site_name":"New Ipswich Landfill","other_site_names":null,"state":"New Hampshire","industry":"Landfill","matrix_type":"Groundwater","matrix":"Groundwater","year":2018,"pfoa":"719","pfos":"569","total_pfas":2782,"pfas_level":2782,"notes":null,"regulation_gvt_link":null,"resources_link":"https://www4.des.state.nh.us/DESOneStop/PRSDetail.aspx?ID=0000058&Type=PRS","suspected_source_link":"https://nhdes.maps.arcgis.com/apps/View/index.html?appid=66770bef141c43a98a445c54a17720e2&extent=-73.5743,42.5413,-69.6852,45.4509","pfas_testing_link":"https://www4.des.state.nh.us/IISProxy/IISProxy.dll?ContentId=4780468","site_ref_link":"https://drive.google.com/drive/u/1/folders/1_XGRMlQ1pM94F5yrROIso_kHzuh8vXtr","state_ref_link":"https://drive.google.com/drive/u/0/folders/1RsSKYaEE8jqAw7pH05tDHRflkjUL3t5H","ObjectId":141}},{"type":"Feature","id":179,"geometry":{"type":"Point","coordinates":[-71.609676,42.890624]},"properties":{"site_name":"Souhegan Landfill","other_site_names":null,"state":"New Hampshire","industry":"Landfill","matrix_type":"Groundwater","matrix":"Groundwater","year":2018,"pfoa":"2,600","pfos":"25","total_pfas":3877,"pfas_level":3877,"notes":null,"regulation_gvt_link":null,"resources_link":"https://www4.des.state.nh.us/DESOneStop/PRSDetail.aspx?ID=0000145&Type=PRS","suspected_source_link":"https://nhdes.maps.arcgis.com/apps/View/index.html?appid=66770bef141c43a98a445c54a17720e2&extent=-73.5743,42.5413,-69.6852,45.4509","pfas_testing_link":"https://www4.des.state.nh.us/IISProxy/IISProxy.dll?ContentId=4748156","site_ref_link":"https://drive.google.com/drive/u/1/folders/1d1Fg1SeM1LXwWAY0goyeqVgVAw0quykx","state_ref_link":"https://drive.google.com/drive/u/0/folders/1RsSKYaEE8jqAw7pH05tDHRflkjUL3t5H","ObjectId":179}},{"type":"Feature","id":207,"geometry":{"type":"Point","coordinates":[-72.259345,43.304293]},"properties":{"site_name":"Unity Municipal Landfill","other_site_names":null,"state":"New Hampshire","industry":"Landfill","matrix_type":"Groundwater","matrix":"Groundwater","year":2017,"pfoa":"3,700","pfos":"92","total_pfas":6697,"pfas_level":6697,"notes":null,"regulation_gvt_link":null,"resources_link":"https://www4.des.state.nh.us/DESOneStop/PRSDetail.aspx?ID=0000653&Type=PRS","suspected_source_link":"https://nhdes.maps.arcgis.com/apps/View/index.html?appid=66770bef141c43a98a445c54a17720e2&extent=-73.5743,42.5413,-69.6852,45.4509","pfas_testing_link":"https://www4.des.state.nh.us/IISProxy/IISProxy.dll?ContentId=4777065","site_ref_link":"https://drive.google.com/drive/u/0/folders/1Ao0uJonf-2Z9Clpld19cm-DWwGRADiRx","state_ref_link":"https://drive.google.com/drive/u/0/folders/1RsSKYaEE8jqAw7pH05tDHRflkjUL3t5H","ObjectId":207}},{"type":"Feature","id":208,"geometry":{"type":"Point","coordinates":[-70.835179,42.973762]},"properties":{"site_name":"North Hampton & Greenland","other_site_names":null,"state":"New Hampshire","industry":"Landfill","matrix_type":"Other Water","matrix":"Surface Water","year":2017,"pfoa":"1,240","pfos":"452","total_pfas":9000,"pfas_level":9000,"notes":"Dumping of PFAS-containing waste at Coakley Landfill and Pro-Wash Car Wash","regulation_gvt_link":"https://www.des.nh.gov/organization/divisions/waste/hwrb/fss/superfund/summaries/documents/coakley.pdf","resources_link":"https://www4.des.state.nh.us/nh-pfas-investigation/","suspected_source_link":"http://www.seacoastonline.com/news/20171002/lawmakers-seek-lower-pfc-advisory-level","pfas_testing_link":null,"site_ref_link":"https://drive.google.com/drive/u/1/folders/1u0GdecgBh7-ewzbdwMkLG-nuGJJUrBII","state_ref_link":"https://drive.google.com/drive/u/1/folders/1RsSKYaEE8jqAw7pH05tDHRflkjUL3t5H","ObjectId":208}},{"type":"Feature","id":217,"geometry":{"type":"Point","coordinates":[-70.992698,43.325626]},"properties":{"site_name":"Lyndall Performance Materials","other_site_names":null,"state":"New Hampshire","industry":"Industry","matrix_type":"Groundwater","matrix":"Groundwater","year":2017,"pfoa":"21,000","pfos":"9,500","total_pfas":28730,"pfas_level":28730,"notes":"Industrial wastes from Lydall Performance Materials, Inc. ","regulation_gvt_link":"N/A","resources_link":"https://www4.des.state.nh.us/nh-pfas-investigation/","suspected_source_link":"https://www.des.nh.gov/organization/commissioner/documents/pfoa-statewide-status-20170110.pdf","pfas_testing_link":"https://www4.des.state.nh.us/IISProxy/IISProxy.dll?ContentId=4788376","site_ref_link":"https://drive.google.com/drive/u/1/folders/1cwMFdshKadvh-5f8k8W2uqlQ7AKF0jjY","state_ref_link":"https://drive.google.com/drive/u/1/folders/1RsSKYaEE8jqAw7pH05tDHRflkjUL3t5H","ObjectId":217}},{"type":"Feature","id":277,"geometry":{"type":"Point","coordinates":[-72.181958,43.765141]},"properties":{"site_name":"Dartmouth Rennie Farm Site","other_site_names":null,"state":"New Hampshire","industry":"Industry","matrix_type":"Groundwater","matrix":"Groundwater","year":2018,"pfoa":null,"pfos":null,"total_pfas":2,"pfas_level":2,"notes":"Site formerly conaminated by industry https://www.vnews.com/Dartmouth-College-Rennie-Farm-update-testing-for-PFAS-ordered-by-DES-19036718 ","regulation_gvt_link":null,"resources_link":"https://www4.des.state.nh.us/DESOneStop/PRSDetail.aspx?ID=0027737&Type=PRS","suspected_source_link":"https://nhdes.maps.arcgis.com/apps/View/index.html?appid=66770bef141c43a98a445c54a17720e2&extent=-73.5743,42.5413,-69.6852,45.4509","pfas_testing_link":"https://www4.des.state.nh.us/IISProxy/IISProxy.dll?ContentId=4748179","site_ref_link":"https://drive.google.com/drive/u/0/folders/1R0hi_GzXVe1wgt3cn-0GoCTj5ZPZyFmG","state_ref_link":"https://drive.google.com/drive/u/0/folders/1RsSKYaEE8jqAw7pH05tDHRflkjUL3t5H","ObjectId":277}},{"type":"Feature","id":293,"geometry":{"type":"Point","coordinates":[-72.526446,42.818918]},"properties":{"site_name":"Continental Industries","other_site_names":null,"state":"New Hampshire","industry":"Industry","matrix_type":"Groundwater","matrix":"Groundwater","year":2018,"pfoa":"3","pfos":null,"total_pfas":null,"pfas_level":3,"notes":null,"regulation_gvt_link":null,"resources_link":"https://www4.des.state.nh.us/DESOneStop/PRSDetail.aspx?ID=0002883&Type=PRS","suspected_source_link":"https://nhdes.maps.arcgis.com/apps/View/index.html?appid=66770bef141c43a98a445c54a17720e2&extent=-73.5743,42.5413,-69.6852,45.4509","pfas_testing_link":"https://www4.des.state.nh.us/IISProxy/IISProxy.dll?ContentId=4716614","site_ref_link":"https://drive.google.com/drive/u/0/folders/1x0WWdzyuUQ-LPoEzElwZhPI8qhKEdSv5","state_ref_link":"https://drive.google.com/drive/u/0/folders/1RsSKYaEE8jqAw7pH05tDHRflkjUL3t5H","ObjectId":293}},{"type":"Feature","id":299,"geometry":{"type":"Point","coordinates":[-71.498881,43.572944]},"properties":{"site_name":"Laconia Landfill","other_site_names":null,"state":"New Hampshire","industry":"Landfill","matrix_type":"Groundwater","matrix":"Groundwater","year":2018,"pfoa":null,"pfos":null,"total_pfas":4,"pfas_level":4,"notes":null,"regulation_gvt_link":null,"resources_link":"https://www4.des.state.nh.us/DESOneStop/PRSDetail.aspx?ID=0000381&Type=PRS","suspected_source_link":"https://nhdes.maps.arcgis.com/apps/View/index.html?appid=66770bef141c43a98a445c54a17720e2&extent=-73.5743,42.5413,-69.6852,45.4509","pfas_testing_link":"https://www4.des.state.nh.us/IISProxy/IISProxy.dll?ContentId=4860791","site_ref_link":"https://drive.google.com/drive/u/0/folders/1a4aEePpLCg0BjVSl-aia3tsmeEnsLD1v","state_ref_link":"https://drive.google.com/drive/u/0/folders/1RsSKYaEE8jqAw7pH05tDHRflkjUL3t5H","ObjectId":299}},{"type":"Feature","id":302,"geometry":{"type":"Point","coordinates":[-71.065794,43.389652]},"properties":{"site_name":"Union Telephone Company","other_site_names":null,"state":"New Hampshire","industry":"Industry","matrix_type":"Groundwater","matrix":"Groundwater","year":2018,"pfoa":"16","pfos":"12","total_pfas":31,"pfas_level":31,"notes":null,"regulation_gvt_link":null,"resources_link":"https://www4.des.state.nh.us/DESOneStop/PRSDetail.aspx?ID=0022331&Type=PRS","suspected_source_link":"https://nhdes.maps.arcgis.com/apps/View/index.html?appid=66770bef141c43a98a445c54a17720e2&extent=-73.5743,42.5413,-69.6852,45.4509","pfas_testing_link":"https://www4.des.state.nh.us/nh-pfas-investigation/wp-content/uploads/tables-pdf.pdf","site_ref_link":"https://drive.google.com/drive/u/0/folders/1khz26HNpdxEamDdrEYp7C238dlyuvf4R","state_ref_link":"https://drive.google.com/drive/u/0/folders/1RsSKYaEE8jqAw7pH05tDHRflkjUL3t5H","ObjectId":302}},{"type":"Feature","id":303,"geometry":{"type":"Point","coordinates":[-71.770355,42.825165]},"properties":{"site_name":"Brookside Mini Mart","other_site_names":null,"state":"New Hampshire","industry":"Unknown","matrix_type":"Groundwater","matrix":"Groundwater","year":2018,"pfoa":"7","pfos":"13","total_pfas":32,"pfas_level":32,"notes":null,"regulation_gvt_link":null,"resources_link":"https://www4.des.state.nh.us/DESOneStop/PRSDetail.aspx?ID=0029010&Type=PRS","suspected_source_link":"https://nhdes.maps.arcgis.com/apps/View/index.html?appid=66770bef141c43a98a445c54a17720e2&extent=-73.5743,42.5413,-69.6852,45.4509","pfas_testing_link":"https://www4.des.state.nh.us/nh-pfas-investigation/wp-content/uploads/tables-pdf.pdf","site_ref_link":"https://drive.google.com/drive/u/0/folders/1v2No_n9F9DxAm6M7HQKFyzkDxp1B6ZRv","state_ref_link":"https://drive.google.com/drive/u/0/folders/1RsSKYaEE8jqAw7pH05tDHRflkjUL3t5H","ObjectId":303}},{"type":"Feature","id":307,"geometry":{"type":"Point","coordinates":[-70.899351,43.186748]},"properties":{"site_name":"Former Collins & Aikman TEG Facility","other_site_names":"Collins & Aikman Plant (Former)","state":"New Hampshire","industry":"Industry","matrix_type":"Groundwater","matrix":"Groundwater","year":2018,"pfoa":"4","pfos":"29","total_pfas":39,"pfas_level":39,"notes":null,"regulation_gvt_link":null,"resources_link":"https://www4.des.state.nh.us/DESOneStop/PRSDetail.aspx?ID=0013955&Type=PRS","suspected_source_link":"https://nhdes.maps.arcgis.com/apps/View/index.html?appid=66770bef141c43a98a445c54a17720e2&extent=-73.5743,42.5413,-69.6852,45.4509","pfas_testing_link":"https://www4.des.state.nh.us/IISProxy/IISProxy.dll?ContentId=4850175","site_ref_link":"https://drive.google.com/drive/u/0/folders/1mhJHEn07vZCheS4lfiy5g-ytPVD68dTu","state_ref_link":"https://drive.google.com/drive/u/0/folders/1RsSKYaEE8jqAw7pH05tDHRflkjUL3t5H","ObjectId":307}},{"type":"Feature","id":308,"geometry":{"type":"Point","coordinates":[-71.997335,43.43474]},"properties":{"site_name":"New London Stump Dump","other_site_names":null,"state":"New Hampshire","industry":"Landfill","matrix_type":"Groundwater","matrix":"Groundwater","year":2018,"pfoa":"9","pfos":"14","total_pfas":40,"pfas_level":40,"notes":null,"regulation_gvt_link":null,"resources_link":"https://www4.des.state.nh.us/DESOneStop/PRSDetail.aspx?ID=0000396&Type=PRS","suspected_source_link":"https://nhdes.maps.arcgis.com/apps/View/index.html?appid=66770bef141c43a98a445c54a17720e2&extent=-73.5743,42.5413,-69.6852,45.4509","pfas_testing_link":"https://www4.des.state.nh.us/IISProxy/IISProxy.dll?ContentId=4748173","site_ref_link":"https://drive.google.com/drive/u/0/folders/1_P7tsF9gCCcPB_2EltbsrAlG8HgRbj_K","state_ref_link":"https://drive.google.com/drive/u/0/folders/1RsSKYaEE8jqAw7pH05tDHRflkjUL3t5H","ObjectId":308}},{"type":"Feature","id":311,"geometry":{"type":"Point","coordinates":[-71.605266,43.019867]},"properties":{"site_name":"Goffstown DPW Garage","other_site_names":null,"state":"New Hampshire","industry":"Unknown","matrix_type":"Groundwater","matrix":"Groundwater","year":2018,"pfoa":"9","pfos":"3","total_pfas":41,"pfas_level":41,"notes":null,"regulation_gvt_link":null,"resources_link":"https://www4.des.state.nh.us/DESOneStop/PRSDetail.aspx?ID=0037414&Type=PRS","suspected_source_link":"https://nhdes.maps.arcgis.com/apps/View/index.html?appid=66770bef141c43a98a445c54a17720e2&extent=-73.5743,42.5413,-69.6852,45.4509","pfas_testing_link":"https://www4.des.state.nh.us/IISProxy/IISProxy.dll?ContentId=4736256","site_ref_link":"https://drive.google.com/drive/u/0/folders/1aFdGb-6tZN5pgr3ytHJbI157usmww53E","state_ref_link":"https://drive.google.com/drive/u/0/folders/1RsSKYaEE8jqAw7pH05tDHRflkjUL3t5H","ObjectId":311}},{"type":"Feature","id":318,"geometry":{"type":"Point","coordinates":[-71.153711,43.926772]},"properties":{"site_name":"Madison Landfill","other_site_names":null,"state":"New Hampshire","industry":"Landfill","matrix_type":"Groundwater","matrix":"Groundwater","year":2018,"pfoa":"3","pfos":null,"total_pfas":45,"pfas_level":45,"notes":null,"regulation_gvt_link":null,"resources_link":"https://www4.des.state.nh.us/DESOneStop/PRSDetail.aspx?ID=0000141&Type=PRS","suspected_source_link":"https://nhdes.maps.arcgis.com/apps/View/index.html?appid=66770bef141c43a98a445c54a17720e2&extent=-73.5743,42.5413,-69.6852,45.4509","pfas_testing_link":"https://www4.des.state.nh.us/IISProxy/IISProxy.dll?ContentId=4731085","site_ref_link":"https://drive.google.com/drive/u/0/folders/1eW6Q_TH5vVHWpcbv_PVVNiIjw--Aom1y","state_ref_link":"https://drive.google.com/drive/u/0/folders/1RsSKYaEE8jqAw7pH05tDHRflkjUL3t5H","ObjectId":318}},{"type":"Feature","id":320,"geometry":{"type":"Point","coordinates":[-71.446819,43.062856]},"properties":{"site_name":"GE Aviation","other_site_names":null,"state":"New Hampshire","industry":"Industry","matrix_type":"Groundwater","matrix":"Groundwater","year":2018,"pfoa":"11","pfos":"9","total_pfas":46,"pfas_level":46,"notes":null,"regulation_gvt_link":null,"resources_link":"https://www4.des.state.nh.us/DESOneStop/PRSDetail.aspx?ID=0000370&Type=PRS","suspected_source_link":"https://nhdes.maps.arcgis.com/apps/View/index.html?appid=66770bef141c43a98a445c54a17720e2&extent=-73.5743,42.5413,-69.6852,45.4509","pfas_testing_link":"https://www4.des.state.nh.us/IISProxy/IISProxy.dll?ContentId=4749695","site_ref_link":"https://drive.google.com/drive/u/0/folders/1aF7GDUHlXK_CtoIsbEd_82gb0RwnBPx-","state_ref_link":"https://drive.google.com/drive/u/0/folders/1RsSKYaEE8jqAw7pH05tDHRflkjUL3t5H","ObjectId":320}},{"type":"Feature","id":322,"geometry":{"type":"Point","coordinates":[-72.072837,43.156625]},"properties":{"site_name":"Washington Landfill","other_site_names":null,"state":"New Hampshire","industry":"Landfill","matrix_type":"Groundwater","matrix":"Groundwater","year":2018,"pfoa":"14","pfos":"28","total_pfas":47,"pfas_level":47,"notes":null,"regulation_gvt_link":null,"resources_link":"https://www4.des.state.nh.us/DESOneStop/PRSDetail.aspx?ID=0000590&Type=PRS","suspected_source_link":"https://nhdes.maps.arcgis.com/apps/View/index.html?appid=66770bef141c43a98a445c54a17720e2&extent=-73.5743,42.5413,-69.6852,45.4509","pfas_testing_link":"https://www4.des.state.nh.us/IISProxy/IISProxy.dll?ContentId=4747593","site_ref_link":"https://drive.google.com/drive/u/0/folders/1WLM5SMBwB-RCdauk7IH_DsX8qQjrqwE7","state_ref_link":"https://drive.google.com/drive/u/0/folders/1RsSKYaEE8jqAw7pH05tDHRflkjUL3t5H","ObjectId":322}},{"type":"Feature","id":324,"geometry":{"type":"Point","coordinates":[-72.482969,42.772161]},"properties":{"site_name":"Hinsdale Products Landfill","other_site_names":null,"state":"New Hampshire","industry":"Landfill","matrix_type":"Groundwater","matrix":"Groundwater","year":2018,"pfoa":"19","pfos":null,"total_pfas":48,"pfas_level":48,"notes":null,"regulation_gvt_link":null,"resources_link":"https://www4.des.state.nh.us/DESOneStop/PRSDetail.aspx?ID=0000036&Type=PRS","suspected_source_link":"https://nhdes.maps.arcgis.com/apps/View/index.html?appid=66770bef141c43a98a445c54a17720e2&extent=-73.5743,42.5413,-69.6852,45.4509","pfas_testing_link":"https://www4.des.state.nh.us/IISProxy/IISProxy.dll?ContentId=4740760","site_ref_link":"https://drive.google.com/drive/u/0/folders/1TXnCPuuoyym1fkiuC6TMo3NG_NxnsBso","state_ref_link":"https://drive.google.com/drive/u/0/folders/1RsSKYaEE8jqAw7pH05tDHRflkjUL3t5H","ObjectId":324}},{"type":"Feature","id":325,"geometry":{"type":"Point","coordinates":[-70.866524,42.892641]},"properties":{"site_name":"DDR Seabrook","other_site_names":null,"state":"New Hampshire","industry":"Unknown","matrix_type":"Groundwater","matrix":"Groundwater","year":2018,"pfoa":"5","pfos":"2","total_pfas":49,"pfas_level":49,"notes":null,"regulation_gvt_link":null,"resources_link":"https://www4.des.state.nh.us/DESOneStop/PRSDetail.aspx?ID=0014814&Type=PRS","suspected_source_link":"https://nhdes.maps.arcgis.com/apps/View/index.html?appid=66770bef141c43a98a445c54a17720e2&extent=-73.5743,42.5413,-69.6852,45.4509","pfas_testing_link":"https://www4.des.state.nh.us/IISProxy/IISProxy.dll?ContentId=4755438","site_ref_link":"https://drive.google.com/drive/u/0/folders/1stpHCvf4GxqfWCSZZI8uCkmrZ2pWcg5S","state_ref_link":"https://drive.google.com/drive/u/0/folders/1RsSKYaEE8jqAw7pH05tDHRflkjUL3t5H","ObjectId":325}},{"type":"Feature","id":329,"geometry":{"type":"Point","coordinates":[-71.127339,43.272214]},"properties":{"site_name":"Center Strafford Training Site","other_site_names":null,"state":"New Hampshire","industry":"Military","matrix_type":"Groundwater","matrix":"Groundwater","year":2018,"pfoa":"10","pfos":"6","total_pfas":51,"pfas_level":51,"notes":null,"regulation_gvt_link":null,"resources_link":"https://www4.des.state.nh.us/nh-pfas-investigation/","suspected_source_link":"https://drive.google.com/file/d/1g1t60FsMLcfluvkLqorqlbsHnkF_rNZw/view?usp=sharing","pfas_testing_link":"https://drive.google.com/file/d/1g1t60FsMLcfluvkLqorqlbsHnkF_rNZw/view?usp=sharing","site_ref_link":null,"state_ref_link":"https://drive.google.com/drive/u/0/folders/1RsSKYaEE8jqAw7pH05tDHRflkjUL3t5H","ObjectId":329}},{"type":"Feature","id":330,"geometry":{"type":"Point","coordinates":[-71.458174,43.132205]},"properties":{"site_name":"Pembroke Landfill","other_site_names":null,"state":"New Hampshire","industry":"Landfill","matrix_type":"Groundwater","matrix":"Groundwater","year":2018,"pfoa":"15","pfos":"20","total_pfas":51,"pfas_level":51,"notes":null,"regulation_gvt_link":null,"resources_link":"https://www4.des.state.nh.us/DESOneStop/PRSDetail.aspx?ID=0002598&Type=PRS","suspected_source_link":"https://nhdes.maps.arcgis.com/apps/View/index.html?appid=66770bef141c43a98a445c54a17720e2&extent=-73.5743,42.5413,-69.6852,45.4509","pfas_testing_link":"https://www4.des.state.nh.us/IISProxy/IISProxy.dll?ContentId=4767090","site_ref_link":"https://drive.google.com/drive/u/0/folders/1Zx2lX2-k_X0EICU-2Bf10jVk52dGhsB4","state_ref_link":"https://drive.google.com/drive/u/0/folders/1RsSKYaEE8jqAw7pH05tDHRflkjUL3t5H","ObjectId":330}},{"type":"Feature","id":332,"geometry":{"type":"Point","coordinates":[-71.439783,42.714698]},"properties":{"site_name":"Hampshire Chemical Corp","other_site_names":null,"state":"New Hampshire","industry":"Industry","matrix_type":"Groundwater","matrix":"Groundwater","year":2018,"pfoa":"28","pfos":"26","total_pfas":null,"pfas_level":52,"notes":null,"regulation_gvt_link":null,"resources_link":"https://www4.des.state.nh.us/DESOneStop/PRSDetail.aspx?ID=0000142&Type=PRS","suspected_source_link":"https://nhdes.maps.arcgis.com/apps/View/index.html?appid=66770bef141c43a98a445c54a17720e2&extent=-73.5743,42.5413,-69.6852,45.4509","pfas_testing_link":"https://www4.des.state.nh.us/IISProxy/IISProxy.dll?ContentId=4788376","site_ref_link":"https://drive.google.com/drive/u/0/folders/12TVu1XrkqUNVwnmLA99j17EHfk8EkmrF","state_ref_link":"https://drive.google.com/drive/u/0/folders/1RsSKYaEE8jqAw7pH05tDHRflkjUL3t5H","ObjectId":332}},{"type":"Feature","id":337,"geometry":{"type":"Point","coordinates":[-71.775032,43.160912]},"properties":{"site_name":"Henniker Landfill","other_site_names":null,"state":"New Hampshire","industry":"Landfill","matrix_type":"Groundwater","matrix":"Groundwater","year":2018,"pfoa":null,"pfos":"55","total_pfas":null,"pfas_level":55,"notes":null,"regulation_gvt_link":null,"resources_link":"https://www4.des.state.nh.us/DESOneStop/PRSDetail.aspx?ID=0000034&Type=PRS","suspected_source_link":"https://nhdes.maps.arcgis.com/apps/View/index.html?appid=66770bef141c43a98a445c54a17720e2&extent=-73.5743,42.5413,-69.6852,45.4509","pfas_testing_link":"https://www4.des.state.nh.us/IISProxy/IISProxy.dll?ContentId=4726609","site_ref_link":"https://drive.google.com/drive/u/0/folders/1n_KVK5aIrpyJ_huKhuYsXvHrmPawjPZI","state_ref_link":"https://drive.google.com/drive/u/0/folders/1RsSKYaEE8jqAw7pH05tDHRflkjUL3t5H","ObjectId":337}},{"type":"Feature","id":340,"geometry":{"type":"Point","coordinates":[-71.525469,43.17673]},"properties":{"site_name":"Former Graphic Packaging International","other_site_names":null,"state":"New Hampshire","industry":"Industry","matrix_type":"Groundwater","matrix":"Groundwater","year":2018,"pfoa":"8","pfos":"5","total_pfas":57,"pfas_level":57,"notes":null,"regulation_gvt_link":null,"resources_link":"https://www4.des.state.nh.us/DESOneStop/PRSDetail.aspx?ID=0000336&Type=PRS","suspected_source_link":"https://nhdes.maps.arcgis.com/apps/View/index.html?appid=66770bef141c43a98a445c54a17720e2&extent=-73.5743,42.5413,-69.6852,45.4509","pfas_testing_link":"https://www4.des.state.nh.us/IISProxy/IISProxy.dll?ContentId=4749162","site_ref_link":"https://drive.google.com/drive/u/0/folders/1iRyewWrzQy58FxmoWZPJAyyTKIQBYWms","state_ref_link":"https://drive.google.com/drive/u/0/folders/1RsSKYaEE8jqAw7pH05tDHRflkjUL3t5H","ObjectId":340}},{"type":"Feature","id":341,"geometry":{"type":"Point","coordinates":[-70.875274,43.267758]},"properties":{"site_name":"Lamprey Regional Solid Waste Cooperative","other_site_names":null,"state":"New Hampshire","industry":"Landfill","matrix_type":"Groundwater","matrix":"Groundwater","year":2018,"pfoa":"16","pfos":"6","total_pfas":57,"pfas_level":57,"notes":null,"regulation_gvt_link":null,"resources_link":"https://www4.des.state.nh.us/DESOneStop/PRSDetail.aspx?ID=0000101&Type=PRS","suspected_source_link":"https://nhdes.maps.arcgis.com/apps/View/index.html?appid=66770bef141c43a98a445c54a17720e2&extent=-73.5743,42.5413,-69.6852,45.4509","pfas_testing_link":"https://www4.des.state.nh.us/nh-pfas-investigation/wp-content/uploads/tables-pdf.pdf","site_ref_link":"https://drive.google.com/drive/u/0/folders/1wzCCuUQYDSUO7r-7I1A5hnMoxJ_-Z2Tu","state_ref_link":"https://drive.google.com/drive/u/0/folders/1RsSKYaEE8jqAw7pH05tDHRflkjUL3t5H","ObjectId":341}},{"type":"Feature","id":342,"geometry":{"type":"Point","coordinates":[-71.657681,43.498829]},"properties":{"site_name":"Sanbornton Landfill","other_site_names":null,"state":"New Hampshire","industry":"Landfill","matrix_type":"Groundwater","matrix":"Groundwater","year":2018,"pfoa":"12","pfos":null,"total_pfas":57,"pfas_level":57,"notes":null,"regulation_gvt_link":null,"resources_link":"https://www4.des.state.nh.us/DESOneStop/PRSDetail.aspx?ID=0000095&Type=PRS","suspected_source_link":"https://nhdes.maps.arcgis.com/apps/View/index.html?appid=66770bef141c43a98a445c54a17720e2&extent=-73.5743,42.5413,-69.6852,45.4509","pfas_testing_link":"https://www4.des.state.nh.us/IISProxy/IISProxy.dll?ContentId=4817021","site_ref_link":"https://drive.google.com/drive/u/0/folders/1p5AxtXKNXCfx95_PUY2n3GY5KR-gkQPe","state_ref_link":"https://drive.google.com/drive/u/0/folders/1RsSKYaEE8jqAw7pH05tDHRflkjUL3t5H","ObjectId":342}},{"type":"Feature","id":346,"geometry":{"type":"Point","coordinates":[-70.978074,43.274169]},"properties":{"site_name":"Gonic Mill","other_site_names":null,"state":"New Hampshire","industry":"Industry","matrix_type":"Groundwater","matrix":"Groundwater","year":2018,"pfoa":"12","pfos":"17","total_pfas":60,"pfas_level":60,"notes":null,"regulation_gvt_link":null,"resources_link":"https://www4.des.state.nh.us/DESOneStop/PRSDetail.aspx?ID=0002036&Type=PRS","suspected_source_link":"https://nhdes.maps.arcgis.com/apps/View/index.html?appid=66770bef141c43a98a445c54a17720e2&extent=-73.5743,42.5413,-69.6852,45.4509","pfas_testing_link":"https://www4.des.state.nh.us/IISProxy/IISProxy.dll?ContentId=4748573","site_ref_link":"https://drive.google.com/drive/u/0/folders/1GlsvpBSfoW9mEL2oaUrqTYZD9UaTwivc","state_ref_link":"https://drive.google.com/drive/u/0/folders/1RsSKYaEE8jqAw7pH05tDHRflkjUL3t5H","ObjectId":346}},{"type":"Feature","id":347,"geometry":{"type":"Point","coordinates":[-72.271631,42.945647]},"properties":{"site_name":"People's Laundry Facility","other_site_names":null,"state":"New Hampshire","industry":"Industry","matrix_type":"Groundwater","matrix":"Groundwater","year":2018,"pfoa":"12","pfos":"23","total_pfas":60,"pfas_level":60,"notes":null,"regulation_gvt_link":null,"resources_link":"https://www4.des.state.nh.us/DESOneStop/PRSDetail.aspx?ID=0025061&Type=PRS","suspected_source_link":"https://nhdes.maps.arcgis.com/apps/View/index.html?appid=66770bef141c43a98a445c54a17720e2&extent=-73.5743,42.5413,-69.6852,45.4509","pfas_testing_link":"https://www4.des.state.nh.us/IISProxy/IISProxy.dll?ContentId=4763825","site_ref_link":"https://drive.google.com/drive/u/0/folders/1VwAQcyeInZ2Ro3ZtD4SJCiphF1Z_54xD","state_ref_link":"https://drive.google.com/drive/u/0/folders/1RsSKYaEE8jqAw7pH05tDHRflkjUL3t5H","ObjectId":347}},{"type":"Feature","id":348,"geometry":{"type":"Point","coordinates":[-72.336602,43.374353]},"properties":{"site_name":"North Street and Washington Street Area","other_site_names":null,"state":"New Hampshire","industry":"Unknown","matrix_type":"Groundwater","matrix":"Groundwater","year":2018,"pfoa":"9","pfos":"43","total_pfas":60,"pfas_level":60,"notes":null,"regulation_gvt_link":null,"resources_link":"https://www4.des.state.nh.us/DESOneStop/PRSDetail.aspx?ID=0038616&Type=PRS","suspected_source_link":"https://nhdes.maps.arcgis.com/apps/View/index.html?appid=66770bef141c43a98a445c54a17720e2&extent=-73.5743,42.5413,-69.6852,45.4509","pfas_testing_link":"https://www4.des.state.nh.us/IISProxy/IISProxy.dll?ContentId=4766285","site_ref_link":"https://drive.google.com/drive/u/0/folders/1AmqyJW7HdOZRE9xtNvNeIGfm4RqbWnRs","state_ref_link":"https://drive.google.com/drive/u/0/folders/1RsSKYaEE8jqAw7pH05tDHRflkjUL3t5H","ObjectId":348}},{"type":"Feature","id":350,"geometry":{"type":"Point","coordinates":[-71.485847,43.191582]},"properties":{"site_name":"New Hampshire National Guard Training Site","other_site_names":"NH National Guard Army Pembroke Regional Training Institute","state":"New Hampshire","industry":"Military","matrix_type":"Other Water","matrix":"Drinking Water","year":2018,"pfoa":"10","pfos":"6","total_pfas":61,"pfas_level":61,"notes":null,"regulation_gvt_link":null,"resources_link":null,"suspected_source_link":"https://drive.google.com/file/d/1g1t60FsMLcfluvkLqorqlbsHnkF_rNZw/view?usp=sharing","pfas_testing_link":"https://drive.google.com/file/d/1g1t60FsMLcfluvkLqorqlbsHnkF_rNZw/view?usp=sharing","site_ref_link":"https://drive.google.com/drive/u/0/folders/17vc5JX3Gvo92Bih-kg-GABnBbExIJhXg","state_ref_link":"https://drive.google.com/drive/u/1/folders/1RsSKYaEE8jqAw7pH05tDHRflkjUL3t5H","ObjectId":350}},{"type":"Feature","id":354,"geometry":{"type":"Point","coordinates":[-70.840285,43.229638]},"properties":{"site_name":"Rowell and Watson","other_site_names":null,"state":"New Hampshire","industry":"Unknown","matrix_type":"Groundwater","matrix":"Groundwater","year":2018,"pfoa":"8","pfos":"4","total_pfas":66,"pfas_level":66,"notes":null,"regulation_gvt_link":null,"resources_link":"https://www4.des.state.nh.us/DESOneStop/PRSDetail.aspx?ID=0008871&Type=PRS","suspected_source_link":"https://nhdes.maps.arcgis.com/apps/View/index.html?appid=66770bef141c43a98a445c54a17720e2&extent=-73.5743,42.5413,-69.6852,45.4509","pfas_testing_link":"https://www4.des.state.nh.us/IISProxy/IISProxy.dll?ContentId=4759415","site_ref_link":"https://drive.google.com/drive/u/0/folders/10K-KZfRVL_OzbbMamNOvkN2S2Ctd3YhO","state_ref_link":"https://drive.google.com/drive/u/0/folders/1RsSKYaEE8jqAw7pH05tDHRflkjUL3t5H","ObjectId":354}},{"type":"Feature","id":356,"geometry":{"type":"Point","coordinates":[-71.491713,42.738368]},"properties":{"site_name":"Former ACT","other_site_names":null,"state":"New Hampshire","industry":"Unknown","matrix_type":"Groundwater","matrix":"Groundwater","year":2018,"pfoa":"14","pfos":"37","total_pfas":66,"pfas_level":66,"notes":null,"regulation_gvt_link":null,"resources_link":"https://www4.des.state.nh.us/DESOneStop/PRSDetail.aspx?ID=0001774&Type=PRS","suspected_source_link":"https://nhdes.maps.arcgis.com/apps/View/index.html?appid=66770bef141c43a98a445c54a17720e2&extent=-73.5743,42.5413,-69.6852,45.4509","pfas_testing_link":"https://www4.des.state.nh.us/IISProxy/IISProxy.dll?ContentId=4743984","site_ref_link":"https://drive.google.com/drive/u/0/folders/1tSVtIovUn-dWSXGcEM2LHrAWUS9yd3FC","state_ref_link":"https://drive.google.com/drive/u/0/folders/1RsSKYaEE8jqAw7pH05tDHRflkjUL3t5H","ObjectId":356}},{"type":"Feature","id":357,"geometry":{"type":"Point","coordinates":[-71.320977,43.302277]},"properties":{"site_name":"Freese Properties","other_site_names":null,"state":"New Hampshire","industry":"Unknown","matrix_type":"Groundwater","matrix":"Groundwater","year":2018,"pfoa":"25","pfos":"29","total_pfas":68,"pfas_level":68,"notes":null,"regulation_gvt_link":null,"resources_link":"https://www4.des.state.nh.us/DESOneStop/PRSDetail.aspx?ID=0037550&Type=PRS","suspected_source_link":"https://nhdes.maps.arcgis.com/apps/View/index.html?appid=66770bef141c43a98a445c54a17720e2&extent=-73.5743,42.5413,-69.6852,45.4509","pfas_testing_link":"https://www4.des.state.nh.us/IISProxy/IISProxy.dll?ContentId=4781639","site_ref_link":"https://drive.google.com/drive/u/0/folders/1Is-JopByOZ8MZQTvFEFqozTxZp-UAuiI","state_ref_link":"https://drive.google.com/drive/u/0/folders/1RsSKYaEE8jqAw7pH05tDHRflkjUL3t5H","ObjectId":357}},{"type":"Feature","id":363,"geometry":{"type":"Point","coordinates":[-72.191472,42.914158]},"properties":{"site_name":"Marlborough Landfill","other_site_names":null,"state":"New Hampshire","industry":"Landfill","matrix_type":"Groundwater","matrix":"Groundwater","year":2018,"pfoa":"28","pfos":"34","total_pfas":71,"pfas_level":71,"notes":null,"regulation_gvt_link":null,"resources_link":"https://www4.des.state.nh.us/DESOneStop/PRSDetail.aspx?ID=0000051&Type=PRS","suspected_source_link":"https://nhdes.maps.arcgis.com/apps/View/index.html?appid=66770bef141c43a98a445c54a17720e2&extent=-73.5743,42.5413,-69.6852,45.4509","pfas_testing_link":"https://www4.des.state.nh.us/nh-pfas-investigation/wp-content/uploads/tables-pdf.pdf","site_ref_link":"https://drive.google.com/drive/u/0/folders/1XsoyeNi-9vhUUd5S11-RF8nC9a_oHLxK","state_ref_link":"https://drive.google.com/drive/u/0/folders/1RsSKYaEE8jqAw7pH05tDHRflkjUL3t5H","ObjectId":363}},{"type":"Feature","id":370,"geometry":{"type":"Point","coordinates":[-71.450158,43.512603]},"properties":{"site_name":"Former Burn Dump","other_site_names":null,"state":"New Hampshire","industry":"Waste","matrix_type":"Groundwater","matrix":"Groundwater","year":2018,"pfoa":"7","pfos":"5","total_pfas":82,"pfas_level":82,"notes":null,"regulation_gvt_link":null,"resources_link":"https://www4.des.state.nh.us/DESOneStop/PRSDetail.aspx?ID=0013055&Type=PRS","suspected_source_link":"https://nhdes.maps.arcgis.com/apps/View/index.html?appid=66770bef141c43a98a445c54a17720e2&extent=-73.5743,42.5413,-69.6852,45.4509","pfas_testing_link":"https://www4.des.state.nh.us/IISProxy/IISProxy.dll?ContentId=4756005","site_ref_link":"https://drive.google.com/drive/u/0/folders/19OCwHREcH4Ii8cf6R0EWJWjKNx9Tw4G3","state_ref_link":"https://drive.google.com/drive/u/0/folders/1RsSKYaEE8jqAw7pH05tDHRflkjUL3t5H","ObjectId":370}},{"type":"Feature","id":372,"geometry":{"type":"Point","coordinates":[-71.006085,43.148284]},"properties":{"site_name":"Lee Circle Mobil","other_site_names":null,"state":"New Hampshire","industry":"Industry","matrix_type":"Groundwater","matrix":"Groundwater","year":2018,"pfoa":"28","pfos":"38","total_pfas":84,"pfas_level":84,"notes":null,"regulation_gvt_link":null,"resources_link":"https://www4.des.state.nh.us/DESOneStop/PRSDetail.aspx?ID=0003606&Type=PRS","suspected_source_link":"https://nhdes.maps.arcgis.com/apps/View/index.html?appid=66770bef141c43a98a445c54a17720e2&extent=-73.5743,42.5413,-69.6852,45.4509","pfas_testing_link":"https://www4.des.state.nh.us/IISProxy/IISProxy.dll?ContentId=4761878","site_ref_link":"https://drive.google.com/drive/u/0/folders/1A8YMU99TPaYTHP2Jrbz7motue8ORqFA5","state_ref_link":"https://drive.google.com/drive/u/0/folders/1RsSKYaEE8jqAw7pH05tDHRflkjUL3t5H","ObjectId":372}},{"type":"Feature","id":375,"geometry":{"type":"Point","coordinates":[-71.990594,42.817956]},"properties":{"site_name":"Jaffrey Landfill and Wastewater Treatment Plant","other_site_names":null,"state":"New Hampshire","industry":"Landfill","matrix_type":"Groundwater","matrix":"Groundwater","year":2018,"pfoa":"21","pfos":"26","total_pfas":85,"pfas_level":85,"notes":null,"regulation_gvt_link":null,"resources_link":"https://www4.des.state.nh.us/DESOneStop/PRSDetail.aspx?ID=0000156&Type=PRS","suspected_source_link":"https://nhdes.maps.arcgis.com/apps/View/index.html?appid=66770bef141c43a98a445c54a17720e2&extent=-73.5743,42.5413,-69.6852,45.4509","pfas_testing_link":"https://www4.des.state.nh.us/IISProxy/IISProxy.dll?ContentId=4758751","site_ref_link":"https://drive.google.com/drive/u/0/folders/1F_d--m_5xGTArNZRwIPUomUV5iIsXoja","state_ref_link":"https://drive.google.com/drive/u/0/folders/1RsSKYaEE8jqAw7pH05tDHRflkjUL3t5H","ObjectId":375}},{"type":"Feature","id":380,"geometry":{"type":"Point","coordinates":[-71.630147,43.693718]},"properties":{"site_name":"Former L.W. Packard Mill","other_site_names":null,"state":"New Hampshire","industry":"Industry","matrix_type":"Groundwater","matrix":"Groundwater","year":2018,"pfoa":"44","pfos":"12","total_pfas":91,"pfas_level":91,"notes":null,"regulation_gvt_link":null,"resources_link":"https://www4.des.state.nh.us/DESOneStop/PRSDetail.aspx?ID=0034995&Type=PRS","suspected_source_link":"https://nhdes.maps.arcgis.com/apps/View/index.html?appid=66770bef141c43a98a445c54a17720e2&extent=-73.5743,42.5413,-69.6852,45.4509","pfas_testing_link":"https://www4.des.state.nh.us/IISProxy/IISProxy.dll?ContentId=4727256","site_ref_link":"https://drive.google.com/drive/u/0/folders/1Pw7TVstyhaUKKQ929a2RNEFeW3cFF0qP","state_ref_link":"https://drive.google.com/drive/u/0/folders/1RsSKYaEE8jqAw7pH05tDHRflkjUL3t5H","ObjectId":380}},{"type":"Feature","id":381,"geometry":{"type":"Point","coordinates":[-71.488838,42.751838]},"properties":{"site_name":"Bronze Craft","other_site_names":null,"state":"New Hampshire","industry":"Industry","matrix_type":"Groundwater","matrix":"Groundwater","year":2018,"pfoa":"19","pfos":"5","total_pfas":93,"pfas_level":93,"notes":null,"regulation_gvt_link":null,"resources_link":"https://www4.des.state.nh.us/DESOneStop/PRSDetail.aspx?ID=0013305&Type=PRS","suspected_source_link":"https://nhdes.maps.arcgis.com/apps/View/index.html?appid=66770bef141c43a98a445c54a17720e2&extent=-73.5743,42.5413,-69.6852,45.4509","pfas_testing_link":"https://www4.des.state.nh.us/IISProxy/IISProxy.dll?ContentId=4788376","site_ref_link":"https://drive.google.com/drive/u/0/folders/10qE0hQX21yRCtZJFOYWwUn_UNHfFAgaB","state_ref_link":"https://drive.google.com/drive/u/0/folders/1RsSKYaEE8jqAw7pH05tDHRflkjUL3t5H","ObjectId":381}},{"type":"Feature","id":382,"geometry":{"type":"Point","coordinates":[-71.410064,42.740985]},"properties":{"site_name":"Burns Hill Road Landfill","other_site_names":null,"state":"New Hampshire","industry":"Landfill","matrix_type":"Groundwater","matrix":"Groundwater","year":2018,"pfoa":"64","pfos":"29","total_pfas":96,"pfas_level":96,"notes":null,"regulation_gvt_link":null,"resources_link":"https://www4.des.state.nh.us/DESOneStop/PRSDetail.aspx?ID=0003120&Type=PRS","suspected_source_link":"https://nhdes.maps.arcgis.com/apps/View/index.html?appid=66770bef141c43a98a445c54a17720e2&extent=-73.5743,42.5413,-69.6852,45.4509","pfas_testing_link":"https://www4.des.state.nh.us/nh-pfas-investigation/wp-content/uploads/tables-pdf.pdf","site_ref_link":"https://drive.google.com/drive/u/0/folders/1hLeUpk0ZQJJmu6FBTzlsrrHZF-vXM8Nk","state_ref_link":"https://drive.google.com/drive/u/0/folders/1RsSKYaEE8jqAw7pH05tDHRflkjUL3t5H","ObjectId":382}},{"type":"Feature","id":384,"geometry":{"type":"Point","coordinates":[-70.785887,43.033096]},"properties":{"site_name":"Former Bournival Kia Site","other_site_names":null,"state":"New Hampshire","industry":"Industry","matrix_type":"Groundwater","matrix":"Groundwater","year":2018,"pfoa":"17","pfos":"25","total_pfas":98,"pfas_level":98,"notes":null,"regulation_gvt_link":null,"resources_link":"https://www4.des.state.nh.us/DESOneStop/PRSDetail.aspx?ID=0025065&Type=PRS","suspected_source_link":"https://nhdes.maps.arcgis.com/apps/View/index.html?appid=66770bef141c43a98a445c54a17720e2&extent=-73.5743,42.5413,-69.6852,45.4509","pfas_testing_link":"https://www4.des.state.nh.us/IISProxy/IISProxy.dll?ContentId=4788376","site_ref_link":"https://drive.google.com/drive/u/0/folders/1QkWShGjmt22M1Cxb2Vgzc0HwlqoNJbIp","state_ref_link":"https://drive.google.com/drive/u/0/folders/1RsSKYaEE8jqAw7pH05tDHRflkjUL3t5H","ObjectId":384}},{"type":"Feature","id":388,"geometry":{"type":"Point","coordinates":[-71.540611,43.4795]},"properties":{"site_name":"Former Fluffy's Convenience Store","other_site_names":null,"state":"New Hampshire","industry":"Unknown","matrix_type":"Groundwater","matrix":"Groundwater","year":2018,"pfoa":"2","pfos":"5","total_pfas":103,"pfas_level":103,"notes":null,"regulation_gvt_link":null,"resources_link":"https://www4.des.state.nh.us/DESOneStop/PRSDetail.aspx?ID=0001473&Type=PRS","suspected_source_link":"https://nhdes.maps.arcgis.com/apps/View/index.html?appid=66770bef141c43a98a445c54a17720e2&extent=-73.5743,42.5413,-69.6852,45.4509","pfas_testing_link":"https://www4.des.state.nh.us/IISProxy/IISProxy.dll?ContentId=4746254","site_ref_link":"https://drive.google.com/drive/u/0/folders/1vi0diCv9duOddK1pMaWpC9nQEFr3_rCW","state_ref_link":"https://drive.google.com/drive/u/0/folders/1RsSKYaEE8jqAw7pH05tDHRflkjUL3t5H","ObjectId":388}},{"type":"Feature","id":392,"geometry":{"type":"Point","coordinates":[-71.431513,42.921562]},"properties":{"site_name":"Flight One","other_site_names":null,"state":"New Hampshire","industry":"Unknown","matrix_type":"Groundwater","matrix":"Groundwater","year":2018,"pfoa":"52","pfos":"17","total_pfas":110,"pfas_level":110,"notes":null,"regulation_gvt_link":null,"resources_link":"https://www4.des.state.nh.us/DESOneStop/PRSDetail.aspx?ID=0000500&Type=PRS","suspected_source_link":"https://nhdes.maps.arcgis.com/apps/View/index.html?appid=66770bef141c43a98a445c54a17720e2&extent=-73.5743,42.5413,-69.6852,45.4509","pfas_testing_link":"https://www4.des.state.nh.us/IISProxy/IISProxy.dll?ContentId=4802047","site_ref_link":"https://drive.google.com/drive/u/0/folders/1mkTnNCmoAVvGIZUehZgY607BM6FDoJTC","state_ref_link":"https://drive.google.com/drive/u/0/folders/1RsSKYaEE8jqAw7pH05tDHRflkjUL3t5H","ObjectId":392}},{"type":"Feature","id":395,"geometry":{"type":"Point","coordinates":[-70.835547,42.944666]},"properties":{"site_name":"Hampton Foreign Auto","other_site_names":null,"state":"New Hampshire","industry":"Industry","matrix_type":"Groundwater","matrix":"Groundwater","year":2018,"pfoa":"22","pfos":"52","total_pfas":114,"pfas_level":114,"notes":null,"regulation_gvt_link":null,"resources_link":"https://www4.des.state.nh.us/DESOneStop/PRSDetail.aspx?ID=0010364&Type=PRS","suspected_source_link":"https://nhdes.maps.arcgis.com/apps/View/index.html?appid=66770bef141c43a98a445c54a17720e2&extent=-73.5743,42.5413,-69.6852,45.4509","pfas_testing_link":"https://www4.des.state.nh.us/IISProxy/IISProxy.dll?ContentId=4744883","site_ref_link":"https://drive.google.com/drive/u/0/folders/1BPgmIiH_8BofmJTRWI3cA_ZUSicuGkxp","state_ref_link":"https://drive.google.com/drive/u/0/folders/1RsSKYaEE8jqAw7pH05tDHRflkjUL3t5H","ObjectId":395}},{"type":"Feature","id":396,"geometry":{"type":"Point","coordinates":[-71.443295,42.751382]},"properties":{"site_name":"150 Burke Street","other_site_names":null,"state":"New Hampshire","industry":"Industry","matrix_type":"Groundwater","matrix":"Groundwater","year":2018,"pfoa":"20","pfos":"59","total_pfas":118,"pfas_level":118,"notes":"Ingersoll Rand","regulation_gvt_link":null,"resources_link":"https://www4.des.state.nh.us/DESOneStop/PRSDetail.aspx?ID=0003792&Type=PRS","suspected_source_link":"https://nhdes.maps.arcgis.com/apps/View/index.html?appid=66770bef141c43a98a445c54a17720e2&extent=-73.5743,42.5413,-69.6852,45.4509","pfas_testing_link":"https://www4.des.state.nh.us/IISProxy/IISProxy.dll?ContentId=4778707","site_ref_link":"https://drive.google.com/drive/u/0/folders/1dL-GBh-261cIobRVtQCsEImUwzXIWFnF","state_ref_link":"https://drive.google.com/drive/u/0/folders/1RsSKYaEE8jqAw7pH05tDHRflkjUL3t5H","ObjectId":396}},{"type":"Feature","id":398,"geometry":{"type":"Point","coordinates":[-70.865949,43.265566]},"properties":{"site_name":"Breton Cleaners","other_site_names":null,"state":"New Hampshire","industry":"Industry","matrix_type":"Groundwater","matrix":"Groundwater","year":2018,"pfoa":"53","pfos":"17","total_pfas":119,"pfas_level":119,"notes":null,"regulation_gvt_link":null,"resources_link":"https://www4.des.state.nh.us/DESOneStop/PRSDetail.aspx?ID=0014261&Type=PRS","suspected_source_link":"https://nhdes.maps.arcgis.com/apps/View/index.html?appid=66770bef141c43a98a445c54a17720e2&extent=-73.5743,42.5413,-69.6852,45.4509","pfas_testing_link":"https://www4.des.state.nh.us/IISProxy/IISProxy.dll?ContentId=4788376","site_ref_link":"https://drive.google.com/drive/u/0/folders/1E0UcmlDxJTpGXarxOejvRGacDBmTT3cH","state_ref_link":"https://drive.google.com/drive/u/0/folders/1RsSKYaEE8jqAw7pH05tDHRflkjUL3t5H","ObjectId":398}},{"type":"Feature","id":409,"geometry":{"type":"Point","coordinates":[-71.695544,42.8358]},"properties":{"site_name":"Hitchiner Manufacturing Landfill","other_site_names":null,"state":"New Hampshire","industry":"Landfill","matrix_type":"Groundwater","matrix":"Groundwater","year":2017,"pfoa":"5","pfos":null,"total_pfas":null,"pfas_level":5,"notes":null,"regulation_gvt_link":null,"resources_link":"https://www4.des.state.nh.us/DESOneStop/PRSDetail.aspx?ID=0003578&Type=PRS","suspected_source_link":"https://nhdes.maps.arcgis.com/apps/View/index.html?appid=66770bef141c43a98a445c54a17720e2&extent=-73.5743,42.5413,-69.6852,45.4509","pfas_testing_link":"https://www4.des.state.nh.us/IISProxy/IISProxy.dll?ContentId=4700716","site_ref_link":"https://drive.google.com/drive/u/0/folders/1SC4GoC8zXCKxvFWw9UGgvRrOMI7aNGFU","state_ref_link":"https://drive.google.com/drive/u/0/folders/1RsSKYaEE8jqAw7pH05tDHRflkjUL3t5H","ObjectId":409}},{"type":"Feature","id":413,"geometry":{"type":"Point","coordinates":[-71.124815,44.052439]},"properties":{"site_name":"White Mountain Laundry Site","other_site_names":null,"state":"New Hampshire","industry":"Industry","matrix_type":"Groundwater","matrix":"Groundwater","year":2017,"pfoa":"6","pfos":null,"total_pfas":null,"pfas_level":6,"notes":null,"regulation_gvt_link":null,"resources_link":"https://www4.des.state.nh.us/DESOneStop/PRSDetail.aspx?ID=0005680&Type=PRS","suspected_source_link":"https://nhdes.maps.arcgis.com/apps/View/index.html?appid=66770bef141c43a98a445c54a17720e2&extent=-73.5743,42.5413,-69.6852,45.4509","pfas_testing_link":"https://www4.des.state.nh.us/IISProxy/IISProxy.dll?ContentId=4749683","site_ref_link":"https://drive.google.com/drive/u/0/folders/1SZk7lfdBO0AE8xx-kyZPs0ppBvIdFAew","state_ref_link":"https://drive.google.com/drive/u/0/folders/1RsSKYaEE8jqAw7pH05tDHRflkjUL3t5H","ObjectId":413}},{"type":"Feature","id":414,"geometry":{"type":"Point","coordinates":[-71.487487,44.417514]},"properties":{"site_name":"Jefferson Landfill","other_site_names":null,"state":"New Hampshire","industry":"Landfill","matrix_type":"Groundwater","matrix":"Groundwater","year":2017,"pfoa":"1","pfos":"3","total_pfas":7,"pfas_level":7,"notes":null,"regulation_gvt_link":null,"resources_link":"https://www4.des.state.nh.us/DESOneStop/PRSDetail.aspx?ID=0000041&Type=PRS","suspected_source_link":"https://nhdes.maps.arcgis.com/apps/View/index.html?appid=66770bef141c43a98a445c54a17720e2&extent=-73.5743,42.5413,-69.6852,45.4509","pfas_testing_link":"https://www4.des.state.nh.us/IISProxy/IISProxy.dll?ContentId=4717174","site_ref_link":"https://drive.google.com/drive/u/0/folders/1XrLFllr1TqeXBpc7PvOaK4VPu9An61eJ","state_ref_link":"https://drive.google.com/drive/u/0/folders/1RsSKYaEE8jqAw7pH05tDHRflkjUL3t5H","ObjectId":414}},{"type":"Feature","id":415,"geometry":{"type":"Point","coordinates":[-71.556514,43.452372]},"properties":{"site_name":"Pike Industries Landfill","other_site_names":null,"state":"New Hampshire","industry":"Landfill","matrix_type":"Groundwater","matrix":"Groundwater","year":2017,"pfoa":"4","pfos":null,"total_pfas":7,"pfas_level":7,"notes":null,"regulation_gvt_link":null,"resources_link":"https://www4.des.state.nh.us/DESOneStop/PRSDetail.aspx?ID=0000467&Type=PRS","suspected_source_link":"https://nhdes.maps.arcgis.com/apps/View/index.html?appid=66770bef141c43a98a445c54a17720e2&extent=-73.5743,42.5413,-69.6852,45.4509","pfas_testing_link":"https://www4.des.state.nh.us/IISProxy/IISProxy.dll?ContentId=4679095","site_ref_link":"https://drive.google.com/drive/u/0/folders/1xRuoPlcPnlKlpR4XHw3SC8_5u37yBW-z","state_ref_link":"https://drive.google.com/drive/u/0/folders/1RsSKYaEE8jqAw7pH05tDHRflkjUL3t5H","ObjectId":415}},{"type":"Feature","id":416,"geometry":{"type":"Point","coordinates":[-71.476421,44.616743]},"properties":{"site_name":"Emerson Road Landfill","other_site_names":null,"state":"New Hampshire","industry":"Landfill","matrix_type":"Groundwater","matrix":"Groundwater","year":2017,"pfoa":"7","pfos":null,"total_pfas":null,"pfas_level":7,"notes":"Also known as James River Bark Pile","regulation_gvt_link":null,"resources_link":"https://www4.des.state.nh.us/DESOneStop/PRSDetail.aspx?ID=0000226&Type=PRS","suspected_source_link":"https://nhdes.maps.arcgis.com/apps/View/index.html?appid=66770bef141c43a98a445c54a17720e2&extent=-73.5743,42.5413,-69.6852,45.4509","pfas_testing_link":"https://www4.des.state.nh.us/IISProxy/IISProxy.dll?ContentId=4689965","site_ref_link":"https://drive.google.com/drive/u/0/folders/1H7QhCbgN7fSuhq7-x0v96gFbjnvcU3Yt","state_ref_link":"https://drive.google.com/drive/u/0/folders/1RsSKYaEE8jqAw7pH05tDHRflkjUL3t5H","ObjectId":416}},{"type":"Feature","id":417,"geometry":{"type":"Point","coordinates":[-72.20789,43.386204]},"properties":{"site_name":"Ambargis Mill","other_site_names":null,"state":"New Hampshire","industry":"Industry","matrix_type":"Groundwater","matrix":"Groundwater","year":2017,"pfoa":"2","pfos":"3","total_pfas":8,"pfas_level":8,"notes":null,"regulation_gvt_link":null,"resources_link":"https://www4.des.state.nh.us/DESOneStop/PRSDetail.aspx?ID=0007938&Type=PRS","suspected_source_link":"https://nhdes.maps.arcgis.com/apps/View/index.html?appid=66770bef141c43a98a445c54a17720e2&extent=-73.5743,42.5413,-69.6852,45.4509","pfas_testing_link":"https://www4.des.state.nh.us/IISProxy/IISProxy.dll?ContentId=4717153","site_ref_link":"https://drive.google.com/drive/u/0/folders/1zjmO4w8O2aKGvVyawm9s0-TZyJVGtAiX","state_ref_link":"https://drive.google.com/drive/u/0/folders/1RsSKYaEE8jqAw7pH05tDHRflkjUL3t5H","ObjectId":417}},{"type":"Feature","id":422,"geometry":{"type":"Point","coordinates":[-70.785289,43.097308]},"properties":{"site_name":"Schiller Station Closed Landfill","other_site_names":null,"state":"New Hampshire","industry":"Landfill","matrix_type":"Groundwater","matrix":"Groundwater","year":2017,"pfoa":null,"pfos":"8","total_pfas":10,"pfas_level":10,"notes":null,"regulation_gvt_link":null,"resources_link":"https://www4.des.state.nh.us/DESOneStop/PRSDetail.aspx?ID=0000419&Type=PRS","suspected_source_link":"https://nhdes.maps.arcgis.com/apps/View/index.html?appid=66770bef141c43a98a445c54a17720e2&extent=-73.5743,42.5413,-69.6852,45.4509","pfas_testing_link":"https://www4.des.state.nh.us/IISProxy/IISProxy.dll?ContentId=4670111","site_ref_link":"https://drive.google.com/drive/u/0/folders/1hXXR3AKoPK-SNZesb7AT6-rNno6ZpDld","state_ref_link":"https://drive.google.com/drive/u/0/folders/1RsSKYaEE8jqAw7pH05tDHRflkjUL3t5H","ObjectId":422}},{"type":"Feature","id":424,"geometry":{"type":"Point","coordinates":[-71.373254,44.35703]},"properties":{"site_name":"Randolph Landfill","other_site_names":null,"state":"New Hampshire","industry":"Landfill","matrix_type":"Groundwater","matrix":"Groundwater","year":2017,"pfoa":"4","pfos":"11","total_pfas":null,"pfas_level":15,"notes":null,"regulation_gvt_link":null,"resources_link":"https://www4.des.state.nh.us/DESOneStop/PRSDetail.aspx?ID=0000613&Type=PRS","suspected_source_link":"https://nhdes.maps.arcgis.com/apps/View/index.html?appid=66770bef141c43a98a445c54a17720e2&extent=-73.5743,42.5413,-69.6852,45.4509","pfas_testing_link":"https://www4.des.state.nh.us/IISProxy/IISProxy.dll?ContentId=4688267","site_ref_link":"https://drive.google.com/drive/u/0/folders/1rKEs2X7UQSWRY5DbkvXRfi3VQEHElfux","state_ref_link":"https://drive.google.com/drive/u/0/folders/1RsSKYaEE8jqAw7pH05tDHRflkjUL3t5H","ObjectId":424}},{"type":"Feature","id":425,"geometry":{"type":"Point","coordinates":[-71.590662,43.271849]},"properties":{"site_name":"Beede EleCenterical Instrument Co","other_site_names":null,"state":"New Hampshire","industry":"Industry","matrix_type":"Groundwater","matrix":"Groundwater","year":2017,"pfoa":"2","pfos":"3","total_pfas":16,"pfas_level":16,"notes":null,"regulation_gvt_link":null,"resources_link":"https://www4.des.state.nh.us/DESOneStop/PRSDetail.aspx?ID=0000017&Type=PRS","suspected_source_link":"https://nhdes.maps.arcgis.com/apps/View/index.html?appid=66770bef141c43a98a445c54a17720e2&extent=-73.5743,42.5413,-69.6852,45.4509","pfas_testing_link":"https://www4.des.state.nh.us/IISProxy/IISProxy.dll?ContentId=4754502","site_ref_link":"https://drive.google.com/drive/u/0/folders/1rJpdoGyV35sHx6f0tYbd1_J0jKT5JZQg","state_ref_link":"https://drive.google.com/drive/u/0/folders/1RsSKYaEE8jqAw7pH05tDHRflkjUL3t5H","ObjectId":425}},{"type":"Feature","id":426,"geometry":{"type":"Point","coordinates":[-70.880914,42.880964]},"properties":{"site_name":"Henkel Seabrook East Facility","other_site_names":null,"state":"New Hampshire","industry":"Industry","matrix_type":"Groundwater","matrix":"Groundwater","year":2017,"pfoa":"11","pfos":"4","total_pfas":16,"pfas_level":16,"notes":"Also known as K J Quinn & Co Inc","regulation_gvt_link":null,"resources_link":"https://www4.des.state.nh.us/DESOneStop/PRSDetail.aspx?ID=0002053&Type=PRS","suspected_source_link":"https://nhdes.maps.arcgis.com/apps/View/index.html?appid=66770bef141c43a98a445c54a17720e2&extent=-73.5743,42.5413,-69.6852,45.4509","pfas_testing_link":"https://www4.des.state.nh.us/IISProxy/IISProxy.dll?ContentId=4679097","site_ref_link":"https://drive.google.com/drive/u/0/folders/1guACHNnx459i-7KbCd7qFXGhihjBXHhz","state_ref_link":"https://drive.google.com/drive/u/0/folders/1RsSKYaEE8jqAw7pH05tDHRflkjUL3t5H","ObjectId":426}},{"type":"Feature","id":427,"geometry":{"type":"Point","coordinates":[-72.293366,42.933926]},"properties":{"site_name":"Former Zinn's Bowling Lanes","other_site_names":null,"state":"New Hampshire","industry":"Unknown","matrix_type":"Groundwater","matrix":"Groundwater","year":2017,"pfoa":"7","pfos":null,"total_pfas":17,"pfas_level":17,"notes":null,"regulation_gvt_link":null,"resources_link":"https://www4.des.state.nh.us/DESOneStop/PRSDetail.aspx?ID=0000903&Type=PRS","suspected_source_link":"https://nhdes.maps.arcgis.com/apps/View/index.html?appid=66770bef141c43a98a445c54a17720e2&extent=-73.5743,42.5413,-69.6852,45.4509","pfas_testing_link":"https://www4.des.state.nh.us/IISProxy/IISProxy.dll?ContentId=4701844","site_ref_link":"https://drive.google.com/drive/u/0/folders/1vl-xzDzThYaNgmq_fb0w_DryPNpoTOv7","state_ref_link":"https://drive.google.com/drive/u/0/folders/1RsSKYaEE8jqAw7pH05tDHRflkjUL3t5H","ObjectId":427}},{"type":"Feature","id":428,"geometry":{"type":"Point","coordinates":[-71.725545,43.646027]},"properties":{"site_name":"Bridgewater Dump & Incinerator","other_site_names":null,"state":"New Hampshire","industry":"Landfill","matrix_type":"Groundwater","matrix":"Groundwater","year":2017,"pfoa":"8","pfos":null,"total_pfas":17,"pfas_level":17,"notes":null,"regulation_gvt_link":null,"resources_link":"https://www4.des.state.nh.us/DESOneStop/PRSDetail.aspx?ID=0002691&Type=PRS","suspected_source_link":"https://nhdes.maps.arcgis.com/apps/View/index.html?appid=66770bef141c43a98a445c54a17720e2&extent=-73.5743,42.5413,-69.6852,45.4509","pfas_testing_link":"https://www4.des.state.nh.us/IISProxy/IISProxy.dll?ContentId=4717195","site_ref_link":"https://drive.google.com/drive/u/0/folders/1Gwpgwl4WX7yVYItoJ8quY8XfI-w1idQW","state_ref_link":"https://drive.google.com/drive/u/0/folders/1RsSKYaEE8jqAw7pH05tDHRflkjUL3t5H","ObjectId":428}},{"type":"Feature","id":429,"geometry":{"type":"Point","coordinates":[-71.193539,44.194507]},"properties":{"site_name":"Jackson Old Landfill","other_site_names":null,"state":"New Hampshire","industry":"Landfill","matrix_type":"Groundwater","matrix":"Groundwater","year":2017,"pfoa":"8","pfos":"10","total_pfas":null,"pfas_level":17,"notes":null,"regulation_gvt_link":null,"resources_link":"https://www4.des.state.nh.us/DESOneStop/PRSDetail.aspx?ID=0000439&Type=PRS","suspected_source_link":"https://nhdes.maps.arcgis.com/apps/View/index.html?appid=66770bef141c43a98a445c54a17720e2&extent=-73.5743,42.5413,-69.6852,45.4509","pfas_testing_link":"https://www4.des.state.nh.us/IISProxy/IISProxy.dll?ContentId=4691804","site_ref_link":"https://drive.google.com/drive/u/0/folders/1RSwGY0acn18u2_v39MpYo6Kn-nv1f0wt","state_ref_link":"https://drive.google.com/drive/u/0/folders/1RsSKYaEE8jqAw7pH05tDHRflkjUL3t5H","ObjectId":429}},{"type":"Feature","id":430,"geometry":{"type":"Point","coordinates":[-71.751907,44.302943]},"properties":{"site_name":"Norton Landfill","other_site_names":null,"state":"New Hampshire","industry":"Landfill","matrix_type":"Groundwater","matrix":"Groundwater","year":2017,"pfoa":"11","pfos":"5","total_pfas":18,"pfas_level":18,"notes":null,"regulation_gvt_link":null,"resources_link":"https://www4.des.state.nh.us/DESOneStop/PRSDetail.aspx?ID=0006747&Type=PRS","suspected_source_link":"https://nhdes.maps.arcgis.com/apps/View/index.html?appid=66770bef141c43a98a445c54a17720e2&extent=-73.5743,42.5413,-69.6852,45.4509","pfas_testing_link":"https://www4.des.state.nh.us/IISProxy/IISProxy.dll?ContentId=4697942","site_ref_link":"https://drive.google.com/drive/u/0/folders/1lpumSeVk353D3nJRZdjiLbOngcEd8UKN","state_ref_link":"https://drive.google.com/drive/u/0/folders/1RsSKYaEE8jqAw7pH05tDHRflkjUL3t5H","ObjectId":430}},{"type":"Feature","id":433,"geometry":{"type":"Point","coordinates":[-70.98845,43.073156]},"properties":{"site_name":"Newmarket Landfill","other_site_names":null,"state":"New Hampshire","industry":"Landfill","matrix_type":"Groundwater","matrix":"Groundwater","year":2017,"pfoa":"12","pfos":"12","total_pfas":null,"pfas_level":24,"notes":"No further sampling required by NHDES","regulation_gvt_link":null,"resources_link":"https://www4.des.state.nh.us/DESOneStop/PRSDetail.aspx?ID=0000393&Type=PRS","suspected_source_link":"https://nhdes.maps.arcgis.com/apps/View/index.html?appid=66770bef141c43a98a445c54a17720e2&extent=-73.5743,42.5413,-69.6852,45.4509","pfas_testing_link":"https://www4.des.state.nh.us/IISProxy/IISProxy.dll?ContentId=4688730","site_ref_link":"https://drive.google.com/drive/u/0/folders/1TQ_32mdRWK2vcMJ9pAqFchM3Oe7wfR5s","state_ref_link":"https://drive.google.com/drive/u/0/folders/1RsSKYaEE8jqAw7pH05tDHRflkjUL3t5H","ObjectId":433}},{"type":"Feature","id":434,"geometry":{"type":"Point","coordinates":[-72.345219,43.368981]},"properties":{"site_name":"Topstone Mill","other_site_names":null,"state":"New Hampshire","industry":"Industry","matrix_type":"Groundwater","matrix":"Groundwater","year":2017,"pfoa":"7","pfos":null,"total_pfas":25,"pfas_level":25,"notes":null,"regulation_gvt_link":null,"resources_link":"https://www4.des.state.nh.us/DESOneStop/PRSDetail.aspx?ID=0022887&Type=PRS","suspected_source_link":"https://nhdes.maps.arcgis.com/apps/View/index.html?appid=66770bef141c43a98a445c54a17720e2&extent=-73.5743,42.5413,-69.6852,45.4509","pfas_testing_link":"https://www4.des.state.nh.us/IISProxy/IISProxy.dll?ContentId=4714203","site_ref_link":"https://drive.google.com/drive/u/0/folders/1vxlZOfP1LZ1e7DLwLc8g44AeHDgJqufb","state_ref_link":"https://drive.google.com/drive/u/0/folders/1RsSKYaEE8jqAw7pH05tDHRflkjUL3t5H","ObjectId":434}},{"type":"Feature","id":438,"geometry":{"type":"Point","coordinates":[-71.466843,43.527608]},"properties":{"site_name":"Former Vernitron Property","other_site_names":null,"state":"New Hampshire","industry":"Unknown","matrix_type":"Groundwater","matrix":"Groundwater","year":2017,"pfoa":"6","pfos":"8","total_pfas":39,"pfas_level":39,"notes":"has been cleaned up ","regulation_gvt_link":null,"resources_link":"https://www4.des.state.nh.us/DESOneStop/PRSDetail.aspx?ID=0013543&Type=PRS","suspected_source_link":"https://nhdes.maps.arcgis.com/apps/View/index.html?appid=66770bef141c43a98a445c54a17720e2&extent=-73.5743,42.5413,-69.6852,45.4509","pfas_testing_link":"https://www4.des.state.nh.us/IISProxy/IISProxy.dll?ContentId=4669255","site_ref_link":"https://drive.google.com/drive/u/0/folders/1C81Rd6kB2GDUko61l7kHzBHSsKVweSsi","state_ref_link":"https://drive.google.com/drive/u/0/folders/1RsSKYaEE8jqAw7pH05tDHRflkjUL3t5H","ObjectId":438}},{"type":"Feature","id":439,"geometry":{"type":"Point","coordinates":[-72.284028,42.931253]},"properties":{"site_name":"Central Screw","other_site_names":"Keene Mill","state":"New Hampshire","industry":"Industry","matrix_type":"Groundwater","matrix":"Groundwater","year":2017,"pfoa":null,"pfos":"15","total_pfas":39,"pfas_level":39,"notes":null,"regulation_gvt_link":null,"resources_link":"https://www4.des.state.nh.us/DESOneStop/PRSDetail.aspx?ID=0000481&Type=PRS","suspected_source_link":"https://nhdes.maps.arcgis.com/apps/View/index.html?appid=66770bef141c43a98a445c54a17720e2&extent=-73.5743,42.5413,-69.6852,45.4509","pfas_testing_link":"https://www4.des.state.nh.us/IISProxy/IISProxy.dll?ContentId=4757081","site_ref_link":"https://drive.google.com/drive/u/0/folders/1n_mGOEYaITQM_9zjZ6LhlOsfTIcj4v88","state_ref_link":"https://drive.google.com/drive/u/0/folders/1RsSKYaEE8jqAw7pH05tDHRflkjUL3t5H","ObjectId":439}},{"type":"Feature","id":442,"geometry":{"type":"Point","coordinates":[-71.464258,42.995023]},"properties":{"site_name":"Manchester Place","other_site_names":null,"state":"New Hampshire","industry":"Unknown","matrix_type":"Groundwater","matrix":"Groundwater","year":2017,"pfoa":"34","pfos":"15","total_pfas":null,"pfas_level":49,"notes":null,"regulation_gvt_link":null,"resources_link":"https://www4.des.state.nh.us/DESOneStop/PRSDetail.aspx?ID=0004712&Type=PRS","suspected_source_link":"https://nhdes.maps.arcgis.com/apps/View/index.html?appid=66770bef141c43a98a445c54a17720e2&extent=-73.5743,42.5413,-69.6852,45.4509","pfas_testing_link":"https://www4.des.state.nh.us/IISProxy/IISProxy.dll?ContentId=4814173","site_ref_link":"https://drive.google.com/drive/u/1/folders/1tmYv4Bw-cfmgpH6NYBsf7bD8nrAbmGX2","state_ref_link":"https://drive.google.com/drive/u/0/folders/1RsSKYaEE8jqAw7pH05tDHRflkjUL3t5H","ObjectId":442}},{"type":"Feature","id":443,"geometry":{"type":"Point","coordinates":[-71.128934,43.973217]},"properties":{"site_name":"Kearsarge Metallurgical Corp","other_site_names":"Kearsarge Metallurgical Corp.","state":"New Hampshire","industry":"Superfund Site","matrix_type":"Groundwater","matrix":"Groundwater","year":2017,"pfoa":"20","pfos":"3","total_pfas":56,"pfas_level":56,"notes":null,"regulation_gvt_link":null,"resources_link":"https://www4.des.state.nh.us/DESOneStop/PRSDetail.aspx?ID=0013323&Type=PRS","suspected_source_link":"https://nhdes.maps.arcgis.com/apps/View/index.html?appid=66770bef141c43a98a445c54a17720e2&extent=-73.5743,42.5413,-69.6852,45.4509","pfas_testing_link":"https://www4.des.state.nh.us/IISProxy/IISProxy.dll?ContentId=4700795","site_ref_link":"https://drive.google.com/drive/u/0/folders/1SQqhdlRA8THvEkwA08hx-exOAy22jWm1","state_ref_link":"https://drive.google.com/drive/u/0/folders/1RsSKYaEE8jqAw7pH05tDHRflkjUL3t5H","ObjectId":443}},{"type":"Feature","id":448,"geometry":{"type":"Point","coordinates":[-71.781727,43.561315]},"properties":{"site_name":"Indeck Energy Center","other_site_names":null,"state":"New Hampshire","industry":"Industry","matrix_type":"Groundwater","matrix":"Groundwater","year":2017,"pfoa":null,"pfos":null,"total_pfas":82,"pfas_level":82,"notes":null,"regulation_gvt_link":null,"resources_link":"https://www4.des.state.nh.us/DESOneStop/PRSDetail.aspx?ID=0000215&Type=PRS","suspected_source_link":"https://nhdes.maps.arcgis.com/apps/View/index.html?appid=66770bef141c43a98a445c54a17720e2&extent=-73.5743,42.5413,-69.6852,45.4509","pfas_testing_link":"https://www4.des.state.nh.us/IISProxy/IISProxy.dll?ContentId=4696086","site_ref_link":"https://drive.google.com/drive/u/0/folders/1WcOIk-FxyYuvPfKURY-F1h3EBrWA3Kg_","state_ref_link":"https://drive.google.com/drive/u/0/folders/1RsSKYaEE8jqAw7pH05tDHRflkjUL3t5H","ObjectId":448}},{"type":"Feature","id":450,"geometry":{"type":"Point","coordinates":[-71.471957,42.992564]},"properties":{"site_name":"Mill West","other_site_names":null,"state":"New Hampshire","industry":"Unknown","matrix_type":"Groundwater","matrix":"Groundwater","year":2017,"pfoa":"15","pfos":"39","total_pfas":95,"pfas_level":95,"notes":null,"regulation_gvt_link":null,"resources_link":"https://www4.des.state.nh.us/DESOneStop/PRSDetail.aspx?ID=0001389&Type=PRS","suspected_source_link":"https://nhdes.maps.arcgis.com/apps/View/index.html?appid=66770bef141c43a98a445c54a17720e2&extent=-73.5743,42.5413,-69.6852,45.4509","pfas_testing_link":"https://www4.des.state.nh.us/IISProxy/IISProxy.dll?ContentId=4669247","site_ref_link":"https://drive.google.com/drive/u/1/folders/1cel7IEpCZhPtOYCRmHwUgrovhiue8koA","state_ref_link":"https://drive.google.com/drive/u/0/folders/1RsSKYaEE8jqAw7pH05tDHRflkjUL3t5H","ObjectId":450}},{"type":"Feature","id":451,"geometry":{"type":"Point","coordinates":[-70.770939,43.068062]},"properties":{"site_name":"Bengal Cleaners Facility","other_site_names":null,"state":"New Hampshire","industry":"Industry","matrix_type":"Groundwater","matrix":"Groundwater","year":2017,"pfoa":"8","pfos":"3","total_pfas":101,"pfas_level":101,"notes":null,"regulation_gvt_link":null,"resources_link":"https://www4.des.state.nh.us/DESOneStop/PRSDetail.aspx?ID=0007606&Type=PRS","suspected_source_link":"https://nhdes.maps.arcgis.com/apps/View/index.html?appid=66770bef141c43a98a445c54a17720e2&extent=-73.5743,42.5413,-69.6852,45.4509","pfas_testing_link":"https://www4.des.state.nh.us/IISProxy/IISProxy.dll?ContentId=4823461","site_ref_link":"https://drive.google.com/drive/u/0/folders/1Bk_7JTvSKtD0Dh6wMqrPsCj9PTnRE_0T","state_ref_link":"https://drive.google.com/drive/u/0/folders/1RsSKYaEE8jqAw7pH05tDHRflkjUL3t5H","ObjectId":451}},{"type":"Feature","id":452,"geometry":{"type":"Point","coordinates":[-70.989848,43.436939]},"properties":{"site_name":"Old Milton Dump","other_site_names":null,"state":"New Hampshire","industry":"Landfill","matrix_type":"Groundwater","matrix":"Groundwater","year":2017,"pfoa":"30","pfos":"97","total_pfas":138,"pfas_level":138,"notes":null,"regulation_gvt_link":null,"resources_link":"https://www4.des.state.nh.us/DESOneStop/PRSDetail.aspx?ID=0003438&Type=PRS","suspected_source_link":"https://nhdes.maps.arcgis.com/apps/View/index.html?appid=66770bef141c43a98a445c54a17720e2&extent=-73.5743,42.5413,-69.6852,45.4509","pfas_testing_link":"https://www4.des.state.nh.us/IISProxy/IISProxy.dll?ContentId=4700758","site_ref_link":"https://drive.google.com/drive/u/0/folders/1AL9pioP6aRf7UDKhkoQU5fEcM4wwr4z6","state_ref_link":"https://drive.google.com/drive/u/0/folders/1RsSKYaEE8jqAw7pH05tDHRflkjUL3t5H","ObjectId":452}},{"type":"Feature","id":455,"geometry":{"type":"Point","coordinates":[-71.455191,42.970825]},"properties":{"site_name":"Ray's Chevron Station","other_site_names":null,"state":"New Hampshire","industry":"Industry","matrix_type":"Groundwater","matrix":"Groundwater","year":2017,"pfoa":"28","pfos":"10","total_pfas":147,"pfas_level":147,"notes":null,"regulation_gvt_link":null,"resources_link":"https://www4.des.state.nh.us/DESOneStop/PRSDetail.aspx?ID=0037828&Type=PRS","suspected_source_link":"https://nhdes.maps.arcgis.com/apps/View/index.html?appid=66770bef141c43a98a445c54a17720e2&extent=-73.5743,42.5413,-69.6852,45.4509","pfas_testing_link":"https://www4.des.state.nh.us/IISProxy/IISProxy.dll?ContentId=4699476","site_ref_link":"https://drive.google.com/drive/u/0/folders/1NpsvSRzw2PqyPI5Xy9vWvRkgr8fR8b9A","state_ref_link":"https://drive.google.com/drive/u/0/folders/1RsSKYaEE8jqAw7pH05tDHRflkjUL3t5H","ObjectId":455}},{"type":"Feature","id":456,"geometry":{"type":"Point","coordinates":[-72.019988,42.815777]},"properties":{"site_name":"Former Elite Laundry Site","other_site_names":null,"state":"New Hampshire","industry":"Industry","matrix_type":"Groundwater","matrix":"Groundwater","year":2017,"pfoa":"26","pfos":"110","total_pfas":158,"pfas_level":158,"notes":null,"regulation_gvt_link":null,"resources_link":"https://www4.des.state.nh.us/DESOneStop/PRSDetail.aspx?ID=0009307&Type=PRS","suspected_source_link":"https://nhdes.maps.arcgis.com/apps/View/index.html?appid=66770bef141c43a98a445c54a17720e2&extent=-73.5743,42.5413,-69.6852,45.4509","pfas_testing_link":"https://www4.des.state.nh.us/IISProxy/IISProxy.dll?ContentId=4671659","site_ref_link":"https://drive.google.com/drive/u/0/folders/1w0pu6gW3pAfoUedqBT7bdr96cmViL3Yo","state_ref_link":"https://drive.google.com/drive/u/0/folders/1RsSKYaEE8jqAw7pH05tDHRflkjUL3t5H","ObjectId":456}},{"type":"Feature","id":457,"geometry":{"type":"Point","coordinates":[-71.405385,43.550292]},"properties":{"site_name":"Gilford Municpal Complex","other_site_names":"Gilford Fire Department","state":"New Hampshire","industry":"Fire Department/Training Facility","matrix_type":"Groundwater","matrix":"Groundwater","year":2017,"pfoa":"6","pfos":"85","total_pfas":165,"pfas_level":165,"notes":"AFFF used at Gilford Fire Department","regulation_gvt_link":"N/A","resources_link":"https://www4.des.state.nh.us/nh-pfas-investigation/","suspected_source_link":"https://www.des.nh.gov/organization/commissioner/documents/pfoa-statewide-status-20170110.pdf","pfas_testing_link":"https://www4.des.state.nh.us/IISProxy/IISProxy.dll?ContentId=4822558","site_ref_link":"https://drive.google.com/drive/u/1/folders/1E0YqCq2OviG5ZenxCnr7XnNham_HSZcg","state_ref_link":"https://drive.google.com/drive/u/1/folders/1RsSKYaEE8jqAw7pH05tDHRflkjUL3t5H","ObjectId":457}},{"type":"Feature","id":458,"geometry":{"type":"Point","coordinates":[-71.427391,43.584145]},"properties":{"site_name":"Gilford Fire Training","other_site_names":null,"state":"New Hampshire","industry":"Landfill","matrix_type":"Groundwater","matrix":"Groundwater","year":2017,"pfoa":"6","pfos":"85","total_pfas":165,"pfas_level":165,"notes":null,"regulation_gvt_link":null,"resources_link":"https://www4.des.state.nh.us/DESOneStop/PRSDetail.aspx?ID=0000032&Type=PRS","suspected_source_link":"https://nhdes.maps.arcgis.com/apps/View/index.html?appid=66770bef141c43a98a445c54a17720e2&extent=-73.5743,42.5413,-69.6852,45.4509","pfas_testing_link":"https://www4.des.state.nh.us/IISProxy/IISProxy.dll?ContentId=4822558","site_ref_link":"https://drive.google.com/drive/u/0/folders/1KETjggLKUpc7NRLm5gt9N2wbzZzSO3_c","state_ref_link":"https://drive.google.com/drive/u/0/folders/1RsSKYaEE8jqAw7pH05tDHRflkjUL3t5H","ObjectId":458}},{"type":"Feature","id":462,"geometry":{"type":"Point","coordinates":[-72.337095,43.374534]},"properties":{"site_name":"Former Synergy Gas (Allstar Gas)","other_site_names":null,"state":"New Hampshire","industry":"Industry","matrix_type":"Groundwater","matrix":"Groundwater","year":2017,"pfoa":"19","pfos":"62","total_pfas":194,"pfas_level":194,"notes":null,"regulation_gvt_link":null,"resources_link":"https://www4.des.state.nh.us/DESOneStop/PRSDetail.aspx?ID=0006133&Type=PRS","suspected_source_link":"https://nhdes.maps.arcgis.com/apps/View/index.html?appid=66770bef141c43a98a445c54a17720e2&extent=-73.5743,42.5413,-69.6852,45.4509","pfas_testing_link":"https://www4.des.state.nh.us/IISProxy/IISProxy.dll?ContentId=4696067","site_ref_link":"https://drive.google.com/drive/u/0/folders/1rtThr1MLO4HRJBUMngphMSN2ddHvaya-","state_ref_link":"https://drive.google.com/drive/u/0/folders/1RsSKYaEE8jqAw7pH05tDHRflkjUL3t5H","ObjectId":462}},{"type":"Feature","id":464,"geometry":{"type":"Point","coordinates":[-72.286676,42.930242]},"properties":{"site_name":"PSNH 227","other_site_names":null,"state":"New Hampshire","industry":"Industry","matrix_type":"Groundwater","matrix":"Groundwater","year":2017,"pfoa":"10","pfos":"6","total_pfas":238,"pfas_level":238,"notes":null,"regulation_gvt_link":null,"resources_link":"https://www4.des.state.nh.us/DESOneStop/PRSDetail.aspx?ID=0005399&Type=PRS","suspected_source_link":"https://nhdes.maps.arcgis.com/apps/View/index.html?appid=66770bef141c43a98a445c54a17720e2&extent=-73.5743,42.5413,-69.6852,45.4509","pfas_testing_link":"https://www4.des.state.nh.us/nh-pfas-investigation/wp-content/uploads/tables-pdf.pdf","site_ref_link":"https://drive.google.com/drive/u/0/folders/1qlG7M7AqzFCONPUK4OMrAKX4eVnauRef","state_ref_link":"https://drive.google.com/drive/u/0/folders/1RsSKYaEE8jqAw7pH05tDHRflkjUL3t5H","ObjectId":464}},{"type":"Feature","id":465,"geometry":{"type":"Point","coordinates":[-71.820732,43.802902]},"properties":{"site_name":"Rumney Transfer Station","other_site_names":null,"state":"New Hampshire","industry":"Landfill","matrix_type":"Groundwater","matrix":"Groundwater","year":2017,"pfoa":"27","pfos":"29","total_pfas":257,"pfas_level":257,"notes":"Received a notice of non-compliance from the NHDES for failing to submit May 2019 groundwater data, which \"was also to include confirmatory sampling results for per- and polyfluoroalkyl substances (PFAS), which was required in response to the initial sampling, reported to NHDES in July 2017\"\n(NHDES, 03.04.2020)","regulation_gvt_link":"https://www4.des.state.nh.us/IISProxy/IISProxy.dll?ContentId=4830303","resources_link":"https://www4.des.state.nh.us/DESOneStop/PRSDetail.aspx?ID=0002347&Type=PRS","suspected_source_link":"https://nhdes.maps.arcgis.com/apps/View/index.html?appid=66770bef141c43a98a445c54a17720e2&extent=-73.5743,42.5413,-69.6852,45.4509","pfas_testing_link":"https://www4.des.state.nh.us/IISProxy/IISProxy.dll?ContentId=4670318","site_ref_link":"https://drive.google.com/drive/u/0/folders/1FprI9N9cRcdvzT76zioVGf_kp10L_WvA","state_ref_link":"https://drive.google.com/drive/u/0/folders/1RsSKYaEE8jqAw7pH05tDHRflkjUL3t5H","ObjectId":465}},{"type":"Feature","id":485,"geometry":{"type":"Point","coordinates":[-71.570581,42.804805]},"properties":{"site_name":"Central Portion of Howe Drive","other_site_names":null,"state":"New Hampshire","industry":"Superfund Site","matrix_type":"Groundwater","matrix":"Groundwater","year":2017,"pfoa":"965","pfos":"30","total_pfas":1161,"pfas_level":1161,"notes":"https://cumulis.epa.gov/supercpad/CurSites/csitinfo.cfm?id=0102034","regulation_gvt_link":null,"resources_link":"https://www4.des.state.nh.us/DESOneStop/PRSDetail.aspx?ID=0037571&Type=PRS","suspected_source_link":"https://nhdes.maps.arcgis.com/apps/View/index.html?appid=66770bef141c43a98a445c54a17720e2&extent=-73.5743,42.5413,-69.6852,45.4509","pfas_testing_link":"https://www4.des.state.nh.us/IISProxy/IISProxy.dll?ContentId=4696022","site_ref_link":"https://drive.google.com/drive/u/0/folders/15PkhJPM1YyIa1019ue78fAfZF2gdaDeM","state_ref_link":"https://drive.google.com/drive/u/0/folders/1RsSKYaEE8jqAw7pH05tDHRflkjUL3t5H","ObjectId":485}},{"type":"Feature","id":487,"geometry":{"type":"Point","coordinates":[-71.574226,42.804414]},"properties":{"site_name":"Southern Portion of Caldwell Drive","other_site_names":null,"state":"New Hampshire","industry":"Superfund Site","matrix_type":"Groundwater","matrix":"Groundwater","year":2017,"pfoa":"1,090","pfos":"13","total_pfas":1370,"pfas_level":1370,"notes":"Superfund Site https://cumulis.epa.gov/supercpad/CurSites/csitinfo.cfm?id=0102037 ","regulation_gvt_link":null,"resources_link":"https://www4.des.state.nh.us/DESOneStop/PRSDetail.aspx?ID=0037572&Type=PRS","suspected_source_link":"https://nhdes.maps.arcgis.com/apps/View/index.html?appid=66770bef141c43a98a445c54a17720e2&extent=-73.5743,42.5413,-69.6852,45.4509","pfas_testing_link":"https://www4.des.state.nh.us/IISProxy/IISProxy.dll?ContentId=4696023","site_ref_link":"https://drive.google.com/drive/u/0/folders/1Ym8AGf-fxo4h5TAm3AuXgXZtbIb3IVVE","state_ref_link":"https://drive.google.com/drive/u/0/folders/1RsSKYaEE8jqAw7pH05tDHRflkjUL3t5H","ObjectId":487}},{"type":"Feature","id":491,"geometry":{"type":"Point","coordinates":[-71.90887,43.110729]},"properties":{"site_name":"Hillsborough Area Work Center","other_site_names":null,"state":"New Hampshire","industry":"Unknown","matrix_type":"Groundwater","matrix":"Groundwater","year":2017,"pfoa":"434","pfos":"235","total_pfas":1597,"pfas_level":1597,"notes":null,"regulation_gvt_link":null,"resources_link":"https://www4.des.state.nh.us/DESOneStop/PRSDetail.aspx?ID=0032910&Type=PRS","suspected_source_link":"https://nhdes.maps.arcgis.com/apps/View/index.html?appid=66770bef141c43a98a445c54a17720e2&extent=-73.5743,42.5413,-69.6852,45.4509","pfas_testing_link":"https://www4.des.state.nh.us/IISProxy/IISProxy.dll?ContentId=4754948","site_ref_link":"https://drive.google.com/drive/u/0/folders/1OswJn35FqcwpvX06nss26fmsMAD5c5SN","state_ref_link":"https://drive.google.com/drive/u/0/folders/1RsSKYaEE8jqAw7pH05tDHRflkjUL3t5H","ObjectId":491}},{"type":"Feature","id":502,"geometry":{"type":"Point","coordinates":[-71.881541,43.11747]},"properties":{"site_name":"Hillsborough Wastewater Treatment Facility","other_site_names":null,"state":"New Hampshire","industry":"WWTP","matrix_type":"Groundwater","matrix":"Groundwater","year":2018,"pfoa":"2","pfos":"2","total_pfas":null,"pfas_level":4,"notes":null,"regulation_gvt_link":null,"resources_link":"https://www4.des.state.nh.us/DESOneStop/PRSDetail.aspx?ID=0000124&Type=PRS","suspected_source_link":"https://nhdes.maps.arcgis.com/apps/View/index.html?appid=66770bef141c43a98a445c54a17720e2&extent=-73.5743,42.5413,-69.6852,45.4509","pfas_testing_link":"https://www4.des.state.nh.us/IISProxy/IISProxy.dll?ContentId=4757787","site_ref_link":"https://drive.google.com/drive/u/0/folders/1Lk8j2htpAK1vvxj9LnS4RW-vQNHC_H4M","state_ref_link":"https://drive.google.com/drive/u/0/folders/1RsSKYaEE8jqAw7pH05tDHRflkjUL3t5H","ObjectId":502}},{"type":"Feature","id":507,"geometry":{"type":"Point","coordinates":[-72.275077,42.920441]},"properties":{"site_name":"Main Street Sunoco","other_site_names":null,"state":"New Hampshire","industry":"Industry","matrix_type":"Groundwater","matrix":"Groundwater","year":2018,"pfoa":null,"pfos":"5","total_pfas":null,"pfas_level":5,"notes":null,"regulation_gvt_link":null,"resources_link":"https://www4.des.state.nh.us/DESOneStop/PRSDetail.aspx?ID=0015786&Type=PRS","suspected_source_link":"https://nhdes.maps.arcgis.com/apps/View/index.html?appid=66770bef141c43a98a445c54a17720e2&extent=-73.5743,42.5413,-69.6852,45.4509","pfas_testing_link":"https://www4.des.state.nh.us/IISProxy/IISProxy.dll?ContentId=4757774","site_ref_link":"https://drive.google.com/drive/u/0/folders/1YZXeTkk1NXJZ9xRY3wMal_3pcSIyZC6i","state_ref_link":"https://drive.google.com/drive/u/0/folders/1RsSKYaEE8jqAw7pH05tDHRflkjUL3t5H","ObjectId":507}},{"type":"Feature","id":508,"geometry":{"type":"Point","coordinates":[-71.677058,43.705161]},"properties":{"site_name":"Faran Property","other_site_names":null,"state":"New Hampshire","industry":"Unknown","matrix_type":"Groundwater","matrix":"Groundwater","year":2018,"pfoa":"5","pfos":null,"total_pfas":null,"pfas_level":5,"notes":null,"regulation_gvt_link":null,"resources_link":"https://www4.des.state.nh.us/DESOneStop/PRSDetail.aspx?ID=0035350&Type=PRS","suspected_source_link":"https://nhdes.maps.arcgis.com/apps/View/index.html?appid=66770bef141c43a98a445c54a17720e2&extent=-73.5743,42.5413,-69.6852,45.4509","pfas_testing_link":"https://www4.des.state.nh.us/IISProxy/IISProxy.dll?ContentId=4766198","site_ref_link":"https://drive.google.com/drive/u/0/folders/1VeUKxSxt5rDG7dkBG7Kfl4glJBX1251n","state_ref_link":"https://drive.google.com/drive/u/0/folders/1RsSKYaEE8jqAw7pH05tDHRflkjUL3t5H","ObjectId":508}},{"type":"Feature","id":517,"geometry":{"type":"Point","coordinates":[-72.263951,42.921046]},"properties":{"site_name":"Timken Super Precision","other_site_names":null,"state":"New Hampshire","industry":"Landfill","matrix_type":"Groundwater","matrix":"Groundwater","year":2018,"pfoa":null,"pfos":"6","total_pfas":null,"pfas_level":6,"notes":null,"regulation_gvt_link":null,"resources_link":"https://www4.des.state.nh.us/DESOneStop/PRSDetail.aspx?ID=0000910&Type=PRS","suspected_source_link":"https://nhdes.maps.arcgis.com/apps/View/index.html?appid=66770bef141c43a98a445c54a17720e2&extent=-73.5743,42.5413,-69.6852,45.4509","pfas_testing_link":"https://www4.des.state.nh.us/IISProxy/IISProxy.dll?ContentId=4717161","site_ref_link":"https://drive.google.com/drive/u/0/folders/1p29ThrAfAjHwaPPqPXZzHiYybLQe5g36","state_ref_link":"https://drive.google.com/drive/u/0/folders/1RsSKYaEE8jqAw7pH05tDHRflkjUL3t5H","ObjectId":517}},{"type":"Feature","id":519,"geometry":{"type":"Point","coordinates":[-71.640859,43.69126]},"properties":{"site_name":"Ashland Landfill","other_site_names":null,"state":"New Hampshire","industry":"Landfill","matrix_type":"Groundwater","matrix":"Groundwater","year":2018,"pfoa":null,"pfos":null,"total_pfas":7,"pfas_level":7,"notes":null,"regulation_gvt_link":null,"resources_link":"https://www4.des.state.nh.us/DESOneStop/PRSDetail.aspx?ID=0000218&Type=PRS","suspected_source_link":"https://nhdes.maps.arcgis.com/apps/View/index.html?appid=66770bef141c43a98a445c54a17720e2&extent=-73.5743,42.5413,-69.6852,45.4509","pfas_testing_link":"https://www4.des.state.nh.us/IISProxy/IISProxy.dll?ContentId=4734342","site_ref_link":"https://drive.google.com/drive/u/0/folders/1x8cDk6C3bu341_0V1j8juAA3_IZjcuAS","state_ref_link":"https://drive.google.com/drive/u/0/folders/1RsSKYaEE8jqAw7pH05tDHRflkjUL3t5H","ObjectId":519}},{"type":"Feature","id":523,"geometry":{"type":"Point","coordinates":[-70.881962,42.881864]},"properties":{"site_name":"139 Folly Mill Road","other_site_names":null,"state":"New Hampshire","industry":"Unknown","matrix_type":"Groundwater","matrix":"Groundwater","year":2018,"pfoa":"3","pfos":"3","total_pfas":8,"pfas_level":8,"notes":"CR Electronics","regulation_gvt_link":null,"resources_link":"https://www4.des.state.nh.us/DESOneStop/PRSDetail.aspx?ID=0017357&Type=PRS","suspected_source_link":"https://nhdes.maps.arcgis.com/apps/View/index.html?appid=66770bef141c43a98a445c54a17720e2&extent=-73.5743,42.5413,-69.6852,45.4509","pfas_testing_link":"https://www4.des.state.nh.us/IISProxy/IISProxy.dll?ContentId=4743604","site_ref_link":"https://drive.google.com/drive/u/0/folders/1kNtTq1lvGKOW7pZwqdxtblVzvHhEtY1E","state_ref_link":"https://drive.google.com/drive/u/0/folders/1RsSKYaEE8jqAw7pH05tDHRflkjUL3t5H","ObjectId":523}},{"type":"Feature","id":527,"geometry":{"type":"Point","coordinates":[-72.170712,43.23973]},"properties":{"site_name":"Tri-State Car Crushing Facility","other_site_names":null,"state":"New Hampshire","industry":"Industry","matrix_type":"Groundwater","matrix":"Groundwater","year":2018,"pfoa":"3","pfos":"6","total_pfas":6,"pfas_level":9,"notes":null,"regulation_gvt_link":null,"resources_link":"https://www4.des.state.nh.us/DESOneStop/PRSDetail.aspx?ID=0016638&Type=PRS","suspected_source_link":"https://nhdes.maps.arcgis.com/apps/View/index.html?appid=66770bef141c43a98a445c54a17720e2&extent=-73.5743,42.5413,-69.6852,45.4509","pfas_testing_link":"https://www4.des.state.nh.us/IISProxy/IISProxy.dll?ContentId=4720251","site_ref_link":"https://drive.google.com/drive/u/0/folders/1dpUXCBINLuuXNwA_4GHhLbFxBnoPpMq9","state_ref_link":"https://drive.google.com/drive/u/0/folders/1RsSKYaEE8jqAw7pH05tDHRflkjUL3t5H","ObjectId":527}},{"type":"Feature","id":528,"geometry":{"type":"Point","coordinates":[-71.738441,42.842037]},"properties":{"site_name":"Wilton Packaging Group","other_site_names":null,"state":"New Hampshire","industry":"Industry","matrix_type":"Groundwater","matrix":"Groundwater","year":2018,"pfoa":"3","pfos":"2","total_pfas":9,"pfas_level":9,"notes":null,"regulation_gvt_link":null,"resources_link":"https://www4.des.state.nh.us/DESOneStop/PRSDetail.aspx?ID=0002817&Type=PRS","suspected_source_link":"https://nhdes.maps.arcgis.com/apps/View/index.html?appid=66770bef141c43a98a445c54a17720e2&extent=-73.5743,42.5413,-69.6852,45.4509","pfas_testing_link":"https://www4.des.state.nh.us/IISProxy/IISProxy.dll?ContentId=4749446","site_ref_link":"https://drive.google.com/drive/u/0/folders/1Cc4jfYrfyQ67tITU-7SCEzrp99qfZOH0","state_ref_link":"https://drive.google.com/drive/u/0/folders/1RsSKYaEE8jqAw7pH05tDHRflkjUL3t5H","ObjectId":528}},{"type":"Feature","id":529,"geometry":{"type":"Point","coordinates":[-71.538508,43.155493]},"properties":{"site_name":"Bow Landfill","other_site_names":null,"state":"New Hampshire","industry":"Landfill","matrix_type":"Groundwater","matrix":"Groundwater","year":2018,"pfoa":"4","pfos":"4","total_pfas":9,"pfas_level":9,"notes":null,"regulation_gvt_link":null,"resources_link":"https://www4.des.state.nh.us/DESOneStop/PRSDetail.aspx?ID=0000007&Type=PRS","suspected_source_link":"https://nhdes.maps.arcgis.com/apps/View/index.html?appid=66770bef141c43a98a445c54a17720e2&extent=-73.5743,42.5413,-69.6852,45.4509","pfas_testing_link":"https://www4.des.state.nh.us/IISProxy/IISProxy.dll?ContentId=4726699","site_ref_link":"https://drive.google.com/drive/u/0/folders/18oQTs7KLyWmPB1WJFU-lt-GablXKu0rN","state_ref_link":"https://drive.google.com/drive/u/0/folders/1RsSKYaEE8jqAw7pH05tDHRflkjUL3t5H","ObjectId":529}},{"type":"Feature","id":530,"geometry":{"type":"Point","coordinates":[-71.52582,43.793729]},"properties":{"site_name":"Sandwich Landfill","other_site_names":null,"state":"New Hampshire","industry":"Landfill","matrix_type":"Groundwater","matrix":"Groundwater","year":2018,"pfoa":"4","pfos":"5","total_pfas":9,"pfas_level":9,"notes":null,"regulation_gvt_link":null,"resources_link":"https://www4.des.state.nh.us/DESOneStop/PRSDetail.aspx?ID=0000096&Type=PRS","suspected_source_link":"https://nhdes.maps.arcgis.com/apps/View/index.html?appid=66770bef141c43a98a445c54a17720e2&extent=-73.5743,42.5413,-69.6852,45.4509","pfas_testing_link":"https://www4.des.state.nh.us/IISProxy/IISProxy.dll?ContentId=4740160","site_ref_link":"https://drive.google.com/drive/u/0/folders/1I-O9RpvpcCLG9X4dbDeK46Wg7fjnqRHr","state_ref_link":"https://drive.google.com/drive/u/0/folders/1RsSKYaEE8jqAw7pH05tDHRflkjUL3t5H","ObjectId":530}},{"type":"Feature","id":535,"geometry":{"type":"Point","coordinates":[-71.788038,43.443257]},"properties":{"site_name":"Andover Town Landfill","other_site_names":null,"state":"New Hampshire","industry":"Landfill","matrix_type":"Groundwater","matrix":"Groundwater","year":2018,"pfoa":"9","pfos":null,"total_pfas":null,"pfas_level":9,"notes":null,"regulation_gvt_link":null,"resources_link":"https://www4.des.state.nh.us/DESOneStop/PRSDetail.aspx?ID=0000160&Type=PRS","suspected_source_link":"https://nhdes.maps.arcgis.com/apps/View/index.html?appid=66770bef141c43a98a445c54a17720e2&extent=-73.5743,42.5413,-69.6852,45.4509","pfas_testing_link":"https://www4.des.state.nh.us/IISProxy/IISProxy.dll?ContentId=4743439","site_ref_link":"https://drive.google.com/drive/u/0/folders/1Ah46n6OoDbIAoPTMYhcNrl7MOaLLDs4C","state_ref_link":"https://drive.google.com/drive/u/0/folders/1RsSKYaEE8jqAw7pH05tDHRflkjUL3t5H","ObjectId":535}},{"type":"Feature","id":537,"geometry":{"type":"Point","coordinates":[-70.97567,43.287039]},"properties":{"site_name":"Solid Waste District Property Management Parcel","other_site_names":null,"state":"New Hampshire","industry":"Unknown","matrix_type":"Groundwater","matrix":"Groundwater","year":2018,"pfoa":null,"pfos":null,"total_pfas":10,"pfas_level":10,"notes":null,"regulation_gvt_link":null,"resources_link":"https://www4.des.state.nh.us/DESOneStop/PRSDetail.aspx?ID=0015112&Type=PRS","suspected_source_link":"https://nhdes.maps.arcgis.com/apps/View/index.html?appid=66770bef141c43a98a445c54a17720e2&extent=-73.5743,42.5413,-69.6852,45.4509","pfas_testing_link":"https://www4.des.state.nh.us/IISProxy/IISProxy.dll?ContentId=4720744","site_ref_link":"https://drive.google.com/drive/u/0/folders/1M-bQHK41axaGZwLZ2hjgO2P9DBouPQun","state_ref_link":"https://drive.google.com/drive/u/0/folders/1RsSKYaEE8jqAw7pH05tDHRflkjUL3t5H","ObjectId":537}},{"type":"Feature","id":538,"geometry":{"type":"Point","coordinates":[-71.89597,43.943135]},"properties":{"site_name":"Warren Landfill","other_site_names":null,"state":"New Hampshire","industry":"Landfill","matrix_type":"Groundwater","matrix":"Groundwater","year":2018,"pfoa":null,"pfos":null,"total_pfas":10,"pfas_level":10,"notes":null,"regulation_gvt_link":null,"resources_link":"https://www4.des.state.nh.us/DESOneStop/PRSDetail.aspx?ID=0002744&Type=PRS","suspected_source_link":"https://nhdes.maps.arcgis.com/apps/View/index.html?appid=66770bef141c43a98a445c54a17720e2&extent=-73.5743,42.5413,-69.6852,45.4509","pfas_testing_link":"https://www4.des.state.nh.us/IISProxy/IISProxy.dll?ContentId=4716558","site_ref_link":"https://drive.google.com/drive/u/0/folders/1rM4LYZDz9_iJvk7awlt7mBnH8XYwBbxR","state_ref_link":"https://drive.google.com/drive/u/0/folders/1RsSKYaEE8jqAw7pH05tDHRflkjUL3t5H","ObjectId":538}},{"type":"Feature","id":540,"geometry":{"type":"Point","coordinates":[-70.814014,43.113568]},"properties":{"site_name":"Sprague River Road Terminal","other_site_names":null,"state":"New Hampshire","industry":"Industry","matrix_type":"Groundwater","matrix":"Groundwater","year":2018,"pfoa":"8","pfos":"2","total_pfas":null,"pfas_level":10,"notes":null,"regulation_gvt_link":null,"resources_link":"https://www4.des.state.nh.us/DESOneStop/PRSDetail.aspx?ID=0000245&Type=PRS","suspected_source_link":"https://nhdes.maps.arcgis.com/apps/View/index.html?appid=66770bef141c43a98a445c54a17720e2&extent=-73.5743,42.5413,-69.6852,45.4509","pfas_testing_link":"https://www4.des.state.nh.us/IISProxy/IISProxy.dll?ContentId=4767003","site_ref_link":"https://drive.google.com/drive/u/0/folders/19AH86lLUI2R4lRExTxjPQk51Z6HrG1rF","state_ref_link":"https://drive.google.com/drive/u/0/folders/1RsSKYaEE8jqAw7pH05tDHRflkjUL3t5H","ObjectId":540}},{"type":"Feature","id":547,"geometry":{"type":"Point","coordinates":[-71.018467,43.229758]},"properties":{"site_name":"Barrington Landfill","other_site_names":null,"state":"New Hampshire","industry":"Landfill","matrix_type":"Groundwater","matrix":"Groundwater","year":2018,"pfoa":"11","pfos":null,"total_pfas":null,"pfas_level":11,"notes":null,"regulation_gvt_link":null,"resources_link":"https://www4.des.state.nh.us/DESOneStop/PRSDetail.aspx?ID=0000568&Type=PRS","suspected_source_link":"https://nhdes.maps.arcgis.com/apps/View/index.html?appid=66770bef141c43a98a445c54a17720e2&extent=-73.5743,42.5413,-69.6852,45.4509","pfas_testing_link":"https://www4.des.state.nh.us/IISProxy/IISProxy.dll?ContentId=4747882","site_ref_link":"https://drive.google.com/drive/u/0/folders/1G1dcPNBxv2qhYv-uDlNMc1f6JI00Gygi","state_ref_link":"https://drive.google.com/drive/u/0/folders/1RsSKYaEE8jqAw7pH05tDHRflkjUL3t5H","ObjectId":547}},{"type":"Feature","id":548,"geometry":{"type":"Point","coordinates":[-70.86718,43.205297]},"properties":{"site_name":"Goss International Americas","other_site_names":null,"state":"New Hampshire","industry":"Industry","matrix_type":"Groundwater","matrix":"Groundwater","year":2018,"pfoa":"3","pfos":"2","total_pfas":12,"pfas_level":12,"notes":null,"regulation_gvt_link":null,"resources_link":"https://www4.des.state.nh.us/DESOneStop/PRSDetail.aspx?ID=0002473&Type=PRS","suspected_source_link":"https://nhdes.maps.arcgis.com/apps/View/index.html?appid=66770bef141c43a98a445c54a17720e2&extent=-73.5743,42.5413,-69.6852,45.4509","pfas_testing_link":"https://www4.des.state.nh.us/IISProxy/IISProxy.dll?ContentId=4746934","site_ref_link":"https://drive.google.com/drive/u/0/folders/1zKTzERIiAlK4fu7GYy3dK0XfOsz4nsXk","state_ref_link":"https://drive.google.com/drive/u/0/folders/1RsSKYaEE8jqAw7pH05tDHRflkjUL3t5H","ObjectId":548}},{"type":"Feature","id":549,"geometry":{"type":"Point","coordinates":[-71.448814,42.771821]},"properties":{"site_name":"Melba Burton Property","other_site_names":null,"state":"New Hampshire","industry":"Unknown","matrix_type":"Groundwater","matrix":"Groundwater","year":2018,"pfoa":"8","pfos":null,"total_pfas":12,"pfas_level":12,"notes":null,"regulation_gvt_link":null,"resources_link":"https://www4.des.state.nh.us/DESOneStop/PRSDetail.aspx?ID=0007970&Type=PRS","suspected_source_link":"https://nhdes.maps.arcgis.com/apps/View/index.html?appid=66770bef141c43a98a445c54a17720e2&extent=-73.5743,42.5413,-69.6852,45.4509","pfas_testing_link":"https://www4.des.state.nh.us/IISProxy/IISProxy.dll?ContentId=4746641","site_ref_link":"https://drive.google.com/drive/u/0/folders/1HX4rscRVyKDdmY7KFrAdkVLH9hTFG6a2","state_ref_link":"https://drive.google.com/drive/u/0/folders/1RsSKYaEE8jqAw7pH05tDHRflkjUL3t5H","ObjectId":549}},{"type":"Feature","id":550,"geometry":{"type":"Point","coordinates":[-71.932447,42.911453]},"properties":{"site_name":"South Municipal Well","other_site_names":null,"state":"New Hampshire","industry":"Superfund Site","matrix_type":"Groundwater","matrix":"Groundwater","year":2018,"pfoa":"4","pfos":"8","total_pfas":12,"pfas_level":13,"notes":"Superfund Site https://cumulis.epa.gov/supercpad/SiteProfiles/index.cfm?fuseaction=second.Cleanup&id=0101146#Status","regulation_gvt_link":null,"resources_link":"https://www4.des.state.nh.us/DESOneStop/PRSDetail.aspx?ID=0000073&Type=PRS","suspected_source_link":"https://nhdes.maps.arcgis.com/apps/View/index.html?appid=66770bef141c43a98a445c54a17720e2&extent=-73.5743,42.5413,-69.6852,45.4509","pfas_testing_link":"https://www4.des.state.nh.us/IISProxy/IISProxy.dll?ContentId=4756023","site_ref_link":"https://drive.google.com/drive/u/0/folders/1pi5SFUVOdDd6TnTTHkgKKyY8Wy7v_xGp","state_ref_link":"https://drive.google.com/drive/u/0/folders/1RsSKYaEE8jqAw7pH05tDHRflkjUL3t5H","ObjectId":550}},{"type":"Feature","id":552,"geometry":{"type":"Point","coordinates":[-71.034219,43.179297]},"properties":{"site_name":"Tibbetts Road","other_site_names":null,"state":"New Hampshire","industry":"Superfund Site","matrix_type":"Groundwater","matrix":"Groundwater","year":2018,"pfoa":"2","pfos":"3","total_pfas":13,"pfas_level":13,"notes":null,"regulation_gvt_link":null,"resources_link":"https://www4.des.state.nh.us/DESOneStop/PRSDetail.aspx?ID=0001713&Type=PRS","suspected_source_link":"https://nhdes.maps.arcgis.com/apps/View/index.html?appid=66770bef141c43a98a445c54a17720e2&extent=-73.5743,42.5413,-69.6852,45.4509","pfas_testing_link":"https://www4.des.state.nh.us/IISProxy/IISProxy.dll?ContentId=4754507","site_ref_link":"https://drive.google.com/drive/u/0/folders/10dJsZ4-s9jDoG8mS4qFLt_eZjWhmpOmt","state_ref_link":"https://drive.google.com/drive/u/0/folders/1RsSKYaEE8jqAw7pH05tDHRflkjUL3t5H","ObjectId":552}},{"type":"Feature","id":558,"geometry":{"type":"Point","coordinates":[-71.059822,42.95354]},"properties":{"site_name":"Kingston Landfill","other_site_names":null,"state":"New Hampshire","industry":"Landfill","matrix_type":"Groundwater","matrix":"Groundwater","year":2018,"pfoa":"5","pfos":null,"total_pfas":15,"pfas_level":15,"notes":null,"regulation_gvt_link":null,"resources_link":"https://www4.des.state.nh.us/DESOneStop/PRSDetail.aspx?ID=0000282&Type=PRS","suspected_source_link":"https://nhdes.maps.arcgis.com/apps/View/index.html?appid=66770bef141c43a98a445c54a17720e2&extent=-73.5743,42.5413,-69.6852,45.4509","pfas_testing_link":"https://www4.des.state.nh.us/IISProxy/IISProxy.dll?ContentId=4818914","site_ref_link":"https://drive.google.com/drive/u/0/folders/1qjjha_yhatkz3Dh0tvQsXUSrJvmPZgg8","state_ref_link":"https://drive.google.com/drive/u/0/folders/1RsSKYaEE8jqAw7pH05tDHRflkjUL3t5H","ObjectId":558}},{"type":"Feature","id":562,"geometry":{"type":"Point","coordinates":[-71.095913,42.83827]},"properties":{"site_name":"Chart Industries (Former Process Engineering)","other_site_names":null,"state":"New Hampshire","industry":"Industry","matrix_type":"Groundwater","matrix":"Groundwater","year":2018,"pfoa":"6","pfos":null,"total_pfas":16,"pfas_level":16,"notes":null,"regulation_gvt_link":null,"resources_link":"https://www4.des.state.nh.us/DESOneStop/PRSDetail.aspx?ID=0000982&Type=PRS","suspected_source_link":"https://nhdes.maps.arcgis.com/apps/View/index.html?appid=66770bef141c43a98a445c54a17720e2&extent=-73.5743,42.5413,-69.6852,45.4509","pfas_testing_link":"https://www4.des.state.nh.us/IISProxy/IISProxy.dll?ContentId=4856549","site_ref_link":"https://drive.google.com/drive/u/0/folders/1mlrEMp_7tpVIeh3-FpoY0RCeXUkdUNFa","state_ref_link":"https://drive.google.com/drive/u/0/folders/1RsSKYaEE8jqAw7pH05tDHRflkjUL3t5H","ObjectId":562}},{"type":"Feature","id":563,"geometry":{"type":"Point","coordinates":[-71.713661,43.119008]},"properties":{"site_name":"Weare Transfer Station","other_site_names":null,"state":"New Hampshire","industry":"Landfill","matrix_type":"Groundwater","matrix":"Groundwater","year":2018,"pfoa":"7","pfos":"8","total_pfas":null,"pfas_level":16,"notes":null,"regulation_gvt_link":null,"resources_link":"https://www4.des.state.nh.us/DESOneStop/PRSDetail.aspx?ID=0000179&Type=PRS","suspected_source_link":"https://nhdes.maps.arcgis.com/apps/View/index.html?appid=66770bef141c43a98a445c54a17720e2&extent=-73.5743,42.5413,-69.6852,45.4509","pfas_testing_link":"https://www4.des.state.nh.us/IISProxy/IISProxy.dll?ContentId=4747592","site_ref_link":"https://drive.google.com/drive/u/0/folders/1d5zMj9D6CKKYHou5owwL5Rurb0y89jG8","state_ref_link":"https://drive.google.com/drive/u/0/folders/1RsSKYaEE8jqAw7pH05tDHRflkjUL3t5H","ObjectId":563}},{"type":"Feature","id":564,"geometry":{"type":"Point","coordinates":[-72.272479,43.364973]},"properties":{"site_name":"Claremont Landfill","other_site_names":null,"state":"New Hampshire","industry":"Landfill","matrix_type":"Groundwater","matrix":"Groundwater","year":2018,"pfoa":"5","pfos":null,"total_pfas":17,"pfas_level":17,"notes":null,"regulation_gvt_link":null,"resources_link":"https://www4.des.state.nh.us/DESOneStop/PRSDetail.aspx?ID=0000284&Type=PRS","suspected_source_link":"https://nhdes.maps.arcgis.com/apps/View/index.html?appid=66770bef141c43a98a445c54a17720e2&extent=-73.5743,42.5413,-69.6852,45.4509","pfas_testing_link":"https://www4.des.state.nh.us/IISProxy/IISProxy.dll?ContentId=4844952","site_ref_link":"https://drive.google.com/drive/u/0/folders/1uNjGFb0lefOFsY0DHA5gwZVvzmp2GVBn","state_ref_link":"https://drive.google.com/drive/u/0/folders/1RsSKYaEE8jqAw7pH05tDHRflkjUL3t5H","ObjectId":564}},{"type":"Feature","id":566,"geometry":{"type":"Point","coordinates":[-71.035079,43.576865]},"properties":{"site_name":"Wakefield Country Store Property","other_site_names":null,"state":"New Hampshire","industry":"Unknown","matrix_type":"Groundwater","matrix":"Groundwater","year":2018,"pfoa":"4","pfos":"4","total_pfas":18,"pfas_level":18,"notes":null,"regulation_gvt_link":null,"resources_link":"https://www4.des.state.nh.us/DESOneStop/PRSDetail.aspx?ID=0003939&Type=PRS","suspected_source_link":"https://nhdes.maps.arcgis.com/apps/View/index.html?appid=66770bef141c43a98a445c54a17720e2&extent=-73.5743,42.5413,-69.6852,45.4509","pfas_testing_link":"https://www4.des.state.nh.us/IISProxy/IISProxy.dll?ContentId=4827946","site_ref_link":"https://drive.google.com/drive/u/0/folders/1pizv_kaF_SnhS2TzHgCcHUdVRx0ekpeQ","state_ref_link":"https://drive.google.com/drive/u/0/folders/1RsSKYaEE8jqAw7pH05tDHRflkjUL3t5H","ObjectId":566}},{"type":"Feature","id":572,"geometry":{"type":"Point","coordinates":[-71.483308,42.769511]},"properties":{"site_name":"Fimbel Door Tannery Sludge Landfill","other_site_names":null,"state":"New Hampshire","industry":"Landfill","matrix_type":"Groundwater","matrix":"Groundwater","year":2018,"pfoa":"16","pfos":"4","total_pfas":13,"pfas_level":20,"notes":null,"regulation_gvt_link":null,"resources_link":"https://www4.des.state.nh.us/DESOneStop/PRSDetail.aspx?ID=0000405&Type=PRS","suspected_source_link":"https://nhdes.maps.arcgis.com/apps/View/index.html?appid=66770bef141c43a98a445c54a17720e2&extent=-73.5743,42.5413,-69.6852,45.4509","pfas_testing_link":"https://www4.des.state.nh.us/IISProxy/IISProxy.dll?ContentId=4759234","site_ref_link":"https://drive.google.com/drive/u/0/folders/1za5j3wM5V4_XoxSQfnivtvnxc7SiVXRv","state_ref_link":"https://drive.google.com/drive/u/0/folders/1RsSKYaEE8jqAw7pH05tDHRflkjUL3t5H","ObjectId":572}},{"type":"Feature","id":574,"geometry":{"type":"Point","coordinates":[-70.997727,42.965789]},"properties":{"site_name":"Cross Road Landfill","other_site_names":null,"state":"New Hampshire","industry":"Landfill","matrix_type":"Groundwater","matrix":"Groundwater","year":2018,"pfoa":"4","pfos":null,"total_pfas":20,"pfas_level":20,"notes":null,"regulation_gvt_link":null,"resources_link":"https://www4.des.state.nh.us/DESOneStop/PRSDetail.aspx?ID=0000978&Type=PRS","suspected_source_link":"https://nhdes.maps.arcgis.com/apps/View/index.html?appid=66770bef141c43a98a445c54a17720e2&extent=-73.5743,42.5413,-69.6852,45.4509","pfas_testing_link":"https://www4.des.state.nh.us/IISProxy/IISProxy.dll?ContentId=4827141","site_ref_link":"https://drive.google.com/drive/u/0/folders/1Zpw13V68eqdZSyUQ5Z_Emh-B7VyQSFHV","state_ref_link":"https://drive.google.com/drive/u/0/folders/1RsSKYaEE8jqAw7pH05tDHRflkjUL3t5H","ObjectId":574}},{"type":"Feature","id":580,"geometry":{"type":"Point","coordinates":[-71.185024,42.849765]},"properties":{"site_name":"Emery Drive Site","other_site_names":null,"state":"New Hampshire","industry":"Unknown","matrix_type":"Groundwater","matrix":"Groundwater","year":2018,"pfoa":"10","pfos":"8","total_pfas":21,"pfas_level":21,"notes":null,"regulation_gvt_link":null,"resources_link":"https://www4.des.state.nh.us/DESOneStop/PRSDetail.aspx?ID=0012309&Type=PRS","suspected_source_link":"https://nhdes.maps.arcgis.com/apps/View/index.html?appid=66770bef141c43a98a445c54a17720e2&extent=-73.5743,42.5413,-69.6852,45.4509","pfas_testing_link":"https://www4.des.state.nh.us/nh-pfas-investigation/wp-content/uploads/tables-pdf.pdf","site_ref_link":"https://drive.google.com/drive/u/0/folders/1KKheXYZmYX4r42t30n8w9194vcQ1PjaP","state_ref_link":"https://drive.google.com/drive/u/0/folders/1RsSKYaEE8jqAw7pH05tDHRflkjUL3t5H","ObjectId":580}},{"type":"Feature","id":581,"geometry":{"type":"Point","coordinates":[-71.045081,44.394564]},"properties":{"site_name":"Shelburne Landfill","other_site_names":null,"state":"New Hampshire","industry":"Landfill","matrix_type":"Groundwater","matrix":"Groundwater","year":2018,"pfoa":"8","pfos":"12","total_pfas":22,"pfas_level":22,"notes":null,"regulation_gvt_link":null,"resources_link":"https://www4.des.state.nh.us/DESOneStop/PRSDetail.aspx?ID=0000913&Type=PRS","suspected_source_link":"https://nhdes.maps.arcgis.com/apps/View/index.html?appid=66770bef141c43a98a445c54a17720e2&extent=-73.5743,42.5413,-69.6852,45.4509","pfas_testing_link":"https://www4.des.state.nh.us/IISProxy/IISProxy.dll?ContentId=4726538","site_ref_link":"https://drive.google.com/drive/u/0/folders/10NLr2EgqRWTnblLCMOjC16rc8r6aZX0u","state_ref_link":"https://drive.google.com/drive/u/0/folders/1RsSKYaEE8jqAw7pH05tDHRflkjUL3t5H","ObjectId":581}},{"type":"Feature","id":583,"geometry":{"type":"Point","coordinates":[-71.221642,43.09228]},"properties":{"site_name":"Deerfield Landfill","other_site_names":null,"state":"New Hampshire","industry":"Landfill","matrix_type":"Groundwater","matrix":"Groundwater","year":2018,"pfoa":"14","pfos":"4","total_pfas":24,"pfas_level":24,"notes":null,"regulation_gvt_link":null,"resources_link":"https://www4.des.state.nh.us/DESOneStop/PRSDetail.aspx?ID=0000020&Type=PRS","suspected_source_link":"https://nhdes.maps.arcgis.com/apps/View/index.html?appid=66770bef141c43a98a445c54a17720e2&extent=-73.5743,42.5413,-69.6852,45.4509","pfas_testing_link":"https://www4.des.state.nh.us/IISProxy/IISProxy.dll?ContentId=4807925","site_ref_link":"https://drive.google.com/drive/u/0/folders/1My3nNoZQBg0mmHk3jD1VImEPjUIDAjZs","state_ref_link":"https://drive.google.com/drive/u/0/folders/1RsSKYaEE8jqAw7pH05tDHRflkjUL3t5H","ObjectId":583}},{"type":"Feature","id":585,"geometry":{"type":"Point","coordinates":[-72.033743,44.14611]},"properties":{"site_name":"Former Cray Oil Facility","other_site_names":null,"state":"New Hampshire","industry":"Industry","matrix_type":"Groundwater","matrix":"Groundwater","year":2018,"pfoa":null,"pfos":"24","total_pfas":null,"pfas_level":24,"notes":null,"regulation_gvt_link":null,"resources_link":"https://www4.des.state.nh.us/DESOneStop/PRSDetail.aspx?ID=0013105&Type=PRS","suspected_source_link":"https://nhdes.maps.arcgis.com/apps/View/index.html?appid=66770bef141c43a98a445c54a17720e2&extent=-73.5743,42.5413,-69.6852,45.4509","pfas_testing_link":"https://www4.des.state.nh.us/IISProxy/IISProxy.dll?ContentId=4751078","site_ref_link":"https://drive.google.com/drive/u/0/folders/1HeXBFIlHdnNEvJjDLVeLHx1uqTYkSO6C","state_ref_link":"https://drive.google.com/drive/u/0/folders/1RsSKYaEE8jqAw7pH05tDHRflkjUL3t5H","ObjectId":585}},{"type":"Feature","id":586,"geometry":{"type":"Point","coordinates":[-71.853639,43.740436]},"properties":{"site_name":"Groton Town Dump","other_site_names":null,"state":"New Hampshire","industry":"Landfill","matrix_type":"Groundwater","matrix":"Groundwater","year":2018,"pfoa":"8","pfos":"18","total_pfas":22,"pfas_level":26,"notes":null,"regulation_gvt_link":null,"resources_link":"https://www4.des.state.nh.us/DESOneStop/PRSDetail.aspx?ID=0002748&Type=PRS","suspected_source_link":"https://nhdes.maps.arcgis.com/apps/View/index.html?appid=66770bef141c43a98a445c54a17720e2&extent=-73.5743,42.5413,-69.6852,45.4509","pfas_testing_link":"https://www4.des.state.nh.us/IISProxy/IISProxy.dll?ContentId=4750734","site_ref_link":"https://drive.google.com/drive/u/0/folders/1QoEyiYto-p2tdthBco78wkdDIN5e3CDw","state_ref_link":"https://drive.google.com/drive/u/0/folders/1RsSKYaEE8jqAw7pH05tDHRflkjUL3t5H","ObjectId":586}},{"type":"Feature","id":588,"geometry":{"type":"Point","coordinates":[-71.038239,42.907022]},"properties":{"site_name":"John's Truck & Auto Salvage","other_site_names":null,"state":"New Hampshire","industry":"Industry","matrix_type":"Groundwater","matrix":"Groundwater","year":2018,"pfoa":"7","pfos":"6","total_pfas":27,"pfas_level":27,"notes":null,"regulation_gvt_link":null,"resources_link":"https://www4.des.state.nh.us/DESOneStop/PRSDetail.aspx?ID=0034305&Type=PRS","suspected_source_link":"https://nhdes.maps.arcgis.com/apps/View/index.html?appid=66770bef141c43a98a445c54a17720e2&extent=-73.5743,42.5413,-69.6852,45.4509","pfas_testing_link":"https://www4.des.state.nh.us/IISProxy/IISProxy.dll?ContentId=4759662","site_ref_link":"https://drive.google.com/drive/u/0/folders/10v7YKDqdEErUlMDmcfRkk3O_u8tktaIg","state_ref_link":"https://drive.google.com/drive/u/0/folders/1RsSKYaEE8jqAw7pH05tDHRflkjUL3t5H","ObjectId":588}},{"type":"Feature","id":601,"geometry":{"type":"Point","coordinates":[-71.185761,43.035492]},"properties":{"site_name":"Former Regis Tannery","other_site_names":null,"state":"New Hampshire","industry":"Industry","matrix_type":"Groundwater","matrix":"Groundwater","year":2018,"pfoa":"1,230","pfos":"2,410","total_pfas":4413,"pfas_level":4413,"notes":null,"regulation_gvt_link":null,"resources_link":"https://www4.des.state.nh.us/DESOneStop/PRSDetail.aspx?ID=0000278&Type=PRS","suspected_source_link":"https://nhdes.maps.arcgis.com/apps/View/index.html?appid=66770bef141c43a98a445c54a17720e2&extent=-73.5743,42.5413,-69.6852,45.4509","pfas_testing_link":"https://www4.des.state.nh.us/IISProxy/IISProxy.dll?ContentId=4788376","site_ref_link":"https://drive.google.com/drive/u/0/folders/1e7K35eLQcEUNxcXAqVgTBMBh_tuYzmBO","state_ref_link":"https://drive.google.com/drive/u/0/folders/1RsSKYaEE8jqAw7pH05tDHRflkjUL3t5H","ObjectId":601}},{"type":"Feature","id":608,"geometry":{"type":"Point","coordinates":[-72.137343,43.375182]},"properties":{"site_name":"Former Dorr Woolen Facility","other_site_names":null,"state":"New Hampshire","industry":"Industry","matrix_type":"Groundwater","matrix":"Groundwater","year":2018,"pfoa":"1,960","pfos":"17","total_pfas":5324,"pfas_level":5324,"notes":null,"regulation_gvt_link":null,"resources_link":"https://www4.des.state.nh.us/DESOneStop/PRSDetail.aspx?ID=0013297&Type=PRS","suspected_source_link":"https://nhdes.maps.arcgis.com/apps/View/index.html?appid=66770bef141c43a98a445c54a17720e2&extent=-73.5743,42.5413,-69.6852,45.4509","pfas_testing_link":"https://www4.des.state.nh.us/IISProxy/IISProxy.dll?ContentId=4758774","site_ref_link":"https://drive.google.com/drive/u/0/folders/1SR_jVhvHmIzELzfveh8waKBgJ2D5xRKM","state_ref_link":"https://drive.google.com/drive/u/0/folders/1RsSKYaEE8jqAw7pH05tDHRflkjUL3t5H","ObjectId":608}},{"type":"Feature","id":620,"geometry":{"type":"Point","coordinates":[-71.249394,42.790403]},"properties":{"site_name":"23 Bus Road","other_site_names":null,"state":"New Hampshire","industry":"Unknown","matrix_type":"Groundwater","matrix":"Groundwater","year":2018,"pfoa":"957","pfos":"3,150","total_pfas":7887,"pfas_level":7887,"notes":null,"regulation_gvt_link":null,"resources_link":"https://www4.des.state.nh.us/DESOneStop/PRSDetail.aspx?ID=0038939&Type=PRS","suspected_source_link":"https://nhdes.maps.arcgis.com/apps/View/index.html?appid=66770bef141c43a98a445c54a17720e2&extent=-73.5743,42.5413,-69.6852,45.4509","pfas_testing_link":"https://www4.des.state.nh.us/IISProxy/IISProxy.dll?ContentId=4749421","site_ref_link":"https://drive.google.com/drive/u/0/folders/1QNArO6sHMbSQ-on8vI2x73gerxqCjraI","state_ref_link":"https://drive.google.com/drive/u/0/folders/1RsSKYaEE8jqAw7pH05tDHRflkjUL3t5H","ObjectId":620}},{"type":"Feature","id":659,"geometry":{"type":"Point","coordinates":[-71.212119,43.451908]},"properties":{"site_name":"Alton Traffic Circle (Tanker Rollover)","other_site_names":null,"state":"New Hampshire","industry":"Unknown","matrix_type":"Groundwater","matrix":"Groundwater","year":2018,"pfoa":"346","pfos":"39,500","total_pfas":42573,"pfas_level":42573,"notes":null,"regulation_gvt_link":null,"resources_link":"https://www4.des.state.nh.us/DESOneStop/PRSDetail.aspx?ID=0009234&Type=PRS","suspected_source_link":"https://nhdes.maps.arcgis.com/apps/View/index.html?appid=66770bef141c43a98a445c54a17720e2&extent=-73.5743,42.5413,-69.6852,45.4509","pfas_testing_link":"https://www4.des.state.nh.us/IISProxy/IISProxy.dll?ContentId=4820147","site_ref_link":"https://drive.google.com/drive/u/0/folders/1JT1xNIc-3gixTIAImU_TqXyByIU_ET-R","state_ref_link":"https://drive.google.com/drive/u/0/folders/1RsSKYaEE8jqAw7pH05tDHRflkjUL3t5H","ObjectId":659}},{"type":"Feature","id":707,"geometry":{"type":"Point","coordinates":[-71.338724,42.903743]},"properties":{"site_name":"24 Scobie Pond Road","other_site_names":null,"state":"New Hampshire","industry":"Unknown","matrix_type":"Groundwater","matrix":"Groundwater","year":2018,"pfoa":"59","pfos":"24","total_pfas":148,"pfas_level":148,"notes":null,"regulation_gvt_link":null,"resources_link":"https://www4.des.state.nh.us/DESOneStop/PRSDetail.aspx?ID=0038422&Type=PRS","suspected_source_link":"https://nhdes.maps.arcgis.com/apps/View/index.html?appid=66770bef141c43a98a445c54a17720e2&extent=-73.5743,42.5413,-69.6852,45.4509","pfas_testing_link":"https://www4.des.state.nh.us/IISProxy/IISProxy.dll?ContentId=4716483","site_ref_link":"https://drive.google.com/drive/u/0/folders/1hotpRNKPc_aCE4W5DB_hRRaL-JbMbrW8","state_ref_link":"https://drive.google.com/drive/u/0/folders/1RsSKYaEE8jqAw7pH05tDHRflkjUL3t5H","ObjectId":707}},{"type":"Feature","id":711,"geometry":{"type":"Point","coordinates":[-72.236586,43.68197]},"properties":{"site_name":"Hypertherm, Inc.","other_site_names":null,"state":"New Hampshire","industry":"Industry","matrix_type":"Groundwater","matrix":"Groundwater","year":2018,"pfoa":"6","pfos":"16","total_pfas":166,"pfas_level":166,"notes":null,"regulation_gvt_link":null,"resources_link":"https://www4.des.state.nh.us/DESOneStop/PRSDetail.aspx?ID=0006995&Type=PRS","suspected_source_link":"https://nhdes.maps.arcgis.com/apps/View/index.html?appid=66770bef141c43a98a445c54a17720e2&extent=-73.5743,42.5413,-69.6852,45.4509","pfas_testing_link":"https://www4.des.state.nh.us/IISProxy/IISProxy.dll?ContentId=4750740","site_ref_link":"https://drive.google.com/drive/u/0/folders/1MyHbILaz3xHxCRVcQZkWizhGiX9Oq0E0","state_ref_link":"https://drive.google.com/drive/u/0/folders/1RsSKYaEE8jqAw7pH05tDHRflkjUL3t5H","ObjectId":711}},{"type":"Feature","id":712,"geometry":{"type":"Point","coordinates":[-71.480119,42.724842]},"properties":{"site_name":"Shady Lane Landfill","other_site_names":null,"state":"New Hampshire","industry":"Landfill","matrix_type":"Groundwater","matrix":"Groundwater","year":2018,"pfoa":"59","pfos":"48","total_pfas":166,"pfas_level":166,"notes":null,"regulation_gvt_link":null,"resources_link":"https://www4.des.state.nh.us/DESOneStop/PRSDetail.aspx?ID=0000279&Type=PRS","suspected_source_link":"https://nhdes.maps.arcgis.com/apps/View/index.html?appid=66770bef141c43a98a445c54a17720e2&extent=-73.5743,42.5413,-69.6852,45.4509","pfas_testing_link":"https://www4.des.state.nh.us/IISProxy/IISProxy.dll?ContentId=4749878","site_ref_link":"https://drive.google.com/drive/u/0/folders/1RXlwURg3h9tPD8w9VF_CvxtnAM8RDYZh","state_ref_link":"https://drive.google.com/drive/u/0/folders/1RsSKYaEE8jqAw7pH05tDHRflkjUL3t5H","ObjectId":712}},{"type":"Feature","id":713,"geometry":{"type":"Point","coordinates":[-71.319881,43.015226]},"properties":{"site_name":"Auburn Landfill","other_site_names":null,"state":"New Hampshire","industry":"Landfill","matrix_type":"Groundwater","matrix":"Groundwater","year":2018,"pfoa":"39","pfos":"59","total_pfas":168,"pfas_level":168,"notes":null,"regulation_gvt_link":null,"resources_link":"https://www4.des.state.nh.us/DESOneStop/PRSDetail.aspx?ID=0001521&Type=PRS","suspected_source_link":"https://nhdes.maps.arcgis.com/apps/View/index.html?appid=66770bef141c43a98a445c54a17720e2&extent=-73.5743,42.5413,-69.6852,45.4509","pfas_testing_link":"https://www4.des.state.nh.us/IISProxy/IISProxy.dll?ContentId=4814171","site_ref_link":"https://drive.google.com/drive/u/0/folders/1Z2z21FluoXP3a-tzvsVI2adIxZQ5OFJ4","state_ref_link":"https://drive.google.com/drive/u/0/folders/1RsSKYaEE8jqAw7pH05tDHRflkjUL3t5H","ObjectId":713}},{"type":"Feature","id":715,"geometry":{"type":"Point","coordinates":[-71.392379,42.91955]},"properties":{"site_name":"Former LeClair Property","other_site_names":null,"state":"New Hampshire","industry":"Unknown","matrix_type":"Groundwater","matrix":"Groundwater","year":2018,"pfoa":"49","pfos":"13","total_pfas":172,"pfas_level":172,"notes":null,"regulation_gvt_link":null,"resources_link":"https://www4.des.state.nh.us/DESOneStop/PRSDetail.aspx?ID=0038715&Type=PRS","suspected_source_link":"https://nhdes.maps.arcgis.com/apps/View/index.html?appid=66770bef141c43a98a445c54a17720e2&extent=-73.5743,42.5413,-69.6852,45.4509","pfas_testing_link":"https://www4.des.state.nh.us/IISProxy/IISProxy.dll?ContentId=4743977","site_ref_link":"https://drive.google.com/drive/u/0/folders/1sgfwuf1w7KUCmDiUS0DFLDNZ9TANoQRf","state_ref_link":"https://drive.google.com/drive/u/0/folders/1RsSKYaEE8jqAw7pH05tDHRflkjUL3t5H","ObjectId":715}},{"type":"Feature","id":717,"geometry":{"type":"Point","coordinates":[-72.28911,43.169461]},"properties":{"site_name":"Acworth Town Landfill","other_site_names":null,"state":"New Hampshire","industry":"Landfill","matrix_type":"Groundwater","matrix":"Groundwater","year":2018,"pfoa":"65","pfos":"6","total_pfas":178,"pfas_level":178,"notes":null,"regulation_gvt_link":null,"resources_link":"https://www4.des.state.nh.us/DESOneStop/PRSDetail.aspx?ID=0001324&Type=PRS","suspected_source_link":"https://nhdes.maps.arcgis.com/apps/View/index.html?appid=66770bef141c43a98a445c54a17720e2&extent=-73.5743,42.5413,-69.6852,45.4509","pfas_testing_link":"https://www4.des.state.nh.us/IISProxy/IISProxy.dll?ContentId=4762235","site_ref_link":"https://drive.google.com/drive/u/0/folders/1sj6jCdD-I9ZDWVMSvHu2ymLEoxzFR03a","state_ref_link":"https://drive.google.com/drive/u/0/folders/1RsSKYaEE8jqAw7pH05tDHRflkjUL3t5H","ObjectId":717}},{"type":"Feature","id":723,"geometry":{"type":"Point","coordinates":[-70.759615,43.06067]},"properties":{"site_name":"Wentworth Scrap Metal Property","other_site_names":null,"state":"New Hampshire","industry":"Industry","matrix_type":"Groundwater","matrix":"Groundwater","year":2018,"pfoa":"27","pfos":"79","total_pfas":189,"pfas_level":189,"notes":null,"regulation_gvt_link":null,"resources_link":"https://www4.des.state.nh.us/DESOneStop/PRSDetail.aspx?ID=0015205&Type=PRS","suspected_source_link":"https://nhdes.maps.arcgis.com/apps/View/index.html?appid=66770bef141c43a98a445c54a17720e2&extent=-73.5743,42.5413,-69.6852,45.4509","pfas_testing_link":"https://www4.des.state.nh.us/IISProxy/IISProxy.dll?ContentId=4749160","site_ref_link":"https://drive.google.com/drive/u/0/folders/1LZjR83CbEnDEpUbffoGlhwNozjW0qBSV","state_ref_link":"https://drive.google.com/drive/u/0/folders/1RsSKYaEE8jqAw7pH05tDHRflkjUL3t5H","ObjectId":723}},{"type":"Feature","id":725,"geometry":{"type":"Point","coordinates":[-72.170537,42.820216]},"properties":{"site_name":"Troy Landfill","other_site_names":null,"state":"New Hampshire","industry":"Landfill","matrix_type":"Groundwater","matrix":"Groundwater","year":2018,"pfoa":"57","pfos":"34","total_pfas":195,"pfas_level":195,"notes":null,"regulation_gvt_link":null,"resources_link":"https://www4.des.state.nh.us/DESOneStop/PRSDetail.aspx?ID=0002074&Type=PRS","suspected_source_link":"https://nhdes.maps.arcgis.com/apps/View/index.html?appid=66770bef141c43a98a445c54a17720e2&extent=-73.5743,42.5413,-69.6852,45.4509","pfas_testing_link":"https://www4.des.state.nh.us/nh-pfas-investigation/wp-content/uploads/tables-pdf.pdf","site_ref_link":"https://drive.google.com/drive/u/0/folders/1ITn-iyEDTCvgDQvQSJFDlFe9bMPLtgah","state_ref_link":"https://drive.google.com/drive/u/0/folders/1RsSKYaEE8jqAw7pH05tDHRflkjUL3t5H","ObjectId":725}},{"type":"Feature","id":728,"geometry":{"type":"Point","coordinates":[-70.874158,43.200675]},"properties":{"site_name":"Cullen Residence","other_site_names":null,"state":"New Hampshire","industry":"Industry","matrix_type":"Groundwater","matrix":"Groundwater","year":2018,"pfoa":"39","pfos":"16","total_pfas":206,"pfas_level":206,"notes":null,"regulation_gvt_link":null,"resources_link":"https://www4.des.state.nh.us/DESOneStop/PRSDetail.aspx?ID=0037626&Type=PRS","suspected_source_link":"https://nhdes.maps.arcgis.com/apps/View/index.html?appid=66770bef141c43a98a445c54a17720e2&extent=-73.5743,42.5413,-69.6852,45.4509","pfas_testing_link":"https://www4.des.state.nh.us/IISProxy/IISProxy.dll?ContentId=4770148","site_ref_link":"https://drive.google.com/drive/u/0/folders/1Jlg7JwsG3nuH_duz3VX5z4wtGO8K3BQe","state_ref_link":"https://drive.google.com/drive/u/0/folders/1RsSKYaEE8jqAw7pH05tDHRflkjUL3t5H","ObjectId":728}},{"type":"Feature","id":731,"geometry":{"type":"Point","coordinates":[-70.773608,43.070168]},"properties":{"site_name":"Former Philip Singer Revocable Trust","other_site_names":null,"state":"New Hampshire","industry":"Unknown","matrix_type":"Groundwater","matrix":"Groundwater","year":2018,"pfoa":"27","pfos":"11","total_pfas":210,"pfas_level":210,"notes":null,"regulation_gvt_link":null,"resources_link":"https://www4.des.state.nh.us/DESOneStop/PRSDetail.aspx?ID=0037989&Type=PRS","suspected_source_link":"https://nhdes.maps.arcgis.com/apps/View/index.html?appid=66770bef141c43a98a445c54a17720e2&extent=-73.5743,42.5413,-69.6852,45.4509","pfas_testing_link":"https://www4.des.state.nh.us/IISProxy/IISProxy.dll?ContentId=4755164","site_ref_link":"https://drive.google.com/drive/u/0/folders/14VII9tylrP0conKIA17kKSGFIPD6hwMZ","state_ref_link":"https://drive.google.com/drive/u/0/folders/1RsSKYaEE8jqAw7pH05tDHRflkjUL3t5H","ObjectId":731}},{"type":"Feature","id":732,"geometry":{"type":"Point","coordinates":[-71.152033,44.520859]},"properties":{"site_name":"Berlin Town Landfill I","other_site_names":null,"state":"New Hampshire","industry":"Landfill","matrix_type":"Groundwater","matrix":"Groundwater","year":2018,"pfoa":"89","pfos":"53","total_pfas":210,"pfas_level":210,"notes":null,"regulation_gvt_link":null,"resources_link":"https://www4.des.state.nh.us/DESOneStop/PRSDetail.aspx?ID=0000004&Type=PRS","suspected_source_link":"https://nhdes.maps.arcgis.com/apps/View/index.html?appid=66770bef141c43a98a445c54a17720e2&extent=-73.5743,42.5413,-69.6852,45.4509","pfas_testing_link":"https://www4.des.state.nh.us/IISProxy/IISProxy.dll?ContentId=4759779","site_ref_link":"https://drive.google.com/drive/u/0/folders/18iZBzmbpfk9YzGbmAKFBOj4WrHeskOen","state_ref_link":"https://drive.google.com/drive/u/0/folders/1RsSKYaEE8jqAw7pH05tDHRflkjUL3t5H","ObjectId":732}},{"type":"Feature","id":733,"geometry":{"type":"Point","coordinates":[-72.095418,42.934118]},"properties":{"site_name":"Harrisville Landfill","other_site_names":null,"state":"New Hampshire","industry":"Landfill","matrix_type":"Groundwater","matrix":"Groundwater","year":2018,"pfoa":"63","pfos":"65","total_pfas":214,"pfas_level":214,"notes":null,"regulation_gvt_link":null,"resources_link":"https://www4.des.state.nh.us/DESOneStop/PRSDetail.aspx?ID=0000338&Type=PRS","suspected_source_link":"https://nhdes.maps.arcgis.com/apps/View/index.html?appid=66770bef141c43a98a445c54a17720e2&extent=-73.5743,42.5413,-69.6852,45.4509","pfas_testing_link":"https://www4.des.state.nh.us/IISProxy/IISProxy.dll?ContentId=4716123","site_ref_link":"https://drive.google.com/drive/u/0/folders/1ad7sY2mmNDrp2isOhAjvc6DJqaG2p3Fl","state_ref_link":"https://drive.google.com/drive/u/0/folders/1RsSKYaEE8jqAw7pH05tDHRflkjUL3t5H","ObjectId":733}},{"type":"Feature","id":735,"geometry":{"type":"Point","coordinates":[-72.278986,42.920824]},"properties":{"site_name":"Achille Agway","other_site_names":null,"state":"New Hampshire","industry":"Unknown","matrix_type":"Groundwater","matrix":"Groundwater","year":2018,"pfoa":"9","pfos":"3","total_pfas":218,"pfas_level":218,"notes":null,"regulation_gvt_link":null,"resources_link":"https://www4.des.state.nh.us/DESOneStop/PRSDetail.aspx?ID=0012544&Type=PRS","suspected_source_link":"https://nhdes.maps.arcgis.com/apps/View/index.html?appid=66770bef141c43a98a445c54a17720e2&extent=-73.5743,42.5413,-69.6852,45.4509","pfas_testing_link":"https://www4.des.state.nh.us/IISProxy/IISProxy.dll?ContentId=4845945","site_ref_link":"https://drive.google.com/drive/u/0/folders/12cmKymG2UymIw-8uXh3dS6vDShERur6C","state_ref_link":"https://drive.google.com/drive/u/0/folders/1RsSKYaEE8jqAw7pH05tDHRflkjUL3t5H","ObjectId":735}},{"type":"Feature","id":736,"geometry":{"type":"Point","coordinates":[-71.628382,44.260789]},"properties":{"site_name":"Bethlehem Town Landfill","other_site_names":null,"state":"New Hampshire","industry":"Landfill","matrix_type":"Groundwater","matrix":"Groundwater","year":2018,"pfoa":"44","pfos":"81","total_pfas":229,"pfas_level":229,"notes":null,"regulation_gvt_link":null,"resources_link":"https://www4.des.state.nh.us/DESOneStop/PRSDetail.aspx?ID=0000006&Type=PRS","suspected_source_link":"https://nhdes.maps.arcgis.com/apps/View/index.html?appid=66770bef141c43a98a445c54a17720e2&extent=-73.5743,42.5413,-69.6852,45.4509","pfas_testing_link":"https://www4.des.state.nh.us/IISProxy/IISProxy.dll?ContentId=4753726","site_ref_link":"https://drive.google.com/drive/u/0/folders/1yAz0mLqR_oHAO0960bM5iWX9sl1v1m4A","state_ref_link":"https://drive.google.com/drive/u/0/folders/1RsSKYaEE8jqAw7pH05tDHRflkjUL3t5H","ObjectId":736}},{"type":"Feature","id":739,"geometry":{"type":"Point","coordinates":[-72.263904,43.540073]},"properties":{"site_name":"Meriden Wastewater Treatment Facility","other_site_names":null,"state":"New Hampshire","industry":"WWTP","matrix_type":"Groundwater","matrix":"Groundwater","year":2018,"pfoa":"10","pfos":"7","total_pfas":236,"pfas_level":236,"notes":null,"regulation_gvt_link":null,"resources_link":"https://www4.des.state.nh.us/DESOneStop/PRSDetail.aspx?ID=0002935&Type=PRS","suspected_source_link":"https://nhdes.maps.arcgis.com/apps/View/index.html?appid=66770bef141c43a98a445c54a17720e2&extent=-73.5743,42.5413,-69.6852,45.4509","pfas_testing_link":"https://www4.des.state.nh.us/IISProxy/IISProxy.dll?ContentId=4757845","site_ref_link":"https://drive.google.com/drive/u/0/folders/1cJ3D_m6nBgBVB-PiPWu6Gd7QMfQTMjZc","state_ref_link":"https://drive.google.com/drive/u/0/folders/1RsSKYaEE8jqAw7pH05tDHRflkjUL3t5H","ObjectId":739}},{"type":"Feature","id":753,"geometry":{"type":"Point","coordinates":[-72.277972,42.935121]},"properties":{"site_name":"32 Washington Street","other_site_names":null,"state":"New Hampshire","industry":"Unknown","matrix_type":"Groundwater","matrix":"Groundwater","year":2018,"pfoa":"98","pfos":"30","total_pfas":362,"pfas_level":362,"notes":null,"regulation_gvt_link":null,"resources_link":"https://www4.des.state.nh.us/DESOneStop/PRSDetail.aspx?ID=0031675&Type=PRS","suspected_source_link":"https://nhdes.maps.arcgis.com/apps/View/index.html?appid=66770bef141c43a98a445c54a17720e2&extent=-73.5743,42.5413,-69.6852,45.4509","pfas_testing_link":"https://www4.des.state.nh.us/IISProxy/IISProxy.dll?ContentId=4747875","site_ref_link":"https://drive.google.com/drive/u/0/folders/1Z7SAMxCbNXJxJrsJdI6AWyqzXJM0DQKn","state_ref_link":"https://drive.google.com/drive/u/0/folders/1RsSKYaEE8jqAw7pH05tDHRflkjUL3t5H","ObjectId":753}},{"type":"Feature","id":757,"geometry":{"type":"Point","coordinates":[-70.931363,43.20668]},"properties":{"site_name":"Dover Landfill Superfund Site","other_site_names":"Dover Municipal Landfill","state":"New Hampshire","industry":"Landfill","matrix_type":"Groundwater","matrix":"Groundwater","year":2018,"pfoa":"110","pfos":"32","total_pfas":396,"pfas_level":396,"notes":null,"regulation_gvt_link":null,"resources_link":"https://www4.des.state.nh.us/DESOneStop/PRSDetail.aspx?ID=0001781&Type=PRS","suspected_source_link":"https://nhdes.maps.arcgis.com/apps/View/index.html?appid=66770bef141c43a98a445c54a17720e2&extent=-73.5743,42.5413,-69.6852,45.4509","pfas_testing_link":"https://www4.des.state.nh.us/IISProxy/IISProxy.dll?ContentId=4759735","site_ref_link":"https://drive.google.com/drive/u/0/folders/1zyjinvRX-QKgxCGJKXYVj8-I5ygQHBL4","state_ref_link":"https://drive.google.com/drive/u/0/folders/1RsSKYaEE8jqAw7pH05tDHRflkjUL3t5H","ObjectId":757}},{"type":"Feature","id":762,"geometry":{"type":"Point","coordinates":[-70.770692,43.068305]},"properties":{"site_name":"Plaza 800","other_site_names":null,"state":"New Hampshire","industry":"Unknown","matrix_type":"Groundwater","matrix":"Groundwater","year":2018,"pfoa":"100","pfos":"340","total_pfas":495,"pfas_level":495,"notes":null,"regulation_gvt_link":null,"resources_link":"https://www4.des.state.nh.us/DESOneStop/PRSDetail.aspx?ID=0000927&Type=PRS","suspected_source_link":"https://nhdes.maps.arcgis.com/apps/View/index.html?appid=66770bef141c43a98a445c54a17720e2&extent=-73.5743,42.5413,-69.6852,45.4509","pfas_testing_link":"https://www4.des.state.nh.us/nh-pfas-investigation/wp-content/uploads/tables-pdf.pdf","site_ref_link":"https://drive.google.com/drive/u/0/folders/1eTzp-W0u0QCcRMowPGv4XbOSxKfbJnBG","state_ref_link":"https://drive.google.com/drive/u/0/folders/1RsSKYaEE8jqAw7pH05tDHRflkjUL3t5H","ObjectId":762}},{"type":"Feature","id":763,"geometry":{"type":"Point","coordinates":[-71.44515,42.756122]},"properties":{"site_name":"Rousell/Gardner Park","other_site_names":null,"state":"New Hampshire","industry":"Landfill","matrix_type":"Groundwater","matrix":"Groundwater","year":2018,"pfoa":"253","pfos":null,"total_pfas":505,"pfas_level":505,"notes":null,"regulation_gvt_link":null,"resources_link":"https://www4.des.state.nh.us/DESOneStop/PRSDetail.aspx?ID=0011739&Type=PRS","suspected_source_link":"https://nhdes.maps.arcgis.com/apps/View/index.html?appid=66770bef141c43a98a445c54a17720e2&extent=-73.5743,42.5413,-69.6852,45.4509","pfas_testing_link":"https://www4.des.state.nh.us/IISProxy/IISProxy.dll?ContentId=4751260","site_ref_link":"https://drive.google.com/drive/u/0/folders/1QiinMB8ohCAsLw3uBdpuymdjSAavUjE7","state_ref_link":"https://drive.google.com/drive/u/0/folders/1RsSKYaEE8jqAw7pH05tDHRflkjUL3t5H","ObjectId":763}},{"type":"Feature","id":765,"geometry":{"type":"Point","coordinates":[-72.017334,43.312554]},"properties":{"site_name":"Newbury Landfill","other_site_names":null,"state":"New Hampshire","industry":"Landfill","matrix_type":"Groundwater","matrix":"Groundwater","year":2018,"pfoa":"48","pfos":"240","total_pfas":511,"pfas_level":511,"notes":null,"regulation_gvt_link":null,"resources_link":"https://www4.des.state.nh.us/DESOneStop/PRSDetail.aspx?ID=0000588&Type=PRS","suspected_source_link":"https://nhdes.maps.arcgis.com/apps/View/index.html?appid=66770bef141c43a98a445c54a17720e2&extent=-73.5743,42.5413,-69.6852,45.4509","pfas_testing_link":"https://www4.des.state.nh.us/IISProxy/IISProxy.dll?ContentId=4762860","site_ref_link":"https://drive.google.com/drive/u/0/folders/1KsVnIvB5x7WwBp3d79aGxsJI7LPi1bwL","state_ref_link":"https://drive.google.com/drive/u/0/folders/1RsSKYaEE8jqAw7pH05tDHRflkjUL3t5H","ObjectId":765}},{"type":"Feature","id":770,"geometry":{"type":"Point","coordinates":[-70.860984,43.173415]},"properties":{"site_name":"Former Elliot Rose Landfill","other_site_names":null,"state":"New Hampshire","industry":"Landfill","matrix_type":"Groundwater","matrix":"Groundwater","year":2018,"pfoa":"42","pfos":"520","total_pfas":546,"pfas_level":562,"notes":null,"regulation_gvt_link":null,"resources_link":"https://www4.des.state.nh.us/DESOneStop/PRSDetail.aspx?ID=0037945&Type=PRS","suspected_source_link":"https://nhdes.maps.arcgis.com/apps/View/index.html?appid=66770bef141c43a98a445c54a17720e2&extent=-73.5743,42.5413,-69.6852,45.4509","pfas_testing_link":"https://www4.des.state.nh.us/IISProxy/IISProxy.dll?ContentId=4734099","site_ref_link":"https://drive.google.com/drive/u/0/folders/1b06YuJd0PPXVCoPQsvw_uQ5DMJ9Dkwo-","state_ref_link":"https://drive.google.com/drive/u/0/folders/1RsSKYaEE8jqAw7pH05tDHRflkjUL3t5H","ObjectId":770}},{"type":"Feature","id":777,"geometry":{"type":"Point","coordinates":[-71.460573,43.36268]},"properties":{"site_name":"NH Motor Speedway","other_site_names":null,"state":"New Hampshire","industry":"Unknown","matrix_type":"Groundwater","matrix":"Groundwater","year":2018,"pfoa":"39","pfos":"240","total_pfas":718,"pfas_level":718,"notes":null,"regulation_gvt_link":null,"resources_link":"https://www4.des.state.nh.us/DESOneStop/PRSDetail.aspx?ID=0039231&Type=PRS","suspected_source_link":"https://nhdes.maps.arcgis.com/apps/View/index.html?appid=66770bef141c43a98a445c54a17720e2&extent=-73.5743,42.5413,-69.6852,45.4509","pfas_testing_link":"https://www4.des.state.nh.us/IISProxy/IISProxy.dll?ContentId=4827418","site_ref_link":"https://drive.google.com/drive/u/0/folders/1xD7Tsdct_isvnNlqtvyv2ac6Oo6OFFSB","state_ref_link":"https://drive.google.com/drive/u/0/folders/1RsSKYaEE8jqAw7pH05tDHRflkjUL3t5H","ObjectId":777}},{"type":"Feature","id":778,"geometry":{"type":"Point","coordinates":[-71.41146,42.969801]},"properties":{"site_name":"Comcast","other_site_names":null,"state":"New Hampshire","industry":"Unknown","matrix_type":"Groundwater","matrix":"Groundwater","year":2018,"pfoa":"42","pfos":"74","total_pfas":724,"pfas_level":724,"notes":null,"regulation_gvt_link":null,"resources_link":"https://www4.des.state.nh.us/DESOneStop/PRSDetail.aspx?ID=0012805&Type=PRS","suspected_source_link":"https://nhdes.maps.arcgis.com/apps/View/index.html?appid=66770bef141c43a98a445c54a17720e2&extent=-73.5743,42.5413,-69.6852,45.4509","pfas_testing_link":"https://www4.des.state.nh.us/IISProxy/IISProxy.dll?ContentId=4794898","site_ref_link":"https://drive.google.com/drive/u/0/folders/1Asy4404QxlsJAUMzcQFil7vi5r980DAS","state_ref_link":"https://drive.google.com/drive/u/0/folders/1RsSKYaEE8jqAw7pH05tDHRflkjUL3t5H","ObjectId":778}},{"type":"Feature","id":781,"geometry":{"type":"Point","coordinates":[-71.65028,43.442839]},"properties":{"site_name":"Former Ciao Pasta","other_site_names":null,"state":"New Hampshire","industry":"Unknown","matrix_type":"Groundwater","matrix":"Groundwater","year":2018,"pfoa":"120","pfos":"200","total_pfas":790,"pfas_level":790,"notes":null,"regulation_gvt_link":null,"resources_link":"https://www4.des.state.nh.us/DESOneStop/PRSDetail.aspx?ID=0037800&Type=PRS","suspected_source_link":"https://nhdes.maps.arcgis.com/apps/View/index.html?appid=66770bef141c43a98a445c54a17720e2&extent=-73.5743,42.5413,-69.6852,45.4509","pfas_testing_link":"https://www4.des.state.nh.us/IISProxy/IISProxy.dll?ContentId=4783973","site_ref_link":"https://drive.google.com/drive/u/0/folders/1fKrYDpYWsi9fyEpLi30Q56DkzrtFueMX","state_ref_link":"https://drive.google.com/drive/u/0/folders/1RsSKYaEE8jqAw7pH05tDHRflkjUL3t5H","ObjectId":781}},{"type":"Feature","id":785,"geometry":{"type":"Point","coordinates":[-71.461327,42.902947]},"properties":{"site_name":"Majestic Motors","other_site_names":null,"state":"New Hampshire","industry":"Industry","matrix_type":"Groundwater","matrix":"Groundwater","year":2018,"pfoa":"650","pfos":"34","total_pfas":921,"pfas_level":921,"notes":null,"regulation_gvt_link":null,"resources_link":"https://www4.des.state.nh.us/DESOneStop/PRSDetail.aspx?ID=0017144&Type=PRS","suspected_source_link":"https://nhdes.maps.arcgis.com/apps/View/index.html?appid=66770bef141c43a98a445c54a17720e2&extent=-73.5743,42.5413,-69.6852,45.4509","pfas_testing_link":"https://www4.des.state.nh.us/IISProxy/IISProxy.dll?ContentId=4734704","site_ref_link":"https://drive.google.com/drive/u/0/folders/1ssyprXW3oBcyVd8jE62jEwWQELBifMhu","state_ref_link":"https://drive.google.com/drive/u/0/folders/1RsSKYaEE8jqAw7pH05tDHRflkjUL3t5H","ObjectId":785}},{"type":"Feature","id":789,"geometry":{"type":"Point","coordinates":[-72.099433,43.314481]},"properties":{"site_name":"Goshen Landfill","other_site_names":null,"state":"New Hampshire","industry":"Landfill","matrix_type":"Groundwater","matrix":"Groundwater","year":2018,"pfoa":"317","pfos":"548","total_pfas":982,"pfas_level":982,"notes":null,"regulation_gvt_link":null,"resources_link":"https://www4.des.state.nh.us/DESOneStop/PRSDetail.aspx?ID=0000207&Type=PRS","suspected_source_link":"https://nhdes.maps.arcgis.com/apps/View/index.html?appid=66770bef141c43a98a445c54a17720e2&extent=-73.5743,42.5413,-69.6852,45.4509","pfas_testing_link":"https://www4.des.state.nh.us/IISProxy/IISProxy.dll?ContentId=4779086","site_ref_link":"https://drive.google.com/drive/u/0/folders/1k2v3Eex_vLrbKzdzxUwx2UrNBsYo6u4f","state_ref_link":"https://drive.google.com/drive/u/0/folders/1RsSKYaEE8jqAw7pH05tDHRflkjUL3t5H","ObjectId":789}},{"type":"Feature","id":791,"geometry":{"type":"Point","coordinates":[-71.492862,43.018372]},"properties":{"site_name":"Manchester Landfill","other_site_names":null,"state":"New Hampshire","industry":"Landfill","matrix_type":"Groundwater","matrix":"Groundwater","year":2018,"pfoa":"532","pfos":"48","total_pfas":999,"pfas_level":999,"notes":null,"regulation_gvt_link":null,"resources_link":"https://www4.des.state.nh.us/DESOneStop/PRSDetail.aspx?ID=0000047&Type=PRS","suspected_source_link":"https://nhdes.maps.arcgis.com/apps/View/index.html?appid=66770bef141c43a98a445c54a17720e2&extent=-73.5743,42.5413,-69.6852,45.4509","pfas_testing_link":"https://www4.des.state.nh.us/IISProxy/IISProxy.dll?ContentId=4829257","site_ref_link":"https://drive.google.com/drive/u/1/folders/1LRN9WENLkVTTm4CVFBbncCFQHSEv9D8-","state_ref_link":"https://drive.google.com/drive/u/0/folders/1RsSKYaEE8jqAw7pH05tDHRflkjUL3t5H","ObjectId":791}},{"type":"Feature","id":793,"geometry":{"type":"Point","coordinates":[-70.91519,43.170689]},"properties":{"site_name":"Former Madburry Metals","other_site_names":null,"state":"New Hampshire","industry":"Industry","matrix_type":"Groundwater","matrix":"Groundwater","year":2018,"pfoa":"425","pfos":"579","total_pfas":1028,"pfas_level":1028,"notes":"Former Madburry Metals facility","regulation_gvt_link":"https://www.des.nh.gov/organization/divisions/water/wmb/wqs/documents/r-wd-19-30.pdf","resources_link":"https://www4.des.state.nh.us/nh-pfas-investigation/","suspected_source_link":"http://www.fosters.com/news/20180717/dover-shuts-down-one-drinking-water-well-due-to-contamination","pfas_testing_link":null,"site_ref_link":"https://drive.google.com/drive/u/1/folders/1HQRWgLPnskZKM7rj4fSAG5rNZu1jNWG6","state_ref_link":"https://drive.google.com/drive/u/1/folders/1RsSKYaEE8jqAw7pH05tDHRflkjUL3t5H","ObjectId":793}},{"type":"Feature","id":797,"geometry":{"type":"Point","coordinates":[-71.535584,44.604177]},"properties":{"site_name":"Groveton Landfill","other_site_names":null,"state":"New Hampshire","industry":"Landfill","matrix_type":"Groundwater","matrix":"Groundwater","year":2018,"pfoa":"107","pfos":"232","total_pfas":1074,"pfas_level":1074,"notes":null,"regulation_gvt_link":null,"resources_link":"https://www4.des.state.nh.us/DESOneStop/PRSDetail.aspx?ID=0000475&Type=PRS","suspected_source_link":"https://nhdes.maps.arcgis.com/apps/View/index.html?appid=66770bef141c43a98a445c54a17720e2&extent=-73.5743,42.5413,-69.6852,45.4509","pfas_testing_link":"https://www4.des.state.nh.us/IISProxy/IISProxy.dll?ContentId=4834696","site_ref_link":"https://drive.google.com/drive/u/0/folders/1FJgg-BZjfESOx0VygVBO8FEqwTqzdgJt","state_ref_link":"https://drive.google.com/drive/u/0/folders/1RsSKYaEE8jqAw7pH05tDHRflkjUL3t5H","ObjectId":797}},{"type":"Feature","id":834,"geometry":{"type":"Point","coordinates":[-71.312875,43.666185]},"properties":{"site_name":"Camp Winaukee","other_site_names":null,"state":"New Hampshire","industry":"Unknown","matrix_type":"Groundwater","matrix":"Groundwater","year":2019,"pfoa":"2","pfos":"3","total_pfas":null,"pfas_level":5,"notes":null,"regulation_gvt_link":null,"resources_link":"https://www4.des.state.nh.us/DESOneStop/PRSDetail.aspx?ID=0008320&Type=PRS","suspected_source_link":"https://nhdes.maps.arcgis.com/apps/View/index.html?appid=66770bef141c43a98a445c54a17720e2&extent=-73.5743,42.5413,-69.6852,45.4509","pfas_testing_link":"https://www4.des.state.nh.us/IISProxy/IISProxy.dll?ContentId=4776657","site_ref_link":"https://drive.google.com/drive/u/0/folders/1WTW0aO8KjIDQoJ2mYhnK0lcY_gIOTTcq","state_ref_link":"https://drive.google.com/drive/u/0/folders/1RsSKYaEE8jqAw7pH05tDHRflkjUL3t5H","ObjectId":834}},{"type":"Feature","id":884,"geometry":{"type":"Point","coordinates":[-71.653828,43.878523]},"properties":{"site_name":"Thornton Landfill","other_site_names":null,"state":"New Hampshire","industry":"Landfill","matrix_type":"Groundwater","matrix":"Groundwater","year":2019,"pfoa":"14","pfos":null,"total_pfas":23,"pfas_level":23,"notes":null,"regulation_gvt_link":null,"resources_link":"https://www4.des.state.nh.us/DESOneStop/PRSDetail.aspx?ID=0002690&Type=PRS","suspected_source_link":"https://nhdes.maps.arcgis.com/apps/View/index.html?appid=66770bef141c43a98a445c54a17720e2&extent=-73.5743,42.5413,-69.6852,45.4509","pfas_testing_link":"https://www4.des.state.nh.us/IISProxy/IISProxy.dll?ContentId=4821252","site_ref_link":"https://drive.google.com/drive/u/0/folders/12lEyCeF5ZgCddD-yF0KPnoHFYn_SNOut","state_ref_link":"https://drive.google.com/drive/u/0/folders/1RsSKYaEE8jqAw7pH05tDHRflkjUL3t5H","ObjectId":884}},{"type":"Feature","id":887,"geometry":{"type":"Point","coordinates":[-72.27089,42.930782]},"properties":{"site_name":"Findings Inc","other_site_names":null,"state":"New Hampshire","industry":"Industry","matrix_type":"Groundwater","matrix":"Groundwater","year":2019,"pfoa":"8","pfos":"3","total_pfas":25,"pfas_level":25,"notes":"Jewelry shop","regulation_gvt_link":null,"resources_link":"https://www4.des.state.nh.us/DESOneStop/PRSDetail.aspx?ID=0033819&Type=PRS","suspected_source_link":"https://nhdes.maps.arcgis.com/apps/View/index.html?appid=66770bef141c43a98a445c54a17720e2&extent=-73.5743,42.5413,-69.6852,45.4509","pfas_testing_link":"https://www4.des.state.nh.us/nh-pfas-investigation/wp-content/uploads/tables-pdf.pdf","site_ref_link":"https://drive.google.com/drive/u/0/folders/1vOu59QDlZOXkor_f_Hm-aWP19xa7e0o_","state_ref_link":"https://drive.google.com/drive/u/0/folders/1RsSKYaEE8jqAw7pH05tDHRflkjUL3t5H","ObjectId":887}},{"type":"Feature","id":891,"geometry":{"type":"Point","coordinates":[-71.157342,44.789115]},"properties":{"site_name":"Errol Landfill","other_site_names":null,"state":"New Hampshire","industry":"Landfill","matrix_type":"Groundwater","matrix":"Groundwater","year":2019,"pfoa":"21","pfos":"6","total_pfas":null,"pfas_level":26,"notes":null,"regulation_gvt_link":null,"resources_link":"https://www4.des.state.nh.us/DESOneStop/PRSDetail.aspx?ID=0001800&Type=PRS","suspected_source_link":"https://nhdes.maps.arcgis.com/apps/View/index.html?appid=66770bef141c43a98a445c54a17720e2&extent=-73.5743,42.5413,-69.6852,45.4509","pfas_testing_link":"https://www4.des.state.nh.us/IISProxy/IISProxy.dll?ContentId=4813102","site_ref_link":"https://drive.google.com/drive/u/0/folders/11yEF8wxZB4lkpTQWpMBmoEV7UJSg6BoV","state_ref_link":"https://drive.google.com/drive/u/0/folders/1RsSKYaEE8jqAw7pH05tDHRflkjUL3t5H","ObjectId":891}},{"type":"Feature","id":893,"geometry":{"type":"Point","coordinates":[-71.6554,42.8358]},"properties":{"site_name":"Fletcher's Paint Works & Storage","other_site_names":null,"state":"New Hampshire","industry":"Industry","matrix_type":"Groundwater","matrix":"Groundwater","year":2019,"pfoa":"11","pfos":"15","total_pfas":28,"pfas_level":28,"notes":null,"regulation_gvt_link":null,"resources_link":"https://cumulis.epa.gov/supercpad/SiteProfiles/index.cfm?fuseaction=second.cleanup&id=0101085","suspected_source_link":"https://cumulis.epa.gov/supercpad/SiteProfiles/index.cfm?fuseaction=second.cleanup&id=0101085#bkground","pfas_testing_link":"https://semspub.epa.gov/work/01/100024113.pdf","site_ref_link":"https://drive.google.com/drive/folders/14cKhO3mD99xxzFN2-LxGoauZ8MKi5wnj?usp=drive_link","state_ref_link":"https://drive.google.com/drive/folders/1SxG8pO_505SbeIQXOB0ObELHth0xDizs?usp=drive_link","ObjectId":893}},{"type":"Feature","id":898,"geometry":{"type":"Point","coordinates":[-71.737353,42.960419]},"properties":{"site_name":"New Boston Landfill","other_site_names":null,"state":"New Hampshire","industry":"Landfill","matrix_type":"Groundwater","matrix":"Groundwater","year":2019,"pfoa":"15","pfos":"4","total_pfas":30,"pfas_level":30,"notes":null,"regulation_gvt_link":null,"resources_link":"https://www4.des.state.nh.us/DESOneStop/PRSDetail.aspx?ID=0000274&Type=PRS","suspected_source_link":"https://nhdes.maps.arcgis.com/apps/View/index.html?appid=66770bef141c43a98a445c54a17720e2&extent=-73.5743,42.5413,-69.6852,45.4509","pfas_testing_link":"https://www4.des.state.nh.us/nh-pfas-investigation/wp-content/uploads/tables-pdf.pdf","site_ref_link":"https://drive.google.com/drive/u/1/folders/1-dhx6DP54S78gLWQjO4rxhXgKpP415WB","state_ref_link":"https://drive.google.com/drive/u/0/folders/1RsSKYaEE8jqAw7pH05tDHRflkjUL3t5H","ObjectId":898}},{"type":"Feature","id":899,"geometry":{"type":"Point","coordinates":[-71.501061,43.691662]},"properties":{"site_name":"Center Harbor Landfill","other_site_names":null,"state":"New Hampshire","industry":"Landfill","matrix_type":"Groundwater","matrix":"Groundwater","year":2019,"pfoa":"9","pfos":"20","total_pfas":30,"pfas_level":30,"notes":null,"regulation_gvt_link":null,"resources_link":"https://www4.des.state.nh.us/DESOneStop/PRSDetail.aspx?ID=0000648&Type=PRS","suspected_source_link":"https://nhdes.maps.arcgis.com/apps/View/index.html?appid=66770bef141c43a98a445c54a17720e2&extent=-73.5743,42.5413,-69.6852,45.4509","pfas_testing_link":"https://www4.des.state.nh.us/IISProxy/IISProxy.dll?ContentId=4803501","site_ref_link":"https://drive.google.com/drive/u/0/folders/1GGMiECDfUVaBpQ-DtW4Figbql9wT4LX-","state_ref_link":"https://drive.google.com/drive/u/0/folders/1RsSKYaEE8jqAw7pH05tDHRflkjUL3t5H","ObjectId":899}},{"type":"Feature","id":908,"geometry":{"type":"Point","coordinates":[-72.154854,43.457347]},"properties":{"site_name":"Croydon Landfill","other_site_names":null,"state":"New Hampshire","industry":"Landfill","matrix_type":"Groundwater","matrix":"Groundwater","year":2019,"pfoa":"3","pfos":"13","total_pfas":34,"pfas_level":34,"notes":null,"regulation_gvt_link":null,"resources_link":"https://www4.des.state.nh.us/DESOneStop/PRSDetail.aspx?ID=0002807&Type=PRS","suspected_source_link":"https://nhdes.maps.arcgis.com/apps/View/index.html?appid=66770bef141c43a98a445c54a17720e2&extent=-73.5743,42.5413,-69.6852,45.4509","pfas_testing_link":"https://www4.des.state.nh.us/IISProxy/IISProxy.dll?ContentId=4768854","site_ref_link":"https://drive.google.com/drive/u/0/folders/1SlL_9PNuVUeIy01-MaG2ENF2PBLhNg0Z","state_ref_link":"https://drive.google.com/drive/u/0/folders/1RsSKYaEE8jqAw7pH05tDHRflkjUL3t5H","ObjectId":908}},{"type":"Feature","id":912,"geometry":{"type":"Point","coordinates":[-70.876288,43.18295]},"properties":{"site_name":"Moore Business Equipment","other_site_names":null,"state":"New Hampshire","industry":"Industry","matrix_type":"Groundwater","matrix":"Groundwater","year":2019,"pfoa":"8","pfos":"7","total_pfas":35,"pfas_level":35,"notes":null,"regulation_gvt_link":null,"resources_link":"https://www4.des.state.nh.us/DESOneStop/PRSDetail.aspx?ID=0010870&Type=PRS","suspected_source_link":"https://nhdes.maps.arcgis.com/apps/View/index.html?appid=66770bef141c43a98a445c54a17720e2&extent=-73.5743,42.5413,-69.6852,45.4509","pfas_testing_link":"https://www4.des.state.nh.us/IISProxy/IISProxy.dll?ContentId=4768852","site_ref_link":"https://drive.google.com/drive/u/0/folders/1stBeyDp9XlWwgNQEp5iGjDm02tkTM1Ez","state_ref_link":"https://drive.google.com/drive/u/0/folders/1RsSKYaEE8jqAw7pH05tDHRflkjUL3t5H","ObjectId":912}},{"type":"Feature","id":915,"geometry":{"type":"Point","coordinates":[-71.750725,42.838081]},"properties":{"site_name":"Wilton Sanitary Landfill","other_site_names":null,"state":"New Hampshire","industry":"Landfill","matrix_type":"Groundwater","matrix":"Groundwater","year":2019,"pfoa":"21","pfos":"12","total_pfas":36,"pfas_level":36,"notes":null,"regulation_gvt_link":null,"resources_link":"https://www4.des.state.nh.us/DESOneStop/PRSDetail.aspx?ID=0000198&Type=PRS","suspected_source_link":"https://nhdes.maps.arcgis.com/apps/View/index.html?appid=66770bef141c43a98a445c54a17720e2&extent=-73.5743,42.5413,-69.6852,45.4509","pfas_testing_link":"https://www4.des.state.nh.us/IISProxy/IISProxy.dll?ContentId=4820763","site_ref_link":"https://drive.google.com/drive/u/0/folders/1Fw-L-PNbMLaAjr3TKt302ambr4tS1pkN","state_ref_link":"https://drive.google.com/drive/u/0/folders/1RsSKYaEE8jqAw7pH05tDHRflkjUL3t5H","ObjectId":915}},{"type":"Feature","id":916,"geometry":{"type":"Point","coordinates":[-70.991984,43.434072]},"properties":{"site_name":"Milton Town Landfill","other_site_names":null,"state":"New Hampshire","industry":"Landfill","matrix_type":"Groundwater","matrix":"Groundwater","year":2019,"pfoa":"11","pfos":"25","total_pfas":null,"pfas_level":36,"notes":null,"regulation_gvt_link":null,"resources_link":"https://www4.des.state.nh.us/DESOneStop/PRSDetail.aspx?ID=0001966&Type=PRS","suspected_source_link":"https://nhdes.maps.arcgis.com/apps/View/index.html?appid=66770bef141c43a98a445c54a17720e2&extent=-73.5743,42.5413,-69.6852,45.4509","pfas_testing_link":"https://www4.des.state.nh.us/nh-pfas-investigation/wp-content/uploads/tables-pdf.pdf","site_ref_link":"https://drive.google.com/drive/u/0/folders/1_aSx9dgco_LfVgpTZsKIfRlI6Ur9t8ao","state_ref_link":"https://drive.google.com/drive/u/0/folders/1RsSKYaEE8jqAw7pH05tDHRflkjUL3t5H","ObjectId":916}},{"type":"Feature","id":918,"geometry":{"type":"Point","coordinates":[-72.287597,42.923843]},"properties":{"site_name":"Riverside Plaza","other_site_names":null,"state":"New Hampshire","industry":"Unknown","matrix_type":"Groundwater","matrix":"Groundwater","year":2019,"pfoa":"8","pfos":"5","total_pfas":38,"pfas_level":38,"notes":null,"regulation_gvt_link":null,"resources_link":"https://www4.des.state.nh.us/DESOneStop/PRSDetail.aspx?ID=0002820&Type=PRS","suspected_source_link":"https://nhdes.maps.arcgis.com/apps/View/index.html?appid=66770bef141c43a98a445c54a17720e2&extent=-73.5743,42.5413,-69.6852,45.4509","pfas_testing_link":"https://www4.des.state.nh.us/IISProxy/IISProxy.dll?ContentId=4832731","site_ref_link":"https://drive.google.com/drive/u/0/folders/1pmMdNGFvOg-rdOzj0ADb3w_jZUUHdAy9","state_ref_link":"https://drive.google.com/drive/u/0/folders/1RsSKYaEE8jqAw7pH05tDHRflkjUL3t5H","ObjectId":918}},{"type":"Feature","id":920,"geometry":{"type":"Point","coordinates":[-71.039206,43.375302]},"properties":{"site_name":"Cardinal Landfill","other_site_names":null,"state":"New Hampshire","industry":"Landfill","matrix_type":"Groundwater","matrix":"Groundwater","year":2019,"pfoa":"6","pfos":"5","total_pfas":39,"pfas_level":39,"notes":null,"regulation_gvt_link":null,"resources_link":"https://www4.des.state.nh.us/DESOneStop/PRSDetail.aspx?ID=0000027&Type=PRS","suspected_source_link":"https://nhdes.maps.arcgis.com/apps/View/index.html?appid=66770bef141c43a98a445c54a17720e2&extent=-73.5743,42.5413,-69.6852,45.4509","pfas_testing_link":"https://www4.des.state.nh.us/IISProxy/IISProxy.dll?ContentId=4827982","site_ref_link":"https://drive.google.com/drive/u/0/folders/1UPSNoGPDKMVdwjfUB051hAoe4EBwpWPw","state_ref_link":"https://drive.google.com/drive/u/0/folders/1RsSKYaEE8jqAw7pH05tDHRflkjUL3t5H","ObjectId":920}},{"type":"Feature","id":922,"geometry":{"type":"Point","coordinates":[-70.87633,43.198378]},"properties":{"site_name":"Varney Cleaners","other_site_names":null,"state":"New Hampshire","industry":"Industry","matrix_type":"Groundwater","matrix":"Groundwater","year":2019,"pfoa":"9","pfos":"12","total_pfas":40,"pfas_level":40,"notes":null,"regulation_gvt_link":null,"resources_link":"https://www4.des.state.nh.us/DESOneStop/PRSDetail.aspx?ID=0024199&Type=PRS","suspected_source_link":"https://nhdes.maps.arcgis.com/apps/View/index.html?appid=66770bef141c43a98a445c54a17720e2&extent=-73.5743,42.5413,-69.6852,45.4509","pfas_testing_link":"https://www4.des.state.nh.us/IISProxy/IISProxy.dll?ContentId=4779077","site_ref_link":"https://drive.google.com/drive/u/0/folders/1zEN7ZOANSr70nQhUuQjNXaSn3B88CBRu","state_ref_link":"https://drive.google.com/drive/u/0/folders/1RsSKYaEE8jqAw7pH05tDHRflkjUL3t5H","ObjectId":922}},{"type":"Feature","id":926,"geometry":{"type":"Point","coordinates":[-71.473314,43.523241]},"properties":{"site_name":"Former ABC Fabricators","other_site_names":null,"state":"New Hampshire","industry":"Industry","matrix_type":"Groundwater","matrix":"Groundwater","year":2019,"pfoa":"16","pfos":"27","total_pfas":null,"pfas_level":43,"notes":null,"regulation_gvt_link":null,"resources_link":"https://www4.des.state.nh.us/DESOneStop/PRSDetail.aspx?ID=0028683&Type=PRS","suspected_source_link":"https://nhdes.maps.arcgis.com/apps/View/index.html?appid=66770bef141c43a98a445c54a17720e2&extent=-73.5743,42.5413,-69.6852,45.4509","pfas_testing_link":"https://www4.des.state.nh.us/nh-pfas-investigation/wp-content/uploads/tables-pdf.pdf","site_ref_link":"https://drive.google.com/drive/u/0/folders/1PDyT1HONRXx1hamcGLksPtjSbEn5czKX","state_ref_link":"https://drive.google.com/drive/u/0/folders/1RsSKYaEE8jqAw7pH05tDHRflkjUL3t5H","ObjectId":926}},{"type":"Feature","id":928,"geometry":{"type":"Point","coordinates":[-71.097495,43.025089]},"properties":{"site_name":"Buxton Oil","other_site_names":null,"state":"New Hampshire","industry":"Industry","matrix_type":"Groundwater","matrix":"Groundwater","year":2019,"pfoa":"12","pfos":"28","total_pfas":44,"pfas_level":44,"notes":null,"regulation_gvt_link":null,"resources_link":"https://www4.des.state.nh.us/DESOneStop/PRSDetail.aspx?ID=0038520&Type=PRS","suspected_source_link":"https://nhdes.maps.arcgis.com/apps/View/index.html?appid=66770bef141c43a98a445c54a17720e2&extent=-73.5743,42.5413,-69.6852,45.4509","pfas_testing_link":"https://www4.des.state.nh.us/IISProxy/IISProxy.dll?ContentId=4843894","site_ref_link":"https://drive.google.com/drive/u/0/folders/16wcUtUvhsHTN3vdR5Bpj1JifarC__bGx","state_ref_link":"https://drive.google.com/drive/u/0/folders/1RsSKYaEE8jqAw7pH05tDHRflkjUL3t5H","ObjectId":928}},{"type":"Feature","id":930,"geometry":{"type":"Point","coordinates":[-70.85582,42.962619]},"properties":{"site_name":"Hampton Toll Plaza","other_site_names":null,"state":"New Hampshire","industry":"Unknown","matrix_type":"Groundwater","matrix":"Groundwater","year":2019,"pfoa":"12","pfos":"2","total_pfas":47,"pfas_level":47,"notes":null,"regulation_gvt_link":null,"resources_link":"https://www4.des.state.nh.us/DESOneStop/PRSDetail.aspx?ID=0011539&Type=PRS","suspected_source_link":"https://nhdes.maps.arcgis.com/apps/View/index.html?appid=66770bef141c43a98a445c54a17720e2&extent=-73.5743,42.5413,-69.6852,45.4509","pfas_testing_link":"https://www4.des.state.nh.us/IISProxy/IISProxy.dll?ContentId=4794888","site_ref_link":"https://drive.google.com/drive/u/0/folders/1KuMMUiz_Eg4JDnNXwQrQEJNv81SIek4t","state_ref_link":"https://drive.google.com/drive/u/0/folders/1RsSKYaEE8jqAw7pH05tDHRflkjUL3t5H","ObjectId":930}},{"type":"Feature","id":935,"geometry":{"type":"Point","coordinates":[-72.055798,43.44286]},"properties":{"site_name":"Springfield Power Facility","other_site_names":null,"state":"New Hampshire","industry":"Industry","matrix_type":"Groundwater","matrix":"Groundwater","year":2019,"pfoa":"10","pfos":"7","total_pfas":56,"pfas_level":56,"notes":null,"regulation_gvt_link":null,"resources_link":"https://www4.des.state.nh.us/DESOneStop/PRSDetail.aspx?ID=0000295&Type=PRS","suspected_source_link":"https://nhdes.maps.arcgis.com/apps/View/index.html?appid=66770bef141c43a98a445c54a17720e2&extent=-73.5743,42.5413,-69.6852,45.4509","pfas_testing_link":"https://www4.des.state.nh.us/IISProxy/IISProxy.dll?ContentId=4832220","site_ref_link":"https://drive.google.com/drive/u/0/folders/1UAtwL_EXbopPWe8_J3_QpYc-4O0ItqlX","state_ref_link":"https://drive.google.com/drive/u/0/folders/1RsSKYaEE8jqAw7pH05tDHRflkjUL3t5H","ObjectId":935}},{"type":"Feature","id":941,"geometry":{"type":"Point","coordinates":[-72.286302,43.638471]},"properties":{"site_name":"Timken Aerospace","other_site_names":null,"state":"New Hampshire","industry":"Industry","matrix_type":"Groundwater","matrix":"Groundwater","year":2019,"pfoa":"5","pfos":"18","total_pfas":63,"pfas_level":63,"notes":null,"regulation_gvt_link":null,"resources_link":"https://www4.des.state.nh.us/DESOneStop/PRSDetail.aspx?ID=0000247&Type=PRS","suspected_source_link":"https://nhdes.maps.arcgis.com/apps/View/index.html?appid=66770bef141c43a98a445c54a17720e2&extent=-73.5743,42.5413,-69.6852,45.4509","pfas_testing_link":"https://www4.des.state.nh.us/IISProxy/IISProxy.dll?ContentId=4802057","site_ref_link":"https://drive.google.com/drive/u/0/folders/13hmuD0DIxmhGB2O0NKW33bpTHoZT5m7A","state_ref_link":"https://drive.google.com/drive/u/0/folders/1RsSKYaEE8jqAw7pH05tDHRflkjUL3t5H","ObjectId":941}},{"type":"Feature","id":943,"geometry":{"type":"Point","coordinates":[-70.865693,43.224594]},"properties":{"site_name":"Janco Realty","other_site_names":null,"state":"New Hampshire","industry":"Industry","matrix_type":"Groundwater","matrix":"Groundwater","year":2019,"pfoa":"14","pfos":"19","total_pfas":65,"pfas_level":65,"notes":null,"regulation_gvt_link":null,"resources_link":"https://www4.des.state.nh.us/DESOneStop/PRSDetail.aspx?ID=0009940&Type=PRS","suspected_source_link":"https://nhdes.maps.arcgis.com/apps/View/index.html?appid=66770bef141c43a98a445c54a17720e2&extent=-73.5743,42.5413,-69.6852,45.4509","pfas_testing_link":"https://www4.des.state.nh.us/nh-pfas-investigation/wp-content/uploads/tables-pdf.pdf","site_ref_link":"https://drive.google.com/drive/u/0/folders/1GBjzV1Al-pBWN-xLzuA5cZ1ULags4eas","state_ref_link":"https://drive.google.com/drive/u/0/folders/1RsSKYaEE8jqAw7pH05tDHRflkjUL3t5H","ObjectId":943}},{"type":"Feature","id":946,"geometry":{"type":"Point","coordinates":[-71.589627,43.442366]},"properties":{"site_name":"Big Apple Convenience Store","other_site_names":null,"state":"New Hampshire","industry":"Unknown","matrix_type":"Groundwater","matrix":"Groundwater","year":2019,"pfoa":"15","pfos":null,"total_pfas":65,"pfas_level":65,"notes":null,"regulation_gvt_link":null,"resources_link":"https://www4.des.state.nh.us/DESOneStop/PRSDetail.aspx?ID=0002981&Type=PRS","suspected_source_link":"https://nhdes.maps.arcgis.com/apps/View/index.html?appid=66770bef141c43a98a445c54a17720e2&extent=-73.5743,42.5413,-69.6852,45.4509","pfas_testing_link":"https://www4.des.state.nh.us/nh-pfas-investigation/wp-content/uploads/tables-pdf.pdf","site_ref_link":"https://drive.google.com/drive/u/0/folders/1lyeFaa5u2FzcILOHPJRbIDq0nSqxJjQ5","state_ref_link":"https://drive.google.com/drive/u/0/folders/1RsSKYaEE8jqAw7pH05tDHRflkjUL3t5H","ObjectId":946}},{"type":"Feature","id":947,"geometry":{"type":"Point","coordinates":[-71.216,43.6037]},"properties":{"site_name":"Wolfeboro Abandoned Dump","other_site_names":null,"state":"New Hampshire","industry":"Landfill","matrix_type":"Groundwater","matrix":"Groundwater","year":2019,"pfoa":"13","pfos":"13","total_pfas":66,"pfas_level":66,"notes":null,"regulation_gvt_link":null,"resources_link":"https://www4.des.state.nh.us/DESOneStop/PRSDetail.aspx?ID=0002674&Type=PRS","suspected_source_link":"https://nhdes.maps.arcgis.com/apps/View/index.html?appid=66770bef141c43a98a445c54a17720e2&extent=-73.5743,42.5413,-69.6852,45.4505","pfas_testing_link":"https://www4.des.state.nh.us/DESOneStop/PRSDetail.aspx?ID=0002674&Type=PRS","site_ref_link":"https://drive.google.com/drive/u/0/folders/1XEgaNZ2SjiA4vHaG1A4lONCKxdvNtbM7","state_ref_link":"https://drive.google.com/drive/u/0/folders/1RsSKYaEE8jqAw7pH05tDHRflkjUL3t5H","ObjectId":947}},{"type":"Feature","id":950,"geometry":{"type":"Point","coordinates":[-72.030564,43.142027]},"properties":{"site_name":"Brooks Property","other_site_names":null,"state":"New Hampshire","industry":"Unknown","matrix_type":"Groundwater","matrix":"Groundwater","year":2019,"pfoa":"9","pfos":"36","total_pfas":67,"pfas_level":67,"notes":null,"regulation_gvt_link":null,"resources_link":"https://www4.des.state.nh.us/DESOneStop/PRSDetail.aspx?ID=0011395&Type=PRS","suspected_source_link":"https://nhdes.maps.arcgis.com/apps/View/index.html?appid=66770bef141c43a98a445c54a17720e2&extent=-73.5743,42.5413,-69.6852,45.4509","pfas_testing_link":"https://www4.des.state.nh.us/IISProxy/IISProxy.dll?ContentId=4788376","site_ref_link":"https://drive.google.com/drive/u/0/folders/1d3jdYNJD7pbfsMmTmGk3E3rDOGOsB2jM","state_ref_link":"https://drive.google.com/drive/u/0/folders/1RsSKYaEE8jqAw7pH05tDHRflkjUL3t5H","ObjectId":950}},{"type":"Feature","id":958,"geometry":{"type":"Point","coordinates":[-71.201266,42.849191]},"properties":{"site_name":"Godin Landfill","other_site_names":null,"state":"New Hampshire","industry":"Landfill","matrix_type":"Groundwater","matrix":"Groundwater","year":2019,"pfoa":"1","pfos":"2","total_pfas":74,"pfas_level":74,"notes":null,"regulation_gvt_link":null,"resources_link":"https://www4.des.state.nh.us/DESOneStop/PRSDetail.aspx?ID=0001419&Type=PRS","suspected_source_link":"https://nhdes.maps.arcgis.com/apps/View/index.html?appid=66770bef141c43a98a445c54a17720e2&extent=-73.5743,42.5413,-69.6852,45.4509","pfas_testing_link":"https://www4.des.state.nh.us/IISProxy/IISProxy.dll?ContentId=4795144","site_ref_link":"https://drive.google.com/drive/u/0/folders/1hssVvAlGxHS3VNC7hiErrWGc-DMPP2sE","state_ref_link":"https://drive.google.com/drive/u/0/folders/1RsSKYaEE8jqAw7pH05tDHRflkjUL3t5H","ObjectId":958}},{"type":"Feature","id":959,"geometry":{"type":"Point","coordinates":[-71.07554,42.895098]},"properties":{"site_name":"OG/KSD Superfund Site","other_site_names":null,"state":"New Hampshire","industry":"Superfund Site","matrix_type":"Groundwater","matrix":"Groundwater","year":2019,"pfoa":"22","pfos":null,"total_pfas":74,"pfas_level":74,"notes":null,"regulation_gvt_link":null,"resources_link":"https://www4.des.state.nh.us/DESOneStop/PRSDetail.aspx?ID=0001866&Type=PRS","suspected_source_link":"https://nhdes.maps.arcgis.com/apps/View/index.html?appid=66770bef141c43a98a445c54a17720e2&extent=-73.5743,42.5413,-69.6852,45.4509","pfas_testing_link":"https://www4.des.state.nh.us/IISProxy/IISProxy.dll?ContentId=4812194","site_ref_link":"https://drive.google.com/drive/u/0/folders/1teOhWvSjEWc1V-xWSuBtmtvVUln8YK-f","state_ref_link":"https://drive.google.com/drive/u/0/folders/1RsSKYaEE8jqAw7pH05tDHRflkjUL3t5H","ObjectId":959}},{"type":"Feature","id":961,"geometry":{"type":"Point","coordinates":[-70.901986,43.123167]},"properties":{"site_name":"Durham Landfill","other_site_names":null,"state":"New Hampshire","industry":"Landfill","matrix_type":"Groundwater","matrix":"Groundwater","year":2019,"pfoa":"25","pfos":"4","total_pfas":76,"pfas_level":76,"notes":null,"regulation_gvt_link":null,"resources_link":"https://www4.des.state.nh.us/DESOneStop/PRSDetail.aspx?ID=0002115&Type=PRS","suspected_source_link":"https://nhdes.maps.arcgis.com/apps/View/index.html?appid=66770bef141c43a98a445c54a17720e2&extent=-73.5743,42.5413,-69.6852,45.4509","pfas_testing_link":"https://www4.des.state.nh.us/IISProxy/IISProxy.dll?ContentId=4807928","site_ref_link":"https://drive.google.com/drive/u/0/folders/1AJrq4Klk9dE51EVlD5QNRK4knLWuwIeO","state_ref_link":"https://drive.google.com/drive/u/0/folders/1RsSKYaEE8jqAw7pH05tDHRflkjUL3t5H","ObjectId":961}},{"type":"Feature","id":962,"geometry":{"type":"Point","coordinates":[-71.205732,42.988541]},"properties":{"site_name":"Chester Landfill","other_site_names":null,"state":"New Hampshire","industry":"Landfill","matrix_type":"Groundwater","matrix":"Groundwater","year":2019,"pfoa":"28","pfos":"7","total_pfas":76,"pfas_level":76,"notes":null,"regulation_gvt_link":null,"resources_link":"https://www4.des.state.nh.us/DESOneStop/PRSDetail.aspx?ID=0000772&Type=PRS","suspected_source_link":"https://nhdes.maps.arcgis.com/apps/View/index.html?appid=66770bef141c43a98a445c54a17720e2&extent=-73.5743,42.5413,-69.6852,45.4509","pfas_testing_link":"https://www4.des.state.nh.us/IISProxy/IISProxy.dll?ContentId=4854356","site_ref_link":"https://drive.google.com/drive/u/0/folders/14YLsF4wgcEzxyRRRPW1RXtEu4d3IM8eI","state_ref_link":"https://drive.google.com/drive/u/0/folders/1RsSKYaEE8jqAw7pH05tDHRflkjUL3t5H","ObjectId":962}},{"type":"Feature","id":965,"geometry":{"type":"Point","coordinates":[-71.600573,43.283722]},"properties":{"site_name":"California Fields","other_site_names":null,"state":"New Hampshire","industry":"Landfill","matrix_type":"Groundwater","matrix":"Groundwater","year":2019,"pfoa":"16","pfos":"8","total_pfas":78,"pfas_level":78,"notes":null,"regulation_gvt_link":null,"resources_link":"https://www4.des.state.nh.us/DESOneStop/PRSDetail.aspx?ID=0002680&Type=PRS","suspected_source_link":"https://nhdes.maps.arcgis.com/apps/View/index.html?appid=66770bef141c43a98a445c54a17720e2&extent=-73.5743,42.5413,-69.6852,45.4509","pfas_testing_link":"https://www4.des.state.nh.us/IISProxy/IISProxy.dll?ContentId=4793013","site_ref_link":"https://drive.google.com/drive/u/0/folders/18-Js4gu3yuIS16Kd1tl3duwjfAMefIdL","state_ref_link":"https://drive.google.com/drive/u/0/folders/1RsSKYaEE8jqAw7pH05tDHRflkjUL3t5H","ObjectId":965}},{"type":"Feature","id":966,"geometry":{"type":"Point","coordinates":[-71.291704,42.774421]},"properties":{"site_name":"Windham Landfill","other_site_names":null,"state":"New Hampshire","industry":"Landfill","matrix_type":"Groundwater","matrix":"Groundwater","year":2019,"pfoa":"17","pfos":"11","total_pfas":78,"pfas_level":78,"notes":null,"regulation_gvt_link":null,"resources_link":"https://www4.des.state.nh.us/DESOneStop/PRSDetail.aspx?ID=0000472&Type=PRS","suspected_source_link":"https://nhdes.maps.arcgis.com/apps/View/index.html?appid=66770bef141c43a98a445c54a17720e2&extent=-73.5743,42.5413,-69.6852,45.4593","pfas_testing_link":"https://www4.des.state.nh.us/nh-pfas-investigation/wp-content/uploads/tables-pdf.pdf","site_ref_link":"https://drive.google.com/drive/u/0/folders/1gn0KcJkW8udweEURNil6LVO4lyvL3w2q","state_ref_link":"https://drive.google.com/drive/u/0/folders/1RsSKYaEE8jqAw7pH05tDHRflkjUL3t5H","ObjectId":966}},{"type":"Feature","id":967,"geometry":{"type":"Point","coordinates":[-71.453962,42.971042]},"properties":{"site_name":"Sunshine Fabricare","other_site_names":null,"state":"New Hampshire","industry":"Industry","matrix_type":"Groundwater","matrix":"Groundwater","year":2019,"pfoa":"34","pfos":null,"total_pfas":78,"pfas_level":78,"notes":null,"regulation_gvt_link":null,"resources_link":"https://www4.des.state.nh.us/DESOneStop/PRSDetail.aspx?ID=0010787&Type=PRS","suspected_source_link":"https://nhdes.maps.arcgis.com/apps/View/index.html?appid=66770bef141c43a98a445c54a17720e2&extent=-73.5743,42.5413,-69.6852,45.4509","pfas_testing_link":"https://www4.des.state.nh.us/IISProxy/IISProxy.dll?ContentId=4788376","site_ref_link":"https://drive.google.com/drive/u/0/folders/1cWF3mV2L7ZgOysCubqs5cXlHo3WfPDlG","state_ref_link":"https://drive.google.com/drive/u/0/folders/1RsSKYaEE8jqAw7pH05tDHRflkjUL3t5H","ObjectId":967}},{"type":"Feature","id":969,"geometry":{"type":"Point","coordinates":[-71.441578,43.058568]},"properties":{"site_name":"1339 Hooksett Road","other_site_names":null,"state":"New Hampshire","industry":"Industry","matrix_type":"Groundwater","matrix":"Groundwater","year":2019,"pfoa":"26","pfos":"10","total_pfas":81,"pfas_level":81,"notes":"O'Reilly Auto Parts","regulation_gvt_link":null,"resources_link":"https://www4.des.state.nh.us/DESOneStop/PRSDetail.aspx?ID=0038257&Type=PRS","suspected_source_link":"https://nhdes.maps.arcgis.com/apps/View/index.html?appid=66770bef141c43a98a445c54a17720e2&extent=-73.5743,42.5413,-69.6852,45.4509","pfas_testing_link":"https://www4.des.state.nh.us/IISProxy/IISProxy.dll?ContentId=4762865","site_ref_link":"https://drive.google.com/drive/u/0/folders/1IiOX_hRY24fjsq-tQ2XY7Douk775rrY5","state_ref_link":"https://drive.google.com/drive/u/0/folders/1RsSKYaEE8jqAw7pH05tDHRflkjUL3t5H","ObjectId":969}},{"type":"Feature","id":970,"geometry":{"type":"Point","coordinates":[-71.920111,43.40675]},"properties":{"site_name":"New London Old Town Landfill","other_site_names":null,"state":"New Hampshire","industry":"Landfill","matrix_type":"Groundwater","matrix":"Groundwater","year":2019,"pfoa":"40","pfos":"42","total_pfas":55,"pfas_level":82,"notes":null,"regulation_gvt_link":null,"resources_link":"https://www4.des.state.nh.us/DESOneStop/PRSDetail.aspx?ID=0000059&Type=PRS","suspected_source_link":"https://nhdes.maps.arcgis.com/apps/View/index.html?appid=66770bef141c43a98a445c54a17720e2&extent=-73.5743,42.5413,-69.6852,45.4509","pfas_testing_link":"https://www4.des.state.nh.us/IISProxy/IISProxy.dll?ContentId=4821261","site_ref_link":"https://drive.google.com/drive/u/0/folders/1ghnvtqT0G2tYZeerByFpPmTuPeIEttuP","state_ref_link":"https://drive.google.com/drive/u/0/folders/1RsSKYaEE8jqAw7pH05tDHRflkjUL3t5H","ObjectId":970}},{"type":"Feature","id":971,"geometry":{"type":"Point","coordinates":[-71.648583,43.428486]},"properties":{"site_name":"Old Franklin Landfill","other_site_names":null,"state":"New Hampshire","industry":"Landfill","matrix_type":"Groundwater","matrix":"Groundwater","year":2019,"pfoa":"33","pfos":"10","total_pfas":82,"pfas_level":82,"notes":"Suspected contamination due to leachate from the landfill containing PFAS waste","regulation_gvt_link":"https://www4.des.state.nh.us/nh-pfas-investigation/?page_id=75","resources_link":"https://www4.des.state.nh.us/DESOneStop/PRSDetail.aspx?ID=0001807&Type=PRS","suspected_source_link":"https://nhdes.maps.arcgis.com/apps/View/index.html?appid=66770bef141c43a98a445c54a17720e2&extent=-73.5743,42.5413,-69.6852,45.4509","pfas_testing_link":"https://www4.des.state.nh.us/IISProxy/IISProxy.dll?ContentId=4866902","site_ref_link":"https://drive.google.com/drive/u/0/folders/1ulKjMFpriPgvi3XQxIGlgeIVfcx-K4tQ","state_ref_link":"https://drive.google.com/drive/u/0/folders/1RsSKYaEE8jqAw7pH05tDHRflkjUL3t5H","ObjectId":971}},{"type":"Feature","id":974,"geometry":{"type":"Point","coordinates":[-71.701096,43.779565]},"properties":{"site_name":"Plymouth Incinerator and Ash Landfill","other_site_names":null,"state":"New Hampshire","industry":"Landfill","matrix_type":"Groundwater","matrix":"Groundwater","year":2019,"pfoa":"18","pfos":"30","total_pfas":83,"pfas_level":83,"notes":null,"regulation_gvt_link":null,"resources_link":"https://www4.des.state.nh.us/DESOneStop/PRSDetail.aspx?ID=0002017&Type=PRS","suspected_source_link":"https://nhdes.maps.arcgis.com/apps/View/index.html?appid=66770bef141c43a98a445c54a17720e2&extent=-73.5743,42.5413,-69.6852,45.4509","pfas_testing_link":"https://www4.des.state.nh.us/IISProxy/IISProxy.dll?ContentId=4827984","site_ref_link":"https://drive.google.com/drive/u/0/folders/1A7IASvwEcblBk_KInQfbnmEeu6rXaiKh","state_ref_link":"https://drive.google.com/drive/u/0/folders/1RsSKYaEE8jqAw7pH05tDHRflkjUL3t5H","ObjectId":974}},{"type":"Feature","id":975,"geometry":{"type":"Point","coordinates":[-71.52518,43.195335]},"properties":{"site_name":"Exit 13 Coal Tar Pond","other_site_names":null,"state":"New Hampshire","industry":"Industry","matrix_type":"Groundwater","matrix":"Groundwater","year":2019,"pfoa":"22","pfos":"63","total_pfas":74,"pfas_level":85,"notes":null,"regulation_gvt_link":null,"resources_link":"https://www4.des.state.nh.us/DESOneStop/PRSDetail.aspx?ID=0004042&Type=PRS","suspected_source_link":"https://nhdes.maps.arcgis.com/apps/View/index.html?appid=66770bef141c43a98a445c54a17720e2&extent=-73.5743,42.5413,-69.6852,45.4509","pfas_testing_link":"https://www4.des.state.nh.us/IISProxy/IISProxy.dll?ContentId=4844104","site_ref_link":"https://drive.google.com/drive/u/0/folders/17uVj2sCGN6WI3YOGrzHaXO2skje9cKbT","state_ref_link":"https://drive.google.com/drive/u/0/folders/1RsSKYaEE8jqAw7pH05tDHRflkjUL3t5H","ObjectId":975}},{"type":"Feature","id":976,"geometry":{"type":"Point","coordinates":[-72.07289,43.964621]},"properties":{"site_name":"Piermont Landfill","other_site_names":null,"state":"New Hampshire","industry":"Landfill","matrix_type":"Groundwater","matrix":"Groundwater","year":2019,"pfoa":"8","pfos":"16","total_pfas":85,"pfas_level":85,"notes":null,"regulation_gvt_link":null,"resources_link":"https://www4.des.state.nh.us/DESOneStop/PRSDetail.aspx?ID=0000761&Type=PRS","suspected_source_link":"https://nhdes.maps.arcgis.com/apps/View/index.html?appid=66770bef141c43a98a445c54a17720e2&extent=-73.5743,42.5413,-69.6852,45.4509","pfas_testing_link":"https://www4.des.state.nh.us/IISProxy/IISProxy.dll?ContentId=4822548","site_ref_link":"https://drive.google.com/drive/u/0/folders/15k6zWay3ldGXkYmyPrUuohY_DBXcK3x0","state_ref_link":"https://drive.google.com/drive/u/0/folders/1RsSKYaEE8jqAw7pH05tDHRflkjUL3t5H","ObjectId":976}},{"type":"Feature","id":978,"geometry":{"type":"Point","coordinates":[-71.466762,42.97671]},"properties":{"site_name":"Manchester Transit Authority","other_site_names":null,"state":"New Hampshire","industry":"Industry","matrix_type":"Groundwater","matrix":"Groundwater","year":2019,"pfoa":"24","pfos":"10","total_pfas":87,"pfas_level":87,"notes":null,"regulation_gvt_link":null,"resources_link":"https://www4.des.state.nh.us/DESOneStop/PRSDetail.aspx?ID=0011656&Type=PRS","suspected_source_link":"https://nhdes.maps.arcgis.com/apps/View/index.html?appid=66770bef141c43a98a445c54a17720e2&extent=-73.5743,42.5413,-69.6852,45.4509","pfas_testing_link":"https://www4.des.state.nh.us/IISProxy/IISProxy.dll?ContentId=4783156","site_ref_link":"https://drive.google.com/drive/u/0/folders/1Y0imIYK1xVs3Ec8_ItcDGHTagOXYHICE","state_ref_link":"https://drive.google.com/drive/u/0/folders/1RsSKYaEE8jqAw7pH05tDHRflkjUL3t5H","ObjectId":978}},{"type":"Feature","id":979,"geometry":{"type":"Point","coordinates":[-71.08667,43.82083]},"properties":{"site_name":"Freedom Landfill","other_site_names":null,"state":"New Hampshire","industry":"Landfill","matrix_type":"Groundwater","matrix":"Groundwater","year":2019,"pfoa":"25","pfos":"54","total_pfas":87,"pfas_level":87,"notes":null,"regulation_gvt_link":null,"resources_link":"https://www4.des.state.nh.us/DESOneStop/PRSDetail.aspx?ID=0002683&Type=PRS","suspected_source_link":"https://nhdes.maps.arcgis.com/apps/View/index.html?appid=66770bef141c43a98a445c54a17720e2&extent=-73.5743,42.5413,-69.6852,45.4509","pfas_testing_link":"https://www4.des.state.nh.us/IISProxy/IISProxy.dll?ContentId=4823924","site_ref_link":"https://drive.google.com/drive/u/0/folders/1V_RNyVaC5zi5sKyNy2xSsEZ39dMipQ-6","state_ref_link":"https://drive.google.com/drive/u/0/folders/1RsSKYaEE8jqAw7pH05tDHRflkjUL3t5H","ObjectId":979}},{"type":"Feature","id":982,"geometry":{"type":"Point","coordinates":[-71.396678,42.914654]},"properties":{"site_name":"Plaza 28","other_site_names":null,"state":"New Hampshire","industry":"Unknown","matrix_type":"Groundwater","matrix":"Groundwater","year":2019,"pfoa":"33","pfos":"27","total_pfas":92,"pfas_level":92,"notes":null,"regulation_gvt_link":null,"resources_link":"https://www4.des.state.nh.us/DESOneStop/PRSDetail.aspx?ID=0000262&Type=PRS","suspected_source_link":"https://nhdes.maps.arcgis.com/apps/View/index.html?appid=66770bef141c43a98a445c54a17720e2&extent=-73.5743,42.5413,-69.6852,45.4509","pfas_testing_link":"https://www4.des.state.nh.us/nh-pfas-investigation/wp-content/uploads/tables-pdf.pdf","site_ref_link":"https://drive.google.com/drive/u/0/folders/1o4lOcqYyRYQUEVfyuqIAtilsHLM6qGjF","state_ref_link":"https://drive.google.com/drive/u/0/folders/1RsSKYaEE8jqAw7pH05tDHRflkjUL3t5H","ObjectId":982}},{"type":"Feature","id":984,"geometry":{"type":"Point","coordinates":[-72.124639,43.898084]},"properties":{"site_name":"Orford Landfill","other_site_names":null,"state":"New Hampshire","industry":"Landfill","matrix_type":"Groundwater","matrix":"Groundwater","year":2019,"pfoa":"55","pfos":"12","total_pfas":97,"pfas_level":97,"notes":null,"regulation_gvt_link":null,"resources_link":"https://www4.des.state.nh.us/DESOneStop/PRSDetail.aspx?ID=0000643&Type=PRS","suspected_source_link":"https://nhdes.maps.arcgis.com/apps/View/index.html?appid=66770bef141c43a98a445c54a17720e2&extent=-73.5743,42.5413,-69.6852,45.4509","pfas_testing_link":"https://www4.des.state.nh.us/IISProxy/IISProxy.dll?ContentId=4778705","site_ref_link":"https://drive.google.com/drive/u/0/folders/1RooA0fGnQo59mKzpUheN0nNQspY0zm_j","state_ref_link":"https://drive.google.com/drive/u/0/folders/1RsSKYaEE8jqAw7pH05tDHRflkjUL3t5H","ObjectId":984}},{"type":"Feature","id":986,"geometry":{"type":"Point","coordinates":[-71.467736,42.992483]},"properties":{"site_name":"Former University Center","other_site_names":null,"state":"New Hampshire","industry":"Unknown","matrix_type":"Groundwater","matrix":"Groundwater","year":2019,"pfoa":"27","pfos":"19","total_pfas":101,"pfas_level":101,"notes":null,"regulation_gvt_link":null,"resources_link":"https://www4.des.state.nh.us/DESOneStop/PRSDetail.aspx?ID=0001937&Type=PRS","suspected_source_link":"https://nhdes.maps.arcgis.com/apps/View/index.html?appid=66770bef141c43a98a445c54a17720e2&extent=-73.5743,42.5413,-69.6852,45.4509","pfas_testing_link":"https://www4.des.state.nh.us/IISProxy/IISProxy.dll?ContentId=4822117","site_ref_link":"https://drive.google.com/drive/u/1/folders/1pono9UVkcBnFfbrygHMmsxV_zL8-wjPQ","state_ref_link":"https://drive.google.com/drive/u/0/folders/1RsSKYaEE8jqAw7pH05tDHRflkjUL3t5H","ObjectId":986}},{"type":"Feature","id":988,"geometry":{"type":"Point","coordinates":[-71.151005,43.7363]},"properties":{"site_name":"Ossipee Landfill & Incinerator","other_site_names":null,"state":"New Hampshire","industry":"Landfill","matrix_type":"Groundwater","matrix":"Groundwater","year":2019,"pfoa":"26","pfos":"28","total_pfas":102,"pfas_level":102,"notes":null,"regulation_gvt_link":null,"resources_link":"https://www4.des.state.nh.us/DESOneStop/PRSDetail.aspx?ID=0000069&Type=PRS","suspected_source_link":"https://nhdes.maps.arcgis.com/apps/View/index.html?appid=66770bef141c43a98a445c54a17720e2&extent=-73.5743,42.5413,-69.6852,45.4509","pfas_testing_link":"https://www4.des.state.nh.us/IISProxy/IISProxy.dll?ContentId=4779087","site_ref_link":"https://drive.google.com/drive/u/0/folders/1CP6ewLHZAdp3I5jD9Q0IUxE36Bap1J62","state_ref_link":"https://drive.google.com/drive/u/0/folders/1RsSKYaEE8jqAw7pH05tDHRflkjUL3t5H","ObjectId":988}},{"type":"Feature","id":990,"geometry":{"type":"Point","coordinates":[-71.451023,42.764469]},"properties":{"site_name":"Liberty Utilities","other_site_names":null,"state":"New Hampshire","industry":"Industry","matrix_type":"Groundwater","matrix":"Groundwater","year":2019,"pfoa":"14","pfos":"9","total_pfas":104,"pfas_level":104,"notes":"also called EnergyNorth Natural Gas","regulation_gvt_link":null,"resources_link":"https://www4.des.state.nh.us/DESOneStop/PRSDetail.aspx?ID=0008323&Type=PRS","suspected_source_link":"https://nhdes.maps.arcgis.com/apps/View/index.html?appid=66770bef141c43a98a445c54a17720e2&extent=-73.5743,42.5413,-69.6852,45.4509","pfas_testing_link":"https://www4.des.state.nh.us/IISProxy/IISProxy.dll?ContentId=4826597","site_ref_link":"https://drive.google.com/drive/u/0/folders/1-cfFJffzf9_U0_g90v9jKxg0IeZDscxj","state_ref_link":"https://drive.google.com/drive/u/0/folders/1RsSKYaEE8jqAw7pH05tDHRflkjUL3t5H","ObjectId":990}},{"type":"Feature","id":994,"geometry":{"type":"Point","coordinates":[-71.599679,43.282171]},"properties":{"site_name":"Former Allied Leather Tannery","other_site_names":null,"state":"New Hampshire","industry":"Industry","matrix_type":"Groundwater","matrix":"Groundwater","year":2019,"pfoa":"18","pfos":"57","total_pfas":107,"pfas_level":107,"notes":null,"regulation_gvt_link":null,"resources_link":"https://www4.des.state.nh.us/DESOneStop/PRSDetail.aspx?ID=0012975&Type=PRS","suspected_source_link":"https://nhdes.maps.arcgis.com/apps/View/index.html?appid=66770bef141c43a98a445c54a17720e2&extent=-73.5743,42.5413,-69.6852,45.4509","pfas_testing_link":"https://www4.des.state.nh.us/IISProxy/IISProxy.dll?ContentId=4821249","site_ref_link":"https://drive.google.com/drive/u/0/folders/1gDKREFeHRU4pssCSmKdbGuqHbM_rsH4W","state_ref_link":"https://drive.google.com/drive/u/0/folders/1RsSKYaEE8jqAw7pH05tDHRflkjUL3t5H","ObjectId":994}},{"type":"Feature","id":1000,"geometry":{"type":"Point","coordinates":[-71.310365,42.800041]},"properties":{"site_name":"21 Haverhill Road","other_site_names":null,"state":"New Hampshire","industry":"Unknown","matrix_type":"Groundwater","matrix":"Groundwater","year":2019,"pfoa":"12","pfos":"4","total_pfas":127,"pfas_level":127,"notes":" https://www.windhampost109.org/ Wilbur E. Tarbell, Post 109","regulation_gvt_link":null,"resources_link":"https://www4.des.state.nh.us/DESOneStop/PRSDetail.aspx?ID=0037839&Type=PRS","suspected_source_link":"https://nhdes.maps.arcgis.com/apps/View/index.html?appid=66770bef141c43a98a445c54a17720e2&extent=-73.5743,42.5413,-69.6852,45.4509","pfas_testing_link":"https://www4.des.state.nh.us/IISProxy/IISProxy.dll?ContentId=4847767","site_ref_link":"https://drive.google.com/drive/u/0/folders/1G6FDJzZ2evWXMVp050yiCG2fSre-5X1N","state_ref_link":"https://drive.google.com/drive/u/0/folders/1RsSKYaEE8jqAw7pH05tDHRflkjUL3t5H","ObjectId":1000}},{"type":"Feature","id":1024,"geometry":{"type":"Point","coordinates":[-71.08011,42.89582]},"properties":{"site_name":"Ottati & Goss","other_site_names":"Kingston Steel Drum","state":"New Hampshire","industry":"Industry","matrix_type":"Groundwater","matrix":"Groundwater","year":2022,"pfoa":"1,760","pfos":"3,170","total_pfas":3566,"pfas_level":3566,"notes":null,"regulation_gvt_link":null,"resources_link":"https://cumulis.epa.gov/supercpad/SiteProfiles/index.cfm?fuseaction=second.docdata&id=0101210","suspected_source_link":"https://www.epw.senate.gov/public/index.cfm/superfund-sites-identified-by-epa-to-have-pfas-contamination","pfas_testing_link":"https://semspub.epa.gov/work/01/100031438.pdf","site_ref_link":null,"state_ref_link":null,"ObjectId":1024}},{"type":"Feature","id":1116,"geometry":{"type":"Point","coordinates":[-71.317383,43.309757]},"properties":{"site_name":"Former Pittsfield Weaving","other_site_names":null,"state":"New Hampshire","industry":"Industry","matrix_type":"Groundwater","matrix":"Groundwater","year":2019,"pfoa":"9","pfos":"125","total_pfas":null,"pfas_level":134,"notes":null,"regulation_gvt_link":null,"resources_link":"https://www4.des.state.nh.us/DESOneStop/PRSDetail.aspx?ID=0002024&Type=PRS","suspected_source_link":"https://nhdes.maps.arcgis.com/apps/View/index.html?appid=66770bef141c43a98a445c54a17720e2&extent=-73.5743,42.5413,-69.6852,45.4509","pfas_testing_link":"https://www4.des.state.nh.us/nh-pfas-investigation/wp-content/uploads/tables-pdf.pdf","site_ref_link":"https://drive.google.com/drive/u/0/folders/1v-QjCaQD_FtCgciabG_8m0fFsWQVNDUJ","state_ref_link":"https://drive.google.com/drive/u/0/folders/1RsSKYaEE8jqAw7pH05tDHRflkjUL3t5H","ObjectId":1116}},{"type":"Feature","id":1121,"geometry":{"type":"Point","coordinates":[-70.788785,43.00247]},"properties":{"site_name":"Rye Landfill","other_site_names":null,"state":"New Hampshire","industry":"Landfill","matrix_type":"Groundwater","matrix":"Groundwater","year":2019,"pfoa":"67","pfos":"36","total_pfas":139,"pfas_level":139,"notes":null,"regulation_gvt_link":null,"resources_link":"https://www4.des.state.nh.us/DESOneStop/PRSDetail.aspx?ID=0000225&Type=PRS","suspected_source_link":"https://nhdes.maps.arcgis.com/apps/View/index.html?appid=66770bef141c43a98a445c54a17720e2&extent=-73.5743,42.5413,-69.6852,45.4509","pfas_testing_link":"https://www4.des.state.nh.us/IISProxy/IISProxy.dll?ContentId=4788376","site_ref_link":"https://drive.google.com/drive/u/0/folders/166hbOvx8TSKBc9jmog9KuFr2jr65eSwW","state_ref_link":"https://drive.google.com/drive/u/0/folders/1RsSKYaEE8jqAw7pH05tDHRflkjUL3t5H","ObjectId":1121}},{"type":"Feature","id":1122,"geometry":{"type":"Point","coordinates":[-71.48791,42.756553]},"properties":{"site_name":"Former Elexsys International","other_site_names":null,"state":"New Hampshire","industry":"Unknown","matrix_type":"Groundwater","matrix":"Groundwater","year":2019,"pfoa":"46","pfos":"61","total_pfas":139,"pfas_level":139,"notes":null,"regulation_gvt_link":null,"resources_link":"https://www4.des.state.nh.us/DESOneStop/PRSDetail.aspx?ID=0003584&Type=PRS","suspected_source_link":"https://nhdes.maps.arcgis.com/apps/View/index.html?appid=66770bef141c43a98a445c54a17720e2&extent=-73.5743,42.5413,-69.6852,45.4509","pfas_testing_link":"https://www4.des.state.nh.us/nh-pfas-investigation/wp-content/uploads/tables-pdf.pdf","site_ref_link":"https://drive.google.com/drive/u/0/folders/18pk2o0wScICirH6UZfcOOUeJ9df0J8Hu","state_ref_link":"https://drive.google.com/drive/u/0/folders/1RsSKYaEE8jqAw7pH05tDHRflkjUL3t5H","ObjectId":1122}},{"type":"Feature","id":1123,"geometry":{"type":"Point","coordinates":[-70.930786,42.888132]},"properties":{"site_name":"Former Midway Excavators","other_site_names":null,"state":"New Hampshire","industry":"Industry","matrix_type":"Groundwater","matrix":"Groundwater","year":2019,"pfoa":"16","pfos":"12","total_pfas":141,"pfas_level":141,"notes":null,"regulation_gvt_link":null,"resources_link":"https://www4.des.state.nh.us/DESOneStop/PRSDetail.aspx?ID=0015238&Type=PRS","suspected_source_link":"https://nhdes.maps.arcgis.com/apps/View/index.html?appid=66770bef141c43a98a445c54a17720e2&extent=-73.5743,42.5413,-69.6852,45.4509","pfas_testing_link":"https://www4.des.state.nh.us/IISProxy/IISProxy.dll?ContentId=4757250","site_ref_link":"https://drive.google.com/drive/u/0/folders/1igFbZ74OQ5_px975U1jer_40jF6fbCjT","state_ref_link":"https://drive.google.com/drive/u/0/folders/1RsSKYaEE8jqAw7pH05tDHRflkjUL3t5H","ObjectId":1123}},{"type":"Feature","id":1127,"geometry":{"type":"Point","coordinates":[-71.955123,43.270548]},"properties":{"site_name":"Former Naughton Landfill","other_site_names":null,"state":"New Hampshire","industry":"Landfill","matrix_type":"Groundwater","matrix":"Groundwater","year":2019,"pfoa":"57","pfos":"52","total_pfas":145,"pfas_level":145,"notes":null,"regulation_gvt_link":null,"resources_link":"https://www4.des.state.nh.us/DESOneStop/PRSDetail.aspx?ID=0001741&Type=PRS","suspected_source_link":"https://nhdes.maps.arcgis.com/apps/View/index.html?appid=66770bef141c43a98a445c54a17720e2&extent=-73.5743,42.5413,-69.6852,45.4509","pfas_testing_link":"https://www4.des.state.nh.us/IISProxy/IISProxy.dll?ContentId=4821951","site_ref_link":"https://drive.google.com/drive/u/0/folders/1tGD4XDdCknASGGhsuIsQt7Cno7k7ijdc","state_ref_link":"https://drive.google.com/drive/u/0/folders/1RsSKYaEE8jqAw7pH05tDHRflkjUL3t5H","ObjectId":1127}},{"type":"Feature","id":1128,"geometry":{"type":"Point","coordinates":[-71.45424,42.94691]},"properties":{"site_name":"Former Moore Business Forms","other_site_names":null,"state":"New Hampshire","industry":"Unknown","matrix_type":"Groundwater","matrix":"Groundwater","year":2019,"pfoa":"129","pfos":"17","total_pfas":136,"pfas_level":146,"notes":null,"regulation_gvt_link":null,"resources_link":"https://www4.des.state.nh.us/DESOneStop/PRSDetail.aspx?ID=0000048&Type=PRS","suspected_source_link":"https://nhdes.maps.arcgis.com/apps/View/index.html?appid=66770bef141c43a98a445c54a17720e2&extent=-73.5743,42.5413,-69.6852,45.4509","pfas_testing_link":"https://www4.des.state.nh.us/IISProxy/IISProxy.dll?ContentId=4823594","site_ref_link":"https://drive.google.com/drive/u/0/folders/1KqT2o9yZDkorRx8UWY75lIuOSbt5iqT8","state_ref_link":"https://drive.google.com/drive/u/0/folders/1RsSKYaEE8jqAw7pH05tDHRflkjUL3t5H","ObjectId":1128}},{"type":"Feature","id":1129,"geometry":{"type":"Point","coordinates":[-71.497602,42.777906]},"properties":{"site_name":"Former Nashua Motor Express","other_site_names":null,"state":"New Hampshire","industry":"Industry","matrix_type":"Groundwater","matrix":"Groundwater","year":2019,"pfoa":"36","pfos":"34","total_pfas":146,"pfas_level":146,"notes":null,"regulation_gvt_link":null,"resources_link":"https://www4.des.state.nh.us/DESOneStop/PRSDetail.aspx?ID=0031232&Type=PRS","suspected_source_link":"https://nhdes.maps.arcgis.com/apps/View/index.html?appid=66770bef141c43a98a445c54a17720e2&extent=-73.5743,42.5413,-69.6852,45.4509","pfas_testing_link":"https://www4.des.state.nh.us/IISProxy/IISProxy.dll?ContentId=4807919","site_ref_link":"https://drive.google.com/drive/u/0/folders/18MTs48dptDnVGtZb69KwlakV5G8NA0qG","state_ref_link":"https://drive.google.com/drive/u/0/folders/1RsSKYaEE8jqAw7pH05tDHRflkjUL3t5H","ObjectId":1129}},{"type":"Feature","id":1131,"geometry":{"type":"Point","coordinates":[-72.24249,43.66168]},"properties":{"site_name":"Bond Optics","other_site_names":null,"state":"New Hampshire","industry":"Industry","matrix_type":"Groundwater","matrix":"Groundwater","year":2019,"pfoa":"16","pfos":"4","total_pfas":149,"pfas_level":149,"notes":null,"regulation_gvt_link":null,"resources_link":"https://www4.des.state.nh.us/DESOneStop/PRSDetail.aspx?ID=0003692&Type=PRS","suspected_source_link":"https://nhdes.maps.arcgis.com/apps/View/index.html?appid=66770bef141c43a98a445c54a17720e2&extent=-73.5743,42.5413,-69.6852,45.4509","pfas_testing_link":"https://www4.des.state.nh.us/IISProxy/IISProxy.dll?ContentId=4851946","site_ref_link":"https://drive.google.com/drive/u/0/folders/1d-srAEriVmn4FjmtHeAZ6ASFxhDrm4Ic","state_ref_link":"https://drive.google.com/drive/u/0/folders/1RsSKYaEE8jqAw7pH05tDHRflkjUL3t5H","ObjectId":1131}},{"type":"Feature","id":1133,"geometry":{"type":"Point","coordinates":[-70.971496,43.304029]},"properties":{"site_name":"Former Advanced Recycling","other_site_names":null,"state":"New Hampshire","industry":"Industry","matrix_type":"Groundwater","matrix":"Groundwater","year":2019,"pfoa":"63","pfos":"17","total_pfas":154,"pfas_level":154,"notes":null,"regulation_gvt_link":null,"resources_link":"https://www4.des.state.nh.us/DESOneStop/PRSDetail.aspx?ID=0016625&Type=PRS","suspected_source_link":"https://nhdes.maps.arcgis.com/apps/View/index.html?appid=66770bef141c43a98a445c54a17720e2&extent=-73.5743,42.5413,-69.6852,45.4509","pfas_testing_link":"https://www4.des.state.nh.us/nh-pfas-investigation/wp-content/uploads/tables-pdf.pdf","site_ref_link":"https://drive.google.com/drive/u/0/folders/1OaCY9uKLFIMYvzF3JgtRdwVH_QSstbsC","state_ref_link":"https://drive.google.com/drive/u/0/folders/1RsSKYaEE8jqAw7pH05tDHRflkjUL3t5H","ObjectId":1133}},{"type":"Feature","id":1134,"geometry":{"type":"Point","coordinates":[-70.772136,43.048563]},"properties":{"site_name":"Portsmouth Used Car Center","other_site_names":null,"state":"New Hampshire","industry":"Industry","matrix_type":"Groundwater","matrix":"Groundwater","year":2019,"pfoa":"29","pfos":"61","total_pfas":154,"pfas_level":154,"notes":null,"regulation_gvt_link":null,"resources_link":"https://www4.des.state.nh.us/DESOneStop/PRSDetail.aspx?ID=0006322&Type=PRS","suspected_source_link":"https://nhdes.maps.arcgis.com/apps/View/index.html?appid=66770bef141c43a98a445c54a17720e2&extent=-73.5743,42.5413,-69.6852,45.4509","pfas_testing_link":"https://www4.des.state.nh.us/nh-pfas-investigation/wp-content/uploads/tables-pdf.pdf","site_ref_link":"https://drive.google.com/drive/u/0/folders/17XGSLWMDvv_5hf62g7rNT3z1KYyEqlIt","state_ref_link":"https://drive.google.com/drive/u/0/folders/1RsSKYaEE8jqAw7pH05tDHRflkjUL3t5H","ObjectId":1134}},{"type":"Feature","id":1142,"geometry":{"type":"Point","coordinates":[-71.440505,42.707917]},"properties":{"site_name":"Webster Square Shopping Center","other_site_names":null,"state":"New Hampshire","industry":"Unknown","matrix_type":"Groundwater","matrix":"Groundwater","year":2019,"pfoa":"53","pfos":"14","total_pfas":167,"pfas_level":167,"notes":null,"regulation_gvt_link":null,"resources_link":"https://www4.des.state.nh.us/DESOneStop/PRSDetail.aspx?ID=0001227&Type=PRS","suspected_source_link":"https://nhdes.maps.arcgis.com/apps/View/index.html?appid=66770bef141c43a98a445c54a17720e2&extent=-73.5743,42.5413,-69.6852,45.4509","pfas_testing_link":"https://www4.des.state.nh.us/nh-pfas-investigation/wp-content/uploads/tables-pdf.pdf","site_ref_link":"https://drive.google.com/drive/u/0/folders/1BtELDluxBPh-8zhcZ8mvm5YBvaqFnvJ5","state_ref_link":"https://drive.google.com/drive/u/0/folders/1RsSKYaEE8jqAw7pH05tDHRflkjUL3t5H","ObjectId":1142}},{"type":"Feature","id":1145,"geometry":{"type":"Point","coordinates":[-71.104979,42.815925]},"properties":{"site_name":"Stateline Plaza","other_site_names":null,"state":"New Hampshire","industry":"Unknown","matrix_type":"Groundwater","matrix":"Groundwater","year":2019,"pfoa":"61","pfos":"35","total_pfas":173,"pfas_level":173,"notes":null,"regulation_gvt_link":null,"resources_link":"https://www4.des.state.nh.us/DESOneStop/PRSDetail.aspx?ID=0000076&Type=PRS","suspected_source_link":"https://nhdes.maps.arcgis.com/apps/View/index.html?appid=66770bef141c43a98a445c54a17720e2&extent=-73.5743,42.5413,-69.6852,45.4509","pfas_testing_link":"https://www4.des.state.nh.us/nh-pfas-investigation/wp-content/uploads/tables-pdf.pdf","site_ref_link":"https://drive.google.com/drive/u/0/folders/1t07z4Tz5HLArAaaSy-AnhPk2ZQv-tIzp","state_ref_link":"https://drive.google.com/drive/u/0/folders/1RsSKYaEE8jqAw7pH05tDHRflkjUL3t5H","ObjectId":1145}},{"type":"Feature","id":1148,"geometry":{"type":"Point","coordinates":[-71.0042,43.7409]},"properties":{"site_name":"Effingham Transfer Station","other_site_names":null,"state":"New Hampshire","industry":"Landfill","matrix_type":"Groundwater","matrix":"Groundwater","year":2019,"pfoa":"30","pfos":"123","total_pfas":177,"pfas_level":177,"notes":null,"regulation_gvt_link":null,"resources_link":"https://www4.des.state.nh.us/DESOneStop/PRSDetail.aspx?ID=0000555&Type=PRS","suspected_source_link":"https://nhdes.maps.arcgis.com/apps/View/index.html?appid=66770bef141c43a98a445c54a17720e2&extent=-73.5743,42.5413,-69.6852,45.4509","pfas_testing_link":"https://www4.des.state.nh.us/IISProxy/IISProxy.dll?ContentId=4838809","site_ref_link":"https://drive.google.com/drive/u/0/folders/1YmdN83TZ8GPGxLs6WRdIPTHUOZxiUC1Z","state_ref_link":"https://drive.google.com/drive/u/0/folders/1RsSKYaEE8jqAw7pH05tDHRflkjUL3t5H","ObjectId":1148}},{"type":"Feature","id":1149,"geometry":{"type":"Point","coordinates":[-71.501544,42.758459]},"properties":{"site_name":"Lincoln Park","other_site_names":null,"state":"New Hampshire","industry":"Unknown","matrix_type":"Groundwater","matrix":"Groundwater","year":2019,"pfoa":"90","pfos":"22","total_pfas":180,"pfas_level":180,"notes":null,"regulation_gvt_link":null,"resources_link":"https://www4.des.state.nh.us/DESOneStop/PRSDetail.aspx?ID=0011790&Type=PRS","suspected_source_link":"https://nhdes.maps.arcgis.com/apps/View/index.html?appid=66770bef141c43a98a445c54a17720e2&extent=-73.5743,42.5413,-69.6852,45.4509","pfas_testing_link":"https://www4.des.state.nh.us/IISProxy/IISProxy.dll?ContentId=4843888","site_ref_link":"https://drive.google.com/drive/u/0/folders/1zmMs-KoQSl7U4ycUm-nFG8D1zu7IYzn-","state_ref_link":"https://drive.google.com/drive/u/0/folders/1RsSKYaEE8jqAw7pH05tDHRflkjUL3t5H","ObjectId":1149}},{"type":"Feature","id":1151,"geometry":{"type":"Point","coordinates":[-71.470323,43.536197]},"properties":{"site_name":"Lakes Region Linen","other_site_names":null,"state":"New Hampshire","industry":"Industry","matrix_type":"Groundwater","matrix":"Groundwater","year":2019,"pfoa":"14","pfos":"160","total_pfas":184,"pfas_level":184,"notes":null,"regulation_gvt_link":null,"resources_link":"https://www4.des.state.nh.us/DESOneStop/PRSDetail.aspx?ID=0022199&Type=PRS","suspected_source_link":"https://nhdes.maps.arcgis.com/apps/View/index.html?appid=66770bef141c43a98a445c54a17720e2&extent=-73.5743,42.5413,-69.6852,45.4509","pfas_testing_link":"https://www4.des.state.nh.us/nh-pfas-investigation/wp-content/uploads/tables-pdf.pdf","site_ref_link":"https://drive.google.com/drive/u/0/folders/1OjjER5o6SiHgeuwzZZn_JKqTIhA7cqta","state_ref_link":"https://drive.google.com/drive/u/0/folders/1RsSKYaEE8jqAw7pH05tDHRflkjUL3t5H","ObjectId":1151}},{"type":"Feature","id":1152,"geometry":{"type":"Point","coordinates":[-71.167194,44.479194]},"properties":{"site_name":"Chlor-Alkali Facility (Former)","other_site_names":null,"state":"New Hampshire","industry":"Industry","matrix_type":"Groundwater","matrix":"Groundwater","year":2019,"pfoa":"107","pfos":"48","total_pfas":185,"pfas_level":185,"notes":null,"regulation_gvt_link":null,"resources_link":"https://cumulis.epa.gov/supercpad/SiteProfiles/index.cfm?fuseaction=second.cleanup&id=0103313","suspected_source_link":"https://cumulis.epa.gov/supercpad/SiteProfiles/index.cfm?fuseaction=second.Cleanup&id=0103313#bkground","pfas_testing_link":"https://semspub.epa.gov/work/01/100012823.pdf","site_ref_link":"https://drive.google.com/drive/folders/1WXBZJ8Gw7EGv5GB00ehMffe7mq8XovAo?usp=drive_link","state_ref_link":"https://drive.google.com/drive/folders/1SxG8pO_505SbeIQXOB0ObELHth0xDizs?usp=drive_link","ObjectId":1152}},{"type":"Feature","id":1153,"geometry":{"type":"Point","coordinates":[-71.426272,42.932192]},"properties":{"site_name":"Enterprise Car Rental","other_site_names":null,"state":"New Hampshire","industry":"Unknown","matrix_type":"Groundwater","matrix":"Groundwater","year":2019,"pfoa":"57","pfos":"6","total_pfas":188,"pfas_level":188,"notes":null,"regulation_gvt_link":null,"resources_link":"https://www4.des.state.nh.us/DESOneStop/PRSDetail.aspx?ID=0006763&Type=PRS","suspected_source_link":"https://nhdes.maps.arcgis.com/apps/View/index.html?appid=66770bef141c43a98a445c54a17720e2&extent=-73.5743,42.5413,-69.6852,45.4509","pfas_testing_link":"https://www4.des.state.nh.us/IISProxy/IISProxy.dll?ContentId=4822546","site_ref_link":"https://drive.google.com/drive/u/0/folders/1r727UKCY7ZiC1uV80swF3fiUIyP-yQJH","state_ref_link":"https://drive.google.com/drive/u/0/folders/1RsSKYaEE8jqAw7pH05tDHRflkjUL3t5H","ObjectId":1153}},{"type":"Feature","id":1162,"geometry":{"type":"Point","coordinates":[-72.380517,42.990818]},"properties":{"site_name":"Westmoreland Landfill","other_site_names":null,"state":"New Hampshire","industry":"Landfill","matrix_type":"Groundwater","matrix":"Groundwater","year":2019,"pfoa":"82","pfos":"103","total_pfas":201,"pfas_level":201,"notes":null,"regulation_gvt_link":null,"resources_link":"https://www4.des.state.nh.us/DESOneStop/PRSDetail.aspx?ID=0000587&Type=PRS","suspected_source_link":"https://nhdes.maps.arcgis.com/apps/View/index.html?appid=66770bef141c43a98a445c54a17720e2&extent=-73.5743,42.5413,-69.6852,45.4509","pfas_testing_link":"https://www4.des.state.nh.us/nh-pfas-investigation/wp-content/uploads/tables-pdf.pdf","site_ref_link":"https://drive.google.com/drive/u/0/folders/1Jw61SR4zi2OfxH508U-COKqJQLfC4c6B","state_ref_link":"https://drive.google.com/drive/u/0/folders/1RsSKYaEE8jqAw7pH05tDHRflkjUL3t5H","ObjectId":1162}},{"type":"Feature","id":1171,"geometry":{"type":"Point","coordinates":[-71.487455,42.854508]},"properties":{"site_name":"NH Plating Company","other_site_names":"New Hampshire Plating Co.","state":"New Hampshire","industry":"Industry","matrix_type":"Other Water","matrix":"Surface Water","year":2019,"pfoa":"196","pfos":"20","total_pfas":223,"pfas_level":223,"notes":null,"regulation_gvt_link":null,"resources_link":"https://www4.des.state.nh.us/DESOneStop/PRSDetail.aspx?ID=0001951&Type=PRS","suspected_source_link":"https://nhdes.maps.arcgis.com/apps/View/index.html?appid=66770bef141c43a98a445c54a17720e2&extent=-73.5743,42.5413,-69.6852,45.4509","pfas_testing_link":"https://www4.des.state.nh.us/nh-pfas-investigation/wp-content/uploads/tables-pdf.pdf","site_ref_link":"https://drive.google.com/drive/u/0/folders/1FEn15er0S7Q19Z9lbhqdZaX-96308gZi","state_ref_link":"https://drive.google.com/drive/u/0/folders/1RsSKYaEE8jqAw7pH05tDHRflkjUL3t5H","ObjectId":1171}},{"type":"Feature","id":1172,"geometry":{"type":"Point","coordinates":[-71.546778,42.955018]},"properties":{"site_name":"Bedford Landfill","other_site_names":null,"state":"New Hampshire","industry":"Landfill","matrix_type":"Groundwater","matrix":"Groundwater","year":2019,"pfoa":"52","pfos":"16","total_pfas":224,"pfas_level":224,"notes":null,"regulation_gvt_link":null,"resources_link":"https://www4.des.state.nh.us/DESOneStop/PRSDetail.aspx?ID=0000195&Type=PRS","suspected_source_link":"https://nhdes.maps.arcgis.com/apps/View/index.html?appid=66770bef141c43a98a445c54a17720e2&extent=-73.5743,42.5413,-69.6852,45.4509","pfas_testing_link":"https://www4.des.state.nh.us/IISProxy/IISProxy.dll?ContentId=4827538","site_ref_link":"https://drive.google.com/drive/u/0/folders/1NzmDNxvr_E67Fekp-JN10UAQ67bSPGF0","state_ref_link":"https://drive.google.com/drive/u/0/folders/1RsSKYaEE8jqAw7pH05tDHRflkjUL3t5H","ObjectId":1172}},{"type":"Feature","id":1174,"geometry":{"type":"Point","coordinates":[-71.555982,44.303818]},"properties":{"site_name":"Carroll Town Landfill","other_site_names":null,"state":"New Hampshire","industry":"Landfill","matrix_type":"Groundwater","matrix":"Groundwater","year":2019,"pfoa":"53","pfos":null,"total_pfas":226,"pfas_level":226,"notes":null,"regulation_gvt_link":null,"resources_link":"https://www4.des.state.nh.us/DESOneStop/PRSDetail.aspx?ID=0000277&Type=PRS","suspected_source_link":"https://nhdes.maps.arcgis.com/apps/View/index.html?appid=66770bef141c43a98a445c54a17720e2&extent=-73.5743,42.5413,-69.6852,45.4509","pfas_testing_link":"https://www4.des.state.nh.us/IISProxy/IISProxy.dll?ContentId=4821250","site_ref_link":"https://drive.google.com/drive/u/0/folders/15q9AV6bslb94JPEun0T-RhtPh0CR04hG","state_ref_link":"https://drive.google.com/drive/u/0/folders/1RsSKYaEE8jqAw7pH05tDHRflkjUL3t5H","ObjectId":1174}},{"type":"Feature","id":1175,"geometry":{"type":"Point","coordinates":[-71.62557,42.823687]},"properties":{"site_name":"Milford Sludge Disposal Land","other_site_names":null,"state":"New Hampshire","industry":"WWTP","matrix_type":"Groundwater","matrix":"Groundwater","year":2019,"pfoa":"60","pfos":"79","total_pfas":227,"pfas_level":227,"notes":null,"regulation_gvt_link":null,"resources_link":"https://www4.des.state.nh.us/DESOneStop/PRSDetail.aspx?ID=0000337&Type=PRS","suspected_source_link":"https://nhdes.maps.arcgis.com/apps/View/index.html?appid=66770bef141c43a98a445c54a17720e2&extent=-73.5743,42.5413,-69.6852,45.4509","pfas_testing_link":"https://www4.des.state.nh.us/nh-pfas-investigation/wp-content/uploads/tables-pdf.pdf","site_ref_link":"https://drive.google.com/drive/u/0/folders/1P_PHlmlCxtLci556MFGzDktv4Op6I0PS","state_ref_link":"https://drive.google.com/drive/u/0/folders/1RsSKYaEE8jqAw7pH05tDHRflkjUL3t5H","ObjectId":1175}},{"type":"Feature","id":1176,"geometry":{"type":"Point","coordinates":[-71.444496,42.779503]},"properties":{"site_name":"Computer Optics","other_site_names":null,"state":"New Hampshire","industry":"Industry","matrix_type":"Groundwater","matrix":"Groundwater","year":2019,"pfoa":"41","pfos":"54","total_pfas":230,"pfas_level":230,"notes":null,"regulation_gvt_link":null,"resources_link":"https://www4.des.state.nh.us/DESOneStop/PRSDetail.aspx?ID=0000553&Type=PRS","suspected_source_link":"https://nhdes.maps.arcgis.com/apps/View/index.html?appid=66770bef141c43a98a445c54a17720e2&extent=-73.5743,42.5413,-69.6852,45.4509","pfas_testing_link":"https://www4.des.state.nh.us/IISProxy/IISProxy.dll?ContentId=4782549","site_ref_link":"https://drive.google.com/drive/u/0/folders/1i6dwG6M26QtFBByclASnRPaEeUqDTTZL","state_ref_link":"https://drive.google.com/drive/u/0/folders/1RsSKYaEE8jqAw7pH05tDHRflkjUL3t5H","ObjectId":1176}},{"type":"Feature","id":1177,"geometry":{"type":"Point","coordinates":[-72.277043,42.933422]},"properties":{"site_name":"Aubuchon","other_site_names":"Martial Arts Center","state":"New Hampshire","industry":"Unknown","matrix_type":"Groundwater","matrix":"Groundwater","year":2019,"pfoa":"28","pfos":"8","total_pfas":239,"pfas_level":239,"notes":null,"regulation_gvt_link":null,"resources_link":"https://www4.des.state.nh.us/DESOneStop/PRSDetail.aspx?ID=0010987&Type=PRS","suspected_source_link":"https://nhdes.maps.arcgis.com/apps/View/index.html?appid=66770bef141c43a98a445c54a17720e2&extent=-73.5743,42.5413,-69.6852,45.4509","pfas_testing_link":"https://www4.des.state.nh.us/nh-pfas-investigation/wp-content/uploads/tables-pdf.pdf","site_ref_link":"https://drive.google.com/drive/u/0/folders/17v2KJUqnR78xzulzK77CG22uIPJ9vtMu","state_ref_link":"https://drive.google.com/drive/u/0/folders/1RsSKYaEE8jqAw7pH05tDHRflkjUL3t5H","ObjectId":1177}},{"type":"Feature","id":1178,"geometry":{"type":"Point","coordinates":[-71.126892,43.241669]},"properties":{"site_name":"Strafford Landfill","other_site_names":null,"state":"New Hampshire","industry":"Landfill","matrix_type":"Groundwater","matrix":"Groundwater","year":2019,"pfoa":"48","pfos":"150","total_pfas":239,"pfas_level":239,"notes":null,"regulation_gvt_link":null,"resources_link":"https://www4.des.state.nh.us/DESOneStop/PRSDetail.aspx?ID=0001669&Type=PRS","suspected_source_link":"https://nhdes.maps.arcgis.com/apps/View/index.html?appid=66770bef141c43a98a445c54a17720e2&extent=-73.5743,42.5413,-69.6852,45.4509","pfas_testing_link":"https://www4.des.state.nh.us/nh-pfas-investigation/wp-content/uploads/tables-pdf.pdf","site_ref_link":"https://drive.google.com/drive/u/0/folders/1HVP-V2DsdVltNycRz9wmt1gdtBGKag96","state_ref_link":"https://drive.google.com/drive/u/0/folders/1RsSKYaEE8jqAw7pH05tDHRflkjUL3t5H","ObjectId":1178}},{"type":"Feature","id":1181,"geometry":{"type":"Point","coordinates":[-72.410267,43.129447]},"properties":{"site_name":"Walpole Landfill","other_site_names":null,"state":"New Hampshire","industry":"Landfill","matrix_type":"Groundwater","matrix":"Groundwater","year":2019,"pfoa":"54","pfos":"200","total_pfas":223,"pfas_level":248,"notes":null,"regulation_gvt_link":null,"resources_link":"https://www4.des.state.nh.us/DESOneStop/PRSDetail.aspx?ID=0000224&Type=PRS","suspected_source_link":"https://nhdes.maps.arcgis.com/apps/View/index.html?appid=66770bef141c43a98a445c54a17720e2&extent=-73.5743,42.5413,-69.6852,45.4509","pfas_testing_link":"https://www4.des.state.nh.us/nh-pfas-investigation/wp-content/uploads/tables-pdf.pdf","site_ref_link":"https://drive.google.com/drive/u/0/folders/1kTLNi1de7ZV_xDL0GSIV3OXnO9mxNrmE","state_ref_link":"https://drive.google.com/drive/u/0/folders/1RsSKYaEE8jqAw7pH05tDHRflkjUL3t5H","ObjectId":1181}},{"type":"Feature","id":1184,"geometry":{"type":"Point","coordinates":[-71.505515,43.19065]},"properties":{"site_name":"Old Suncook Road Landfill","other_site_names":null,"state":"New Hampshire","industry":"Landfill","matrix_type":"Groundwater","matrix":"Groundwater","year":2019,"pfoa":"148","pfos":"19","total_pfas":262,"pfas_level":262,"notes":null,"regulation_gvt_link":null,"resources_link":"https://www4.des.state.nh.us/DESOneStop/PRSDetail.aspx?ID=0000115&Type=PRS","suspected_source_link":"https://nhdes.maps.arcgis.com/apps/View/index.html?appid=66770bef141c43a98a445c54a17720e2&extent=-73.5743,42.5413,-69.6852,45.4509","pfas_testing_link":"https://www4.des.state.nh.us/IISProxy/IISProxy.dll?ContentId=4827535","site_ref_link":"https://drive.google.com/drive/u/0/folders/15AjTo0LEEW_C_KmKDyA6PgQNIQHfIwO_","state_ref_link":"https://drive.google.com/drive/u/0/folders/1RsSKYaEE8jqAw7pH05tDHRflkjUL3t5H","ObjectId":1184}},{"type":"Feature","id":1191,"geometry":{"type":"Point","coordinates":[-71.546364,43.717094]},"properties":{"site_name":"Holderness Landfill","other_site_names":null,"state":"New Hampshire","industry":"Landfill","matrix_type":"Groundwater","matrix":"Groundwater","year":2019,"pfoa":"69","pfos":"69","total_pfas":297,"pfas_level":297,"notes":null,"regulation_gvt_link":null,"resources_link":"https://www4.des.state.nh.us/DESOneStop/PRSDetail.aspx?ID=0002373&Type=PRS","suspected_source_link":"https://nhdes.maps.arcgis.com/apps/View/index.html?appid=66770bef141c43a98a445c54a17720e2&extent=-73.5743,42.5413,-69.6852,45.4509","pfas_testing_link":"https://www4.des.state.nh.us/IISProxy/IISProxy.dll?ContentId=4826248","site_ref_link":"https://drive.google.com/drive/u/0/folders/1OyxRxjRky1vH3P0cNQiRCOvtP7S07Os0","state_ref_link":"https://drive.google.com/drive/u/0/folders/1RsSKYaEE8jqAw7pH05tDHRflkjUL3t5H","ObjectId":1191}},{"type":"Feature","id":1192,"geometry":{"type":"Point","coordinates":[-71.63702,42.827508]},"properties":{"site_name":"Former Spear USA","other_site_names":null,"state":"New Hampshire","industry":"Industry","matrix_type":"Groundwater","matrix":"Groundwater","year":2019,"pfoa":"10","pfos":"21","total_pfas":303,"pfas_level":303,"notes":null,"regulation_gvt_link":null,"resources_link":"https://www4.des.state.nh.us/DESOneStop/PRSDetail.aspx?ID=0003127&Type=PRS","suspected_source_link":"https://nhdes.maps.arcgis.com/apps/View/index.html?appid=66770bef141c43a98a445c54a17720e2&extent=-73.5743,42.5413,-69.6852,45.4509","pfas_testing_link":"https://www4.des.state.nh.us/IISProxy/IISProxy.dll?ContentId=4820765","site_ref_link":"https://drive.google.com/drive/u/0/folders/10UhzU5U_MV3p7qzVwF0FJvL3Cxqx7_LT","state_ref_link":"https://drive.google.com/drive/u/0/folders/1RsSKYaEE8jqAw7pH05tDHRflkjUL3t5H","ObjectId":1192}},{"type":"Feature","id":1194,"geometry":{"type":"Point","coordinates":[-71.531732,43.197877]},"properties":{"site_name":"Concord Cleaners","other_site_names":null,"state":"New Hampshire","industry":"Industry","matrix_type":"Groundwater","matrix":"Groundwater","year":2019,"pfoa":"68","pfos":"133","total_pfas":312,"pfas_level":312,"notes":null,"regulation_gvt_link":null,"resources_link":"https://www4.des.state.nh.us/DESOneStop/PRSDetail.aspx?ID=0010527&Type=PRS","suspected_source_link":"https://nhdes.maps.arcgis.com/apps/View/index.html?appid=66770bef141c43a98a445c54a17720e2&extent=-73.5743,42.5413,-69.6852,45.4509","pfas_testing_link":"https://www4.des.state.nh.us/IISProxy/IISProxy.dll?ContentId=4843896","site_ref_link":"https://drive.google.com/drive/u/0/folders/12Va3QHD5QjFxItwoHXh8P3AbAeUPACTf","state_ref_link":"https://drive.google.com/drive/u/0/folders/1RsSKYaEE8jqAw7pH05tDHRflkjUL3t5H","ObjectId":1194}},{"type":"Feature","id":1196,"geometry":{"type":"Point","coordinates":[-71.286702,43.080796]},"properties":{"site_name":"Candia Landfill","other_site_names":null,"state":"New Hampshire","industry":"Landfill","matrix_type":"Groundwater","matrix":"Groundwater","year":2019,"pfoa":"79","pfos":"57","total_pfas":323,"pfas_level":323,"notes":null,"regulation_gvt_link":null,"resources_link":"https://www4.des.state.nh.us/DESOneStop/PRSDetail.aspx?ID=0001748&Type=PRS","suspected_source_link":"https://nhdes.maps.arcgis.com/apps/View/index.html?appid=66770bef141c43a98a445c54a17720e2&extent=-73.5743,42.5413,-69.6852,45.4509","pfas_testing_link":"https://www4.des.state.nh.us/IISProxy/IISProxy.dll?ContentId=4819877","site_ref_link":"https://drive.google.com/drive/u/0/folders/1GHrpEjcYEQRm4ijElQlT8U4IAZtYbbQ1","state_ref_link":"https://drive.google.com/drive/u/0/folders/1RsSKYaEE8jqAw7pH05tDHRflkjUL3t5H","ObjectId":1196}},{"type":"Feature","id":1198,"geometry":{"type":"Point","coordinates":[-72.476958,42.788124]},"properties":{"site_name":"Former McGoldrick Property","other_site_names":null,"state":"New Hampshire","industry":"Unknown","matrix_type":"Groundwater","matrix":"Groundwater","year":2019,"pfoa":"24","pfos":"280","total_pfas":335,"pfas_level":335,"notes":null,"regulation_gvt_link":null,"resources_link":"https://www4.des.state.nh.us/DESOneStop/PRSDetail.aspx?ID=0038658&Type=PRS","suspected_source_link":"https://nhdes.maps.arcgis.com/apps/View/index.html?appid=66770bef141c43a98a445c54a17720e2&extent=-73.5743,42.5413,-69.6852,45.4509","pfas_testing_link":"https://www4.des.state.nh.us/IISProxy/IISProxy.dll?ContentId=4795789","site_ref_link":"https://drive.google.com/drive/u/0/folders/1KIfFu9FVjBCejiR9rlxS9A4oFHnLEoau","state_ref_link":"https://drive.google.com/drive/u/0/folders/1RsSKYaEE8jqAw7pH05tDHRflkjUL3t5H","ObjectId":1198}},{"type":"Feature","id":1203,"geometry":{"type":"Point","coordinates":[-71.236311,43.450963]},"properties":{"site_name":"Irving Oil Bulk Terminal","other_site_names":null,"state":"New Hampshire","industry":"Industry","matrix_type":"Groundwater","matrix":"Groundwater","year":2019,"pfoa":"32","pfos":"240","total_pfas":362,"pfas_level":362,"notes":null,"regulation_gvt_link":null,"resources_link":"https://www4.des.state.nh.us/DESOneStop/PRSDetail.aspx?ID=0038575&Type=PRS","suspected_source_link":"https://nhdes.maps.arcgis.com/apps/View/index.html?appid=66770bef141c43a98a445c54a17720e2&extent=-73.5743,42.5413,-69.6852,45.4509","pfas_testing_link":"https://www4.des.state.nh.us/IISProxy/IISProxy.dll?ContentId=4833274","site_ref_link":"https://drive.google.com/drive/u/0/folders/1fKDOl7xLS2phbqcWmlXF_yoORTPJSnDI","state_ref_link":"https://drive.google.com/drive/u/0/folders/1RsSKYaEE8jqAw7pH05tDHRflkjUL3t5H","ObjectId":1203}},{"type":"Feature","id":1204,"geometry":{"type":"Point","coordinates":[-71.431856,43.124942]},"properties":{"site_name":"Allenstown Landfill","other_site_names":null,"state":"New Hampshire","industry":"Landfill","matrix_type":"Groundwater","matrix":"Groundwater","year":2019,"pfoa":"25","pfos":"219","total_pfas":384,"pfas_level":384,"notes":null,"regulation_gvt_link":null,"resources_link":"https://www4.des.state.nh.us/DESOneStop/PRSDetail.aspx?ID=0002574&Type=PRS","suspected_source_link":"https://nhdes.maps.arcgis.com/apps/View/index.html?appid=66770bef141c43a98a445c54a17720e2&extent=-73.5743,42.5413,-69.6852,45.4509","pfas_testing_link":"https://www4.des.state.nh.us/IISProxy/IISProxy.dll?ContentId=4829840","site_ref_link":"https://drive.google.com/drive/u/0/folders/1Mu1RIh6GGwyg4YMysY3KBv97OHbHlyaD","state_ref_link":"https://drive.google.com/drive/u/0/folders/1RsSKYaEE8jqAw7pH05tDHRflkjUL3t5H","ObjectId":1204}},{"type":"Feature","id":1206,"geometry":{"type":"Point","coordinates":[-71.683174,44.048669]},"properties":{"site_name":"Framatome Connectors USA","other_site_names":null,"state":"New Hampshire","industry":"Unknown","matrix_type":"Groundwater","matrix":"Groundwater","year":2019,"pfoa":"61","pfos":"296","total_pfas":388,"pfas_level":388,"notes":null,"regulation_gvt_link":null,"resources_link":"https://www4.des.state.nh.us/DESOneStop/PRSDetail.aspx?ID=0000726&Type=PRS","suspected_source_link":"https://nhdes.maps.arcgis.com/apps/View/index.html?appid=66770bef141c43a98a445c54a17720e2&extent=-73.5743,42.5413,-69.6852,45.4509","pfas_testing_link":"https://www4.des.state.nh.us/IISProxy/IISProxy.dll?ContentId=4828630","site_ref_link":"https://drive.google.com/drive/u/0/folders/1qET8rtW0go73f5UVnJmb6LKEO-fSlx6r","state_ref_link":"https://drive.google.com/drive/u/0/folders/1RsSKYaEE8jqAw7pH05tDHRflkjUL3t5H","ObjectId":1206}},{"type":"Feature","id":1207,"geometry":{"type":"Point","coordinates":[-71.374863,42.916807]},"properties":{"site_name":"Spartan Consolidated","other_site_names":null,"state":"New Hampshire","industry":"Industry","matrix_type":"Groundwater","matrix":"Groundwater","year":2019,"pfoa":"210","pfos":"180","total_pfas":424,"pfas_level":424,"notes":null,"regulation_gvt_link":null,"resources_link":"https://www4.des.state.nh.us/DESOneStop/PRSDetail.aspx?ID=0000529&Type=PRS","suspected_source_link":"https://nhdes.maps.arcgis.com/apps/View/index.html?appid=66770bef141c43a98a445c54a17720e2&extent=-73.5743,42.5413,-69.6852,45.4509","pfas_testing_link":"https://www4.des.state.nh.us/nh-pfas-investigation/wp-content/uploads/tables-pdf.pdf","site_ref_link":"https://drive.google.com/drive/u/0/folders/10ipsYyPyT7BZLt_XBShyy-l-3v1_t2h0","state_ref_link":"https://drive.google.com/drive/u/0/folders/1RsSKYaEE8jqAw7pH05tDHRflkjUL3t5H","ObjectId":1207}},{"type":"Feature","id":1318,"geometry":{"type":"Point","coordinates":[-71.465009,42.894129]},"properties":{"site_name":"Saint Gobain Performance Plastics","other_site_names":null,"state":"New Hampshire","industry":"Industry","matrix_type":"Groundwater","matrix":"Groundwater","year":2019,"pfoa":"69,500","pfos":"2,560","total_pfas":75220,"pfas_level":75220,"notes":"Saint-Gobain Performance Plastics ","regulation_gvt_link":"https://www4.des.state.nh.us/nh-pfas-investigation/?p=1216","resources_link":"https://www4.des.state.nh.us/nh-pfas-investigation/","suspected_source_link":"https://www4.des.state.nh.us/nh-pfas-investigation/?cat=8","pfas_testing_link":"https://www4.des.state.nh.us/nh-pfas-investigation/wp-content/uploads/tables-pdf.pdf","site_ref_link":"https://drive.google.com/drive/u/0/folders/1-ld7lBLt-xHsLD3geiQ0Rs93Jg1VTSPf","state_ref_link":"https://drive.google.com/drive/u/1/folders/1RsSKYaEE8jqAw7pH05tDHRflkjUL3t5H","ObjectId":1318}},{"type":"Feature","id":1323,"geometry":{"type":"Point","coordinates":[-71.477383,43.207898]},"properties":{"site_name":"Richard Flynn Fire Academy","other_site_names":null,"state":"New Hampshire","industry":"Fire Department/Training Facility","matrix_type":"Groundwater","matrix":"Groundwater","year":2019,"pfoa":"2,200","pfos":"35,000","total_pfas":92346,"pfas_level":92346,"notes":null,"regulation_gvt_link":null,"resources_link":"https://www4.des.state.nh.us/DESOneStop/PRSDetail.aspx?ID=0038711&Type=PRS","suspected_source_link":"https://nhdes.maps.arcgis.com/apps/View/index.html?appid=66770bef141c43a98a445c54a17720e2&extent=-73.5743,42.5413,-69.6852,45.4509","pfas_testing_link":"https://www4.des.state.nh.us/IISProxy/IISProxy.dll?ContentId=4858799","site_ref_link":"https://drive.google.com/drive/u/0/folders/1vEW_reU3vcG8Ils63p5--u5u6mjtR3Ao","state_ref_link":"https://drive.google.com/drive/u/0/folders/1RsSKYaEE8jqAw7pH05tDHRflkjUL3t5H","ObjectId":1323}},{"type":"Feature","id":1363,"geometry":{"type":"Point","coordinates":[-72.033032,42.912529]},"properties":{"site_name":"Dublin Municipal Landfill","other_site_names":null,"state":"New Hampshire","industry":"Landfill","matrix_type":"Groundwater","matrix":"Groundwater","year":2020,"pfoa":"1","pfos":"1","total_pfas":6,"pfas_level":6,"notes":null,"regulation_gvt_link":null,"resources_link":"https://www4.des.state.nh.us/DESOneStop/PRSDetail.aspx?ID=0001784&Type=PRS","suspected_source_link":"https://nhdes.maps.arcgis.com/apps/View/index.html?appid=66770bef141c43a98a445c54a17720e2&extent=-73.5743,42.5413,-69.6852,45.4509","pfas_testing_link":"https://www4.des.state.nh.us/IISProxy/IISProxy.dll?ContentId=4854539","site_ref_link":"https://drive.google.com/drive/u/0/folders/1k2iuT-pCQdi5IYsfQi-Sh-fu6GiMkv_d","state_ref_link":"https://drive.google.com/drive/u/0/folders/1RsSKYaEE8jqAw7pH05tDHRflkjUL3t5H","ObjectId":1363}},{"type":"Feature","id":1372,"geometry":{"type":"Point","coordinates":[-72.166957,42.802232]},"properties":{"site_name":"Meadowood Fire Training Facility","other_site_names":null,"state":"New Hampshire","industry":"Fire Department/Training Facility","matrix_type":"Groundwater","matrix":"Groundwater","year":2020,"pfoa":"2","pfos":null,"total_pfas":15,"pfas_level":15,"notes":"AFFF used for training exercises at Meadowood Fire Training Facility","regulation_gvt_link":"https://www4.des.state.nh.us/nh-pfas-investigation/?page_id=75","resources_link":"https://www4.des.state.nh.us/nh-pfas-investigation/","suspected_source_link":"https://www.des.nh.gov/organization/commissioner/documents/pfoa-statewide-status-20170110.pdf","pfas_testing_link":"https://www4.des.state.nh.us/IISProxy/IISProxy.dll?ContentId=4874011","site_ref_link":"https://drive.google.com/drive/u/1/folders/1T__F2tViuvs0oaAPqzrcyy-Ny7q_7-XF","state_ref_link":"https://drive.google.com/drive/u/1/folders/1RsSKYaEE8jqAw7pH05tDHRflkjUL3t5H","ObjectId":1372}},{"type":"Feature","id":1379,"geometry":{"type":"Point","coordinates":[-70.939541,43.033479]},"properties":{"site_name":"Co-ed Sportswear","other_site_names":null,"state":"New Hampshire","industry":"Unknown","matrix_type":"Groundwater","matrix":"Groundwater","year":2020,"pfoa":"5","pfos":"2","total_pfas":19,"pfas_level":19,"notes":null,"regulation_gvt_link":null,"resources_link":"https://www4.des.state.nh.us/DESOneStop/PRSDetail.aspx?ID=0012828&Type=PRS","suspected_source_link":"https://nhdes.maps.arcgis.com/apps/View/index.html?appid=66770bef141c43a98a445c54a17720e2&extent=-73.5743,42.5413,-69.6852,45.4509","pfas_testing_link":"https://www4.des.state.nh.us/IISProxy/IISProxy.dll?ContentId=4853326","site_ref_link":"https://drive.google.com/drive/u/0/folders/1wi5OS2sxCNRThYvLGL2kFYZT1K3jpOyX","state_ref_link":"https://drive.google.com/drive/u/0/folders/1RsSKYaEE8jqAw7pH05tDHRflkjUL3t5H","ObjectId":1379}},{"type":"Feature","id":1390,"geometry":{"type":"Point","coordinates":[-72.103711,43.494219]},"properties":{"site_name":"Grantham Landfill","other_site_names":null,"state":"New Hampshire","industry":"Landfill","matrix_type":"Groundwater","matrix":"Groundwater","year":2020,"pfoa":"15","pfos":"9","total_pfas":29,"pfas_level":29,"notes":null,"regulation_gvt_link":null,"resources_link":"https://www4.des.state.nh.us/DESOneStop/PRSDetail.aspx?ID=0002792&Type=PRS","suspected_source_link":"https://nhdes.maps.arcgis.com/apps/View/index.html?appid=66770bef141c43a98a445c54a17720e2&extent=-73.5743,42.5413,-69.6852,45.4509","pfas_testing_link":"https://www4.des.state.nh.us/IISProxy/IISProxy.dll?ContentId=4851400","site_ref_link":"https://drive.google.com/drive/u/0/folders/17Makj_tMkNh3bQAodqsqXx69xBnwLE-x","state_ref_link":"https://drive.google.com/drive/u/0/folders/1RsSKYaEE8jqAw7pH05tDHRflkjUL3t5H","ObjectId":1390}},{"type":"Feature","id":1393,"geometry":{"type":"Point","coordinates":[-71.313729,43.323045]},"properties":{"site_name":"BCEP Landfill","other_site_names":null,"state":"New Hampshire","industry":"Landfill","matrix_type":"Groundwater","matrix":"Groundwater","year":2020,"pfoa":"16","pfos":"10","total_pfas":32,"pfas_level":32,"notes":null,"regulation_gvt_link":null,"resources_link":"https://www4.des.state.nh.us/DESOneStop/PRSDetail.aspx?ID=0000704&Type=PRS","suspected_source_link":"https://nhdes.maps.arcgis.com/apps/View/index.html?appid=66770bef141c43a98a445c54a17720e2&extent=-73.5743,42.5413,-69.6852,45.4509","pfas_testing_link":"https://www4.des.state.nh.us/IISProxy/IISProxy.dll?ContentId=4851941","site_ref_link":"https://drive.google.com/drive/u/0/folders/1yYzJVuutpoKpF5_98oTFS7ADLbef3lQc","state_ref_link":"https://drive.google.com/drive/u/0/folders/1RsSKYaEE8jqAw7pH05tDHRflkjUL3t5H","ObjectId":1393}},{"type":"Feature","id":1394,"geometry":{"type":"Point","coordinates":[-71.767261,43.362167]},"properties":{"site_name":"Salisbury Landfill","other_site_names":null,"state":"New Hampshire","industry":"Landfill","matrix_type":"Groundwater","matrix":"Groundwater","year":2020,"pfoa":"22","pfos":null,"total_pfas":32,"pfas_level":32,"notes":null,"regulation_gvt_link":null,"resources_link":"https://www4.des.state.nh.us/DESOneStop/PRSDetail.aspx?ID=0000094&Type=PRS","suspected_source_link":"https://nhdes.maps.arcgis.com/apps/View/index.html?appid=66770bef141c43a98a445c54a17720e2&extent=-73.5743,42.5413,-69.6852,45.4509","pfas_testing_link":"https://www4.des.state.nh.us/IISProxy/IISProxy.dll?ContentId=4855493","site_ref_link":"https://drive.google.com/drive/u/0/folders/1mADC-Qrey-XcmkFhrhBL3r_8WyhU3Hld","state_ref_link":"https://drive.google.com/drive/u/0/folders/1RsSKYaEE8jqAw7pH05tDHRflkjUL3t5H","ObjectId":1394}},{"type":"Feature","id":1408,"geometry":{"type":"Point","coordinates":[-70.956032,43.236378]},"properties":{"site_name":"Turnkey Landfill","other_site_names":null,"state":"New Hampshire","industry":"Landfill","matrix_type":"Groundwater","matrix":"Groundwater","year":2020,"pfoa":"350","pfos":"70","total_pfas":null,"pfas_level":420,"notes":"Leachate from PFAS-containing waste at Turnkey Landfill","regulation_gvt_link":"N/A","resources_link":"https://www4.des.state.nh.us/DESOneStop/PRSDetail.aspx?ID=0000292&Type=PRS","suspected_source_link":"https://www.bostonglobe.com/metro/2019/11/05/toxic-chemicals-can-dumped-into-merrimack-river-federal-and-state-officials-say/N0u3jOxo1CnpcQiACEW88N/story.html?s_campaign=breakingnews:newsletter","pfas_testing_link":"https://www4.des.state.nh.us/nh-pfas-investigation/wp-content/uploads/tables-pdf.pdf","site_ref_link":"https://drive.google.com/drive/u/0/folders/1DulBMDjZdflLQ5mETadGPNiDkCHQGCTj","state_ref_link":"https://drive.google.com/drive/u/1/folders/1RsSKYaEE8jqAw7pH05tDHRflkjUL3t5H","ObjectId":1408}},{"type":"Feature","id":1414,"geometry":{"type":"Point","coordinates":[-71.424768,42.822389]},"properties":{"site_name":"West Road Municipal Landfill","other_site_names":null,"state":"New Hampshire","industry":"Landfill","matrix_type":"Groundwater","matrix":"Groundwater","year":2020,"pfoa":"16","pfos":"8","total_pfas":53,"pfas_level":53,"notes":null,"regulation_gvt_link":null,"resources_link":"https://www4.des.state.nh.us/DESOneStop/PRSDetail.aspx?ID=0000037&Type=PRS","suspected_source_link":"https://nhdes.maps.arcgis.com/apps/View/index.html?appid=66770bef141c43a98a445c54a17720e2&extent=-73.5743,42.5413,-69.6852,45.4509","pfas_testing_link":"https://www4.des.state.nh.us/IISProxy/IISProxy.dll?ContentId=4856554","site_ref_link":"https://drive.google.com/drive/u/0/folders/1mRbPOFyR76CubRaXpcQevynZzZuGaDfy","state_ref_link":"https://drive.google.com/drive/u/0/folders/1RsSKYaEE8jqAw7pH05tDHRflkjUL3t5H","ObjectId":1414}},{"type":"Feature","id":1418,"geometry":{"type":"Point","coordinates":[-71.515089,42.938886]},"properties":{"site_name":"Nashua Road Property","other_site_names":null,"state":"New Hampshire","industry":"Unknown","matrix_type":"Groundwater","matrix":"Groundwater","year":2020,"pfoa":"24","pfos":"9","total_pfas":56,"pfas_level":56,"notes":null,"regulation_gvt_link":null,"resources_link":"https://www4.des.state.nh.us/DESOneStop/PRSDetail.aspx?ID=0015355&Type=PRS","suspected_source_link":"https://nhdes.maps.arcgis.com/apps/View/index.html?appid=66770bef141c43a98a445c54a17720e2&extent=-73.5743,42.5413,-69.6852,45.4509","pfas_testing_link":"https://www4.des.state.nh.us/IISProxy/IISProxy.dll?ContentId=4838813","site_ref_link":"https://drive.google.com/drive/u/0/folders/1he9M5qlpZkh05IP4n3dG2LJsNBYVM32u","state_ref_link":"https://drive.google.com/drive/u/0/folders/1RsSKYaEE8jqAw7pH05tDHRflkjUL3t5H","ObjectId":1418}},{"type":"Feature","id":1420,"geometry":{"type":"Point","coordinates":[-70.900697,43.186554]},"properties":{"site_name":"Former Textron Automotive Company Property","other_site_names":null,"state":"New Hampshire","industry":"Industry","matrix_type":"Groundwater","matrix":"Groundwater","year":2020,"pfoa":"5","pfos":"3","total_pfas":57,"pfas_level":57,"notes":null,"regulation_gvt_link":null,"resources_link":"https://www4.des.state.nh.us/DESOneStop/PRSDetail.aspx?ID=0000402&Type=PRS","suspected_source_link":"https://nhdes.maps.arcgis.com/apps/View/index.html?appid=66770bef141c43a98a445c54a17720e2&extent=-73.5743,42.5413,-69.6852,45.4509","pfas_testing_link":"https://www4.des.state.nh.us/IISProxy/IISProxy.dll?ContentId=4849033","site_ref_link":"https://drive.google.com/drive/u/0/folders/16XE1cPmoVWH3j7mg6_ev4ON62--P0URH","state_ref_link":"https://drive.google.com/drive/u/0/folders/1RsSKYaEE8jqAw7pH05tDHRflkjUL3t5H","ObjectId":1420}},{"type":"Feature","id":1423,"geometry":{"type":"Point","coordinates":[-72.204081,43.208748]},"properties":{"site_name":"Former Lempster Landfill","other_site_names":null,"state":"New Hampshire","industry":"Landfill","matrix_type":"Groundwater","matrix":"Groundwater","year":2020,"pfoa":"10","pfos":"41","total_pfas":62,"pfas_level":62,"notes":null,"regulation_gvt_link":null,"resources_link":"https://www4.des.state.nh.us/DESOneStop/PRSDetail.aspx?ID=0000045&Type=PRS","suspected_source_link":"https://nhdes.maps.arcgis.com/apps/View/index.html?appid=66770bef141c43a98a445c54a17720e2&extent=-73.5743,42.5413,-69.6852,45.4509","pfas_testing_link":"https://www4.des.state.nh.us/IISProxy/IISProxy.dll?ContentId=4849029","site_ref_link":"https://drive.google.com/drive/u/0/folders/146WluYdqsRS0XJJ32w6kxubaw4IHoa4b","state_ref_link":"https://drive.google.com/drive/u/0/folders/1RsSKYaEE8jqAw7pH05tDHRflkjUL3t5H","ObjectId":1423}},{"type":"Feature","id":1425,"geometry":{"type":"Point","coordinates":[-71.184166,42.858761]},"properties":{"site_name":"Former Johnson & Johnson Facility","other_site_names":null,"state":"New Hampshire","industry":"Industry","matrix_type":"Groundwater","matrix":"Groundwater","year":2020,"pfoa":"11","pfos":"45","total_pfas":63,"pfas_level":63,"notes":null,"regulation_gvt_link":null,"resources_link":"https://www4.des.state.nh.us/DESOneStop/PRSDetail.aspx?ID=0009771&Type=PRS","suspected_source_link":"https://nhdes.maps.arcgis.com/apps/View/index.html?appid=66770bef141c43a98a445c54a17720e2&extent=-73.5743,42.5413,-69.6852,45.4509","pfas_testing_link":"https://www4.des.state.nh.us/nh-pfas-investigation/wp-content/uploads/tables-pdf.pdf","site_ref_link":"https://drive.google.com/drive/u/0/folders/18oihiLHlItqytbqK9GiQO9i_gYRb3HCW","state_ref_link":"https://drive.google.com/drive/u/0/folders/1RsSKYaEE8jqAw7pH05tDHRflkjUL3t5H","ObjectId":1425}},{"type":"Feature","id":1427,"geometry":{"type":"Point","coordinates":[-71.474368,42.992527]},"properties":{"site_name":"122 McGregor Street","other_site_names":null,"state":"New Hampshire","industry":"Unknown","matrix_type":"Groundwater","matrix":"Groundwater","year":2020,"pfoa":"11","pfos":"14","total_pfas":68,"pfas_level":68,"notes":"Currently a Rite Aid","regulation_gvt_link":null,"resources_link":"https://www4.des.state.nh.us/DESOneStop/PRSDetail.aspx?ID=0006778&Type=PRS","suspected_source_link":"https://nhdes.maps.arcgis.com/apps/View/index.html?appid=66770bef141c43a98a445c54a17720e2&extent=-73.5743,42.5413,-69.6852,45.4509","pfas_testing_link":"https://www4.des.state.nh.us/nh-pfas-investigation/wp-content/uploads/tables-pdf.pdf","site_ref_link":"https://drive.google.com/drive/u/0/folders/1RAtQRzKR5HRhwNtNp-o7KFUsN7b7qQAr","state_ref_link":"https://drive.google.com/drive/u/0/folders/1RsSKYaEE8jqAw7pH05tDHRflkjUL3t5H","ObjectId":1427}},{"type":"Feature","id":1428,"geometry":{"type":"Point","coordinates":[-71.207149,42.749224]},"properties":{"site_name":"Former Key Packaging Industries Corp","other_site_names":null,"state":"New Hampshire","industry":"Industry","matrix_type":"Groundwater","matrix":"Groundwater","year":2020,"pfoa":"25","pfos":"13","total_pfas":69,"pfas_level":69,"notes":null,"regulation_gvt_link":null,"resources_link":"https://www4.des.state.nh.us/DESOneStop/PRSDetail.aspx?ID=0034201&Type=PRS","suspected_source_link":"https://nhdes.maps.arcgis.com/apps/View/index.html?appid=66770bef141c43a98a445c54a17720e2&extent=-73.5743,42.5413,-69.6852,45.4509","pfas_testing_link":"https://www4.des.state.nh.us/nh-pfas-investigation/wp-content/uploads/tables-pdf.pdf","site_ref_link":"https://drive.google.com/drive/u/0/folders/1FSjBYTOpQdezI5SowUDMy8UnPXsq5oUu","state_ref_link":"https://drive.google.com/drive/u/0/folders/1RsSKYaEE8jqAw7pH05tDHRflkjUL3t5H","ObjectId":1428}},{"type":"Feature","id":1434,"geometry":{"type":"Point","coordinates":[-71.634047,44.259472]},"properties":{"site_name":"NCES Landfill","other_site_names":null,"state":"New Hampshire","industry":"Landfill","matrix_type":"Groundwater","matrix":"Groundwater","year":2020,"pfoa":"13","pfos":"4","total_pfas":87,"pfas_level":87,"notes":null,"regulation_gvt_link":null,"resources_link":"https://www4.des.state.nh.us/DESOneStop/PRSDetail.aspx?ID=0000149&Type=PRS","suspected_source_link":"https://nhdes.maps.arcgis.com/apps/View/index.html?appid=66770bef141c43a98a445c54a17720e2&extent=-73.5743,42.5413,-69.6852,45.4509","pfas_testing_link":"https://www4.des.state.nh.us/IISProxy/IISProxy.dll?ContentId=4851399","site_ref_link":"https://drive.google.com/drive/u/0/folders/1-kjEn6vdiw2trj-XTOPCmodLVEgFRsKv","state_ref_link":"https://drive.google.com/drive/u/0/folders/1RsSKYaEE8jqAw7pH05tDHRflkjUL3t5H","ObjectId":1434}},{"type":"Feature","id":1436,"geometry":{"type":"Point","coordinates":[-71.517287,43.20006]},"properties":{"site_name":"Concord City Landfill","other_site_names":null,"state":"New Hampshire","industry":"Landfill","matrix_type":"Groundwater","matrix":"Groundwater","year":2020,"pfoa":"14","pfos":"20","total_pfas":94,"pfas_level":94,"notes":null,"regulation_gvt_link":null,"resources_link":"https://www4.des.state.nh.us/DESOneStop/PRSDetail.aspx?ID=0000189&Type=PRS","suspected_source_link":"https://nhdes.maps.arcgis.com/apps/View/index.html?appid=66770bef141c43a98a445c54a17720e2&extent=-73.5743,42.5413,-69.6852,45.4509","pfas_testing_link":"https://www4.des.state.nh.us/IISProxy/IISProxy.dll?ContentId=4855491","site_ref_link":"https://drive.google.com/drive/u/0/folders/1RM9LFvzY2XT6kzu7rdoYaJbUHLSxIfsS","state_ref_link":"https://drive.google.com/drive/u/0/folders/1RsSKYaEE8jqAw7pH05tDHRflkjUL3t5H","ObjectId":1436}},{"type":"Feature","id":1439,"geometry":{"type":"Point","coordinates":[-71.330807,42.869358]},"properties":{"site_name":"Derry Municipal Landfill","other_site_names":null,"state":"New Hampshire","industry":"Landfill","matrix_type":"Groundwater","matrix":"Groundwater","year":2020,"pfoa":"21","pfos":"15","total_pfas":97,"pfas_level":97,"notes":null,"regulation_gvt_link":null,"resources_link":"https://www4.des.state.nh.us/DESOneStop/PRSDetail.aspx?ID=0000283&Type=PRS","suspected_source_link":"https://nhdes.maps.arcgis.com/apps/View/index.html?appid=66770bef141c43a98a445c54a17720e2&extent=-73.5743,42.5413,-69.6852,45.4509","pfas_testing_link":"https://www4.des.state.nh.us/IISProxy/IISProxy.dll?ContentId=4854008","site_ref_link":"https://drive.google.com/drive/u/0/folders/1aMpztrj4G89-bvBGvkI-o5JAzx32SxB2","state_ref_link":"https://drive.google.com/drive/u/0/folders/1RsSKYaEE8jqAw7pH05tDHRflkjUL3t5H","ObjectId":1439}},{"type":"Feature","id":1441,"geometry":{"type":"Point","coordinates":[-71.402919,42.766781]},"properties":{"site_name":"Benson Park","other_site_names":null,"state":"New Hampshire","industry":"Landfill","matrix_type":"Groundwater","matrix":"Groundwater","year":2020,"pfoa":"18","pfos":"12","total_pfas":101,"pfas_level":101,"notes":null,"regulation_gvt_link":null,"resources_link":"https://www4.des.state.nh.us/DESOneStop/PRSDetail.aspx?ID=0006150&Type=PRS","suspected_source_link":"https://nhdes.maps.arcgis.com/apps/View/index.html?appid=66770bef141c43a98a445c54a17720e2&extent=-73.5743,42.5413,-69.6852,45.4509","pfas_testing_link":"https://www4.des.state.nh.us/IISProxy/IISProxy.dll?ContentId=4845593","site_ref_link":"https://drive.google.com/drive/u/0/folders/1892QYIYYTrmEZJKqiZ_KlPijbRp6bXGf","state_ref_link":"https://drive.google.com/drive/u/0/folders/1RsSKYaEE8jqAw7pH05tDHRflkjUL3t5H","ObjectId":1441}},{"type":"Feature","id":1443,"geometry":{"type":"Point","coordinates":[-70.759931,43.055177]},"properties":{"site_name":"Jones Landfill and Ash Containment","other_site_names":null,"state":"New Hampshire","industry":"Landfill","matrix_type":"Groundwater","matrix":"Groundwater","year":2020,"pfoa":"33","pfos":"21","total_pfas":109,"pfas_level":109,"notes":null,"regulation_gvt_link":null,"resources_link":"https://www4.des.state.nh.us/DESOneStop/PRSDetail.aspx?ID=0000080&Type=PRS","suspected_source_link":"https://nhdes.maps.arcgis.com/apps/View/index.html?appid=66770bef141c43a98a445c54a17720e2&extent=-73.5743,42.5413,-69.6852,45.4509","pfas_testing_link":"https://www4.des.state.nh.us/nh-pfas-investigation/wp-content/uploads/tables-pdf.pdf","site_ref_link":"https://drive.google.com/drive/u/0/folders/19wyKnv2fxI0tuM5wFvHBI0yGwB7qY19l","state_ref_link":"https://drive.google.com/drive/u/0/folders/1RsSKYaEE8jqAw7pH05tDHRflkjUL3t5H","ObjectId":1443}},{"type":"Feature","id":1453,"geometry":{"type":"Point","coordinates":[-70.823613,42.9272]},"properties":{"site_name":"Hampton Landfill","other_site_names":null,"state":"New Hampshire","industry":"Landfill","matrix_type":"Groundwater","matrix":"Groundwater","year":2020,"pfoa":"25","pfos":"92","total_pfas":138,"pfas_level":138,"notes":null,"regulation_gvt_link":null,"resources_link":"https://www4.des.state.nh.us/DESOneStop/PRSDetail.aspx?ID=0001608&Type=PRS","suspected_source_link":"https://nhdes.maps.arcgis.com/apps/View/index.html?appid=66770bef141c43a98a445c54a17720e2&extent=-73.5743,42.5413,-69.6852,45.4509","pfas_testing_link":"https://www4.des.state.nh.us/IISProxy/IISProxy.dll?ContentId=4862002","site_ref_link":"https://drive.google.com/drive/u/0/folders/1ry-J2siXsSQYCsAFvkxhD7MtPY61plz5","state_ref_link":"https://drive.google.com/drive/u/0/folders/1RsSKYaEE8jqAw7pH05tDHRflkjUL3t5H","ObjectId":1453}},{"type":"Feature","id":1454,"geometry":{"type":"Point","coordinates":[-71.505061,43.670341]},"properties":{"site_name":"Meredith Landfill","other_site_names":null,"state":"New Hampshire","industry":"Landfill","matrix_type":"Groundwater","matrix":"Groundwater","year":2020,"pfoa":"89","pfos":"36","total_pfas":141,"pfas_level":141,"notes":null,"regulation_gvt_link":null,"resources_link":"https://www4.des.state.nh.us/DESOneStop/PRSDetail.aspx?ID=0000052&Type=PRS","suspected_source_link":"https://nhdes.maps.arcgis.com/apps/View/index.html?appid=66770bef141c43a98a445c54a17720e2&extent=-73.5743,42.5413,-69.6852,45.4509","pfas_testing_link":"https://www4.des.state.nh.us/IISProxy/IISProxy.dll?ContentId=4788376","site_ref_link":"https://drive.google.com/drive/u/0/folders/1lXkpybaXpLqrSU8e3LsWAh9jv8YzpNuq","state_ref_link":"https://drive.google.com/drive/u/0/folders/1RsSKYaEE8jqAw7pH05tDHRflkjUL3t5H","ObjectId":1454}},{"type":"Feature","id":1457,"geometry":{"type":"Point","coordinates":[-71.663498,42.842855]},"properties":{"site_name":"Milford Transfer Station","other_site_names":null,"state":"New Hampshire","industry":"Landfill","matrix_type":"Groundwater","matrix":"Groundwater","year":2020,"pfoa":"48","pfos":"34","total_pfas":155,"pfas_level":155,"notes":null,"regulation_gvt_link":null,"resources_link":"https://www4.des.state.nh.us/DESOneStop/PRSDetail.aspx?ID=0001960&Type=PRS","suspected_source_link":"https://nhdes.maps.arcgis.com/apps/View/index.html?appid=66770bef141c43a98a445c54a17720e2&extent=-73.5743,42.5413,-69.6852,45.4509","pfas_testing_link":"https://www4.des.state.nh.us/IISProxy/IISProxy.dll?ContentId=4849019","site_ref_link":"https://drive.google.com/drive/u/0/folders/11tPbXjoQvQ2e69ZuEc_klF_raxwNEN_o","state_ref_link":"https://drive.google.com/drive/u/0/folders/1RsSKYaEE8jqAw7pH05tDHRflkjUL3t5H","ObjectId":1457}},{"type":"Feature","id":1458,"geometry":{"type":"Point","coordinates":[-71.503956,43.21274]},"properties":{"site_name":"Former Vishay Sprague","other_site_names":null,"state":"New Hampshire","industry":"Industry","matrix_type":"Groundwater","matrix":"Groundwater","year":2020,"pfoa":"13","pfos":"158","total_pfas":null,"pfas_level":158,"notes":"EleCenteropac Worldwide","regulation_gvt_link":null,"resources_link":"https://www4.des.state.nh.us/DESOneStop/PRSDetail.aspx?ID=0000420&Type=PRS","suspected_source_link":"https://nhdes.maps.arcgis.com/apps/View/index.html?appid=66770bef141c43a98a445c54a17720e2&extent=-73.5743,42.5413,-69.6852,45.4509","pfas_testing_link":"https://www4.des.state.nh.us/IISProxy/IISProxy.dll?ContentId=4851648","site_ref_link":"https://drive.google.com/drive/u/0/folders/1cgj0X7Lx3eyKwngJehGShNXZcUoceCpI","state_ref_link":"https://drive.google.com/drive/u/0/folders/1RsSKYaEE8jqAw7pH05tDHRflkjUL3t5H","ObjectId":1458}},{"type":"Feature","id":1463,"geometry":{"type":"Point","coordinates":[-71.223811,43.508361]},"properties":{"site_name":"Alton Landfill","other_site_names":null,"state":"New Hampshire","industry":"Landfill","matrix_type":"Groundwater","matrix":"Groundwater","year":2020,"pfoa":"40","pfos":"14","total_pfas":171,"pfas_level":171,"notes":null,"regulation_gvt_link":null,"resources_link":"https://www4.des.state.nh.us/DESOneStop/PRSDetail.aspx?ID=0000001&Type=PRS","suspected_source_link":"https://nhdes.maps.arcgis.com/apps/View/index.html?appid=66770bef141c43a98a445c54a17720e2&extent=-73.5743,42.5413,-69.6852,45.4509","pfas_testing_link":"https://www4.des.state.nh.us/IISProxy/IISProxy.dll?ContentId=4855487","site_ref_link":"https://drive.google.com/drive/u/0/folders/1zgIjO9Xm1hDC44SV9Pi7MtcoKFAfa2FH","state_ref_link":"https://drive.google.com/drive/u/0/folders/1RsSKYaEE8jqAw7pH05tDHRflkjUL3t5H","ObjectId":1463}},{"type":"Feature","id":1465,"geometry":{"type":"Point","coordinates":[-71.913174,42.877702]},"properties":{"site_name":"Brown's Septage Pits","other_site_names":null,"state":"New Hampshire","industry":"Superfund Site","matrix_type":"Groundwater","matrix":"Groundwater","year":2020,"pfoa":"61","pfos":"120","total_pfas":null,"pfas_level":181,"notes":null,"regulation_gvt_link":null,"resources_link":"https://www4.des.state.nh.us/DESOneStop/PRSDetail.aspx?ID=0006764&Type=PRS","suspected_source_link":"https://nhdes.maps.arcgis.com/apps/View/index.html?appid=66770bef141c43a98a445c54a17720e2&extent=-73.5743,42.5413,-69.6852,45.4509","pfas_testing_link":"https://www4.des.state.nh.us/nh-pfas-investigation/wp-content/uploads/tables-pdf.pdf","site_ref_link":"https://drive.google.com/drive/u/1/folders/1X3btpZD6yM-NmOQD4WrmdnI2DKXzcSBn","state_ref_link":"https://drive.google.com/drive/u/0/folders/1RsSKYaEE8jqAw7pH05tDHRflkjUL3t5H","ObjectId":1465}},{"type":"Feature","id":1468,"geometry":{"type":"Point","coordinates":[-71.528984,43.196443]},"properties":{"site_name":"Former Johnson & Dix Bulk Oil Facility","other_site_names":null,"state":"New Hampshire","industry":"Industry","matrix_type":"Groundwater","matrix":"Groundwater","year":2020,"pfoa":"42","pfos":"10","total_pfas":193,"pfas_level":193,"notes":null,"regulation_gvt_link":null,"resources_link":"https://www4.des.state.nh.us/DESOneStop/PRSDetail.aspx?ID=0010087&Type=PRS","suspected_source_link":"https://nhdes.maps.arcgis.com/apps/View/index.html?appid=66770bef141c43a98a445c54a17720e2&extent=-73.5743,42.5413,-69.6852,45.4509","pfas_testing_link":"https://www4.des.state.nh.us/IISProxy/IISProxy.dll?ContentId=4849952","site_ref_link":"https://drive.google.com/drive/u/0/folders/15tXmxQ--kr7IP_phy5xW5XPaPFTMNbb7","state_ref_link":"https://drive.google.com/drive/u/0/folders/1RsSKYaEE8jqAw7pH05tDHRflkjUL3t5H","ObjectId":1468}},{"type":"Feature","id":1471,"geometry":{"type":"Point","coordinates":[-71.493646,42.861843]},"properties":{"site_name":"Hacros Chemicals","other_site_names":null,"state":"New Hampshire","industry":"Industry","matrix_type":"Groundwater","matrix":"Groundwater","year":2020,"pfoa":"120","pfos":"12","total_pfas":207,"pfas_level":207,"notes":null,"regulation_gvt_link":null,"resources_link":"https://www4.des.state.nh.us/DESOneStop/PRSDetail.aspx?ID=0000719&Type=PRS","suspected_source_link":"https://nhdes.maps.arcgis.com/apps/View/index.html?appid=66770bef141c43a98a445c54a17720e2&extent=-73.5743,42.5413,-69.6852,45.4509","pfas_testing_link":"https://www4.des.state.nh.us/nh-pfas-investigation/wp-content/uploads/tables-pdf.pdf","site_ref_link":"https://drive.google.com/drive/u/0/folders/1PfCRMI8fqoYzDGRVZiAp9wCsasSFiZUm","state_ref_link":"https://drive.google.com/drive/u/0/folders/1RsSKYaEE8jqAw7pH05tDHRflkjUL3t5H","ObjectId":1471}},{"type":"Feature","id":1473,"geometry":{"type":"Point","coordinates":[-71.011858,42.874856]},"properties":{"site_name":"Newton Municipal Landfill","other_site_names":null,"state":"New Hampshire","industry":"Landfill","matrix_type":"Groundwater","matrix":"Groundwater","year":2020,"pfoa":"101","pfos":"111","total_pfas":225,"pfas_level":225,"notes":null,"regulation_gvt_link":null,"resources_link":"https://www4.des.state.nh.us/DESOneStop/PRSDetail.aspx?ID=0002630&Type=PRS","suspected_source_link":"https://nhdes.maps.arcgis.com/apps/View/index.html?appid=66770bef141c43a98a445c54a17720e2&extent=-73.5743,42.5413,-69.6852,45.4509","pfas_testing_link":"https://www4.des.state.nh.us/nh-pfas-investigation/wp-content/uploads/tables-pdf.pdf","site_ref_link":"https://drive.google.com/drive/u/0/folders/1jY7QaScXgPnREw3TB8Z56bAuFBtnHWRf","state_ref_link":"https://drive.google.com/drive/u/0/folders/1RsSKYaEE8jqAw7pH05tDHRflkjUL3t5H","ObjectId":1473}},{"type":"Feature","id":1474,"geometry":{"type":"Point","coordinates":[-70.789289,43.002525]},"properties":{"site_name":"Grove Road Landfill","other_site_names":null,"state":"New Hampshire","industry":"Landfill","matrix_type":"Groundwater","matrix":"Groundwater","year":2020,"pfoa":"82","pfos":"110","total_pfas":231,"pfas_level":231,"notes":null,"regulation_gvt_link":null,"resources_link":"https://www4.des.state.nh.us/DESOneStop/PRSDetail.aspx?ID=0002039&Type=PRS","suspected_source_link":"https://nhdes.maps.arcgis.com/apps/View/index.html?appid=66770bef141c43a98a445c54a17720e2&extent=-73.5743,42.5413,-69.6852,45.4509","pfas_testing_link":"https://www4.des.state.nh.us/nh-pfas-investigation/wp-content/uploads/tables-pdf.pdf","site_ref_link":"https://drive.google.com/drive/u/0/folders/1Z7x1c-GkJmSrSsneSfZrin2gs63SMXmd","state_ref_link":"https://drive.google.com/drive/u/0/folders/1RsSKYaEE8jqAw7pH05tDHRflkjUL3t5H","ObjectId":1474}},{"type":"Feature","id":1478,"geometry":{"type":"Point","coordinates":[-71.940653,42.927258]},"properties":{"site_name":"Peterborough Town Landfill","other_site_names":null,"state":"New Hampshire","industry":"Landfill","matrix_type":"Groundwater","matrix":"Groundwater","year":2020,"pfoa":"39","pfos":"87","total_pfas":238,"pfas_level":238,"notes":null,"regulation_gvt_link":null,"resources_link":"https://www4.des.state.nh.us/DESOneStop/PRSDetail.aspx?ID=0000071&Type=PRS","suspected_source_link":"https://nhdes.maps.arcgis.com/apps/View/index.html?appid=66770bef141c43a98a445c54a17720e2&extent=-73.5743,42.5413,-69.6852,45.4509","pfas_testing_link":"https://www4.des.state.nh.us/IISProxy/IISProxy.dll?ContentId=4851944","site_ref_link":"https://drive.google.com/drive/u/1/folders/18hZmBCUY85csp-zmzDd_vXDpd2F_jJzV","state_ref_link":"https://drive.google.com/drive/u/0/folders/1RsSKYaEE8jqAw7pH05tDHRflkjUL3t5H","ObjectId":1478}},{"type":"Feature","id":1480,"geometry":{"type":"Point","coordinates":[-71.522136,43.209512]},"properties":{"site_name":"NHDOT Gully Hill Road Site","other_site_names":null,"state":"New Hampshire","industry":"Industry","matrix_type":"Groundwater","matrix":"Groundwater","year":2020,"pfoa":"5","pfos":"14","total_pfas":241,"pfas_level":241,"notes":null,"regulation_gvt_link":null,"resources_link":"https://www4.des.state.nh.us/DESOneStop/PRSDetail.aspx?ID=0008502&Type=PRS","suspected_source_link":"https://nhdes.maps.arcgis.com/apps/View/index.html?appid=66770bef141c43a98a445c54a17720e2&extent=-73.5743,42.5413,-69.6852,45.4509","pfas_testing_link":"https://www4.des.state.nh.us/IISProxy/IISProxy.dll?ContentId=4851401","site_ref_link":"https://drive.google.com/drive/u/0/folders/1sryCKun2AkvOFBFjZd3vcAkmveb8FYPi","state_ref_link":"https://drive.google.com/drive/u/0/folders/1RsSKYaEE8jqAw7pH05tDHRflkjUL3t5H","ObjectId":1480}},{"type":"Feature","id":1484,"geometry":{"type":"Point","coordinates":[-70.88332,43.003811]},"properties":{"site_name":"Stratham Landfill","other_site_names":null,"state":"New Hampshire","industry":"Landfill","matrix_type":"Groundwater","matrix":"Groundwater","year":2020,"pfoa":"96","pfos":"37","total_pfas":248,"pfas_level":248,"notes":null,"regulation_gvt_link":null,"resources_link":"https://www4.des.state.nh.us/DESOneStop/PRSDetail.aspx?ID=0000895&Type=PRS","suspected_source_link":"https://nhdes.maps.arcgis.com/apps/View/index.html?appid=66770bef141c43a98a445c54a17720e2&extent=-73.5743,42.5413,-69.6852,45.4509","pfas_testing_link":"https://www4.des.state.nh.us/IISProxy/IISProxy.dll?ContentId=4861985","site_ref_link":"https://drive.google.com/drive/u/0/folders/1RiLe3H6fR9ZkcrW2YhUAr_Tv_WVJ43eh","state_ref_link":"https://drive.google.com/drive/u/0/folders/1RsSKYaEE8jqAw7pH05tDHRflkjUL3t5H","ObjectId":1484}},{"type":"Feature","id":1485,"geometry":{"type":"Point","coordinates":[-71.922596,44.204369]},"properties":{"site_name":"Lisbon Landfill","other_site_names":null,"state":"New Hampshire","industry":"Landfill","matrix_type":"Groundwater","matrix":"Groundwater","year":2020,"pfoa":"110","pfos":"18","total_pfas":255,"pfas_level":255,"notes":null,"regulation_gvt_link":null,"resources_link":"https://www4.des.state.nh.us/DESOneStop/PRSDetail.aspx?ID=0000140&Type=PRS","suspected_source_link":"https://nhdes.maps.arcgis.com/apps/View/index.html?appid=66770bef141c43a98a445c54a17720e2&extent=-73.5743,42.5413,-69.6852,45.4509","pfas_testing_link":"https://www4.des.state.nh.us/nh-pfas-investigation/wp-content/uploads/tables-pdf.pdf","site_ref_link":"https://drive.google.com/drive/u/0/folders/196ugU1zzS9wsxBUNreXqr69xCmmAiQyb","state_ref_link":"https://drive.google.com/drive/u/0/folders/1RsSKYaEE8jqAw7pH05tDHRflkjUL3t5H","ObjectId":1485}},{"type":"Feature","id":1486,"geometry":{"type":"Point","coordinates":[-70.745979,43.045729]},"properties":{"site_name":"Former Foye's Corner Market Property","other_site_names":null,"state":"New Hampshire","industry":"Unknown","matrix_type":"Groundwater","matrix":"Groundwater","year":2020,"pfoa":"40","pfos":"7","total_pfas":260,"pfas_level":260,"notes":null,"regulation_gvt_link":null,"resources_link":"https://www4.des.state.nh.us/DESOneStop/PRSDetail.aspx?ID=0010683&Type=PRS","suspected_source_link":"https://nhdes.maps.arcgis.com/apps/View/index.html?appid=66770bef141c43a98a445c54a17720e2&extent=-73.5743,42.5413,-69.6852,45.4509","pfas_testing_link":"https://www4.des.state.nh.us/IISProxy/IISProxy.dll?ContentId=4788376","site_ref_link":"https://drive.google.com/drive/u/0/folders/1OY-XcCu9jCkPtgprOEzx58P36S0Bqgcn","state_ref_link":"https://drive.google.com/drive/u/0/folders/1RsSKYaEE8jqAw7pH05tDHRflkjUL3t5H","ObjectId":1486}},{"type":"Feature","id":1489,"geometry":{"type":"Point","coordinates":[-71.051539,43.034237]},"properties":{"site_name":"Keefe Envir","other_site_names":null,"state":"New Hampshire","industry":"Superfund Site","matrix_type":"Groundwater","matrix":"Groundwater","year":2020,"pfoa":"260","pfos":"25","total_pfas":290,"pfas_level":290,"notes":null,"regulation_gvt_link":null,"resources_link":"https://www4.des.state.nh.us/DESOneStop/PRSDetail.aspx?ID=0000404&Type=PRS","suspected_source_link":"https://nhdes.maps.arcgis.com/apps/View/index.html?appid=66770bef141c43a98a445c54a17720e2&extent=-73.5743,42.5413,-69.6852,45.4509","pfas_testing_link":"https://www4.des.state.nh.us/nh-pfas-investigation/wp-content/uploads/tables-pdf.pdf","site_ref_link":"https://drive.google.com/drive/u/0/folders/1EcZIAW0BZvk5NM9t3-SuRwz9vYmrjsY6","state_ref_link":"https://drive.google.com/drive/u/0/folders/1RsSKYaEE8jqAw7pH05tDHRflkjUL3t5H","ObjectId":1489}},{"type":"Feature","id":1497,"geometry":{"type":"Point","coordinates":[-71.4682,43.062216]},"properties":{"site_name":"Hooksett Landfill","other_site_names":null,"state":"New Hampshire","industry":"Landfill","matrix_type":"Groundwater","matrix":"Groundwater","year":2020,"pfoa":"15","pfos":"6","total_pfas":347,"pfas_level":347,"notes":null,"regulation_gvt_link":null,"resources_link":"https://www4.des.state.nh.us/DESOneStop/PRSDetail.aspx?ID=0001833&Type=PRS","suspected_source_link":"https://nhdes.maps.arcgis.com/apps/View/index.html?appid=66770bef141c43a98a445c54a17720e2&extent=-73.5743,42.5413,-69.6852,45.4509","pfas_testing_link":"https://www4.des.state.nh.us/IISProxy/IISProxy.dll?ContentId=4856002","site_ref_link":"https://drive.google.com/drive/u/0/folders/1MgBSDAZ_DP2nsnPYprO_561UYSjc6G0g","state_ref_link":"https://drive.google.com/drive/u/0/folders/1RsSKYaEE8jqAw7pH05tDHRflkjUL3t5H","ObjectId":1497}},{"type":"Feature","id":1498,"geometry":{"type":"Point","coordinates":[-71.461918,42.98777]},"properties":{"site_name":"55 Central Street","other_site_names":null,"state":"New Hampshire","industry":"Unknown","matrix_type":"Groundwater","matrix":"Groundwater","year":2020,"pfoa":"21","pfos":"41","total_pfas":358,"pfas_level":358,"notes":null,"regulation_gvt_link":null,"resources_link":"https://www4.des.state.nh.us/DESOneStop/PRSDetail.aspx?ID=0038735&Type=PRS","suspected_source_link":"https://nhdes.maps.arcgis.com/apps/View/index.html?appid=66770bef141c43a98a445c54a17720e2&extent=-73.5743,42.5413,-69.6852,45.4509","pfas_testing_link":"https://www4.des.state.nh.us/IISProxy/IISProxy.dll?ContentId=4850227","site_ref_link":"https://drive.google.com/drive/u/1/folders/1o_fxhWbW-xvnT2P5KJ7Y9lyCFyonkx38","state_ref_link":"https://drive.google.com/drive/u/0/folders/1RsSKYaEE8jqAw7pH05tDHRflkjUL3t5H","ObjectId":1498}},{"type":"Feature","id":1499,"geometry":{"type":"Point","coordinates":[-71.14808,44.457651]},"properties":{"site_name":"Mt. Carberry Landfill","other_site_names":null,"state":"New Hampshire","industry":"Landfill","matrix_type":"Groundwater","matrix":"Groundwater","year":2020,"pfoa":"240","pfos":"30","total_pfas":388,"pfas_level":388,"notes":null,"regulation_gvt_link":null,"resources_link":"https://www4.des.state.nh.us/DESOneStop/PRSDetail.aspx?ID=0000297&Type=PRS","suspected_source_link":"https://nhdes.maps.arcgis.com/apps/View/index.html?appid=66770bef141c43a98a445c54a17720e2&extent=-73.5743,42.5413,-69.6852,45.4509","pfas_testing_link":"https://www4.des.state.nh.us/nh-pfas-investigation/wp-content/uploads/tables-pdf.pdf","site_ref_link":"https://drive.google.com/drive/u/0/folders/1sD6L7qc_EYvQHHI8GHn25a9F-QhTy6JM","state_ref_link":"https://drive.google.com/drive/u/0/folders/1RsSKYaEE8jqAw7pH05tDHRflkjUL3t5H","ObjectId":1499}},{"type":"Feature","id":1508,"geometry":{"type":"Point","coordinates":[-72.280308,43.697214]},"properties":{"site_name":"Hanover Consumer Coop Society","other_site_names":null,"state":"New Hampshire","industry":"Industry","matrix_type":"Groundwater","matrix":"Groundwater","year":2020,"pfoa":"127","pfos":"49","total_pfas":478,"pfas_level":478,"notes":null,"regulation_gvt_link":null,"resources_link":"https://www4.des.state.nh.us/DESOneStop/PRSDetail.aspx?ID=0012776&Type=PRS","suspected_source_link":"https://nhdes.maps.arcgis.com/apps/View/index.html?appid=66770bef141c43a98a445c54a17720e2&extent=-73.5743,42.5413,-69.6852,45.4509","pfas_testing_link":"https://www4.des.state.nh.us/IISProxy/IISProxy.dll?ContentId=4858127","site_ref_link":"https://drive.google.com/drive/u/0/folders/1BvLpuuyYPemY-_A6dB8RdWhH-klu_gJ3","state_ref_link":"https://drive.google.com/drive/u/0/folders/1RsSKYaEE8jqAw7pH05tDHRflkjUL3t5H","ObjectId":1508}},{"type":"Feature","id":1511,"geometry":{"type":"Point","coordinates":[-72.383218,42.781778]},"properties":{"site_name":"Former A.C. Lawrence Tannery Site","other_site_names":null,"state":"New Hampshire","industry":"Landfill","matrix_type":"Groundwater","matrix":"Groundwater","year":2020,"pfoa":"96","pfos":"212","total_pfas":527,"pfas_level":527,"notes":null,"regulation_gvt_link":null,"resources_link":"https://www4.des.state.nh.us/DESOneStop/PRSDetail.aspx?ID=0002079&Type=PRS","suspected_source_link":"https://nhdes.maps.arcgis.com/apps/View/index.html?appid=66770bef141c43a98a445c54a17720e2&extent=-73.5743,42.5413,-69.6852,45.4509","pfas_testing_link":"https://www4.des.state.nh.us/nh-pfas-investigation/wp-content/uploads/tables-pdf.pdf","site_ref_link":"https://drive.google.com/drive/u/0/folders/1EjhhOZAgWGKh9wgjYjyF-U0XojdXgHA-","state_ref_link":"https://drive.google.com/drive/u/0/folders/1RsSKYaEE8jqAw7pH05tDHRflkjUL3t5H","ObjectId":1511}},{"type":"Feature","id":1513,"geometry":{"type":"Point","coordinates":[-71.938532,43.594419]},"properties":{"site_name":"Grafton Old Landfill","other_site_names":null,"state":"New Hampshire","industry":"Landfill","matrix_type":"Groundwater","matrix":"Groundwater","year":2020,"pfoa":"42","pfos":"382","total_pfas":531,"pfas_level":531,"notes":null,"regulation_gvt_link":null,"resources_link":"https://www4.des.state.nh.us/DESOneStop/PRSDetail.aspx?ID=0002757&Type=PRS","suspected_source_link":"https://nhdes.maps.arcgis.com/apps/View/index.html?appid=66770bef141c43a98a445c54a17720e2&extent=-73.5743,42.5413,-69.6852,45.4509","pfas_testing_link":"https://www4.des.state.nh.us/IISProxy/IISProxy.dll?ContentId=4854000","site_ref_link":"https://drive.google.com/drive/u/0/folders/1R7nNwfdUDtwP6Nayf3q0E_g1wIKQO2di","state_ref_link":"https://drive.google.com/drive/u/0/folders/1RsSKYaEE8jqAw7pH05tDHRflkjUL3t5H","ObjectId":1513}},{"type":"Feature","id":1521,"geometry":{"type":"Point","coordinates":[-71.314982,42.803048]},"properties":{"site_name":"Central Metal Finishing","other_site_names":null,"state":"New Hampshire","industry":"Industry","matrix_type":"Groundwater","matrix":"Groundwater","year":2020,"pfoa":"33","pfos":"700","total_pfas":745,"pfas_level":745,"notes":"Industrial emissions from Central Metal Finishing Inc. facility","regulation_gvt_link":"https://windhamnh.gov/DocumentCenter/View/6069/PFOS_DESLetter_Jan2019","resources_link":"https://www4.des.state.nh.us/nh-pfas-investigation/","suspected_source_link":"https://www.des.nh.gov/media/pr/2017/20170609-windham-pfcs.htm","pfas_testing_link":"https://www4.des.state.nh.us/IISProxy/IISProxy.dll?ContentId=4788376","site_ref_link":"https://drive.google.com/drive/u/1/folders/15mC7l2vBYvEWMQZmXXy0VDV8NUI7henQ","state_ref_link":"https://drive.google.com/drive/u/1/folders/1RsSKYaEE8jqAw7pH05tDHRflkjUL3t5H","ObjectId":1521}},{"type":"Feature","id":1523,"geometry":{"type":"Point","coordinates":[-71.644854,43.319064]},"properties":{"site_name":"Corn Hill Road Landfill and Stump Dump","other_site_names":null,"state":"New Hampshire","industry":"Landfill","matrix_type":"Groundwater","matrix":"Groundwater","year":2020,"pfoa":"118","pfos":"49","total_pfas":807,"pfas_level":807,"notes":null,"regulation_gvt_link":null,"resources_link":"https://www4.des.state.nh.us/DESOneStop/PRSDetail.aspx?ID=0001623&Type=PRS","suspected_source_link":"https://nhdes.maps.arcgis.com/apps/View/index.html?appid=66770bef141c43a98a445c54a17720e2&extent=-73.5743,42.5413,-69.6852,45.4509","pfas_testing_link":"https://www4.des.state.nh.us/IISProxy/IISProxy.dll?ContentId=4850150","site_ref_link":"https://drive.google.com/drive/u/0/folders/1IH8U8gkehN771Dr-YbGaPAt-P5hcgnfv","state_ref_link":"https://drive.google.com/drive/u/0/folders/1RsSKYaEE8jqAw7pH05tDHRflkjUL3t5H","ObjectId":1523}},{"type":"Feature","id":1525,"geometry":{"type":"Point","coordinates":[-71.491682,43.546486]},"properties":{"site_name":"Former EleCentero-Circuits","other_site_names":null,"state":"New Hampshire","industry":"Industry","matrix_type":"Groundwater","matrix":"Groundwater","year":2020,"pfoa":"32","pfos":"170","total_pfas":885,"pfas_level":885,"notes":null,"regulation_gvt_link":null,"resources_link":"https://www4.des.state.nh.us/DESOneStop/PRSDetail.aspx?ID=0000914&Type=PRS","suspected_source_link":"https://nhdes.maps.arcgis.com/apps/View/index.html?appid=66770bef141c43a98a445c54a17720e2&extent=-73.5743,42.5413,-69.6852,45.4509","pfas_testing_link":"https://www4.des.state.nh.us/IISProxy/IISProxy.dll?ContentId=4851642","site_ref_link":"https://drive.google.com/drive/u/0/folders/1CWoWH3wqVWfSVBDmlUNrj2Rt8_JNdN1N","state_ref_link":"https://drive.google.com/drive/u/0/folders/1RsSKYaEE8jqAw7pH05tDHRflkjUL3t5H","ObjectId":1525}},{"type":"Feature","id":1526,"geometry":{"type":"Point","coordinates":[-71.351883,42.860849]},"properties":{"site_name":"Tinkham Garage Site","other_site_names":"Tinkham Garage","state":"New Hampshire","industry":"Superfund Site","matrix_type":"Groundwater","matrix":"Groundwater","year":2020,"pfoa":"199","pfos":"592","total_pfas":904,"pfas_level":904,"notes":"Superfund Site https://cumulis.epa.gov/supercpad/cursites/csitinfo.cfm?id=0101106 ","regulation_gvt_link":null,"resources_link":"https://www4.des.state.nh.us/DESOneStop/PRSDetail.aspx?ID=0001880&Type=PRS","suspected_source_link":"https://nhdes.maps.arcgis.com/apps/View/index.html?appid=66770bef141c43a98a445c54a17720e2&extent=-73.5743,42.5413,-69.6852,45.4509","pfas_testing_link":"https://www4.des.state.nh.us/nh-pfas-investigation/wp-content/uploads/tables-pdf.pdf","site_ref_link":"https://drive.google.com/drive/u/0/folders/1ZS0OFUv-IAstYlPFSnTX6JqCMJGIqw_r","state_ref_link":"https://drive.google.com/drive/u/0/folders/1RsSKYaEE8jqAw7pH05tDHRflkjUL3t5H","ObjectId":1526}},{"type":"Feature","id":1530,"geometry":{"type":"Point","coordinates":[-70.937764,43.2598]},"properties":{"site_name":"Closed Rochester Landfill","other_site_names":null,"state":"New Hampshire","industry":"Landfill","matrix_type":"Groundwater","matrix":"Groundwater","year":2020,"pfoa":"626","pfos":"228","total_pfas":968,"pfas_level":968,"notes":" None of these wells tested are used for water intended for human consumption. The state will expand its monitoring program for wells at the landfill and at a nearby mobile home park, costing the city an additional $11,500. The wells tested positive for both PFOS and PFOA (Stucker 6.28.2018).","regulation_gvt_link":null,"resources_link":"https://www4.des.state.nh.us/DESOneStop/PRSDetail.aspx?ID=0000240&Type=PRS","suspected_source_link":"https://www.fosters.com/news/20180628/3-rochester-monitoring-wells-show-pfas-contamination","pfas_testing_link":"https://www4.des.state.nh.us/nh-pfas-investigation/wp-content/uploads/tables-pdf.pdf","site_ref_link":"https://drive.google.com/drive/u/0/folders/1hZGtA5TJRLQyaPhSOjNqZK7uMkHPQ5Vk","state_ref_link":"https://drive.google.com/drive/u/0/folders/1RsSKYaEE8jqAw7pH05tDHRflkjUL3t5H","ObjectId":1530}},{"type":"Feature","id":1532,"geometry":{"type":"Point","coordinates":[-71.040285,43.375484]},"properties":{"site_name":"Farmington Municipal Landfill","other_site_names":null,"state":"New Hampshire","industry":"Landfill","matrix_type":"Groundwater","matrix":"Groundwater","year":2020,"pfoa":"139","pfos":"240","total_pfas":996,"pfas_level":996,"notes":null,"regulation_gvt_link":null,"resources_link":"https://www4.des.state.nh.us/DESOneStop/PRSDetail.aspx?ID=0001803&Type=PRS","suspected_source_link":"https://nhdes.maps.arcgis.com/apps/View/index.html?appid=66770bef141c43a98a445c54a17720e2&extent=-73.5743,42.5413,-69.6852,45.4509","pfas_testing_link":"https://www4.des.state.nh.us/IISProxy/IISProxy.dll?ContentId=4849027","site_ref_link":"https://drive.google.com/drive/u/0/folders/1uvofFbqIU1p_l-JZ31m1uh_TMrUfalxj","state_ref_link":"https://drive.google.com/drive/u/0/folders/1RsSKYaEE8jqAw7pH05tDHRflkjUL3t5H","ObjectId":1532}},{"type":"Feature","id":1534,"geometry":{"type":"Point","coordinates":[-70.773094,43.071564]},"properties":{"site_name":"Former Alltex Uniform","other_site_names":"Colonial Services Site","state":"New Hampshire","industry":"Industry","matrix_type":"Groundwater","matrix":"Groundwater","year":2020,"pfoa":"160","pfos":"800","total_pfas":1101,"pfas_level":1101,"notes":null,"regulation_gvt_link":null,"resources_link":"https://www4.des.state.nh.us/DESOneStop/PRSDetail.aspx?ID=0008283&Type=PRS","suspected_source_link":"https://nhdes.maps.arcgis.com/apps/View/index.html?appid=66770bef141c43a98a445c54a17720e2&extent=-73.5743,42.5413,-69.6852,45.4509","pfas_testing_link":"https://www4.des.state.nh.us/IISProxy/IISProxy.dll?ContentId=4788376","site_ref_link":"https://drive.google.com/drive/u/0/folders/1wyKWSS4wZO4T_KHFstoMtW-Be8jefMWi","state_ref_link":"https://drive.google.com/drive/u/0/folders/1RsSKYaEE8jqAw7pH05tDHRflkjUL3t5H","ObjectId":1534}},{"type":"Feature","id":1535,"geometry":{"type":"Point","coordinates":[-71.441393,42.701348]},"properties":{"site_name":"323 DW Highway","other_site_names":null,"state":"New Hampshire","industry":"Unknown","matrix_type":"Groundwater","matrix":"Groundwater","year":2020,"pfoa":"242","pfos":"405","total_pfas":1130,"pfas_level":1130,"notes":null,"regulation_gvt_link":null,"resources_link":"https://www4.des.state.nh.us/DESOneStop/PRSDetail.aspx?ID=0019450&Type=PRS","suspected_source_link":"https://nhdes.maps.arcgis.com/apps/View/index.html?appid=66770bef141c43a98a445c54a17720e2&extent=-73.5743,42.5413,-69.6852,45.4509","pfas_testing_link":"https://www4.des.state.nh.us/nh-pfas-investigation/wp-content/uploads/tables-pdf.pdf","site_ref_link":"https://drive.google.com/drive/u/0/folders/1AG7OwDr8ATEwgMzpT6OminJep6RxUwlC","state_ref_link":"https://drive.google.com/drive/u/0/folders/1RsSKYaEE8jqAw7pH05tDHRflkjUL3t5H","ObjectId":1535}},{"type":"Feature","id":1536,"geometry":{"type":"Point","coordinates":[-71.193172,42.816679]},"properties":{"site_name":"Shannon Rd Landfill","other_site_names":null,"state":"New Hampshire","industry":"Landfill","matrix_type":"Groundwater","matrix":"Groundwater","year":2020,"pfoa":"452","pfos":"631","total_pfas":1133,"pfas_level":1133,"notes":null,"regulation_gvt_link":null,"resources_link":"https://www4.des.state.nh.us/DESOneStop/PRSDetail.aspx?ID=0002041&Type=PRS","suspected_source_link":"https://nhdes.maps.arcgis.com/apps/View/index.html?appid=66770bef141c43a98a445c54a17720e2&extent=-73.5743,42.5413,-69.6852,45.4509","pfas_testing_link":"https://www4.des.state.nh.us/nh-pfas-investigation/wp-content/uploads/tables-pdf.pdf","site_ref_link":"https://drive.google.com/drive/u/0/folders/1tgv65QY3iZADTxtOLiCH47mCcWcVy1tq","state_ref_link":"https://drive.google.com/drive/u/0/folders/1RsSKYaEE8jqAw7pH05tDHRflkjUL3t5H","ObjectId":1536}},{"type":"Feature","id":1537,"geometry":{"type":"Point","coordinates":[-71.32796,42.895973]},"properties":{"site_name":"Hadco Printed Circuit","other_site_names":null,"state":"New Hampshire","industry":"Industry","matrix_type":"Groundwater","matrix":"Groundwater","year":2020,"pfoa":"170","pfos":"850","total_pfas":1177,"pfas_level":1177,"notes":null,"regulation_gvt_link":null,"resources_link":"https://www4.des.state.nh.us/DESOneStop/PRSDetail.aspx?ID=0003689&Type=PRS","suspected_source_link":"https://nhdes.maps.arcgis.com/apps/View/index.html?appid=66770bef141c43a98a445c54a17720e2&extent=-73.5743,42.5413,-69.6852,45.4509","pfas_testing_link":"https://www4.des.state.nh.us/nh-pfas-investigation/wp-content/uploads/tables-pdf.pdf","site_ref_link":"https://drive.google.com/drive/u/0/folders/1TjDZOOpgaHwpMw5f8OfRkc1YCkpmT5xS","state_ref_link":"https://drive.google.com/drive/u/0/folders/1RsSKYaEE8jqAw7pH05tDHRflkjUL3t5H","ObjectId":1537}},{"type":"Feature","id":1538,"geometry":{"type":"Point","coordinates":[-71.409669,43.768374]},"properties":{"site_name":"Former Moultonborough Town Landfill","other_site_names":null,"state":"New Hampshire","industry":"Landfill","matrix_type":"Groundwater","matrix":"Groundwater","year":2020,"pfoa":"277","pfos":"601","total_pfas":1193,"pfas_level":1193,"notes":null,"regulation_gvt_link":null,"resources_link":"https://www4.des.state.nh.us/DESOneStop/PRSDetail.aspx?ID=0000281&Type=PRS","suspected_source_link":"https://nhdes.maps.arcgis.com/apps/View/index.html?appid=66770bef141c43a98a445c54a17720e2&extent=-73.5743,42.5413,-69.6852,45.4509","pfas_testing_link":"https://www4.des.state.nh.us/nh-pfas-investigation/wp-content/uploads/tables-pdf.pdf","site_ref_link":"https://drive.google.com/drive/u/0/folders/1vHk6Fv1Lkwxf7w54dkbniPJZs4SRjubr","state_ref_link":"https://drive.google.com/drive/u/0/folders/1RsSKYaEE8jqAw7pH05tDHRflkjUL3t5H","ObjectId":1538}},{"type":"Feature","id":1541,"geometry":{"type":"Point","coordinates":[-72.093802,43.399693]},"properties":{"site_name":"Sunapee Landfill","other_site_names":null,"state":"New Hampshire","industry":"Landfill","matrix_type":"Groundwater","matrix":"Groundwater","year":2020,"pfoa":"327","pfos":"208","total_pfas":1214,"pfas_level":1214,"notes":null,"regulation_gvt_link":null,"resources_link":"https://www4.des.state.nh.us/DESOneStop/PRSDetail.aspx?ID=0002790&Type=PRS","suspected_source_link":"https://nhdes.maps.arcgis.com/apps/View/index.html?appid=66770bef141c43a98a445c54a17720e2&extent=-73.5743,42.5413,-69.6852,45.4509","pfas_testing_link":"https://www4.des.state.nh.us/IISProxy/IISProxy.dll?ContentId=4855483","site_ref_link":"https://drive.google.com/drive/u/0/folders/1wjoHccounONSDtcnZLKgSIgN6XCjC_8v","state_ref_link":"https://drive.google.com/drive/u/0/folders/1RsSKYaEE8jqAw7pH05tDHRflkjUL3t5H","ObjectId":1541}},{"type":"Feature","id":1542,"geometry":{"type":"Point","coordinates":[-71.681434,43.252116]},"properties":{"site_name":"Hopkinton/Webster Landfill","other_site_names":null,"state":"New Hampshire","industry":"Landfill","matrix_type":"Groundwater","matrix":"Groundwater","year":2020,"pfoa":"361","pfos":"190","total_pfas":1266,"pfas_level":1266,"notes":null,"regulation_gvt_link":null,"resources_link":"https://www4.des.state.nh.us/DESOneStop/PRSDetail.aspx?ID=0000219&Type=PRS","suspected_source_link":"https://nhdes.maps.arcgis.com/apps/View/index.html?appid=66770bef141c43a98a445c54a17720e2&extent=-73.5743,42.5413,-69.6852,45.4509","pfas_testing_link":"https://www4.des.state.nh.us/IISProxy/IISProxy.dll?ContentId=4851646","site_ref_link":"https://drive.google.com/drive/u/0/folders/15fVLFkj3cWAHz0aa1CiuQ3j3EdYHV73z","state_ref_link":"https://drive.google.com/drive/u/0/folders/1RsSKYaEE8jqAw7pH05tDHRflkjUL3t5H","ObjectId":1542}},{"type":"Feature","id":1544,"geometry":{"type":"Point","coordinates":[-70.993501,43.313427]},"properties":{"site_name":"Former Pierce Ford","other_site_names":null,"state":"New Hampshire","industry":"Industry","matrix_type":"Groundwater","matrix":"Groundwater","year":2020,"pfoa":"100","pfos":"1,100","total_pfas":1317,"pfas_level":1317,"notes":null,"regulation_gvt_link":null,"resources_link":"https://www4.des.state.nh.us/DESOneStop/PRSDetail.aspx?ID=0006677&Type=PRS","suspected_source_link":"https://nhdes.maps.arcgis.com/apps/View/index.html?appid=66770bef141c43a98a445c54a17720e2&extent=-73.5743,42.5413,-69.6852,45.4509","pfas_testing_link":"https://www4.des.state.nh.us/IISProxy/IISProxy.dll?ContentId=4788376","site_ref_link":"https://drive.google.com/drive/u/0/folders/1m9YIn2n42FG_K8kiUTh6mEXzqneJ3SK7","state_ref_link":"https://drive.google.com/drive/u/0/folders/1RsSKYaEE8jqAw7pH05tDHRflkjUL3t5H","ObjectId":1544}},{"type":"Feature","id":1546,"geometry":{"type":"Point","coordinates":[-71.399523,42.91794]},"properties":{"site_name":"P&H Transportation","other_site_names":null,"state":"New Hampshire","industry":"Industry","matrix_type":"Groundwater","matrix":"Groundwater","year":2020,"pfoa":"278","pfos":"19","total_pfas":1429,"pfas_level":1429,"notes":null,"regulation_gvt_link":null,"resources_link":"https://www4.des.state.nh.us/DESOneStop/PRSDetail.aspx?ID=0037542&Type=PRS","suspected_source_link":"https://nhdes.maps.arcgis.com/apps/View/index.html?appid=66770bef141c43a98a445c54a17720e2&extent=-73.5743,42.5413,-69.6852,45.4509","pfas_testing_link":"https://www4.des.state.nh.us/nh-pfas-investigation/wp-content/uploads/tables-pdf.pdf","site_ref_link":"https://drive.google.com/drive/u/0/folders/1_ip1YmnAbSEnCtakA5QW9ZMEs2N_Uy1M","state_ref_link":"https://drive.google.com/drive/u/0/folders/1RsSKYaEE8jqAw7pH05tDHRflkjUL3t5H","ObjectId":1546}},{"type":"Feature","id":1547,"geometry":{"type":"Point","coordinates":[-72.165423,42.803824]},"properties":{"site_name":"Meadowood Assembly Hall","other_site_names":null,"state":"New Hampshire","industry":"Unknown","matrix_type":"Groundwater","matrix":"Groundwater","year":2020,"pfoa":"35","pfos":"1,100","total_pfas":1505,"pfas_level":1505,"notes":null,"regulation_gvt_link":null,"resources_link":"https://www4.des.state.nh.us/DESOneStop/PRSDetail.aspx?ID=0010403&Type=PRS","suspected_source_link":"https://nhdes.maps.arcgis.com/apps/View/index.html?appid=66770bef141c43a98a445c54a17720e2&extent=-73.5743,42.5413,-69.6852,45.4509","pfas_testing_link":"https://www4.des.state.nh.us/nh-pfas-investigation/wp-content/uploads/tables-pdf.pdf","site_ref_link":"https://drive.google.com/drive/u/0/folders/1roWrSkGujxC1pOdwJYZZrRlbrLnq69Yl","state_ref_link":"https://drive.google.com/drive/u/0/folders/1RsSKYaEE8jqAw7pH05tDHRflkjUL3t5H","ObjectId":1547}},{"type":"Feature","id":1549,"geometry":{"type":"Point","coordinates":[-71.468246,42.995616]},"properties":{"site_name":"JCM Management","other_site_names":null,"state":"New Hampshire","industry":"Unknown","matrix_type":"Groundwater","matrix":"Groundwater","year":2020,"pfoa":"365","pfos":"674","total_pfas":1621,"pfas_level":1621,"notes":null,"regulation_gvt_link":null,"resources_link":"https://www4.des.state.nh.us/DESOneStop/PRSDetail.aspx?ID=0023463&Type=PRS","suspected_source_link":"https://nhdes.maps.arcgis.com/apps/View/index.html?appid=66770bef141c43a98a445c54a17720e2&extent=-73.5743,42.5413,-69.6852,45.4509","pfas_testing_link":"https://www4.des.state.nh.us/IISProxy/IISProxy.dll?ContentId=4853346","site_ref_link":"https://drive.google.com/drive/u/1/folders/14HSz5048Q3dys3gH3jl8H6_7fbPnUeeD","state_ref_link":"https://drive.google.com/drive/u/0/folders/1RsSKYaEE8jqAw7pH05tDHRflkjUL3t5H","ObjectId":1549}},{"type":"Feature","id":1550,"geometry":{"type":"Point","coordinates":[-71.156363,43.193171]},"properties":{"site_name":"Harding Metals","other_site_names":null,"state":"New Hampshire","industry":"Industry","matrix_type":"Groundwater","matrix":"Groundwater","year":2020,"pfoa":"334","pfos":"1,030","total_pfas":1650,"pfas_level":1650,"notes":null,"regulation_gvt_link":null,"resources_link":"https://www4.des.state.nh.us/DESOneStop/PRSDetail.aspx?ID=0000067&Type=PRS","suspected_source_link":"https://nhdes.maps.arcgis.com/apps/View/index.html?appid=66770bef141c43a98a445c54a17720e2&extent=-73.5743,42.5413,-69.6852,45.4509","pfas_testing_link":"https://www4.des.state.nh.us/IISProxy/IISProxy.dll?ContentId=4836269","site_ref_link":"https://drive.google.com/drive/u/0/folders/1IeKj0ViO0prCo5HvaUX6AKOeSwfSirYT","state_ref_link":"https://drive.google.com/drive/u/0/folders/1RsSKYaEE8jqAw7pH05tDHRflkjUL3t5H","ObjectId":1550}},{"type":"Feature","id":1551,"geometry":{"type":"Point","coordinates":[-72.21665,43.127066]},"properties":{"site_name":"Marlow Municipal Landfill","other_site_names":null,"state":"New Hampshire","industry":"Landfill","matrix_type":"Groundwater","matrix":"Groundwater","year":2020,"pfoa":"139","pfos":"1,600","total_pfas":1746,"pfas_level":1746,"notes":null,"regulation_gvt_link":null,"resources_link":"https://www4.des.state.nh.us/DESOneStop/PRSDetail.aspx?ID=0002814&Type=PRS","suspected_source_link":"https://nhdes.maps.arcgis.com/apps/View/index.html?appid=66770bef141c43a98a445c54a17720e2&extent=-73.5743,42.5413,-69.6852,45.4509","pfas_testing_link":"https://www4.des.state.nh.us/IISProxy/IISProxy.dll?ContentId=4788376","site_ref_link":"https://drive.google.com/drive/u/0/folders/198-haqPVCjrBLYpMu330l9NOiAsvGLz6","state_ref_link":"https://drive.google.com/drive/u/0/folders/1RsSKYaEE8jqAw7pH05tDHRflkjUL3t5H","ObjectId":1551}},{"type":"Feature","id":1562,"geometry":{"type":"Point","coordinates":[-71.29901,42.805804]},"properties":{"site_name":"Windham Senior Center Area","other_site_names":null,"state":"New Hampshire","industry":"Unknown","matrix_type":"Groundwater","matrix":"Groundwater","year":2020,"pfoa":"61","pfos":"160","total_pfas":2913,"pfas_level":2913,"notes":"A discharge of regulated contaminants (PFOA and PFOS) appears to have occurred at 2 North Lowell Road (Senior Center). The affected area comprises Windham Senior Center, Windham Town Hall, MacThompson Realty Inc., 5 N. Lowell Rd, 9 N. Lowell Road, Windham Fire Station, Windham Police Station, 4 Fellows Road, 8 Fellows Road, 9 Indian Rock Road, 13-15 Indian Rock Road, 17 Indian Rock Road, 19 Indian Rock Road, 25 Indian Rock Road, 29 Indian Rock Road, 30 Indian Rock Road, Howie Glynn & Sons Convenience, JP Kids Daycare, Windham Presbyterian Church, Windham Terrace Apartments, 1-12 Collins Brook Road, 5 Newfound Road, 9 Camelot Road, 15 3rd Street, 3 Spruce Road, 10-59 Ministerial Road, 2-6 Pine Brook Road, 4 Gaumont Road, 1-3 Elm Street","regulation_gvt_link":null,"resources_link":"https://www4.des.state.nh.us/DESOneStop/PRSDetail.aspx?ID=0038086&Type=PRS","suspected_source_link":"https://windhamnh.gov/DocumentCenter/View/6298/Letter-from-NH-DES---Windham-Senior-Center-Area","pfas_testing_link":"https://www4.des.state.nh.us/nh-pfas-investigation/wp-content/uploads/tables-pdf.pdf","site_ref_link":"https://drive.google.com/drive/u/0/folders/1k8w093Y6kQd3alpdN5Aqy4KkiTURr4jo","state_ref_link":"https://drive.google.com/drive/u/0/folders/1RsSKYaEE8jqAw7pH05tDHRflkjUL3t5H","ObjectId":1562}},{"type":"Feature","id":1564,"geometry":{"type":"Point","coordinates":[-71.277566,43.644239]},"properties":{"site_name":"Pak 2000","other_site_names":null,"state":"New Hampshire","industry":"Industry","matrix_type":"Groundwater","matrix":"Groundwater","year":2020,"pfoa":"108","pfos":"2,190","total_pfas":3081,"pfas_level":3081,"notes":null,"regulation_gvt_link":null,"resources_link":"https://www4.des.state.nh.us/DESOneStop/PRSDetail.aspx?ID=0006446&Type=PRS","suspected_source_link":"https://nhdes.maps.arcgis.com/apps/View/index.html?appid=66770bef141c43a98a445c54a17720e2&extent=-73.5743,42.5413,-69.6852,45.4509","pfas_testing_link":"https://www4.des.state.nh.us/nh-pfas-investigation/wp-content/uploads/tables-pdf.pdf","site_ref_link":"https://drive.google.com/drive/u/0/folders/1Kb2__KVfWWhz_vpkrtRaTg3I1LcY2vIb","state_ref_link":"https://drive.google.com/drive/u/0/folders/1RsSKYaEE8jqAw7pH05tDHRflkjUL3t5H","ObjectId":1564}},{"type":"Feature","id":1573,"geometry":{"type":"Point","coordinates":[-70.91519,43.170689]},"properties":{"site_name":"New England Metal Recycling","other_site_names":null,"state":"New Hampshire","industry":"Landfill","matrix_type":"Groundwater","matrix":"Groundwater","year":2020,"pfoa":"1,700","pfos":"1,440","total_pfas":4144,"pfas_level":4144,"notes":null,"regulation_gvt_link":null,"resources_link":"https://www4.des.state.nh.us/DESOneStop/PRSDetail.aspx?ID=0000220&Type=PRS","suspected_source_link":"https://nhdes.maps.arcgis.com/apps/View/index.html?appid=66770bef141c43a98a445c54a17720e2&extent=-73.5743,42.5413,-69.6852,45.4509","pfas_testing_link":"https://www4.des.state.nh.us/nh-pfas-investigation/wp-content/uploads/tables-pdf.pdf","site_ref_link":"https://drive.google.com/drive/u/0/folders/155MhccVyqz_ncciUlIF9YsmUgOUXOJt1","state_ref_link":"https://drive.google.com/drive/u/0/folders/1RsSKYaEE8jqAw7pH05tDHRflkjUL3t5H","ObjectId":1573}},{"type":"Feature","id":1575,"geometry":{"type":"Point","coordinates":[-71.468597,43.534814]},"properties":{"site_name":"Messer Street Coal Tar Site","other_site_names":null,"state":"New Hampshire","industry":"Industry","matrix_type":"Groundwater","matrix":"Groundwater","year":2020,"pfoa":"48","pfos":"8","total_pfas":4388,"pfas_level":4388,"notes":null,"regulation_gvt_link":null,"resources_link":"https://www4.des.state.nh.us/DESOneStop/PRSDetail.aspx?ID=0004618&Type=PRS","suspected_source_link":"https://nhdes.maps.arcgis.com/apps/View/index.html?appid=66770bef141c43a98a445c54a17720e2&extent=-73.5743,42.5413,-69.6852,45.4509","pfas_testing_link":"https://www4.des.state.nh.us/IISProxy/IISProxy.dll?ContentId=4848181","site_ref_link":"https://drive.google.com/drive/u/0/folders/197xuW_u2w42MLcQKRyb1ksBLkUemroHB","state_ref_link":"https://drive.google.com/drive/u/0/folders/1RsSKYaEE8jqAw7pH05tDHRflkjUL3t5H","ObjectId":1575}},{"type":"Feature","id":1583,"geometry":{"type":"Point","coordinates":[-71.112311,43.156092]},"properties":{"site_name":"Nottingham Municipal Solid Waste Facility","other_site_names":null,"state":"New Hampshire","industry":"Landfill","matrix_type":"Groundwater","matrix":"Groundwater","year":2020,"pfoa":"2,360","pfos":"239","total_pfas":6781,"pfas_level":6781,"notes":null,"regulation_gvt_link":null,"resources_link":"https://www4.des.state.nh.us/DESOneStop/PRSDetail.aspx?ID=0001411&Type=PRS","suspected_source_link":"https://nhdes.maps.arcgis.com/apps/View/index.html?appid=66770bef141c43a98a445c54a17720e2&extent=-73.5743,42.5413,-69.6852,45.4509","pfas_testing_link":"https://www4.des.state.nh.us/nh-pfas-investigation/wp-content/uploads/tables-pdf.pdf","site_ref_link":"https://drive.google.com/drive/u/0/folders/1Qjt3VqCv6QzpgWs-5Plv4KCk6UIJzbC_","state_ref_link":"https://drive.google.com/drive/u/0/folders/1RsSKYaEE8jqAw7pH05tDHRflkjUL3t5H","ObjectId":1583}},{"type":"Feature","id":1598,"geometry":{"type":"Point","coordinates":[-71.751375,43.585989]},"properties":{"site_name":"Freudenberg-NOK","other_site_names":null,"state":"New Hampshire","industry":"Industry","matrix_type":"Groundwater","matrix":"Groundwater","year":2020,"pfoa":"2,510","pfos":"162","total_pfas":18958,"pfas_level":18958,"notes":null,"regulation_gvt_link":null,"resources_link":"https://www4.des.state.nh.us/DESOneStop/PRSDetail.aspx?ID=0000294&Type=PRS","suspected_source_link":"https://nhdes.maps.arcgis.com/apps/View/index.html?appid=66770bef141c43a98a445c54a17720e2&extent=-73.5743,42.5413,-69.6852,45.4509","pfas_testing_link":"https://www4.des.state.nh.us/IISProxy/IISProxy.dll?ContentId=4843891","site_ref_link":"https://drive.google.com/drive/u/0/folders/1VymU6bkp-8yND9Fzi1NU2QGDO_aXrNnq","state_ref_link":"https://drive.google.com/drive/u/0/folders/1RsSKYaEE8jqAw7pH05tDHRflkjUL3t5H","ObjectId":1598}},{"type":"Feature","id":1623,"geometry":{"type":"Point","coordinates":[-71.297639,42.751872]},"properties":{"site_name":"Roketenetz Landfill","other_site_names":null,"state":"New Hampshire","industry":"Landfill","matrix_type":"Groundwater","matrix":"Groundwater","year":2019,"pfoa":"900","pfos":"1,700","total_pfas":3873,"pfas_level":3873,"notes":null,"regulation_gvt_link":null,"resources_link":"https://www4.des.state.nh.us/DESOneStop/PRSDetail.aspx?ID=0002020&Type=PRS","suspected_source_link":"https://nhdes.maps.arcgis.com/apps/View/index.html?appid=66770bef141c43a98a445c54a17720e2&extent=-73.5743,42.5413,-69.6852,45.4509","pfas_testing_link":"https://www4.des.state.nh.us/nh-pfas-investigation/wp-content/uploads/tables-pdf.pdf","site_ref_link":"https://drive.google.com/drive/u/0/folders/1MwcKZ-E4v-VxT2O5KjOlqenrKydeoN3Z","state_ref_link":"https://drive.google.com/drive/u/0/folders/1RsSKYaEE8jqAw7pH05tDHRflkjUL3t5H","ObjectId":1623}},{"type":"Feature","id":1626,"geometry":{"type":"Point","coordinates":[-71.549514,43.337923]},"properties":{"site_name":"Canterbury Landfill","other_site_names":null,"state":"New Hampshire","industry":"Landfill","matrix_type":"Groundwater","matrix":"Groundwater","year":2019,"pfoa":"196","pfos":"1,363","total_pfas":3979,"pfas_level":3979,"notes":null,"regulation_gvt_link":null,"resources_link":"https://www4.des.state.nh.us/DESOneStop/PRSDetail.aspx?ID=0000010&Type=PRS","suspected_source_link":"https://nhdes.maps.arcgis.com/apps/View/index.html?appid=66770bef141c43a98a445c54a17720e2&extent=-73.5743,42.5413,-69.6852,45.4509","pfas_testing_link":"https://www4.des.state.nh.us/IISProxy/IISProxy.dll?ContentId=4824639","site_ref_link":"https://drive.google.com/drive/u/0/folders/1I-UWFkVVm59hv-af1rDCXFtIuS70hXy-","state_ref_link":"https://drive.google.com/drive/u/0/folders/1RsSKYaEE8jqAw7pH05tDHRflkjUL3t5H","ObjectId":1626}},{"type":"Feature","id":1636,"geometry":{"type":"Point","coordinates":[-71.068279,44.019423]},"properties":{"site_name":"Lower Mount Washington Valley Landfill","other_site_names":null,"state":"New Hampshire","industry":"Landfill","matrix_type":"Groundwater","matrix":"Groundwater","year":2019,"pfoa":"1,200","pfos":"190","total_pfas":4941,"pfas_level":4941,"notes":null,"regulation_gvt_link":null,"resources_link":"https://www4.des.state.nh.us/DESOneStop/PRSDetail.aspx?ID=0001346&Type=PRS","suspected_source_link":"https://nhdes.maps.arcgis.com/apps/View/index.html?appid=66770bef141c43a98a445c54a17720e2&extent=-73.5743,42.5413,-69.6852,45.4509","pfas_testing_link":"https://www4.des.state.nh.us/IISProxy/IISProxy.dll?ContentId=4827540","site_ref_link":"https://drive.google.com/drive/u/0/folders/1xEIwPZ9BQY5aHvIQ_04tlF1yEL-mIeWM","state_ref_link":"https://drive.google.com/drive/u/0/folders/1RsSKYaEE8jqAw7pH05tDHRflkjUL3t5H","ObjectId":1636}},{"type":"Feature","id":1640,"geometry":{"type":"Point","coordinates":[-71.544119,42.896111]},"properties":{"site_name":"Merrimack Landfill","other_site_names":null,"state":"New Hampshire","industry":"Landfill","matrix_type":"Groundwater","matrix":"Groundwater","year":2019,"pfoa":"2,450","pfos":"1,400","total_pfas":5536,"pfas_level":5536,"notes":null,"regulation_gvt_link":null,"resources_link":"https://www4.des.state.nh.us/DESOneStop/PRSDetail.aspx?ID=0000055&Type=PRS","suspected_source_link":"https://nhdes.maps.arcgis.com/apps/View/index.html?appid=66770bef141c43a98a445c54a17720e2&extent=-73.5743,42.5413,-69.6852,45.4509","pfas_testing_link":"https://www4.des.state.nh.us/IISProxy/IISProxy.dll?ContentId=4788376","site_ref_link":"https://drive.google.com/drive/u/0/folders/1UGvYwZ82SztDXNI7MVqsUl81kQiQTJN8","state_ref_link":"https://drive.google.com/drive/u/0/folders/1RsSKYaEE8jqAw7pH05tDHRflkjUL3t5H","ObjectId":1640}},{"type":"Feature","id":1648,"geometry":{"type":"Point","coordinates":[-71.575819,42.8092]},"properties":{"site_name":"Former TCI Facility","other_site_names":null,"state":"New Hampshire","industry":"Industry","matrix_type":"Groundwater","matrix":"Groundwater","year":2019,"pfoa":"7,100","pfos":"72","total_pfas":7114,"pfas_level":7172,"notes":"Contamination source suspected to be from manufacturing activities done by TCI","regulation_gvt_link":null,"resources_link":"https://www4.des.state.nh.us/DESOneStop/PRSDetail.aspx?ID=0036782&Type=PRS","suspected_source_link":"https://nhdes.maps.arcgis.com/apps/View/index.html?appid=66770bef141c43a98a445c54a17720e2&extent=-73.5743,42.5413,-69.6852,45.4509 https://www.wmur.com/article/des-expands-pfoa-investigation-to-amherst-1/5211045# ","pfas_testing_link":"https://www4.des.state.nh.us/IISProxy/IISProxy.dll?ContentId=4854019","site_ref_link":"https://drive.google.com/drive/u/0/folders/1es0OWyOXtfRRb1bElynrJOIOc7vv8T3g","state_ref_link":"https://drive.google.com/drive/u/0/folders/1RsSKYaEE8jqAw7pH05tDHRflkjUL3t5H","ObjectId":1648}},{"type":"Feature","id":1665,"geometry":{"type":"Point","coordinates":[-71.1887,44.4999]},"properties":{"site_name":"Cates Hill Landfill","other_site_names":null,"state":"New Hampshire","industry":"Landfill","matrix_type":"Groundwater","matrix":"Groundwater","year":2019,"pfoa":"773","pfos":"652","total_pfas":10774,"pfas_level":10774,"notes":null,"regulation_gvt_link":null,"resources_link":"https://www4.des.state.nh.us/DESOneStop/PRSDetail.aspx?ID=0000005&Type=PRS","suspected_source_link":"https://nhdes.maps.arcgis.com/apps/View/index.html?appid=66770bef141c43a98a445c54a17720e2&extent=-73.5743,42.5413,-69.6852,45.4509","pfas_testing_link":"https://www4.des.state.nh.us/IISProxy/IISProxy.dll?ContentId=4824777","site_ref_link":"https://drive.google.com/drive/u/0/folders/1ocXM8RFelR4IKARBleZf4nMMXGz5N_iW","state_ref_link":"https://drive.google.com/drive/u/0/folders/1RsSKYaEE8jqAw7pH05tDHRflkjUL3t5H","ObjectId":1665}},{"type":"Feature","id":1680,"geometry":{"type":"Point","coordinates":[-70.83564,42.962648]},"properties":{"site_name":"Prowash Carwash and Lube","other_site_names":null,"state":"New Hampshire","industry":"Industry","matrix_type":"Groundwater","matrix":"Groundwater","year":2019,"pfoa":"188","pfos":"45","total_pfas":16999,"pfas_level":16999,"notes":null,"regulation_gvt_link":null,"resources_link":"https://www4.des.state.nh.us/DESOneStop/PRSDetail.aspx?ID=0038743&Type=PRS","suspected_source_link":"https://nhdes.maps.arcgis.com/apps/View/index.html?appid=66770bef141c43a98a445c54a17720e2&extent=-73.5743,42.5413,-69.6852,45.4509","pfas_testing_link":"https://www4.des.state.nh.us/IISProxy/IISProxy.dll?ContentId=4782561","site_ref_link":"https://drive.google.com/drive/u/0/folders/18g0iFBaNrEo9hSp6IeCWYXI6CtY9VO49","state_ref_link":"https://drive.google.com/drive/u/0/folders/1RsSKYaEE8jqAw7pH05tDHRflkjUL3t5H","ObjectId":1680}},{"type":"Feature","id":1712,"geometry":{"type":"Point","coordinates":[-71.488721,43.543951]},"properties":{"site_name":"Baron Machine Company","other_site_names":null,"state":"New Hampshire","industry":"Industry","matrix_type":"Groundwater","matrix":"Groundwater","year":null,"pfoa":"2","pfos":null,"total_pfas":null,"pfas_level":2,"notes":null,"regulation_gvt_link":null,"resources_link":null,"suspected_source_link":"https://www4.des.state.nh.us/nh-pfas-investigation/wp-content/uploads/tables-pdf.pdf","pfas_testing_link":"https://www4.des.state.nh.us/nh-pfas-investigation/wp-content/uploads/tables-pdf.pdf","site_ref_link":null,"state_ref_link":"https://drive.google.com/drive/u/0/folders/1RsSKYaEE8jqAw7pH05tDHRflkjUL3t5H","ObjectId":1712}},{"type":"Feature","id":1713,"geometry":{"type":"Point","coordinates":[-72.351604,43.368438]},"properties":{"site_name":"Barney Bass Company","other_site_names":null,"state":"New Hampshire","industry":"Industry","matrix_type":"Groundwater","matrix":"Groundwater","year":null,"pfoa":"1","pfos":"1","total_pfas":null,"pfas_level":3,"notes":null,"regulation_gvt_link":null,"resources_link":null,"suspected_source_link":"https://www4.des.state.nh.us/nh-pfas-investigation/wp-content/uploads/tables-pdf.pdf","pfas_testing_link":"https://www4.des.state.nh.us/nh-pfas-investigation/wp-content/uploads/tables-pdf.pdf","site_ref_link":null,"state_ref_link":"https://drive.google.com/drive/u/0/folders/1RsSKYaEE8jqAw7pH05tDHRflkjUL3t5H","ObjectId":1713}},{"type":"Feature","id":1714,"geometry":{"type":"Point","coordinates":[-71.355763,42.958055]},"properties":{"site_name":"28 Commercial Court","other_site_names":null,"state":"New Hampshire","industry":"Industry","matrix_type":"Groundwater","matrix":"Groundwater","year":null,"pfoa":"3","pfos":null,"total_pfas":null,"pfas_level":3,"notes":"Heritage Plumbing https://justcallheritage.com/ ","regulation_gvt_link":null,"resources_link":"https://www.dhhs.nh.gov/dphs/pfcs/index.htm","suspected_source_link":"https://www4.des.state.nh.us/nh-pfas-investigation/wp-content/uploads/tables-pdf.pdf","pfas_testing_link":"https://www4.des.state.nh.us/nh-pfas-investigation/wp-content/uploads/tables-pdf.pdf","site_ref_link":null,"state_ref_link":"https://drive.google.com/drive/u/0/folders/1RsSKYaEE8jqAw7pH05tDHRflkjUL3t5H","ObjectId":1714}},{"type":"Feature","id":1715,"geometry":{"type":"Point","coordinates":[-71.873089,42.973612]},"properties":{"site_name":"Crotched Mountain Rehab","other_site_names":null,"state":"New Hampshire","industry":"Waste","matrix_type":"Groundwater","matrix":"Groundwater","year":null,"pfoa":"3","pfos":null,"total_pfas":null,"pfas_level":3,"notes":null,"regulation_gvt_link":null,"resources_link":null,"suspected_source_link":"https://www4.des.state.nh.us/nh-pfas-investigation/wp-content/uploads/tables-pdf.pdf","pfas_testing_link":"https://www4.des.state.nh.us/nh-pfas-investigation/wp-content/uploads/tables-pdf.pdf","site_ref_link":null,"state_ref_link":"https://drive.google.com/drive/u/0/folders/1RsSKYaEE8jqAw7pH05tDHRflkjUL3t5H","ObjectId":1715}},{"type":"Feature","id":1716,"geometry":{"type":"Point","coordinates":[-71.359774,43.02666]},"properties":{"site_name":"Former Insurance Salvage Auction","other_site_names":null,"state":"New Hampshire","industry":"Industry","matrix_type":"Groundwater","matrix":"Groundwater","year":null,"pfoa":"3","pfos":null,"total_pfas":null,"pfas_level":3,"notes":null,"regulation_gvt_link":null,"resources_link":null,"suspected_source_link":"https://www4.des.state.nh.us/nh-pfas-investigation/wp-content/uploads/tables-pdf.pdf","pfas_testing_link":"https://www4.des.state.nh.us/nh-pfas-investigation/wp-content/uploads/tables-pdf.pdf","site_ref_link":null,"state_ref_link":"https://drive.google.com/drive/u/0/folders/1RsSKYaEE8jqAw7pH05tDHRflkjUL3t5H","ObjectId":1716}},{"type":"Feature","id":1717,"geometry":{"type":"Point","coordinates":[-72.056086,42.779367]},"properties":{"site_name":"Franklin Pierce University ","other_site_names":null,"state":"New Hampshire","industry":"Unknown","matrix_type":"Groundwater","matrix":"Groundwater","year":null,"pfoa":"3","pfos":null,"total_pfas":null,"pfas_level":3,"notes":null,"regulation_gvt_link":null,"resources_link":null,"suspected_source_link":"https://www4.des.state.nh.us/nh-pfas-investigation/wp-content/uploads/tables-pdf.pdf","pfas_testing_link":"https://www4.des.state.nh.us/nh-pfas-investigation/wp-content/uploads/tables-pdf.pdf","site_ref_link":null,"state_ref_link":"https://drive.google.com/drive/u/0/folders/1RsSKYaEE8jqAw7pH05tDHRflkjUL3t5H","ObjectId":1717}},{"type":"Feature","id":1718,"geometry":{"type":"Point","coordinates":[-71.183701,44.115993]},"properties":{"site_name":"Storyland Amusement Park ","other_site_names":null,"state":"New Hampshire","industry":"Unknown","matrix_type":"Groundwater","matrix":"Groundwater","year":null,"pfoa":"3","pfos":null,"total_pfas":null,"pfas_level":3,"notes":null,"regulation_gvt_link":null,"resources_link":null,"suspected_source_link":"https://www4.des.state.nh.us/nh-pfas-investigation/wp-content/uploads/tables-pdf.pdf","pfas_testing_link":"https://www4.des.state.nh.us/nh-pfas-investigation/wp-content/uploads/tables-pdf.pdf","site_ref_link":null,"state_ref_link":"https://drive.google.com/drive/u/0/folders/1RsSKYaEE8jqAw7pH05tDHRflkjUL3t5H","ObjectId":1718}},{"type":"Feature","id":1721,"geometry":{"type":"Point","coordinates":[-70.972791,43.327711]},"properties":{"site_name":"Jarvis Cutting Tools","other_site_names":null,"state":"New Hampshire","industry":"Industry","matrix_type":"Groundwater","matrix":"Groundwater","year":null,"pfoa":"4","pfos":null,"total_pfas":null,"pfas_level":4,"notes":null,"regulation_gvt_link":null,"resources_link":null,"suspected_source_link":"https://www4.des.state.nh.us/nh-pfas-investigation/wp-content/uploads/tables-pdf.pdf","pfas_testing_link":"https://www4.des.state.nh.us/nh-pfas-investigation/wp-content/uploads/tables-pdf.pdf","site_ref_link":null,"state_ref_link":"https://drive.google.com/drive/u/0/folders/1RsSKYaEE8jqAw7pH05tDHRflkjUL3t5H","ObjectId":1721}},{"type":"Feature","id":1722,"geometry":{"type":"Point","coordinates":[-71.713683,43.201142]},"properties":{"site_name":"Mclane Northeast Truck Wash","other_site_names":null,"state":"New Hampshire","industry":"Industry","matrix_type":"Groundwater","matrix":"Groundwater","year":null,"pfoa":"4","pfos":null,"total_pfas":null,"pfas_level":4,"notes":null,"regulation_gvt_link":null,"resources_link":null,"suspected_source_link":"https://www4.des.state.nh.us/nh-pfas-investigation/wp-content/uploads/tables-pdf.pdf","pfas_testing_link":"https://www4.des.state.nh.us/nh-pfas-investigation/wp-content/uploads/tables-pdf.pdf","site_ref_link":null,"state_ref_link":"https://drive.google.com/drive/u/0/folders/1RsSKYaEE8jqAw7pH05tDHRflkjUL3t5H","ObjectId":1722}},{"type":"Feature","id":1724,"geometry":{"type":"Point","coordinates":[-72.365626,43.138281]},"properties":{"site_name":"Esslinger Oil Undercoating","other_site_names":null,"state":"New Hampshire","industry":"Industry","matrix_type":"Groundwater","matrix":"Groundwater","year":null,"pfoa":null,"pfos":"5","total_pfas":null,"pfas_level":5,"notes":null,"regulation_gvt_link":null,"resources_link":null,"suspected_source_link":"https://www4.des.state.nh.us/nh-pfas-investigation/wp-content/uploads/tables-pdf.pdf","pfas_testing_link":"https://www4.des.state.nh.us/nh-pfas-investigation/wp-content/uploads/tables-pdf.pdf","site_ref_link":null,"state_ref_link":"https://drive.google.com/drive/u/0/folders/1RsSKYaEE8jqAw7pH05tDHRflkjUL3t5H","ObjectId":1724}},{"type":"Feature","id":1725,"geometry":{"type":"Point","coordinates":[-71.251699,44.076888]},"properties":{"site_name":"Grand Summit Hotel at Attitash","other_site_names":null,"state":"New Hampshire","industry":"Unknown","matrix_type":"Groundwater","matrix":"Groundwater","year":null,"pfoa":null,"pfos":"5","total_pfas":null,"pfas_level":5,"notes":null,"regulation_gvt_link":null,"resources_link":null,"suspected_source_link":"https://www4.des.state.nh.us/nh-pfas-investigation/wp-content/uploads/tables-pdf.pdf","pfas_testing_link":"https://www4.des.state.nh.us/nh-pfas-investigation/wp-content/uploads/tables-pdf.pdf","site_ref_link":null,"state_ref_link":"https://drive.google.com/drive/u/0/folders/1RsSKYaEE8jqAw7pH05tDHRflkjUL3t5H","ObjectId":1725}},{"type":"Feature","id":1726,"geometry":{"type":"Point","coordinates":[-72.137224,43.488144]},"properties":{"site_name":"Bay District","other_site_names":null,"state":"New Hampshire","industry":"Unknown","matrix_type":"Groundwater","matrix":"Groundwater","year":null,"pfoa":"5","pfos":null,"total_pfas":null,"pfas_level":5,"notes":null,"regulation_gvt_link":null,"resources_link":null,"suspected_source_link":"https://www4.des.state.nh.us/nh-pfas-investigation/wp-content/uploads/tables-pdf.pdf","pfas_testing_link":"https://www4.des.state.nh.us/nh-pfas-investigation/wp-content/uploads/tables-pdf.pdf","site_ref_link":null,"state_ref_link":"https://drive.google.com/drive/u/0/folders/1RsSKYaEE8jqAw7pH05tDHRflkjUL3t5H","ObjectId":1726}},{"type":"Feature","id":1727,"geometry":{"type":"Point","coordinates":[-71.188631,43.28865]},"properties":{"site_name":"Manchester YMCA Camp Foss","other_site_names":null,"state":"New Hampshire","industry":"Unknown","matrix_type":"Groundwater","matrix":"Groundwater","year":null,"pfoa":"5","pfos":null,"total_pfas":null,"pfas_level":5,"notes":null,"regulation_gvt_link":null,"resources_link":null,"suspected_source_link":"https://www4.des.state.nh.us/nh-pfas-investigation/wp-content/uploads/tables-pdf.pdf","pfas_testing_link":"https://www4.des.state.nh.us/nh-pfas-investigation/wp-content/uploads/tables-pdf.pdf","site_ref_link":null,"state_ref_link":"https://drive.google.com/drive/u/0/folders/1RsSKYaEE8jqAw7pH05tDHRflkjUL3t5H","ObjectId":1727}},{"type":"Feature","id":1728,"geometry":{"type":"Point","coordinates":[-72.17483,43.229926]},"properties":{"site_name":"Bonnie Plants","other_site_names":"Fomerly Jolly Farmer","state":"New Hampshire","industry":"Unknown","matrix_type":"Groundwater","matrix":"Groundwater","year":null,"pfoa":"2","pfos":"4","total_pfas":null,"pfas_level":6,"notes":null,"regulation_gvt_link":null,"resources_link":null,"suspected_source_link":"https://www4.des.state.nh.us/nh-pfas-investigation/wp-content/uploads/tables-pdf.pdf","pfas_testing_link":"https://www4.des.state.nh.us/nh-pfas-investigation/wp-content/uploads/tables-pdf.pdf","site_ref_link":null,"state_ref_link":"https://drive.google.com/drive/u/0/folders/1RsSKYaEE8jqAw7pH05tDHRflkjUL3t5H","ObjectId":1728}},{"type":"Feature","id":1729,"geometry":{"type":"Point","coordinates":[-70.918736,43.002739]},"properties":{"site_name":"Tricket Stratham Irving Car Wash","other_site_names":null,"state":"New Hampshire","industry":"Industry","matrix_type":"Groundwater","matrix":"Groundwater","year":null,"pfoa":"2","pfos":"4","total_pfas":null,"pfas_level":6,"notes":null,"regulation_gvt_link":null,"resources_link":null,"suspected_source_link":"https://www4.des.state.nh.us/nh-pfas-investigation/wp-content/uploads/tables-pdf.pdf","pfas_testing_link":"https://www4.des.state.nh.us/nh-pfas-investigation/wp-content/uploads/tables-pdf.pdf","site_ref_link":null,"state_ref_link":"https://drive.google.com/drive/u/0/folders/1RsSKYaEE8jqAw7pH05tDHRflkjUL3t5H","ObjectId":1729}},{"type":"Feature","id":1731,"geometry":{"type":"Point","coordinates":[-71.124672,44.052441]},"properties":{"site_name":"White Mountain Laundry & Dry Cleaners","other_site_names":"Seavey Street Laundromat","state":"New Hampshire","industry":"Industry","matrix_type":"Groundwater","matrix":"Groundwater","year":null,"pfoa":"6","pfos":null,"total_pfas":null,"pfas_level":6,"notes":null,"regulation_gvt_link":null,"resources_link":null,"suspected_source_link":"https://www4.des.state.nh.us/nh-pfas-investigation/wp-content/uploads/tables-pdf.pdf","pfas_testing_link":"https://www4.des.state.nh.us/nh-pfas-investigation/wp-content/uploads/tables-pdf.pdf","site_ref_link":null,"state_ref_link":"https://drive.google.com/drive/u/0/folders/1RsSKYaEE8jqAw7pH05tDHRflkjUL3t5H","ObjectId":1731}},{"type":"Feature","id":1733,"geometry":{"type":"Point","coordinates":[-70.939541,43.033479]},"properties":{"site_name":"Newfields Light Industrial Prk","other_site_names":"CO-ED SPORTWEAR, INC.","state":"New Hampshire","industry":"Industry","matrix_type":"Groundwater","matrix":"Groundwater","year":null,"pfoa":"4","pfos":"3","total_pfas":null,"pfas_level":7,"notes":null,"regulation_gvt_link":null,"resources_link":null,"suspected_source_link":"https://www4.des.state.nh.us/nh-pfas-investigation/wp-content/uploads/tables-pdf.pdf","pfas_testing_link":"https://www4.des.state.nh.us/nh-pfas-investigation/wp-content/uploads/tables-pdf.pdf","site_ref_link":null,"state_ref_link":"https://drive.google.com/drive/u/0/folders/1RsSKYaEE8jqAw7pH05tDHRflkjUL3t5H","ObjectId":1733}},{"type":"Feature","id":1734,"geometry":{"type":"Point","coordinates":[-71.033043,43.535094]},"properties":{"site_name":"Wakefield Wastewater Treatment Facility","other_site_names":null,"state":"New Hampshire","industry":"WWTP","matrix_type":"Groundwater","matrix":"Groundwater","year":null,"pfoa":"7","pfos":null,"total_pfas":null,"pfas_level":7,"notes":null,"regulation_gvt_link":null,"resources_link":null,"suspected_source_link":"https://www4.des.state.nh.us/nh-pfas-investigation/wp-content/uploads/tables-pdf.pdf","pfas_testing_link":"https://www4.des.state.nh.us/nh-pfas-investigation/wp-content/uploads/tables-pdf.pdf","site_ref_link":null,"state_ref_link":"https://drive.google.com/drive/u/0/folders/1RsSKYaEE8jqAw7pH05tDHRflkjUL3t5H","ObjectId":1734}},{"type":"Feature","id":1735,"geometry":{"type":"Point","coordinates":[-71.319854,43.302486]},"properties":{"site_name":"Pittsfield Public Works Dept","other_site_names":null,"state":"New Hampshire","industry":"Industry","matrix_type":"Groundwater","matrix":"Groundwater","year":null,"pfoa":"6","pfos":"2","total_pfas":8,"pfas_level":8,"notes":null,"regulation_gvt_link":null,"resources_link":null,"suspected_source_link":"https://www4.des.state.nh.us/nh-pfas-investigation/wp-content/uploads/tables-pdf.pdf","pfas_testing_link":"https://www4.des.state.nh.us/nh-pfas-investigation/wp-content/uploads/tables-pdf.pdf","site_ref_link":null,"state_ref_link":"https://drive.google.com/drive/u/0/folders/1RsSKYaEE8jqAw7pH05tDHRflkjUL3t5H","ObjectId":1735}},{"type":"Feature","id":1736,"geometry":{"type":"Point","coordinates":[-71.195198,42.885507]},"properties":{"site_name":"Marciano Residence","other_site_names":null,"state":"New Hampshire","industry":"Unknown","matrix_type":"Groundwater","matrix":"Groundwater","year":null,"pfoa":"6","pfos":null,"total_pfas":8,"pfas_level":8,"notes":null,"regulation_gvt_link":null,"resources_link":null,"suspected_source_link":"https://www4.des.state.nh.us/nh-pfas-investigation/wp-content/uploads/tables-pdf.pdf","pfas_testing_link":"https://www4.des.state.nh.us/nh-pfas-investigation/wp-content/uploads/tables-pdf.pdf","site_ref_link":null,"state_ref_link":"https://drive.google.com/drive/u/0/folders/1RsSKYaEE8jqAw7pH05tDHRflkjUL3t5H","ObjectId":1736}},{"type":"Feature","id":1739,"geometry":{"type":"Point","coordinates":[-71.475446,43.78575]},"properties":{"site_name":"Camp Hale UWW Lagoon","other_site_names":null,"state":"New Hampshire","industry":"Unknown","matrix_type":"Groundwater","matrix":"Groundwater","year":null,"pfoa":null,"pfos":"8","total_pfas":null,"pfas_level":8,"notes":null,"regulation_gvt_link":null,"resources_link":null,"suspected_source_link":"https://www4.des.state.nh.us/nh-pfas-investigation/wp-content/uploads/tables-pdf.pdf","pfas_testing_link":"https://www4.des.state.nh.us/nh-pfas-investigation/wp-content/uploads/tables-pdf.pdf","site_ref_link":null,"state_ref_link":"https://drive.google.com/drive/u/0/folders/1RsSKYaEE8jqAw7pH05tDHRflkjUL3t5H","ObjectId":1739}},{"type":"Feature","id":1740,"geometry":{"type":"Point","coordinates":[-71.99572,43.647459]},"properties":{"site_name":"Canaan Wastewater Treatment Facility","other_site_names":null,"state":"New Hampshire","industry":"WWTP","matrix_type":"Groundwater","matrix":"Groundwater","year":null,"pfoa":"8","pfos":null,"total_pfas":null,"pfas_level":8,"notes":null,"regulation_gvt_link":null,"resources_link":null,"suspected_source_link":"https://www4.des.state.nh.us/nh-pfas-investigation/wp-content/uploads/tables-pdf.pdf","pfas_testing_link":"https://www4.des.state.nh.us/nh-pfas-investigation/wp-content/uploads/tables-pdf.pdf","site_ref_link":null,"state_ref_link":"https://drive.google.com/drive/u/0/folders/1RsSKYaEE8jqAw7pH05tDHRflkjUL3t5H","ObjectId":1740}},{"type":"Feature","id":1743,"geometry":{"type":"Point","coordinates":[-71.306526,44.870226]},"properties":{"site_name":"Balsams UWW Lagoon","other_site_names":null,"state":"New Hampshire","industry":"Unknown","matrix_type":"Groundwater","matrix":"Groundwater","year":null,"pfoa":"9","pfos":null,"total_pfas":null,"pfas_level":9,"notes":null,"regulation_gvt_link":null,"resources_link":"https://www.dhhs.nh.gov/dphs/pfcs/index.htm","suspected_source_link":"https://www4.des.state.nh.us/nh-pfas-investigation/wp-content/uploads/tables-pdf.pdf","pfas_testing_link":"https://www4.des.state.nh.us/nh-pfas-investigation/wp-content/uploads/tables-pdf.pdf","site_ref_link":null,"state_ref_link":"https://drive.google.com/drive/u/0/folders/1RsSKYaEE8jqAw7pH05tDHRflkjUL3t5H","ObjectId":1743}},{"type":"Feature","id":1744,"geometry":{"type":"Point","coordinates":[-71.157012,43.026682]},"properties":{"site_name":"Walmart Distrib Center Septic","other_site_names":null,"state":"New Hampshire","industry":"WWTP","matrix_type":"Groundwater","matrix":"Groundwater","year":null,"pfoa":"5","pfos":"6","total_pfas":null,"pfas_level":10,"notes":null,"regulation_gvt_link":null,"resources_link":null,"suspected_source_link":"https://www4.des.state.nh.us/nh-pfas-investigation/wp-content/uploads/tables-pdf.pdf","pfas_testing_link":"https://www4.des.state.nh.us/nh-pfas-investigation/wp-content/uploads/tables-pdf.pdf","site_ref_link":null,"state_ref_link":"https://drive.google.com/drive/u/0/folders/1RsSKYaEE8jqAw7pH05tDHRflkjUL3t5H","ObjectId":1744}},{"type":"Feature","id":1745,"geometry":{"type":"Point","coordinates":[-71.810722,44.271594]},"properties":{"site_name":"Schofield Septage","other_site_names":null,"state":"New Hampshire","industry":"WWTP","matrix_type":"Groundwater","matrix":"Groundwater","year":null,"pfoa":"10","pfos":null,"total_pfas":null,"pfas_level":10,"notes":null,"regulation_gvt_link":null,"resources_link":null,"suspected_source_link":"https://www4.des.state.nh.us/nh-pfas-investigation/wp-content/uploads/tables-pdf.pdf","pfas_testing_link":"https://www4.des.state.nh.us/nh-pfas-investigation/wp-content/uploads/tables-pdf.pdf","site_ref_link":null,"state_ref_link":"https://drive.google.com/drive/u/0/folders/1RsSKYaEE8jqAw7pH05tDHRflkjUL3t5H","ObjectId":1745}},{"type":"Feature","id":1746,"geometry":{"type":"Point","coordinates":[-72.361358,43.347586]},"properties":{"site_name":"T Bird Mini Mart","other_site_names":null,"state":"New Hampshire","industry":"Unknown","matrix_type":"Groundwater","matrix":"Groundwater","year":null,"pfoa":"6","pfos":"4","total_pfas":11,"pfas_level":11,"notes":null,"regulation_gvt_link":null,"resources_link":null,"suspected_source_link":"https://www4.des.state.nh.us/nh-pfas-investigation/wp-content/uploads/tables-pdf.pdf","pfas_testing_link":"https://www4.des.state.nh.us/nh-pfas-investigation/wp-content/uploads/tables-pdf.pdf","site_ref_link":null,"state_ref_link":"https://drive.google.com/drive/u/0/folders/1RsSKYaEE8jqAw7pH05tDHRflkjUL3t5H","ObjectId":1746}},{"type":"Feature","id":1749,"geometry":{"type":"Point","coordinates":[-72.138025,43.529064]},"properties":{"site_name":"Eastman","other_site_names":null,"state":"New Hampshire","industry":"Unknown","matrix_type":"Groundwater","matrix":"Groundwater","year":null,"pfoa":"5","pfos":"7","total_pfas":null,"pfas_level":12,"notes":null,"regulation_gvt_link":null,"resources_link":null,"suspected_source_link":"https://www4.des.state.nh.us/nh-pfas-investigation/wp-content/uploads/tables-pdf.pdf","pfas_testing_link":"https://www4.des.state.nh.us/nh-pfas-investigation/wp-content/uploads/tables-pdf.pdf","site_ref_link":null,"state_ref_link":"https://drive.google.com/drive/u/0/folders/1RsSKYaEE8jqAw7pH05tDHRflkjUL3t5H","ObjectId":1749}},{"type":"Feature","id":1753,"geometry":{"type":"Point","coordinates":[-71.439481,44.257279]},"properties":{"site_name":"Mt. Washington Hotel Resort","other_site_names":null,"state":"New Hampshire","industry":"Unknown","matrix_type":"Groundwater","matrix":"Groundwater","year":null,"pfoa":"9","pfos":"5","total_pfas":null,"pfas_level":14,"notes":null,"regulation_gvt_link":null,"resources_link":null,"suspected_source_link":"https://www4.des.state.nh.us/nh-pfas-investigation/wp-content/uploads/tables-pdf.pdf","pfas_testing_link":"https://www4.des.state.nh.us/nh-pfas-investigation/wp-content/uploads/tables-pdf.pdf","site_ref_link":null,"state_ref_link":"https://drive.google.com/drive/u/0/folders/1RsSKYaEE8jqAw7pH05tDHRflkjUL3t5H","ObjectId":1753}},{"type":"Feature","id":1754,"geometry":{"type":"Point","coordinates":[-71.648887,43.358474]},"properties":{"site_name":"Merrimack County Complex WWU Lagoon","other_site_names":null,"state":"New Hampshire","industry":"Unknown","matrix_type":"Groundwater","matrix":"Groundwater","year":null,"pfoa":"10","pfos":"5","total_pfas":null,"pfas_level":15,"notes":null,"regulation_gvt_link":null,"resources_link":null,"suspected_source_link":"https://www4.des.state.nh.us/nh-pfas-investigation/wp-content/uploads/tables-pdf.pdf","pfas_testing_link":"https://www4.des.state.nh.us/nh-pfas-investigation/wp-content/uploads/tables-pdf.pdf","site_ref_link":null,"state_ref_link":"https://drive.google.com/drive/u/0/folders/1RsSKYaEE8jqAw7pH05tDHRflkjUL3t5H","ObjectId":1754}},{"type":"Feature","id":1755,"geometry":{"type":"Point","coordinates":[-71.928927,43.007379]},"properties":{"site_name":"Monadnock Paper Mill","other_site_names":null,"state":"New Hampshire","industry":"Industry","matrix_type":"Groundwater","matrix":"Groundwater","year":null,"pfoa":"9","pfos":"7","total_pfas":null,"pfas_level":15,"notes":null,"regulation_gvt_link":null,"resources_link":null,"suspected_source_link":"https://www4.des.state.nh.us/nh-pfas-investigation/wp-content/uploads/tables-pdf.pdf","pfas_testing_link":"https://www4.des.state.nh.us/nh-pfas-investigation/wp-content/uploads/tables-pdf.pdf","site_ref_link":null,"state_ref_link":"https://drive.google.com/drive/u/0/folders/1RsSKYaEE8jqAw7pH05tDHRflkjUL3t5H","ObjectId":1755}},{"type":"Feature","id":1756,"geometry":{"type":"Point","coordinates":[-71.304589,43.322923]},"properties":{"site_name":"Blueberry Station Car Wash","other_site_names":null,"state":"New Hampshire","industry":"Industry","matrix_type":"Groundwater","matrix":"Groundwater","year":null,"pfoa":"5","pfos":"10","total_pfas":null,"pfas_level":15,"notes":null,"regulation_gvt_link":null,"resources_link":null,"suspected_source_link":"https://www4.des.state.nh.us/nh-pfas-investigation/wp-content/uploads/tables-pdf.pdf","pfas_testing_link":"https://www4.des.state.nh.us/nh-pfas-investigation/wp-content/uploads/tables-pdf.pdf","site_ref_link":null,"state_ref_link":"https://drive.google.com/drive/u/0/folders/1RsSKYaEE8jqAw7pH05tDHRflkjUL3t5H","ObjectId":1756}},{"type":"Feature","id":1758,"geometry":{"type":"Point","coordinates":[-71.232794,42.782527]},"properties":{"site_name":"97 Shoppes - Commerc Septic System","other_site_names":null,"state":"New Hampshire","industry":"WWTP","matrix_type":"Groundwater","matrix":"Groundwater","year":null,"pfoa":"8","pfos":"8","total_pfas":null,"pfas_level":16,"notes":null,"regulation_gvt_link":null,"resources_link":"https://www.dhhs.nh.gov/dphs/pfcs/index.htm","suspected_source_link":"https://www4.des.state.nh.us/nh-pfas-investigation/wp-content/uploads/tables-pdf.pdf","pfas_testing_link":"https://www4.des.state.nh.us/nh-pfas-investigation/wp-content/uploads/tables-pdf.pdf","site_ref_link":null,"state_ref_link":"https://drive.google.com/drive/u/0/folders/1RsSKYaEE8jqAw7pH05tDHRflkjUL3t5H","ObjectId":1758}},{"type":"Feature","id":1759,"geometry":{"type":"Point","coordinates":[-71.179894,42.820431]},"properties":{"site_name":"Atkinson Country Club","other_site_names":null,"state":"New Hampshire","industry":"Unknown","matrix_type":"Groundwater","matrix":"Groundwater","year":null,"pfoa":"18","pfos":null,"total_pfas":null,"pfas_level":18,"notes":null,"regulation_gvt_link":null,"resources_link":"https://www.dhhs.nh.gov/dphs/pfcs/index.htm","suspected_source_link":"https://www4.des.state.nh.us/nh-pfas-investigation/wp-content/uploads/tables-pdf.pdf","pfas_testing_link":"https://www4.des.state.nh.us/nh-pfas-investigation/wp-content/uploads/tables-pdf.pdf","site_ref_link":null,"state_ref_link":"https://drive.google.com/drive/u/0/folders/1RsSKYaEE8jqAw7pH05tDHRflkjUL3t5H","ObjectId":1759}},{"type":"Feature","id":1760,"geometry":{"type":"Point","coordinates":[-71.109614,43.731214]},"properties":{"site_name":"Ossipee Town Septic Leachfields","other_site_names":null,"state":"New Hampshire","industry":"Waste","matrix_type":"Groundwater","matrix":"Groundwater","year":null,"pfoa":"14","pfos":null,"total_pfas":19,"pfas_level":19,"notes":null,"regulation_gvt_link":null,"resources_link":null,"suspected_source_link":"https://www4.des.state.nh.us/nh-pfas-investigation/wp-content/uploads/tables-pdf.pdf","pfas_testing_link":"https://www4.des.state.nh.us/nh-pfas-investigation/wp-content/uploads/tables-pdf.pdf","site_ref_link":null,"state_ref_link":"https://drive.google.com/drive/u/0/folders/1RsSKYaEE8jqAw7pH05tDHRflkjUL3t5H","ObjectId":1760}},{"type":"Feature","id":1761,"geometry":{"type":"Point","coordinates":[-71.263334,42.810637]},"properties":{"site_name":"Warde Health Center Sisters Of Mercy Leachfield","other_site_names":null,"state":"New Hampshire","industry":"Waste","matrix_type":"Groundwater","matrix":"Groundwater","year":null,"pfoa":"16","pfos":"4","total_pfas":null,"pfas_level":20,"notes":null,"regulation_gvt_link":null,"resources_link":null,"suspected_source_link":"https://www4.des.state.nh.us/nh-pfas-investigation/wp-content/uploads/tables-pdf.pdf","pfas_testing_link":"https://www4.des.state.nh.us/nh-pfas-investigation/wp-content/uploads/tables-pdf.pdf","site_ref_link":null,"state_ref_link":"https://drive.google.com/drive/u/0/folders/1RsSKYaEE8jqAw7pH05tDHRflkjUL3t5H","ObjectId":1761}},{"type":"Feature","id":1763,"geometry":{"type":"Point","coordinates":[-70.86718,43.205297]},"properties":{"site_name":"Heidelberg Web Systems Inc.","other_site_names":"Former Harris","state":"New Hampshire","industry":"Industry","matrix_type":"Groundwater","matrix":"Groundwater","year":null,"pfoa":"10","pfos":"6","total_pfas":21,"pfas_level":21,"notes":null,"regulation_gvt_link":null,"resources_link":null,"suspected_source_link":"https://www4.des.state.nh.us/nh-pfas-investigation/wp-content/uploads/tables-pdf.pdf","pfas_testing_link":"https://www4.des.state.nh.us/nh-pfas-investigation/wp-content/uploads/tables-pdf.pdf","site_ref_link":null,"state_ref_link":"https://drive.google.com/drive/u/0/folders/1RsSKYaEE8jqAw7pH05tDHRflkjUL3t5H","ObjectId":1763}},{"type":"Feature","id":1764,"geometry":{"type":"Point","coordinates":[-70.904626,43.185074]},"properties":{"site_name":"85 Industrial Park II LLC","other_site_names":null,"state":"New Hampshire","industry":"Superfund Site","matrix_type":"Groundwater","matrix":"Groundwater","year":null,"pfoa":"14","pfos":"6","total_pfas":21,"pfas_level":21,"notes":"another location of the Kane Company https://www.kane-company.com/portfolio/85-industrial-park-drive/ ","regulation_gvt_link":null,"resources_link":"https://www.dhhs.nh.gov/dphs/pfcs/index.htm","suspected_source_link":"https://www4.des.state.nh.us/nh-pfas-investigation/wp-content/uploads/tables-pdf.pdf","pfas_testing_link":"https://www4.des.state.nh.us/nh-pfas-investigation/wp-content/uploads/tables-pdf.pdf","site_ref_link":null,"state_ref_link":"https://drive.google.com/drive/u/0/folders/1RsSKYaEE8jqAw7pH05tDHRflkjUL3t5H","ObjectId":1764}},{"type":"Feature","id":1765,"geometry":{"type":"Point","coordinates":[-70.934388,43.082172]},"properties":{"site_name":"Former Essex Mills","other_site_names":null,"state":"New Hampshire","industry":"Industry","matrix_type":"Groundwater","matrix":"Groundwater","year":null,"pfoa":"8","pfos":"13","total_pfas":null,"pfas_level":21,"notes":null,"regulation_gvt_link":null,"resources_link":null,"suspected_source_link":"https://www4.des.state.nh.us/nh-pfas-investigation/wp-content/uploads/tables-pdf.pdf","pfas_testing_link":"https://www4.des.state.nh.us/nh-pfas-investigation/wp-content/uploads/tables-pdf.pdf","site_ref_link":null,"state_ref_link":"https://drive.google.com/drive/u/0/folders/1RsSKYaEE8jqAw7pH05tDHRflkjUL3t5H","ObjectId":1765}},{"type":"Feature","id":1768,"geometry":{"type":"Point","coordinates":[-71.994296,42.932312]},"properties":{"site_name":"Sargent Camp Nature Classroom Wastewater Lagoon","other_site_names":null,"state":"New Hampshire","industry":"Unknown","matrix_type":"Groundwater","matrix":"Groundwater","year":null,"pfoa":"9","pfos":"6","total_pfas":22,"pfas_level":22,"notes":null,"regulation_gvt_link":null,"resources_link":null,"suspected_source_link":"https://www4.des.state.nh.us/nh-pfas-investigation/wp-content/uploads/tables-pdf.pdf","pfas_testing_link":"https://www4.des.state.nh.us/nh-pfas-investigation/wp-content/uploads/tables-pdf.pdf","site_ref_link":null,"state_ref_link":"https://drive.google.com/drive/u/0/folders/1RsSKYaEE8jqAw7pH05tDHRflkjUL3t5H","ObjectId":1768}},{"type":"Feature","id":1769,"geometry":{"type":"Point","coordinates":[-72.039813,43.676114]},"properties":{"site_name":"Cardigan Mountain","other_site_names":"Cardigan Mountian School ","state":"New Hampshire","industry":"Unknown","matrix_type":"Groundwater","matrix":"Groundwater","year":null,"pfoa":"9","pfos":null,"total_pfas":22,"pfas_level":22,"notes":null,"regulation_gvt_link":null,"resources_link":null,"suspected_source_link":"https://www4.des.state.nh.us/nh-pfas-investigation/wp-content/uploads/tables-pdf.pdf","pfas_testing_link":"https://www4.des.state.nh.us/nh-pfas-investigation/wp-content/uploads/tables-pdf.pdf","site_ref_link":null,"state_ref_link":"https://drive.google.com/drive/u/0/folders/1RsSKYaEE8jqAw7pH05tDHRflkjUL3t5H","ObjectId":1769}},{"type":"Feature","id":1773,"geometry":{"type":"Point","coordinates":[-71.510056,43.946264]},"properties":{"site_name":"Waterville Valley Wastewater Treatment Facility UWW Lagoon","other_site_names":null,"state":"New Hampshire","industry":"WWTP","matrix_type":"Groundwater","matrix":"Groundwater","year":null,"pfoa":"13","pfos":"4","total_pfas":23,"pfas_level":23,"notes":null,"regulation_gvt_link":null,"resources_link":null,"suspected_source_link":"https://www4.des.state.nh.us/nh-pfas-investigation/wp-content/uploads/tables-pdf.pdf","pfas_testing_link":"https://www4.des.state.nh.us/nh-pfas-investigation/wp-content/uploads/tables-pdf.pdf","site_ref_link":null,"state_ref_link":"https://drive.google.com/drive/u/0/folders/1RsSKYaEE8jqAw7pH05tDHRflkjUL3t5H","ObjectId":1773}},{"type":"Feature","id":1775,"geometry":{"type":"Point","coordinates":[-72.345219,43.368981]},"properties":{"site_name":"101 Mulberry Street Property","other_site_names":null,"state":"New Hampshire","industry":"Unknown","matrix_type":"Groundwater","matrix":"Groundwater","year":null,"pfoa":"7","pfos":"9","total_pfas":24,"pfas_level":24,"notes":null,"regulation_gvt_link":null,"resources_link":"https://www.dhhs.nh.gov/dphs/pfcs/index.htm","suspected_source_link":"https://www4.des.state.nh.us/nh-pfas-investigation/wp-content/uploads/tables-pdf.pdf","pfas_testing_link":"https://www4.des.state.nh.us/nh-pfas-investigation/wp-content/uploads/tables-pdf.pdf","site_ref_link":null,"state_ref_link":"https://drive.google.com/drive/u/0/folders/1RsSKYaEE8jqAw7pH05tDHRflkjUL3t5H","ObjectId":1775}},{"type":"Feature","id":1776,"geometry":{"type":"Point","coordinates":[-72.14947,42.815953]},"properties":{"site_name":"Wastewater Cross Tack Pile","other_site_names":null,"state":"New Hampshire","industry":"Industry","matrix_type":"Groundwater","matrix":"Groundwater","year":null,"pfoa":"3","pfos":"14","total_pfas":24,"pfas_level":24,"notes":null,"regulation_gvt_link":null,"resources_link":null,"suspected_source_link":"https://www4.des.state.nh.us/nh-pfas-investigation/wp-content/uploads/tables-pdf.pdf","pfas_testing_link":"https://www4.des.state.nh.us/nh-pfas-investigation/wp-content/uploads/tables-pdf.pdf","site_ref_link":null,"state_ref_link":"https://drive.google.com/drive/u/0/folders/1RsSKYaEE8jqAw7pH05tDHRflkjUL3t5H","ObjectId":1776}},{"type":"Feature","id":1777,"geometry":{"type":"Point","coordinates":[-71.247595,42.813944]},"properties":{"site_name":"Former Windham Marine","other_site_names":null,"state":"New Hampshire","industry":"Industry","matrix_type":"Groundwater","matrix":"Groundwater","year":null,"pfoa":"18","pfos":null,"total_pfas":24,"pfas_level":24,"notes":"Boat Repair shop","regulation_gvt_link":null,"resources_link":null,"suspected_source_link":"https://www4.des.state.nh.us/nh-pfas-investigation/wp-content/uploads/tables-pdf.pdf","pfas_testing_link":"https://www4.des.state.nh.us/nh-pfas-investigation/wp-content/uploads/tables-pdf.pdf","site_ref_link":null,"state_ref_link":"https://drive.google.com/drive/u/0/folders/1RsSKYaEE8jqAw7pH05tDHRflkjUL3t5H","ObjectId":1777}},{"type":"Feature","id":1778,"geometry":{"type":"Point","coordinates":[-72.3327,44.14647]},"properties":{"site_name":"Kapotis Property","other_site_names":null,"state":"New Hampshire","industry":"Unknown","matrix_type":"Groundwater","matrix":"Groundwater","year":null,"pfoa":null,"pfos":"24","total_pfas":null,"pfas_level":24,"notes":null,"regulation_gvt_link":null,"resources_link":"https://www4.des.state.nh.us/DESOneStop/HWGDetail.aspx?ID=NHD510084189-0013065","suspected_source_link":"https://www4.des.state.nh.us/nh-pfas-investigation/wp-content/uploads/tables-pdf.pdf","pfas_testing_link":"https://www4.des.state.nh.us/nh-pfas-investigation/wp-content/uploads/tables-pdf.pdf","site_ref_link":null,"state_ref_link":"https://drive.google.com/drive/u/0/folders/1RsSKYaEE8jqAw7pH05tDHRflkjUL3t5H","ObjectId":1778}},{"type":"Feature","id":1779,"geometry":{"type":"Point","coordinates":[-70.770129,43.080012]},"properties":{"site_name":"Hanscom's Truck Stop, Inc.","other_site_names":null,"state":"New Hampshire","industry":"Unknown","matrix_type":"Groundwater","matrix":"Groundwater","year":null,"pfoa":"6","pfos":"7","total_pfas":25,"pfas_level":25,"notes":null,"regulation_gvt_link":null,"resources_link":null,"suspected_source_link":"https://www4.des.state.nh.us/nh-pfas-investigation/wp-content/uploads/tables-pdf.pdf","pfas_testing_link":"https://www4.des.state.nh.us/nh-pfas-investigation/wp-content/uploads/tables-pdf.pdf","site_ref_link":null,"state_ref_link":"https://drive.google.com/drive/u/0/folders/1RsSKYaEE8jqAw7pH05tDHRflkjUL3t5H","ObjectId":1779}},{"type":"Feature","id":1781,"geometry":{"type":"Point","coordinates":[-71.518835,44.592409]},"properties":{"site_name":"Groveton Wastewater Treatment Facility Lagoons","other_site_names":null,"state":"New Hampshire","industry":"WWTP","matrix_type":"Groundwater","matrix":"Groundwater","year":null,"pfoa":"10","pfos":"12","total_pfas":26,"pfas_level":26,"notes":null,"regulation_gvt_link":null,"resources_link":null,"suspected_source_link":"https://www4.des.state.nh.us/nh-pfas-investigation/wp-content/uploads/tables-pdf.pdf","pfas_testing_link":"https://www4.des.state.nh.us/nh-pfas-investigation/wp-content/uploads/tables-pdf.pdf","site_ref_link":null,"state_ref_link":"https://drive.google.com/drive/u/0/folders/1RsSKYaEE8jqAw7pH05tDHRflkjUL3t5H","ObjectId":1781}},{"type":"Feature","id":1783,"geometry":{"type":"Point","coordinates":[-71.111487,43.030686]},"properties":{"site_name":"Tim & Jonis Towing & Auto Recycling","other_site_names":null,"state":"New Hampshire","industry":"Industry","matrix_type":"Groundwater","matrix":"Groundwater","year":null,"pfoa":"8","pfos":"3","total_pfas":28,"pfas_level":28,"notes":null,"regulation_gvt_link":null,"resources_link":null,"suspected_source_link":"https://www4.des.state.nh.us/nh-pfas-investigation/wp-content/uploads/tables-pdf.pdf","pfas_testing_link":"https://www4.des.state.nh.us/nh-pfas-investigation/wp-content/uploads/tables-pdf.pdf","site_ref_link":null,"state_ref_link":"https://drive.google.com/drive/u/0/folders/1RsSKYaEE8jqAw7pH05tDHRflkjUL3t5H","ObjectId":1783}},{"type":"Feature","id":1784,"geometry":{"type":"Point","coordinates":[-72.039269,43.366666]},"properties":{"site_name":"Blodgett Landing Wastewater Treatment Facility","other_site_names":"Blodgett Landing Sewer District ","state":"New Hampshire","industry":"WWTP","matrix_type":"Groundwater","matrix":"Groundwater","year":null,"pfoa":"9","pfos":"18","total_pfas":null,"pfas_level":28,"notes":null,"regulation_gvt_link":null,"resources_link":null,"suspected_source_link":"https://www4.des.state.nh.us/nh-pfas-investigation/wp-content/uploads/tables-pdf.pdf","pfas_testing_link":"https://www4.des.state.nh.us/nh-pfas-investigation/wp-content/uploads/tables-pdf.pdf","site_ref_link":null,"state_ref_link":"https://drive.google.com/drive/u/0/folders/1RsSKYaEE8jqAw7pH05tDHRflkjUL3t5H","ObjectId":1784}},{"type":"Feature","id":1785,"geometry":{"type":"Point","coordinates":[-71.23,43.633]},"properties":{"site_name":"Wolfeboro Rib Site","other_site_names":null,"state":"New Hampshire","industry":"Waste","matrix_type":"Groundwater","matrix":"Groundwater","year":null,"pfoa":"6","pfos":"8","total_pfas":29,"pfas_level":29,"notes":"RIB = rapid infiltration basin","regulation_gvt_link":null,"resources_link":null,"suspected_source_link":"https://www4.des.state.nh.us/nh-pfas-investigation/wp-content/uploads/tables-pdf.pdf","pfas_testing_link":"https://www4.des.state.nh.us/nh-pfas-investigation/wp-content/uploads/tables-pdf.pdf","site_ref_link":null,"state_ref_link":"https://drive.google.com/drive/u/0/folders/1RsSKYaEE8jqAw7pH05tDHRflkjUL3t5H","ObjectId":1785}},{"type":"Feature","id":1786,"geometry":{"type":"Point","coordinates":[-71.466932,44.26525]},"properties":{"site_name":"Bretton Woods Rib","other_site_names":null,"state":"New Hampshire","industry":"Waste","matrix_type":"Groundwater","matrix":"Groundwater","year":null,"pfoa":"17","pfos":"12","total_pfas":null,"pfas_level":29,"notes":null,"regulation_gvt_link":null,"resources_link":null,"suspected_source_link":"https://www4.des.state.nh.us/nh-pfas-investigation/wp-content/uploads/tables-pdf.pdf","pfas_testing_link":"https://www4.des.state.nh.us/nh-pfas-investigation/wp-content/uploads/tables-pdf.pdf","site_ref_link":null,"state_ref_link":"https://drive.google.com/drive/u/0/folders/1RsSKYaEE8jqAw7pH05tDHRflkjUL3t5H","ObjectId":1786}},{"type":"Feature","id":1787,"geometry":{"type":"Point","coordinates":[-71.51679,43.39481]},"properties":{"site_name":"Farmington Rib Site Mw-14","other_site_names":null,"state":"New Hampshire","industry":"Waste","matrix_type":"Groundwater","matrix":"Groundwater","year":null,"pfoa":"20","pfos":"5","total_pfas":31,"pfas_level":31,"notes":null,"regulation_gvt_link":null,"resources_link":null,"suspected_source_link":"https://www4.des.state.nh.us/nh-pfas-investigation/wp-content/uploads/tables-pdf.pdf","pfas_testing_link":"https://www4.des.state.nh.us/nh-pfas-investigation/wp-content/uploads/tables-pdf.pdf","site_ref_link":null,"state_ref_link":"https://drive.google.com/drive/u/0/folders/1RsSKYaEE8jqAw7pH05tDHRflkjUL3t5H","ObjectId":1787}},{"type":"Feature","id":1789,"geometry":{"type":"Point","coordinates":[-71.130918,43.976421]},"properties":{"site_name":"Conway Village Fire District","other_site_names":null,"state":"New Hampshire","industry":"WWTP","matrix_type":"Groundwater","matrix":"Groundwater","year":null,"pfoa":"16","pfos":"11","total_pfas":32,"pfas_level":32,"notes":null,"regulation_gvt_link":null,"resources_link":null,"suspected_source_link":"https://www4.des.state.nh.us/nh-pfas-investigation/wp-content/uploads/tables-pdf.pdf","pfas_testing_link":"https://www4.des.state.nh.us/nh-pfas-investigation/wp-content/uploads/tables-pdf.pdf","site_ref_link":null,"state_ref_link":"https://drive.google.com/drive/u/0/folders/1RsSKYaEE8jqAw7pH05tDHRflkjUL3t5H","ObjectId":1789}},{"type":"Feature","id":1791,"geometry":{"type":"Point","coordinates":[-71.82855,42.751153]},"properties":{"site_name":"Warwick Mills Septic","other_site_names":null,"state":"New Hampshire","industry":"WWTP","matrix_type":"Groundwater","matrix":"Groundwater","year":null,"pfoa":"25","pfos":"6","total_pfas":35,"pfas_level":35,"notes":null,"regulation_gvt_link":null,"resources_link":null,"suspected_source_link":"https://www4.des.state.nh.us/nh-pfas-investigation/wp-content/uploads/tables-pdf.pdf","pfas_testing_link":"https://www4.des.state.nh.us/nh-pfas-investigation/wp-content/uploads/tables-pdf.pdf","site_ref_link":null,"state_ref_link":"https://drive.google.com/drive/u/0/folders/1RsSKYaEE8jqAw7pH05tDHRflkjUL3t5H","ObjectId":1791}},{"type":"Feature","id":1793,"geometry":{"type":"Point","coordinates":[-70.899351,43.186748]},"properties":{"site_name":"16 Industrial Park Drive Llc","other_site_names":null,"state":"New Hampshire","industry":"Unknown","matrix_type":"Groundwater","matrix":"Groundwater","year":null,"pfoa":"8","pfos":"30","total_pfas":null,"pfas_level":37,"notes":"The Kane Company (one of their many facilities)","regulation_gvt_link":null,"resources_link":"https://www.dhhs.nh.gov/dphs/pfcs/index.htm","suspected_source_link":"https://www4.des.state.nh.us/nh-pfas-investigation/wp-content/uploads/tables-pdf.pdf","pfas_testing_link":"https://www4.des.state.nh.us/nh-pfas-investigation/wp-content/uploads/tables-pdf.pdf","site_ref_link":null,"state_ref_link":"https://drive.google.com/drive/u/0/folders/1RsSKYaEE8jqAw7pH05tDHRflkjUL3t5H","ObjectId":1793}},{"type":"Feature","id":1795,"geometry":{"type":"Point","coordinates":[-71.644227,43.687066]},"properties":{"site_name":"Ashland Wastewater Treatment Facility UWW Lagoon","other_site_names":null,"state":"New Hampshire","industry":"WWTP","matrix_type":"Groundwater","matrix":"Groundwater","year":null,"pfoa":"11","pfos":"14","total_pfas":38,"pfas_level":38,"notes":null,"regulation_gvt_link":null,"resources_link":"https://www.dhhs.nh.gov/dphs/pfcs/index.htm","suspected_source_link":"https://www4.des.state.nh.us/nh-pfas-investigation/wp-content/uploads/tables-pdf.pdf","pfas_testing_link":"https://www4.des.state.nh.us/nh-pfas-investigation/wp-content/uploads/tables-pdf.pdf","site_ref_link":null,"state_ref_link":"https://drive.google.com/drive/u/0/folders/1RsSKYaEE8jqAw7pH05tDHRflkjUL3t5H","ObjectId":1795}},{"type":"Feature","id":1796,"geometry":{"type":"Point","coordinates":[-71.137857,43.685003]},"properties":{"site_name":"Carrol County Complex Overland Flow","other_site_names":null,"state":"New Hampshire","industry":"Unknown","matrix_type":"Groundwater","matrix":"Groundwater","year":null,"pfoa":"7","pfos":"26","total_pfas":38,"pfas_level":38,"notes":null,"regulation_gvt_link":null,"resources_link":null,"suspected_source_link":"https://www4.des.state.nh.us/nh-pfas-investigation/wp-content/uploads/tables-pdf.pdf","pfas_testing_link":"https://www4.des.state.nh.us/nh-pfas-investigation/wp-content/uploads/tables-pdf.pdf","site_ref_link":null,"state_ref_link":"https://drive.google.com/drive/u/0/folders/1RsSKYaEE8jqAw7pH05tDHRflkjUL3t5H","ObjectId":1796}},{"type":"Feature","id":1797,"geometry":{"type":"Point","coordinates":[-71.675144,44.036359]},"properties":{"site_name":"Lincoln Wastewater Treatment Facility UWW Lagoon","other_site_names":null,"state":"New Hampshire","industry":"WWTP","matrix_type":"Groundwater","matrix":"Groundwater","year":null,"pfoa":"8","pfos":"29","total_pfas":null,"pfas_level":38,"notes":null,"regulation_gvt_link":null,"resources_link":null,"suspected_source_link":"https://www4.des.state.nh.us/nh-pfas-investigation/wp-content/uploads/tables-pdf.pdf","pfas_testing_link":"https://www4.des.state.nh.us/nh-pfas-investigation/wp-content/uploads/tables-pdf.pdf","site_ref_link":null,"state_ref_link":"https://drive.google.com/drive/u/0/folders/1RsSKYaEE8jqAw7pH05tDHRflkjUL3t5H","ObjectId":1797}},{"type":"Feature","id":1799,"geometry":{"type":"Point","coordinates":[-71.227,43.67]},"properties":{"site_name":"Wolfeboro Spray","other_site_names":null,"state":"New Hampshire","industry":"Unknown","matrix_type":"Groundwater","matrix":"Groundwater","year":null,"pfoa":"7","pfos":"12","total_pfas":40,"pfas_level":40,"notes":null,"regulation_gvt_link":null,"resources_link":null,"suspected_source_link":"https://www4.des.state.nh.us/nh-pfas-investigation/wp-content/uploads/tables-pdf.pdf","pfas_testing_link":"https://www4.des.state.nh.us/nh-pfas-investigation/wp-content/uploads/tables-pdf.pdf","site_ref_link":null,"state_ref_link":"https://drive.google.com/drive/u/0/folders/1RsSKYaEE8jqAw7pH05tDHRflkjUL3t5H","ObjectId":1799}},{"type":"Feature","id":1800,"geometry":{"type":"Point","coordinates":[-71.492117,42.742217]},"properties":{"site_name":"Fab Braze Corp","other_site_names":null,"state":"New Hampshire","industry":"Industry","matrix_type":"Groundwater","matrix":"Groundwater","year":null,"pfoa":"39","pfos":"4","total_pfas":null,"pfas_level":43,"notes":null,"regulation_gvt_link":null,"resources_link":null,"suspected_source_link":"https://www4.des.state.nh.us/nh-pfas-investigation/wp-content/uploads/tables-pdf.pdf","pfas_testing_link":"https://www4.des.state.nh.us/nh-pfas-investigation/wp-content/uploads/tables-pdf.pdf","site_ref_link":null,"state_ref_link":"https://drive.google.com/drive/u/0/folders/1RsSKYaEE8jqAw7pH05tDHRflkjUL3t5H","ObjectId":1800}},{"type":"Feature","id":1903,"geometry":{"type":"Point","coordinates":[-70.910921,43.024947]},"properties":{"site_name":"Stratham Fire Department","other_site_names":null,"state":"New Hampshire","industry":"Fire Department/Training Facility","matrix_type":"Groundwater","matrix":"Groundwater","year":2019,"pfoa":"84","pfos":"206","total_pfas":514,"pfas_level":514,"notes":null,"regulation_gvt_link":null,"resources_link":"https://www4.des.state.nh.us/DESOneStop/PRSDetail.aspx?ID=0039137&Type=PRS","suspected_source_link":"https://nhdes.maps.arcgis.com/apps/View/index.html?appid=66770bef141c43a98a445c54a17720e2&extent=-73.5743,42.5413,-69.6852,45.4509","pfas_testing_link":"https://www4.des.state.nh.us/nh-pfas-investigation/wp-content/uploads/tables-pdf.pdf","site_ref_link":"https://drive.google.com/drive/u/0/folders/1DWdTWCb-r0Eo5agUwRPFNsBstb0QuA3A","state_ref_link":"https://drive.google.com/drive/u/0/folders/1RsSKYaEE8jqAw7pH05tDHRflkjUL3t5H","ObjectId":1903}},{"type":"Feature","id":1906,"geometry":{"type":"Point","coordinates":[-71.498163,43.461872]},"properties":{"site_name":"Belmont Landfill","other_site_names":null,"state":"New Hampshire","industry":"Landfill","matrix_type":"Groundwater","matrix":"Groundwater","year":2019,"pfoa":"48","pfos":"132","total_pfas":552,"pfas_level":552,"notes":null,"regulation_gvt_link":null,"resources_link":"https://www4.des.state.nh.us/DESOneStop/PRSDetail.aspx?ID=0000182&Type=PRS","suspected_source_link":"https://nhdes.maps.arcgis.com/apps/View/index.html?appid=66770bef141c43a98a445c54a17720e2&extent=-73.5743,42.5413,-69.6852,45.4509","pfas_testing_link":"https://www4.des.state.nh.us/IISProxy/IISProxy.dll?ContentId=4822122","site_ref_link":"https://drive.google.com/drive/u/0/folders/1Fzb2RvMpUc7vumoIK5dXQ5TNRo-U51M5","state_ref_link":"https://drive.google.com/drive/u/0/folders/1RsSKYaEE8jqAw7pH05tDHRflkjUL3t5H","ObjectId":1906}},{"type":"Feature","id":1913,"geometry":{"type":"Point","coordinates":[-71.20765,42.752949]},"properties":{"site_name":"Old Salem Wastewater Facility","other_site_names":null,"state":"New Hampshire","industry":"WWTP","matrix_type":"Groundwater","matrix":"Groundwater","year":2019,"pfoa":"209","pfos":"337","total_pfas":601,"pfas_level":601,"notes":null,"regulation_gvt_link":null,"resources_link":"https://www4.des.state.nh.us/DESOneStop/PRSDetail.aspx?ID=0000091&Type=PRS","suspected_source_link":"https://nhdes.maps.arcgis.com/apps/View/index.html?appid=66770bef141c43a98a445c54a17720e2&extent=-73.5743,42.5413,-69.6852,45.4509","pfas_testing_link":"https://www4.des.state.nh.us/IISProxy/IISProxy.dll?ContentId=4788376","site_ref_link":"https://drive.google.com/drive/u/0/folders/1WNayw17xtBVLVyG-IvQL7EMIWnlzh5TZ","state_ref_link":"https://drive.google.com/drive/u/0/folders/1RsSKYaEE8jqAw7pH05tDHRflkjUL3t5H","ObjectId":1913}},{"type":"Feature","id":1917,"geometry":{"type":"Point","coordinates":[-70.920869,43.249403]},"properties":{"site_name":"Somersworth Sanitary Landfill","other_site_names":null,"state":"New Hampshire","industry":"Superfund Site","matrix_type":"Groundwater","matrix":"Groundwater","year":2019,"pfoa":"280","pfos":"108","total_pfas":625,"pfas_level":625,"notes":null,"regulation_gvt_link":null,"resources_link":"https://www4.des.state.nh.us/DESOneStop/PRSDetail.aspx?ID=0000100&Type=PRS","suspected_source_link":"https://nhdes.maps.arcgis.com/apps/View/index.html?appid=66770bef141c43a98a445c54a17720e2&extent=-73.5743,42.5413,-69.6852,45.4509","pfas_testing_link":"https://www4.des.state.nh.us/IISProxy/IISProxy.dll?ContentId=4834529","site_ref_link":"https://drive.google.com/drive/u/0/folders/1N4SZA0DupMrsd7X8_wYdu_teUyjkG7Db","state_ref_link":"https://drive.google.com/drive/u/0/folders/1RsSKYaEE8jqAw7pH05tDHRflkjUL3t5H","ObjectId":1917}},{"type":"Feature","id":1922,"geometry":{"type":"Point","coordinates":[-72.296781,43.044681]},"properties":{"site_name":"Gilsum Landfill","other_site_names":null,"state":"New Hampshire","industry":"Landfill","matrix_type":"Groundwater","matrix":"Groundwater","year":2019,"pfoa":"56","pfos":"653","total_pfas":715,"pfas_level":715,"notes":null,"regulation_gvt_link":null,"resources_link":"https://www4.des.state.nh.us/DESOneStop/PRSDetail.aspx?ID=0002478&Type=PRS","suspected_source_link":"https://nhdes.maps.arcgis.com/apps/View/index.html?appid=66770bef141c43a98a445c54a17720e2&extent=-73.5743,42.5413,-69.6852,45.4509","pfas_testing_link":"https://www4.des.state.nh.us/IISProxy/IISProxy.dll?ContentId=4817913","site_ref_link":"https://drive.google.com/drive/u/0/folders/1KxSZAT9B3Ew9wkC5yfEIH062DT7FHT4c","state_ref_link":"https://drive.google.com/drive/u/0/folders/1RsSKYaEE8jqAw7pH05tDHRflkjUL3t5H","ObjectId":1922}},{"type":"Feature","id":1924,"geometry":{"type":"Point","coordinates":[-71.175142,42.988892]},"properties":{"site_name":"Mottolo Waste Site","other_site_names":"Mottolo Pig Farm","state":"New Hampshire","industry":"Superfund Site","matrix_type":"Groundwater","matrix":"Groundwater","year":2019,"pfoa":"480","pfos":"180","total_pfas":761,"pfas_level":761,"notes":null,"regulation_gvt_link":null,"resources_link":"https://www4.des.state.nh.us/DESOneStop/PRSDetail.aspx?ID=0002032&Type=PRS","suspected_source_link":"https://nhdes.maps.arcgis.com/apps/View/index.html?appid=66770bef141c43a98a445c54a17720e2&extent=-73.5743,42.5413,-69.6852,45.4509","pfas_testing_link":"https://www4.des.state.nh.us/IISProxy/IISProxy.dll?ContentId=4788376","site_ref_link":"https://drive.google.com/drive/u/0/folders/1C7By_pgmLRLd9z_f-_UmJO-wnGRCy49V","state_ref_link":"https://drive.google.com/drive/u/0/folders/1RsSKYaEE8jqAw7pH05tDHRflkjUL3t5H","ObjectId":1924}},{"type":"Feature","id":1926,"geometry":{"type":"Point","coordinates":[-70.991863,42.935558]},"properties":{"site_name":"Bodwell Septage Lagoon & Treatment","other_site_names":null,"state":"New Hampshire","industry":"Industry","matrix_type":"Groundwater","matrix":"Groundwater","year":2019,"pfoa":null,"pfos":null,"total_pfas":795,"pfas_level":795,"notes":"Biological Recycling Company LLC [BRC], which processes septage and spreads sludge on fields, is the suspected source of PFAS contamination","regulation_gvt_link":"https://www.des.nh.gov/media/pr/2019/20190614-east-kingston-pfas-meeting.htm","resources_link":"https://www4.des.state.nh.us/DESOneStop/PRSDetail.aspx?ID=0001794&Type=GWP","suspected_source_link":"https://www.unionleader.com/news/environment/des-well-water-contamination-detected-in-east-kingston-linked-to/article_45688cc7-5541-5054-b6af-9c246b2a7833.html","pfas_testing_link":"https://www4.des.state.nh.us/IISProxy/IISProxy.dll?ContentId=4853935","site_ref_link":"https://drive.google.com/open?id=1VDZfZ3iSQ-hQm4RST330ovRmrsmaf-NG","state_ref_link":"https://drive.google.com/drive/u/1/folders/1RsSKYaEE8jqAw7pH05tDHRflkjUL3t5H","ObjectId":1926}},{"type":"Feature","id":1927,"geometry":{"type":"Point","coordinates":[-71.2698,43.8397]},"properties":{"site_name":"Tamworth Town Landfill","other_site_names":null,"state":"New Hampshire","industry":"Landfill","matrix_type":"Groundwater","matrix":"Groundwater","year":2019,"pfoa":"337","pfos":"121","total_pfas":798,"pfas_level":798,"notes":null,"regulation_gvt_link":null,"resources_link":"https://www4.des.state.nh.us/DESOneStop/PRSDetail.aspx?ID=0000135&Type=PRS","suspected_source_link":"https://nhdes.maps.arcgis.com/apps/View/index.html?appid=66770bef141c43a98a445c54a17720e2&extent=-73.5743,42.5413,-69.6852,45.4509","pfas_testing_link":"https://www4.des.state.nh.us/nh-pfas-investigation/wp-content/uploads/tables-pdf.pdf","site_ref_link":"https://drive.google.com/drive/u/0/folders/1GbuPEvEl2pOLF0P-ofAdzZ_O8o4rKrpY","state_ref_link":"https://drive.google.com/drive/u/0/folders/1RsSKYaEE8jqAw7pH05tDHRflkjUL3t5H","ObjectId":1927}},{"type":"Feature","id":1930,"geometry":{"type":"Point","coordinates":[-71.418884,43.439113]},"properties":{"site_name":"Gilmanton Landfill","other_site_names":null,"state":"New Hampshire","industry":"Landfill","matrix_type":"Groundwater","matrix":"Groundwater","year":2019,"pfoa":"387","pfos":"179","total_pfas":830,"pfas_level":830,"notes":null,"regulation_gvt_link":null,"resources_link":"https://www4.des.state.nh.us/DESOneStop/PRSDetail.aspx?ID=0000808&Type=PRS","suspected_source_link":"https://nhdes.maps.arcgis.com/apps/View/index.html?appid=66770bef141c43a98a445c54a17720e2&extent=-73.5743,42.5413,-69.6852,45.4509","pfas_testing_link":"https://www4.des.state.nh.us/IISProxy/IISProxy.dll?ContentId=4820608","site_ref_link":"https://drive.google.com/drive/u/0/folders/1X9IHLcQKrr8ZLSXzQ5IjujuMcEdxFiBw","state_ref_link":"https://drive.google.com/drive/u/0/folders/1RsSKYaEE8jqAw7pH05tDHRflkjUL3t5H","ObjectId":1930}},{"type":"Feature","id":1931,"geometry":{"type":"Point","coordinates":[-72.185897,42.803383]},"properties":{"site_name":"Troy Mills Rockwood Brook Landfill","other_site_names":"Troy Mills Landfill","state":"New Hampshire","industry":"Landfill","matrix_type":"Groundwater","matrix":"Groundwater","year":2019,"pfoa":"790","pfos":"14","total_pfas":842,"pfas_level":842,"notes":null,"regulation_gvt_link":null,"resources_link":"https://www4.des.state.nh.us/DESOneStop/PRSDetail.aspx?ID=0000104&Type=PRS","suspected_source_link":"https://nhdes.maps.arcgis.com/apps/View/index.html?appid=66770bef141c43a98a445c54a17720e2&extent=-73.5743,42.5413,-69.6852,45.4509","pfas_testing_link":"https://www4.des.state.nh.us/nh-pfas-investigation/wp-content/uploads/tables-pdf.pdf","site_ref_link":"https://drive.google.com/drive/u/0/folders/1FptYO-nwhR3NnvgZBzuq2DPH8lxQ4HYN","state_ref_link":"https://drive.google.com/drive/u/0/folders/1RsSKYaEE8jqAw7pH05tDHRflkjUL3t5H","ObjectId":1931}},{"type":"Feature","id":1932,"geometry":{"type":"Point","coordinates":[-71.4841,44.8796]},"properties":{"site_name":"Colebrook Landfill","other_site_names":null,"state":"New Hampshire","industry":"Landfill","matrix_type":"Groundwater","matrix":"Groundwater","year":2019,"pfoa":"229","pfos":"23","total_pfas":874,"pfas_level":874,"notes":"Leachate from PFAS-containing waste dumped in Colebrook Landfill","regulation_gvt_link":"N/A","resources_link":"https://www4.des.state.nh.us/nh-pfas-investigation/","suspected_source_link":"https://nhdes.maps.arcgis.com/apps/View/index.html?appid=66770bef141c43a98a445c54a17720e2&extent=-73.5743,42.5413,-69.6852,45.4509","pfas_testing_link":null,"site_ref_link":"https://drive.google.com/drive/u/0/folders/1EVUFKvYF65M9LuTOsvT4FcP0bR9b7DYD","state_ref_link":"https://drive.google.com/drive/u/1/folders/1RsSKYaEE8jqAw7pH05tDHRflkjUL3t5H","ObjectId":1932}},{"type":"Feature","id":1936,"geometry":{"type":"Point","coordinates":[-72.348558,42.976356]},"properties":{"site_name":"Keene Municipal Landfill","other_site_names":null,"state":"New Hampshire","industry":"Landfill","matrix_type":"Groundwater","matrix":"Groundwater","year":2019,"pfoa":"211","pfos":"193","total_pfas":883,"pfas_level":883,"notes":null,"regulation_gvt_link":null,"resources_link":"https://www4.des.state.nh.us/DESOneStop/PRSDetail.aspx?ID=0002333&Type=PRS","suspected_source_link":"https://nhdes.maps.arcgis.com/apps/View/index.html?appid=66770bef141c43a98a445c54a17720e2&extent=-73.5743,42.5413,-69.6852,45.4509","pfas_testing_link":"https://www4.des.state.nh.us/IISProxy/IISProxy.dll?ContentId=4830193","site_ref_link":"https://drive.google.com/drive/u/0/folders/1-Z50LjhgSZCa7hdhOklucV3mZzBv6Zi-","state_ref_link":"https://drive.google.com/drive/u/0/folders/1RsSKYaEE8jqAw7pH05tDHRflkjUL3t5H","ObjectId":1936}},{"type":"Feature","id":1937,"geometry":{"type":"Point","coordinates":[-71.205204,43.633669]},"properties":{"site_name":"Wolfeboro Ash Landfill","other_site_names":null,"state":"New Hampshire","industry":"Landfill","matrix_type":"Groundwater","matrix":"Groundwater","year":2019,"pfoa":"230","pfos":"91","total_pfas":929,"pfas_level":929,"notes":null,"regulation_gvt_link":null,"resources_link":"https://www4.des.state.nh.us/DESOneStop/PRSDetail.aspx?ID=0000110&Type=PRS","suspected_source_link":"https://nhdes.maps.arcgis.com/apps/View/index.html?appid=66770bef141c43a98a445c54a17720e2&extent=-73.5743,42.5413,-69.6852,45.4504","pfas_testing_link":"https://www4.des.state.nh.us/nh-pfas-investigation/wp-content/uploads/tables-pdf.pdf","site_ref_link":"https://drive.google.com/drive/u/0/folders/1_9dfv-OV3JbxXwEPWougtxjhonmlpZ0n","state_ref_link":"https://drive.google.com/drive/u/0/folders/1RsSKYaEE8jqAw7pH05tDHRflkjUL3t5H","ObjectId":1937}},{"type":"Feature","id":1938,"geometry":{"type":"Point","coordinates":[-72.269513,42.917161]},"properties":{"site_name":"Keene Old City Landfill","other_site_names":null,"state":"New Hampshire","industry":"Landfill","matrix_type":"Groundwater","matrix":"Groundwater","year":2019,"pfoa":"22","pfos":"93","total_pfas":953,"pfas_level":953,"notes":null,"regulation_gvt_link":null,"resources_link":"https://www4.des.state.nh.us/DESOneStop/PRSDetail.aspx?ID=0000043&Type=PRS","suspected_source_link":"https://nhdes.maps.arcgis.com/apps/View/index.html?appid=66770bef141c43a98a445c54a17720e2&extent=-73.5743,42.5413,-69.6852,45.4509","pfas_testing_link":"https://www4.des.state.nh.us/IISProxy/IISProxy.dll?ContentId=4814186","site_ref_link":"https://drive.google.com/drive/u/0/folders/1h5c28ioEfUhh-L3kO6tBb6l8XcvBunGm","state_ref_link":"https://drive.google.com/drive/u/0/folders/1RsSKYaEE8jqAw7pH05tDHRflkjUL3t5H","ObjectId":1938}},{"type":"Feature","id":1939,"geometry":{"type":"Point","coordinates":[-71.252794,43.703568]},"properties":{"site_name":"Tuftonboro Town Landfill","other_site_names":null,"state":"New Hampshire","industry":"Landfill","matrix_type":"Groundwater","matrix":"Groundwater","year":2019,"pfoa":"136","pfos":"14","total_pfas":969,"pfas_level":969,"notes":null,"regulation_gvt_link":null,"resources_link":"https://www4.des.state.nh.us/DESOneStop/PRSDetail.aspx?ID=0000106&Type=PRS","suspected_source_link":"https://nhdes.maps.arcgis.com/apps/View/index.html?appid=66770bef141c43a98a445c54a17720e2&extent=-73.5743,42.5413,-69.6852,45.4509","pfas_testing_link":"https://www4.des.state.nh.us/nh-pfas-investigation/wp-content/uploads/tables-pdf.pdf","site_ref_link":"https://drive.google.com/drive/u/0/folders/1FIQ72gc3sxDhfh-n7JCKctrzazXTfbyK","state_ref_link":"https://drive.google.com/drive/u/0/folders/1RsSKYaEE8jqAw7pH05tDHRflkjUL3t5H","ObjectId":1939}},{"type":"Feature","id":1940,"geometry":{"type":"Point","coordinates":[-71.665053,44.429906]},"properties":{"site_name":"Dalton Landfill","other_site_names":null,"state":"New Hampshire","industry":"Landfill","matrix_type":"Groundwater","matrix":"Groundwater","year":2019,"pfoa":"59","pfos":"590","total_pfas":973,"pfas_level":973,"notes":null,"regulation_gvt_link":null,"resources_link":"https://www4.des.state.nh.us/DESOneStop/PRSDetail.aspx?ID=0000658&Type=PRS","suspected_source_link":"https://nhdes.maps.arcgis.com/apps/View/index.html?appid=66770bef141c43a98a445c54a17720e2&extent=-73.5743,42.5413,-69.6852,45.4509","pfas_testing_link":"https://www4.des.state.nh.us/IISProxy/IISProxy.dll?ContentId=4847762","site_ref_link":"https://drive.google.com/drive/u/0/folders/1SrPHJjTO5Y6J8iFzcVpouMRJ-Dci760q","state_ref_link":"https://drive.google.com/drive/u/0/folders/1RsSKYaEE8jqAw7pH05tDHRflkjUL3t5H","ObjectId":1940}},{"type":"Feature","id":1951,"geometry":{"type":"Point","coordinates":[-72.327931,43.614436]},"properties":{"site_name":"Lebanon Landfill","other_site_names":null,"state":"New Hampshire","industry":"Landfill","matrix_type":"Groundwater","matrix":"Groundwater","year":2019,"pfoa":"45","pfos":"15","total_pfas":1177,"pfas_level":1177,"notes":null,"regulation_gvt_link":null,"resources_link":"https://www4.des.state.nh.us/DESOneStop/PRSDetail.aspx?ID=0000414&Type=PRS","suspected_source_link":"https://nhdes.maps.arcgis.com/apps/View/index.html?appid=66770bef141c43a98a445c54a17720e2&extent=-73.5743,42.5413,-69.6852,45.4509","pfas_testing_link":"https://www4.des.state.nh.us/IISProxy/IISProxy.dll?ContentId=4849018","site_ref_link":"https://drive.google.com/drive/u/0/folders/1-g-pxhs_yOHjPClJWOtzo1cLcWOaJ-3N","state_ref_link":"https://drive.google.com/drive/u/0/folders/1RsSKYaEE8jqAw7pH05tDHRflkjUL3t5H","ObjectId":1951}},{"type":"Feature","id":1954,"geometry":{"type":"Point","coordinates":[-71.027477,43.541803]},"properties":{"site_name":"Wakefield Town Landfill","other_site_names":null,"state":"New Hampshire","industry":"Landfill","matrix_type":"Groundwater","matrix":"Groundwater","year":2019,"pfoa":"373","pfos":"91","total_pfas":1247,"pfas_level":1247,"notes":null,"regulation_gvt_link":null,"resources_link":"https://www4.des.state.nh.us/DESOneStop/PRSDetail.aspx?ID=0000136&Type=PRS","suspected_source_link":"https://nhdes.maps.arcgis.com/apps/View/index.html?appid=66770bef141c43a98a445c54a17720e2&extent=-73.5743,42.5413,-69.6852,45.4509","pfas_testing_link":"https://www4.des.state.nh.us/IISProxy/IISProxy.dll?ContentId=4832791","site_ref_link":"https://drive.google.com/drive/u/0/folders/1GTQxY6EllVlauR0mXlg-n04DlQD3O2OK","state_ref_link":"https://drive.google.com/drive/u/0/folders/1RsSKYaEE8jqAw7pH05tDHRflkjUL3t5H","ObjectId":1954}},{"type":"Feature","id":1955,"geometry":{"type":"Point","coordinates":[-71.908645,43.11277]},"properties":{"site_name":"Hillsborough Landfill","other_site_names":null,"state":"New Hampshire","industry":"Landfill","matrix_type":"Groundwater","matrix":"Groundwater","year":2019,"pfoa":"430","pfos":"310","total_pfas":1352,"pfas_level":1352,"notes":null,"regulation_gvt_link":null,"resources_link":"https://www4.des.state.nh.us/DESOneStop/PRSDetail.aspx?ID=0000199&Type=PRS","suspected_source_link":"https://nhdes.maps.arcgis.com/apps/View/index.html?appid=66770bef141c43a98a445c54a17720e2&extent=-73.5743,42.5413,-69.6852,45.4509","pfas_testing_link":"https://www4.des.state.nh.us/IISProxy/IISProxy.dll?ContentId=4821953","site_ref_link":"https://drive.google.com/drive/u/0/folders/1mrQF8iiJZqTiDm76nP2kly9AXvQ723rQ","state_ref_link":"https://drive.google.com/drive/u/0/folders/1RsSKYaEE8jqAw7pH05tDHRflkjUL3t5H","ObjectId":1955}},{"type":"Feature","id":1956,"geometry":{"type":"Point","coordinates":[-71.472509,43.312355]},"properties":{"site_name":"Loudon Landfill","other_site_names":null,"state":"New Hampshire","industry":"Landfill","matrix_type":"Groundwater","matrix":"Groundwater","year":2019,"pfoa":"282","pfos":"52","total_pfas":1367,"pfas_level":1367,"notes":null,"regulation_gvt_link":null,"resources_link":"https://www4.des.state.nh.us/DESOneStop/PRSDetail.aspx?ID=0000477&Type=PRS","suspected_source_link":"https://nhdes.maps.arcgis.com/apps/View/index.html?appid=66770bef141c43a98a445c54a17720e2&extent=-73.5743,42.5413,-69.6852,45.4509","pfas_testing_link":"https://www4.des.state.nh.us/nh-pfas-investigation/wp-content/uploads/tables-pdf.pdf","site_ref_link":"https://drive.google.com/drive/u/0/folders/1zmO7pZnMZFnLn4Bi57hPJtQX7I23CuYL","state_ref_link":"https://drive.google.com/drive/u/0/folders/1RsSKYaEE8jqAw7pH05tDHRflkjUL3t5H","ObjectId":1956}},{"type":"Feature","id":1959,"geometry":{"type":"Point","coordinates":[-71.751832,44.209124]},"properties":{"site_name":"Former Hunt's Auto","other_site_names":null,"state":"New Hampshire","industry":"Unknown","matrix_type":"Groundwater","matrix":"Groundwater","year":2019,"pfoa":"127","pfos":"734","total_pfas":1422,"pfas_level":1422,"notes":null,"regulation_gvt_link":null,"resources_link":"https://www4.des.state.nh.us/DESOneStop/PRSDetail.aspx?ID=0038738&Type=PRS","suspected_source_link":"https://nhdes.maps.arcgis.com/apps/View/index.html?appid=66770bef141c43a98a445c54a17720e2&extent=-73.5743,42.5413,-69.6852,45.4509","pfas_testing_link":"https://www4.des.state.nh.us/IISProxy/IISProxy.dll?ContentId=4823737","site_ref_link":"https://drive.google.com/drive/u/0/folders/1NsR4z4uWhJP8aJH2CLzGmCsGeMXEsm2x","state_ref_link":"https://drive.google.com/drive/u/0/folders/1RsSKYaEE8jqAw7pH05tDHRflkjUL3t5H","ObjectId":1959}},{"type":"Feature","id":1960,"geometry":{"type":"Point","coordinates":[-71.522458,42.732235]},"properties":{"site_name":"Four Hills Landfill","other_site_names":null,"state":"New Hampshire","industry":"Landfill","matrix_type":"Groundwater","matrix":"Groundwater","year":2019,"pfoa":"246","pfos":"113","total_pfas":1453,"pfas_level":1453,"notes":null,"regulation_gvt_link":null,"resources_link":"https://www4.des.state.nh.us/DESOneStop/PRSDetail.aspx?ID=0004905&Type=PRS","suspected_source_link":"https://nhdes.maps.arcgis.com/apps/View/index.html?appid=66770bef141c43a98a445c54a17720e2&extent=-73.5743,42.5413,-69.6852,45.4509","pfas_testing_link":"https://www4.des.state.nh.us/nh-pfas-investigation/wp-content/uploads/tables-pdf.pdf","site_ref_link":"https://drive.google.com/drive/u/0/folders/1xOmF1bmfLjQ5K-9h4FLHi8paQo_IsmBO","state_ref_link":"https://drive.google.com/drive/u/0/folders/1RsSKYaEE8jqAw7pH05tDHRflkjUL3t5H","ObjectId":1960}},{"type":"Feature","id":1961,"geometry":{"type":"Point","coordinates":[-71.42335,42.928577]},"properties":{"site_name":"Cookson Electronics","other_site_names":null,"state":"New Hampshire","industry":"Industry","matrix_type":"Groundwater","matrix":"Groundwater","year":2019,"pfoa":"184","pfos":"1,310","total_pfas":1473,"pfas_level":1473,"notes":null,"regulation_gvt_link":null,"resources_link":"https://www4.des.state.nh.us/DESOneStop/PRSDetail.aspx?ID=0014279&Type=PRS","suspected_source_link":"https://nhdes.maps.arcgis.com/apps/View/index.html?appid=66770bef141c43a98a445c54a17720e2&extent=-73.5743,42.5413,-69.6852,45.4509","pfas_testing_link":"https://www4.des.state.nh.us/nh-pfas-investigation/wp-content/uploads/tables-pdf.pdf","site_ref_link":"https://drive.google.com/drive/u/0/folders/1nluaY40DYhGvxl-bfBsDhOOeTX7hpCtS","state_ref_link":"https://drive.google.com/drive/u/0/folders/1RsSKYaEE8jqAw7pH05tDHRflkjUL3t5H","ObjectId":1961}},{"type":"Feature","id":1964,"geometry":{"type":"Point","coordinates":[-71.435218,42.929687]},"properties":{"site_name":"Manchester-Boston Regional Airport","other_site_names":null,"state":"New Hampshire","industry":"Airport","matrix_type":"Groundwater","matrix":"Groundwater","year":2019,"pfoa":"290","pfos":"100","total_pfas":1601,"pfas_level":1601,"notes":null,"regulation_gvt_link":null,"resources_link":"https://www4.des.state.nh.us/DESOneStop/PRSDetail.aspx?ID=0010334&Type=PRS","suspected_source_link":"https://nhdes.maps.arcgis.com/apps/View/index.html?appid=66770bef141c43a98a445c54a17720e2&extent=-73.5743,42.5413,-69.6852,45.4509","pfas_testing_link":"https://www4.des.state.nh.us/IISProxy/IISProxy.dll?ContentId=4829455","site_ref_link":"https://drive.google.com/drive/u/0/folders/1fX2-qeCG3CBnYTvdm54QhnvPxXTul22d","state_ref_link":"https://drive.google.com/drive/u/0/folders/1RsSKYaEE8jqAw7pH05tDHRflkjUL3t5H","ObjectId":1964}},{"type":"Feature","id":1967,"geometry":{"type":"Point","coordinates":[-71.523153,42.718431]},"properties":{"site_name":"Sylvester Superfund Site","other_site_names":"Sylvester","state":"New Hampshire","industry":"Superfund Site","matrix_type":"Groundwater","matrix":"Groundwater","year":2019,"pfoa":"470","pfos":"1,190","total_pfas":1683,"pfas_level":1683,"notes":null,"regulation_gvt_link":null,"resources_link":"https://www4.des.state.nh.us/DESOneStop/PRSDetail.aspx?ID=0001977&Type=PRS","suspected_source_link":"https://nhdes.maps.arcgis.com/apps/View/index.html?appid=66770bef141c43a98a445c54a17720e2&extent=-73.5743,42.5413,-69.6852,45.4509","pfas_testing_link":"https://www4.des.state.nh.us/IISProxy/IISProxy.dll?ContentId=4833387","site_ref_link":"https://drive.google.com/drive/u/0/folders/1gU2aFOHVQ7kMT5he9gPtpuYsYLgeCydT","state_ref_link":"https://drive.google.com/drive/u/0/folders/1RsSKYaEE8jqAw7pH05tDHRflkjUL3t5H","ObjectId":1967}},{"type":"Feature","id":1980,"geometry":{"type":"Point","coordinates":[-71.434899,43.02546]},"properties":{"site_name":"Al Lambert's Garage","other_site_names":null,"state":"New Hampshire","industry":"Industry","matrix_type":"Groundwater","matrix":"Groundwater","year":2019,"pfoa":"135","pfos":"1,080","total_pfas":2076,"pfas_level":2076,"notes":null,"regulation_gvt_link":null,"resources_link":"https://www4.des.state.nh.us/DESOneStop/PRSDetail.aspx?ID=0025019&Type=PRS","suspected_source_link":"https://nhdes.maps.arcgis.com/apps/View/index.html?appid=66770bef141c43a98a445c54a17720e2&extent=-73.5743,42.5413,-69.6852,45.4509","pfas_testing_link":"https://www4.des.state.nh.us/nh-pfas-investigation/wp-content/uploads/tables-pdf.pdf","site_ref_link":"https://drive.google.com/drive/u/0/folders/1nFHVIRRMjNvJdnDSmBoy6DZlXzHJnE5m","state_ref_link":"https://drive.google.com/drive/u/0/folders/1RsSKYaEE8jqAw7pH05tDHRflkjUL3t5H","ObjectId":1980}},{"type":"Feature","id":1982,"geometry":{"type":"Point","coordinates":[-71.245612,42.761077]},"properties":{"site_name":"LLS Landfill","other_site_names":null,"state":"New Hampshire","industry":"Landfill","matrix_type":"Groundwater","matrix":"Groundwater","year":2019,"pfoa":"850","pfos":"530","total_pfas":2110,"pfas_level":2110,"notes":"Possible AFFF used to fight fires at LLS Landfill","regulation_gvt_link":"https://www4.des.state.nh.us/nh-pfas-investigation/?page_id=75","resources_link":"https://www4.des.state.nh.us/DESOneStop/PRSDetail.aspx?ID=0000089&Type=PRS","suspected_source_link":"https://www.des.nh.gov/organization/commissioner/documents/pfoa-statewide-status-20170110.pdf","pfas_testing_link":"https://www4.des.state.nh.us/IISProxy/IISProxy.dll?ContentId=4788376","site_ref_link":"https://drive.google.com/drive/u/1/folders/1U2tngpTf52uwmwZbmNAx7DtUxW6X0xUS","state_ref_link":"https://drive.google.com/drive/u/1/folders/1RsSKYaEE8jqAw7pH05tDHRflkjUL3t5H","ObjectId":1982}},{"type":"Feature","id":1985,"geometry":{"type":"Point","coordinates":[-71.04576,43.049239]},"properties":{"site_name":"Bulky Waste Landfill","other_site_names":null,"state":"New Hampshire","industry":"Landfill","matrix_type":"Groundwater","matrix":"Groundwater","year":2019,"pfoa":"505","pfos":"128","total_pfas":2211,"pfas_level":2211,"notes":null,"regulation_gvt_link":null,"resources_link":"https://www4.des.state.nh.us/DESOneStop/PRSDetail.aspx?ID=0021304&Type=PRS","suspected_source_link":"https://nhdes.maps.arcgis.com/apps/View/index.html?appid=66770bef141c43a98a445c54a17720e2&extent=-73.5743,42.5413,-69.6852,45.4509","pfas_testing_link":"https://www4.des.state.nh.us/IISProxy/IISProxy.dll?ContentId=4818920","site_ref_link":"https://drive.google.com/drive/u/0/folders/1hFcY_SjXtNBEj44tZ_36PTH_e7LWaQsk","state_ref_link":"https://drive.google.com/drive/u/0/folders/1RsSKYaEE8jqAw7pH05tDHRflkjUL3t5H","ObjectId":1985}},{"type":"Feature","id":1987,"geometry":{"type":"Point","coordinates":[-71.106878,42.855217]},"properties":{"site_name":"Beede Waste Oil","other_site_names":null,"state":"New Hampshire","industry":"Superfund Site","matrix_type":"Groundwater","matrix":"Groundwater","year":2019,"pfoa":"370","pfos":"1,700","total_pfas":2288,"pfas_level":2288,"notes":null,"regulation_gvt_link":null,"resources_link":"https://www4.des.state.nh.us/DESOneStop/PRSDetail.aspx?ID=0007464&Type=PRS","suspected_source_link":"https://nhdes.maps.arcgis.com/apps/View/index.html?appid=66770bef141c43a98a445c54a17720e2&extent=-73.5743,42.5413,-69.6852,45.4509","pfas_testing_link":"https://www4.des.state.nh.us/nh-pfas-investigation/wp-content/uploads/tables-pdf.pdf","site_ref_link":"https://drive.google.com/drive/u/0/folders/1cUqi5nKzOaWFG_7C0MrYjs0e4DoBfRwb","state_ref_link":"https://drive.google.com/drive/u/0/folders/1RsSKYaEE8jqAw7pH05tDHRflkjUL3t5H","ObjectId":1987}},{"type":"Feature","id":1990,"geometry":{"type":"Point","coordinates":[-71.718178,43.221318]},"properties":{"site_name":"Former Aerotronic Site","other_site_names":null,"state":"New Hampshire","industry":"Industry","matrix_type":"Groundwater","matrix":"Groundwater","year":2019,"pfoa":"167","pfos":"1,530","total_pfas":2369,"pfas_level":2369,"notes":null,"regulation_gvt_link":null,"resources_link":"https://www4.des.state.nh.us/DESOneStop/PRSDetail.aspx?ID=0002866&Type=PRS","suspected_source_link":"https://nhdes.maps.arcgis.com/apps/View/index.html?appid=66770bef141c43a98a445c54a17720e2&extent=-73.5743,42.5413,-69.6852,45.4509","pfas_testing_link":"https://www4.des.state.nh.us/IISProxy/IISProxy.dll?ContentId=4822552","site_ref_link":"https://drive.google.com/drive/u/0/folders/1dqJoZk6WM61nxfAUGwhD00hLF7ZzIGL6","state_ref_link":"https://drive.google.com/drive/u/0/folders/1RsSKYaEE8jqAw7pH05tDHRflkjUL3t5H","ObjectId":1990}},{"type":"Feature","id":1992,"geometry":{"type":"Point","coordinates":[-71.800205,44.283594]},"properties":{"site_name":"Littleton Town Landfill","other_site_names":null,"state":"New Hampshire","industry":"Landfill","matrix_type":"Groundwater","matrix":"Groundwater","year":2019,"pfoa":"564","pfos":"59","total_pfas":2520,"pfas_level":2520,"notes":null,"regulation_gvt_link":null,"resources_link":"https://www4.des.state.nh.us/DESOneStop/PRSDetail.aspx?ID=0000159&Type=PRS","suspected_source_link":"https://nhdes.maps.arcgis.com/apps/View/index.html?appid=66770bef141c43a98a445c54a17720e2&extent=-73.5743,42.5413,-69.6852,45.4509","pfas_testing_link":"https://www4.des.state.nh.us/nh-pfas-investigation/wp-content/uploads/tables-pdf.pdf","site_ref_link":"https://drive.google.com/drive/u/0/folders/1dv7f0aDl0fNY0aC0E6-fqghT5p0-4AZW","state_ref_link":"https://drive.google.com/drive/u/0/folders/1RsSKYaEE8jqAw7pH05tDHRflkjUL3t5H","ObjectId":1992}},{"type":"Feature","id":1997,"geometry":{"type":"Point","coordinates":[-71.474577,42.801328]},"properties":{"site_name":"Former Nashua Site","other_site_names":null,"state":"New Hampshire","industry":"Unknown","matrix_type":"Groundwater","matrix":"Groundwater","year":2019,"pfoa":"68","pfos":"520","total_pfas":2975,"pfas_level":2975,"notes":null,"regulation_gvt_link":null,"resources_link":"https://www4.des.state.nh.us/DESOneStop/PRSDetail.aspx?ID=0000423&Type=PRS","suspected_source_link":"https://nhdes.maps.arcgis.com/apps/View/index.html?appid=66770bef141c43a98a445c54a17720e2&extent=-73.5743,42.5413,-69.6852,45.4509","pfas_testing_link":"https://www4.des.state.nh.us/IISProxy/IISProxy.dll?ContentId=4826253","site_ref_link":"https://drive.google.com/drive/u/0/folders/1pLpL9dzjK0RpfEVRsNLX-7y0THujVH9Y","state_ref_link":"https://drive.google.com/drive/u/0/folders/1RsSKYaEE8jqAw7pH05tDHRflkjUL3t5H","ObjectId":1997}},{"type":"Feature","id":1998,"geometry":{"type":"Point","coordinates":[-70.803935,43.109189]},"properties":{"site_name":"DFSP Newington","other_site_names":null,"state":"New Hampshire","industry":"Military","matrix_type":"Groundwater","matrix":"Groundwater","year":2019,"pfoa":"1,070","pfos":"1,460","total_pfas":2976,"pfas_level":2976,"notes":null,"regulation_gvt_link":"N/A","resources_link":"https://www4.des.state.nh.us/DESOneStop/PRSDetail.aspx?ID=0038213&Type=PRS","suspected_source_link":"https://drive.google.com/file/d/1EUMAiROzk8OxvPAWubv0xGGH9zI6mw4d/view?usp=drive_link ","pfas_testing_link":"https://www4.des.state.nh.us/IISProxy/IISProxy.dll?ContentId=4788376","site_ref_link":"https://drive.google.com/drive/u/1/folders/12XlnuqDYTLqincA6IRhJTGDQP4vIlV_B","state_ref_link":"https://drive.google.com/drive/u/1/folders/1RsSKYaEE8jqAw7pH05tDHRflkjUL3t5H","ObjectId":1998}},{"type":"Feature","id":2001,"geometry":{"type":"Point","coordinates":[-70.888284,42.900827]},"properties":{"site_name":"Fogg Auto Salvage Property","other_site_names":null,"state":"New Hampshire","industry":"Industry","matrix_type":"Groundwater","matrix":"Groundwater","year":null,"pfoa":"19","pfos":"26","total_pfas":null,"pfas_level":45,"notes":null,"regulation_gvt_link":null,"resources_link":null,"suspected_source_link":"https://www4.des.state.nh.us/nh-pfas-investigation/wp-content/uploads/tables-pdf.pdf","pfas_testing_link":"https://www4.des.state.nh.us/nh-pfas-investigation/wp-content/uploads/tables-pdf.pdf","site_ref_link":null,"state_ref_link":"https://drive.google.com/drive/u/0/folders/1RsSKYaEE8jqAw7pH05tDHRflkjUL3t5H","ObjectId":2001}},{"type":"Feature","id":2003,"geometry":{"type":"Point","coordinates":[-71.879372,44.001144]},"properties":{"site_name":"Glencliff Home","other_site_names":null,"state":"New Hampshire","industry":"Unknown","matrix_type":"Groundwater","matrix":"Groundwater","year":null,"pfoa":"5","pfos":"37","total_pfas":47,"pfas_level":47,"notes":null,"regulation_gvt_link":null,"resources_link":null,"suspected_source_link":"https://www4.des.state.nh.us/nh-pfas-investigation/wp-content/uploads/tables-pdf.pdf","pfas_testing_link":"https://www4.des.state.nh.us/nh-pfas-investigation/wp-content/uploads/tables-pdf.pdf","site_ref_link":null,"state_ref_link":"https://drive.google.com/drive/u/0/folders/1RsSKYaEE8jqAw7pH05tDHRflkjUL3t5H","ObjectId":2003}},{"type":"Feature","id":2005,"geometry":{"type":"Point","coordinates":[-72.273414,43.72345]},"properties":{"site_name":"Cold Regions Research & Engineering Lab","other_site_names":null,"state":"New Hampshire","industry":"Industry","matrix_type":"Groundwater","matrix":"Groundwater","year":null,"pfoa":"16","pfos":"12","total_pfas":52,"pfas_level":52,"notes":null,"regulation_gvt_link":null,"resources_link":null,"suspected_source_link":"https://www4.des.state.nh.us/nh-pfas-investigation/wp-content/uploads/tables-pdf.pdf","pfas_testing_link":"https://www4.des.state.nh.us/nh-pfas-investigation/wp-content/uploads/tables-pdf.pdf","site_ref_link":null,"state_ref_link":"https://drive.google.com/drive/u/0/folders/1RsSKYaEE8jqAw7pH05tDHRflkjUL3t5H","ObjectId":2005}},{"type":"Feature","id":2006,"geometry":{"type":"Point","coordinates":[-72.264351,42.749641]},"properties":{"site_name":"Camp Takodah Ymca","other_site_names":null,"state":"New Hampshire","industry":"Unknown","matrix_type":"Groundwater","matrix":"Groundwater","year":null,"pfoa":"29","pfos":"23","total_pfas":null,"pfas_level":52,"notes":null,"regulation_gvt_link":null,"resources_link":null,"suspected_source_link":"https://www4.des.state.nh.us/nh-pfas-investigation/wp-content/uploads/tables-pdf.pdf","pfas_testing_link":"https://www4.des.state.nh.us/nh-pfas-investigation/wp-content/uploads/tables-pdf.pdf","site_ref_link":null,"state_ref_link":"https://drive.google.com/drive/u/0/folders/1RsSKYaEE8jqAw7pH05tDHRflkjUL3t5H","ObjectId":2006}},{"type":"Feature","id":2007,"geometry":{"type":"Point","coordinates":[-71.5914,42.812214]},"properties":{"site_name":"Meadow Brook Crossing","other_site_names":null,"state":"New Hampshire","industry":"Unknown","matrix_type":"Groundwater","matrix":"Groundwater","year":null,"pfoa":"52","pfos":null,"total_pfas":null,"pfas_level":52,"notes":null,"regulation_gvt_link":null,"resources_link":null,"suspected_source_link":"https://www4.des.state.nh.us/nh-pfas-investigation/wp-content/uploads/tables-pdf.pdf","pfas_testing_link":"https://www4.des.state.nh.us/nh-pfas-investigation/wp-content/uploads/tables-pdf.pdf","site_ref_link":null,"state_ref_link":"https://drive.google.com/drive/u/0/folders/1RsSKYaEE8jqAw7pH05tDHRflkjUL3t5H","ObjectId":2007}},{"type":"Feature","id":2008,"geometry":{"type":"Point","coordinates":[-71.202719,43.545566]},"properties":{"site_name":"Cedar Cove Septic","other_site_names":null,"state":"New Hampshire","industry":"WWTP","matrix_type":"Groundwater","matrix":"Groundwater","year":null,"pfoa":"55","pfos":null,"total_pfas":null,"pfas_level":55,"notes":null,"regulation_gvt_link":null,"resources_link":null,"suspected_source_link":"https://www4.des.state.nh.us/nh-pfas-investigation/wp-content/uploads/tables-pdf.pdf","pfas_testing_link":"https://www4.des.state.nh.us/nh-pfas-investigation/wp-content/uploads/tables-pdf.pdf","site_ref_link":null,"state_ref_link":"https://drive.google.com/drive/u/0/folders/1RsSKYaEE8jqAw7pH05tDHRflkjUL3t5H","ObjectId":2008}},{"type":"Feature","id":2009,"geometry":{"type":"Point","coordinates":[-71.909647,43.847746]},"properties":{"site_name":"Wentworth Landfill","other_site_names":null,"state":"New Hampshire","industry":"Unknown","matrix_type":"Groundwater","matrix":"Groundwater","year":null,"pfoa":"47","pfos":null,"total_pfas":56,"pfas_level":56,"notes":null,"regulation_gvt_link":null,"resources_link":null,"suspected_source_link":"https://www4.des.state.nh.us/nh-pfas-investigation/wp-content/uploads/tables-pdf.pdf","pfas_testing_link":"https://www4.des.state.nh.us/nh-pfas-investigation/wp-content/uploads/tables-pdf.pdf","site_ref_link":null,"state_ref_link":"https://drive.google.com/drive/u/0/folders/1RsSKYaEE8jqAw7pH05tDHRflkjUL3t5H","ObjectId":2009}},{"type":"Feature","id":2010,"geometry":{"type":"Point","coordinates":[-71.385233,45.049628]},"properties":{"site_name":"Pittsburg Rib Site","other_site_names":null,"state":"New Hampshire","industry":"Waste","matrix_type":"Groundwater","matrix":"Groundwater","year":null,"pfoa":"50","pfos":null,"total_pfas":57,"pfas_level":57,"notes":null,"regulation_gvt_link":null,"resources_link":null,"suspected_source_link":"https://www4.des.state.nh.us/nh-pfas-investigation/wp-content/uploads/tables-pdf.pdf","pfas_testing_link":"https://www4.des.state.nh.us/nh-pfas-investigation/wp-content/uploads/tables-pdf.pdf","site_ref_link":null,"state_ref_link":"https://drive.google.com/drive/u/0/folders/1RsSKYaEE8jqAw7pH05tDHRflkjUL3t5H","ObjectId":2010}},{"type":"Feature","id":2011,"geometry":{"type":"Point","coordinates":[-72.168722,43.344076]},"properties":{"site_name":"Newport Municipal Landfill","other_site_names":"Breakneck Road Landfill","state":"New Hampshire","industry":"Landfill","matrix_type":"Groundwater","matrix":"Groundwater","year":null,"pfoa":"36","pfos":"20","total_pfas":61,"pfas_level":61,"notes":null,"regulation_gvt_link":null,"resources_link":null,"suspected_source_link":"https://www4.des.state.nh.us/nh-pfas-investigation/wp-content/uploads/tables-pdf.pdf","pfas_testing_link":"https://www4.des.state.nh.us/nh-pfas-investigation/wp-content/uploads/tables-pdf.pdf","site_ref_link":null,"state_ref_link":"https://drive.google.com/drive/u/0/folders/1RsSKYaEE8jqAw7pH05tDHRflkjUL3t5H","ObjectId":2011}},{"type":"Feature","id":2012,"geometry":{"type":"Point","coordinates":[-70.835083,42.945025]},"properties":{"site_name":"610 Lafayette Road","other_site_names":null,"state":"New Hampshire","industry":"Industry","matrix_type":"Groundwater","matrix":"Groundwater","year":null,"pfoa":"26","pfos":"31","total_pfas":64,"pfas_level":64,"notes":"Committed Collision and Auto Body Center http://committedcollision.com/","regulation_gvt_link":null,"resources_link":"https://www.dhhs.nh.gov/dphs/pfcs/index.htm","suspected_source_link":"https://www4.des.state.nh.us/nh-pfas-investigation/wp-content/uploads/tables-pdf.pdf","pfas_testing_link":"https://www4.des.state.nh.us/nh-pfas-investigation/wp-content/uploads/tables-pdf.pdf","site_ref_link":null,"state_ref_link":"https://drive.google.com/drive/u/0/folders/1RsSKYaEE8jqAw7pH05tDHRflkjUL3t5H","ObjectId":2012}},{"type":"Feature","id":2013,"geometry":{"type":"Point","coordinates":[-71.323599,43.29053]},"properties":{"site_name":"Pittsfield Wastewater Treatment Facility UWW Lagoon","other_site_names":null,"state":"New Hampshire","industry":"WWTP","matrix_type":"Groundwater","matrix":"Groundwater","year":null,"pfoa":"59","pfos":null,"total_pfas":64,"pfas_level":64,"notes":null,"regulation_gvt_link":null,"resources_link":null,"suspected_source_link":"https://www4.des.state.nh.us/nh-pfas-investigation/wp-content/uploads/tables-pdf.pdf","pfas_testing_link":"https://www4.des.state.nh.us/nh-pfas-investigation/wp-content/uploads/tables-pdf.pdf","site_ref_link":null,"state_ref_link":"https://drive.google.com/drive/u/0/folders/1RsSKYaEE8jqAw7pH05tDHRflkjUL3t5H","ObjectId":2013}},{"type":"Feature","id":2014,"geometry":{"type":"Point","coordinates":[-71.440623,45.071364]},"properties":{"site_name":"Pittsburg Septage Lagoon","other_site_names":null,"state":"New Hampshire","industry":"Waste","matrix_type":"Groundwater","matrix":"Groundwater","year":null,"pfoa":"51","pfos":"11","total_pfas":68,"pfas_level":68,"notes":null,"regulation_gvt_link":null,"resources_link":null,"suspected_source_link":"https://www4.des.state.nh.us/nh-pfas-investigation/wp-content/uploads/tables-pdf.pdf","pfas_testing_link":"https://www4.des.state.nh.us/nh-pfas-investigation/wp-content/uploads/tables-pdf.pdf","site_ref_link":null,"state_ref_link":"https://drive.google.com/drive/u/0/folders/1RsSKYaEE8jqAw7pH05tDHRflkjUL3t5H","ObjectId":2014}},{"type":"Feature","id":2015,"geometry":{"type":"Point","coordinates":[-71.187242,44.444939]},"properties":{"site_name":"Gorham Paper Mill UWW Lagoons","other_site_names":"White Mountian Paper Company ","state":"New Hampshire","industry":"Industry","matrix_type":"Groundwater","matrix":"Groundwater","year":null,"pfoa":"21","pfos":"43","total_pfas":70,"pfas_level":70,"notes":null,"regulation_gvt_link":null,"resources_link":null,"suspected_source_link":"https://www4.des.state.nh.us/nh-pfas-investigation/wp-content/uploads/tables-pdf.pdf","pfas_testing_link":"https://www4.des.state.nh.us/nh-pfas-investigation/wp-content/uploads/tables-pdf.pdf","site_ref_link":null,"state_ref_link":"https://drive.google.com/drive/u/0/folders/1RsSKYaEE8jqAw7pH05tDHRflkjUL3t5H","ObjectId":2015}},{"type":"Feature","id":2022,"geometry":{"type":"Point","coordinates":[-71.63702,42.827508]},"properties":{"site_name":"Spear NH","other_site_names":"Formerly Gar-Doc","state":"New Hampshire","industry":"Unknown","matrix_type":"Groundwater","matrix":"Groundwater","year":null,"pfoa":"11","pfos":"60","total_pfas":null,"pfas_level":71,"notes":null,"regulation_gvt_link":null,"resources_link":null,"suspected_source_link":"https://www4.des.state.nh.us/nh-pfas-investigation/wp-content/uploads/tables-pdf.pdf","pfas_testing_link":"https://www4.des.state.nh.us/nh-pfas-investigation/wp-content/uploads/tables-pdf.pdf","site_ref_link":null,"state_ref_link":"https://drive.google.com/drive/u/0/folders/1RsSKYaEE8jqAw7pH05tDHRflkjUL3t5H","ObjectId":2022}},{"type":"Feature","id":2024,"geometry":{"type":"Point","coordinates":[-71.522013,42.732013]},"properties":{"site_name":"Four Hills Landfill","other_site_names":null,"state":"New Hampshire","industry":"Landfill","matrix_type":"Groundwater","matrix":"Groundwater","year":null,"pfoa":"24","pfos":"44","total_pfas":73,"pfas_level":73,"notes":null,"regulation_gvt_link":null,"resources_link":null,"suspected_source_link":"https://www4.des.state.nh.us/nh-pfas-investigation/wp-content/uploads/tables-pdf.pdf","pfas_testing_link":"https://www4.des.state.nh.us/nh-pfas-investigation/wp-content/uploads/tables-pdf.pdf","site_ref_link":null,"state_ref_link":"https://drive.google.com/drive/u/0/folders/1RsSKYaEE8jqAw7pH05tDHRflkjUL3t5H","ObjectId":2024}},{"type":"Feature","id":2026,"geometry":{"type":"Point","coordinates":[-71.339196,42.863231]},"properties":{"site_name":"Impacted Water Supply Wells","other_site_names":null,"state":"New Hampshire","industry":"Unknown","matrix_type":"Groundwater","matrix":"Groundwater","year":null,"pfoa":"30","pfos":"44","total_pfas":80,"pfas_level":80,"notes":null,"regulation_gvt_link":null,"resources_link":null,"suspected_source_link":"https://www4.des.state.nh.us/nh-pfas-investigation/wp-content/uploads/tables-pdf.pdf","pfas_testing_link":"https://www4.des.state.nh.us/nh-pfas-investigation/wp-content/uploads/tables-pdf.pdf","site_ref_link":null,"state_ref_link":"https://drive.google.com/drive/u/0/folders/1RsSKYaEE8jqAw7pH05tDHRflkjUL3t5H","ObjectId":2026}},{"type":"Feature","id":2027,"geometry":{"type":"Point","coordinates":[-71.439136,43.054761]},"properties":{"site_name":"Auto Wholesaler of Hooksett","other_site_names":"Nault Subaru","state":"New Hampshire","industry":"Industry","matrix_type":"Groundwater","matrix":"Groundwater","year":null,"pfoa":"61","pfos":"14","total_pfas":81,"pfas_level":81,"notes":null,"regulation_gvt_link":null,"resources_link":"https://www.dhhs.nh.gov/dphs/pfcs/index.htm","suspected_source_link":"https://www4.des.state.nh.us/nh-pfas-investigation/wp-content/uploads/tables-pdf.pdf","pfas_testing_link":"https://www4.des.state.nh.us/nh-pfas-investigation/wp-content/uploads/tables-pdf.pdf","site_ref_link":null,"state_ref_link":"https://drive.google.com/drive/u/0/folders/1RsSKYaEE8jqAw7pH05tDHRflkjUL3t5H","ObjectId":2027}},{"type":"Feature","id":2028,"geometry":{"type":"Point","coordinates":[-71.443295,42.751382]},"properties":{"site_name":"Gl & V Pulp Group","other_site_names":"Former Ingersoll-Rand","state":"New Hampshire","industry":"Industry","matrix_type":"Groundwater","matrix":"Groundwater","year":null,"pfoa":"20","pfos":"59","total_pfas":84,"pfas_level":84,"notes":null,"regulation_gvt_link":null,"resources_link":null,"suspected_source_link":"https://www4.des.state.nh.us/nh-pfas-investigation/wp-content/uploads/tables-pdf.pdf","pfas_testing_link":"https://www4.des.state.nh.us/nh-pfas-investigation/wp-content/uploads/tables-pdf.pdf","site_ref_link":null,"state_ref_link":"https://drive.google.com/drive/u/0/folders/1RsSKYaEE8jqAw7pH05tDHRflkjUL3t5H","ObjectId":2028}},{"type":"Feature","id":2030,"geometry":{"type":"Point","coordinates":[-70.8763,43.1961]},"properties":{"site_name":"Cocheco Park","other_site_names":null,"state":"New Hampshire","industry":"Unknown","matrix_type":"Groundwater","matrix":"Groundwater","year":null,"pfoa":"13","pfos":"75","total_pfas":null,"pfas_level":87,"notes":null,"regulation_gvt_link":null,"resources_link":null,"suspected_source_link":"https://www4.des.state.nh.us/nh-pfas-investigation/wp-content/uploads/tables-pdf.pdf","pfas_testing_link":"https://www4.des.state.nh.us/nh-pfas-investigation/wp-content/uploads/tables-pdf.pdf","site_ref_link":null,"state_ref_link":"https://drive.google.com/drive/u/0/folders/1RsSKYaEE8jqAw7pH05tDHRflkjUL3t5H","ObjectId":2030}},{"type":"Feature","id":2032,"geometry":{"type":"Point","coordinates":[-72.19939,43.131053]},"properties":{"site_name":"John Perkins Elementary School","other_site_names":null,"state":"New Hampshire","industry":"Unknown","matrix_type":"Groundwater","matrix":"Groundwater","year":null,"pfoa":null,"pfos":"67","total_pfas":90,"pfas_level":90,"notes":null,"regulation_gvt_link":null,"resources_link":null,"suspected_source_link":"https://www4.des.state.nh.us/nh-pfas-investigation/wp-content/uploads/tables-pdf.pdf","pfas_testing_link":"https://www4.des.state.nh.us/nh-pfas-investigation/wp-content/uploads/tables-pdf.pdf","site_ref_link":null,"state_ref_link":"https://drive.google.com/drive/u/0/folders/1RsSKYaEE8jqAw7pH05tDHRflkjUL3t5H","ObjectId":2032}},{"type":"Feature","id":2033,"geometry":{"type":"Point","coordinates":[-71.359616,42.928542]},"properties":{"site_name":"Auburn Road Landfill","other_site_names":null,"state":"New Hampshire","industry":"Landfill","matrix_type":"Groundwater","matrix":"Groundwater","year":null,"pfoa":"43","pfos":"36","total_pfas":91,"pfas_level":91,"notes":null,"regulation_gvt_link":null,"resources_link":"https://www.dhhs.nh.gov/dphs/pfcs/index.htm","suspected_source_link":"https://www4.des.state.nh.us/nh-pfas-investigation/wp-content/uploads/tables-pdf.pdf","pfas_testing_link":"https://www4.des.state.nh.us/nh-pfas-investigation/wp-content/uploads/tables-pdf.pdf","site_ref_link":null,"state_ref_link":"https://drive.google.com/drive/u/0/folders/1RsSKYaEE8jqAw7pH05tDHRflkjUL3t5H","ObjectId":2033}},{"type":"Feature","id":2034,"geometry":{"type":"Point","coordinates":[-71.427195,42.931426]},"properties":{"site_name":"Former Lamont Labs","other_site_names":null,"state":"New Hampshire","industry":"Industry","matrix_type":"Groundwater","matrix":"Groundwater","year":null,"pfoa":"78","pfos":"9","total_pfas":93,"pfas_level":93,"notes":null,"regulation_gvt_link":null,"resources_link":null,"suspected_source_link":"https://www4.des.state.nh.us/nh-pfas-investigation/wp-content/uploads/tables-pdf.pdf","pfas_testing_link":"https://www4.des.state.nh.us/nh-pfas-investigation/wp-content/uploads/tables-pdf.pdf","site_ref_link":null,"state_ref_link":"https://drive.google.com/drive/u/0/folders/1RsSKYaEE8jqAw7pH05tDHRflkjUL3t5H","ObjectId":2034}},{"type":"Feature","id":2035,"geometry":{"type":"Point","coordinates":[-72.431164,43.228513]},"properties":{"site_name":"Charlestown Wastewater Treatment Facility","other_site_names":null,"state":"New Hampshire","industry":"WWTP","matrix_type":"Groundwater","matrix":"Groundwater","year":null,"pfoa":"17","pfos":"72","total_pfas":99,"pfas_level":99,"notes":null,"regulation_gvt_link":null,"resources_link":null,"suspected_source_link":"https://www4.des.state.nh.us/nh-pfas-investigation/wp-content/uploads/tables-pdf.pdf","pfas_testing_link":"https://www4.des.state.nh.us/nh-pfas-investigation/wp-content/uploads/tables-pdf.pdf","site_ref_link":null,"state_ref_link":"https://drive.google.com/drive/u/0/folders/1RsSKYaEE8jqAw7pH05tDHRflkjUL3t5H","ObjectId":2035}},{"type":"Feature","id":2036,"geometry":{"type":"Point","coordinates":[-71.471989,42.760506]},"properties":{"site_name":"Clocktower Place","other_site_names":null,"state":"New Hampshire","industry":"Unknown","matrix_type":"Groundwater","matrix":"Groundwater","year":null,"pfoa":"46","pfos":"38","total_pfas":100,"pfas_level":100,"notes":null,"regulation_gvt_link":null,"resources_link":null,"suspected_source_link":"https://www4.des.state.nh.us/nh-pfas-investigation/wp-content/uploads/tables-pdf.pdf","pfas_testing_link":"https://www4.des.state.nh.us/nh-pfas-investigation/wp-content/uploads/tables-pdf.pdf","site_ref_link":null,"state_ref_link":"https://drive.google.com/drive/u/0/folders/1RsSKYaEE8jqAw7pH05tDHRflkjUL3t5H","ObjectId":2036}},{"type":"Feature","id":2037,"geometry":{"type":"Point","coordinates":[-71.242312,42.811883]},"properties":{"site_name":"Shadow Lake Rd","other_site_names":"Doiron Rd Area Site","state":"New Hampshire","industry":"Unknown","matrix_type":"Groundwater","matrix":"Groundwater","year":null,"pfoa":"68","pfos":"23","total_pfas":101,"pfas_level":101,"notes":null,"regulation_gvt_link":null,"resources_link":null,"suspected_source_link":"https://www4.des.state.nh.us/nh-pfas-investigation/wp-content/uploads/tables-pdf.pdf","pfas_testing_link":"https://www4.des.state.nh.us/nh-pfas-investigation/wp-content/uploads/tables-pdf.pdf","site_ref_link":null,"state_ref_link":"https://drive.google.com/drive/u/0/folders/1RsSKYaEE8jqAw7pH05tDHRflkjUL3t5H","ObjectId":2037}},{"type":"Feature","id":2038,"geometry":{"type":"Point","coordinates":[-71.523203,44.597547]},"properties":{"site_name":"Northumberland Overland Flow","other_site_names":null,"state":"New Hampshire","industry":"Unknown","matrix_type":"Groundwater","matrix":"Groundwater","year":null,"pfoa":"35","pfos":"55","total_pfas":102,"pfas_level":102,"notes":null,"regulation_gvt_link":null,"resources_link":null,"suspected_source_link":"https://www4.des.state.nh.us/nh-pfas-investigation/wp-content/uploads/tables-pdf.pdf","pfas_testing_link":"https://www4.des.state.nh.us/nh-pfas-investigation/wp-content/uploads/tables-pdf.pdf","site_ref_link":null,"state_ref_link":"https://drive.google.com/drive/u/0/folders/1RsSKYaEE8jqAw7pH05tDHRflkjUL3t5H","ObjectId":2038}},{"type":"Feature","id":2039,"geometry":{"type":"Point","coordinates":[-71.52188,43.2966]},"properties":{"site_name":"Dot Gully Hill Storage Shed","other_site_names":null,"state":"New Hampshire","industry":"Unknown","matrix_type":"Groundwater","matrix":"Groundwater","year":null,"pfoa":"10","pfos":"42","total_pfas":105,"pfas_level":105,"notes":null,"regulation_gvt_link":null,"resources_link":null,"suspected_source_link":"https://www4.des.state.nh.us/nh-pfas-investigation/wp-content/uploads/tables-pdf.pdf","pfas_testing_link":"https://www4.des.state.nh.us/nh-pfas-investigation/wp-content/uploads/tables-pdf.pdf","site_ref_link":null,"state_ref_link":"https://drive.google.com/drive/u/0/folders/1RsSKYaEE8jqAw7pH05tDHRflkjUL3t5H","ObjectId":2039}},{"type":"Feature","id":2041,"geometry":{"type":"Point","coordinates":[-71.061645,43.040373]},"properties":{"site_name":"Epping Wastewater Treatment Facility","other_site_names":null,"state":"New Hampshire","industry":"WWTP","matrix_type":"Groundwater","matrix":"Groundwater","year":null,"pfoa":"61","pfos":"34","total_pfas":131,"pfas_level":131,"notes":null,"regulation_gvt_link":null,"resources_link":null,"suspected_source_link":"https://www4.des.state.nh.us/nh-pfas-investigation/wp-content/uploads/tables-pdf.pdf","pfas_testing_link":"https://www4.des.state.nh.us/nh-pfas-investigation/wp-content/uploads/tables-pdf.pdf","site_ref_link":null,"state_ref_link":"https://drive.google.com/drive/u/0/folders/1RsSKYaEE8jqAw7pH05tDHRflkjUL3t5H","ObjectId":2041}},{"type":"Feature","id":2042,"geometry":{"type":"Point","coordinates":[-72.025872,44.09965]},"properties":{"site_name":"Boudreau Septage Lagoon","other_site_names":null,"state":"New Hampshire","industry":"Waste","matrix_type":"Groundwater","matrix":"Groundwater","year":null,"pfoa":"98","pfos":"15","total_pfas":136,"pfas_level":136,"notes":null,"regulation_gvt_link":null,"resources_link":null,"suspected_source_link":"https://www4.des.state.nh.us/nh-pfas-investigation/wp-content/uploads/tables-pdf.pdf","pfas_testing_link":"https://www4.des.state.nh.us/nh-pfas-investigation/wp-content/uploads/tables-pdf.pdf","site_ref_link":null,"state_ref_link":"https://drive.google.com/drive/u/0/folders/1RsSKYaEE8jqAw7pH05tDHRflkjUL3t5H","ObjectId":2042}},{"type":"Feature","id":2043,"geometry":{"type":"Point","coordinates":[-71.56764,42.87626]},"properties":{"site_name":"Trowbridge Drive Area","other_site_names":null,"state":"New Hampshire","industry":"Unknown","matrix_type":"Groundwater","matrix":"Groundwater","year":null,"pfoa":"35","pfos":"100","total_pfas":139,"pfas_level":139,"notes":null,"regulation_gvt_link":null,"resources_link":null,"suspected_source_link":"https://www4.des.state.nh.us/nh-pfas-investigation/wp-content/uploads/tables-pdf.pdf","pfas_testing_link":"https://www4.des.state.nh.us/nh-pfas-investigation/wp-content/uploads/tables-pdf.pdf","site_ref_link":null,"state_ref_link":"https://drive.google.com/drive/u/0/folders/1RsSKYaEE8jqAw7pH05tDHRflkjUL3t5H","ObjectId":2043}},{"type":"Feature","id":2044,"geometry":{"type":"Point","coordinates":[-70.944756,42.996967]},"properties":{"site_name":"Exeter Wastewater Treatment Facility UWW","other_site_names":"Lagoon","state":"New Hampshire","industry":"WWTP","matrix_type":"Groundwater","matrix":"Groundwater","year":null,"pfoa":"75","pfos":"46","total_pfas":145,"pfas_level":145,"notes":null,"regulation_gvt_link":null,"resources_link":null,"suspected_source_link":"https://www4.des.state.nh.us/nh-pfas-investigation/wp-content/uploads/tables-pdf.pdf","pfas_testing_link":"https://www4.des.state.nh.us/nh-pfas-investigation/wp-content/uploads/tables-pdf.pdf","site_ref_link":null,"state_ref_link":"https://drive.google.com/drive/u/0/folders/1RsSKYaEE8jqAw7pH05tDHRflkjUL3t5H","ObjectId":2044}},{"type":"Feature","id":2045,"geometry":{"type":"Point","coordinates":[-70.871977,43.194616]},"properties":{"site_name":"One Washington Center Inc","other_site_names":"Washington Street Mills","state":"New Hampshire","industry":"Unknown","matrix_type":"Groundwater","matrix":"Groundwater","year":null,"pfoa":"28","pfos":"101","total_pfas":147,"pfas_level":147,"notes":null,"regulation_gvt_link":null,"resources_link":null,"suspected_source_link":"https://www4.des.state.nh.us/nh-pfas-investigation/wp-content/uploads/tables-pdf.pdf","pfas_testing_link":"https://www4.des.state.nh.us/nh-pfas-investigation/wp-content/uploads/tables-pdf.pdf","site_ref_link":null,"state_ref_link":"https://drive.google.com/drive/u/0/folders/1RsSKYaEE8jqAw7pH05tDHRflkjUL3t5H","ObjectId":2045}},{"type":"Feature","id":2046,"geometry":{"type":"Point","coordinates":[-70.924006,42.998214]},"properties":{"site_name":"Antique Repair Company","other_site_names":null,"state":"New Hampshire","industry":"Unknown","matrix_type":"Groundwater","matrix":"Groundwater","year":null,"pfoa":"85","pfos":"57","total_pfas":148,"pfas_level":148,"notes":null,"regulation_gvt_link":null,"resources_link":"https://www.dhhs.nh.gov/dphs/pfcs/index.htm","suspected_source_link":"https://www4.des.state.nh.us/nh-pfas-investigation/wp-content/uploads/tables-pdf.pdf","pfas_testing_link":"https://www4.des.state.nh.us/nh-pfas-investigation/wp-content/uploads/tables-pdf.pdf","site_ref_link":null,"state_ref_link":"https://drive.google.com/drive/u/0/folders/1RsSKYaEE8jqAw7pH05tDHRflkjUL3t5H","ObjectId":2046}},{"type":"Feature","id":2047,"geometry":{"type":"Point","coordinates":[-71.442181,42.98187]},"properties":{"site_name":"Cintas Corp - 324 Taylor St Facility","other_site_names":null,"state":"New Hampshire","industry":"Industry","matrix_type":"Groundwater","matrix":"Groundwater","year":null,"pfoa":"150","pfos":"2","total_pfas":159,"pfas_level":159,"notes":null,"regulation_gvt_link":null,"resources_link":null,"suspected_source_link":"https://www4.des.state.nh.us/nh-pfas-investigation/wp-content/uploads/tables-pdf.pdf","pfas_testing_link":"https://www4.des.state.nh.us/nh-pfas-investigation/wp-content/uploads/tables-pdf.pdf","site_ref_link":null,"state_ref_link":"https://drive.google.com/drive/u/0/folders/1RsSKYaEE8jqAw7pH05tDHRflkjUL3t5H","ObjectId":2047}},{"type":"Feature","id":2048,"geometry":{"type":"Point","coordinates":[-71.588301,44.398054]},"properties":{"site_name":"Mountain View Grand Resort & Spa","other_site_names":null,"state":"New Hampshire","industry":"Unknown","matrix_type":"Groundwater","matrix":"Groundwater","year":null,"pfoa":"74","pfos":"48","total_pfas":172,"pfas_level":172,"notes":null,"regulation_gvt_link":null,"resources_link":null,"suspected_source_link":"https://www4.des.state.nh.us/nh-pfas-investigation/wp-content/uploads/tables-pdf.pdf","pfas_testing_link":"https://www4.des.state.nh.us/nh-pfas-investigation/wp-content/uploads/tables-pdf.pdf","site_ref_link":null,"state_ref_link":"https://drive.google.com/drive/u/0/folders/1RsSKYaEE8jqAw7pH05tDHRflkjUL3t5H","ObjectId":2048}},{"type":"Feature","id":2049,"geometry":{"type":"Point","coordinates":[-71.453511,42.947106]},"properties":{"site_name":"Rr Donnelley Co Former Moore Business Forms","other_site_names":null,"state":"New Hampshire","industry":"Unknown","matrix_type":"Groundwater","matrix":"Groundwater","year":null,"pfoa":"129","pfos":"35","total_pfas":183,"pfas_level":183,"notes":null,"regulation_gvt_link":null,"resources_link":null,"suspected_source_link":"https://www4.des.state.nh.us/nh-pfas-investigation/wp-content/uploads/tables-pdf.pdf","pfas_testing_link":"https://www4.des.state.nh.us/nh-pfas-investigation/wp-content/uploads/tables-pdf.pdf","site_ref_link":null,"state_ref_link":"https://drive.google.com/drive/u/0/folders/1RsSKYaEE8jqAw7pH05tDHRflkjUL3t5H","ObjectId":2049}},{"type":"Feature","id":2050,"geometry":{"type":"Point","coordinates":[-70.773576,43.048704]},"properties":{"site_name":"150 Mirona Road Property","other_site_names":null,"state":"New Hampshire","industry":"Unknown","matrix_type":"Groundwater","matrix":"Groundwater","year":null,"pfoa":"48","pfos":"119","total_pfas":184,"pfas_level":184,"notes":"RE/MAX By the Bay","regulation_gvt_link":null,"resources_link":"https://www.dhhs.nh.gov/dphs/pfcs/index.htm","suspected_source_link":"https://www4.des.state.nh.us/nh-pfas-investigation/wp-content/uploads/tables-pdf.pdf","pfas_testing_link":"https://www4.des.state.nh.us/nh-pfas-investigation/wp-content/uploads/tables-pdf.pdf","site_ref_link":null,"state_ref_link":"https://drive.google.com/drive/u/0/folders/1RsSKYaEE8jqAw7pH05tDHRflkjUL3t5H","ObjectId":2050}},{"type":"Feature","id":2052,"geometry":{"type":"Point","coordinates":[-71.100316,42.862129]},"properties":{"site_name":"Plaistow Municipal Landfill","other_site_names":null,"state":"New Hampshire","industry":"Landfill","matrix_type":"Groundwater","matrix":"Groundwater","year":null,"pfoa":"47","pfos":"170","total_pfas":235,"pfas_level":235,"notes":null,"regulation_gvt_link":null,"resources_link":null,"suspected_source_link":"https://www4.des.state.nh.us/nh-pfas-investigation/wp-content/uploads/tables-pdf.pdf","pfas_testing_link":"https://www4.des.state.nh.us/nh-pfas-investigation/wp-content/uploads/tables-pdf.pdf","site_ref_link":null,"state_ref_link":"https://drive.google.com/drive/u/0/folders/1RsSKYaEE8jqAw7pH05tDHRflkjUL3t5H","ObjectId":2052}},{"type":"Feature","id":2054,"geometry":{"type":"Point","coordinates":[-70.96446,43.267533]},"properties":{"site_name":"Rochester Wastewater Treatment Facility UWW Lagoon","other_site_names":null,"state":"New Hampshire","industry":"WWTP","matrix_type":"Groundwater","matrix":"Groundwater","year":null,"pfoa":"197","pfos":"23","total_pfas":249,"pfas_level":249,"notes":null,"regulation_gvt_link":null,"resources_link":null,"suspected_source_link":"https://www4.des.state.nh.us/nh-pfas-investigation/wp-content/uploads/tables-pdf.pdf","pfas_testing_link":"https://www4.des.state.nh.us/nh-pfas-investigation/wp-content/uploads/tables-pdf.pdf","site_ref_link":null,"state_ref_link":"https://drive.google.com/drive/u/0/folders/1RsSKYaEE8jqAw7pH05tDHRflkjUL3t5H","ObjectId":2054}},{"type":"Feature","id":2055,"geometry":{"type":"Point","coordinates":[-71.197208,43.209275]},"properties":{"site_name":"Northwood Septage Facility","other_site_names":"Northwood Transfer Station ","state":"New Hampshire","industry":"WWTP","matrix_type":"Groundwater","matrix":"Groundwater","year":null,"pfoa":"102","pfos":"40","total_pfas":253,"pfas_level":253,"notes":null,"regulation_gvt_link":null,"resources_link":null,"suspected_source_link":"https://www4.des.state.nh.us/nh-pfas-investigation/wp-content/uploads/tables-pdf.pdf","pfas_testing_link":"https://www4.des.state.nh.us/nh-pfas-investigation/wp-content/uploads/tables-pdf.pdf","site_ref_link":null,"state_ref_link":"https://drive.google.com/drive/u/0/folders/1RsSKYaEE8jqAw7pH05tDHRflkjUL3t5H","ObjectId":2055}},{"type":"Feature","id":2056,"geometry":{"type":"Point","coordinates":[-71.389252,42.903493]},"properties":{"site_name":"Mammoth Road Area","other_site_names":null,"state":"New Hampshire","industry":"Unknown","matrix_type":"Groundwater","matrix":"Groundwater","year":null,"pfoa":"117","pfos":"118","total_pfas":262,"pfas_level":262,"notes":null,"regulation_gvt_link":null,"resources_link":null,"suspected_source_link":"https://www4.des.state.nh.us/nh-pfas-investigation/wp-content/uploads/tables-pdf.pdf","pfas_testing_link":"https://www4.des.state.nh.us/nh-pfas-investigation/wp-content/uploads/tables-pdf.pdf","site_ref_link":null,"state_ref_link":"https://drive.google.com/drive/u/0/folders/1RsSKYaEE8jqAw7pH05tDHRflkjUL3t5H","ObjectId":2056}},{"type":"Feature","id":2059,"geometry":{"type":"Point","coordinates":[-71.461292,42.987536]},"properties":{"site_name":"E & R Laundry","other_site_names":null,"state":"New Hampshire","industry":"Industry","matrix_type":"Groundwater","matrix":"Groundwater","year":null,"pfoa":"87","pfos":"160","total_pfas":301,"pfas_level":301,"notes":null,"regulation_gvt_link":null,"resources_link":null,"suspected_source_link":"https://www4.des.state.nh.us/nh-pfas-investigation/wp-content/uploads/tables-pdf.pdf","pfas_testing_link":"https://www4.des.state.nh.us/nh-pfas-investigation/wp-content/uploads/tables-pdf.pdf","site_ref_link":null,"state_ref_link":"https://drive.google.com/drive/u/0/folders/1RsSKYaEE8jqAw7pH05tDHRflkjUL3t5H","ObjectId":2059}},{"type":"Feature","id":2060,"geometry":{"type":"Point","coordinates":[-71.4976,42.7775]},"properties":{"site_name":"Formerly Nashua Motor Express Inc ","other_site_names":null,"state":"New Hampshire","industry":"Industry","matrix_type":"Groundwater","matrix":"Groundwater","year":null,"pfoa":"120","pfos":"80","total_pfas":314,"pfas_level":314,"notes":null,"regulation_gvt_link":null,"resources_link":null,"suspected_source_link":"https://www4.des.state.nh.us/nh-pfas-investigation/wp-content/uploads/tables-pdf.pdf","pfas_testing_link":"https://www4.des.state.nh.us/nh-pfas-investigation/wp-content/uploads/tables-pdf.pdf","site_ref_link":null,"state_ref_link":"https://drive.google.com/drive/u/0/folders/1RsSKYaEE8jqAw7pH05tDHRflkjUL3t5H","ObjectId":2060}},{"type":"Feature","id":2061,"geometry":{"type":"Point","coordinates":[-70.863483,43.197725]},"properties":{"site_name":"Dover Gas Works","other_site_names":null,"state":"New Hampshire","industry":"Industry","matrix_type":"Groundwater","matrix":"Groundwater","year":null,"pfoa":"200","pfos":"23","total_pfas":322,"pfas_level":322,"notes":null,"regulation_gvt_link":null,"resources_link":null,"suspected_source_link":"https://www4.des.state.nh.us/nh-pfas-investigation/wp-content/uploads/tables-pdf.pdf","pfas_testing_link":"https://www4.des.state.nh.us/nh-pfas-investigation/wp-content/uploads/tables-pdf.pdf","site_ref_link":null,"state_ref_link":"https://drive.google.com/drive/u/0/folders/1RsSKYaEE8jqAw7pH05tDHRflkjUL3t5H","ObjectId":2061}},{"type":"Feature","id":2063,"geometry":{"type":"Point","coordinates":[-71.655167,43.602464]},"properties":{"site_name":"New Hampton Wastewater Treatment Facility Monitoring","other_site_names":null,"state":"New Hampshire","industry":"WWTP","matrix_type":"Groundwater","matrix":"Groundwater","year":null,"pfoa":"292","pfos":"21","total_pfas":328,"pfas_level":328,"notes":null,"regulation_gvt_link":null,"resources_link":null,"suspected_source_link":"https://www4.des.state.nh.us/nh-pfas-investigation/wp-content/uploads/tables-pdf.pdf","pfas_testing_link":"https://www4.des.state.nh.us/nh-pfas-investigation/wp-content/uploads/tables-pdf.pdf","site_ref_link":null,"state_ref_link":"https://drive.google.com/drive/u/0/folders/1RsSKYaEE8jqAw7pH05tDHRflkjUL3t5H","ObjectId":2063}},{"type":"Feature","id":2066,"geometry":{"type":"Point","coordinates":[-70.868492,43.19525]},"properties":{"site_name":"Dover Public Works Garage","other_site_names":null,"state":"New Hampshire","industry":"Industry","matrix_type":"Groundwater","matrix":"Groundwater","year":null,"pfoa":"320","pfos":"16","total_pfas":394,"pfas_level":394,"notes":null,"regulation_gvt_link":null,"resources_link":null,"suspected_source_link":"https://www4.des.state.nh.us/nh-pfas-investigation/wp-content/uploads/tables-pdf.pdf","pfas_testing_link":"https://www4.des.state.nh.us/nh-pfas-investigation/wp-content/uploads/tables-pdf.pdf","site_ref_link":null,"state_ref_link":"https://drive.google.com/drive/u/0/folders/1RsSKYaEE8jqAw7pH05tDHRflkjUL3t5H","ObjectId":2066}},{"type":"Feature","id":2068,"geometry":{"type":"Point","coordinates":[-71.223692,42.781699]},"properties":{"site_name":"Daisy Cleaners","other_site_names":null,"state":"New Hampshire","industry":"Industry","matrix_type":"Groundwater","matrix":"Groundwater","year":null,"pfoa":"61","pfos":"354","total_pfas":438,"pfas_level":438,"notes":null,"regulation_gvt_link":null,"resources_link":null,"suspected_source_link":"https://www4.des.state.nh.us/nh-pfas-investigation/wp-content/uploads/tables-pdf.pdf","pfas_testing_link":"https://www4.des.state.nh.us/nh-pfas-investigation/wp-content/uploads/tables-pdf.pdf","site_ref_link":null,"state_ref_link":"https://drive.google.com/drive/u/0/folders/1RsSKYaEE8jqAw7pH05tDHRflkjUL3t5H","ObjectId":2068}},{"type":"Feature","id":2069,"geometry":{"type":"Point","coordinates":[-72.016829,43.312936]},"properties":{"site_name":"Newbury Demo Debris Landfill","other_site_names":"Newbury Town Dump ","state":"New Hampshire","industry":"Landfill","matrix_type":"Groundwater","matrix":"Groundwater","year":null,"pfoa":"48","pfos":"240","total_pfas":440,"pfas_level":440,"notes":null,"regulation_gvt_link":null,"resources_link":null,"suspected_source_link":"https://www4.des.state.nh.us/nh-pfas-investigation/wp-content/uploads/tables-pdf.pdf","pfas_testing_link":"https://www4.des.state.nh.us/nh-pfas-investigation/wp-content/uploads/tables-pdf.pdf","site_ref_link":null,"state_ref_link":"https://drive.google.com/drive/u/0/folders/1RsSKYaEE8jqAw7pH05tDHRflkjUL3t5H","ObjectId":2069}},{"type":"Feature","id":2070,"geometry":{"type":"Point","coordinates":[-71.12107,44.022668]},"properties":{"site_name":"North Conway Rib","other_site_names":null,"state":"New Hampshire","industry":"Waste","matrix_type":"Groundwater","matrix":"Groundwater","year":null,"pfoa":"27","pfos":"292","total_pfas":504,"pfas_level":504,"notes":null,"regulation_gvt_link":null,"resources_link":null,"suspected_source_link":"https://www4.des.state.nh.us/nh-pfas-investigation/wp-content/uploads/tables-pdf.pdf","pfas_testing_link":"https://www4.des.state.nh.us/nh-pfas-investigation/wp-content/uploads/tables-pdf.pdf","site_ref_link":null,"state_ref_link":"https://drive.google.com/drive/u/0/folders/1RsSKYaEE8jqAw7pH05tDHRflkjUL3t5H","ObjectId":2070}},{"type":"Feature","id":2071,"geometry":{"type":"Point","coordinates":[-71.621592,42.947936]},"properties":{"site_name":"New Boston Air Force Station","other_site_names":null,"state":"New Hampshire","industry":"Military","matrix_type":"Groundwater","matrix":"Groundwater","year":null,"pfoa":"150","pfos":"260","total_pfas":537,"pfas_level":537,"notes":"AFFF used at New Boston Air Force Station","regulation_gvt_link":"https://www.des.nh.gov/organization/divisions/waste/hwrb/fss/dod/documents/newboston.pdf","resources_link":"https://www4.des.state.nh.us/nh-pfas-investigation/","suspected_source_link":"https://drive.google.com/file/d/1EUMAiROzk8OxvPAWubv0xGGH9zI6mw4d/view?usp=drive_link ","pfas_testing_link":"https://drive.google.com/file/d/1wegRoRmL8yh5CMRzYYWYihqg3ObkIRfz/view?usp=sharing","site_ref_link":"https://drive.google.com/drive/u/1/folders/1DB1NvMolTP_6oq30_Pu7RJ4-lXGlX-zy","state_ref_link":"https://drive.google.com/drive/u/1/folders/1RsSKYaEE8jqAw7pH05tDHRflkjUL3t5H","ObjectId":2071}},{"type":"Feature","id":2072,"geometry":{"type":"Point","coordinates":[-71.944578,43.322503]},"properties":{"site_name":"Sutton Septage Facility","other_site_names":null,"state":"New Hampshire","industry":"WWTP","matrix_type":"Groundwater","matrix":"Groundwater","year":null,"pfoa":"399","pfos":"94","total_pfas":571,"pfas_level":571,"notes":null,"regulation_gvt_link":null,"resources_link":null,"suspected_source_link":"https://www4.des.state.nh.us/nh-pfas-investigation/wp-content/uploads/tables-pdf.pdf","pfas_testing_link":"https://www4.des.state.nh.us/nh-pfas-investigation/wp-content/uploads/tables-pdf.pdf","site_ref_link":null,"state_ref_link":"https://drive.google.com/drive/u/0/folders/1RsSKYaEE8jqAw7pH05tDHRflkjUL3t5H","ObjectId":2072}},{"type":"Feature","id":2073,"geometry":{"type":"Point","coordinates":[-71.453151,43.043802]},"properties":{"site_name":"Martin'S Ferry","other_site_names":null,"state":"New Hampshire","industry":"Unknown","matrix_type":"Groundwater","matrix":"Groundwater","year":null,"pfoa":"560","pfos":null,"total_pfas":641,"pfas_level":641,"notes":null,"regulation_gvt_link":null,"resources_link":null,"suspected_source_link":"https://www4.des.state.nh.us/nh-pfas-investigation/wp-content/uploads/tables-pdf.pdf","pfas_testing_link":"https://www4.des.state.nh.us/nh-pfas-investigation/wp-content/uploads/tables-pdf.pdf","site_ref_link":null,"state_ref_link":"https://drive.google.com/drive/u/0/folders/1RsSKYaEE8jqAw7pH05tDHRflkjUL3t5H","ObjectId":2073}},{"type":"Feature","id":2075,"geometry":{"type":"Point","coordinates":[-71.468654,42.999245]},"properties":{"site_name":"Eversource Energy (Former Psnh)","other_site_names":null,"state":"New Hampshire","industry":"Industry","matrix_type":"Groundwater","matrix":"Groundwater","year":null,"pfoa":"434","pfos":"235","total_pfas":838,"pfas_level":838,"notes":null,"regulation_gvt_link":null,"resources_link":null,"suspected_source_link":"https://www4.des.state.nh.us/nh-pfas-investigation/wp-content/uploads/tables-pdf.pdf","pfas_testing_link":"https://www4.des.state.nh.us/nh-pfas-investigation/wp-content/uploads/tables-pdf.pdf","site_ref_link":null,"state_ref_link":"https://drive.google.com/drive/u/0/folders/1RsSKYaEE8jqAw7pH05tDHRflkjUL3t5H","ObjectId":2075}},{"type":"Feature","id":2076,"geometry":{"type":"Point","coordinates":[-71.591265,43.432579]},"properties":{"site_name":"Northfield Highway Department Garage","other_site_names":null,"state":"New Hampshire","industry":"Unknown","matrix_type":"Groundwater","matrix":"Groundwater","year":null,"pfoa":"21","pfos":"570","total_pfas":853,"pfas_level":853,"notes":"Source of contamination is unknown, but a fire in 2016 may have resulted in the use of AFFF","regulation_gvt_link":null,"resources_link":null,"suspected_source_link":"https://www4.des.state.nh.us/nh-pfas-investigation/wp-content/uploads/tables-pdf.pdf","pfas_testing_link":"https://www4.des.state.nh.us/nh-pfas-investigation/wp-content/uploads/tables-pdf.pdf","site_ref_link":null,"state_ref_link":"https://drive.google.com/drive/u/0/folders/1RsSKYaEE8jqAw7pH05tDHRflkjUL3t5H","ObjectId":2076}},{"type":"Feature","id":2077,"geometry":{"type":"Point","coordinates":[-71.259636,42.86856]},"properties":{"site_name":"Weber Auto & Truck Parts Inc","other_site_names":null,"state":"New Hampshire","industry":"Industry","matrix_type":"Groundwater","matrix":"Groundwater","year":null,"pfoa":"133","pfos":"640","total_pfas":921,"pfas_level":921,"notes":null,"regulation_gvt_link":null,"resources_link":null,"suspected_source_link":"https://www4.des.state.nh.us/nh-pfas-investigation/wp-content/uploads/tables-pdf.pdf","pfas_testing_link":"https://www4.des.state.nh.us/nh-pfas-investigation/wp-content/uploads/tables-pdf.pdf","site_ref_link":null,"state_ref_link":"https://drive.google.com/drive/u/0/folders/1RsSKYaEE8jqAw7pH05tDHRflkjUL3t5H","ObjectId":2077}},{"type":"Feature","id":2081,"geometry":{"type":"Point","coordinates":[-71.601748,43.018885]},"properties":{"site_name":"Fletcher Mountain - 14 Depot St","other_site_names":null,"state":"New Hampshire","industry":"Unknown","matrix_type":"Groundwater","matrix":"Groundwater","year":null,"pfoa":"130","pfos":"680","total_pfas":985,"pfas_level":985,"notes":null,"regulation_gvt_link":null,"resources_link":null,"suspected_source_link":"https://www4.des.state.nh.us/nh-pfas-investigation/wp-content/uploads/tables-pdf.pdf","pfas_testing_link":"https://www4.des.state.nh.us/nh-pfas-investigation/wp-content/uploads/tables-pdf.pdf","site_ref_link":null,"state_ref_link":"https://drive.google.com/drive/u/0/folders/1RsSKYaEE8jqAw7pH05tDHRflkjUL3t5H","ObjectId":2081}},{"type":"Feature","id":2083,"geometry":{"type":"Point","coordinates":[-70.83146,42.973552]},"properties":{"site_name":"227A Atlantic Avenue Area Site","other_site_names":null,"state":"New Hampshire","industry":"Industry","matrix_type":"Groundwater","matrix":"Groundwater","year":null,"pfoa":"110","pfos":"660","total_pfas":1062,"pfas_level":1062,"notes":"Baldassarre Automotive ","regulation_gvt_link":null,"resources_link":"https://www.dhhs.nh.gov/dphs/pfcs/index.htm","suspected_source_link":"https://www4.des.state.nh.us/nh-pfas-investigation/wp-content/uploads/tables-pdf.pdf","pfas_testing_link":"https://www4.des.state.nh.us/nh-pfas-investigation/wp-content/uploads/tables-pdf.pdf","site_ref_link":null,"state_ref_link":"https://drive.google.com/drive/u/0/folders/1RsSKYaEE8jqAw7pH05tDHRflkjUL3t5H","ObjectId":2083}},{"type":"Feature","id":2085,"geometry":{"type":"Point","coordinates":[-71.353304,42.86348]},"properties":{"site_name":"Appletree Mall","other_site_names":null,"state":"New Hampshire","industry":"Waste","matrix_type":"Groundwater","matrix":"Groundwater","year":null,"pfoa":"401","pfos":"164","total_pfas":1160,"pfas_level":1160,"notes":"Suspected contamination from the mall's old septic system","regulation_gvt_link":null,"resources_link":"https://www.dhhs.nh.gov/dphs/pfcs/index.htm","suspected_source_link":"https://www4.des.state.nh.us/nh-pfas-investigation/wp-content/uploads/tables-pdf.pdf https://www.unionleader.com/news/environment/londonderry-residents-with-pfas-contaminated-wells-to-wait-longer-for-filtration-systems/article_805de0fd-294e-5f78-9e3b-d86a6a95a2c4.html","pfas_testing_link":"https://www4.des.state.nh.us/nh-pfas-investigation/wp-content/uploads/tables-pdf.pdf","site_ref_link":null,"state_ref_link":"https://drive.google.com/drive/u/0/folders/1RsSKYaEE8jqAw7pH05tDHRflkjUL3t5H","ObjectId":2085}},{"type":"Feature","id":2086,"geometry":{"type":"Point","coordinates":[-71.523153,42.718431]},"properties":{"site_name":"Gilson Road Site","other_site_names":null,"state":"New Hampshire","industry":"Industry","matrix_type":"Groundwater","matrix":"Groundwater","year":null,"pfoa":"313","pfos":"1,190","total_pfas":1518,"pfas_level":1518,"notes":"Sylvester Site https://cumulis.epa.gov/supercpad/SiteProfiles/index.cfm?fuseaction=second.Cleanup&id=0101115#bkground ","regulation_gvt_link":null,"resources_link":null,"suspected_source_link":"https://www4.des.state.nh.us/nh-pfas-investigation/wp-content/uploads/tables-pdf.pdf","pfas_testing_link":"https://www4.des.state.nh.us/nh-pfas-investigation/wp-content/uploads/tables-pdf.pdf","site_ref_link":null,"state_ref_link":"https://drive.google.com/drive/u/0/folders/1RsSKYaEE8jqAw7pH05tDHRflkjUL3t5H","ObjectId":2086}},{"type":"Feature","id":2089,"geometry":{"type":"Point","coordinates":[-71.394194,42.915191]},"properties":{"site_name":"Sanborn Road Area Site","other_site_names":null,"state":"New Hampshire","industry":"Unknown","matrix_type":"Groundwater","matrix":"Groundwater","year":null,"pfoa":"117","pfos":"377","total_pfas":2034,"pfas_level":2034,"notes":null,"regulation_gvt_link":null,"resources_link":null,"suspected_source_link":"https://www4.des.state.nh.us/nh-pfas-investigation/wp-content/uploads/tables-pdf.pdf","pfas_testing_link":"https://www4.des.state.nh.us/nh-pfas-investigation/wp-content/uploads/tables-pdf.pdf","site_ref_link":null,"state_ref_link":"https://drive.google.com/drive/u/0/folders/1RsSKYaEE8jqAw7pH05tDHRflkjUL3t5H","ObjectId":2089}},{"type":"Feature","id":2093,"geometry":{"type":"Point","coordinates":[-71.718178,43.221318]},"properties":{"site_name":"Marklin Candle Co Former Aerotronic Fac","other_site_names":null,"state":"New Hampshire","industry":"Industry","matrix_type":"Groundwater","matrix":"Groundwater","year":null,"pfoa":"221","pfos":"1,530","total_pfas":2262,"pfas_level":2262,"notes":null,"regulation_gvt_link":null,"resources_link":null,"suspected_source_link":"https://www4.des.state.nh.us/nh-pfas-investigation/wp-content/uploads/tables-pdf.pdf","pfas_testing_link":"https://www4.des.state.nh.us/nh-pfas-investigation/wp-content/uploads/tables-pdf.pdf","site_ref_link":null,"state_ref_link":"https://drive.google.com/drive/u/0/folders/1RsSKYaEE8jqAw7pH05tDHRflkjUL3t5H","ObjectId":2093}},{"type":"Feature","id":2102,"geometry":{"type":"Point","coordinates":[-71.07709,42.89611]},"properties":{"site_name":"Ottati & Goss","other_site_names":"Great Lakes Container Corp, Ottati & Goss/Kingston Steel Drum","state":"New Hampshire","industry":"Industry","matrix_type":"Groundwater","matrix":"Groundwater","year":null,"pfoa":"3,200","pfos":"4,750","total_pfas":8041,"pfas_level":8041,"notes":null,"regulation_gvt_link":null,"resources_link":null,"suspected_source_link":"https://www4.des.state.nh.us/nh-pfas-investigation/wp-content/uploads/tables-pdf.pdf","pfas_testing_link":"https://www4.des.state.nh.us/nh-pfas-investigation/wp-content/uploads/tables-pdf.pdf","site_ref_link":null,"state_ref_link":"https://drive.google.com/drive/u/0/folders/1RsSKYaEE8jqAw7pH05tDHRflkjUL3t5H","ObjectId":2102}},{"type":"Feature","id":2103,"geometry":{"type":"Point","coordinates":[-72.424874,43.079257]},"properties":{"site_name":"Central Plating & Co.","other_site_names":null,"state":"New Hampshire","industry":"Industry","matrix_type":"Groundwater","matrix":"Groundwater","year":null,"pfoa":"1,070","pfos":"7,080","total_pfas":8957,"pfas_level":8957,"notes":null,"regulation_gvt_link":null,"resources_link":null,"suspected_source_link":"https://www4.des.state.nh.us/nh-pfas-investigation/wp-content/uploads/tables-pdf.pdf","pfas_testing_link":"https://www4.des.state.nh.us/nh-pfas-investigation/wp-content/uploads/tables-pdf.pdf","site_ref_link":null,"state_ref_link":"https://drive.google.com/drive/u/0/folders/1RsSKYaEE8jqAw7pH05tDHRflkjUL3t5H","ObjectId":2103}},{"type":"Feature","id":2106,"geometry":{"type":"Point","coordinates":[-71.651918,43.444118]},"properties":{"site_name":"Franklin Fire Station","other_site_names":null,"state":"New Hampshire","industry":"Fire Department/Training Facility","matrix_type":"Groundwater","matrix":"Groundwater","year":null,"pfoa":"480","pfos":"10,000","total_pfas":12460,"pfas_level":12460,"notes":null,"regulation_gvt_link":null,"resources_link":null,"suspected_source_link":"https://www4.des.state.nh.us/nh-pfas-investigation/wp-content/uploads/tables-pdf.pdf","pfas_testing_link":"https://www4.des.state.nh.us/nh-pfas-investigation/wp-content/uploads/tables-pdf.pdf","site_ref_link":null,"state_ref_link":"https://drive.google.com/drive/u/0/folders/1RsSKYaEE8jqAw7pH05tDHRflkjUL3t5H","ObjectId":2106}},{"type":"Feature","id":2118,"geometry":{"type":"Point","coordinates":[-71.050801,43.014183]},"properties":{"site_name":"Rockingham County Complex","other_site_names":"Rockingham Fire Training Facility","state":"New Hampshire","industry":"Fire Department/Training Facility","matrix_type":"Groundwater","matrix":"Groundwater","year":null,"pfoa":"3,800","pfos":"46,000","total_pfas":69300,"pfas_level":69300,"notes":"AFFF used for training exercises at Rockingham County Fire Training Facility","regulation_gvt_link":"https://www4.des.state.nh.us/nh-pfas-investigation/?page_id=75","resources_link":"https://www4.des.state.nh.us/DESOneStop/PRSDetail.aspx?ID=0037624&Type=PRS","suspected_source_link":"https://www.des.nh.gov/organization/commissioner/documents/pfoa-statewide-status-20170110.pdf","pfas_testing_link":"https://www4.des.state.nh.us/nh-pfas-investigation/wp-content/uploads/tables-pdf.pdf","site_ref_link":"https://drive.google.com/drive/u/1/folders/1XV02S5dv9tTRRZMKTMDrTGJhShYcBFfI","state_ref_link":"https://drive.google.com/drive/u/1/folders/1RsSKYaEE8jqAw7pH05tDHRflkjUL3t5H","ObjectId":2118}},{"type":"Feature","id":2128,"geometry":{"type":"Point","coordinates":[-70.820066,43.078561]},"properties":{"site_name":"Pease Air Force Base","other_site_names":null,"state":"New Hampshire","industry":"Military","matrix_type":"Groundwater","matrix":"Groundwater","year":null,"pfoa":"130,000","pfos":"490,000","total_pfas":651290,"pfas_level":651290,"notes":"AFFF used at former Pease Air Force Base \n\nTesting for Pease: https://www.testingforpease.com/","regulation_gvt_link":"https://cumulis.epa.gov/supercpad/SiteProfiles/index.cfm?fuseaction=second.cleanup&id=0101213","resources_link":"https://www4.des.state.nh.us/nh-pfas-investigation/","suspected_source_link":"http://www.testingforpease.com/pfcs-pease/","pfas_testing_link":"https://www4.des.state.nh.us/nh-pfas-investigation/wp-content/uploads/tables-pdf.pdf","site_ref_link":"https://drive.google.com/drive/u/0/folders/1LJluwv7vvz2422DpV1eqecDiS-gkwf0M","state_ref_link":"https://drive.google.com/drive/u/1/folders/1RsSKYaEE8jqAw7pH05tDHRflkjUL3t5H","ObjectId":2128}},{"type":"Feature","id":2326,"geometry":{"type":"Point","coordinates":[-71.575819,42.8092]},"properties":{"site_name":"Former Textiles Coated International","other_site_names":null,"state":"New Hampshire","industry":"Industry","matrix_type":"Groundwater","matrix":"Groundwater","year":2016,"pfoa":"620","pfos":null,"total_pfas":620,"pfas_level":620,"notes":"Manufacturing activities by Textiles Coated International (TCI) ","regulation_gvt_link":"https://www4.des.state.nh.us/IISProxy/IISProxy.dll?ContentId=4707038","resources_link":"https://www4.des.state.nh.us/nh-pfas-investigation/","suspected_source_link":"https://www4.des.state.nh.us/nh-pfas-investigation/?page_id=225","pfas_testing_link":null,"site_ref_link":"https://drive.google.com/drive/u/1/folders/19BTCZXz54lLFXbL2DUQOoXdvh1TPqt9w","state_ref_link":"https://drive.google.com/drive/u/1/folders/1RsSKYaEE8jqAw7pH05tDHRflkjUL3t5H","ObjectId":2326}},{"type":"Feature","id":2327,"geometry":{"type":"Point","coordinates":[-71.465009,42.894129]},"properties":{"site_name":"Saint Gobain Performance Plastics","other_site_names":null,"state":"New Hampshire","industry":"Industry","matrix_type":"Groundwater","matrix":"Groundwater","year":2019,"pfoa":"69500","pfos":"2560","total_pfas":75220,"pfas_level":75220,"notes":"Saint-Gobain Performance Plastics ","regulation_gvt_link":"https://www4.des.state.nh.us/nh-pfas-investigation/?p=1216","resources_link":"https://www4.des.state.nh.us/nh-pfas-investigation/","suspected_source_link":"https://www4.des.state.nh.us/nh-pfas-investigation/?cat=8","pfas_testing_link":"https://www4.des.state.nh.us/nh-pfas-investigation/wp-content/uploads/tables-pdf.pdf","site_ref_link":"https://drive.google.com/drive/u/0/folders/1-ld7lBLt-xHsLD3geiQ0Rs93Jg1VTSPf","state_ref_link":"https://drive.google.com/drive/u/1/folders/1RsSKYaEE8jqAw7pH05tDHRflkjUL3t5H","ObjectId":2327}},{"type":"Feature","id":2328,"geometry":{"type":"Point","coordinates":[-70.820066,43.078561]},"properties":{"site_name":"Pease Air Force Base","other_site_names":null,"state":"New Hampshire","industry":"Military","matrix_type":"Groundwater","matrix":"Groundwater","year":null,"pfoa":"130000","pfos":"490000","total_pfas":651290,"pfas_level":651290,"notes":"AFFF used at former Pease Air Force Base \n\nTesting for Pease: https://www.testingforpease.com/","regulation_gvt_link":"https://cumulis.epa.gov/supercpad/SiteProfiles/index.cfm?fuseaction=second.cleanup&id=0101213","resources_link":"https://www4.des.state.nh.us/nh-pfas-investigation/","suspected_source_link":"http://www.testingforpease.com/pfcs-pease/","pfas_testing_link":"https://www4.des.state.nh.us/nh-pfas-investigation/wp-content/uploads/tables-pdf.pdf","site_ref_link":"https://drive.google.com/drive/u/0/folders/1LJluwv7vvz2422DpV1eqecDiS-gkwf0M","state_ref_link":"https://drive.google.com/drive/u/1/folders/1RsSKYaEE8jqAw7pH05tDHRflkjUL3t5H","ObjectId":2328}},{"type":"Feature","id":2329,"geometry":{"type":"Point","coordinates":[-70.835179,42.973762]},"properties":{"site_name":"North Hampton & Greenland","other_site_names":null,"state":"New Hampshire","industry":"Landfill","matrix_type":"Other Water","matrix":"Surface Water","year":2017,"pfoa":"1240","pfos":"452","total_pfas":9000,"pfas_level":9000,"notes":"Dumping of PFAS-containing waste at Coakley Landfill and Pro-Wash Car Wash","regulation_gvt_link":"https://www.des.nh.gov/organization/divisions/waste/hwrb/fss/superfund/summaries/documents/coakley.pdf","resources_link":"https://www4.des.state.nh.us/nh-pfas-investigation/","suspected_source_link":"http://www.seacoastonline.com/news/20171002/lawmakers-seek-lower-pfc-advisory-level","pfas_testing_link":null,"site_ref_link":"https://drive.google.com/drive/u/1/folders/1u0GdecgBh7-ewzbdwMkLG-nuGJJUrBII","state_ref_link":"https://drive.google.com/drive/u/1/folders/1RsSKYaEE8jqAw7pH05tDHRflkjUL3t5H","ObjectId":2329}},{"type":"Feature","id":2330,"geometry":{"type":"Point","coordinates":[-71.314982,42.803048]},"properties":{"site_name":"Central Metal Finishing","other_site_names":null,"state":"New Hampshire","industry":"Industry","matrix_type":"Groundwater","matrix":"Groundwater","year":2020,"pfoa":"33","pfos":"700","total_pfas":745,"pfas_level":745,"notes":"Industrial emissions from Central Metal Finishing Inc. facility","regulation_gvt_link":"https://windhamnh.gov/DocumentCenter/View/6069/PFOS_DESLetter_Jan2019","resources_link":"https://www4.des.state.nh.us/nh-pfas-investigation/","suspected_source_link":"https://www.des.nh.gov/media/pr/2017/20170609-windham-pfcs.htm","pfas_testing_link":"https://www4.des.state.nh.us/IISProxy/IISProxy.dll?ContentId=4788376","site_ref_link":"https://drive.google.com/drive/u/1/folders/15mC7l2vBYvEWMQZmXXy0VDV8NUI7henQ","state_ref_link":"https://drive.google.com/drive/u/1/folders/1RsSKYaEE8jqAw7pH05tDHRflkjUL3t5H","ObjectId":2330}},{"type":"Feature","id":2331,"geometry":{"type":"Point","coordinates":[-71.621592,42.947936]},"properties":{"site_name":"New Boston Air Force Station","other_site_names":null,"state":"New Hampshire","industry":"Military","matrix_type":"Groundwater","matrix":"Groundwater","year":null,"pfoa":"150","pfos":"260","total_pfas":537,"pfas_level":537,"notes":"AFFF used at New Boston Air Force Station","regulation_gvt_link":"https://www.des.nh.gov/organization/divisions/waste/hwrb/fss/dod/documents/newboston.pdf","resources_link":"https://www4.des.state.nh.us/nh-pfas-investigation/","suspected_source_link":"https://drive.google.com/file/d/1EUMAiROzk8OxvPAWubv0xGGH9zI6mw4d/view?usp=drive_link ","pfas_testing_link":"https://drive.google.com/file/d/1wegRoRmL8yh5CMRzYYWYihqg3ObkIRfz/view?usp=sharing","site_ref_link":"https://drive.google.com/drive/u/1/folders/1DB1NvMolTP_6oq30_Pu7RJ4-lXGlX-zy","state_ref_link":"https://drive.google.com/drive/u/1/folders/1RsSKYaEE8jqAw7pH05tDHRflkjUL3t5H","ObjectId":2331}},{"type":"Feature","id":2332,"geometry":{"type":"Point","coordinates":[-70.803935,43.109189]},"properties":{"site_name":"DFSP Newington","other_site_names":null,"state":"New Hampshire","industry":"Military","matrix_type":"Groundwater","matrix":"Groundwater","year":2019,"pfoa":"1070","pfos":"1460","total_pfas":2976,"pfas_level":2976,"notes":null,"regulation_gvt_link":"N/A","resources_link":"https://www4.des.state.nh.us/DESOneStop/PRSDetail.aspx?ID=0038213&Type=PRS","suspected_source_link":"https://drive.google.com/file/d/1EUMAiROzk8OxvPAWubv0xGGH9zI6mw4d/view?usp=drive_link ","pfas_testing_link":"https://www4.des.state.nh.us/IISProxy/IISProxy.dll?ContentId=4788376","site_ref_link":"https://drive.google.com/drive/u/1/folders/12XlnuqDYTLqincA6IRhJTGDQP4vIlV_B","state_ref_link":"https://drive.google.com/drive/u/1/folders/1RsSKYaEE8jqAw7pH05tDHRflkjUL3t5H","ObjectId":2332}},{"type":"Feature","id":2333,"geometry":{"type":"Point","coordinates":[-70.91519,43.170689]},"properties":{"site_name":"Former Madburry Metals","other_site_names":null,"state":"New Hampshire","industry":"Industry","matrix_type":"Groundwater","matrix":"Groundwater","year":2018,"pfoa":"425","pfos":"579","total_pfas":1028,"pfas_level":1028,"notes":"Former Madburry Metals facility","regulation_gvt_link":"https://www.des.nh.gov/organization/divisions/water/wmb/wqs/documents/r-wd-19-30.pdf","resources_link":"https://www4.des.state.nh.us/nh-pfas-investigation/","suspected_source_link":"http://www.fosters.com/news/20180717/dover-shuts-down-one-drinking-water-well-due-to-contamination","pfas_testing_link":null,"site_ref_link":"https://drive.google.com/drive/u/1/folders/1HQRWgLPnskZKM7rj4fSAG5rNZu1jNWG6","state_ref_link":"https://drive.google.com/drive/u/1/folders/1RsSKYaEE8jqAw7pH05tDHRflkjUL3t5H","ObjectId":2333}},{"type":"Feature","id":2334,"geometry":{"type":"Point","coordinates":[-70.991863,42.935558]},"properties":{"site_name":"Bodwell Septage Lagoon & Treatment","other_site_names":null,"state":"New Hampshire","industry":"Industry","matrix_type":"Groundwater","matrix":"Groundwater","year":2019,"pfoa":null,"pfos":null,"total_pfas":795,"pfas_level":795,"notes":"Biological Recycling Company LLC [BRC], which processes septage and spreads sludge on fields, is the suspected source of PFAS contamination","regulation_gvt_link":"https://www.des.nh.gov/media/pr/2019/20190614-east-kingston-pfas-meeting.htm","resources_link":"https://www4.des.state.nh.us/DESOneStop/PRSDetail.aspx?ID=0001794&Type=GWP","suspected_source_link":"https://www.unionleader.com/news/environment/des-well-water-contamination-detected-in-east-kingston-linked-to/article_45688cc7-5541-5054-b6af-9c246b2a7833.html","pfas_testing_link":"https://www4.des.state.nh.us/IISProxy/IISProxy.dll?ContentId=4853935","site_ref_link":"https://drive.google.com/open?id=1VDZfZ3iSQ-hQm4RST330ovRmrsmaf-NG","state_ref_link":"https://drive.google.com/drive/u/1/folders/1RsSKYaEE8jqAw7pH05tDHRflkjUL3t5H","ObjectId":2334}},{"type":"Feature","id":2335,"geometry":{"type":"Point","coordinates":[-70.992698,43.325626]},"properties":{"site_name":"Lyndall Performance Materials","other_site_names":null,"state":"New Hampshire","industry":"Industry","matrix_type":"Groundwater","matrix":"Groundwater","year":2017,"pfoa":"21000","pfos":"9500","total_pfas":28730,"pfas_level":28730,"notes":"Industrial wastes from Lydall Performance Materials, Inc. ","regulation_gvt_link":"N/A","resources_link":"https://www4.des.state.nh.us/nh-pfas-investigation/","suspected_source_link":"https://www.des.nh.gov/organization/commissioner/documents/pfoa-statewide-status-20170110.pdf","pfas_testing_link":"https://www4.des.state.nh.us/IISProxy/IISProxy.dll?ContentId=4788376","site_ref_link":"https://drive.google.com/drive/u/1/folders/1cwMFdshKadvh-5f8k8W2uqlQ7AKF0jjY","state_ref_link":"https://drive.google.com/drive/u/1/folders/1RsSKYaEE8jqAw7pH05tDHRflkjUL3t5H","ObjectId":2335}},{"type":"Feature","id":2336,"geometry":{"type":"Point","coordinates":[-70.956032,43.236378]},"properties":{"site_name":"Turnkey Landfill","other_site_names":null,"state":"New Hampshire","industry":"Landfill","matrix_type":"Groundwater","matrix":"Groundwater","year":2020,"pfoa":"350","pfos":"70","total_pfas":null,"pfas_level":420,"notes":"Leachate from PFAS-containing waste at Turnkey Landfill","regulation_gvt_link":"N/A","resources_link":"https://www4.des.state.nh.us/DESOneStop/PRSDetail.aspx?ID=0000292&Type=PRS","suspected_source_link":"https://www.bostonglobe.com/metro/2019/11/05/toxic-chemicals-can-dumped-into-merrimack-river-federal-and-state-officials-say/N0u3jOxo1CnpcQiACEW88N/story.html?s_campaign=breakingnews:newsletter","pfas_testing_link":"https://www4.des.state.nh.us/nh-pfas-investigation/wp-content/uploads/tables-pdf.pdf","site_ref_link":"https://drive.google.com/drive/u/0/folders/1DulBMDjZdflLQ5mETadGPNiDkCHQGCTj","state_ref_link":"https://drive.google.com/drive/u/1/folders/1RsSKYaEE8jqAw7pH05tDHRflkjUL3t5H","ObjectId":2336}},{"type":"Feature","id":2337,"geometry":{"type":"Point","coordinates":[-71.4841,44.8796]},"properties":{"site_name":"Colebrook Landfill","other_site_names":null,"state":"New Hampshire","industry":"Landfill","matrix_type":"Groundwater","matrix":"Groundwater","year":2019,"pfoa":"229","pfos":"23","total_pfas":874,"pfas_level":874,"notes":"Leachate from PFAS-containing waste dumped in Colebrook Landfill","regulation_gvt_link":"N/A","resources_link":"https://www4.des.state.nh.us/nh-pfas-investigation/","suspected_source_link":"https://nhdes.maps.arcgis.com/apps/View/index.html?appid=66770bef141c43a98a445c54a17720e2&extent=-73.5743,42.5413,-69.6852,45.4509","pfas_testing_link":null,"site_ref_link":"https://drive.google.com/drive/u/0/folders/1EVUFKvYF65M9LuTOsvT4FcP0bR9b7DYD","state_ref_link":"https://drive.google.com/drive/u/1/folders/1RsSKYaEE8jqAw7pH05tDHRflkjUL3t5H","ObjectId":2337}},{"type":"Feature","id":2338,"geometry":{"type":"Point","coordinates":[-71.245612,42.761077]},"properties":{"site_name":"LLS Landfill","other_site_names":null,"state":"New Hampshire","industry":"Landfill","matrix_type":"Groundwater","matrix":"Groundwater","year":2019,"pfoa":"850","pfos":"530","total_pfas":2110,"pfas_level":2110,"notes":"Possible AFFF used to fight fires at LLS Landfill","regulation_gvt_link":"https://www4.des.state.nh.us/nh-pfas-investigation/?page_id=75","resources_link":"https://www4.des.state.nh.us/DESOneStop/PRSDetail.aspx?ID=0000089&Type=PRS","suspected_source_link":"https://www.des.nh.gov/organization/commissioner/documents/pfoa-statewide-status-20170110.pdf","pfas_testing_link":"https://www4.des.state.nh.us/IISProxy/IISProxy.dll?ContentId=4788376","site_ref_link":"https://drive.google.com/drive/u/1/folders/1U2tngpTf52uwmwZbmNAx7DtUxW6X0xUS","state_ref_link":"https://drive.google.com/drive/u/1/folders/1RsSKYaEE8jqAw7pH05tDHRflkjUL3t5H","ObjectId":2338}},{"type":"Feature","id":2339,"geometry":{"type":"Point","coordinates":[-72.166957,42.802232]},"properties":{"site_name":"Meadowood Fire Training Facility","other_site_names":null,"state":"New Hampshire","industry":"Fire Department/Training Facility","matrix_type":"Groundwater","matrix":"Groundwater","year":2020,"pfoa":"2","pfos":null,"total_pfas":15,"pfas_level":15,"notes":"AFFF used for training exercises at Meadowood Fire Training Facility","regulation_gvt_link":"https://www4.des.state.nh.us/nh-pfas-investigation/?page_id=75","resources_link":"https://www4.des.state.nh.us/nh-pfas-investigation/","suspected_source_link":"https://www.des.nh.gov/organization/commissioner/documents/pfoa-statewide-status-20170110.pdf","pfas_testing_link":"https://www4.des.state.nh.us/IISProxy/IISProxy.dll?ContentId=4874011","site_ref_link":"https://drive.google.com/drive/u/1/folders/1T__F2tViuvs0oaAPqzrcyy-Ny7q_7-XF","state_ref_link":"https://drive.google.com/drive/u/1/folders/1RsSKYaEE8jqAw7pH05tDHRflkjUL3t5H","ObjectId":2339}},{"type":"Feature","id":2340,"geometry":{"type":"Point","coordinates":[-71.050801,43.014183]},"properties":{"site_name":"Rockingham County Complex","other_site_names":"Rockingham Fire Training Facility","state":"New Hampshire","industry":"Fire Department/Training Facility","matrix_type":"Groundwater","matrix":"Groundwater","year":null,"pfoa":"3800","pfos":"46000","total_pfas":69300,"pfas_level":69300,"notes":"AFFF used for training exercises at Rockingham County Fire Training Facility","regulation_gvt_link":"https://www4.des.state.nh.us/nh-pfas-investigation/?page_id=75","resources_link":"https://www4.des.state.nh.us/DESOneStop/PRSDetail.aspx?ID=0037624&Type=PRS","suspected_source_link":"https://www.des.nh.gov/organization/commissioner/documents/pfoa-statewide-status-20170110.pdf","pfas_testing_link":"https://www4.des.state.nh.us/nh-pfas-investigation/wp-content/uploads/tables-pdf.pdf","site_ref_link":"https://drive.google.com/drive/u/1/folders/1XV02S5dv9tTRRZMKTMDrTGJhShYcBFfI","state_ref_link":"https://drive.google.com/drive/u/1/folders/1RsSKYaEE8jqAw7pH05tDHRflkjUL3t5H","ObjectId":2340}},{"type":"Feature","id":2341,"geometry":{"type":"Point","coordinates":[-71.055865,42.933516]},"properties":{"site_name":"Kingston Fire Department","other_site_names":null,"state":"New Hampshire","industry":"Fire Department/Training Facility","matrix_type":"Groundwater","matrix":"Groundwater","year":2016,"pfoa":"400","pfos":"110","total_pfas":672,"pfas_level":672,"notes":"AFFF used at Kingston Fire Department ","regulation_gvt_link":"N/A","resources_link":"https://www.des.nh.gov/media/pr/2016/20161027-well-water-kingston.htm","suspected_source_link":"https://www.des.nh.gov/organization/commissioner/documents/pfoa-statewide-status-20170110.pdf","pfas_testing_link":"https://www4.des.state.nh.us/nh-pfas-investigation/wp-content/uploads/tables-pdf.pdf","site_ref_link":"https://drive.google.com/drive/u/1/folders/1Y_jKNniqwXZnoyhmfbTXzP_TzQlg4uLP","state_ref_link":"https://drive.google.com/drive/u/1/folders/1RsSKYaEE8jqAw7pH05tDHRflkjUL3t5H","ObjectId":2341}},{"type":"Feature","id":2342,"geometry":{"type":"Point","coordinates":[-71.405385,43.550292]},"properties":{"site_name":"Gilford Municpal Complex","other_site_names":"Gilford Fire Department","state":"New Hampshire","industry":"Fire Department/Training Facility","matrix_type":"Groundwater","matrix":"Groundwater","year":2017,"pfoa":"6","pfos":"85","total_pfas":165,"pfas_level":165,"notes":"AFFF used at Gilford Fire Department","regulation_gvt_link":"N/A","resources_link":"https://www4.des.state.nh.us/nh-pfas-investigation/","suspected_source_link":"https://www.des.nh.gov/organization/commissioner/documents/pfoa-statewide-status-20170110.pdf","pfas_testing_link":"https://www4.des.state.nh.us/IISProxy/IISProxy.dll?ContentId=4822558","site_ref_link":"https://drive.google.com/drive/u/1/folders/1E0YqCq2OviG5ZenxCnr7XnNham_HSZcg","state_ref_link":"https://drive.google.com/drive/u/1/folders/1RsSKYaEE8jqAw7pH05tDHRflkjUL3t5H","ObjectId":2342}},{"type":"Feature","id":2572,"geometry":{"type":"Point","coordinates":[-71.908645,43.11277]},"properties":{"site_name":"Hillsborough Landfill","other_site_names":null,"state":"New Hampshire","industry":"Landfill","matrix_type":"Groundwater","matrix":"Groundwater","year":2019,"pfoa":"430","pfos":"310","total_pfas":1352,"pfas_level":1352,"notes":null,"regulation_gvt_link":null,"resources_link":"https://www4.des.state.nh.us/DESOneStop/PRSDetail.aspx?ID=0000199&Type=PRS","suspected_source_link":"https://nhdes.maps.arcgis.com/apps/View/index.html?appid=66770bef141c43a98a445c54a17720e2&extent=-73.5743,42.5413,-69.6852,45.4509","pfas_testing_link":"https://www4.des.state.nh.us/IISProxy/IISProxy.dll?ContentId=4821953","site_ref_link":"https://drive.google.com/drive/u/0/folders/1mrQF8iiJZqTiDm76nP2kly9AXvQ723rQ","state_ref_link":"https://drive.google.com/drive/u/0/folders/1RsSKYaEE8jqAw7pH05tDHRflkjUL3t5H","ObjectId":2572}},{"type":"Feature","id":2573,"geometry":{"type":"Point","coordinates":[-72.327931,43.614436]},"properties":{"site_name":"Lebanon Landfill","other_site_names":null,"state":"New Hampshire","industry":"Landfill","matrix_type":"Groundwater","matrix":"Groundwater","year":2019,"pfoa":"45","pfos":"15","total_pfas":1177,"pfas_level":1177,"notes":null,"regulation_gvt_link":null,"resources_link":"https://www4.des.state.nh.us/DESOneStop/PRSDetail.aspx?ID=0000414&Type=PRS","suspected_source_link":"https://nhdes.maps.arcgis.com/apps/View/index.html?appid=66770bef141c43a98a445c54a17720e2&extent=-73.5743,42.5413,-69.6852,45.4509","pfas_testing_link":"https://www4.des.state.nh.us/IISProxy/IISProxy.dll?ContentId=4849018","site_ref_link":"https://drive.google.com/drive/u/0/folders/1-g-pxhs_yOHjPClJWOtzo1cLcWOaJ-3N","state_ref_link":"https://drive.google.com/drive/u/0/folders/1RsSKYaEE8jqAw7pH05tDHRflkjUL3t5H","ObjectId":2573}},{"type":"Feature","id":2574,"geometry":{"type":"Point","coordinates":[-71.485847,43.191582]},"properties":{"site_name":"New Hampshire National Guard Training Site","other_site_names":"NH National Guard Army Pembroke Regional Training Institute","state":"New Hampshire","industry":"Military","matrix_type":"Other Water","matrix":"Drinking Water","year":2018,"pfoa":"10","pfos":"6","total_pfas":61,"pfas_level":61,"notes":null,"regulation_gvt_link":null,"resources_link":null,"suspected_source_link":"https://drive.google.com/file/d/1g1t60FsMLcfluvkLqorqlbsHnkF_rNZw/view?usp=sharing","pfas_testing_link":"https://drive.google.com/file/d/1g1t60FsMLcfluvkLqorqlbsHnkF_rNZw/view?usp=sharing","site_ref_link":"https://drive.google.com/drive/u/0/folders/17vc5JX3Gvo92Bih-kg-GABnBbExIJhXg","state_ref_link":"https://drive.google.com/drive/u/1/folders/1RsSKYaEE8jqAw7pH05tDHRflkjUL3t5H","ObjectId":2574}},{"type":"Feature","id":2575,"geometry":{"type":"Point","coordinates":[-71.034219,43.179297]},"properties":{"site_name":"Tibbetts Road","other_site_names":null,"state":"New Hampshire","industry":"Superfund Site","matrix_type":"Groundwater","matrix":"Groundwater","year":2018,"pfoa":"2","pfos":"3","total_pfas":13,"pfas_level":13,"notes":null,"regulation_gvt_link":null,"resources_link":"https://www4.des.state.nh.us/DESOneStop/PRSDetail.aspx?ID=0001713&Type=PRS","suspected_source_link":"https://nhdes.maps.arcgis.com/apps/View/index.html?appid=66770bef141c43a98a445c54a17720e2&extent=-73.5743,42.5413,-69.6852,45.4509","pfas_testing_link":"https://www4.des.state.nh.us/IISProxy/IISProxy.dll?ContentId=4754507","site_ref_link":"https://drive.google.com/drive/u/0/folders/10dJsZ4-s9jDoG8mS4qFLt_eZjWhmpOmt","state_ref_link":"https://drive.google.com/drive/u/0/folders/1RsSKYaEE8jqAw7pH05tDHRflkjUL3t5H","ObjectId":2575}},{"type":"Feature","id":2873,"geometry":{"type":"Point","coordinates":[-71.08011,42.89582]},"properties":{"site_name":"Ottati & Goss","other_site_names":"Kingston Steel Drum","state":"New Hampshire","industry":"Industry","matrix_type":"Groundwater","matrix":"Groundwater","year":2022,"pfoa":"1760","pfos":"3170","total_pfas":3566,"pfas_level":3566,"notes":null,"regulation_gvt_link":null,"resources_link":"https://cumulis.epa.gov/supercpad/SiteProfiles/index.cfm?fuseaction=second.docdata&id=0101210","suspected_source_link":"https://www.epw.senate.gov/public/index.cfm/superfund-sites-identified-by-epa-to-have-pfas-contamination","pfas_testing_link":"https://semspub.epa.gov/work/01/100031438.pdf","site_ref_link":null,"state_ref_link":null,"ObjectId":2873}},{"type":"Feature","id":3336,"geometry":{"type":"Point","coordinates":[-71.205204,43.633669]},"properties":{"site_name":"Wolfeboro Ash Landfill","other_site_names":null,"state":"New Hampshire","industry":"Landfill","matrix_type":"Groundwater","matrix":"Groundwater","year":2019,"pfoa":"230","pfos":"91","total_pfas":929,"pfas_level":929,"notes":null,"regulation_gvt_link":null,"resources_link":"https://www4.des.state.nh.us/DESOneStop/PRSDetail.aspx?ID=0000110&Type=PRS","suspected_source_link":"https://nhdes.maps.arcgis.com/apps/View/index.html?appid=66770bef141c43a98a445c54a17720e2&extent=-73.5743,42.5413,-69.6852,45.4504","pfas_testing_link":"https://www4.des.state.nh.us/nh-pfas-investigation/wp-content/uploads/tables-pdf.pdf","site_ref_link":"https://drive.google.com/drive/u/0/folders/1_9dfv-OV3JbxXwEPWougtxjhonmlpZ0n","state_ref_link":"https://drive.google.com/drive/u/0/folders/1RsSKYaEE8jqAw7pH05tDHRflkjUL3t5H","ObjectId":3336}},{"type":"Feature","id":3598,"geometry":{"type":"Point","coordinates":[-72.345219,43.368981]},"properties":{"site_name":"101 Mulberry Street Property","other_site_names":null,"state":"New Hampshire","industry":"Unknown","matrix_type":"Groundwater","matrix":"Groundwater","year":null,"pfoa":"7","pfos":"9","total_pfas":24,"pfas_level":24,"notes":null,"regulation_gvt_link":null,"resources_link":"https://www.dhhs.nh.gov/dphs/pfcs/index.htm","suspected_source_link":"https://www4.des.state.nh.us/nh-pfas-investigation/wp-content/uploads/tables-pdf.pdf","pfas_testing_link":"https://www4.des.state.nh.us/nh-pfas-investigation/wp-content/uploads/tables-pdf.pdf","site_ref_link":null,"state_ref_link":"https://drive.google.com/drive/u/0/folders/1RsSKYaEE8jqAw7pH05tDHRflkjUL3t5H","ObjectId":3598}},{"type":"Feature","id":3599,"geometry":{"type":"Point","coordinates":[-70.773576,43.048704]},"properties":{"site_name":"150 Mirona Road Property","other_site_names":null,"state":"New Hampshire","industry":"Unknown","matrix_type":"Groundwater","matrix":"Groundwater","year":null,"pfoa":"48","pfos":"119","total_pfas":184,"pfas_level":184,"notes":"RE/MAX By the Bay","regulation_gvt_link":null,"resources_link":"https://www.dhhs.nh.gov/dphs/pfcs/index.htm","suspected_source_link":"https://www4.des.state.nh.us/nh-pfas-investigation/wp-content/uploads/tables-pdf.pdf","pfas_testing_link":"https://www4.des.state.nh.us/nh-pfas-investigation/wp-content/uploads/tables-pdf.pdf","site_ref_link":null,"state_ref_link":"https://drive.google.com/drive/u/0/folders/1RsSKYaEE8jqAw7pH05tDHRflkjUL3t5H","ObjectId":3599}},{"type":"Feature","id":3600,"geometry":{"type":"Point","coordinates":[-70.899351,43.186748]},"properties":{"site_name":"16 Industrial Park Drive Llc","other_site_names":null,"state":"New Hampshire","industry":"Unknown","matrix_type":"Groundwater","matrix":"Groundwater","year":null,"pfoa":"8","pfos":"30","total_pfas":null,"pfas_level":37,"notes":"The Kane Company (one of their many facilities)","regulation_gvt_link":null,"resources_link":"https://www.dhhs.nh.gov/dphs/pfcs/index.htm","suspected_source_link":"https://www4.des.state.nh.us/nh-pfas-investigation/wp-content/uploads/tables-pdf.pdf","pfas_testing_link":"https://www4.des.state.nh.us/nh-pfas-investigation/wp-content/uploads/tables-pdf.pdf","site_ref_link":null,"state_ref_link":"https://drive.google.com/drive/u/0/folders/1RsSKYaEE8jqAw7pH05tDHRflkjUL3t5H","ObjectId":3600}},{"type":"Feature","id":3601,"geometry":{"type":"Point","coordinates":[-70.83146,42.973552]},"properties":{"site_name":"227A Atlantic Avenue Area Site","other_site_names":null,"state":"New Hampshire","industry":"Industry","matrix_type":"Groundwater","matrix":"Groundwater","year":null,"pfoa":"110","pfos":"660","total_pfas":1062,"pfas_level":1062,"notes":"Baldassarre Automotive ","regulation_gvt_link":null,"resources_link":"https://www.dhhs.nh.gov/dphs/pfcs/index.htm","suspected_source_link":"https://www4.des.state.nh.us/nh-pfas-investigation/wp-content/uploads/tables-pdf.pdf","pfas_testing_link":"https://www4.des.state.nh.us/nh-pfas-investigation/wp-content/uploads/tables-pdf.pdf","site_ref_link":null,"state_ref_link":"https://drive.google.com/drive/u/0/folders/1RsSKYaEE8jqAw7pH05tDHRflkjUL3t5H","ObjectId":3601}},{"type":"Feature","id":3602,"geometry":{"type":"Point","coordinates":[-71.355763,42.958055]},"properties":{"site_name":"28 Commercial Court","other_site_names":null,"state":"New Hampshire","industry":"Industry","matrix_type":"Groundwater","matrix":"Groundwater","year":null,"pfoa":"3","pfos":null,"total_pfas":null,"pfas_level":3,"notes":"Heritage Plumbing https://justcallheritage.com/ ","regulation_gvt_link":null,"resources_link":"https://www.dhhs.nh.gov/dphs/pfcs/index.htm","suspected_source_link":"https://www4.des.state.nh.us/nh-pfas-investigation/wp-content/uploads/tables-pdf.pdf","pfas_testing_link":"https://www4.des.state.nh.us/nh-pfas-investigation/wp-content/uploads/tables-pdf.pdf","site_ref_link":null,"state_ref_link":"https://drive.google.com/drive/u/0/folders/1RsSKYaEE8jqAw7pH05tDHRflkjUL3t5H","ObjectId":3602}},{"type":"Feature","id":3603,"geometry":{"type":"Point","coordinates":[-70.835083,42.945025]},"properties":{"site_name":"610 Lafayette Road","other_site_names":null,"state":"New Hampshire","industry":"Industry","matrix_type":"Groundwater","matrix":"Groundwater","year":null,"pfoa":"26","pfos":"31","total_pfas":64,"pfas_level":64,"notes":"Committed Collision and Auto Body Center http://committedcollision.com/","regulation_gvt_link":null,"resources_link":"https://www.dhhs.nh.gov/dphs/pfcs/index.htm","suspected_source_link":"https://www4.des.state.nh.us/nh-pfas-investigation/wp-content/uploads/tables-pdf.pdf","pfas_testing_link":"https://www4.des.state.nh.us/nh-pfas-investigation/wp-content/uploads/tables-pdf.pdf","site_ref_link":null,"state_ref_link":"https://drive.google.com/drive/u/0/folders/1RsSKYaEE8jqAw7pH05tDHRflkjUL3t5H","ObjectId":3603}},{"type":"Feature","id":3604,"geometry":{"type":"Point","coordinates":[-70.904626,43.185074]},"properties":{"site_name":"85 Industrial Park II LLC","other_site_names":null,"state":"New Hampshire","industry":"Superfund Site","matrix_type":"Groundwater","matrix":"Groundwater","year":null,"pfoa":"14","pfos":"6","total_pfas":21,"pfas_level":21,"notes":"another location of the Kane Company https://www.kane-company.com/portfolio/85-industrial-park-drive/ ","regulation_gvt_link":null,"resources_link":"https://www.dhhs.nh.gov/dphs/pfcs/index.htm","suspected_source_link":"https://www4.des.state.nh.us/nh-pfas-investigation/wp-content/uploads/tables-pdf.pdf","pfas_testing_link":"https://www4.des.state.nh.us/nh-pfas-investigation/wp-content/uploads/tables-pdf.pdf","site_ref_link":null,"state_ref_link":"https://drive.google.com/drive/u/0/folders/1RsSKYaEE8jqAw7pH05tDHRflkjUL3t5H","ObjectId":3604}},{"type":"Feature","id":3605,"geometry":{"type":"Point","coordinates":[-71.232794,42.782527]},"properties":{"site_name":"97 Shoppes - Commerc Septic System","other_site_names":null,"state":"New Hampshire","industry":"WWTP","matrix_type":"Groundwater","matrix":"Groundwater","year":null,"pfoa":"8","pfos":"8","total_pfas":null,"pfas_level":16,"notes":null,"regulation_gvt_link":null,"resources_link":"https://www.dhhs.nh.gov/dphs/pfcs/index.htm","suspected_source_link":"https://www4.des.state.nh.us/nh-pfas-investigation/wp-content/uploads/tables-pdf.pdf","pfas_testing_link":"https://www4.des.state.nh.us/nh-pfas-investigation/wp-content/uploads/tables-pdf.pdf","site_ref_link":null,"state_ref_link":"https://drive.google.com/drive/u/0/folders/1RsSKYaEE8jqAw7pH05tDHRflkjUL3t5H","ObjectId":3605}},{"type":"Feature","id":3606,"geometry":{"type":"Point","coordinates":[-70.924006,42.998214]},"properties":{"site_name":"Antique Repair Company","other_site_names":null,"state":"New Hampshire","industry":"Unknown","matrix_type":"Groundwater","matrix":"Groundwater","year":null,"pfoa":"85","pfos":"57","total_pfas":148,"pfas_level":148,"notes":null,"regulation_gvt_link":null,"resources_link":"https://www.dhhs.nh.gov/dphs/pfcs/index.htm","suspected_source_link":"https://www4.des.state.nh.us/nh-pfas-investigation/wp-content/uploads/tables-pdf.pdf","pfas_testing_link":"https://www4.des.state.nh.us/nh-pfas-investigation/wp-content/uploads/tables-pdf.pdf","site_ref_link":null,"state_ref_link":"https://drive.google.com/drive/u/0/folders/1RsSKYaEE8jqAw7pH05tDHRflkjUL3t5H","ObjectId":3606}},{"type":"Feature","id":3607,"geometry":{"type":"Point","coordinates":[-71.353304,42.86348]},"properties":{"site_name":"Appletree Mall","other_site_names":null,"state":"New Hampshire","industry":"Waste","matrix_type":"Groundwater","matrix":"Groundwater","year":null,"pfoa":"401","pfos":"164","total_pfas":1160,"pfas_level":1160,"notes":"Suspected contamination from the mall's old septic system","regulation_gvt_link":null,"resources_link":"https://www.dhhs.nh.gov/dphs/pfcs/index.htm","suspected_source_link":"https://www4.des.state.nh.us/nh-pfas-investigation/wp-content/uploads/tables-pdf.pdf https://www.unionleader.com/news/environment/londonderry-residents-with-pfas-contaminated-wells-to-wait-longer-for-filtration-systems/article_805de0fd-294e-5f78-9e3b-d86a6a95a2c4.html","pfas_testing_link":"https://www4.des.state.nh.us/nh-pfas-investigation/wp-content/uploads/tables-pdf.pdf","site_ref_link":null,"state_ref_link":"https://drive.google.com/drive/u/0/folders/1RsSKYaEE8jqAw7pH05tDHRflkjUL3t5H","ObjectId":3607}},{"type":"Feature","id":3608,"geometry":{"type":"Point","coordinates":[-71.644227,43.687066]},"properties":{"site_name":"Ashland Wastewater Treatment Facility UWW Lagoon","other_site_names":null,"state":"New Hampshire","industry":"WWTP","matrix_type":"Groundwater","matrix":"Groundwater","year":null,"pfoa":"11","pfos":"14","total_pfas":38,"pfas_level":38,"notes":null,"regulation_gvt_link":null,"resources_link":"https://www.dhhs.nh.gov/dphs/pfcs/index.htm","suspected_source_link":"https://www4.des.state.nh.us/nh-pfas-investigation/wp-content/uploads/tables-pdf.pdf","pfas_testing_link":"https://www4.des.state.nh.us/nh-pfas-investigation/wp-content/uploads/tables-pdf.pdf","site_ref_link":null,"state_ref_link":"https://drive.google.com/drive/u/0/folders/1RsSKYaEE8jqAw7pH05tDHRflkjUL3t5H","ObjectId":3608}},{"type":"Feature","id":3609,"geometry":{"type":"Point","coordinates":[-71.179894,42.820431]},"properties":{"site_name":"Atkinson Country Club","other_site_names":null,"state":"New Hampshire","industry":"Unknown","matrix_type":"Groundwater","matrix":"Groundwater","year":null,"pfoa":"18","pfos":null,"total_pfas":null,"pfas_level":18,"notes":null,"regulation_gvt_link":null,"resources_link":"https://www.dhhs.nh.gov/dphs/pfcs/index.htm","suspected_source_link":"https://www4.des.state.nh.us/nh-pfas-investigation/wp-content/uploads/tables-pdf.pdf","pfas_testing_link":"https://www4.des.state.nh.us/nh-pfas-investigation/wp-content/uploads/tables-pdf.pdf","site_ref_link":null,"state_ref_link":"https://drive.google.com/drive/u/0/folders/1RsSKYaEE8jqAw7pH05tDHRflkjUL3t5H","ObjectId":3609}},{"type":"Feature","id":3610,"geometry":{"type":"Point","coordinates":[-71.359616,42.928542]},"properties":{"site_name":"Auburn Road Landfill","other_site_names":null,"state":"New Hampshire","industry":"Landfill","matrix_type":"Groundwater","matrix":"Groundwater","year":null,"pfoa":"43","pfos":"36","total_pfas":91,"pfas_level":91,"notes":null,"regulation_gvt_link":null,"resources_link":"https://www.dhhs.nh.gov/dphs/pfcs/index.htm","suspected_source_link":"https://www4.des.state.nh.us/nh-pfas-investigation/wp-content/uploads/tables-pdf.pdf","pfas_testing_link":"https://www4.des.state.nh.us/nh-pfas-investigation/wp-content/uploads/tables-pdf.pdf","site_ref_link":null,"state_ref_link":"https://drive.google.com/drive/u/0/folders/1RsSKYaEE8jqAw7pH05tDHRflkjUL3t5H","ObjectId":3610}},{"type":"Feature","id":3611,"geometry":{"type":"Point","coordinates":[-71.439136,43.054761]},"properties":{"site_name":"Auto Wholesaler of Hooksett","other_site_names":"Nault Subaru","state":"New Hampshire","industry":"Industry","matrix_type":"Groundwater","matrix":"Groundwater","year":null,"pfoa":"61","pfos":"14","total_pfas":81,"pfas_level":81,"notes":null,"regulation_gvt_link":null,"resources_link":"https://www.dhhs.nh.gov/dphs/pfcs/index.htm","suspected_source_link":"https://www4.des.state.nh.us/nh-pfas-investigation/wp-content/uploads/tables-pdf.pdf","pfas_testing_link":"https://www4.des.state.nh.us/nh-pfas-investigation/wp-content/uploads/tables-pdf.pdf","site_ref_link":null,"state_ref_link":"https://drive.google.com/drive/u/0/folders/1RsSKYaEE8jqAw7pH05tDHRflkjUL3t5H","ObjectId":3611}},{"type":"Feature","id":3612,"geometry":{"type":"Point","coordinates":[-71.306526,44.870226]},"properties":{"site_name":"Balsams UWW Lagoon","other_site_names":null,"state":"New Hampshire","industry":"Unknown","matrix_type":"Groundwater","matrix":"Groundwater","year":null,"pfoa":"9","pfos":null,"total_pfas":null,"pfas_level":9,"notes":null,"regulation_gvt_link":null,"resources_link":"https://www.dhhs.nh.gov/dphs/pfcs/index.htm","suspected_source_link":"https://www4.des.state.nh.us/nh-pfas-investigation/wp-content/uploads/tables-pdf.pdf","pfas_testing_link":"https://www4.des.state.nh.us/nh-pfas-investigation/wp-content/uploads/tables-pdf.pdf","site_ref_link":null,"state_ref_link":"https://drive.google.com/drive/u/0/folders/1RsSKYaEE8jqAw7pH05tDHRflkjUL3t5H","ObjectId":3612}},{"type":"Feature","id":3613,"geometry":{"type":"Point","coordinates":[-72.351604,43.368438]},"properties":{"site_name":"Barney Bass Company","other_site_names":null,"state":"New Hampshire","industry":"Industry","matrix_type":"Groundwater","matrix":"Groundwater","year":null,"pfoa":"1","pfos":"1","total_pfas":null,"pfas_level":3,"notes":null,"regulation_gvt_link":null,"resources_link":null,"suspected_source_link":"https://www4.des.state.nh.us/nh-pfas-investigation/wp-content/uploads/tables-pdf.pdf","pfas_testing_link":"https://www4.des.state.nh.us/nh-pfas-investigation/wp-content/uploads/tables-pdf.pdf","site_ref_link":null,"state_ref_link":"https://drive.google.com/drive/u/0/folders/1RsSKYaEE8jqAw7pH05tDHRflkjUL3t5H","ObjectId":3613}},{"type":"Feature","id":3614,"geometry":{"type":"Point","coordinates":[-71.488721,43.543951]},"properties":{"site_name":"Baron Machine Company","other_site_names":null,"state":"New Hampshire","industry":"Industry","matrix_type":"Groundwater","matrix":"Groundwater","year":null,"pfoa":"2","pfos":null,"total_pfas":null,"pfas_level":2,"notes":null,"regulation_gvt_link":null,"resources_link":null,"suspected_source_link":"https://www4.des.state.nh.us/nh-pfas-investigation/wp-content/uploads/tables-pdf.pdf","pfas_testing_link":"https://www4.des.state.nh.us/nh-pfas-investigation/wp-content/uploads/tables-pdf.pdf","site_ref_link":null,"state_ref_link":"https://drive.google.com/drive/u/0/folders/1RsSKYaEE8jqAw7pH05tDHRflkjUL3t5H","ObjectId":3614}},{"type":"Feature","id":3615,"geometry":{"type":"Point","coordinates":[-72.137224,43.488144]},"properties":{"site_name":"Bay District","other_site_names":null,"state":"New Hampshire","industry":"Unknown","matrix_type":"Groundwater","matrix":"Groundwater","year":null,"pfoa":"5","pfos":null,"total_pfas":null,"pfas_level":5,"notes":null,"regulation_gvt_link":null,"resources_link":null,"suspected_source_link":"https://www4.des.state.nh.us/nh-pfas-investigation/wp-content/uploads/tables-pdf.pdf","pfas_testing_link":"https://www4.des.state.nh.us/nh-pfas-investigation/wp-content/uploads/tables-pdf.pdf","site_ref_link":null,"state_ref_link":"https://drive.google.com/drive/u/0/folders/1RsSKYaEE8jqAw7pH05tDHRflkjUL3t5H","ObjectId":3615}},{"type":"Feature","id":3616,"geometry":{"type":"Point","coordinates":[-72.039269,43.366666]},"properties":{"site_name":"Blodgett Landing Wastewater Treatment Facility","other_site_names":"Blodgett Landing Sewer District ","state":"New Hampshire","industry":"WWTP","matrix_type":"Groundwater","matrix":"Groundwater","year":null,"pfoa":"9","pfos":"18","total_pfas":null,"pfas_level":28,"notes":null,"regulation_gvt_link":null,"resources_link":null,"suspected_source_link":"https://www4.des.state.nh.us/nh-pfas-investigation/wp-content/uploads/tables-pdf.pdf","pfas_testing_link":"https://www4.des.state.nh.us/nh-pfas-investigation/wp-content/uploads/tables-pdf.pdf","site_ref_link":null,"state_ref_link":"https://drive.google.com/drive/u/0/folders/1RsSKYaEE8jqAw7pH05tDHRflkjUL3t5H","ObjectId":3616}},{"type":"Feature","id":3617,"geometry":{"type":"Point","coordinates":[-71.304589,43.322923]},"properties":{"site_name":"Blueberry Station Car Wash","other_site_names":null,"state":"New Hampshire","industry":"Industry","matrix_type":"Groundwater","matrix":"Groundwater","year":null,"pfoa":"5","pfos":"10","total_pfas":null,"pfas_level":15,"notes":null,"regulation_gvt_link":null,"resources_link":null,"suspected_source_link":"https://www4.des.state.nh.us/nh-pfas-investigation/wp-content/uploads/tables-pdf.pdf","pfas_testing_link":"https://www4.des.state.nh.us/nh-pfas-investigation/wp-content/uploads/tables-pdf.pdf","site_ref_link":null,"state_ref_link":"https://drive.google.com/drive/u/0/folders/1RsSKYaEE8jqAw7pH05tDHRflkjUL3t5H","ObjectId":3617}},{"type":"Feature","id":3618,"geometry":{"type":"Point","coordinates":[-72.17483,43.229926]},"properties":{"site_name":"Bonnie Plants","other_site_names":"Fomerly Jolly Farmer","state":"New Hampshire","industry":"Unknown","matrix_type":"Groundwater","matrix":"Groundwater","year":null,"pfoa":"2","pfos":"4","total_pfas":null,"pfas_level":6,"notes":null,"regulation_gvt_link":null,"resources_link":null,"suspected_source_link":"https://www4.des.state.nh.us/nh-pfas-investigation/wp-content/uploads/tables-pdf.pdf","pfas_testing_link":"https://www4.des.state.nh.us/nh-pfas-investigation/wp-content/uploads/tables-pdf.pdf","site_ref_link":null,"state_ref_link":"https://drive.google.com/drive/u/0/folders/1RsSKYaEE8jqAw7pH05tDHRflkjUL3t5H","ObjectId":3618}},{"type":"Feature","id":3619,"geometry":{"type":"Point","coordinates":[-72.025872,44.09965]},"properties":{"site_name":"Boudreau Septage Lagoon","other_site_names":null,"state":"New Hampshire","industry":"Waste","matrix_type":"Groundwater","matrix":"Groundwater","year":null,"pfoa":"98","pfos":"15","total_pfas":136,"pfas_level":136,"notes":null,"regulation_gvt_link":null,"resources_link":null,"suspected_source_link":"https://www4.des.state.nh.us/nh-pfas-investigation/wp-content/uploads/tables-pdf.pdf","pfas_testing_link":"https://www4.des.state.nh.us/nh-pfas-investigation/wp-content/uploads/tables-pdf.pdf","site_ref_link":null,"state_ref_link":"https://drive.google.com/drive/u/0/folders/1RsSKYaEE8jqAw7pH05tDHRflkjUL3t5H","ObjectId":3619}},{"type":"Feature","id":3620,"geometry":{"type":"Point","coordinates":[-71.466932,44.26525]},"properties":{"site_name":"Bretton Woods Rib","other_site_names":null,"state":"New Hampshire","industry":"Waste","matrix_type":"Groundwater","matrix":"Groundwater","year":null,"pfoa":"17","pfos":"12","total_pfas":null,"pfas_level":29,"notes":null,"regulation_gvt_link":null,"resources_link":null,"suspected_source_link":"https://www4.des.state.nh.us/nh-pfas-investigation/wp-content/uploads/tables-pdf.pdf","pfas_testing_link":"https://www4.des.state.nh.us/nh-pfas-investigation/wp-content/uploads/tables-pdf.pdf","site_ref_link":null,"state_ref_link":"https://drive.google.com/drive/u/0/folders/1RsSKYaEE8jqAw7pH05tDHRflkjUL3t5H","ObjectId":3620}},{"type":"Feature","id":3621,"geometry":{"type":"Point","coordinates":[-71.475446,43.78575]},"properties":{"site_name":"Camp Hale UWW Lagoon","other_site_names":null,"state":"New Hampshire","industry":"Unknown","matrix_type":"Groundwater","matrix":"Groundwater","year":null,"pfoa":null,"pfos":"8","total_pfas":null,"pfas_level":8,"notes":null,"regulation_gvt_link":null,"resources_link":null,"suspected_source_link":"https://www4.des.state.nh.us/nh-pfas-investigation/wp-content/uploads/tables-pdf.pdf","pfas_testing_link":"https://www4.des.state.nh.us/nh-pfas-investigation/wp-content/uploads/tables-pdf.pdf","site_ref_link":null,"state_ref_link":"https://drive.google.com/drive/u/0/folders/1RsSKYaEE8jqAw7pH05tDHRflkjUL3t5H","ObjectId":3621}},{"type":"Feature","id":3622,"geometry":{"type":"Point","coordinates":[-72.264351,42.749641]},"properties":{"site_name":"Camp Takodah Ymca","other_site_names":null,"state":"New Hampshire","industry":"Unknown","matrix_type":"Groundwater","matrix":"Groundwater","year":null,"pfoa":"29","pfos":"23","total_pfas":null,"pfas_level":52,"notes":null,"regulation_gvt_link":null,"resources_link":null,"suspected_source_link":"https://www4.des.state.nh.us/nh-pfas-investigation/wp-content/uploads/tables-pdf.pdf","pfas_testing_link":"https://www4.des.state.nh.us/nh-pfas-investigation/wp-content/uploads/tables-pdf.pdf","site_ref_link":null,"state_ref_link":"https://drive.google.com/drive/u/0/folders/1RsSKYaEE8jqAw7pH05tDHRflkjUL3t5H","ObjectId":3622}},{"type":"Feature","id":3623,"geometry":{"type":"Point","coordinates":[-71.99572,43.647459]},"properties":{"site_name":"Canaan Wastewater Treatment Facility","other_site_names":null,"state":"New Hampshire","industry":"WWTP","matrix_type":"Groundwater","matrix":"Groundwater","year":null,"pfoa":"8","pfos":null,"total_pfas":null,"pfas_level":8,"notes":null,"regulation_gvt_link":null,"resources_link":null,"suspected_source_link":"https://www4.des.state.nh.us/nh-pfas-investigation/wp-content/uploads/tables-pdf.pdf","pfas_testing_link":"https://www4.des.state.nh.us/nh-pfas-investigation/wp-content/uploads/tables-pdf.pdf","site_ref_link":null,"state_ref_link":"https://drive.google.com/drive/u/0/folders/1RsSKYaEE8jqAw7pH05tDHRflkjUL3t5H","ObjectId":3623}},{"type":"Feature","id":3624,"geometry":{"type":"Point","coordinates":[-72.039813,43.676114]},"properties":{"site_name":"Cardigan Mountain","other_site_names":"Cardigan Mountian School ","state":"New Hampshire","industry":"Unknown","matrix_type":"Groundwater","matrix":"Groundwater","year":null,"pfoa":"9","pfos":null,"total_pfas":22,"pfas_level":22,"notes":null,"regulation_gvt_link":null,"resources_link":null,"suspected_source_link":"https://www4.des.state.nh.us/nh-pfas-investigation/wp-content/uploads/tables-pdf.pdf","pfas_testing_link":"https://www4.des.state.nh.us/nh-pfas-investigation/wp-content/uploads/tables-pdf.pdf","site_ref_link":null,"state_ref_link":"https://drive.google.com/drive/u/0/folders/1RsSKYaEE8jqAw7pH05tDHRflkjUL3t5H","ObjectId":3624}},{"type":"Feature","id":3625,"geometry":{"type":"Point","coordinates":[-71.137857,43.685003]},"properties":{"site_name":"Carrol County Complex Overland Flow","other_site_names":null,"state":"New Hampshire","industry":"Unknown","matrix_type":"Groundwater","matrix":"Groundwater","year":null,"pfoa":"7","pfos":"26","total_pfas":38,"pfas_level":38,"notes":null,"regulation_gvt_link":null,"resources_link":null,"suspected_source_link":"https://www4.des.state.nh.us/nh-pfas-investigation/wp-content/uploads/tables-pdf.pdf","pfas_testing_link":"https://www4.des.state.nh.us/nh-pfas-investigation/wp-content/uploads/tables-pdf.pdf","site_ref_link":null,"state_ref_link":"https://drive.google.com/drive/u/0/folders/1RsSKYaEE8jqAw7pH05tDHRflkjUL3t5H","ObjectId":3625}},{"type":"Feature","id":3626,"geometry":{"type":"Point","coordinates":[-71.202719,43.545566]},"properties":{"site_name":"Cedar Cove Septic","other_site_names":null,"state":"New Hampshire","industry":"WWTP","matrix_type":"Groundwater","matrix":"Groundwater","year":null,"pfoa":"55","pfos":null,"total_pfas":null,"pfas_level":55,"notes":null,"regulation_gvt_link":null,"resources_link":null,"suspected_source_link":"https://www4.des.state.nh.us/nh-pfas-investigation/wp-content/uploads/tables-pdf.pdf","pfas_testing_link":"https://www4.des.state.nh.us/nh-pfas-investigation/wp-content/uploads/tables-pdf.pdf","site_ref_link":null,"state_ref_link":"https://drive.google.com/drive/u/0/folders/1RsSKYaEE8jqAw7pH05tDHRflkjUL3t5H","ObjectId":3626}},{"type":"Feature","id":3627,"geometry":{"type":"Point","coordinates":[-72.424874,43.079257]},"properties":{"site_name":"Central Plating & Co.","other_site_names":null,"state":"New Hampshire","industry":"Industry","matrix_type":"Groundwater","matrix":"Groundwater","year":null,"pfoa":"1070","pfos":"7080","total_pfas":8957,"pfas_level":8957,"notes":null,"regulation_gvt_link":null,"resources_link":null,"suspected_source_link":"https://www4.des.state.nh.us/nh-pfas-investigation/wp-content/uploads/tables-pdf.pdf","pfas_testing_link":"https://www4.des.state.nh.us/nh-pfas-investigation/wp-content/uploads/tables-pdf.pdf","site_ref_link":null,"state_ref_link":"https://drive.google.com/drive/u/0/folders/1RsSKYaEE8jqAw7pH05tDHRflkjUL3t5H","ObjectId":3627}},{"type":"Feature","id":3628,"geometry":{"type":"Point","coordinates":[-72.431164,43.228513]},"properties":{"site_name":"Charlestown Wastewater Treatment Facility","other_site_names":null,"state":"New Hampshire","industry":"WWTP","matrix_type":"Groundwater","matrix":"Groundwater","year":null,"pfoa":"17","pfos":"72","total_pfas":99,"pfas_level":99,"notes":null,"regulation_gvt_link":null,"resources_link":null,"suspected_source_link":"https://www4.des.state.nh.us/nh-pfas-investigation/wp-content/uploads/tables-pdf.pdf","pfas_testing_link":"https://www4.des.state.nh.us/nh-pfas-investigation/wp-content/uploads/tables-pdf.pdf","site_ref_link":null,"state_ref_link":"https://drive.google.com/drive/u/0/folders/1RsSKYaEE8jqAw7pH05tDHRflkjUL3t5H","ObjectId":3628}},{"type":"Feature","id":3629,"geometry":{"type":"Point","coordinates":[-71.442181,42.98187]},"properties":{"site_name":"Cintas Corp - 324 Taylor St Facility","other_site_names":null,"state":"New Hampshire","industry":"Industry","matrix_type":"Groundwater","matrix":"Groundwater","year":null,"pfoa":"150","pfos":"2","total_pfas":159,"pfas_level":159,"notes":null,"regulation_gvt_link":null,"resources_link":null,"suspected_source_link":"https://www4.des.state.nh.us/nh-pfas-investigation/wp-content/uploads/tables-pdf.pdf","pfas_testing_link":"https://www4.des.state.nh.us/nh-pfas-investigation/wp-content/uploads/tables-pdf.pdf","site_ref_link":null,"state_ref_link":"https://drive.google.com/drive/u/0/folders/1RsSKYaEE8jqAw7pH05tDHRflkjUL3t5H","ObjectId":3629}},{"type":"Feature","id":3630,"geometry":{"type":"Point","coordinates":[-71.471989,42.760506]},"properties":{"site_name":"Clocktower Place","other_site_names":null,"state":"New Hampshire","industry":"Unknown","matrix_type":"Groundwater","matrix":"Groundwater","year":null,"pfoa":"46","pfos":"38","total_pfas":100,"pfas_level":100,"notes":null,"regulation_gvt_link":null,"resources_link":null,"suspected_source_link":"https://www4.des.state.nh.us/nh-pfas-investigation/wp-content/uploads/tables-pdf.pdf","pfas_testing_link":"https://www4.des.state.nh.us/nh-pfas-investigation/wp-content/uploads/tables-pdf.pdf","site_ref_link":null,"state_ref_link":"https://drive.google.com/drive/u/0/folders/1RsSKYaEE8jqAw7pH05tDHRflkjUL3t5H","ObjectId":3630}},{"type":"Feature","id":3631,"geometry":{"type":"Point","coordinates":[-70.8763,43.1961]},"properties":{"site_name":"Cocheco Park","other_site_names":null,"state":"New Hampshire","industry":"Unknown","matrix_type":"Groundwater","matrix":"Groundwater","year":null,"pfoa":"13","pfos":"75","total_pfas":null,"pfas_level":87,"notes":null,"regulation_gvt_link":null,"resources_link":null,"suspected_source_link":"https://www4.des.state.nh.us/nh-pfas-investigation/wp-content/uploads/tables-pdf.pdf","pfas_testing_link":"https://www4.des.state.nh.us/nh-pfas-investigation/wp-content/uploads/tables-pdf.pdf","site_ref_link":null,"state_ref_link":"https://drive.google.com/drive/u/0/folders/1RsSKYaEE8jqAw7pH05tDHRflkjUL3t5H","ObjectId":3631}},{"type":"Feature","id":3632,"geometry":{"type":"Point","coordinates":[-72.273414,43.72345]},"properties":{"site_name":"Cold Regions Research & Engineering Lab","other_site_names":null,"state":"New Hampshire","industry":"Industry","matrix_type":"Groundwater","matrix":"Groundwater","year":null,"pfoa":"16","pfos":"12","total_pfas":52,"pfas_level":52,"notes":null,"regulation_gvt_link":null,"resources_link":null,"suspected_source_link":"https://www4.des.state.nh.us/nh-pfas-investigation/wp-content/uploads/tables-pdf.pdf","pfas_testing_link":"https://www4.des.state.nh.us/nh-pfas-investigation/wp-content/uploads/tables-pdf.pdf","site_ref_link":null,"state_ref_link":"https://drive.google.com/drive/u/0/folders/1RsSKYaEE8jqAw7pH05tDHRflkjUL3t5H","ObjectId":3632}},{"type":"Feature","id":3633,"geometry":{"type":"Point","coordinates":[-71.130918,43.976421]},"properties":{"site_name":"Conway Village Fire District","other_site_names":null,"state":"New Hampshire","industry":"WWTP","matrix_type":"Groundwater","matrix":"Groundwater","year":null,"pfoa":"16","pfos":"11","total_pfas":32,"pfas_level":32,"notes":null,"regulation_gvt_link":null,"resources_link":null,"suspected_source_link":"https://www4.des.state.nh.us/nh-pfas-investigation/wp-content/uploads/tables-pdf.pdf","pfas_testing_link":"https://www4.des.state.nh.us/nh-pfas-investigation/wp-content/uploads/tables-pdf.pdf","site_ref_link":null,"state_ref_link":"https://drive.google.com/drive/u/0/folders/1RsSKYaEE8jqAw7pH05tDHRflkjUL3t5H","ObjectId":3633}},{"type":"Feature","id":3634,"geometry":{"type":"Point","coordinates":[-71.873089,42.973612]},"properties":{"site_name":"Crotched Mountain Rehab","other_site_names":null,"state":"New Hampshire","industry":"Waste","matrix_type":"Groundwater","matrix":"Groundwater","year":null,"pfoa":"3","pfos":null,"total_pfas":null,"pfas_level":3,"notes":null,"regulation_gvt_link":null,"resources_link":null,"suspected_source_link":"https://www4.des.state.nh.us/nh-pfas-investigation/wp-content/uploads/tables-pdf.pdf","pfas_testing_link":"https://www4.des.state.nh.us/nh-pfas-investigation/wp-content/uploads/tables-pdf.pdf","site_ref_link":null,"state_ref_link":"https://drive.google.com/drive/u/0/folders/1RsSKYaEE8jqAw7pH05tDHRflkjUL3t5H","ObjectId":3634}},{"type":"Feature","id":3635,"geometry":{"type":"Point","coordinates":[-71.223692,42.781699]},"properties":{"site_name":"Daisy Cleaners","other_site_names":null,"state":"New Hampshire","industry":"Industry","matrix_type":"Groundwater","matrix":"Groundwater","year":null,"pfoa":"61","pfos":"354","total_pfas":438,"pfas_level":438,"notes":null,"regulation_gvt_link":null,"resources_link":null,"suspected_source_link":"https://www4.des.state.nh.us/nh-pfas-investigation/wp-content/uploads/tables-pdf.pdf","pfas_testing_link":"https://www4.des.state.nh.us/nh-pfas-investigation/wp-content/uploads/tables-pdf.pdf","site_ref_link":null,"state_ref_link":"https://drive.google.com/drive/u/0/folders/1RsSKYaEE8jqAw7pH05tDHRflkjUL3t5H","ObjectId":3635}},{"type":"Feature","id":3636,"geometry":{"type":"Point","coordinates":[-71.52188,43.2966]},"properties":{"site_name":"Dot Gully Hill Storage Shed","other_site_names":null,"state":"New Hampshire","industry":"Unknown","matrix_type":"Groundwater","matrix":"Groundwater","year":null,"pfoa":"10","pfos":"42","total_pfas":105,"pfas_level":105,"notes":null,"regulation_gvt_link":null,"resources_link":null,"suspected_source_link":"https://www4.des.state.nh.us/nh-pfas-investigation/wp-content/uploads/tables-pdf.pdf","pfas_testing_link":"https://www4.des.state.nh.us/nh-pfas-investigation/wp-content/uploads/tables-pdf.pdf","site_ref_link":null,"state_ref_link":"https://drive.google.com/drive/u/0/folders/1RsSKYaEE8jqAw7pH05tDHRflkjUL3t5H","ObjectId":3636}},{"type":"Feature","id":3637,"geometry":{"type":"Point","coordinates":[-70.863483,43.197725]},"properties":{"site_name":"Dover Gas Works","other_site_names":null,"state":"New Hampshire","industry":"Industry","matrix_type":"Groundwater","matrix":"Groundwater","year":null,"pfoa":"200","pfos":"23","total_pfas":322,"pfas_level":322,"notes":null,"regulation_gvt_link":null,"resources_link":null,"suspected_source_link":"https://www4.des.state.nh.us/nh-pfas-investigation/wp-content/uploads/tables-pdf.pdf","pfas_testing_link":"https://www4.des.state.nh.us/nh-pfas-investigation/wp-content/uploads/tables-pdf.pdf","site_ref_link":null,"state_ref_link":"https://drive.google.com/drive/u/0/folders/1RsSKYaEE8jqAw7pH05tDHRflkjUL3t5H","ObjectId":3637}},{"type":"Feature","id":3638,"geometry":{"type":"Point","coordinates":[-70.868492,43.19525]},"properties":{"site_name":"Dover Public Works Garage","other_site_names":null,"state":"New Hampshire","industry":"Industry","matrix_type":"Groundwater","matrix":"Groundwater","year":null,"pfoa":"320","pfos":"16","total_pfas":394,"pfas_level":394,"notes":null,"regulation_gvt_link":null,"resources_link":null,"suspected_source_link":"https://www4.des.state.nh.us/nh-pfas-investigation/wp-content/uploads/tables-pdf.pdf","pfas_testing_link":"https://www4.des.state.nh.us/nh-pfas-investigation/wp-content/uploads/tables-pdf.pdf","site_ref_link":null,"state_ref_link":"https://drive.google.com/drive/u/0/folders/1RsSKYaEE8jqAw7pH05tDHRflkjUL3t5H","ObjectId":3638}},{"type":"Feature","id":3639,"geometry":{"type":"Point","coordinates":[-71.461292,42.987536]},"properties":{"site_name":"E & R Laundry","other_site_names":null,"state":"New Hampshire","industry":"Industry","matrix_type":"Groundwater","matrix":"Groundwater","year":null,"pfoa":"87","pfos":"160","total_pfas":301,"pfas_level":301,"notes":null,"regulation_gvt_link":null,"resources_link":null,"suspected_source_link":"https://www4.des.state.nh.us/nh-pfas-investigation/wp-content/uploads/tables-pdf.pdf","pfas_testing_link":"https://www4.des.state.nh.us/nh-pfas-investigation/wp-content/uploads/tables-pdf.pdf","site_ref_link":null,"state_ref_link":"https://drive.google.com/drive/u/0/folders/1RsSKYaEE8jqAw7pH05tDHRflkjUL3t5H","ObjectId":3639}},{"type":"Feature","id":3640,"geometry":{"type":"Point","coordinates":[-72.138025,43.529064]},"properties":{"site_name":"Eastman","other_site_names":null,"state":"New Hampshire","industry":"Unknown","matrix_type":"Groundwater","matrix":"Groundwater","year":null,"pfoa":"5","pfos":"7","total_pfas":null,"pfas_level":12,"notes":null,"regulation_gvt_link":null,"resources_link":null,"suspected_source_link":"https://www4.des.state.nh.us/nh-pfas-investigation/wp-content/uploads/tables-pdf.pdf","pfas_testing_link":"https://www4.des.state.nh.us/nh-pfas-investigation/wp-content/uploads/tables-pdf.pdf","site_ref_link":null,"state_ref_link":"https://drive.google.com/drive/u/0/folders/1RsSKYaEE8jqAw7pH05tDHRflkjUL3t5H","ObjectId":3640}},{"type":"Feature","id":3641,"geometry":{"type":"Point","coordinates":[-71.061645,43.040373]},"properties":{"site_name":"Epping Wastewater Treatment Facility","other_site_names":null,"state":"New Hampshire","industry":"WWTP","matrix_type":"Groundwater","matrix":"Groundwater","year":null,"pfoa":"61","pfos":"34","total_pfas":131,"pfas_level":131,"notes":null,"regulation_gvt_link":null,"resources_link":null,"suspected_source_link":"https://www4.des.state.nh.us/nh-pfas-investigation/wp-content/uploads/tables-pdf.pdf","pfas_testing_link":"https://www4.des.state.nh.us/nh-pfas-investigation/wp-content/uploads/tables-pdf.pdf","site_ref_link":null,"state_ref_link":"https://drive.google.com/drive/u/0/folders/1RsSKYaEE8jqAw7pH05tDHRflkjUL3t5H","ObjectId":3641}},{"type":"Feature","id":3642,"geometry":{"type":"Point","coordinates":[-72.365626,43.138281]},"properties":{"site_name":"Esslinger Oil Undercoating","other_site_names":null,"state":"New Hampshire","industry":"Industry","matrix_type":"Groundwater","matrix":"Groundwater","year":null,"pfoa":null,"pfos":"5","total_pfas":null,"pfas_level":5,"notes":null,"regulation_gvt_link":null,"resources_link":null,"suspected_source_link":"https://www4.des.state.nh.us/nh-pfas-investigation/wp-content/uploads/tables-pdf.pdf","pfas_testing_link":"https://www4.des.state.nh.us/nh-pfas-investigation/wp-content/uploads/tables-pdf.pdf","site_ref_link":null,"state_ref_link":"https://drive.google.com/drive/u/0/folders/1RsSKYaEE8jqAw7pH05tDHRflkjUL3t5H","ObjectId":3642}},{"type":"Feature","id":3643,"geometry":{"type":"Point","coordinates":[-71.468654,42.999245]},"properties":{"site_name":"Eversource Energy (Former Psnh)","other_site_names":null,"state":"New Hampshire","industry":"Industry","matrix_type":"Groundwater","matrix":"Groundwater","year":null,"pfoa":"434","pfos":"235","total_pfas":838,"pfas_level":838,"notes":null,"regulation_gvt_link":null,"resources_link":null,"suspected_source_link":"https://www4.des.state.nh.us/nh-pfas-investigation/wp-content/uploads/tables-pdf.pdf","pfas_testing_link":"https://www4.des.state.nh.us/nh-pfas-investigation/wp-content/uploads/tables-pdf.pdf","site_ref_link":null,"state_ref_link":"https://drive.google.com/drive/u/0/folders/1RsSKYaEE8jqAw7pH05tDHRflkjUL3t5H","ObjectId":3643}},{"type":"Feature","id":3644,"geometry":{"type":"Point","coordinates":[-70.944756,42.996967]},"properties":{"site_name":"Exeter Wastewater Treatment Facility UWW","other_site_names":"Lagoon","state":"New Hampshire","industry":"WWTP","matrix_type":"Groundwater","matrix":"Groundwater","year":null,"pfoa":"75","pfos":"46","total_pfas":145,"pfas_level":145,"notes":null,"regulation_gvt_link":null,"resources_link":null,"suspected_source_link":"https://www4.des.state.nh.us/nh-pfas-investigation/wp-content/uploads/tables-pdf.pdf","pfas_testing_link":"https://www4.des.state.nh.us/nh-pfas-investigation/wp-content/uploads/tables-pdf.pdf","site_ref_link":null,"state_ref_link":"https://drive.google.com/drive/u/0/folders/1RsSKYaEE8jqAw7pH05tDHRflkjUL3t5H","ObjectId":3644}},{"type":"Feature","id":3645,"geometry":{"type":"Point","coordinates":[-71.492117,42.742217]},"properties":{"site_name":"Fab Braze Corp","other_site_names":null,"state":"New Hampshire","industry":"Industry","matrix_type":"Groundwater","matrix":"Groundwater","year":null,"pfoa":"39","pfos":"4","total_pfas":null,"pfas_level":43,"notes":null,"regulation_gvt_link":null,"resources_link":null,"suspected_source_link":"https://www4.des.state.nh.us/nh-pfas-investigation/wp-content/uploads/tables-pdf.pdf","pfas_testing_link":"https://www4.des.state.nh.us/nh-pfas-investigation/wp-content/uploads/tables-pdf.pdf","site_ref_link":null,"state_ref_link":"https://drive.google.com/drive/u/0/folders/1RsSKYaEE8jqAw7pH05tDHRflkjUL3t5H","ObjectId":3645}},{"type":"Feature","id":3646,"geometry":{"type":"Point","coordinates":[-71.51679,43.39481]},"properties":{"site_name":"Farmington Rib Site Mw-14","other_site_names":null,"state":"New Hampshire","industry":"Waste","matrix_type":"Groundwater","matrix":"Groundwater","year":null,"pfoa":"20","pfos":"5","total_pfas":31,"pfas_level":31,"notes":null,"regulation_gvt_link":null,"resources_link":null,"suspected_source_link":"https://www4.des.state.nh.us/nh-pfas-investigation/wp-content/uploads/tables-pdf.pdf","pfas_testing_link":"https://www4.des.state.nh.us/nh-pfas-investigation/wp-content/uploads/tables-pdf.pdf","site_ref_link":null,"state_ref_link":"https://drive.google.com/drive/u/0/folders/1RsSKYaEE8jqAw7pH05tDHRflkjUL3t5H","ObjectId":3646}},{"type":"Feature","id":3647,"geometry":{"type":"Point","coordinates":[-71.601748,43.018885]},"properties":{"site_name":"Fletcher Mountain - 14 Depot St","other_site_names":null,"state":"New Hampshire","industry":"Unknown","matrix_type":"Groundwater","matrix":"Groundwater","year":null,"pfoa":"130","pfos":"680","total_pfas":985,"pfas_level":985,"notes":null,"regulation_gvt_link":null,"resources_link":null,"suspected_source_link":"https://www4.des.state.nh.us/nh-pfas-investigation/wp-content/uploads/tables-pdf.pdf","pfas_testing_link":"https://www4.des.state.nh.us/nh-pfas-investigation/wp-content/uploads/tables-pdf.pdf","site_ref_link":null,"state_ref_link":"https://drive.google.com/drive/u/0/folders/1RsSKYaEE8jqAw7pH05tDHRflkjUL3t5H","ObjectId":3647}},{"type":"Feature","id":3648,"geometry":{"type":"Point","coordinates":[-70.934388,43.082172]},"properties":{"site_name":"Former Essex Mills","other_site_names":null,"state":"New Hampshire","industry":"Industry","matrix_type":"Groundwater","matrix":"Groundwater","year":null,"pfoa":"8","pfos":"13","total_pfas":null,"pfas_level":21,"notes":null,"regulation_gvt_link":null,"resources_link":null,"suspected_source_link":"https://www4.des.state.nh.us/nh-pfas-investigation/wp-content/uploads/tables-pdf.pdf","pfas_testing_link":"https://www4.des.state.nh.us/nh-pfas-investigation/wp-content/uploads/tables-pdf.pdf","site_ref_link":null,"state_ref_link":"https://drive.google.com/drive/u/0/folders/1RsSKYaEE8jqAw7pH05tDHRflkjUL3t5H","ObjectId":3648}},{"type":"Feature","id":3649,"geometry":{"type":"Point","coordinates":[-70.888284,42.900827]},"properties":{"site_name":"Fogg Auto Salvage Property","other_site_names":null,"state":"New Hampshire","industry":"Industry","matrix_type":"Groundwater","matrix":"Groundwater","year":null,"pfoa":"19","pfos":"26","total_pfas":null,"pfas_level":45,"notes":null,"regulation_gvt_link":null,"resources_link":null,"suspected_source_link":"https://www4.des.state.nh.us/nh-pfas-investigation/wp-content/uploads/tables-pdf.pdf","pfas_testing_link":"https://www4.des.state.nh.us/nh-pfas-investigation/wp-content/uploads/tables-pdf.pdf","site_ref_link":null,"state_ref_link":"https://drive.google.com/drive/u/0/folders/1RsSKYaEE8jqAw7pH05tDHRflkjUL3t5H","ObjectId":3649}},{"type":"Feature","id":3650,"geometry":{"type":"Point","coordinates":[-71.359774,43.02666]},"properties":{"site_name":"Former Insurance Salvage Auction","other_site_names":null,"state":"New Hampshire","industry":"Industry","matrix_type":"Groundwater","matrix":"Groundwater","year":null,"pfoa":"3","pfos":null,"total_pfas":null,"pfas_level":3,"notes":null,"regulation_gvt_link":null,"resources_link":null,"suspected_source_link":"https://www4.des.state.nh.us/nh-pfas-investigation/wp-content/uploads/tables-pdf.pdf","pfas_testing_link":"https://www4.des.state.nh.us/nh-pfas-investigation/wp-content/uploads/tables-pdf.pdf","site_ref_link":null,"state_ref_link":"https://drive.google.com/drive/u/0/folders/1RsSKYaEE8jqAw7pH05tDHRflkjUL3t5H","ObjectId":3650}},{"type":"Feature","id":3651,"geometry":{"type":"Point","coordinates":[-71.651918,43.444118]},"properties":{"site_name":"Franklin Fire Station","other_site_names":null,"state":"New Hampshire","industry":"Fire Department/Training Facility","matrix_type":"Groundwater","matrix":"Groundwater","year":null,"pfoa":"480","pfos":"10000","total_pfas":12460,"pfas_level":12460,"notes":null,"regulation_gvt_link":null,"resources_link":null,"suspected_source_link":"https://www4.des.state.nh.us/nh-pfas-investigation/wp-content/uploads/tables-pdf.pdf","pfas_testing_link":"https://www4.des.state.nh.us/nh-pfas-investigation/wp-content/uploads/tables-pdf.pdf","site_ref_link":null,"state_ref_link":"https://drive.google.com/drive/u/0/folders/1RsSKYaEE8jqAw7pH05tDHRflkjUL3t5H","ObjectId":3651}},{"type":"Feature","id":3652,"geometry":{"type":"Point","coordinates":[-72.056086,42.779367]},"properties":{"site_name":"Franklin Pierce University ","other_site_names":null,"state":"New Hampshire","industry":"Unknown","matrix_type":"Groundwater","matrix":"Groundwater","year":null,"pfoa":"3","pfos":null,"total_pfas":null,"pfas_level":3,"notes":null,"regulation_gvt_link":null,"resources_link":null,"suspected_source_link":"https://www4.des.state.nh.us/nh-pfas-investigation/wp-content/uploads/tables-pdf.pdf","pfas_testing_link":"https://www4.des.state.nh.us/nh-pfas-investigation/wp-content/uploads/tables-pdf.pdf","site_ref_link":null,"state_ref_link":"https://drive.google.com/drive/u/0/folders/1RsSKYaEE8jqAw7pH05tDHRflkjUL3t5H","ObjectId":3652}},{"type":"Feature","id":3653,"geometry":{"type":"Point","coordinates":[-71.523153,42.718431]},"properties":{"site_name":"Gilson Road Site","other_site_names":null,"state":"New Hampshire","industry":"Industry","matrix_type":"Groundwater","matrix":"Groundwater","year":null,"pfoa":"313","pfos":"1190","total_pfas":1518,"pfas_level":1518,"notes":"Sylvester Site https://cumulis.epa.gov/supercpad/SiteProfiles/index.cfm?fuseaction=second.Cleanup&id=0101115#bkground ","regulation_gvt_link":null,"resources_link":null,"suspected_source_link":"https://www4.des.state.nh.us/nh-pfas-investigation/wp-content/uploads/tables-pdf.pdf","pfas_testing_link":"https://www4.des.state.nh.us/nh-pfas-investigation/wp-content/uploads/tables-pdf.pdf","site_ref_link":null,"state_ref_link":"https://drive.google.com/drive/u/0/folders/1RsSKYaEE8jqAw7pH05tDHRflkjUL3t5H","ObjectId":3653}},{"type":"Feature","id":3654,"geometry":{"type":"Point","coordinates":[-71.443295,42.751382]},"properties":{"site_name":"Gl & V Pulp Group","other_site_names":"Former Ingersoll-Rand","state":"New Hampshire","industry":"Industry","matrix_type":"Groundwater","matrix":"Groundwater","year":null,"pfoa":"20","pfos":"59","total_pfas":84,"pfas_level":84,"notes":null,"regulation_gvt_link":null,"resources_link":null,"suspected_source_link":"https://www4.des.state.nh.us/nh-pfas-investigation/wp-content/uploads/tables-pdf.pdf","pfas_testing_link":"https://www4.des.state.nh.us/nh-pfas-investigation/wp-content/uploads/tables-pdf.pdf","site_ref_link":null,"state_ref_link":"https://drive.google.com/drive/u/0/folders/1RsSKYaEE8jqAw7pH05tDHRflkjUL3t5H","ObjectId":3654}},{"type":"Feature","id":3655,"geometry":{"type":"Point","coordinates":[-71.879372,44.001144]},"properties":{"site_name":"Glencliff Home","other_site_names":null,"state":"New Hampshire","industry":"Unknown","matrix_type":"Groundwater","matrix":"Groundwater","year":null,"pfoa":"5","pfos":"37","total_pfas":47,"pfas_level":47,"notes":null,"regulation_gvt_link":null,"resources_link":null,"suspected_source_link":"https://www4.des.state.nh.us/nh-pfas-investigation/wp-content/uploads/tables-pdf.pdf","pfas_testing_link":"https://www4.des.state.nh.us/nh-pfas-investigation/wp-content/uploads/tables-pdf.pdf","site_ref_link":null,"state_ref_link":"https://drive.google.com/drive/u/0/folders/1RsSKYaEE8jqAw7pH05tDHRflkjUL3t5H","ObjectId":3655}},{"type":"Feature","id":3656,"geometry":{"type":"Point","coordinates":[-71.187242,44.444939]},"properties":{"site_name":"Gorham Paper Mill UWW Lagoons","other_site_names":"White Mountian Paper Company ","state":"New Hampshire","industry":"Industry","matrix_type":"Groundwater","matrix":"Groundwater","year":null,"pfoa":"21","pfos":"43","total_pfas":70,"pfas_level":70,"notes":null,"regulation_gvt_link":null,"resources_link":null,"suspected_source_link":"https://www4.des.state.nh.us/nh-pfas-investigation/wp-content/uploads/tables-pdf.pdf","pfas_testing_link":"https://www4.des.state.nh.us/nh-pfas-investigation/wp-content/uploads/tables-pdf.pdf","site_ref_link":null,"state_ref_link":"https://drive.google.com/drive/u/0/folders/1RsSKYaEE8jqAw7pH05tDHRflkjUL3t5H","ObjectId":3656}},{"type":"Feature","id":3657,"geometry":{"type":"Point","coordinates":[-71.251699,44.076888]},"properties":{"site_name":"Grand Summit Hotel at Attitash","other_site_names":null,"state":"New Hampshire","industry":"Unknown","matrix_type":"Groundwater","matrix":"Groundwater","year":null,"pfoa":null,"pfos":"5","total_pfas":null,"pfas_level":5,"notes":null,"regulation_gvt_link":null,"resources_link":null,"suspected_source_link":"https://www4.des.state.nh.us/nh-pfas-investigation/wp-content/uploads/tables-pdf.pdf","pfas_testing_link":"https://www4.des.state.nh.us/nh-pfas-investigation/wp-content/uploads/tables-pdf.pdf","site_ref_link":null,"state_ref_link":"https://drive.google.com/drive/u/0/folders/1RsSKYaEE8jqAw7pH05tDHRflkjUL3t5H","ObjectId":3657}},{"type":"Feature","id":3658,"geometry":{"type":"Point","coordinates":[-71.518835,44.592409]},"properties":{"site_name":"Groveton Wastewater Treatment Facility Lagoons","other_site_names":null,"state":"New Hampshire","industry":"WWTP","matrix_type":"Groundwater","matrix":"Groundwater","year":null,"pfoa":"10","pfos":"12","total_pfas":26,"pfas_level":26,"notes":null,"regulation_gvt_link":null,"resources_link":null,"suspected_source_link":"https://www4.des.state.nh.us/nh-pfas-investigation/wp-content/uploads/tables-pdf.pdf","pfas_testing_link":"https://www4.des.state.nh.us/nh-pfas-investigation/wp-content/uploads/tables-pdf.pdf","site_ref_link":null,"state_ref_link":"https://drive.google.com/drive/u/0/folders/1RsSKYaEE8jqAw7pH05tDHRflkjUL3t5H","ObjectId":3658}},{"type":"Feature","id":3659,"geometry":{"type":"Point","coordinates":[-70.770129,43.080012]},"properties":{"site_name":"Hanscom's Truck Stop, Inc.","other_site_names":null,"state":"New Hampshire","industry":"Unknown","matrix_type":"Groundwater","matrix":"Groundwater","year":null,"pfoa":"6","pfos":"7","total_pfas":25,"pfas_level":25,"notes":null,"regulation_gvt_link":null,"resources_link":null,"suspected_source_link":"https://www4.des.state.nh.us/nh-pfas-investigation/wp-content/uploads/tables-pdf.pdf","pfas_testing_link":"https://www4.des.state.nh.us/nh-pfas-investigation/wp-content/uploads/tables-pdf.pdf","site_ref_link":null,"state_ref_link":"https://drive.google.com/drive/u/0/folders/1RsSKYaEE8jqAw7pH05tDHRflkjUL3t5H","ObjectId":3659}},{"type":"Feature","id":3660,"geometry":{"type":"Point","coordinates":[-70.86718,43.205297]},"properties":{"site_name":"Heidelberg Web Systems Inc.","other_site_names":"Former Harris","state":"New Hampshire","industry":"Industry","matrix_type":"Groundwater","matrix":"Groundwater","year":null,"pfoa":"10","pfos":"6","total_pfas":21,"pfas_level":21,"notes":null,"regulation_gvt_link":null,"resources_link":null,"suspected_source_link":"https://www4.des.state.nh.us/nh-pfas-investigation/wp-content/uploads/tables-pdf.pdf","pfas_testing_link":"https://www4.des.state.nh.us/nh-pfas-investigation/wp-content/uploads/tables-pdf.pdf","site_ref_link":null,"state_ref_link":"https://drive.google.com/drive/u/0/folders/1RsSKYaEE8jqAw7pH05tDHRflkjUL3t5H","ObjectId":3660}},{"type":"Feature","id":3661,"geometry":{"type":"Point","coordinates":[-71.339196,42.863231]},"properties":{"site_name":"Impacted Water Supply Wells","other_site_names":null,"state":"New Hampshire","industry":"Unknown","matrix_type":"Groundwater","matrix":"Groundwater","year":null,"pfoa":"30","pfos":"44","total_pfas":80,"pfas_level":80,"notes":null,"regulation_gvt_link":null,"resources_link":null,"suspected_source_link":"https://www4.des.state.nh.us/nh-pfas-investigation/wp-content/uploads/tables-pdf.pdf","pfas_testing_link":"https://www4.des.state.nh.us/nh-pfas-investigation/wp-content/uploads/tables-pdf.pdf","site_ref_link":null,"state_ref_link":"https://drive.google.com/drive/u/0/folders/1RsSKYaEE8jqAw7pH05tDHRflkjUL3t5H","ObjectId":3661}},{"type":"Feature","id":3662,"geometry":{"type":"Point","coordinates":[-70.972791,43.327711]},"properties":{"site_name":"Jarvis Cutting Tools","other_site_names":null,"state":"New Hampshire","industry":"Industry","matrix_type":"Groundwater","matrix":"Groundwater","year":null,"pfoa":"4","pfos":null,"total_pfas":null,"pfas_level":4,"notes":null,"regulation_gvt_link":null,"resources_link":null,"suspected_source_link":"https://www4.des.state.nh.us/nh-pfas-investigation/wp-content/uploads/tables-pdf.pdf","pfas_testing_link":"https://www4.des.state.nh.us/nh-pfas-investigation/wp-content/uploads/tables-pdf.pdf","site_ref_link":null,"state_ref_link":"https://drive.google.com/drive/u/0/folders/1RsSKYaEE8jqAw7pH05tDHRflkjUL3t5H","ObjectId":3662}},{"type":"Feature","id":3663,"geometry":{"type":"Point","coordinates":[-72.19939,43.131053]},"properties":{"site_name":"John Perkins Elementary School","other_site_names":null,"state":"New Hampshire","industry":"Unknown","matrix_type":"Groundwater","matrix":"Groundwater","year":null,"pfoa":null,"pfos":"67","total_pfas":90,"pfas_level":90,"notes":null,"regulation_gvt_link":null,"resources_link":null,"suspected_source_link":"https://www4.des.state.nh.us/nh-pfas-investigation/wp-content/uploads/tables-pdf.pdf","pfas_testing_link":"https://www4.des.state.nh.us/nh-pfas-investigation/wp-content/uploads/tables-pdf.pdf","site_ref_link":null,"state_ref_link":"https://drive.google.com/drive/u/0/folders/1RsSKYaEE8jqAw7pH05tDHRflkjUL3t5H","ObjectId":3663}},{"type":"Feature","id":3664,"geometry":{"type":"Point","coordinates":[-72.3327,44.14647]},"properties":{"site_name":"Kapotis Property","other_site_names":null,"state":"New Hampshire","industry":"Unknown","matrix_type":"Groundwater","matrix":"Groundwater","year":null,"pfoa":null,"pfos":"24","total_pfas":null,"pfas_level":24,"notes":null,"regulation_gvt_link":null,"resources_link":"https://www4.des.state.nh.us/DESOneStop/HWGDetail.aspx?ID=NHD510084189-0013065","suspected_source_link":"https://www4.des.state.nh.us/nh-pfas-investigation/wp-content/uploads/tables-pdf.pdf","pfas_testing_link":"https://www4.des.state.nh.us/nh-pfas-investigation/wp-content/uploads/tables-pdf.pdf","site_ref_link":null,"state_ref_link":"https://drive.google.com/drive/u/0/folders/1RsSKYaEE8jqAw7pH05tDHRflkjUL3t5H","ObjectId":3664}},{"type":"Feature","id":3665,"geometry":{"type":"Point","coordinates":[-71.675144,44.036359]},"properties":{"site_name":"Lincoln Wastewater Treatment Facility UWW Lagoon","other_site_names":null,"state":"New Hampshire","industry":"WWTP","matrix_type":"Groundwater","matrix":"Groundwater","year":null,"pfoa":"8","pfos":"29","total_pfas":null,"pfas_level":38,"notes":null,"regulation_gvt_link":null,"resources_link":null,"suspected_source_link":"https://www4.des.state.nh.us/nh-pfas-investigation/wp-content/uploads/tables-pdf.pdf","pfas_testing_link":"https://www4.des.state.nh.us/nh-pfas-investigation/wp-content/uploads/tables-pdf.pdf","site_ref_link":null,"state_ref_link":"https://drive.google.com/drive/u/0/folders/1RsSKYaEE8jqAw7pH05tDHRflkjUL3t5H","ObjectId":3665}},{"type":"Feature","id":3666,"geometry":{"type":"Point","coordinates":[-71.389252,42.903493]},"properties":{"site_name":"Mammoth Road Area","other_site_names":null,"state":"New Hampshire","industry":"Unknown","matrix_type":"Groundwater","matrix":"Groundwater","year":null,"pfoa":"117","pfos":"118","total_pfas":262,"pfas_level":262,"notes":null,"regulation_gvt_link":null,"resources_link":null,"suspected_source_link":"https://www4.des.state.nh.us/nh-pfas-investigation/wp-content/uploads/tables-pdf.pdf","pfas_testing_link":"https://www4.des.state.nh.us/nh-pfas-investigation/wp-content/uploads/tables-pdf.pdf","site_ref_link":null,"state_ref_link":"https://drive.google.com/drive/u/0/folders/1RsSKYaEE8jqAw7pH05tDHRflkjUL3t5H","ObjectId":3666}},{"type":"Feature","id":3667,"geometry":{"type":"Point","coordinates":[-71.188631,43.28865]},"properties":{"site_name":"Manchester YMCA Camp Foss","other_site_names":null,"state":"New Hampshire","industry":"Unknown","matrix_type":"Groundwater","matrix":"Groundwater","year":null,"pfoa":"5","pfos":null,"total_pfas":null,"pfas_level":5,"notes":null,"regulation_gvt_link":null,"resources_link":null,"suspected_source_link":"https://www4.des.state.nh.us/nh-pfas-investigation/wp-content/uploads/tables-pdf.pdf","pfas_testing_link":"https://www4.des.state.nh.us/nh-pfas-investigation/wp-content/uploads/tables-pdf.pdf","site_ref_link":null,"state_ref_link":"https://drive.google.com/drive/u/0/folders/1RsSKYaEE8jqAw7pH05tDHRflkjUL3t5H","ObjectId":3667}},{"type":"Feature","id":3668,"geometry":{"type":"Point","coordinates":[-71.195198,42.885507]},"properties":{"site_name":"Marciano Residence","other_site_names":null,"state":"New Hampshire","industry":"Unknown","matrix_type":"Groundwater","matrix":"Groundwater","year":null,"pfoa":"6","pfos":null,"total_pfas":8,"pfas_level":8,"notes":null,"regulation_gvt_link":null,"resources_link":null,"suspected_source_link":"https://www4.des.state.nh.us/nh-pfas-investigation/wp-content/uploads/tables-pdf.pdf","pfas_testing_link":"https://www4.des.state.nh.us/nh-pfas-investigation/wp-content/uploads/tables-pdf.pdf","site_ref_link":null,"state_ref_link":"https://drive.google.com/drive/u/0/folders/1RsSKYaEE8jqAw7pH05tDHRflkjUL3t5H","ObjectId":3668}},{"type":"Feature","id":3669,"geometry":{"type":"Point","coordinates":[-71.718178,43.221318]},"properties":{"site_name":"Marklin Candle Co Former Aerotronic Fac","other_site_names":null,"state":"New Hampshire","industry":"Industry","matrix_type":"Groundwater","matrix":"Groundwater","year":null,"pfoa":"221","pfos":"1530","total_pfas":2262,"pfas_level":2262,"notes":null,"regulation_gvt_link":null,"resources_link":null,"suspected_source_link":"https://www4.des.state.nh.us/nh-pfas-investigation/wp-content/uploads/tables-pdf.pdf","pfas_testing_link":"https://www4.des.state.nh.us/nh-pfas-investigation/wp-content/uploads/tables-pdf.pdf","site_ref_link":null,"state_ref_link":"https://drive.google.com/drive/u/0/folders/1RsSKYaEE8jqAw7pH05tDHRflkjUL3t5H","ObjectId":3669}},{"type":"Feature","id":3670,"geometry":{"type":"Point","coordinates":[-71.453151,43.043802]},"properties":{"site_name":"Martin'S Ferry","other_site_names":null,"state":"New Hampshire","industry":"Unknown","matrix_type":"Groundwater","matrix":"Groundwater","year":null,"pfoa":"560","pfos":null,"total_pfas":641,"pfas_level":641,"notes":null,"regulation_gvt_link":null,"resources_link":null,"suspected_source_link":"https://www4.des.state.nh.us/nh-pfas-investigation/wp-content/uploads/tables-pdf.pdf","pfas_testing_link":"https://www4.des.state.nh.us/nh-pfas-investigation/wp-content/uploads/tables-pdf.pdf","site_ref_link":null,"state_ref_link":"https://drive.google.com/drive/u/0/folders/1RsSKYaEE8jqAw7pH05tDHRflkjUL3t5H","ObjectId":3670}},{"type":"Feature","id":3671,"geometry":{"type":"Point","coordinates":[-71.713683,43.201142]},"properties":{"site_name":"Mclane Northeast Truck Wash","other_site_names":null,"state":"New Hampshire","industry":"Industry","matrix_type":"Groundwater","matrix":"Groundwater","year":null,"pfoa":"4","pfos":null,"total_pfas":null,"pfas_level":4,"notes":null,"regulation_gvt_link":null,"resources_link":null,"suspected_source_link":"https://www4.des.state.nh.us/nh-pfas-investigation/wp-content/uploads/tables-pdf.pdf","pfas_testing_link":"https://www4.des.state.nh.us/nh-pfas-investigation/wp-content/uploads/tables-pdf.pdf","site_ref_link":null,"state_ref_link":"https://drive.google.com/drive/u/0/folders/1RsSKYaEE8jqAw7pH05tDHRflkjUL3t5H","ObjectId":3671}},{"type":"Feature","id":3672,"geometry":{"type":"Point","coordinates":[-71.5914,42.812214]},"properties":{"site_name":"Meadow Brook Crossing","other_site_names":null,"state":"New Hampshire","industry":"Unknown","matrix_type":"Groundwater","matrix":"Groundwater","year":null,"pfoa":"52","pfos":null,"total_pfas":null,"pfas_level":52,"notes":null,"regulation_gvt_link":null,"resources_link":null,"suspected_source_link":"https://www4.des.state.nh.us/nh-pfas-investigation/wp-content/uploads/tables-pdf.pdf","pfas_testing_link":"https://www4.des.state.nh.us/nh-pfas-investigation/wp-content/uploads/tables-pdf.pdf","site_ref_link":null,"state_ref_link":"https://drive.google.com/drive/u/0/folders/1RsSKYaEE8jqAw7pH05tDHRflkjUL3t5H","ObjectId":3672}},{"type":"Feature","id":3673,"geometry":{"type":"Point","coordinates":[-71.648887,43.358474]},"properties":{"site_name":"Merrimack County Complex WWU Lagoon","other_site_names":null,"state":"New Hampshire","industry":"Unknown","matrix_type":"Groundwater","matrix":"Groundwater","year":null,"pfoa":"10","pfos":"5","total_pfas":null,"pfas_level":15,"notes":null,"regulation_gvt_link":null,"resources_link":null,"suspected_source_link":"https://www4.des.state.nh.us/nh-pfas-investigation/wp-content/uploads/tables-pdf.pdf","pfas_testing_link":"https://www4.des.state.nh.us/nh-pfas-investigation/wp-content/uploads/tables-pdf.pdf","site_ref_link":null,"state_ref_link":"https://drive.google.com/drive/u/0/folders/1RsSKYaEE8jqAw7pH05tDHRflkjUL3t5H","ObjectId":3673}},{"type":"Feature","id":3674,"geometry":{"type":"Point","coordinates":[-71.928927,43.007379]},"properties":{"site_name":"Monadnock Paper Mill","other_site_names":null,"state":"New Hampshire","industry":"Industry","matrix_type":"Groundwater","matrix":"Groundwater","year":null,"pfoa":"9","pfos":"7","total_pfas":null,"pfas_level":15,"notes":null,"regulation_gvt_link":null,"resources_link":null,"suspected_source_link":"https://www4.des.state.nh.us/nh-pfas-investigation/wp-content/uploads/tables-pdf.pdf","pfas_testing_link":"https://www4.des.state.nh.us/nh-pfas-investigation/wp-content/uploads/tables-pdf.pdf","site_ref_link":null,"state_ref_link":"https://drive.google.com/drive/u/0/folders/1RsSKYaEE8jqAw7pH05tDHRflkjUL3t5H","ObjectId":3674}},{"type":"Feature","id":3675,"geometry":{"type":"Point","coordinates":[-71.588301,44.398054]},"properties":{"site_name":"Mountain View Grand Resort & Spa","other_site_names":null,"state":"New Hampshire","industry":"Unknown","matrix_type":"Groundwater","matrix":"Groundwater","year":null,"pfoa":"74","pfos":"48","total_pfas":172,"pfas_level":172,"notes":null,"regulation_gvt_link":null,"resources_link":null,"suspected_source_link":"https://www4.des.state.nh.us/nh-pfas-investigation/wp-content/uploads/tables-pdf.pdf","pfas_testing_link":"https://www4.des.state.nh.us/nh-pfas-investigation/wp-content/uploads/tables-pdf.pdf","site_ref_link":null,"state_ref_link":"https://drive.google.com/drive/u/0/folders/1RsSKYaEE8jqAw7pH05tDHRflkjUL3t5H","ObjectId":3675}},{"type":"Feature","id":3676,"geometry":{"type":"Point","coordinates":[-71.439481,44.257279]},"properties":{"site_name":"Mt. Washington Hotel Resort","other_site_names":null,"state":"New Hampshire","industry":"Unknown","matrix_type":"Groundwater","matrix":"Groundwater","year":null,"pfoa":"9","pfos":"5","total_pfas":null,"pfas_level":14,"notes":null,"regulation_gvt_link":null,"resources_link":null,"suspected_source_link":"https://www4.des.state.nh.us/nh-pfas-investigation/wp-content/uploads/tables-pdf.pdf","pfas_testing_link":"https://www4.des.state.nh.us/nh-pfas-investigation/wp-content/uploads/tables-pdf.pdf","site_ref_link":null,"state_ref_link":"https://drive.google.com/drive/u/0/folders/1RsSKYaEE8jqAw7pH05tDHRflkjUL3t5H","ObjectId":3676}},{"type":"Feature","id":3677,"geometry":{"type":"Point","coordinates":[-71.4976,42.7775]},"properties":{"site_name":"Formerly Nashua Motor Express Inc ","other_site_names":null,"state":"New Hampshire","industry":"Industry","matrix_type":"Groundwater","matrix":"Groundwater","year":null,"pfoa":"120","pfos":"80","total_pfas":314,"pfas_level":314,"notes":null,"regulation_gvt_link":null,"resources_link":null,"suspected_source_link":"https://www4.des.state.nh.us/nh-pfas-investigation/wp-content/uploads/tables-pdf.pdf","pfas_testing_link":"https://www4.des.state.nh.us/nh-pfas-investigation/wp-content/uploads/tables-pdf.pdf","site_ref_link":null,"state_ref_link":"https://drive.google.com/drive/u/0/folders/1RsSKYaEE8jqAw7pH05tDHRflkjUL3t5H","ObjectId":3677}},{"type":"Feature","id":3678,"geometry":{"type":"Point","coordinates":[-71.522013,42.732013]},"properties":{"site_name":"Four Hills Landfill","other_site_names":null,"state":"New Hampshire","industry":"Landfill","matrix_type":"Groundwater","matrix":"Groundwater","year":null,"pfoa":"24","pfos":"44","total_pfas":73,"pfas_level":73,"notes":null,"regulation_gvt_link":null,"resources_link":null,"suspected_source_link":"https://www4.des.state.nh.us/nh-pfas-investigation/wp-content/uploads/tables-pdf.pdf","pfas_testing_link":"https://www4.des.state.nh.us/nh-pfas-investigation/wp-content/uploads/tables-pdf.pdf","site_ref_link":null,"state_ref_link":"https://drive.google.com/drive/u/0/folders/1RsSKYaEE8jqAw7pH05tDHRflkjUL3t5H","ObjectId":3678}},{"type":"Feature","id":3679,"geometry":{"type":"Point","coordinates":[-71.655167,43.602464]},"properties":{"site_name":"New Hampton Wastewater Treatment Facility Monitoring","other_site_names":null,"state":"New Hampshire","industry":"WWTP","matrix_type":"Groundwater","matrix":"Groundwater","year":null,"pfoa":"292","pfos":"21","total_pfas":328,"pfas_level":328,"notes":null,"regulation_gvt_link":null,"resources_link":null,"suspected_source_link":"https://www4.des.state.nh.us/nh-pfas-investigation/wp-content/uploads/tables-pdf.pdf","pfas_testing_link":"https://www4.des.state.nh.us/nh-pfas-investigation/wp-content/uploads/tables-pdf.pdf","site_ref_link":null,"state_ref_link":"https://drive.google.com/drive/u/0/folders/1RsSKYaEE8jqAw7pH05tDHRflkjUL3t5H","ObjectId":3679}},{"type":"Feature","id":3680,"geometry":{"type":"Point","coordinates":[-72.016829,43.312936]},"properties":{"site_name":"Newbury Demo Debris Landfill","other_site_names":"Newbury Town Dump ","state":"New Hampshire","industry":"Landfill","matrix_type":"Groundwater","matrix":"Groundwater","year":null,"pfoa":"48","pfos":"240","total_pfas":440,"pfas_level":440,"notes":null,"regulation_gvt_link":null,"resources_link":null,"suspected_source_link":"https://www4.des.state.nh.us/nh-pfas-investigation/wp-content/uploads/tables-pdf.pdf","pfas_testing_link":"https://www4.des.state.nh.us/nh-pfas-investigation/wp-content/uploads/tables-pdf.pdf","site_ref_link":null,"state_ref_link":"https://drive.google.com/drive/u/0/folders/1RsSKYaEE8jqAw7pH05tDHRflkjUL3t5H","ObjectId":3680}},{"type":"Feature","id":3681,"geometry":{"type":"Point","coordinates":[-70.939541,43.033479]},"properties":{"site_name":"Newfields Light Industrial Prk","other_site_names":"CO-ED SPORTWEAR, INC.","state":"New Hampshire","industry":"Industry","matrix_type":"Groundwater","matrix":"Groundwater","year":null,"pfoa":"4","pfos":"3","total_pfas":null,"pfas_level":7,"notes":null,"regulation_gvt_link":null,"resources_link":null,"suspected_source_link":"https://www4.des.state.nh.us/nh-pfas-investigation/wp-content/uploads/tables-pdf.pdf","pfas_testing_link":"https://www4.des.state.nh.us/nh-pfas-investigation/wp-content/uploads/tables-pdf.pdf","site_ref_link":null,"state_ref_link":"https://drive.google.com/drive/u/0/folders/1RsSKYaEE8jqAw7pH05tDHRflkjUL3t5H","ObjectId":3681}},{"type":"Feature","id":3682,"geometry":{"type":"Point","coordinates":[-72.168722,43.344076]},"properties":{"site_name":"Newport Municipal Landfill","other_site_names":"Breakneck Road Landfill","state":"New Hampshire","industry":"Landfill","matrix_type":"Groundwater","matrix":"Groundwater","year":null,"pfoa":"36","pfos":"20","total_pfas":61,"pfas_level":61,"notes":null,"regulation_gvt_link":null,"resources_link":null,"suspected_source_link":"https://www4.des.state.nh.us/nh-pfas-investigation/wp-content/uploads/tables-pdf.pdf","pfas_testing_link":"https://www4.des.state.nh.us/nh-pfas-investigation/wp-content/uploads/tables-pdf.pdf","site_ref_link":null,"state_ref_link":"https://drive.google.com/drive/u/0/folders/1RsSKYaEE8jqAw7pH05tDHRflkjUL3t5H","ObjectId":3682}},{"type":"Feature","id":3683,"geometry":{"type":"Point","coordinates":[-71.12107,44.022668]},"properties":{"site_name":"North Conway Rib","other_site_names":null,"state":"New Hampshire","industry":"Waste","matrix_type":"Groundwater","matrix":"Groundwater","year":null,"pfoa":"27","pfos":"292","total_pfas":504,"pfas_level":504,"notes":null,"regulation_gvt_link":null,"resources_link":null,"suspected_source_link":"https://www4.des.state.nh.us/nh-pfas-investigation/wp-content/uploads/tables-pdf.pdf","pfas_testing_link":"https://www4.des.state.nh.us/nh-pfas-investigation/wp-content/uploads/tables-pdf.pdf","site_ref_link":null,"state_ref_link":"https://drive.google.com/drive/u/0/folders/1RsSKYaEE8jqAw7pH05tDHRflkjUL3t5H","ObjectId":3683}},{"type":"Feature","id":3684,"geometry":{"type":"Point","coordinates":[-71.591265,43.432579]},"properties":{"site_name":"Northfield Highway Department Garage","other_site_names":null,"state":"New Hampshire","industry":"Unknown","matrix_type":"Groundwater","matrix":"Groundwater","year":null,"pfoa":"21","pfos":"570","total_pfas":853,"pfas_level":853,"notes":"Source of contamination is unknown, but a fire in 2016 may have resulted in the use of AFFF","regulation_gvt_link":null,"resources_link":null,"suspected_source_link":"https://www4.des.state.nh.us/nh-pfas-investigation/wp-content/uploads/tables-pdf.pdf","pfas_testing_link":"https://www4.des.state.nh.us/nh-pfas-investigation/wp-content/uploads/tables-pdf.pdf","site_ref_link":null,"state_ref_link":"https://drive.google.com/drive/u/0/folders/1RsSKYaEE8jqAw7pH05tDHRflkjUL3t5H","ObjectId":3684}},{"type":"Feature","id":3685,"geometry":{"type":"Point","coordinates":[-71.523203,44.597547]},"properties":{"site_name":"Northumberland Overland Flow","other_site_names":null,"state":"New Hampshire","industry":"Unknown","matrix_type":"Groundwater","matrix":"Groundwater","year":null,"pfoa":"35","pfos":"55","total_pfas":102,"pfas_level":102,"notes":null,"regulation_gvt_link":null,"resources_link":null,"suspected_source_link":"https://www4.des.state.nh.us/nh-pfas-investigation/wp-content/uploads/tables-pdf.pdf","pfas_testing_link":"https://www4.des.state.nh.us/nh-pfas-investigation/wp-content/uploads/tables-pdf.pdf","site_ref_link":null,"state_ref_link":"https://drive.google.com/drive/u/0/folders/1RsSKYaEE8jqAw7pH05tDHRflkjUL3t5H","ObjectId":3685}},{"type":"Feature","id":3686,"geometry":{"type":"Point","coordinates":[-71.197208,43.209275]},"properties":{"site_name":"Northwood Septage Facility","other_site_names":"Northwood Transfer Station ","state":"New Hampshire","industry":"WWTP","matrix_type":"Groundwater","matrix":"Groundwater","year":null,"pfoa":"102","pfos":"40","total_pfas":253,"pfas_level":253,"notes":null,"regulation_gvt_link":null,"resources_link":null,"suspected_source_link":"https://www4.des.state.nh.us/nh-pfas-investigation/wp-content/uploads/tables-pdf.pdf","pfas_testing_link":"https://www4.des.state.nh.us/nh-pfas-investigation/wp-content/uploads/tables-pdf.pdf","site_ref_link":null,"state_ref_link":"https://drive.google.com/drive/u/0/folders/1RsSKYaEE8jqAw7pH05tDHRflkjUL3t5H","ObjectId":3686}},{"type":"Feature","id":3687,"geometry":{"type":"Point","coordinates":[-70.871977,43.194616]},"properties":{"site_name":"One Washington Center Inc","other_site_names":"Washington Street Mills","state":"New Hampshire","industry":"Unknown","matrix_type":"Groundwater","matrix":"Groundwater","year":null,"pfoa":"28","pfos":"101","total_pfas":147,"pfas_level":147,"notes":null,"regulation_gvt_link":null,"resources_link":null,"suspected_source_link":"https://www4.des.state.nh.us/nh-pfas-investigation/wp-content/uploads/tables-pdf.pdf","pfas_testing_link":"https://www4.des.state.nh.us/nh-pfas-investigation/wp-content/uploads/tables-pdf.pdf","site_ref_link":null,"state_ref_link":"https://drive.google.com/drive/u/0/folders/1RsSKYaEE8jqAw7pH05tDHRflkjUL3t5H","ObjectId":3687}},{"type":"Feature","id":3688,"geometry":{"type":"Point","coordinates":[-71.109614,43.731214]},"properties":{"site_name":"Ossipee Town Septic Leachfields","other_site_names":null,"state":"New Hampshire","industry":"Waste","matrix_type":"Groundwater","matrix":"Groundwater","year":null,"pfoa":"14","pfos":null,"total_pfas":19,"pfas_level":19,"notes":null,"regulation_gvt_link":null,"resources_link":null,"suspected_source_link":"https://www4.des.state.nh.us/nh-pfas-investigation/wp-content/uploads/tables-pdf.pdf","pfas_testing_link":"https://www4.des.state.nh.us/nh-pfas-investigation/wp-content/uploads/tables-pdf.pdf","site_ref_link":null,"state_ref_link":"https://drive.google.com/drive/u/0/folders/1RsSKYaEE8jqAw7pH05tDHRflkjUL3t5H","ObjectId":3688}},{"type":"Feature","id":3689,"geometry":{"type":"Point","coordinates":[-71.07709,42.89611]},"properties":{"site_name":"Ottati & Goss","other_site_names":"Great Lakes Container Corp, Ottati & Goss/Kingston Steel Drum","state":"New Hampshire","industry":"Industry","matrix_type":"Groundwater","matrix":"Groundwater","year":null,"pfoa":"3200","pfos":"4750","total_pfas":8041,"pfas_level":8041,"notes":null,"regulation_gvt_link":null,"resources_link":null,"suspected_source_link":"https://www4.des.state.nh.us/nh-pfas-investigation/wp-content/uploads/tables-pdf.pdf","pfas_testing_link":"https://www4.des.state.nh.us/nh-pfas-investigation/wp-content/uploads/tables-pdf.pdf","site_ref_link":null,"state_ref_link":"https://drive.google.com/drive/u/0/folders/1RsSKYaEE8jqAw7pH05tDHRflkjUL3t5H","ObjectId":3689}},{"type":"Feature","id":3690,"geometry":{"type":"Point","coordinates":[-71.385233,45.049628]},"properties":{"site_name":"Pittsburg Rib Site","other_site_names":null,"state":"New Hampshire","industry":"Waste","matrix_type":"Groundwater","matrix":"Groundwater","year":null,"pfoa":"50","pfos":null,"total_pfas":57,"pfas_level":57,"notes":null,"regulation_gvt_link":null,"resources_link":null,"suspected_source_link":"https://www4.des.state.nh.us/nh-pfas-investigation/wp-content/uploads/tables-pdf.pdf","pfas_testing_link":"https://www4.des.state.nh.us/nh-pfas-investigation/wp-content/uploads/tables-pdf.pdf","site_ref_link":null,"state_ref_link":"https://drive.google.com/drive/u/0/folders/1RsSKYaEE8jqAw7pH05tDHRflkjUL3t5H","ObjectId":3690}},{"type":"Feature","id":3691,"geometry":{"type":"Point","coordinates":[-71.440623,45.071364]},"properties":{"site_name":"Pittsburg Septage Lagoon","other_site_names":null,"state":"New Hampshire","industry":"Waste","matrix_type":"Groundwater","matrix":"Groundwater","year":null,"pfoa":"51","pfos":"11","total_pfas":68,"pfas_level":68,"notes":null,"regulation_gvt_link":null,"resources_link":null,"suspected_source_link":"https://www4.des.state.nh.us/nh-pfas-investigation/wp-content/uploads/tables-pdf.pdf","pfas_testing_link":"https://www4.des.state.nh.us/nh-pfas-investigation/wp-content/uploads/tables-pdf.pdf","site_ref_link":null,"state_ref_link":"https://drive.google.com/drive/u/0/folders/1RsSKYaEE8jqAw7pH05tDHRflkjUL3t5H","ObjectId":3691}},{"type":"Feature","id":3692,"geometry":{"type":"Point","coordinates":[-71.323599,43.29053]},"properties":{"site_name":"Pittsfield Wastewater Treatment Facility UWW Lagoon","other_site_names":null,"state":"New Hampshire","industry":"WWTP","matrix_type":"Groundwater","matrix":"Groundwater","year":null,"pfoa":"59","pfos":null,"total_pfas":64,"pfas_level":64,"notes":null,"regulation_gvt_link":null,"resources_link":null,"suspected_source_link":"https://www4.des.state.nh.us/nh-pfas-investigation/wp-content/uploads/tables-pdf.pdf","pfas_testing_link":"https://www4.des.state.nh.us/nh-pfas-investigation/wp-content/uploads/tables-pdf.pdf","site_ref_link":null,"state_ref_link":"https://drive.google.com/drive/u/0/folders/1RsSKYaEE8jqAw7pH05tDHRflkjUL3t5H","ObjectId":3692}},{"type":"Feature","id":3693,"geometry":{"type":"Point","coordinates":[-71.319854,43.302486]},"properties":{"site_name":"Pittsfield Public Works Dept","other_site_names":null,"state":"New Hampshire","industry":"Industry","matrix_type":"Groundwater","matrix":"Groundwater","year":null,"pfoa":"6","pfos":"2","total_pfas":8,"pfas_level":8,"notes":null,"regulation_gvt_link":null,"resources_link":null,"suspected_source_link":"https://www4.des.state.nh.us/nh-pfas-investigation/wp-content/uploads/tables-pdf.pdf","pfas_testing_link":"https://www4.des.state.nh.us/nh-pfas-investigation/wp-content/uploads/tables-pdf.pdf","site_ref_link":null,"state_ref_link":"https://drive.google.com/drive/u/0/folders/1RsSKYaEE8jqAw7pH05tDHRflkjUL3t5H","ObjectId":3693}},{"type":"Feature","id":3694,"geometry":{"type":"Point","coordinates":[-71.100316,42.862129]},"properties":{"site_name":"Plaistow Municipal Landfill","other_site_names":null,"state":"New Hampshire","industry":"Landfill","matrix_type":"Groundwater","matrix":"Groundwater","year":null,"pfoa":"47","pfos":"170","total_pfas":235,"pfas_level":235,"notes":null,"regulation_gvt_link":null,"resources_link":null,"suspected_source_link":"https://www4.des.state.nh.us/nh-pfas-investigation/wp-content/uploads/tables-pdf.pdf","pfas_testing_link":"https://www4.des.state.nh.us/nh-pfas-investigation/wp-content/uploads/tables-pdf.pdf","site_ref_link":null,"state_ref_link":"https://drive.google.com/drive/u/0/folders/1RsSKYaEE8jqAw7pH05tDHRflkjUL3t5H","ObjectId":3694}},{"type":"Feature","id":3695,"geometry":{"type":"Point","coordinates":[-70.96446,43.267533]},"properties":{"site_name":"Rochester Wastewater Treatment Facility UWW Lagoon","other_site_names":null,"state":"New Hampshire","industry":"WWTP","matrix_type":"Groundwater","matrix":"Groundwater","year":null,"pfoa":"197","pfos":"23","total_pfas":249,"pfas_level":249,"notes":null,"regulation_gvt_link":null,"resources_link":null,"suspected_source_link":"https://www4.des.state.nh.us/nh-pfas-investigation/wp-content/uploads/tables-pdf.pdf","pfas_testing_link":"https://www4.des.state.nh.us/nh-pfas-investigation/wp-content/uploads/tables-pdf.pdf","site_ref_link":null,"state_ref_link":"https://drive.google.com/drive/u/0/folders/1RsSKYaEE8jqAw7pH05tDHRflkjUL3t5H","ObjectId":3695}},{"type":"Feature","id":3696,"geometry":{"type":"Point","coordinates":[-71.453511,42.947106]},"properties":{"site_name":"Rr Donnelley Co Former Moore Business Forms","other_site_names":null,"state":"New Hampshire","industry":"Unknown","matrix_type":"Groundwater","matrix":"Groundwater","year":null,"pfoa":"129","pfos":"35","total_pfas":183,"pfas_level":183,"notes":null,"regulation_gvt_link":null,"resources_link":null,"suspected_source_link":"https://www4.des.state.nh.us/nh-pfas-investigation/wp-content/uploads/tables-pdf.pdf","pfas_testing_link":"https://www4.des.state.nh.us/nh-pfas-investigation/wp-content/uploads/tables-pdf.pdf","site_ref_link":null,"state_ref_link":"https://drive.google.com/drive/u/0/folders/1RsSKYaEE8jqAw7pH05tDHRflkjUL3t5H","ObjectId":3696}},{"type":"Feature","id":3697,"geometry":{"type":"Point","coordinates":[-71.394194,42.915191]},"properties":{"site_name":"Sanborn Road Area Site","other_site_names":null,"state":"New Hampshire","industry":"Unknown","matrix_type":"Groundwater","matrix":"Groundwater","year":null,"pfoa":"117","pfos":"377","total_pfas":2034,"pfas_level":2034,"notes":null,"regulation_gvt_link":null,"resources_link":null,"suspected_source_link":"https://www4.des.state.nh.us/nh-pfas-investigation/wp-content/uploads/tables-pdf.pdf","pfas_testing_link":"https://www4.des.state.nh.us/nh-pfas-investigation/wp-content/uploads/tables-pdf.pdf","site_ref_link":null,"state_ref_link":"https://drive.google.com/drive/u/0/folders/1RsSKYaEE8jqAw7pH05tDHRflkjUL3t5H","ObjectId":3697}},{"type":"Feature","id":3698,"geometry":{"type":"Point","coordinates":[-71.994296,42.932312]},"properties":{"site_name":"Sargent Camp Nature Classroom Wastewater Lagoon","other_site_names":null,"state":"New Hampshire","industry":"Unknown","matrix_type":"Groundwater","matrix":"Groundwater","year":null,"pfoa":"9","pfos":"6","total_pfas":22,"pfas_level":22,"notes":null,"regulation_gvt_link":null,"resources_link":null,"suspected_source_link":"https://www4.des.state.nh.us/nh-pfas-investigation/wp-content/uploads/tables-pdf.pdf","pfas_testing_link":"https://www4.des.state.nh.us/nh-pfas-investigation/wp-content/uploads/tables-pdf.pdf","site_ref_link":null,"state_ref_link":"https://drive.google.com/drive/u/0/folders/1RsSKYaEE8jqAw7pH05tDHRflkjUL3t5H","ObjectId":3698}},{"type":"Feature","id":3699,"geometry":{"type":"Point","coordinates":[-71.810722,44.271594]},"properties":{"site_name":"Schofield Septage","other_site_names":null,"state":"New Hampshire","industry":"WWTP","matrix_type":"Groundwater","matrix":"Groundwater","year":null,"pfoa":"10","pfos":null,"total_pfas":null,"pfas_level":10,"notes":null,"regulation_gvt_link":null,"resources_link":null,"suspected_source_link":"https://www4.des.state.nh.us/nh-pfas-investigation/wp-content/uploads/tables-pdf.pdf","pfas_testing_link":"https://www4.des.state.nh.us/nh-pfas-investigation/wp-content/uploads/tables-pdf.pdf","site_ref_link":null,"state_ref_link":"https://drive.google.com/drive/u/0/folders/1RsSKYaEE8jqAw7pH05tDHRflkjUL3t5H","ObjectId":3699}},{"type":"Feature","id":3700,"geometry":{"type":"Point","coordinates":[-71.242312,42.811883]},"properties":{"site_name":"Shadow Lake Rd","other_site_names":"Doiron Rd Area Site","state":"New Hampshire","industry":"Unknown","matrix_type":"Groundwater","matrix":"Groundwater","year":null,"pfoa":"68","pfos":"23","total_pfas":101,"pfas_level":101,"notes":null,"regulation_gvt_link":null,"resources_link":null,"suspected_source_link":"https://www4.des.state.nh.us/nh-pfas-investigation/wp-content/uploads/tables-pdf.pdf","pfas_testing_link":"https://www4.des.state.nh.us/nh-pfas-investigation/wp-content/uploads/tables-pdf.pdf","site_ref_link":null,"state_ref_link":"https://drive.google.com/drive/u/0/folders/1RsSKYaEE8jqAw7pH05tDHRflkjUL3t5H","ObjectId":3700}},{"type":"Feature","id":3701,"geometry":{"type":"Point","coordinates":[-71.63702,42.827508]},"properties":{"site_name":"Spear NH","other_site_names":"Formerly Gar-Doc","state":"New Hampshire","industry":"Unknown","matrix_type":"Groundwater","matrix":"Groundwater","year":null,"pfoa":"11","pfos":"60","total_pfas":null,"pfas_level":71,"notes":null,"regulation_gvt_link":null,"resources_link":null,"suspected_source_link":"https://www4.des.state.nh.us/nh-pfas-investigation/wp-content/uploads/tables-pdf.pdf","pfas_testing_link":"https://www4.des.state.nh.us/nh-pfas-investigation/wp-content/uploads/tables-pdf.pdf","site_ref_link":null,"state_ref_link":"https://drive.google.com/drive/u/0/folders/1RsSKYaEE8jqAw7pH05tDHRflkjUL3t5H","ObjectId":3701}},{"type":"Feature","id":3702,"geometry":{"type":"Point","coordinates":[-71.183701,44.115993]},"properties":{"site_name":"Storyland Amusement Park ","other_site_names":null,"state":"New Hampshire","industry":"Unknown","matrix_type":"Groundwater","matrix":"Groundwater","year":null,"pfoa":"3","pfos":null,"total_pfas":null,"pfas_level":3,"notes":null,"regulation_gvt_link":null,"resources_link":null,"suspected_source_link":"https://www4.des.state.nh.us/nh-pfas-investigation/wp-content/uploads/tables-pdf.pdf","pfas_testing_link":"https://www4.des.state.nh.us/nh-pfas-investigation/wp-content/uploads/tables-pdf.pdf","site_ref_link":null,"state_ref_link":"https://drive.google.com/drive/u/0/folders/1RsSKYaEE8jqAw7pH05tDHRflkjUL3t5H","ObjectId":3702}},{"type":"Feature","id":3703,"geometry":{"type":"Point","coordinates":[-71.944578,43.322503]},"properties":{"site_name":"Sutton Septage Facility","other_site_names":null,"state":"New Hampshire","industry":"WWTP","matrix_type":"Groundwater","matrix":"Groundwater","year":null,"pfoa":"399","pfos":"94","total_pfas":571,"pfas_level":571,"notes":null,"regulation_gvt_link":null,"resources_link":null,"suspected_source_link":"https://www4.des.state.nh.us/nh-pfas-investigation/wp-content/uploads/tables-pdf.pdf","pfas_testing_link":"https://www4.des.state.nh.us/nh-pfas-investigation/wp-content/uploads/tables-pdf.pdf","site_ref_link":null,"state_ref_link":"https://drive.google.com/drive/u/0/folders/1RsSKYaEE8jqAw7pH05tDHRflkjUL3t5H","ObjectId":3703}},{"type":"Feature","id":3704,"geometry":{"type":"Point","coordinates":[-72.361358,43.347586]},"properties":{"site_name":"T Bird Mini Mart","other_site_names":null,"state":"New Hampshire","industry":"Unknown","matrix_type":"Groundwater","matrix":"Groundwater","year":null,"pfoa":"6","pfos":"4","total_pfas":11,"pfas_level":11,"notes":null,"regulation_gvt_link":null,"resources_link":null,"suspected_source_link":"https://www4.des.state.nh.us/nh-pfas-investigation/wp-content/uploads/tables-pdf.pdf","pfas_testing_link":"https://www4.des.state.nh.us/nh-pfas-investigation/wp-content/uploads/tables-pdf.pdf","site_ref_link":null,"state_ref_link":"https://drive.google.com/drive/u/0/folders/1RsSKYaEE8jqAw7pH05tDHRflkjUL3t5H","ObjectId":3704}},{"type":"Feature","id":3705,"geometry":{"type":"Point","coordinates":[-71.111487,43.030686]},"properties":{"site_name":"Tim & Jonis Towing & Auto Recycling","other_site_names":null,"state":"New Hampshire","industry":"Industry","matrix_type":"Groundwater","matrix":"Groundwater","year":null,"pfoa":"8","pfos":"3","total_pfas":28,"pfas_level":28,"notes":null,"regulation_gvt_link":null,"resources_link":null,"suspected_source_link":"https://www4.des.state.nh.us/nh-pfas-investigation/wp-content/uploads/tables-pdf.pdf","pfas_testing_link":"https://www4.des.state.nh.us/nh-pfas-investigation/wp-content/uploads/tables-pdf.pdf","site_ref_link":null,"state_ref_link":"https://drive.google.com/drive/u/0/folders/1RsSKYaEE8jqAw7pH05tDHRflkjUL3t5H","ObjectId":3705}},{"type":"Feature","id":3706,"geometry":{"type":"Point","coordinates":[-71.427195,42.931426]},"properties":{"site_name":"Former Lamont Labs","other_site_names":null,"state":"New Hampshire","industry":"Industry","matrix_type":"Groundwater","matrix":"Groundwater","year":null,"pfoa":"78","pfos":"9","total_pfas":93,"pfas_level":93,"notes":null,"regulation_gvt_link":null,"resources_link":null,"suspected_source_link":"https://www4.des.state.nh.us/nh-pfas-investigation/wp-content/uploads/tables-pdf.pdf","pfas_testing_link":"https://www4.des.state.nh.us/nh-pfas-investigation/wp-content/uploads/tables-pdf.pdf","site_ref_link":null,"state_ref_link":"https://drive.google.com/drive/u/0/folders/1RsSKYaEE8jqAw7pH05tDHRflkjUL3t5H","ObjectId":3706}},{"type":"Feature","id":3707,"geometry":{"type":"Point","coordinates":[-70.918736,43.002739]},"properties":{"site_name":"Tricket Stratham Irving Car Wash","other_site_names":null,"state":"New Hampshire","industry":"Industry","matrix_type":"Groundwater","matrix":"Groundwater","year":null,"pfoa":"2","pfos":"4","total_pfas":null,"pfas_level":6,"notes":null,"regulation_gvt_link":null,"resources_link":null,"suspected_source_link":"https://www4.des.state.nh.us/nh-pfas-investigation/wp-content/uploads/tables-pdf.pdf","pfas_testing_link":"https://www4.des.state.nh.us/nh-pfas-investigation/wp-content/uploads/tables-pdf.pdf","site_ref_link":null,"state_ref_link":"https://drive.google.com/drive/u/0/folders/1RsSKYaEE8jqAw7pH05tDHRflkjUL3t5H","ObjectId":3707}},{"type":"Feature","id":3708,"geometry":{"type":"Point","coordinates":[-71.56764,42.87626]},"properties":{"site_name":"Trowbridge Drive Area","other_site_names":null,"state":"New Hampshire","industry":"Unknown","matrix_type":"Groundwater","matrix":"Groundwater","year":null,"pfoa":"35","pfos":"100","total_pfas":139,"pfas_level":139,"notes":null,"regulation_gvt_link":null,"resources_link":null,"suspected_source_link":"https://www4.des.state.nh.us/nh-pfas-investigation/wp-content/uploads/tables-pdf.pdf","pfas_testing_link":"https://www4.des.state.nh.us/nh-pfas-investigation/wp-content/uploads/tables-pdf.pdf","site_ref_link":null,"state_ref_link":"https://drive.google.com/drive/u/0/folders/1RsSKYaEE8jqAw7pH05tDHRflkjUL3t5H","ObjectId":3708}},{"type":"Feature","id":3709,"geometry":{"type":"Point","coordinates":[-71.033043,43.535094]},"properties":{"site_name":"Wakefield Wastewater Treatment Facility","other_site_names":null,"state":"New Hampshire","industry":"WWTP","matrix_type":"Groundwater","matrix":"Groundwater","year":null,"pfoa":"7","pfos":null,"total_pfas":null,"pfas_level":7,"notes":null,"regulation_gvt_link":null,"resources_link":null,"suspected_source_link":"https://www4.des.state.nh.us/nh-pfas-investigation/wp-content/uploads/tables-pdf.pdf","pfas_testing_link":"https://www4.des.state.nh.us/nh-pfas-investigation/wp-content/uploads/tables-pdf.pdf","site_ref_link":null,"state_ref_link":"https://drive.google.com/drive/u/0/folders/1RsSKYaEE8jqAw7pH05tDHRflkjUL3t5H","ObjectId":3709}},{"type":"Feature","id":3710,"geometry":{"type":"Point","coordinates":[-71.157012,43.026682]},"properties":{"site_name":"Walmart Distrib Center Septic","other_site_names":null,"state":"New Hampshire","industry":"WWTP","matrix_type":"Groundwater","matrix":"Groundwater","year":null,"pfoa":"5","pfos":"6","total_pfas":null,"pfas_level":10,"notes":null,"regulation_gvt_link":null,"resources_link":null,"suspected_source_link":"https://www4.des.state.nh.us/nh-pfas-investigation/wp-content/uploads/tables-pdf.pdf","pfas_testing_link":"https://www4.des.state.nh.us/nh-pfas-investigation/wp-content/uploads/tables-pdf.pdf","site_ref_link":null,"state_ref_link":"https://drive.google.com/drive/u/0/folders/1RsSKYaEE8jqAw7pH05tDHRflkjUL3t5H","ObjectId":3710}},{"type":"Feature","id":3711,"geometry":{"type":"Point","coordinates":[-71.263334,42.810637]},"properties":{"site_name":"Warde Health Center Sisters Of Mercy Leachfield","other_site_names":null,"state":"New Hampshire","industry":"Waste","matrix_type":"Groundwater","matrix":"Groundwater","year":null,"pfoa":"16","pfos":"4","total_pfas":null,"pfas_level":20,"notes":null,"regulation_gvt_link":null,"resources_link":null,"suspected_source_link":"https://www4.des.state.nh.us/nh-pfas-investigation/wp-content/uploads/tables-pdf.pdf","pfas_testing_link":"https://www4.des.state.nh.us/nh-pfas-investigation/wp-content/uploads/tables-pdf.pdf","site_ref_link":null,"state_ref_link":"https://drive.google.com/drive/u/0/folders/1RsSKYaEE8jqAw7pH05tDHRflkjUL3t5H","ObjectId":3711}},{"type":"Feature","id":3712,"geometry":{"type":"Point","coordinates":[-71.82855,42.751153]},"properties":{"site_name":"Warwick Mills Septic","other_site_names":null,"state":"New Hampshire","industry":"WWTP","matrix_type":"Groundwater","matrix":"Groundwater","year":null,"pfoa":"25","pfos":"6","total_pfas":35,"pfas_level":35,"notes":null,"regulation_gvt_link":null,"resources_link":null,"suspected_source_link":"https://www4.des.state.nh.us/nh-pfas-investigation/wp-content/uploads/tables-pdf.pdf","pfas_testing_link":"https://www4.des.state.nh.us/nh-pfas-investigation/wp-content/uploads/tables-pdf.pdf","site_ref_link":null,"state_ref_link":"https://drive.google.com/drive/u/0/folders/1RsSKYaEE8jqAw7pH05tDHRflkjUL3t5H","ObjectId":3712}},{"type":"Feature","id":3713,"geometry":{"type":"Point","coordinates":[-71.510056,43.946264]},"properties":{"site_name":"Waterville Valley Wastewater Treatment Facility UWW Lagoon","other_site_names":null,"state":"New Hampshire","industry":"WWTP","matrix_type":"Groundwater","matrix":"Groundwater","year":null,"pfoa":"13","pfos":"4","total_pfas":23,"pfas_level":23,"notes":null,"regulation_gvt_link":null,"resources_link":null,"suspected_source_link":"https://www4.des.state.nh.us/nh-pfas-investigation/wp-content/uploads/tables-pdf.pdf","pfas_testing_link":"https://www4.des.state.nh.us/nh-pfas-investigation/wp-content/uploads/tables-pdf.pdf","site_ref_link":null,"state_ref_link":"https://drive.google.com/drive/u/0/folders/1RsSKYaEE8jqAw7pH05tDHRflkjUL3t5H","ObjectId":3713}},{"type":"Feature","id":3714,"geometry":{"type":"Point","coordinates":[-71.259636,42.86856]},"properties":{"site_name":"Weber Auto & Truck Parts Inc","other_site_names":null,"state":"New Hampshire","industry":"Industry","matrix_type":"Groundwater","matrix":"Groundwater","year":null,"pfoa":"133","pfos":"640","total_pfas":921,"pfas_level":921,"notes":null,"regulation_gvt_link":null,"resources_link":null,"suspected_source_link":"https://www4.des.state.nh.us/nh-pfas-investigation/wp-content/uploads/tables-pdf.pdf","pfas_testing_link":"https://www4.des.state.nh.us/nh-pfas-investigation/wp-content/uploads/tables-pdf.pdf","site_ref_link":null,"state_ref_link":"https://drive.google.com/drive/u/0/folders/1RsSKYaEE8jqAw7pH05tDHRflkjUL3t5H","ObjectId":3714}},{"type":"Feature","id":3715,"geometry":{"type":"Point","coordinates":[-71.909647,43.847746]},"properties":{"site_name":"Wentworth Landfill","other_site_names":null,"state":"New Hampshire","industry":"Unknown","matrix_type":"Groundwater","matrix":"Groundwater","year":null,"pfoa":"47","pfos":null,"total_pfas":56,"pfas_level":56,"notes":null,"regulation_gvt_link":null,"resources_link":null,"suspected_source_link":"https://www4.des.state.nh.us/nh-pfas-investigation/wp-content/uploads/tables-pdf.pdf","pfas_testing_link":"https://www4.des.state.nh.us/nh-pfas-investigation/wp-content/uploads/tables-pdf.pdf","site_ref_link":null,"state_ref_link":"https://drive.google.com/drive/u/0/folders/1RsSKYaEE8jqAw7pH05tDHRflkjUL3t5H","ObjectId":3715}},{"type":"Feature","id":3716,"geometry":{"type":"Point","coordinates":[-71.124672,44.052441]},"properties":{"site_name":"White Mountain Laundry & Dry Cleaners","other_site_names":"Seavey Street Laundromat","state":"New Hampshire","industry":"Industry","matrix_type":"Groundwater","matrix":"Groundwater","year":null,"pfoa":"6","pfos":null,"total_pfas":null,"pfas_level":6,"notes":null,"regulation_gvt_link":null,"resources_link":null,"suspected_source_link":"https://www4.des.state.nh.us/nh-pfas-investigation/wp-content/uploads/tables-pdf.pdf","pfas_testing_link":"https://www4.des.state.nh.us/nh-pfas-investigation/wp-content/uploads/tables-pdf.pdf","site_ref_link":null,"state_ref_link":"https://drive.google.com/drive/u/0/folders/1RsSKYaEE8jqAw7pH05tDHRflkjUL3t5H","ObjectId":3716}},{"type":"Feature","id":3717,"geometry":{"type":"Point","coordinates":[-71.247595,42.813944]},"properties":{"site_name":"Former Windham Marine","other_site_names":null,"state":"New Hampshire","industry":"Industry","matrix_type":"Groundwater","matrix":"Groundwater","year":null,"pfoa":"18","pfos":null,"total_pfas":24,"pfas_level":24,"notes":"Boat Repair shop","regulation_gvt_link":null,"resources_link":null,"suspected_source_link":"https://www4.des.state.nh.us/nh-pfas-investigation/wp-content/uploads/tables-pdf.pdf","pfas_testing_link":"https://www4.des.state.nh.us/nh-pfas-investigation/wp-content/uploads/tables-pdf.pdf","site_ref_link":null,"state_ref_link":"https://drive.google.com/drive/u/0/folders/1RsSKYaEE8jqAw7pH05tDHRflkjUL3t5H","ObjectId":3717}},{"type":"Feature","id":3718,"geometry":{"type":"Point","coordinates":[-71.23,43.633]},"properties":{"site_name":"Wolfeboro Rib Site","other_site_names":null,"state":"New Hampshire","industry":"Waste","matrix_type":"Groundwater","matrix":"Groundwater","year":null,"pfoa":"6","pfos":"8","total_pfas":29,"pfas_level":29,"notes":"RIB = rapid infiltration basin","regulation_gvt_link":null,"resources_link":null,"suspected_source_link":"https://www4.des.state.nh.us/nh-pfas-investigation/wp-content/uploads/tables-pdf.pdf","pfas_testing_link":"https://www4.des.state.nh.us/nh-pfas-investigation/wp-content/uploads/tables-pdf.pdf","site_ref_link":null,"state_ref_link":"https://drive.google.com/drive/u/0/folders/1RsSKYaEE8jqAw7pH05tDHRflkjUL3t5H","ObjectId":3718}},{"type":"Feature","id":3719,"geometry":{"type":"Point","coordinates":[-71.227,43.67]},"properties":{"site_name":"Wolfeboro Spray","other_site_names":null,"state":"New Hampshire","industry":"Unknown","matrix_type":"Groundwater","matrix":"Groundwater","year":null,"pfoa":"7","pfos":"12","total_pfas":40,"pfas_level":40,"notes":null,"regulation_gvt_link":null,"resources_link":null,"suspected_source_link":"https://www4.des.state.nh.us/nh-pfas-investigation/wp-content/uploads/tables-pdf.pdf","pfas_testing_link":"https://www4.des.state.nh.us/nh-pfas-investigation/wp-content/uploads/tables-pdf.pdf","site_ref_link":null,"state_ref_link":"https://drive.google.com/drive/u/0/folders/1RsSKYaEE8jqAw7pH05tDHRflkjUL3t5H","ObjectId":3719}},{"type":"Feature","id":3720,"geometry":{"type":"Point","coordinates":[-72.14947,42.815953]},"properties":{"site_name":"Wastewater Cross Tack Pile","other_site_names":null,"state":"New Hampshire","industry":"Industry","matrix_type":"Groundwater","matrix":"Groundwater","year":null,"pfoa":"3","pfos":"14","total_pfas":24,"pfas_level":24,"notes":null,"regulation_gvt_link":null,"resources_link":null,"suspected_source_link":"https://www4.des.state.nh.us/nh-pfas-investigation/wp-content/uploads/tables-pdf.pdf","pfas_testing_link":"https://www4.des.state.nh.us/nh-pfas-investigation/wp-content/uploads/tables-pdf.pdf","site_ref_link":null,"state_ref_link":"https://drive.google.com/drive/u/0/folders/1RsSKYaEE8jqAw7pH05tDHRflkjUL3t5H","ObjectId":3720}},{"type":"Feature","id":3808,"geometry":{"type":"Point","coordinates":[-71.474368,42.992527]},"properties":{"site_name":"122 McGregor Street","other_site_names":null,"state":"New Hampshire","industry":"Unknown","matrix_type":"Groundwater","matrix":"Groundwater","year":2020,"pfoa":"11","pfos":"14","total_pfas":68,"pfas_level":68,"notes":"Currently a Rite Aid","regulation_gvt_link":null,"resources_link":"https://www4.des.state.nh.us/DESOneStop/PRSDetail.aspx?ID=0006778&Type=PRS","suspected_source_link":"https://nhdes.maps.arcgis.com/apps/View/index.html?appid=66770bef141c43a98a445c54a17720e2&extent=-73.5743,42.5413,-69.6852,45.4509","pfas_testing_link":"https://www4.des.state.nh.us/nh-pfas-investigation/wp-content/uploads/tables-pdf.pdf","site_ref_link":"https://drive.google.com/drive/u/0/folders/1RAtQRzKR5HRhwNtNp-o7KFUsN7b7qQAr","state_ref_link":"https://drive.google.com/drive/u/0/folders/1RsSKYaEE8jqAw7pH05tDHRflkjUL3t5H","ObjectId":3808}},{"type":"Feature","id":3809,"geometry":{"type":"Point","coordinates":[-71.441578,43.058568]},"properties":{"site_name":"1339 Hooksett Road","other_site_names":null,"state":"New Hampshire","industry":"Industry","matrix_type":"Groundwater","matrix":"Groundwater","year":2019,"pfoa":"26","pfos":"10","total_pfas":81,"pfas_level":81,"notes":"O'Reilly Auto Parts","regulation_gvt_link":null,"resources_link":"https://www4.des.state.nh.us/DESOneStop/PRSDetail.aspx?ID=0038257&Type=PRS","suspected_source_link":"https://nhdes.maps.arcgis.com/apps/View/index.html?appid=66770bef141c43a98a445c54a17720e2&extent=-73.5743,42.5413,-69.6852,45.4509","pfas_testing_link":"https://www4.des.state.nh.us/IISProxy/IISProxy.dll?ContentId=4762865","site_ref_link":"https://drive.google.com/drive/u/0/folders/1IiOX_hRY24fjsq-tQ2XY7Douk775rrY5","state_ref_link":"https://drive.google.com/drive/u/0/folders/1RsSKYaEE8jqAw7pH05tDHRflkjUL3t5H","ObjectId":3809}},{"type":"Feature","id":3810,"geometry":{"type":"Point","coordinates":[-70.881962,42.881864]},"properties":{"site_name":"139 Folly Mill Road","other_site_names":null,"state":"New Hampshire","industry":"Unknown","matrix_type":"Groundwater","matrix":"Groundwater","year":2018,"pfoa":"3","pfos":"3","total_pfas":8,"pfas_level":8,"notes":"CR Electronics","regulation_gvt_link":null,"resources_link":"https://www4.des.state.nh.us/DESOneStop/PRSDetail.aspx?ID=0017357&Type=PRS","suspected_source_link":"https://nhdes.maps.arcgis.com/apps/View/index.html?appid=66770bef141c43a98a445c54a17720e2&extent=-73.5743,42.5413,-69.6852,45.4509","pfas_testing_link":"https://www4.des.state.nh.us/IISProxy/IISProxy.dll?ContentId=4743604","site_ref_link":"https://drive.google.com/drive/u/0/folders/1kNtTq1lvGKOW7pZwqdxtblVzvHhEtY1E","state_ref_link":"https://drive.google.com/drive/u/0/folders/1RsSKYaEE8jqAw7pH05tDHRflkjUL3t5H","ObjectId":3810}},{"type":"Feature","id":3811,"geometry":{"type":"Point","coordinates":[-71.601813,43.018895]},"properties":{"site_name":"14 Depot Street","other_site_names":null,"state":"New Hampshire","industry":"Unknown","matrix_type":"Groundwater","matrix":"Groundwater","year":2018,"pfoa":"130","pfos":"680","total_pfas":2666,"pfas_level":2666,"notes":null,"regulation_gvt_link":null,"resources_link":"https://www4.des.state.nh.us/DESOneStop/PRSDetail.aspx?ID=0037898&Type=PRS","suspected_source_link":"https://nhdes.maps.arcgis.com/apps/View/index.html?appid=66770bef141c43a98a445c54a17720e2&extent=-73.5743,42.5413,-69.6852,45.4509","pfas_testing_link":"https://www4.des.state.nh.us/IISProxy/IISProxy.dll?ContentId=4762241","site_ref_link":"https://drive.google.com/drive/u/1/folders/1yYV4wWx_JfngP7sE9Lvu2fr2u3XflKL0","state_ref_link":"https://drive.google.com/drive/u/0/folders/1RsSKYaEE8jqAw7pH05tDHRflkjUL3t5H","ObjectId":3811}},{"type":"Feature","id":3812,"geometry":{"type":"Point","coordinates":[-71.443295,42.751382]},"properties":{"site_name":"150 Burke Street","other_site_names":null,"state":"New Hampshire","industry":"Industry","matrix_type":"Groundwater","matrix":"Groundwater","year":2018,"pfoa":"20","pfos":"59","total_pfas":118,"pfas_level":118,"notes":"Ingersoll Rand","regulation_gvt_link":null,"resources_link":"https://www4.des.state.nh.us/DESOneStop/PRSDetail.aspx?ID=0003792&Type=PRS","suspected_source_link":"https://nhdes.maps.arcgis.com/apps/View/index.html?appid=66770bef141c43a98a445c54a17720e2&extent=-73.5743,42.5413,-69.6852,45.4509","pfas_testing_link":"https://www4.des.state.nh.us/IISProxy/IISProxy.dll?ContentId=4778707","site_ref_link":"https://drive.google.com/drive/u/0/folders/1dL-GBh-261cIobRVtQCsEImUwzXIWFnF","state_ref_link":"https://drive.google.com/drive/u/0/folders/1RsSKYaEE8jqAw7pH05tDHRflkjUL3t5H","ObjectId":3812}},{"type":"Feature","id":3813,"geometry":{"type":"Point","coordinates":[-71.310365,42.800041]},"properties":{"site_name":"21 Haverhill Road","other_site_names":null,"state":"New Hampshire","industry":"Unknown","matrix_type":"Groundwater","matrix":"Groundwater","year":2019,"pfoa":"12","pfos":"4","total_pfas":127,"pfas_level":127,"notes":" https://www.windhampost109.org/ Wilbur E. Tarbell, Post 109","regulation_gvt_link":null,"resources_link":"https://www4.des.state.nh.us/DESOneStop/PRSDetail.aspx?ID=0037839&Type=PRS","suspected_source_link":"https://nhdes.maps.arcgis.com/apps/View/index.html?appid=66770bef141c43a98a445c54a17720e2&extent=-73.5743,42.5413,-69.6852,45.4509","pfas_testing_link":"https://www4.des.state.nh.us/IISProxy/IISProxy.dll?ContentId=4847767","site_ref_link":"https://drive.google.com/drive/u/0/folders/1G6FDJzZ2evWXMVp050yiCG2fSre-5X1N","state_ref_link":"https://drive.google.com/drive/u/0/folders/1RsSKYaEE8jqAw7pH05tDHRflkjUL3t5H","ObjectId":3813}},{"type":"Feature","id":3814,"geometry":{"type":"Point","coordinates":[-71.249394,42.790403]},"properties":{"site_name":"23 Bus Road","other_site_names":null,"state":"New Hampshire","industry":"Unknown","matrix_type":"Groundwater","matrix":"Groundwater","year":2018,"pfoa":"957","pfos":"3150","total_pfas":7887,"pfas_level":7887,"notes":null,"regulation_gvt_link":null,"resources_link":"https://www4.des.state.nh.us/DESOneStop/PRSDetail.aspx?ID=0038939&Type=PRS","suspected_source_link":"https://nhdes.maps.arcgis.com/apps/View/index.html?appid=66770bef141c43a98a445c54a17720e2&extent=-73.5743,42.5413,-69.6852,45.4509","pfas_testing_link":"https://www4.des.state.nh.us/IISProxy/IISProxy.dll?ContentId=4749421","site_ref_link":"https://drive.google.com/drive/u/0/folders/1QNArO6sHMbSQ-on8vI2x73gerxqCjraI","state_ref_link":"https://drive.google.com/drive/u/0/folders/1RsSKYaEE8jqAw7pH05tDHRflkjUL3t5H","ObjectId":3814}},{"type":"Feature","id":3815,"geometry":{"type":"Point","coordinates":[-71.338724,42.903743]},"properties":{"site_name":"24 Scobie Pond Road","other_site_names":null,"state":"New Hampshire","industry":"Unknown","matrix_type":"Groundwater","matrix":"Groundwater","year":2018,"pfoa":"59","pfos":"24","total_pfas":148,"pfas_level":148,"notes":null,"regulation_gvt_link":null,"resources_link":"https://www4.des.state.nh.us/DESOneStop/PRSDetail.aspx?ID=0038422&Type=PRS","suspected_source_link":"https://nhdes.maps.arcgis.com/apps/View/index.html?appid=66770bef141c43a98a445c54a17720e2&extent=-73.5743,42.5413,-69.6852,45.4509","pfas_testing_link":"https://www4.des.state.nh.us/IISProxy/IISProxy.dll?ContentId=4716483","site_ref_link":"https://drive.google.com/drive/u/0/folders/1hotpRNKPc_aCE4W5DB_hRRaL-JbMbrW8","state_ref_link":"https://drive.google.com/drive/u/0/folders/1RsSKYaEE8jqAw7pH05tDHRflkjUL3t5H","ObjectId":3815}},{"type":"Feature","id":3816,"geometry":{"type":"Point","coordinates":[-72.277972,42.935121]},"properties":{"site_name":"32 Washington Street","other_site_names":null,"state":"New Hampshire","industry":"Unknown","matrix_type":"Groundwater","matrix":"Groundwater","year":2018,"pfoa":"98","pfos":"30","total_pfas":362,"pfas_level":362,"notes":null,"regulation_gvt_link":null,"resources_link":"https://www4.des.state.nh.us/DESOneStop/PRSDetail.aspx?ID=0031675&Type=PRS","suspected_source_link":"https://nhdes.maps.arcgis.com/apps/View/index.html?appid=66770bef141c43a98a445c54a17720e2&extent=-73.5743,42.5413,-69.6852,45.4509","pfas_testing_link":"https://www4.des.state.nh.us/IISProxy/IISProxy.dll?ContentId=4747875","site_ref_link":"https://drive.google.com/drive/u/0/folders/1Z7SAMxCbNXJxJrsJdI6AWyqzXJM0DQKn","state_ref_link":"https://drive.google.com/drive/u/0/folders/1RsSKYaEE8jqAw7pH05tDHRflkjUL3t5H","ObjectId":3816}},{"type":"Feature","id":3817,"geometry":{"type":"Point","coordinates":[-71.441393,42.701348]},"properties":{"site_name":"323 DW Highway","other_site_names":null,"state":"New Hampshire","industry":"Unknown","matrix_type":"Groundwater","matrix":"Groundwater","year":2020,"pfoa":"242","pfos":"405","total_pfas":1130,"pfas_level":1130,"notes":null,"regulation_gvt_link":null,"resources_link":"https://www4.des.state.nh.us/DESOneStop/PRSDetail.aspx?ID=0019450&Type=PRS","suspected_source_link":"https://nhdes.maps.arcgis.com/apps/View/index.html?appid=66770bef141c43a98a445c54a17720e2&extent=-73.5743,42.5413,-69.6852,45.4509","pfas_testing_link":"https://www4.des.state.nh.us/nh-pfas-investigation/wp-content/uploads/tables-pdf.pdf","site_ref_link":"https://drive.google.com/drive/u/0/folders/1AG7OwDr8ATEwgMzpT6OminJep6RxUwlC","state_ref_link":"https://drive.google.com/drive/u/0/folders/1RsSKYaEE8jqAw7pH05tDHRflkjUL3t5H","ObjectId":3817}},{"type":"Feature","id":3818,"geometry":{"type":"Point","coordinates":[-71.461918,42.98777]},"properties":{"site_name":"55 Central Street","other_site_names":null,"state":"New Hampshire","industry":"Unknown","matrix_type":"Groundwater","matrix":"Groundwater","year":2020,"pfoa":"21","pfos":"41","total_pfas":358,"pfas_level":358,"notes":null,"regulation_gvt_link":null,"resources_link":"https://www4.des.state.nh.us/DESOneStop/PRSDetail.aspx?ID=0038735&Type=PRS","suspected_source_link":"https://nhdes.maps.arcgis.com/apps/View/index.html?appid=66770bef141c43a98a445c54a17720e2&extent=-73.5743,42.5413,-69.6852,45.4509","pfas_testing_link":"https://www4.des.state.nh.us/IISProxy/IISProxy.dll?ContentId=4850227","site_ref_link":"https://drive.google.com/drive/u/1/folders/1o_fxhWbW-xvnT2P5KJ7Y9lyCFyonkx38","state_ref_link":"https://drive.google.com/drive/u/0/folders/1RsSKYaEE8jqAw7pH05tDHRflkjUL3t5H","ObjectId":3818}},{"type":"Feature","id":3819,"geometry":{"type":"Point","coordinates":[-72.278986,42.920824]},"properties":{"site_name":"Achille Agway","other_site_names":null,"state":"New Hampshire","industry":"Unknown","matrix_type":"Groundwater","matrix":"Groundwater","year":2018,"pfoa":"9","pfos":"3","total_pfas":218,"pfas_level":218,"notes":null,"regulation_gvt_link":null,"resources_link":"https://www4.des.state.nh.us/DESOneStop/PRSDetail.aspx?ID=0012544&Type=PRS","suspected_source_link":"https://nhdes.maps.arcgis.com/apps/View/index.html?appid=66770bef141c43a98a445c54a17720e2&extent=-73.5743,42.5413,-69.6852,45.4509","pfas_testing_link":"https://www4.des.state.nh.us/IISProxy/IISProxy.dll?ContentId=4845945","site_ref_link":"https://drive.google.com/drive/u/0/folders/12cmKymG2UymIw-8uXh3dS6vDShERur6C","state_ref_link":"https://drive.google.com/drive/u/0/folders/1RsSKYaEE8jqAw7pH05tDHRflkjUL3t5H","ObjectId":3819}},{"type":"Feature","id":3820,"geometry":{"type":"Point","coordinates":[-72.28911,43.169461]},"properties":{"site_name":"Acworth Town Landfill","other_site_names":null,"state":"New Hampshire","industry":"Landfill","matrix_type":"Groundwater","matrix":"Groundwater","year":2018,"pfoa":"65","pfos":"6","total_pfas":178,"pfas_level":178,"notes":null,"regulation_gvt_link":null,"resources_link":"https://www4.des.state.nh.us/DESOneStop/PRSDetail.aspx?ID=0001324&Type=PRS","suspected_source_link":"https://nhdes.maps.arcgis.com/apps/View/index.html?appid=66770bef141c43a98a445c54a17720e2&extent=-73.5743,42.5413,-69.6852,45.4509","pfas_testing_link":"https://www4.des.state.nh.us/IISProxy/IISProxy.dll?ContentId=4762235","site_ref_link":"https://drive.google.com/drive/u/0/folders/1sj6jCdD-I9ZDWVMSvHu2ymLEoxzFR03a","state_ref_link":"https://drive.google.com/drive/u/0/folders/1RsSKYaEE8jqAw7pH05tDHRflkjUL3t5H","ObjectId":3820}},{"type":"Feature","id":3821,"geometry":{"type":"Point","coordinates":[-71.434899,43.02546]},"properties":{"site_name":"Al Lambert's Garage","other_site_names":null,"state":"New Hampshire","industry":"Industry","matrix_type":"Groundwater","matrix":"Groundwater","year":2019,"pfoa":"135","pfos":"1080","total_pfas":2076,"pfas_level":2076,"notes":null,"regulation_gvt_link":null,"resources_link":"https://www4.des.state.nh.us/DESOneStop/PRSDetail.aspx?ID=0025019&Type=PRS","suspected_source_link":"https://nhdes.maps.arcgis.com/apps/View/index.html?appid=66770bef141c43a98a445c54a17720e2&extent=-73.5743,42.5413,-69.6852,45.4509","pfas_testing_link":"https://www4.des.state.nh.us/nh-pfas-investigation/wp-content/uploads/tables-pdf.pdf","site_ref_link":"https://drive.google.com/drive/u/0/folders/1nFHVIRRMjNvJdnDSmBoy6DZlXzHJnE5m","state_ref_link":"https://drive.google.com/drive/u/0/folders/1RsSKYaEE8jqAw7pH05tDHRflkjUL3t5H","ObjectId":3821}},{"type":"Feature","id":3822,"geometry":{"type":"Point","coordinates":[-71.431856,43.124942]},"properties":{"site_name":"Allenstown Landfill","other_site_names":null,"state":"New Hampshire","industry":"Landfill","matrix_type":"Groundwater","matrix":"Groundwater","year":2019,"pfoa":"25","pfos":"219","total_pfas":384,"pfas_level":384,"notes":null,"regulation_gvt_link":null,"resources_link":"https://www4.des.state.nh.us/DESOneStop/PRSDetail.aspx?ID=0002574&Type=PRS","suspected_source_link":"https://nhdes.maps.arcgis.com/apps/View/index.html?appid=66770bef141c43a98a445c54a17720e2&extent=-73.5743,42.5413,-69.6852,45.4509","pfas_testing_link":"https://www4.des.state.nh.us/IISProxy/IISProxy.dll?ContentId=4829840","site_ref_link":"https://drive.google.com/drive/u/0/folders/1Mu1RIh6GGwyg4YMysY3KBv97OHbHlyaD","state_ref_link":"https://drive.google.com/drive/u/0/folders/1RsSKYaEE8jqAw7pH05tDHRflkjUL3t5H","ObjectId":3822}},{"type":"Feature","id":3823,"geometry":{"type":"Point","coordinates":[-71.223811,43.508361]},"properties":{"site_name":"Alton Landfill","other_site_names":null,"state":"New Hampshire","industry":"Landfill","matrix_type":"Groundwater","matrix":"Groundwater","year":2020,"pfoa":"40","pfos":"14","total_pfas":171,"pfas_level":171,"notes":null,"regulation_gvt_link":null,"resources_link":"https://www4.des.state.nh.us/DESOneStop/PRSDetail.aspx?ID=0000001&Type=PRS","suspected_source_link":"https://nhdes.maps.arcgis.com/apps/View/index.html?appid=66770bef141c43a98a445c54a17720e2&extent=-73.5743,42.5413,-69.6852,45.4509","pfas_testing_link":"https://www4.des.state.nh.us/IISProxy/IISProxy.dll?ContentId=4855487","site_ref_link":"https://drive.google.com/drive/u/0/folders/1zgIjO9Xm1hDC44SV9Pi7MtcoKFAfa2FH","state_ref_link":"https://drive.google.com/drive/u/0/folders/1RsSKYaEE8jqAw7pH05tDHRflkjUL3t5H","ObjectId":3823}},{"type":"Feature","id":3824,"geometry":{"type":"Point","coordinates":[-71.212119,43.451908]},"properties":{"site_name":"Alton Traffic Circle (Tanker Rollover)","other_site_names":null,"state":"New Hampshire","industry":"Unknown","matrix_type":"Groundwater","matrix":"Groundwater","year":2018,"pfoa":"346","pfos":"39500","total_pfas":42573,"pfas_level":42573,"notes":null,"regulation_gvt_link":null,"resources_link":"https://www4.des.state.nh.us/DESOneStop/PRSDetail.aspx?ID=0009234&Type=PRS","suspected_source_link":"https://nhdes.maps.arcgis.com/apps/View/index.html?appid=66770bef141c43a98a445c54a17720e2&extent=-73.5743,42.5413,-69.6852,45.4509","pfas_testing_link":"https://www4.des.state.nh.us/IISProxy/IISProxy.dll?ContentId=4820147","site_ref_link":"https://drive.google.com/drive/u/0/folders/1JT1xNIc-3gixTIAImU_TqXyByIU_ET-R","state_ref_link":"https://drive.google.com/drive/u/0/folders/1RsSKYaEE8jqAw7pH05tDHRflkjUL3t5H","ObjectId":3824}},{"type":"Feature","id":3825,"geometry":{"type":"Point","coordinates":[-72.20789,43.386204]},"properties":{"site_name":"Ambargis Mill","other_site_names":null,"state":"New Hampshire","industry":"Industry","matrix_type":"Groundwater","matrix":"Groundwater","year":2017,"pfoa":"2","pfos":"3","total_pfas":8,"pfas_level":8,"notes":null,"regulation_gvt_link":null,"resources_link":"https://www4.des.state.nh.us/DESOneStop/PRSDetail.aspx?ID=0007938&Type=PRS","suspected_source_link":"https://nhdes.maps.arcgis.com/apps/View/index.html?appid=66770bef141c43a98a445c54a17720e2&extent=-73.5743,42.5413,-69.6852,45.4509","pfas_testing_link":"https://www4.des.state.nh.us/IISProxy/IISProxy.dll?ContentId=4717153","site_ref_link":"https://drive.google.com/drive/u/0/folders/1zjmO4w8O2aKGvVyawm9s0-TZyJVGtAiX","state_ref_link":"https://drive.google.com/drive/u/0/folders/1RsSKYaEE8jqAw7pH05tDHRflkjUL3t5H","ObjectId":3825}},{"type":"Feature","id":3826,"geometry":{"type":"Point","coordinates":[-72.337095,43.374534]},"properties":{"site_name":"Former Synergy Gas (Allstar Gas)","other_site_names":null,"state":"New Hampshire","industry":"Industry","matrix_type":"Groundwater","matrix":"Groundwater","year":2017,"pfoa":"19","pfos":"62","total_pfas":194,"pfas_level":194,"notes":null,"regulation_gvt_link":null,"resources_link":"https://www4.des.state.nh.us/DESOneStop/PRSDetail.aspx?ID=0006133&Type=PRS","suspected_source_link":"https://nhdes.maps.arcgis.com/apps/View/index.html?appid=66770bef141c43a98a445c54a17720e2&extent=-73.5743,42.5413,-69.6852,45.4509","pfas_testing_link":"https://www4.des.state.nh.us/IISProxy/IISProxy.dll?ContentId=4696067","site_ref_link":"https://drive.google.com/drive/u/0/folders/1rtThr1MLO4HRJBUMngphMSN2ddHvaya-","state_ref_link":"https://drive.google.com/drive/u/0/folders/1RsSKYaEE8jqAw7pH05tDHRflkjUL3t5H","ObjectId":3826}},{"type":"Feature","id":3827,"geometry":{"type":"Point","coordinates":[-71.788038,43.443257]},"properties":{"site_name":"Andover Town Landfill","other_site_names":null,"state":"New Hampshire","industry":"Landfill","matrix_type":"Groundwater","matrix":"Groundwater","year":2018,"pfoa":"9","pfos":null,"total_pfas":null,"pfas_level":9,"notes":null,"regulation_gvt_link":null,"resources_link":"https://www4.des.state.nh.us/DESOneStop/PRSDetail.aspx?ID=0000160&Type=PRS","suspected_source_link":"https://nhdes.maps.arcgis.com/apps/View/index.html?appid=66770bef141c43a98a445c54a17720e2&extent=-73.5743,42.5413,-69.6852,45.4509","pfas_testing_link":"https://www4.des.state.nh.us/IISProxy/IISProxy.dll?ContentId=4743439","site_ref_link":"https://drive.google.com/drive/u/0/folders/1Ah46n6OoDbIAoPTMYhcNrl7MOaLLDs4C","state_ref_link":"https://drive.google.com/drive/u/0/folders/1RsSKYaEE8jqAw7pH05tDHRflkjUL3t5H","ObjectId":3827}},{"type":"Feature","id":3828,"geometry":{"type":"Point","coordinates":[-71.640859,43.69126]},"properties":{"site_name":"Ashland Landfill","other_site_names":null,"state":"New Hampshire","industry":"Landfill","matrix_type":"Groundwater","matrix":"Groundwater","year":2018,"pfoa":null,"pfos":null,"total_pfas":7,"pfas_level":7,"notes":null,"regulation_gvt_link":null,"resources_link":"https://www4.des.state.nh.us/DESOneStop/PRSDetail.aspx?ID=0000218&Type=PRS","suspected_source_link":"https://nhdes.maps.arcgis.com/apps/View/index.html?appid=66770bef141c43a98a445c54a17720e2&extent=-73.5743,42.5413,-69.6852,45.4509","pfas_testing_link":"https://www4.des.state.nh.us/IISProxy/IISProxy.dll?ContentId=4734342","site_ref_link":"https://drive.google.com/drive/u/0/folders/1x8cDk6C3bu341_0V1j8juAA3_IZjcuAS","state_ref_link":"https://drive.google.com/drive/u/0/folders/1RsSKYaEE8jqAw7pH05tDHRflkjUL3t5H","ObjectId":3828}},{"type":"Feature","id":3829,"geometry":{"type":"Point","coordinates":[-72.277043,42.933422]},"properties":{"site_name":"Aubuchon","other_site_names":"Martial Arts Center","state":"New Hampshire","industry":"Unknown","matrix_type":"Groundwater","matrix":"Groundwater","year":2019,"pfoa":"28","pfos":"8","total_pfas":239,"pfas_level":239,"notes":null,"regulation_gvt_link":null,"resources_link":"https://www4.des.state.nh.us/DESOneStop/PRSDetail.aspx?ID=0010987&Type=PRS","suspected_source_link":"https://nhdes.maps.arcgis.com/apps/View/index.html?appid=66770bef141c43a98a445c54a17720e2&extent=-73.5743,42.5413,-69.6852,45.4509","pfas_testing_link":"https://www4.des.state.nh.us/nh-pfas-investigation/wp-content/uploads/tables-pdf.pdf","site_ref_link":"https://drive.google.com/drive/u/0/folders/17v2KJUqnR78xzulzK77CG22uIPJ9vtMu","state_ref_link":"https://drive.google.com/drive/u/0/folders/1RsSKYaEE8jqAw7pH05tDHRflkjUL3t5H","ObjectId":3829}},{"type":"Feature","id":3830,"geometry":{"type":"Point","coordinates":[-71.319881,43.015226]},"properties":{"site_name":"Auburn Landfill","other_site_names":null,"state":"New Hampshire","industry":"Landfill","matrix_type":"Groundwater","matrix":"Groundwater","year":2018,"pfoa":"39","pfos":"59","total_pfas":168,"pfas_level":168,"notes":null,"regulation_gvt_link":null,"resources_link":"https://www4.des.state.nh.us/DESOneStop/PRSDetail.aspx?ID=0001521&Type=PRS","suspected_source_link":"https://nhdes.maps.arcgis.com/apps/View/index.html?appid=66770bef141c43a98a445c54a17720e2&extent=-73.5743,42.5413,-69.6852,45.4509","pfas_testing_link":"https://www4.des.state.nh.us/IISProxy/IISProxy.dll?ContentId=4814171","site_ref_link":"https://drive.google.com/drive/u/0/folders/1Z2z21FluoXP3a-tzvsVI2adIxZQ5OFJ4","state_ref_link":"https://drive.google.com/drive/u/0/folders/1RsSKYaEE8jqAw7pH05tDHRflkjUL3t5H","ObjectId":3830}},{"type":"Feature","id":3831,"geometry":{"type":"Point","coordinates":[-71.018467,43.229758]},"properties":{"site_name":"Barrington Landfill","other_site_names":null,"state":"New Hampshire","industry":"Landfill","matrix_type":"Groundwater","matrix":"Groundwater","year":2018,"pfoa":"11","pfos":null,"total_pfas":null,"pfas_level":11,"notes":null,"regulation_gvt_link":null,"resources_link":"https://www4.des.state.nh.us/DESOneStop/PRSDetail.aspx?ID=0000568&Type=PRS","suspected_source_link":"https://nhdes.maps.arcgis.com/apps/View/index.html?appid=66770bef141c43a98a445c54a17720e2&extent=-73.5743,42.5413,-69.6852,45.4509","pfas_testing_link":"https://www4.des.state.nh.us/IISProxy/IISProxy.dll?ContentId=4747882","site_ref_link":"https://drive.google.com/drive/u/0/folders/1G1dcPNBxv2qhYv-uDlNMc1f6JI00Gygi","state_ref_link":"https://drive.google.com/drive/u/0/folders/1RsSKYaEE8jqAw7pH05tDHRflkjUL3t5H","ObjectId":3831}},{"type":"Feature","id":3832,"geometry":{"type":"Point","coordinates":[-71.313729,43.323045]},"properties":{"site_name":"BCEP Landfill","other_site_names":null,"state":"New Hampshire","industry":"Landfill","matrix_type":"Groundwater","matrix":"Groundwater","year":2020,"pfoa":"16","pfos":"10","total_pfas":32,"pfas_level":32,"notes":null,"regulation_gvt_link":null,"resources_link":"https://www4.des.state.nh.us/DESOneStop/PRSDetail.aspx?ID=0000704&Type=PRS","suspected_source_link":"https://nhdes.maps.arcgis.com/apps/View/index.html?appid=66770bef141c43a98a445c54a17720e2&extent=-73.5743,42.5413,-69.6852,45.4509","pfas_testing_link":"https://www4.des.state.nh.us/IISProxy/IISProxy.dll?ContentId=4851941","site_ref_link":"https://drive.google.com/drive/u/0/folders/1yYzJVuutpoKpF5_98oTFS7ADLbef3lQc","state_ref_link":"https://drive.google.com/drive/u/0/folders/1RsSKYaEE8jqAw7pH05tDHRflkjUL3t5H","ObjectId":3832}},{"type":"Feature","id":3833,"geometry":{"type":"Point","coordinates":[-71.546778,42.955018]},"properties":{"site_name":"Bedford Landfill","other_site_names":null,"state":"New Hampshire","industry":"Landfill","matrix_type":"Groundwater","matrix":"Groundwater","year":2019,"pfoa":"52","pfos":"16","total_pfas":224,"pfas_level":224,"notes":null,"regulation_gvt_link":null,"resources_link":"https://www4.des.state.nh.us/DESOneStop/PRSDetail.aspx?ID=0000195&Type=PRS","suspected_source_link":"https://nhdes.maps.arcgis.com/apps/View/index.html?appid=66770bef141c43a98a445c54a17720e2&extent=-73.5743,42.5413,-69.6852,45.4509","pfas_testing_link":"https://www4.des.state.nh.us/IISProxy/IISProxy.dll?ContentId=4827538","site_ref_link":"https://drive.google.com/drive/u/0/folders/1NzmDNxvr_E67Fekp-JN10UAQ67bSPGF0","state_ref_link":"https://drive.google.com/drive/u/0/folders/1RsSKYaEE8jqAw7pH05tDHRflkjUL3t5H","ObjectId":3833}},{"type":"Feature","id":3834,"geometry":{"type":"Point","coordinates":[-71.590662,43.271849]},"properties":{"site_name":"Beede EleCenterical Instrument Co","other_site_names":null,"state":"New Hampshire","industry":"Industry","matrix_type":"Groundwater","matrix":"Groundwater","year":2017,"pfoa":"2","pfos":"3","total_pfas":16,"pfas_level":16,"notes":null,"regulation_gvt_link":null,"resources_link":"https://www4.des.state.nh.us/DESOneStop/PRSDetail.aspx?ID=0000017&Type=PRS","suspected_source_link":"https://nhdes.maps.arcgis.com/apps/View/index.html?appid=66770bef141c43a98a445c54a17720e2&extent=-73.5743,42.5413,-69.6852,45.4509","pfas_testing_link":"https://www4.des.state.nh.us/IISProxy/IISProxy.dll?ContentId=4754502","site_ref_link":"https://drive.google.com/drive/u/0/folders/1rJpdoGyV35sHx6f0tYbd1_J0jKT5JZQg","state_ref_link":"https://drive.google.com/drive/u/0/folders/1RsSKYaEE8jqAw7pH05tDHRflkjUL3t5H","ObjectId":3834}},{"type":"Feature","id":3835,"geometry":{"type":"Point","coordinates":[-71.106878,42.855217]},"properties":{"site_name":"Beede Waste Oil","other_site_names":null,"state":"New Hampshire","industry":"Superfund Site","matrix_type":"Groundwater","matrix":"Groundwater","year":2019,"pfoa":"370","pfos":"1700","total_pfas":2288,"pfas_level":2288,"notes":null,"regulation_gvt_link":null,"resources_link":"https://www4.des.state.nh.us/DESOneStop/PRSDetail.aspx?ID=0007464&Type=PRS","suspected_source_link":"https://nhdes.maps.arcgis.com/apps/View/index.html?appid=66770bef141c43a98a445c54a17720e2&extent=-73.5743,42.5413,-69.6852,45.4509","pfas_testing_link":"https://www4.des.state.nh.us/nh-pfas-investigation/wp-content/uploads/tables-pdf.pdf","site_ref_link":"https://drive.google.com/drive/u/0/folders/1cUqi5nKzOaWFG_7C0MrYjs0e4DoBfRwb","state_ref_link":"https://drive.google.com/drive/u/0/folders/1RsSKYaEE8jqAw7pH05tDHRflkjUL3t5H","ObjectId":3835}},{"type":"Feature","id":3836,"geometry":{"type":"Point","coordinates":[-71.498163,43.461872]},"properties":{"site_name":"Belmont Landfill","other_site_names":null,"state":"New Hampshire","industry":"Landfill","matrix_type":"Groundwater","matrix":"Groundwater","year":2019,"pfoa":"48","pfos":"132","total_pfas":552,"pfas_level":552,"notes":null,"regulation_gvt_link":null,"resources_link":"https://www4.des.state.nh.us/DESOneStop/PRSDetail.aspx?ID=0000182&Type=PRS","suspected_source_link":"https://nhdes.maps.arcgis.com/apps/View/index.html?appid=66770bef141c43a98a445c54a17720e2&extent=-73.5743,42.5413,-69.6852,45.4509","pfas_testing_link":"https://www4.des.state.nh.us/IISProxy/IISProxy.dll?ContentId=4822122","site_ref_link":"https://drive.google.com/drive/u/0/folders/1Fzb2RvMpUc7vumoIK5dXQ5TNRo-U51M5","state_ref_link":"https://drive.google.com/drive/u/0/folders/1RsSKYaEE8jqAw7pH05tDHRflkjUL3t5H","ObjectId":3836}},{"type":"Feature","id":3837,"geometry":{"type":"Point","coordinates":[-70.770939,43.068062]},"properties":{"site_name":"Bengal Cleaners Facility","other_site_names":null,"state":"New Hampshire","industry":"Industry","matrix_type":"Groundwater","matrix":"Groundwater","year":2017,"pfoa":"8","pfos":"3","total_pfas":101,"pfas_level":101,"notes":null,"regulation_gvt_link":null,"resources_link":"https://www4.des.state.nh.us/DESOneStop/PRSDetail.aspx?ID=0007606&Type=PRS","suspected_source_link":"https://nhdes.maps.arcgis.com/apps/View/index.html?appid=66770bef141c43a98a445c54a17720e2&extent=-73.5743,42.5413,-69.6852,45.4509","pfas_testing_link":"https://www4.des.state.nh.us/IISProxy/IISProxy.dll?ContentId=4823461","site_ref_link":"https://drive.google.com/drive/u/0/folders/1Bk_7JTvSKtD0Dh6wMqrPsCj9PTnRE_0T","state_ref_link":"https://drive.google.com/drive/u/0/folders/1RsSKYaEE8jqAw7pH05tDHRflkjUL3t5H","ObjectId":3837}},{"type":"Feature","id":3838,"geometry":{"type":"Point","coordinates":[-71.402919,42.766781]},"properties":{"site_name":"Benson Park","other_site_names":null,"state":"New Hampshire","industry":"Landfill","matrix_type":"Groundwater","matrix":"Groundwater","year":2020,"pfoa":"18","pfos":"12","total_pfas":101,"pfas_level":101,"notes":null,"regulation_gvt_link":null,"resources_link":"https://www4.des.state.nh.us/DESOneStop/PRSDetail.aspx?ID=0006150&Type=PRS","suspected_source_link":"https://nhdes.maps.arcgis.com/apps/View/index.html?appid=66770bef141c43a98a445c54a17720e2&extent=-73.5743,42.5413,-69.6852,45.4509","pfas_testing_link":"https://www4.des.state.nh.us/IISProxy/IISProxy.dll?ContentId=4845593","site_ref_link":"https://drive.google.com/drive/u/0/folders/1892QYIYYTrmEZJKqiZ_KlPijbRp6bXGf","state_ref_link":"https://drive.google.com/drive/u/0/folders/1RsSKYaEE8jqAw7pH05tDHRflkjUL3t5H","ObjectId":3838}},{"type":"Feature","id":3839,"geometry":{"type":"Point","coordinates":[-71.152033,44.520859]},"properties":{"site_name":"Berlin Town Landfill I","other_site_names":null,"state":"New Hampshire","industry":"Landfill","matrix_type":"Groundwater","matrix":"Groundwater","year":2018,"pfoa":"89","pfos":"53","total_pfas":210,"pfas_level":210,"notes":null,"regulation_gvt_link":null,"resources_link":"https://www4.des.state.nh.us/DESOneStop/PRSDetail.aspx?ID=0000004&Type=PRS","suspected_source_link":"https://nhdes.maps.arcgis.com/apps/View/index.html?appid=66770bef141c43a98a445c54a17720e2&extent=-73.5743,42.5413,-69.6852,45.4509","pfas_testing_link":"https://www4.des.state.nh.us/IISProxy/IISProxy.dll?ContentId=4759779","site_ref_link":"https://drive.google.com/drive/u/0/folders/18iZBzmbpfk9YzGbmAKFBOj4WrHeskOen","state_ref_link":"https://drive.google.com/drive/u/0/folders/1RsSKYaEE8jqAw7pH05tDHRflkjUL3t5H","ObjectId":3839}},{"type":"Feature","id":3840,"geometry":{"type":"Point","coordinates":[-71.628382,44.260789]},"properties":{"site_name":"Bethlehem Town Landfill","other_site_names":null,"state":"New Hampshire","industry":"Landfill","matrix_type":"Groundwater","matrix":"Groundwater","year":2018,"pfoa":"44","pfos":"81","total_pfas":229,"pfas_level":229,"notes":null,"regulation_gvt_link":null,"resources_link":"https://www4.des.state.nh.us/DESOneStop/PRSDetail.aspx?ID=0000006&Type=PRS","suspected_source_link":"https://nhdes.maps.arcgis.com/apps/View/index.html?appid=66770bef141c43a98a445c54a17720e2&extent=-73.5743,42.5413,-69.6852,45.4509","pfas_testing_link":"https://www4.des.state.nh.us/IISProxy/IISProxy.dll?ContentId=4753726","site_ref_link":"https://drive.google.com/drive/u/0/folders/1yAz0mLqR_oHAO0960bM5iWX9sl1v1m4A","state_ref_link":"https://drive.google.com/drive/u/0/folders/1RsSKYaEE8jqAw7pH05tDHRflkjUL3t5H","ObjectId":3840}},{"type":"Feature","id":3841,"geometry":{"type":"Point","coordinates":[-71.589627,43.442366]},"properties":{"site_name":"Big Apple Convenience Store","other_site_names":null,"state":"New Hampshire","industry":"Unknown","matrix_type":"Groundwater","matrix":"Groundwater","year":2019,"pfoa":"15","pfos":null,"total_pfas":65,"pfas_level":65,"notes":null,"regulation_gvt_link":null,"resources_link":"https://www4.des.state.nh.us/DESOneStop/PRSDetail.aspx?ID=0002981&Type=PRS","suspected_source_link":"https://nhdes.maps.arcgis.com/apps/View/index.html?appid=66770bef141c43a98a445c54a17720e2&extent=-73.5743,42.5413,-69.6852,45.4509","pfas_testing_link":"https://www4.des.state.nh.us/nh-pfas-investigation/wp-content/uploads/tables-pdf.pdf","site_ref_link":"https://drive.google.com/drive/u/0/folders/1lyeFaa5u2FzcILOHPJRbIDq0nSqxJjQ5","state_ref_link":"https://drive.google.com/drive/u/0/folders/1RsSKYaEE8jqAw7pH05tDHRflkjUL3t5H","ObjectId":3841}},{"type":"Feature","id":3842,"geometry":{"type":"Point","coordinates":[-72.24249,43.66168]},"properties":{"site_name":"Bond Optics","other_site_names":null,"state":"New Hampshire","industry":"Industry","matrix_type":"Groundwater","matrix":"Groundwater","year":2019,"pfoa":"16","pfos":"4","total_pfas":149,"pfas_level":149,"notes":null,"regulation_gvt_link":null,"resources_link":"https://www4.des.state.nh.us/DESOneStop/PRSDetail.aspx?ID=0003692&Type=PRS","suspected_source_link":"https://nhdes.maps.arcgis.com/apps/View/index.html?appid=66770bef141c43a98a445c54a17720e2&extent=-73.5743,42.5413,-69.6852,45.4509","pfas_testing_link":"https://www4.des.state.nh.us/IISProxy/IISProxy.dll?ContentId=4851946","site_ref_link":"https://drive.google.com/drive/u/0/folders/1d-srAEriVmn4FjmtHeAZ6ASFxhDrm4Ic","state_ref_link":"https://drive.google.com/drive/u/0/folders/1RsSKYaEE8jqAw7pH05tDHRflkjUL3t5H","ObjectId":3842}},{"type":"Feature","id":3843,"geometry":{"type":"Point","coordinates":[-71.538508,43.155493]},"properties":{"site_name":"Bow Landfill","other_site_names":null,"state":"New Hampshire","industry":"Landfill","matrix_type":"Groundwater","matrix":"Groundwater","year":2018,"pfoa":"4","pfos":"4","total_pfas":9,"pfas_level":9,"notes":null,"regulation_gvt_link":null,"resources_link":"https://www4.des.state.nh.us/DESOneStop/PRSDetail.aspx?ID=0000007&Type=PRS","suspected_source_link":"https://nhdes.maps.arcgis.com/apps/View/index.html?appid=66770bef141c43a98a445c54a17720e2&extent=-73.5743,42.5413,-69.6852,45.4509","pfas_testing_link":"https://www4.des.state.nh.us/IISProxy/IISProxy.dll?ContentId=4726699","site_ref_link":"https://drive.google.com/drive/u/0/folders/18oQTs7KLyWmPB1WJFU-lt-GablXKu0rN","state_ref_link":"https://drive.google.com/drive/u/0/folders/1RsSKYaEE8jqAw7pH05tDHRflkjUL3t5H","ObjectId":3843}},{"type":"Feature","id":3844,"geometry":{"type":"Point","coordinates":[-70.865949,43.265566]},"properties":{"site_name":"Breton Cleaners","other_site_names":null,"state":"New Hampshire","industry":"Industry","matrix_type":"Groundwater","matrix":"Groundwater","year":2018,"pfoa":"53","pfos":"17","total_pfas":119,"pfas_level":119,"notes":null,"regulation_gvt_link":null,"resources_link":"https://www4.des.state.nh.us/DESOneStop/PRSDetail.aspx?ID=0014261&Type=PRS","suspected_source_link":"https://nhdes.maps.arcgis.com/apps/View/index.html?appid=66770bef141c43a98a445c54a17720e2&extent=-73.5743,42.5413,-69.6852,45.4509","pfas_testing_link":"https://www4.des.state.nh.us/IISProxy/IISProxy.dll?ContentId=4788376","site_ref_link":"https://drive.google.com/drive/u/0/folders/1E0UcmlDxJTpGXarxOejvRGacDBmTT3cH","state_ref_link":"https://drive.google.com/drive/u/0/folders/1RsSKYaEE8jqAw7pH05tDHRflkjUL3t5H","ObjectId":3844}},{"type":"Feature","id":3845,"geometry":{"type":"Point","coordinates":[-71.725545,43.646027]},"properties":{"site_name":"Bridgewater Dump & Incinerator","other_site_names":null,"state":"New Hampshire","industry":"Landfill","matrix_type":"Groundwater","matrix":"Groundwater","year":2017,"pfoa":"8","pfos":null,"total_pfas":17,"pfas_level":17,"notes":null,"regulation_gvt_link":null,"resources_link":"https://www4.des.state.nh.us/DESOneStop/PRSDetail.aspx?ID=0002691&Type=PRS","suspected_source_link":"https://nhdes.maps.arcgis.com/apps/View/index.html?appid=66770bef141c43a98a445c54a17720e2&extent=-73.5743,42.5413,-69.6852,45.4509","pfas_testing_link":"https://www4.des.state.nh.us/IISProxy/IISProxy.dll?ContentId=4717195","site_ref_link":"https://drive.google.com/drive/u/0/folders/1Gwpgwl4WX7yVYItoJ8quY8XfI-w1idQW","state_ref_link":"https://drive.google.com/drive/u/0/folders/1RsSKYaEE8jqAw7pH05tDHRflkjUL3t5H","ObjectId":3845}},{"type":"Feature","id":3846,"geometry":{"type":"Point","coordinates":[-71.488838,42.751838]},"properties":{"site_name":"Bronze Craft","other_site_names":null,"state":"New Hampshire","industry":"Industry","matrix_type":"Groundwater","matrix":"Groundwater","year":2018,"pfoa":"19","pfos":"5","total_pfas":93,"pfas_level":93,"notes":null,"regulation_gvt_link":null,"resources_link":"https://www4.des.state.nh.us/DESOneStop/PRSDetail.aspx?ID=0013305&Type=PRS","suspected_source_link":"https://nhdes.maps.arcgis.com/apps/View/index.html?appid=66770bef141c43a98a445c54a17720e2&extent=-73.5743,42.5413,-69.6852,45.4509","pfas_testing_link":"https://www4.des.state.nh.us/IISProxy/IISProxy.dll?ContentId=4788376","site_ref_link":"https://drive.google.com/drive/u/0/folders/10qE0hQX21yRCtZJFOYWwUn_UNHfFAgaB","state_ref_link":"https://drive.google.com/drive/u/0/folders/1RsSKYaEE8jqAw7pH05tDHRflkjUL3t5H","ObjectId":3846}},{"type":"Feature","id":3847,"geometry":{"type":"Point","coordinates":[-72.030564,43.142027]},"properties":{"site_name":"Brooks Property","other_site_names":null,"state":"New Hampshire","industry":"Unknown","matrix_type":"Groundwater","matrix":"Groundwater","year":2019,"pfoa":"9","pfos":"36","total_pfas":67,"pfas_level":67,"notes":null,"regulation_gvt_link":null,"resources_link":"https://www4.des.state.nh.us/DESOneStop/PRSDetail.aspx?ID=0011395&Type=PRS","suspected_source_link":"https://nhdes.maps.arcgis.com/apps/View/index.html?appid=66770bef141c43a98a445c54a17720e2&extent=-73.5743,42.5413,-69.6852,45.4509","pfas_testing_link":"https://www4.des.state.nh.us/IISProxy/IISProxy.dll?ContentId=4788376","site_ref_link":"https://drive.google.com/drive/u/0/folders/1d3jdYNJD7pbfsMmTmGk3E3rDOGOsB2jM","state_ref_link":"https://drive.google.com/drive/u/0/folders/1RsSKYaEE8jqAw7pH05tDHRflkjUL3t5H","ObjectId":3847}},{"type":"Feature","id":3848,"geometry":{"type":"Point","coordinates":[-71.770355,42.825165]},"properties":{"site_name":"Brookside Mini Mart","other_site_names":null,"state":"New Hampshire","industry":"Unknown","matrix_type":"Groundwater","matrix":"Groundwater","year":2018,"pfoa":"7","pfos":"13","total_pfas":32,"pfas_level":32,"notes":null,"regulation_gvt_link":null,"resources_link":"https://www4.des.state.nh.us/DESOneStop/PRSDetail.aspx?ID=0029010&Type=PRS","suspected_source_link":"https://nhdes.maps.arcgis.com/apps/View/index.html?appid=66770bef141c43a98a445c54a17720e2&extent=-73.5743,42.5413,-69.6852,45.4509","pfas_testing_link":"https://www4.des.state.nh.us/nh-pfas-investigation/wp-content/uploads/tables-pdf.pdf","site_ref_link":"https://drive.google.com/drive/u/0/folders/1v2No_n9F9DxAm6M7HQKFyzkDxp1B6ZRv","state_ref_link":"https://drive.google.com/drive/u/0/folders/1RsSKYaEE8jqAw7pH05tDHRflkjUL3t5H","ObjectId":3848}},{"type":"Feature","id":3849,"geometry":{"type":"Point","coordinates":[-71.913174,42.877702]},"properties":{"site_name":"Brown's Septage Pits","other_site_names":null,"state":"New Hampshire","industry":"Superfund Site","matrix_type":"Groundwater","matrix":"Groundwater","year":2020,"pfoa":"61","pfos":"120","total_pfas":null,"pfas_level":181,"notes":null,"regulation_gvt_link":null,"resources_link":"https://www4.des.state.nh.us/DESOneStop/PRSDetail.aspx?ID=0006764&Type=PRS","suspected_source_link":"https://nhdes.maps.arcgis.com/apps/View/index.html?appid=66770bef141c43a98a445c54a17720e2&extent=-73.5743,42.5413,-69.6852,45.4509","pfas_testing_link":"https://www4.des.state.nh.us/nh-pfas-investigation/wp-content/uploads/tables-pdf.pdf","site_ref_link":"https://drive.google.com/drive/u/1/folders/1X3btpZD6yM-NmOQD4WrmdnI2DKXzcSBn","state_ref_link":"https://drive.google.com/drive/u/0/folders/1RsSKYaEE8jqAw7pH05tDHRflkjUL3t5H","ObjectId":3849}},{"type":"Feature","id":3850,"geometry":{"type":"Point","coordinates":[-71.04576,43.049239]},"properties":{"site_name":"Bulky Waste Landfill","other_site_names":null,"state":"New Hampshire","industry":"Landfill","matrix_type":"Groundwater","matrix":"Groundwater","year":2019,"pfoa":"505","pfos":"128","total_pfas":2211,"pfas_level":2211,"notes":null,"regulation_gvt_link":null,"resources_link":"https://www4.des.state.nh.us/DESOneStop/PRSDetail.aspx?ID=0021304&Type=PRS","suspected_source_link":"https://nhdes.maps.arcgis.com/apps/View/index.html?appid=66770bef141c43a98a445c54a17720e2&extent=-73.5743,42.5413,-69.6852,45.4509","pfas_testing_link":"https://www4.des.state.nh.us/IISProxy/IISProxy.dll?ContentId=4818920","site_ref_link":"https://drive.google.com/drive/u/0/folders/1hFcY_SjXtNBEj44tZ_36PTH_e7LWaQsk","state_ref_link":"https://drive.google.com/drive/u/0/folders/1RsSKYaEE8jqAw7pH05tDHRflkjUL3t5H","ObjectId":3850}},{"type":"Feature","id":3851,"geometry":{"type":"Point","coordinates":[-71.410064,42.740985]},"properties":{"site_name":"Burns Hill Road Landfill","other_site_names":null,"state":"New Hampshire","industry":"Landfill","matrix_type":"Groundwater","matrix":"Groundwater","year":2018,"pfoa":"64","pfos":"29","total_pfas":96,"pfas_level":96,"notes":null,"regulation_gvt_link":null,"resources_link":"https://www4.des.state.nh.us/DESOneStop/PRSDetail.aspx?ID=0003120&Type=PRS","suspected_source_link":"https://nhdes.maps.arcgis.com/apps/View/index.html?appid=66770bef141c43a98a445c54a17720e2&extent=-73.5743,42.5413,-69.6852,45.4509","pfas_testing_link":"https://www4.des.state.nh.us/nh-pfas-investigation/wp-content/uploads/tables-pdf.pdf","site_ref_link":"https://drive.google.com/drive/u/0/folders/1hLeUpk0ZQJJmu6FBTzlsrrHZF-vXM8Nk","state_ref_link":"https://drive.google.com/drive/u/0/folders/1RsSKYaEE8jqAw7pH05tDHRflkjUL3t5H","ObjectId":3851}},{"type":"Feature","id":3852,"geometry":{"type":"Point","coordinates":[-71.097495,43.025089]},"properties":{"site_name":"Buxton Oil","other_site_names":null,"state":"New Hampshire","industry":"Industry","matrix_type":"Groundwater","matrix":"Groundwater","year":2019,"pfoa":"12","pfos":"28","total_pfas":44,"pfas_level":44,"notes":null,"regulation_gvt_link":null,"resources_link":"https://www4.des.state.nh.us/DESOneStop/PRSDetail.aspx?ID=0038520&Type=PRS","suspected_source_link":"https://nhdes.maps.arcgis.com/apps/View/index.html?appid=66770bef141c43a98a445c54a17720e2&extent=-73.5743,42.5413,-69.6852,45.4509","pfas_testing_link":"https://www4.des.state.nh.us/IISProxy/IISProxy.dll?ContentId=4843894","site_ref_link":"https://drive.google.com/drive/u/0/folders/16wcUtUvhsHTN3vdR5Bpj1JifarC__bGx","state_ref_link":"https://drive.google.com/drive/u/0/folders/1RsSKYaEE8jqAw7pH05tDHRflkjUL3t5H","ObjectId":3852}},{"type":"Feature","id":3853,"geometry":{"type":"Point","coordinates":[-71.600573,43.283722]},"properties":{"site_name":"California Fields","other_site_names":null,"state":"New Hampshire","industry":"Landfill","matrix_type":"Groundwater","matrix":"Groundwater","year":2019,"pfoa":"16","pfos":"8","total_pfas":78,"pfas_level":78,"notes":null,"regulation_gvt_link":null,"resources_link":"https://www4.des.state.nh.us/DESOneStop/PRSDetail.aspx?ID=0002680&Type=PRS","suspected_source_link":"https://nhdes.maps.arcgis.com/apps/View/index.html?appid=66770bef141c43a98a445c54a17720e2&extent=-73.5743,42.5413,-69.6852,45.4509","pfas_testing_link":"https://www4.des.state.nh.us/IISProxy/IISProxy.dll?ContentId=4793013","site_ref_link":"https://drive.google.com/drive/u/0/folders/18-Js4gu3yuIS16Kd1tl3duwjfAMefIdL","state_ref_link":"https://drive.google.com/drive/u/0/folders/1RsSKYaEE8jqAw7pH05tDHRflkjUL3t5H","ObjectId":3853}},{"type":"Feature","id":3854,"geometry":{"type":"Point","coordinates":[-71.312875,43.666185]},"properties":{"site_name":"Camp Winaukee","other_site_names":null,"state":"New Hampshire","industry":"Unknown","matrix_type":"Groundwater","matrix":"Groundwater","year":2019,"pfoa":"2","pfos":"3","total_pfas":null,"pfas_level":5,"notes":null,"regulation_gvt_link":null,"resources_link":"https://www4.des.state.nh.us/DESOneStop/PRSDetail.aspx?ID=0008320&Type=PRS","suspected_source_link":"https://nhdes.maps.arcgis.com/apps/View/index.html?appid=66770bef141c43a98a445c54a17720e2&extent=-73.5743,42.5413,-69.6852,45.4509","pfas_testing_link":"https://www4.des.state.nh.us/IISProxy/IISProxy.dll?ContentId=4776657","site_ref_link":"https://drive.google.com/drive/u/0/folders/1WTW0aO8KjIDQoJ2mYhnK0lcY_gIOTTcq","state_ref_link":"https://drive.google.com/drive/u/0/folders/1RsSKYaEE8jqAw7pH05tDHRflkjUL3t5H","ObjectId":3854}},{"type":"Feature","id":3855,"geometry":{"type":"Point","coordinates":[-71.286702,43.080796]},"properties":{"site_name":"Candia Landfill","other_site_names":null,"state":"New Hampshire","industry":"Landfill","matrix_type":"Groundwater","matrix":"Groundwater","year":2019,"pfoa":"79","pfos":"57","total_pfas":323,"pfas_level":323,"notes":null,"regulation_gvt_link":null,"resources_link":"https://www4.des.state.nh.us/DESOneStop/PRSDetail.aspx?ID=0001748&Type=PRS","suspected_source_link":"https://nhdes.maps.arcgis.com/apps/View/index.html?appid=66770bef141c43a98a445c54a17720e2&extent=-73.5743,42.5413,-69.6852,45.4509","pfas_testing_link":"https://www4.des.state.nh.us/IISProxy/IISProxy.dll?ContentId=4819877","site_ref_link":"https://drive.google.com/drive/u/0/folders/1GHrpEjcYEQRm4ijElQlT8U4IAZtYbbQ1","state_ref_link":"https://drive.google.com/drive/u/0/folders/1RsSKYaEE8jqAw7pH05tDHRflkjUL3t5H","ObjectId":3855}},{"type":"Feature","id":3856,"geometry":{"type":"Point","coordinates":[-71.549514,43.337923]},"properties":{"site_name":"Canterbury Landfill","other_site_names":null,"state":"New Hampshire","industry":"Landfill","matrix_type":"Groundwater","matrix":"Groundwater","year":2019,"pfoa":"196","pfos":"1363","total_pfas":3979,"pfas_level":3979,"notes":null,"regulation_gvt_link":null,"resources_link":"https://www4.des.state.nh.us/DESOneStop/PRSDetail.aspx?ID=0000010&Type=PRS","suspected_source_link":"https://nhdes.maps.arcgis.com/apps/View/index.html?appid=66770bef141c43a98a445c54a17720e2&extent=-73.5743,42.5413,-69.6852,45.4509","pfas_testing_link":"https://www4.des.state.nh.us/IISProxy/IISProxy.dll?ContentId=4824639","site_ref_link":"https://drive.google.com/drive/u/0/folders/1I-UWFkVVm59hv-af1rDCXFtIuS70hXy-","state_ref_link":"https://drive.google.com/drive/u/0/folders/1RsSKYaEE8jqAw7pH05tDHRflkjUL3t5H","ObjectId":3856}},{"type":"Feature","id":3857,"geometry":{"type":"Point","coordinates":[-71.039206,43.375302]},"properties":{"site_name":"Cardinal Landfill","other_site_names":null,"state":"New Hampshire","industry":"Landfill","matrix_type":"Groundwater","matrix":"Groundwater","year":2019,"pfoa":"6","pfos":"5","total_pfas":39,"pfas_level":39,"notes":null,"regulation_gvt_link":null,"resources_link":"https://www4.des.state.nh.us/DESOneStop/PRSDetail.aspx?ID=0000027&Type=PRS","suspected_source_link":"https://nhdes.maps.arcgis.com/apps/View/index.html?appid=66770bef141c43a98a445c54a17720e2&extent=-73.5743,42.5413,-69.6852,45.4509","pfas_testing_link":"https://www4.des.state.nh.us/IISProxy/IISProxy.dll?ContentId=4827982","site_ref_link":"https://drive.google.com/drive/u/0/folders/1UPSNoGPDKMVdwjfUB051hAoe4EBwpWPw","state_ref_link":"https://drive.google.com/drive/u/0/folders/1RsSKYaEE8jqAw7pH05tDHRflkjUL3t5H","ObjectId":3857}},{"type":"Feature","id":3858,"geometry":{"type":"Point","coordinates":[-71.555982,44.303818]},"properties":{"site_name":"Carroll Town Landfill","other_site_names":null,"state":"New Hampshire","industry":"Landfill","matrix_type":"Groundwater","matrix":"Groundwater","year":2019,"pfoa":"53","pfos":null,"total_pfas":226,"pfas_level":226,"notes":null,"regulation_gvt_link":null,"resources_link":"https://www4.des.state.nh.us/DESOneStop/PRSDetail.aspx?ID=0000277&Type=PRS","suspected_source_link":"https://nhdes.maps.arcgis.com/apps/View/index.html?appid=66770bef141c43a98a445c54a17720e2&extent=-73.5743,42.5413,-69.6852,45.4509","pfas_testing_link":"https://www4.des.state.nh.us/IISProxy/IISProxy.dll?ContentId=4821250","site_ref_link":"https://drive.google.com/drive/u/0/folders/15q9AV6bslb94JPEun0T-RhtPh0CR04hG","state_ref_link":"https://drive.google.com/drive/u/0/folders/1RsSKYaEE8jqAw7pH05tDHRflkjUL3t5H","ObjectId":3858}},{"type":"Feature","id":3859,"geometry":{"type":"Point","coordinates":[-71.1887,44.4999]},"properties":{"site_name":"Cates Hill Landfill","other_site_names":null,"state":"New Hampshire","industry":"Landfill","matrix_type":"Groundwater","matrix":"Groundwater","year":2019,"pfoa":"773","pfos":"652","total_pfas":10774,"pfas_level":10774,"notes":null,"regulation_gvt_link":null,"resources_link":"https://www4.des.state.nh.us/DESOneStop/PRSDetail.aspx?ID=0000005&Type=PRS","suspected_source_link":"https://nhdes.maps.arcgis.com/apps/View/index.html?appid=66770bef141c43a98a445c54a17720e2&extent=-73.5743,42.5413,-69.6852,45.4509","pfas_testing_link":"https://www4.des.state.nh.us/IISProxy/IISProxy.dll?ContentId=4824777","site_ref_link":"https://drive.google.com/drive/u/0/folders/1ocXM8RFelR4IKARBleZf4nMMXGz5N_iW","state_ref_link":"https://drive.google.com/drive/u/0/folders/1RsSKYaEE8jqAw7pH05tDHRflkjUL3t5H","ObjectId":3859}},{"type":"Feature","id":3860,"geometry":{"type":"Point","coordinates":[-72.284028,42.931253]},"properties":{"site_name":"Central Screw","other_site_names":"Keene Mill","state":"New Hampshire","industry":"Industry","matrix_type":"Groundwater","matrix":"Groundwater","year":2017,"pfoa":null,"pfos":"15","total_pfas":39,"pfas_level":39,"notes":null,"regulation_gvt_link":null,"resources_link":"https://www4.des.state.nh.us/DESOneStop/PRSDetail.aspx?ID=0000481&Type=PRS","suspected_source_link":"https://nhdes.maps.arcgis.com/apps/View/index.html?appid=66770bef141c43a98a445c54a17720e2&extent=-73.5743,42.5413,-69.6852,45.4509","pfas_testing_link":"https://www4.des.state.nh.us/IISProxy/IISProxy.dll?ContentId=4757081","site_ref_link":"https://drive.google.com/drive/u/0/folders/1n_mGOEYaITQM_9zjZ6LhlOsfTIcj4v88","state_ref_link":"https://drive.google.com/drive/u/0/folders/1RsSKYaEE8jqAw7pH05tDHRflkjUL3t5H","ObjectId":3860}},{"type":"Feature","id":3861,"geometry":{"type":"Point","coordinates":[-71.501061,43.691662]},"properties":{"site_name":"Center Harbor Landfill","other_site_names":null,"state":"New Hampshire","industry":"Landfill","matrix_type":"Groundwater","matrix":"Groundwater","year":2019,"pfoa":"9","pfos":"20","total_pfas":30,"pfas_level":30,"notes":null,"regulation_gvt_link":null,"resources_link":"https://www4.des.state.nh.us/DESOneStop/PRSDetail.aspx?ID=0000648&Type=PRS","suspected_source_link":"https://nhdes.maps.arcgis.com/apps/View/index.html?appid=66770bef141c43a98a445c54a17720e2&extent=-73.5743,42.5413,-69.6852,45.4509","pfas_testing_link":"https://www4.des.state.nh.us/IISProxy/IISProxy.dll?ContentId=4803501","site_ref_link":"https://drive.google.com/drive/u/0/folders/1GGMiECDfUVaBpQ-DtW4Figbql9wT4LX-","state_ref_link":"https://drive.google.com/drive/u/0/folders/1RsSKYaEE8jqAw7pH05tDHRflkjUL3t5H","ObjectId":3861}},{"type":"Feature","id":3862,"geometry":{"type":"Point","coordinates":[-71.127339,43.272214]},"properties":{"site_name":"Center Strafford Training Site","other_site_names":null,"state":"New Hampshire","industry":"Military","matrix_type":"Groundwater","matrix":"Groundwater","year":2018,"pfoa":"10","pfos":"6","total_pfas":51,"pfas_level":51,"notes":null,"regulation_gvt_link":null,"resources_link":"https://www4.des.state.nh.us/nh-pfas-investigation/","suspected_source_link":"https://drive.google.com/file/d/1g1t60FsMLcfluvkLqorqlbsHnkF_rNZw/view?usp=sharing","pfas_testing_link":"https://drive.google.com/file/d/1g1t60FsMLcfluvkLqorqlbsHnkF_rNZw/view?usp=sharing","site_ref_link":null,"state_ref_link":"https://drive.google.com/drive/u/0/folders/1RsSKYaEE8jqAw7pH05tDHRflkjUL3t5H","ObjectId":3862}},{"type":"Feature","id":3863,"geometry":{"type":"Point","coordinates":[-71.570581,42.804805]},"properties":{"site_name":"Central Portion of Howe Drive","other_site_names":null,"state":"New Hampshire","industry":"Superfund Site","matrix_type":"Groundwater","matrix":"Groundwater","year":2017,"pfoa":"965","pfos":"30","total_pfas":1161,"pfas_level":1161,"notes":"https://cumulis.epa.gov/supercpad/CurSites/csitinfo.cfm?id=0102034","regulation_gvt_link":null,"resources_link":"https://www4.des.state.nh.us/DESOneStop/PRSDetail.aspx?ID=0037571&Type=PRS","suspected_source_link":"https://nhdes.maps.arcgis.com/apps/View/index.html?appid=66770bef141c43a98a445c54a17720e2&extent=-73.5743,42.5413,-69.6852,45.4509","pfas_testing_link":"https://www4.des.state.nh.us/IISProxy/IISProxy.dll?ContentId=4696022","site_ref_link":"https://drive.google.com/drive/u/0/folders/15PkhJPM1YyIa1019ue78fAfZF2gdaDeM","state_ref_link":"https://drive.google.com/drive/u/0/folders/1RsSKYaEE8jqAw7pH05tDHRflkjUL3t5H","ObjectId":3863}},{"type":"Feature","id":3864,"geometry":{"type":"Point","coordinates":[-71.205732,42.988541]},"properties":{"site_name":"Chester Landfill","other_site_names":null,"state":"New Hampshire","industry":"Landfill","matrix_type":"Groundwater","matrix":"Groundwater","year":2019,"pfoa":"28","pfos":"7","total_pfas":76,"pfas_level":76,"notes":null,"regulation_gvt_link":null,"resources_link":"https://www4.des.state.nh.us/DESOneStop/PRSDetail.aspx?ID=0000772&Type=PRS","suspected_source_link":"https://nhdes.maps.arcgis.com/apps/View/index.html?appid=66770bef141c43a98a445c54a17720e2&extent=-73.5743,42.5413,-69.6852,45.4509","pfas_testing_link":"https://www4.des.state.nh.us/IISProxy/IISProxy.dll?ContentId=4854356","site_ref_link":"https://drive.google.com/drive/u/0/folders/14YLsF4wgcEzxyRRRPW1RXtEu4d3IM8eI","state_ref_link":"https://drive.google.com/drive/u/0/folders/1RsSKYaEE8jqAw7pH05tDHRflkjUL3t5H","ObjectId":3864}},{"type":"Feature","id":3865,"geometry":{"type":"Point","coordinates":[-71.442645,42.982078]},"properties":{"site_name":"Alltex Uniform Rental Service Inc","other_site_names":null,"state":"New Hampshire","industry":"Industry","matrix_type":"Groundwater","matrix":"Groundwater","year":2018,"pfoa":"120","pfos":"1800","total_pfas":null,"pfas_level":1920,"notes":null,"regulation_gvt_link":null,"resources_link":"https://www4.des.state.nh.us/DESOneStop/PRSDetail.aspx?ID=0003729&Type=PRS","suspected_source_link":"https://nhdes.maps.arcgis.com/apps/View/index.html?appid=66770bef141c43a98a445c54a17720e2&extent=-73.5743,42.5413,-69.6852,45.4509","pfas_testing_link":"https://www4.des.state.nh.us/IISProxy/IISProxy.dll?ContentId=4808462","site_ref_link":"https://drive.google.com/drive/u/0/folders/1X8h05zhBXf-S49P2ci2EttFBgCBBKDen","state_ref_link":"https://drive.google.com/drive/u/0/folders/1RsSKYaEE8jqAw7pH05tDHRflkjUL3t5H","ObjectId":3865}},{"type":"Feature","id":3866,"geometry":{"type":"Point","coordinates":[-72.272479,43.364973]},"properties":{"site_name":"Claremont Landfill","other_site_names":null,"state":"New Hampshire","industry":"Landfill","matrix_type":"Groundwater","matrix":"Groundwater","year":2018,"pfoa":"5","pfos":null,"total_pfas":17,"pfas_level":17,"notes":null,"regulation_gvt_link":null,"resources_link":"https://www4.des.state.nh.us/DESOneStop/PRSDetail.aspx?ID=0000284&Type=PRS","suspected_source_link":"https://nhdes.maps.arcgis.com/apps/View/index.html?appid=66770bef141c43a98a445c54a17720e2&extent=-73.5743,42.5413,-69.6852,45.4509","pfas_testing_link":"https://www4.des.state.nh.us/IISProxy/IISProxy.dll?ContentId=4844952","site_ref_link":"https://drive.google.com/drive/u/0/folders/1uNjGFb0lefOFsY0DHA5gwZVvzmp2GVBn","state_ref_link":"https://drive.google.com/drive/u/0/folders/1RsSKYaEE8jqAw7pH05tDHRflkjUL3t5H","ObjectId":3866}},{"type":"Feature","id":3867,"geometry":{"type":"Point","coordinates":[-70.937764,43.2598]},"properties":{"site_name":"Closed Rochester Landfill","other_site_names":null,"state":"New Hampshire","industry":"Landfill","matrix_type":"Groundwater","matrix":"Groundwater","year":2020,"pfoa":"626","pfos":"228","total_pfas":968,"pfas_level":968,"notes":" None of these wells tested are used for water intended for human consumption. The state will expand its monitoring program for wells at the landfill and at a nearby mobile home park, costing the city an additional $11,500. The wells tested positive for both PFOS and PFOA (Stucker 6.28.2018).","regulation_gvt_link":null,"resources_link":"https://www4.des.state.nh.us/DESOneStop/PRSDetail.aspx?ID=0000240&Type=PRS","suspected_source_link":"https://www.fosters.com/news/20180628/3-rochester-monitoring-wells-show-pfas-contamination","pfas_testing_link":"https://www4.des.state.nh.us/nh-pfas-investigation/wp-content/uploads/tables-pdf.pdf","site_ref_link":"https://drive.google.com/drive/u/0/folders/1hZGtA5TJRLQyaPhSOjNqZK7uMkHPQ5Vk","state_ref_link":"https://drive.google.com/drive/u/0/folders/1RsSKYaEE8jqAw7pH05tDHRflkjUL3t5H","ObjectId":3867}},{"type":"Feature","id":3868,"geometry":{"type":"Point","coordinates":[-70.939541,43.033479]},"properties":{"site_name":"Co-ed Sportswear","other_site_names":null,"state":"New Hampshire","industry":"Unknown","matrix_type":"Groundwater","matrix":"Groundwater","year":2020,"pfoa":"5","pfos":"2","total_pfas":19,"pfas_level":19,"notes":null,"regulation_gvt_link":null,"resources_link":"https://www4.des.state.nh.us/DESOneStop/PRSDetail.aspx?ID=0012828&Type=PRS","suspected_source_link":"https://nhdes.maps.arcgis.com/apps/View/index.html?appid=66770bef141c43a98a445c54a17720e2&extent=-73.5743,42.5413,-69.6852,45.4509","pfas_testing_link":"https://www4.des.state.nh.us/IISProxy/IISProxy.dll?ContentId=4853326","site_ref_link":"https://drive.google.com/drive/u/0/folders/1wi5OS2sxCNRThYvLGL2kFYZT1K3jpOyX","state_ref_link":"https://drive.google.com/drive/u/0/folders/1RsSKYaEE8jqAw7pH05tDHRflkjUL3t5H","ObjectId":3868}},{"type":"Feature","id":3869,"geometry":{"type":"Point","coordinates":[-70.816335,43.001277]},"properties":{"site_name":"Coakley Landfill","other_site_names":null,"state":"New Hampshire","industry":"Landfill","matrix_type":"Groundwater","matrix":"Groundwater","year":2018,"pfoa":"1240","pfos":"56","total_pfas":2180,"pfas_level":2180,"notes":null,"regulation_gvt_link":null,"resources_link":"https://www4.des.state.nh.us/DESOneStop/PRSDetail.aspx?ID=0000431&Type=PRS","suspected_source_link":"https://nhdes.maps.arcgis.com/apps/View/index.html?appid=66770bef141c43a98a445c54a17720e2&extent=-73.5743,42.5413,-69.6852,45.4509","pfas_testing_link":"https://www4.des.state.nh.us/nh-pfas-investigation/wp-content/uploads/tables-pdf.pdf","site_ref_link":"https://drive.google.com/drive/u/0/folders/1qi3RM_KnePT6lMj78ZzYtZPzibqWU2j9","state_ref_link":"https://drive.google.com/drive/u/0/folders/1RsSKYaEE8jqAw7pH05tDHRflkjUL3t5H","ObjectId":3869}},{"type":"Feature","id":3870,"geometry":{"type":"Point","coordinates":[-71.41146,42.969801]},"properties":{"site_name":"Comcast","other_site_names":null,"state":"New Hampshire","industry":"Unknown","matrix_type":"Groundwater","matrix":"Groundwater","year":2018,"pfoa":"42","pfos":"74","total_pfas":724,"pfas_level":724,"notes":null,"regulation_gvt_link":null,"resources_link":"https://www4.des.state.nh.us/DESOneStop/PRSDetail.aspx?ID=0012805&Type=PRS","suspected_source_link":"https://nhdes.maps.arcgis.com/apps/View/index.html?appid=66770bef141c43a98a445c54a17720e2&extent=-73.5743,42.5413,-69.6852,45.4509","pfas_testing_link":"https://www4.des.state.nh.us/IISProxy/IISProxy.dll?ContentId=4794898","site_ref_link":"https://drive.google.com/drive/u/0/folders/1Asy4404QxlsJAUMzcQFil7vi5r980DAS","state_ref_link":"https://drive.google.com/drive/u/0/folders/1RsSKYaEE8jqAw7pH05tDHRflkjUL3t5H","ObjectId":3870}},{"type":"Feature","id":3871,"geometry":{"type":"Point","coordinates":[-71.444496,42.779503]},"properties":{"site_name":"Computer Optics","other_site_names":null,"state":"New Hampshire","industry":"Industry","matrix_type":"Groundwater","matrix":"Groundwater","year":2019,"pfoa":"41","pfos":"54","total_pfas":230,"pfas_level":230,"notes":null,"regulation_gvt_link":null,"resources_link":"https://www4.des.state.nh.us/DESOneStop/PRSDetail.aspx?ID=0000553&Type=PRS","suspected_source_link":"https://nhdes.maps.arcgis.com/apps/View/index.html?appid=66770bef141c43a98a445c54a17720e2&extent=-73.5743,42.5413,-69.6852,45.4509","pfas_testing_link":"https://www4.des.state.nh.us/IISProxy/IISProxy.dll?ContentId=4782549","site_ref_link":"https://drive.google.com/drive/u/0/folders/1i6dwG6M26QtFBByclASnRPaEeUqDTTZL","state_ref_link":"https://drive.google.com/drive/u/0/folders/1RsSKYaEE8jqAw7pH05tDHRflkjUL3t5H","ObjectId":3871}},{"type":"Feature","id":3872,"geometry":{"type":"Point","coordinates":[-71.517287,43.20006]},"properties":{"site_name":"Concord City Landfill","other_site_names":null,"state":"New Hampshire","industry":"Landfill","matrix_type":"Groundwater","matrix":"Groundwater","year":2020,"pfoa":"14","pfos":"20","total_pfas":94,"pfas_level":94,"notes":null,"regulation_gvt_link":null,"resources_link":"https://www4.des.state.nh.us/DESOneStop/PRSDetail.aspx?ID=0000189&Type=PRS","suspected_source_link":"https://nhdes.maps.arcgis.com/apps/View/index.html?appid=66770bef141c43a98a445c54a17720e2&extent=-73.5743,42.5413,-69.6852,45.4509","pfas_testing_link":"https://www4.des.state.nh.us/IISProxy/IISProxy.dll?ContentId=4855491","site_ref_link":"https://drive.google.com/drive/u/0/folders/1RM9LFvzY2XT6kzu7rdoYaJbUHLSxIfsS","state_ref_link":"https://drive.google.com/drive/u/0/folders/1RsSKYaEE8jqAw7pH05tDHRflkjUL3t5H","ObjectId":3872}},{"type":"Feature","id":3873,"geometry":{"type":"Point","coordinates":[-71.531732,43.197877]},"properties":{"site_name":"Concord Cleaners","other_site_names":null,"state":"New Hampshire","industry":"Industry","matrix_type":"Groundwater","matrix":"Groundwater","year":2019,"pfoa":"68","pfos":"133","total_pfas":312,"pfas_level":312,"notes":null,"regulation_gvt_link":null,"resources_link":"https://www4.des.state.nh.us/DESOneStop/PRSDetail.aspx?ID=0010527&Type=PRS","suspected_source_link":"https://nhdes.maps.arcgis.com/apps/View/index.html?appid=66770bef141c43a98a445c54a17720e2&extent=-73.5743,42.5413,-69.6852,45.4509","pfas_testing_link":"https://www4.des.state.nh.us/IISProxy/IISProxy.dll?ContentId=4843896","site_ref_link":"https://drive.google.com/drive/u/0/folders/12Va3QHD5QjFxItwoHXh8P3AbAeUPACTf","state_ref_link":"https://drive.google.com/drive/u/0/folders/1RsSKYaEE8jqAw7pH05tDHRflkjUL3t5H","ObjectId":3873}},{"type":"Feature","id":3874,"geometry":{"type":"Point","coordinates":[-72.526446,42.818918]},"properties":{"site_name":"Continental Industries","other_site_names":null,"state":"New Hampshire","industry":"Industry","matrix_type":"Groundwater","matrix":"Groundwater","year":2018,"pfoa":"3","pfos":null,"total_pfas":null,"pfas_level":3,"notes":null,"regulation_gvt_link":null,"resources_link":"https://www4.des.state.nh.us/DESOneStop/PRSDetail.aspx?ID=0002883&Type=PRS","suspected_source_link":"https://nhdes.maps.arcgis.com/apps/View/index.html?appid=66770bef141c43a98a445c54a17720e2&extent=-73.5743,42.5413,-69.6852,45.4509","pfas_testing_link":"https://www4.des.state.nh.us/IISProxy/IISProxy.dll?ContentId=4716614","site_ref_link":"https://drive.google.com/drive/u/0/folders/1x0WWdzyuUQ-LPoEzElwZhPI8qhKEdSv5","state_ref_link":"https://drive.google.com/drive/u/0/folders/1RsSKYaEE8jqAw7pH05tDHRflkjUL3t5H","ObjectId":3874}},{"type":"Feature","id":3875,"geometry":{"type":"Point","coordinates":[-71.42335,42.928577]},"properties":{"site_name":"Cookson Electronics","other_site_names":null,"state":"New Hampshire","industry":"Industry","matrix_type":"Groundwater","matrix":"Groundwater","year":2019,"pfoa":"184","pfos":"1310","total_pfas":1473,"pfas_level":1473,"notes":null,"regulation_gvt_link":null,"resources_link":"https://www4.des.state.nh.us/DESOneStop/PRSDetail.aspx?ID=0014279&Type=PRS","suspected_source_link":"https://nhdes.maps.arcgis.com/apps/View/index.html?appid=66770bef141c43a98a445c54a17720e2&extent=-73.5743,42.5413,-69.6852,45.4509","pfas_testing_link":"https://www4.des.state.nh.us/nh-pfas-investigation/wp-content/uploads/tables-pdf.pdf","site_ref_link":"https://drive.google.com/drive/u/0/folders/1nluaY40DYhGvxl-bfBsDhOOeTX7hpCtS","state_ref_link":"https://drive.google.com/drive/u/0/folders/1RsSKYaEE8jqAw7pH05tDHRflkjUL3t5H","ObjectId":3875}},{"type":"Feature","id":3876,"geometry":{"type":"Point","coordinates":[-71.644854,43.319064]},"properties":{"site_name":"Corn Hill Road Landfill and Stump Dump","other_site_names":null,"state":"New Hampshire","industry":"Landfill","matrix_type":"Groundwater","matrix":"Groundwater","year":2020,"pfoa":"118","pfos":"49","total_pfas":807,"pfas_level":807,"notes":null,"regulation_gvt_link":null,"resources_link":"https://www4.des.state.nh.us/DESOneStop/PRSDetail.aspx?ID=0001623&Type=PRS","suspected_source_link":"https://nhdes.maps.arcgis.com/apps/View/index.html?appid=66770bef141c43a98a445c54a17720e2&extent=-73.5743,42.5413,-69.6852,45.4509","pfas_testing_link":"https://www4.des.state.nh.us/IISProxy/IISProxy.dll?ContentId=4850150","site_ref_link":"https://drive.google.com/drive/u/0/folders/1IH8U8gkehN771Dr-YbGaPAt-P5hcgnfv","state_ref_link":"https://drive.google.com/drive/u/0/folders/1RsSKYaEE8jqAw7pH05tDHRflkjUL3t5H","ObjectId":3876}},{"type":"Feature","id":3877,"geometry":{"type":"Point","coordinates":[-70.997727,42.965789]},"properties":{"site_name":"Cross Road Landfill","other_site_names":null,"state":"New Hampshire","industry":"Landfill","matrix_type":"Groundwater","matrix":"Groundwater","year":2018,"pfoa":"4","pfos":null,"total_pfas":20,"pfas_level":20,"notes":null,"regulation_gvt_link":null,"resources_link":"https://www4.des.state.nh.us/DESOneStop/PRSDetail.aspx?ID=0000978&Type=PRS","suspected_source_link":"https://nhdes.maps.arcgis.com/apps/View/index.html?appid=66770bef141c43a98a445c54a17720e2&extent=-73.5743,42.5413,-69.6852,45.4509","pfas_testing_link":"https://www4.des.state.nh.us/IISProxy/IISProxy.dll?ContentId=4827141","site_ref_link":"https://drive.google.com/drive/u/0/folders/1Zpw13V68eqdZSyUQ5Z_Emh-B7VyQSFHV","state_ref_link":"https://drive.google.com/drive/u/0/folders/1RsSKYaEE8jqAw7pH05tDHRflkjUL3t5H","ObjectId":3877}},{"type":"Feature","id":3878,"geometry":{"type":"Point","coordinates":[-72.154854,43.457347]},"properties":{"site_name":"Croydon Landfill","other_site_names":null,"state":"New Hampshire","industry":"Landfill","matrix_type":"Groundwater","matrix":"Groundwater","year":2019,"pfoa":"3","pfos":"13","total_pfas":34,"pfas_level":34,"notes":null,"regulation_gvt_link":null,"resources_link":"https://www4.des.state.nh.us/DESOneStop/PRSDetail.aspx?ID=0002807&Type=PRS","suspected_source_link":"https://nhdes.maps.arcgis.com/apps/View/index.html?appid=66770bef141c43a98a445c54a17720e2&extent=-73.5743,42.5413,-69.6852,45.4509","pfas_testing_link":"https://www4.des.state.nh.us/IISProxy/IISProxy.dll?ContentId=4768854","site_ref_link":"https://drive.google.com/drive/u/0/folders/1SlL_9PNuVUeIy01-MaG2ENF2PBLhNg0Z","state_ref_link":"https://drive.google.com/drive/u/0/folders/1RsSKYaEE8jqAw7pH05tDHRflkjUL3t5H","ObjectId":3878}},{"type":"Feature","id":3879,"geometry":{"type":"Point","coordinates":[-70.874158,43.200675]},"properties":{"site_name":"Cullen Residence","other_site_names":null,"state":"New Hampshire","industry":"Industry","matrix_type":"Groundwater","matrix":"Groundwater","year":2018,"pfoa":"39","pfos":"16","total_pfas":206,"pfas_level":206,"notes":null,"regulation_gvt_link":null,"resources_link":"https://www4.des.state.nh.us/DESOneStop/PRSDetail.aspx?ID=0037626&Type=PRS","suspected_source_link":"https://nhdes.maps.arcgis.com/apps/View/index.html?appid=66770bef141c43a98a445c54a17720e2&extent=-73.5743,42.5413,-69.6852,45.4509","pfas_testing_link":"https://www4.des.state.nh.us/IISProxy/IISProxy.dll?ContentId=4770148","site_ref_link":"https://drive.google.com/drive/u/0/folders/1Jlg7JwsG3nuH_duz3VX5z4wtGO8K3BQe","state_ref_link":"https://drive.google.com/drive/u/0/folders/1RsSKYaEE8jqAw7pH05tDHRflkjUL3t5H","ObjectId":3879}},{"type":"Feature","id":3880,"geometry":{"type":"Point","coordinates":[-71.665053,44.429906]},"properties":{"site_name":"Dalton Landfill","other_site_names":null,"state":"New Hampshire","industry":"Landfill","matrix_type":"Groundwater","matrix":"Groundwater","year":2019,"pfoa":"59","pfos":"590","total_pfas":973,"pfas_level":973,"notes":null,"regulation_gvt_link":null,"resources_link":"https://www4.des.state.nh.us/DESOneStop/PRSDetail.aspx?ID=0000658&Type=PRS","suspected_source_link":"https://nhdes.maps.arcgis.com/apps/View/index.html?appid=66770bef141c43a98a445c54a17720e2&extent=-73.5743,42.5413,-69.6852,45.4509","pfas_testing_link":"https://www4.des.state.nh.us/IISProxy/IISProxy.dll?ContentId=4847762","site_ref_link":"https://drive.google.com/drive/u/0/folders/1SrPHJjTO5Y6J8iFzcVpouMRJ-Dci760q","state_ref_link":"https://drive.google.com/drive/u/0/folders/1RsSKYaEE8jqAw7pH05tDHRflkjUL3t5H","ObjectId":3880}},{"type":"Feature","id":3881,"geometry":{"type":"Point","coordinates":[-72.181958,43.765141]},"properties":{"site_name":"Dartmouth Rennie Farm Site","other_site_names":null,"state":"New Hampshire","industry":"Industry","matrix_type":"Groundwater","matrix":"Groundwater","year":2018,"pfoa":null,"pfos":null,"total_pfas":2,"pfas_level":2,"notes":"Site formerly conaminated by industry https://www.vnews.com/Dartmouth-College-Rennie-Farm-update-testing-for-PFAS-ordered-by-DES-19036718 ","regulation_gvt_link":null,"resources_link":"https://www4.des.state.nh.us/DESOneStop/PRSDetail.aspx?ID=0027737&Type=PRS","suspected_source_link":"https://nhdes.maps.arcgis.com/apps/View/index.html?appid=66770bef141c43a98a445c54a17720e2&extent=-73.5743,42.5413,-69.6852,45.4509","pfas_testing_link":"https://www4.des.state.nh.us/IISProxy/IISProxy.dll?ContentId=4748179","site_ref_link":"https://drive.google.com/drive/u/0/folders/1R0hi_GzXVe1wgt3cn-0GoCTj5ZPZyFmG","state_ref_link":"https://drive.google.com/drive/u/0/folders/1RsSKYaEE8jqAw7pH05tDHRflkjUL3t5H","ObjectId":3881}},{"type":"Feature","id":3882,"geometry":{"type":"Point","coordinates":[-70.866524,42.892641]},"properties":{"site_name":"DDR Seabrook","other_site_names":null,"state":"New Hampshire","industry":"Unknown","matrix_type":"Groundwater","matrix":"Groundwater","year":2018,"pfoa":"5","pfos":"2","total_pfas":49,"pfas_level":49,"notes":null,"regulation_gvt_link":null,"resources_link":"https://www4.des.state.nh.us/DESOneStop/PRSDetail.aspx?ID=0014814&Type=PRS","suspected_source_link":"https://nhdes.maps.arcgis.com/apps/View/index.html?appid=66770bef141c43a98a445c54a17720e2&extent=-73.5743,42.5413,-69.6852,45.4509","pfas_testing_link":"https://www4.des.state.nh.us/IISProxy/IISProxy.dll?ContentId=4755438","site_ref_link":"https://drive.google.com/drive/u/0/folders/1stpHCvf4GxqfWCSZZI8uCkmrZ2pWcg5S","state_ref_link":"https://drive.google.com/drive/u/0/folders/1RsSKYaEE8jqAw7pH05tDHRflkjUL3t5H","ObjectId":3882}},{"type":"Feature","id":3883,"geometry":{"type":"Point","coordinates":[-71.221642,43.09228]},"properties":{"site_name":"Deerfield Landfill","other_site_names":null,"state":"New Hampshire","industry":"Landfill","matrix_type":"Groundwater","matrix":"Groundwater","year":2018,"pfoa":"14","pfos":"4","total_pfas":24,"pfas_level":24,"notes":null,"regulation_gvt_link":null,"resources_link":"https://www4.des.state.nh.us/DESOneStop/PRSDetail.aspx?ID=0000020&Type=PRS","suspected_source_link":"https://nhdes.maps.arcgis.com/apps/View/index.html?appid=66770bef141c43a98a445c54a17720e2&extent=-73.5743,42.5413,-69.6852,45.4509","pfas_testing_link":"https://www4.des.state.nh.us/IISProxy/IISProxy.dll?ContentId=4807925","site_ref_link":"https://drive.google.com/drive/u/0/folders/1My3nNoZQBg0mmHk3jD1VImEPjUIDAjZs","state_ref_link":"https://drive.google.com/drive/u/0/folders/1RsSKYaEE8jqAw7pH05tDHRflkjUL3t5H","ObjectId":3883}},{"type":"Feature","id":3884,"geometry":{"type":"Point","coordinates":[-71.330807,42.869358]},"properties":{"site_name":"Derry Municipal Landfill","other_site_names":null,"state":"New Hampshire","industry":"Landfill","matrix_type":"Groundwater","matrix":"Groundwater","year":2020,"pfoa":"21","pfos":"15","total_pfas":97,"pfas_level":97,"notes":null,"regulation_gvt_link":null,"resources_link":"https://www4.des.state.nh.us/DESOneStop/PRSDetail.aspx?ID=0000283&Type=PRS","suspected_source_link":"https://nhdes.maps.arcgis.com/apps/View/index.html?appid=66770bef141c43a98a445c54a17720e2&extent=-73.5743,42.5413,-69.6852,45.4509","pfas_testing_link":"https://www4.des.state.nh.us/IISProxy/IISProxy.dll?ContentId=4854008","site_ref_link":"https://drive.google.com/drive/u/0/folders/1aMpztrj4G89-bvBGvkI-o5JAzx32SxB2","state_ref_link":"https://drive.google.com/drive/u/0/folders/1RsSKYaEE8jqAw7pH05tDHRflkjUL3t5H","ObjectId":3884}},{"type":"Feature","id":3885,"geometry":{"type":"Point","coordinates":[-70.931363,43.20668]},"properties":{"site_name":"Dover Landfill Superfund Site","other_site_names":"Dover Municipal Landfill","state":"New Hampshire","industry":"Landfill","matrix_type":"Groundwater","matrix":"Groundwater","year":2018,"pfoa":"110","pfos":"32","total_pfas":396,"pfas_level":396,"notes":null,"regulation_gvt_link":null,"resources_link":"https://www4.des.state.nh.us/DESOneStop/PRSDetail.aspx?ID=0001781&Type=PRS","suspected_source_link":"https://nhdes.maps.arcgis.com/apps/View/index.html?appid=66770bef141c43a98a445c54a17720e2&extent=-73.5743,42.5413,-69.6852,45.4509","pfas_testing_link":"https://www4.des.state.nh.us/IISProxy/IISProxy.dll?ContentId=4759735","site_ref_link":"https://drive.google.com/drive/u/0/folders/1zyjinvRX-QKgxCGJKXYVj8-I5ygQHBL4","state_ref_link":"https://drive.google.com/drive/u/0/folders/1RsSKYaEE8jqAw7pH05tDHRflkjUL3t5H","ObjectId":3885}},{"type":"Feature","id":3886,"geometry":{"type":"Point","coordinates":[-72.033032,42.912529]},"properties":{"site_name":"Dublin Municipal Landfill","other_site_names":null,"state":"New Hampshire","industry":"Landfill","matrix_type":"Groundwater","matrix":"Groundwater","year":2020,"pfoa":"1","pfos":"1","total_pfas":6,"pfas_level":6,"notes":null,"regulation_gvt_link":null,"resources_link":"https://www4.des.state.nh.us/DESOneStop/PRSDetail.aspx?ID=0001784&Type=PRS","suspected_source_link":"https://nhdes.maps.arcgis.com/apps/View/index.html?appid=66770bef141c43a98a445c54a17720e2&extent=-73.5743,42.5413,-69.6852,45.4509","pfas_testing_link":"https://www4.des.state.nh.us/IISProxy/IISProxy.dll?ContentId=4854539","site_ref_link":"https://drive.google.com/drive/u/0/folders/1k2iuT-pCQdi5IYsfQi-Sh-fu6GiMkv_d","state_ref_link":"https://drive.google.com/drive/u/0/folders/1RsSKYaEE8jqAw7pH05tDHRflkjUL3t5H","ObjectId":3886}},{"type":"Feature","id":3887,"geometry":{"type":"Point","coordinates":[-71.159139,44.478258]},"properties":{"site_name":"Dummer Yard Landfill","other_site_names":null,"state":"New Hampshire","industry":"Landfill","matrix_type":"Groundwater","matrix":"Groundwater","year":2018,"pfoa":"421","pfos":"708","total_pfas":1248,"pfas_level":1248,"notes":null,"regulation_gvt_link":null,"resources_link":"https://www4.des.state.nh.us/DESOneStop/PRSDetail.aspx?ID=0000151&Type=PRS","suspected_source_link":"https://nhdes.maps.arcgis.com/apps/View/index.html?appid=66770bef141c43a98a445c54a17720e2&extent=-73.5743,42.5413,-69.6852,45.4509","pfas_testing_link":"https://www4.des.state.nh.us/IISProxy/IISProxy.dll?ContentId=4757773","site_ref_link":"https://drive.google.com/drive/u/0/folders/1LV4Tlz6UQgqjWKOuJzyksATgKBC4uKpU","state_ref_link":"https://drive.google.com/drive/u/0/folders/1RsSKYaEE8jqAw7pH05tDHRflkjUL3t5H","ObjectId":3887}},{"type":"Feature","id":3888,"geometry":{"type":"Point","coordinates":[-70.901986,43.123167]},"properties":{"site_name":"Durham Landfill","other_site_names":null,"state":"New Hampshire","industry":"Landfill","matrix_type":"Groundwater","matrix":"Groundwater","year":2019,"pfoa":"25","pfos":"4","total_pfas":76,"pfas_level":76,"notes":null,"regulation_gvt_link":null,"resources_link":"https://www4.des.state.nh.us/DESOneStop/PRSDetail.aspx?ID=0002115&Type=PRS","suspected_source_link":"https://nhdes.maps.arcgis.com/apps/View/index.html?appid=66770bef141c43a98a445c54a17720e2&extent=-73.5743,42.5413,-69.6852,45.4509","pfas_testing_link":"https://www4.des.state.nh.us/IISProxy/IISProxy.dll?ContentId=4807928","site_ref_link":"https://drive.google.com/drive/u/0/folders/1AJrq4Klk9dE51EVlD5QNRK4knLWuwIeO","state_ref_link":"https://drive.google.com/drive/u/0/folders/1RsSKYaEE8jqAw7pH05tDHRflkjUL3t5H","ObjectId":3888}},{"type":"Feature","id":3889,"geometry":{"type":"Point","coordinates":[-71.0042,43.7409]},"properties":{"site_name":"Effingham Transfer Station","other_site_names":null,"state":"New Hampshire","industry":"Landfill","matrix_type":"Groundwater","matrix":"Groundwater","year":2019,"pfoa":"30","pfos":"123","total_pfas":177,"pfas_level":177,"notes":null,"regulation_gvt_link":null,"resources_link":"https://www4.des.state.nh.us/DESOneStop/PRSDetail.aspx?ID=0000555&Type=PRS","suspected_source_link":"https://nhdes.maps.arcgis.com/apps/View/index.html?appid=66770bef141c43a98a445c54a17720e2&extent=-73.5743,42.5413,-69.6852,45.4509","pfas_testing_link":"https://www4.des.state.nh.us/IISProxy/IISProxy.dll?ContentId=4838809","site_ref_link":"https://drive.google.com/drive/u/0/folders/1YmdN83TZ8GPGxLs6WRdIPTHUOZxiUC1Z","state_ref_link":"https://drive.google.com/drive/u/0/folders/1RsSKYaEE8jqAw7pH05tDHRflkjUL3t5H","ObjectId":3889}},{"type":"Feature","id":3890,"geometry":{"type":"Point","coordinates":[-71.476421,44.616743]},"properties":{"site_name":"Emerson Road Landfill","other_site_names":null,"state":"New Hampshire","industry":"Landfill","matrix_type":"Groundwater","matrix":"Groundwater","year":2017,"pfoa":"7","pfos":null,"total_pfas":null,"pfas_level":7,"notes":"Also known as James River Bark Pile","regulation_gvt_link":null,"resources_link":"https://www4.des.state.nh.us/DESOneStop/PRSDetail.aspx?ID=0000226&Type=PRS","suspected_source_link":"https://nhdes.maps.arcgis.com/apps/View/index.html?appid=66770bef141c43a98a445c54a17720e2&extent=-73.5743,42.5413,-69.6852,45.4509","pfas_testing_link":"https://www4.des.state.nh.us/IISProxy/IISProxy.dll?ContentId=4689965","site_ref_link":"https://drive.google.com/drive/u/0/folders/1H7QhCbgN7fSuhq7-x0v96gFbjnvcU3Yt","state_ref_link":"https://drive.google.com/drive/u/0/folders/1RsSKYaEE8jqAw7pH05tDHRflkjUL3t5H","ObjectId":3890}},{"type":"Feature","id":3891,"geometry":{"type":"Point","coordinates":[-71.185024,42.849765]},"properties":{"site_name":"Emery Drive Site","other_site_names":null,"state":"New Hampshire","industry":"Unknown","matrix_type":"Groundwater","matrix":"Groundwater","year":2018,"pfoa":"10","pfos":"8","total_pfas":21,"pfas_level":21,"notes":null,"regulation_gvt_link":null,"resources_link":"https://www4.des.state.nh.us/DESOneStop/PRSDetail.aspx?ID=0012309&Type=PRS","suspected_source_link":"https://nhdes.maps.arcgis.com/apps/View/index.html?appid=66770bef141c43a98a445c54a17720e2&extent=-73.5743,42.5413,-69.6852,45.4509","pfas_testing_link":"https://www4.des.state.nh.us/nh-pfas-investigation/wp-content/uploads/tables-pdf.pdf","site_ref_link":"https://drive.google.com/drive/u/0/folders/1KKheXYZmYX4r42t30n8w9194vcQ1PjaP","state_ref_link":"https://drive.google.com/drive/u/0/folders/1RsSKYaEE8jqAw7pH05tDHRflkjUL3t5H","ObjectId":3891}},{"type":"Feature","id":3892,"geometry":{"type":"Point","coordinates":[-71.426272,42.932192]},"properties":{"site_name":"Enterprise Car Rental","other_site_names":null,"state":"New Hampshire","industry":"Unknown","matrix_type":"Groundwater","matrix":"Groundwater","year":2019,"pfoa":"57","pfos":"6","total_pfas":188,"pfas_level":188,"notes":null,"regulation_gvt_link":null,"resources_link":"https://www4.des.state.nh.us/DESOneStop/PRSDetail.aspx?ID=0006763&Type=PRS","suspected_source_link":"https://nhdes.maps.arcgis.com/apps/View/index.html?appid=66770bef141c43a98a445c54a17720e2&extent=-73.5743,42.5413,-69.6852,45.4509","pfas_testing_link":"https://www4.des.state.nh.us/IISProxy/IISProxy.dll?ContentId=4822546","site_ref_link":"https://drive.google.com/drive/u/0/folders/1r727UKCY7ZiC1uV80swF3fiUIyP-yQJH","state_ref_link":"https://drive.google.com/drive/u/0/folders/1RsSKYaEE8jqAw7pH05tDHRflkjUL3t5H","ObjectId":3892}},{"type":"Feature","id":3893,"geometry":{"type":"Point","coordinates":[-71.157342,44.789115]},"properties":{"site_name":"Errol Landfill","other_site_names":null,"state":"New Hampshire","industry":"Landfill","matrix_type":"Groundwater","matrix":"Groundwater","year":2019,"pfoa":"21","pfos":"6","total_pfas":null,"pfas_level":26,"notes":null,"regulation_gvt_link":null,"resources_link":"https://www4.des.state.nh.us/DESOneStop/PRSDetail.aspx?ID=0001800&Type=PRS","suspected_source_link":"https://nhdes.maps.arcgis.com/apps/View/index.html?appid=66770bef141c43a98a445c54a17720e2&extent=-73.5743,42.5413,-69.6852,45.4509","pfas_testing_link":"https://www4.des.state.nh.us/IISProxy/IISProxy.dll?ContentId=4813102","site_ref_link":"https://drive.google.com/drive/u/0/folders/11yEF8wxZB4lkpTQWpMBmoEV7UJSg6BoV","state_ref_link":"https://drive.google.com/drive/u/0/folders/1RsSKYaEE8jqAw7pH05tDHRflkjUL3t5H","ObjectId":3893}},{"type":"Feature","id":3894,"geometry":{"type":"Point","coordinates":[-71.52518,43.195335]},"properties":{"site_name":"Exit 13 Coal Tar Pond","other_site_names":null,"state":"New Hampshire","industry":"Industry","matrix_type":"Groundwater","matrix":"Groundwater","year":2019,"pfoa":"22","pfos":"63","total_pfas":74,"pfas_level":85,"notes":null,"regulation_gvt_link":null,"resources_link":"https://www4.des.state.nh.us/DESOneStop/PRSDetail.aspx?ID=0004042&Type=PRS","suspected_source_link":"https://nhdes.maps.arcgis.com/apps/View/index.html?appid=66770bef141c43a98a445c54a17720e2&extent=-73.5743,42.5413,-69.6852,45.4509","pfas_testing_link":"https://www4.des.state.nh.us/IISProxy/IISProxy.dll?ContentId=4844104","site_ref_link":"https://drive.google.com/drive/u/0/folders/17uVj2sCGN6WI3YOGrzHaXO2skje9cKbT","state_ref_link":"https://drive.google.com/drive/u/0/folders/1RsSKYaEE8jqAw7pH05tDHRflkjUL3t5H","ObjectId":3894}},{"type":"Feature","id":3895,"geometry":{"type":"Point","coordinates":[-71.677058,43.705161]},"properties":{"site_name":"Faran Property","other_site_names":null,"state":"New Hampshire","industry":"Unknown","matrix_type":"Groundwater","matrix":"Groundwater","year":2018,"pfoa":"5","pfos":null,"total_pfas":null,"pfas_level":5,"notes":null,"regulation_gvt_link":null,"resources_link":"https://www4.des.state.nh.us/DESOneStop/PRSDetail.aspx?ID=0035350&Type=PRS","suspected_source_link":"https://nhdes.maps.arcgis.com/apps/View/index.html?appid=66770bef141c43a98a445c54a17720e2&extent=-73.5743,42.5413,-69.6852,45.4509","pfas_testing_link":"https://www4.des.state.nh.us/IISProxy/IISProxy.dll?ContentId=4766198","site_ref_link":"https://drive.google.com/drive/u/0/folders/1VeUKxSxt5rDG7dkBG7Kfl4glJBX1251n","state_ref_link":"https://drive.google.com/drive/u/0/folders/1RsSKYaEE8jqAw7pH05tDHRflkjUL3t5H","ObjectId":3895}},{"type":"Feature","id":3896,"geometry":{"type":"Point","coordinates":[-71.040285,43.375484]},"properties":{"site_name":"Farmington Municipal Landfill","other_site_names":null,"state":"New Hampshire","industry":"Landfill","matrix_type":"Groundwater","matrix":"Groundwater","year":2020,"pfoa":"139","pfos":"240","total_pfas":996,"pfas_level":996,"notes":null,"regulation_gvt_link":null,"resources_link":"https://www4.des.state.nh.us/DESOneStop/PRSDetail.aspx?ID=0001803&Type=PRS","suspected_source_link":"https://nhdes.maps.arcgis.com/apps/View/index.html?appid=66770bef141c43a98a445c54a17720e2&extent=-73.5743,42.5413,-69.6852,45.4509","pfas_testing_link":"https://www4.des.state.nh.us/IISProxy/IISProxy.dll?ContentId=4849027","site_ref_link":"https://drive.google.com/drive/u/0/folders/1uvofFbqIU1p_l-JZ31m1uh_TMrUfalxj","state_ref_link":"https://drive.google.com/drive/u/0/folders/1RsSKYaEE8jqAw7pH05tDHRflkjUL3t5H","ObjectId":3896}},{"type":"Feature","id":3897,"geometry":{"type":"Point","coordinates":[-71.483308,42.769511]},"properties":{"site_name":"Fimbel Door Tannery Sludge Landfill","other_site_names":null,"state":"New Hampshire","industry":"Landfill","matrix_type":"Groundwater","matrix":"Groundwater","year":2018,"pfoa":"16","pfos":"4","total_pfas":13,"pfas_level":20,"notes":null,"regulation_gvt_link":null,"resources_link":"https://www4.des.state.nh.us/DESOneStop/PRSDetail.aspx?ID=0000405&Type=PRS","suspected_source_link":"https://nhdes.maps.arcgis.com/apps/View/index.html?appid=66770bef141c43a98a445c54a17720e2&extent=-73.5743,42.5413,-69.6852,45.4509","pfas_testing_link":"https://www4.des.state.nh.us/IISProxy/IISProxy.dll?ContentId=4759234","site_ref_link":"https://drive.google.com/drive/u/0/folders/1za5j3wM5V4_XoxSQfnivtvnxc7SiVXRv","state_ref_link":"https://drive.google.com/drive/u/0/folders/1RsSKYaEE8jqAw7pH05tDHRflkjUL3t5H","ObjectId":3897}},{"type":"Feature","id":3898,"geometry":{"type":"Point","coordinates":[-72.27089,42.930782]},"properties":{"site_name":"Findings Inc","other_site_names":null,"state":"New Hampshire","industry":"Industry","matrix_type":"Groundwater","matrix":"Groundwater","year":2019,"pfoa":"8","pfos":"3","total_pfas":25,"pfas_level":25,"notes":"Jewelry shop","regulation_gvt_link":null,"resources_link":"https://www4.des.state.nh.us/DESOneStop/PRSDetail.aspx?ID=0033819&Type=PRS","suspected_source_link":"https://nhdes.maps.arcgis.com/apps/View/index.html?appid=66770bef141c43a98a445c54a17720e2&extent=-73.5743,42.5413,-69.6852,45.4509","pfas_testing_link":"https://www4.des.state.nh.us/nh-pfas-investigation/wp-content/uploads/tables-pdf.pdf","site_ref_link":"https://drive.google.com/drive/u/0/folders/1vOu59QDlZOXkor_f_Hm-aWP19xa7e0o_","state_ref_link":"https://drive.google.com/drive/u/0/folders/1RsSKYaEE8jqAw7pH05tDHRflkjUL3t5H","ObjectId":3898}},{"type":"Feature","id":3899,"geometry":{"type":"Point","coordinates":[-71.431513,42.921562]},"properties":{"site_name":"Flight One","other_site_names":null,"state":"New Hampshire","industry":"Unknown","matrix_type":"Groundwater","matrix":"Groundwater","year":2018,"pfoa":"52","pfos":"17","total_pfas":110,"pfas_level":110,"notes":null,"regulation_gvt_link":null,"resources_link":"https://www4.des.state.nh.us/DESOneStop/PRSDetail.aspx?ID=0000500&Type=PRS","suspected_source_link":"https://nhdes.maps.arcgis.com/apps/View/index.html?appid=66770bef141c43a98a445c54a17720e2&extent=-73.5743,42.5413,-69.6852,45.4509","pfas_testing_link":"https://www4.des.state.nh.us/IISProxy/IISProxy.dll?ContentId=4802047","site_ref_link":"https://drive.google.com/drive/u/0/folders/1mkTnNCmoAVvGIZUehZgY607BM6FDoJTC","state_ref_link":"https://drive.google.com/drive/u/0/folders/1RsSKYaEE8jqAw7pH05tDHRflkjUL3t5H","ObjectId":3899}},{"type":"Feature","id":3900,"geometry":{"type":"Point","coordinates":[-72.383218,42.781778]},"properties":{"site_name":"Former A.C. Lawrence Tannery Site","other_site_names":null,"state":"New Hampshire","industry":"Landfill","matrix_type":"Groundwater","matrix":"Groundwater","year":2020,"pfoa":"96","pfos":"212","total_pfas":527,"pfas_level":527,"notes":null,"regulation_gvt_link":null,"resources_link":"https://www4.des.state.nh.us/DESOneStop/PRSDetail.aspx?ID=0002079&Type=PRS","suspected_source_link":"https://nhdes.maps.arcgis.com/apps/View/index.html?appid=66770bef141c43a98a445c54a17720e2&extent=-73.5743,42.5413,-69.6852,45.4509","pfas_testing_link":"https://www4.des.state.nh.us/nh-pfas-investigation/wp-content/uploads/tables-pdf.pdf","site_ref_link":"https://drive.google.com/drive/u/0/folders/1EjhhOZAgWGKh9wgjYjyF-U0XojdXgHA-","state_ref_link":"https://drive.google.com/drive/u/0/folders/1RsSKYaEE8jqAw7pH05tDHRflkjUL3t5H","ObjectId":3900}},{"type":"Feature","id":3901,"geometry":{"type":"Point","coordinates":[-71.473314,43.523241]},"properties":{"site_name":"Former ABC Fabricators","other_site_names":null,"state":"New Hampshire","industry":"Industry","matrix_type":"Groundwater","matrix":"Groundwater","year":2019,"pfoa":"16","pfos":"27","total_pfas":null,"pfas_level":43,"notes":null,"regulation_gvt_link":null,"resources_link":"https://www4.des.state.nh.us/DESOneStop/PRSDetail.aspx?ID=0028683&Type=PRS","suspected_source_link":"https://nhdes.maps.arcgis.com/apps/View/index.html?appid=66770bef141c43a98a445c54a17720e2&extent=-73.5743,42.5413,-69.6852,45.4509","pfas_testing_link":"https://www4.des.state.nh.us/nh-pfas-investigation/wp-content/uploads/tables-pdf.pdf","site_ref_link":"https://drive.google.com/drive/u/0/folders/1PDyT1HONRXx1hamcGLksPtjSbEn5czKX","state_ref_link":"https://drive.google.com/drive/u/0/folders/1RsSKYaEE8jqAw7pH05tDHRflkjUL3t5H","ObjectId":3901}},{"type":"Feature","id":3902,"geometry":{"type":"Point","coordinates":[-71.491713,42.738368]},"properties":{"site_name":"Former ACT","other_site_names":null,"state":"New Hampshire","industry":"Unknown","matrix_type":"Groundwater","matrix":"Groundwater","year":2018,"pfoa":"14","pfos":"37","total_pfas":66,"pfas_level":66,"notes":null,"regulation_gvt_link":null,"resources_link":"https://www4.des.state.nh.us/DESOneStop/PRSDetail.aspx?ID=0001774&Type=PRS","suspected_source_link":"https://nhdes.maps.arcgis.com/apps/View/index.html?appid=66770bef141c43a98a445c54a17720e2&extent=-73.5743,42.5413,-69.6852,45.4509","pfas_testing_link":"https://www4.des.state.nh.us/IISProxy/IISProxy.dll?ContentId=4743984","site_ref_link":"https://drive.google.com/drive/u/0/folders/1tSVtIovUn-dWSXGcEM2LHrAWUS9yd3FC","state_ref_link":"https://drive.google.com/drive/u/0/folders/1RsSKYaEE8jqAw7pH05tDHRflkjUL3t5H","ObjectId":3902}},{"type":"Feature","id":3903,"geometry":{"type":"Point","coordinates":[-70.971496,43.304029]},"properties":{"site_name":"Former Advanced Recycling","other_site_names":null,"state":"New Hampshire","industry":"Industry","matrix_type":"Groundwater","matrix":"Groundwater","year":2019,"pfoa":"63","pfos":"17","total_pfas":154,"pfas_level":154,"notes":null,"regulation_gvt_link":null,"resources_link":"https://www4.des.state.nh.us/DESOneStop/PRSDetail.aspx?ID=0016625&Type=PRS","suspected_source_link":"https://nhdes.maps.arcgis.com/apps/View/index.html?appid=66770bef141c43a98a445c54a17720e2&extent=-73.5743,42.5413,-69.6852,45.4509","pfas_testing_link":"https://www4.des.state.nh.us/nh-pfas-investigation/wp-content/uploads/tables-pdf.pdf","site_ref_link":"https://drive.google.com/drive/u/0/folders/1OaCY9uKLFIMYvzF3JgtRdwVH_QSstbsC","state_ref_link":"https://drive.google.com/drive/u/0/folders/1RsSKYaEE8jqAw7pH05tDHRflkjUL3t5H","ObjectId":3903}},{"type":"Feature","id":3904,"geometry":{"type":"Point","coordinates":[-71.718178,43.221318]},"properties":{"site_name":"Former Aerotronic Site","other_site_names":null,"state":"New Hampshire","industry":"Industry","matrix_type":"Groundwater","matrix":"Groundwater","year":2019,"pfoa":"167","pfos":"1530","total_pfas":2369,"pfas_level":2369,"notes":null,"regulation_gvt_link":null,"resources_link":"https://www4.des.state.nh.us/DESOneStop/PRSDetail.aspx?ID=0002866&Type=PRS","suspected_source_link":"https://nhdes.maps.arcgis.com/apps/View/index.html?appid=66770bef141c43a98a445c54a17720e2&extent=-73.5743,42.5413,-69.6852,45.4509","pfas_testing_link":"https://www4.des.state.nh.us/IISProxy/IISProxy.dll?ContentId=4822552","site_ref_link":"https://drive.google.com/drive/u/0/folders/1dqJoZk6WM61nxfAUGwhD00hLF7ZzIGL6","state_ref_link":"https://drive.google.com/drive/u/0/folders/1RsSKYaEE8jqAw7pH05tDHRflkjUL3t5H","ObjectId":3904}},{"type":"Feature","id":3905,"geometry":{"type":"Point","coordinates":[-71.599679,43.282171]},"properties":{"site_name":"Former Allied Leather Tannery","other_site_names":null,"state":"New Hampshire","industry":"Industry","matrix_type":"Groundwater","matrix":"Groundwater","year":2019,"pfoa":"18","pfos":"57","total_pfas":107,"pfas_level":107,"notes":null,"regulation_gvt_link":null,"resources_link":"https://www4.des.state.nh.us/DESOneStop/PRSDetail.aspx?ID=0012975&Type=PRS","suspected_source_link":"https://nhdes.maps.arcgis.com/apps/View/index.html?appid=66770bef141c43a98a445c54a17720e2&extent=-73.5743,42.5413,-69.6852,45.4509","pfas_testing_link":"https://www4.des.state.nh.us/IISProxy/IISProxy.dll?ContentId=4821249","site_ref_link":"https://drive.google.com/drive/u/0/folders/1gDKREFeHRU4pssCSmKdbGuqHbM_rsH4W","state_ref_link":"https://drive.google.com/drive/u/0/folders/1RsSKYaEE8jqAw7pH05tDHRflkjUL3t5H","ObjectId":3905}},{"type":"Feature","id":3906,"geometry":{"type":"Point","coordinates":[-70.773094,43.071564]},"properties":{"site_name":"Former Alltex Uniform","other_site_names":"Colonial Services Site","state":"New Hampshire","industry":"Industry","matrix_type":"Groundwater","matrix":"Groundwater","year":2020,"pfoa":"160","pfos":"800","total_pfas":1101,"pfas_level":1101,"notes":null,"regulation_gvt_link":null,"resources_link":"https://www4.des.state.nh.us/DESOneStop/PRSDetail.aspx?ID=0008283&Type=PRS","suspected_source_link":"https://nhdes.maps.arcgis.com/apps/View/index.html?appid=66770bef141c43a98a445c54a17720e2&extent=-73.5743,42.5413,-69.6852,45.4509","pfas_testing_link":"https://www4.des.state.nh.us/IISProxy/IISProxy.dll?ContentId=4788376","site_ref_link":"https://drive.google.com/drive/u/0/folders/1wyKWSS4wZO4T_KHFstoMtW-Be8jefMWi","state_ref_link":"https://drive.google.com/drive/u/0/folders/1RsSKYaEE8jqAw7pH05tDHRflkjUL3t5H","ObjectId":3906}},{"type":"Feature","id":3907,"geometry":{"type":"Point","coordinates":[-70.785887,43.033096]},"properties":{"site_name":"Former Bournival Kia Site","other_site_names":null,"state":"New Hampshire","industry":"Industry","matrix_type":"Groundwater","matrix":"Groundwater","year":2018,"pfoa":"17","pfos":"25","total_pfas":98,"pfas_level":98,"notes":null,"regulation_gvt_link":null,"resources_link":"https://www4.des.state.nh.us/DESOneStop/PRSDetail.aspx?ID=0025065&Type=PRS","suspected_source_link":"https://nhdes.maps.arcgis.com/apps/View/index.html?appid=66770bef141c43a98a445c54a17720e2&extent=-73.5743,42.5413,-69.6852,45.4509","pfas_testing_link":"https://www4.des.state.nh.us/IISProxy/IISProxy.dll?ContentId=4788376","site_ref_link":"https://drive.google.com/drive/u/0/folders/1QkWShGjmt22M1Cxb2Vgzc0HwlqoNJbIp","state_ref_link":"https://drive.google.com/drive/u/0/folders/1RsSKYaEE8jqAw7pH05tDHRflkjUL3t5H","ObjectId":3907}},{"type":"Feature","id":3908,"geometry":{"type":"Point","coordinates":[-71.450158,43.512603]},"properties":{"site_name":"Former Burn Dump","other_site_names":null,"state":"New Hampshire","industry":"Waste","matrix_type":"Groundwater","matrix":"Groundwater","year":2018,"pfoa":"7","pfos":"5","total_pfas":82,"pfas_level":82,"notes":null,"regulation_gvt_link":null,"resources_link":"https://www4.des.state.nh.us/DESOneStop/PRSDetail.aspx?ID=0013055&Type=PRS","suspected_source_link":"https://nhdes.maps.arcgis.com/apps/View/index.html?appid=66770bef141c43a98a445c54a17720e2&extent=-73.5743,42.5413,-69.6852,45.4509","pfas_testing_link":"https://www4.des.state.nh.us/IISProxy/IISProxy.dll?ContentId=4756005","site_ref_link":"https://drive.google.com/drive/u/0/folders/19OCwHREcH4Ii8cf6R0EWJWjKNx9Tw4G3","state_ref_link":"https://drive.google.com/drive/u/0/folders/1RsSKYaEE8jqAw7pH05tDHRflkjUL3t5H","ObjectId":3908}},{"type":"Feature","id":3909,"geometry":{"type":"Point","coordinates":[-71.65028,43.442839]},"properties":{"site_name":"Former Ciao Pasta","other_site_names":null,"state":"New Hampshire","industry":"Unknown","matrix_type":"Groundwater","matrix":"Groundwater","year":2018,"pfoa":"120","pfos":"200","total_pfas":790,"pfas_level":790,"notes":null,"regulation_gvt_link":null,"resources_link":"https://www4.des.state.nh.us/DESOneStop/PRSDetail.aspx?ID=0037800&Type=PRS","suspected_source_link":"https://nhdes.maps.arcgis.com/apps/View/index.html?appid=66770bef141c43a98a445c54a17720e2&extent=-73.5743,42.5413,-69.6852,45.4509","pfas_testing_link":"https://www4.des.state.nh.us/IISProxy/IISProxy.dll?ContentId=4783973","site_ref_link":"https://drive.google.com/drive/u/0/folders/1fKrYDpYWsi9fyEpLi30Q56DkzrtFueMX","state_ref_link":"https://drive.google.com/drive/u/0/folders/1RsSKYaEE8jqAw7pH05tDHRflkjUL3t5H","ObjectId":3909}},{"type":"Feature","id":3910,"geometry":{"type":"Point","coordinates":[-70.899351,43.186748]},"properties":{"site_name":"Former Collins & Aikman TEG Facility","other_site_names":"Collins & Aikman Plant (Former)","state":"New Hampshire","industry":"Industry","matrix_type":"Groundwater","matrix":"Groundwater","year":2018,"pfoa":"4","pfos":"29","total_pfas":39,"pfas_level":39,"notes":null,"regulation_gvt_link":null,"resources_link":"https://www4.des.state.nh.us/DESOneStop/PRSDetail.aspx?ID=0013955&Type=PRS","suspected_source_link":"https://nhdes.maps.arcgis.com/apps/View/index.html?appid=66770bef141c43a98a445c54a17720e2&extent=-73.5743,42.5413,-69.6852,45.4509","pfas_testing_link":"https://www4.des.state.nh.us/IISProxy/IISProxy.dll?ContentId=4850175","site_ref_link":"https://drive.google.com/drive/u/0/folders/1mhJHEn07vZCheS4lfiy5g-ytPVD68dTu","state_ref_link":"https://drive.google.com/drive/u/0/folders/1RsSKYaEE8jqAw7pH05tDHRflkjUL3t5H","ObjectId":3910}},{"type":"Feature","id":3911,"geometry":{"type":"Point","coordinates":[-72.033743,44.14611]},"properties":{"site_name":"Former Cray Oil Facility","other_site_names":null,"state":"New Hampshire","industry":"Industry","matrix_type":"Groundwater","matrix":"Groundwater","year":2018,"pfoa":null,"pfos":"24","total_pfas":null,"pfas_level":24,"notes":null,"regulation_gvt_link":null,"resources_link":"https://www4.des.state.nh.us/DESOneStop/PRSDetail.aspx?ID=0013105&Type=PRS","suspected_source_link":"https://nhdes.maps.arcgis.com/apps/View/index.html?appid=66770bef141c43a98a445c54a17720e2&extent=-73.5743,42.5413,-69.6852,45.4509","pfas_testing_link":"https://www4.des.state.nh.us/IISProxy/IISProxy.dll?ContentId=4751078","site_ref_link":"https://drive.google.com/drive/u/0/folders/1HeXBFIlHdnNEvJjDLVeLHx1uqTYkSO6C","state_ref_link":"https://drive.google.com/drive/u/0/folders/1RsSKYaEE8jqAw7pH05tDHRflkjUL3t5H","ObjectId":3911}},{"type":"Feature","id":3912,"geometry":{"type":"Point","coordinates":[-72.137343,43.375182]},"properties":{"site_name":"Former Dorr Woolen Facility","other_site_names":null,"state":"New Hampshire","industry":"Industry","matrix_type":"Groundwater","matrix":"Groundwater","year":2018,"pfoa":"1960","pfos":"17","total_pfas":5324,"pfas_level":5324,"notes":null,"regulation_gvt_link":null,"resources_link":"https://www4.des.state.nh.us/DESOneStop/PRSDetail.aspx?ID=0013297&Type=PRS","suspected_source_link":"https://nhdes.maps.arcgis.com/apps/View/index.html?appid=66770bef141c43a98a445c54a17720e2&extent=-73.5743,42.5413,-69.6852,45.4509","pfas_testing_link":"https://www4.des.state.nh.us/IISProxy/IISProxy.dll?ContentId=4758774","site_ref_link":"https://drive.google.com/drive/u/0/folders/1SR_jVhvHmIzELzfveh8waKBgJ2D5xRKM","state_ref_link":"https://drive.google.com/drive/u/0/folders/1RsSKYaEE8jqAw7pH05tDHRflkjUL3t5H","ObjectId":3912}},{"type":"Feature","id":3913,"geometry":{"type":"Point","coordinates":[-71.491682,43.546486]},"properties":{"site_name":"Former EleCentero-Circuits","other_site_names":null,"state":"New Hampshire","industry":"Industry","matrix_type":"Groundwater","matrix":"Groundwater","year":2020,"pfoa":"32","pfos":"170","total_pfas":885,"pfas_level":885,"notes":null,"regulation_gvt_link":null,"resources_link":"https://www4.des.state.nh.us/DESOneStop/PRSDetail.aspx?ID=0000914&Type=PRS","suspected_source_link":"https://nhdes.maps.arcgis.com/apps/View/index.html?appid=66770bef141c43a98a445c54a17720e2&extent=-73.5743,42.5413,-69.6852,45.4509","pfas_testing_link":"https://www4.des.state.nh.us/IISProxy/IISProxy.dll?ContentId=4851642","site_ref_link":"https://drive.google.com/drive/u/0/folders/1CWoWH3wqVWfSVBDmlUNrj2Rt8_JNdN1N","state_ref_link":"https://drive.google.com/drive/u/0/folders/1RsSKYaEE8jqAw7pH05tDHRflkjUL3t5H","ObjectId":3913}},{"type":"Feature","id":3914,"geometry":{"type":"Point","coordinates":[-71.48791,42.756553]},"properties":{"site_name":"Former Elexsys International","other_site_names":null,"state":"New Hampshire","industry":"Unknown","matrix_type":"Groundwater","matrix":"Groundwater","year":2019,"pfoa":"46","pfos":"61","total_pfas":139,"pfas_level":139,"notes":null,"regulation_gvt_link":null,"resources_link":"https://www4.des.state.nh.us/DESOneStop/PRSDetail.aspx?ID=0003584&Type=PRS","suspected_source_link":"https://nhdes.maps.arcgis.com/apps/View/index.html?appid=66770bef141c43a98a445c54a17720e2&extent=-73.5743,42.5413,-69.6852,45.4509","pfas_testing_link":"https://www4.des.state.nh.us/nh-pfas-investigation/wp-content/uploads/tables-pdf.pdf","site_ref_link":"https://drive.google.com/drive/u/0/folders/18pk2o0wScICirH6UZfcOOUeJ9df0J8Hu","state_ref_link":"https://drive.google.com/drive/u/0/folders/1RsSKYaEE8jqAw7pH05tDHRflkjUL3t5H","ObjectId":3914}},{"type":"Feature","id":3915,"geometry":{"type":"Point","coordinates":[-72.019988,42.815777]},"properties":{"site_name":"Former Elite Laundry Site","other_site_names":null,"state":"New Hampshire","industry":"Industry","matrix_type":"Groundwater","matrix":"Groundwater","year":2017,"pfoa":"26","pfos":"110","total_pfas":158,"pfas_level":158,"notes":null,"regulation_gvt_link":null,"resources_link":"https://www4.des.state.nh.us/DESOneStop/PRSDetail.aspx?ID=0009307&Type=PRS","suspected_source_link":"https://nhdes.maps.arcgis.com/apps/View/index.html?appid=66770bef141c43a98a445c54a17720e2&extent=-73.5743,42.5413,-69.6852,45.4509","pfas_testing_link":"https://www4.des.state.nh.us/IISProxy/IISProxy.dll?ContentId=4671659","site_ref_link":"https://drive.google.com/drive/u/0/folders/1w0pu6gW3pAfoUedqBT7bdr96cmViL3Yo","state_ref_link":"https://drive.google.com/drive/u/0/folders/1RsSKYaEE8jqAw7pH05tDHRflkjUL3t5H","ObjectId":3915}},{"type":"Feature","id":3916,"geometry":{"type":"Point","coordinates":[-70.860984,43.173415]},"properties":{"site_name":"Former Elliot Rose Landfill","other_site_names":null,"state":"New Hampshire","industry":"Landfill","matrix_type":"Groundwater","matrix":"Groundwater","year":2018,"pfoa":"42","pfos":"520","total_pfas":546,"pfas_level":562,"notes":null,"regulation_gvt_link":null,"resources_link":"https://www4.des.state.nh.us/DESOneStop/PRSDetail.aspx?ID=0037945&Type=PRS","suspected_source_link":"https://nhdes.maps.arcgis.com/apps/View/index.html?appid=66770bef141c43a98a445c54a17720e2&extent=-73.5743,42.5413,-69.6852,45.4509","pfas_testing_link":"https://www4.des.state.nh.us/IISProxy/IISProxy.dll?ContentId=4734099","site_ref_link":"https://drive.google.com/drive/u/0/folders/1b06YuJd0PPXVCoPQsvw_uQ5DMJ9Dkwo-","state_ref_link":"https://drive.google.com/drive/u/0/folders/1RsSKYaEE8jqAw7pH05tDHRflkjUL3t5H","ObjectId":3916}},{"type":"Feature","id":3917,"geometry":{"type":"Point","coordinates":[-71.540611,43.4795]},"properties":{"site_name":"Former Fluffy's Convenience Store","other_site_names":null,"state":"New Hampshire","industry":"Unknown","matrix_type":"Groundwater","matrix":"Groundwater","year":2018,"pfoa":"2","pfos":"5","total_pfas":103,"pfas_level":103,"notes":null,"regulation_gvt_link":null,"resources_link":"https://www4.des.state.nh.us/DESOneStop/PRSDetail.aspx?ID=0001473&Type=PRS","suspected_source_link":"https://nhdes.maps.arcgis.com/apps/View/index.html?appid=66770bef141c43a98a445c54a17720e2&extent=-73.5743,42.5413,-69.6852,45.4509","pfas_testing_link":"https://www4.des.state.nh.us/IISProxy/IISProxy.dll?ContentId=4746254","site_ref_link":"https://drive.google.com/drive/u/0/folders/1vi0diCv9duOddK1pMaWpC9nQEFr3_rCW","state_ref_link":"https://drive.google.com/drive/u/0/folders/1RsSKYaEE8jqAw7pH05tDHRflkjUL3t5H","ObjectId":3917}},{"type":"Feature","id":3918,"geometry":{"type":"Point","coordinates":[-70.745979,43.045729]},"properties":{"site_name":"Former Foye's Corner Market Property","other_site_names":null,"state":"New Hampshire","industry":"Unknown","matrix_type":"Groundwater","matrix":"Groundwater","year":2020,"pfoa":"40","pfos":"7","total_pfas":260,"pfas_level":260,"notes":null,"regulation_gvt_link":null,"resources_link":"https://www4.des.state.nh.us/DESOneStop/PRSDetail.aspx?ID=0010683&Type=PRS","suspected_source_link":"https://nhdes.maps.arcgis.com/apps/View/index.html?appid=66770bef141c43a98a445c54a17720e2&extent=-73.5743,42.5413,-69.6852,45.4509","pfas_testing_link":"https://www4.des.state.nh.us/IISProxy/IISProxy.dll?ContentId=4788376","site_ref_link":"https://drive.google.com/drive/u/0/folders/1OY-XcCu9jCkPtgprOEzx58P36S0Bqgcn","state_ref_link":"https://drive.google.com/drive/u/0/folders/1RsSKYaEE8jqAw7pH05tDHRflkjUL3t5H","ObjectId":3918}},{"type":"Feature","id":3919,"geometry":{"type":"Point","coordinates":[-72.025288,44.092138]},"properties":{"site_name":"Former Gary's Fuels","other_site_names":null,"state":"New Hampshire","industry":"Unknown","matrix_type":"Groundwater","matrix":"Groundwater","year":2018,"pfoa":"376","pfos":null,"total_pfas":2163,"pfas_level":2163,"notes":null,"regulation_gvt_link":null,"resources_link":"https://www4.des.state.nh.us/DESOneStop/PRSDetail.aspx?ID=0038737&Type=PRS","suspected_source_link":"https://nhdes.maps.arcgis.com/apps/View/index.html?appid=66770bef141c43a98a445c54a17720e2&extent=-73.5743,42.5413,-69.6852,45.4509","pfas_testing_link":"https://www4.des.state.nh.us/IISProxy/IISProxy.dll?ContentId=4723536","site_ref_link":"https://drive.google.com/drive/u/0/folders/1lPvB8IgF9p5K97bfg7VCcjeKGX3AVpHF","state_ref_link":"https://drive.google.com/drive/u/0/folders/1RsSKYaEE8jqAw7pH05tDHRflkjUL3t5H","ObjectId":3919}},{"type":"Feature","id":3920,"geometry":{"type":"Point","coordinates":[-71.525469,43.17673]},"properties":{"site_name":"Former Graphic Packaging International","other_site_names":null,"state":"New Hampshire","industry":"Industry","matrix_type":"Groundwater","matrix":"Groundwater","year":2018,"pfoa":"8","pfos":"5","total_pfas":57,"pfas_level":57,"notes":null,"regulation_gvt_link":null,"resources_link":"https://www4.des.state.nh.us/DESOneStop/PRSDetail.aspx?ID=0000336&Type=PRS","suspected_source_link":"https://nhdes.maps.arcgis.com/apps/View/index.html?appid=66770bef141c43a98a445c54a17720e2&extent=-73.5743,42.5413,-69.6852,45.4509","pfas_testing_link":"https://www4.des.state.nh.us/IISProxy/IISProxy.dll?ContentId=4749162","site_ref_link":"https://drive.google.com/drive/u/0/folders/1iRyewWrzQy58FxmoWZPJAyyTKIQBYWms","state_ref_link":"https://drive.google.com/drive/u/0/folders/1RsSKYaEE8jqAw7pH05tDHRflkjUL3t5H","ObjectId":3920}},{"type":"Feature","id":3921,"geometry":{"type":"Point","coordinates":[-71.751832,44.209124]},"properties":{"site_name":"Former Hunt's Auto","other_site_names":null,"state":"New Hampshire","industry":"Unknown","matrix_type":"Groundwater","matrix":"Groundwater","year":2019,"pfoa":"127","pfos":"734","total_pfas":1422,"pfas_level":1422,"notes":null,"regulation_gvt_link":null,"resources_link":"https://www4.des.state.nh.us/DESOneStop/PRSDetail.aspx?ID=0038738&Type=PRS","suspected_source_link":"https://nhdes.maps.arcgis.com/apps/View/index.html?appid=66770bef141c43a98a445c54a17720e2&extent=-73.5743,42.5413,-69.6852,45.4509","pfas_testing_link":"https://www4.des.state.nh.us/IISProxy/IISProxy.dll?ContentId=4823737","site_ref_link":"https://drive.google.com/drive/u/0/folders/1NsR4z4uWhJP8aJH2CLzGmCsGeMXEsm2x","state_ref_link":"https://drive.google.com/drive/u/0/folders/1RsSKYaEE8jqAw7pH05tDHRflkjUL3t5H","ObjectId":3921}},{"type":"Feature","id":3922,"geometry":{"type":"Point","coordinates":[-71.528984,43.196443]},"properties":{"site_name":"Former Johnson & Dix Bulk Oil Facility","other_site_names":null,"state":"New Hampshire","industry":"Industry","matrix_type":"Groundwater","matrix":"Groundwater","year":2020,"pfoa":"42","pfos":"10","total_pfas":193,"pfas_level":193,"notes":null,"regulation_gvt_link":null,"resources_link":"https://www4.des.state.nh.us/DESOneStop/PRSDetail.aspx?ID=0010087&Type=PRS","suspected_source_link":"https://nhdes.maps.arcgis.com/apps/View/index.html?appid=66770bef141c43a98a445c54a17720e2&extent=-73.5743,42.5413,-69.6852,45.4509","pfas_testing_link":"https://www4.des.state.nh.us/IISProxy/IISProxy.dll?ContentId=4849952","site_ref_link":"https://drive.google.com/drive/u/0/folders/15tXmxQ--kr7IP_phy5xW5XPaPFTMNbb7","state_ref_link":"https://drive.google.com/drive/u/0/folders/1RsSKYaEE8jqAw7pH05tDHRflkjUL3t5H","ObjectId":3922}},{"type":"Feature","id":3923,"geometry":{"type":"Point","coordinates":[-71.184166,42.858761]},"properties":{"site_name":"Former Johnson & Johnson Facility","other_site_names":null,"state":"New Hampshire","industry":"Industry","matrix_type":"Groundwater","matrix":"Groundwater","year":2020,"pfoa":"11","pfos":"45","total_pfas":63,"pfas_level":63,"notes":null,"regulation_gvt_link":null,"resources_link":"https://www4.des.state.nh.us/DESOneStop/PRSDetail.aspx?ID=0009771&Type=PRS","suspected_source_link":"https://nhdes.maps.arcgis.com/apps/View/index.html?appid=66770bef141c43a98a445c54a17720e2&extent=-73.5743,42.5413,-69.6852,45.4509","pfas_testing_link":"https://www4.des.state.nh.us/nh-pfas-investigation/wp-content/uploads/tables-pdf.pdf","site_ref_link":"https://drive.google.com/drive/u/0/folders/18oihiLHlItqytbqK9GiQO9i_gYRb3HCW","state_ref_link":"https://drive.google.com/drive/u/0/folders/1RsSKYaEE8jqAw7pH05tDHRflkjUL3t5H","ObjectId":3923}},{"type":"Feature","id":3924,"geometry":{"type":"Point","coordinates":[-71.207149,42.749224]},"properties":{"site_name":"Former Key Packaging Industries Corp","other_site_names":null,"state":"New Hampshire","industry":"Industry","matrix_type":"Groundwater","matrix":"Groundwater","year":2020,"pfoa":"25","pfos":"13","total_pfas":69,"pfas_level":69,"notes":null,"regulation_gvt_link":null,"resources_link":"https://www4.des.state.nh.us/DESOneStop/PRSDetail.aspx?ID=0034201&Type=PRS","suspected_source_link":"https://nhdes.maps.arcgis.com/apps/View/index.html?appid=66770bef141c43a98a445c54a17720e2&extent=-73.5743,42.5413,-69.6852,45.4509","pfas_testing_link":"https://www4.des.state.nh.us/nh-pfas-investigation/wp-content/uploads/tables-pdf.pdf","site_ref_link":"https://drive.google.com/drive/u/0/folders/1FSjBYTOpQdezI5SowUDMy8UnPXsq5oUu","state_ref_link":"https://drive.google.com/drive/u/0/folders/1RsSKYaEE8jqAw7pH05tDHRflkjUL3t5H","ObjectId":3924}},{"type":"Feature","id":3925,"geometry":{"type":"Point","coordinates":[-71.630147,43.693718]},"properties":{"site_name":"Former L.W. Packard Mill","other_site_names":null,"state":"New Hampshire","industry":"Industry","matrix_type":"Groundwater","matrix":"Groundwater","year":2018,"pfoa":"44","pfos":"12","total_pfas":91,"pfas_level":91,"notes":null,"regulation_gvt_link":null,"resources_link":"https://www4.des.state.nh.us/DESOneStop/PRSDetail.aspx?ID=0034995&Type=PRS","suspected_source_link":"https://nhdes.maps.arcgis.com/apps/View/index.html?appid=66770bef141c43a98a445c54a17720e2&extent=-73.5743,42.5413,-69.6852,45.4509","pfas_testing_link":"https://www4.des.state.nh.us/IISProxy/IISProxy.dll?ContentId=4727256","site_ref_link":"https://drive.google.com/drive/u/0/folders/1Pw7TVstyhaUKKQ929a2RNEFeW3cFF0qP","state_ref_link":"https://drive.google.com/drive/u/0/folders/1RsSKYaEE8jqAw7pH05tDHRflkjUL3t5H","ObjectId":3925}},{"type":"Feature","id":3926,"geometry":{"type":"Point","coordinates":[-71.392379,42.91955]},"properties":{"site_name":"Former LeClair Property","other_site_names":null,"state":"New Hampshire","industry":"Unknown","matrix_type":"Groundwater","matrix":"Groundwater","year":2018,"pfoa":"49","pfos":"13","total_pfas":172,"pfas_level":172,"notes":null,"regulation_gvt_link":null,"resources_link":"https://www4.des.state.nh.us/DESOneStop/PRSDetail.aspx?ID=0038715&Type=PRS","suspected_source_link":"https://nhdes.maps.arcgis.com/apps/View/index.html?appid=66770bef141c43a98a445c54a17720e2&extent=-73.5743,42.5413,-69.6852,45.4509","pfas_testing_link":"https://www4.des.state.nh.us/IISProxy/IISProxy.dll?ContentId=4743977","site_ref_link":"https://drive.google.com/drive/u/0/folders/1sgfwuf1w7KUCmDiUS0DFLDNZ9TANoQRf","state_ref_link":"https://drive.google.com/drive/u/0/folders/1RsSKYaEE8jqAw7pH05tDHRflkjUL3t5H","ObjectId":3926}},{"type":"Feature","id":3927,"geometry":{"type":"Point","coordinates":[-72.204081,43.208748]},"properties":{"site_name":"Former Lempster Landfill","other_site_names":null,"state":"New Hampshire","industry":"Landfill","matrix_type":"Groundwater","matrix":"Groundwater","year":2020,"pfoa":"10","pfos":"41","total_pfas":62,"pfas_level":62,"notes":null,"regulation_gvt_link":null,"resources_link":"https://www4.des.state.nh.us/DESOneStop/PRSDetail.aspx?ID=0000045&Type=PRS","suspected_source_link":"https://nhdes.maps.arcgis.com/apps/View/index.html?appid=66770bef141c43a98a445c54a17720e2&extent=-73.5743,42.5413,-69.6852,45.4509","pfas_testing_link":"https://www4.des.state.nh.us/IISProxy/IISProxy.dll?ContentId=4849029","site_ref_link":"https://drive.google.com/drive/u/0/folders/146WluYdqsRS0XJJ32w6kxubaw4IHoa4b","state_ref_link":"https://drive.google.com/drive/u/0/folders/1RsSKYaEE8jqAw7pH05tDHRflkjUL3t5H","ObjectId":3927}},{"type":"Feature","id":3928,"geometry":{"type":"Point","coordinates":[-72.476958,42.788124]},"properties":{"site_name":"Former McGoldrick Property","other_site_names":null,"state":"New Hampshire","industry":"Unknown","matrix_type":"Groundwater","matrix":"Groundwater","year":2019,"pfoa":"24","pfos":"280","total_pfas":335,"pfas_level":335,"notes":null,"regulation_gvt_link":null,"resources_link":"https://www4.des.state.nh.us/DESOneStop/PRSDetail.aspx?ID=0038658&Type=PRS","suspected_source_link":"https://nhdes.maps.arcgis.com/apps/View/index.html?appid=66770bef141c43a98a445c54a17720e2&extent=-73.5743,42.5413,-69.6852,45.4509","pfas_testing_link":"https://www4.des.state.nh.us/IISProxy/IISProxy.dll?ContentId=4795789","site_ref_link":"https://drive.google.com/drive/u/0/folders/1KIfFu9FVjBCejiR9rlxS9A4oFHnLEoau","state_ref_link":"https://drive.google.com/drive/u/0/folders/1RsSKYaEE8jqAw7pH05tDHRflkjUL3t5H","ObjectId":3928}},{"type":"Feature","id":3929,"geometry":{"type":"Point","coordinates":[-70.930786,42.888132]},"properties":{"site_name":"Former Midway Excavators","other_site_names":null,"state":"New Hampshire","industry":"Industry","matrix_type":"Groundwater","matrix":"Groundwater","year":2019,"pfoa":"16","pfos":"12","total_pfas":141,"pfas_level":141,"notes":null,"regulation_gvt_link":null,"resources_link":"https://www4.des.state.nh.us/DESOneStop/PRSDetail.aspx?ID=0015238&Type=PRS","suspected_source_link":"https://nhdes.maps.arcgis.com/apps/View/index.html?appid=66770bef141c43a98a445c54a17720e2&extent=-73.5743,42.5413,-69.6852,45.4509","pfas_testing_link":"https://www4.des.state.nh.us/IISProxy/IISProxy.dll?ContentId=4757250","site_ref_link":"https://drive.google.com/drive/u/0/folders/1igFbZ74OQ5_px975U1jer_40jF6fbCjT","state_ref_link":"https://drive.google.com/drive/u/0/folders/1RsSKYaEE8jqAw7pH05tDHRflkjUL3t5H","ObjectId":3929}},{"type":"Feature","id":3930,"geometry":{"type":"Point","coordinates":[-71.45424,42.94691]},"properties":{"site_name":"Former Moore Business Forms","other_site_names":null,"state":"New Hampshire","industry":"Unknown","matrix_type":"Groundwater","matrix":"Groundwater","year":2019,"pfoa":"129","pfos":"17","total_pfas":136,"pfas_level":146,"notes":null,"regulation_gvt_link":null,"resources_link":"https://www4.des.state.nh.us/DESOneStop/PRSDetail.aspx?ID=0000048&Type=PRS","suspected_source_link":"https://nhdes.maps.arcgis.com/apps/View/index.html?appid=66770bef141c43a98a445c54a17720e2&extent=-73.5743,42.5413,-69.6852,45.4509","pfas_testing_link":"https://www4.des.state.nh.us/IISProxy/IISProxy.dll?ContentId=4823594","site_ref_link":"https://drive.google.com/drive/u/0/folders/1KqT2o9yZDkorRx8UWY75lIuOSbt5iqT8","state_ref_link":"https://drive.google.com/drive/u/0/folders/1RsSKYaEE8jqAw7pH05tDHRflkjUL3t5H","ObjectId":3930}},{"type":"Feature","id":3931,"geometry":{"type":"Point","coordinates":[-71.409669,43.768374]},"properties":{"site_name":"Former Moultonborough Town Landfill","other_site_names":null,"state":"New Hampshire","industry":"Landfill","matrix_type":"Groundwater","matrix":"Groundwater","year":2020,"pfoa":"277","pfos":"601","total_pfas":1193,"pfas_level":1193,"notes":null,"regulation_gvt_link":null,"resources_link":"https://www4.des.state.nh.us/DESOneStop/PRSDetail.aspx?ID=0000281&Type=PRS","suspected_source_link":"https://nhdes.maps.arcgis.com/apps/View/index.html?appid=66770bef141c43a98a445c54a17720e2&extent=-73.5743,42.5413,-69.6852,45.4509","pfas_testing_link":"https://www4.des.state.nh.us/nh-pfas-investigation/wp-content/uploads/tables-pdf.pdf","site_ref_link":"https://drive.google.com/drive/u/0/folders/1vHk6Fv1Lkwxf7w54dkbniPJZs4SRjubr","state_ref_link":"https://drive.google.com/drive/u/0/folders/1RsSKYaEE8jqAw7pH05tDHRflkjUL3t5H","ObjectId":3931}},{"type":"Feature","id":3932,"geometry":{"type":"Point","coordinates":[-71.497602,42.777906]},"properties":{"site_name":"Former Nashua Motor Express","other_site_names":null,"state":"New Hampshire","industry":"Industry","matrix_type":"Groundwater","matrix":"Groundwater","year":2019,"pfoa":"36","pfos":"34","total_pfas":146,"pfas_level":146,"notes":null,"regulation_gvt_link":null,"resources_link":"https://www4.des.state.nh.us/DESOneStop/PRSDetail.aspx?ID=0031232&Type=PRS","suspected_source_link":"https://nhdes.maps.arcgis.com/apps/View/index.html?appid=66770bef141c43a98a445c54a17720e2&extent=-73.5743,42.5413,-69.6852,45.4509","pfas_testing_link":"https://www4.des.state.nh.us/IISProxy/IISProxy.dll?ContentId=4807919","site_ref_link":"https://drive.google.com/drive/u/0/folders/18MTs48dptDnVGtZb69KwlakV5G8NA0qG","state_ref_link":"https://drive.google.com/drive/u/0/folders/1RsSKYaEE8jqAw7pH05tDHRflkjUL3t5H","ObjectId":3932}},{"type":"Feature","id":3933,"geometry":{"type":"Point","coordinates":[-71.474577,42.801328]},"properties":{"site_name":"Former Nashua Site","other_site_names":null,"state":"New Hampshire","industry":"Unknown","matrix_type":"Groundwater","matrix":"Groundwater","year":2019,"pfoa":"68","pfos":"520","total_pfas":2975,"pfas_level":2975,"notes":null,"regulation_gvt_link":null,"resources_link":"https://www4.des.state.nh.us/DESOneStop/PRSDetail.aspx?ID=0000423&Type=PRS","suspected_source_link":"https://nhdes.maps.arcgis.com/apps/View/index.html?appid=66770bef141c43a98a445c54a17720e2&extent=-73.5743,42.5413,-69.6852,45.4509","pfas_testing_link":"https://www4.des.state.nh.us/IISProxy/IISProxy.dll?ContentId=4826253","site_ref_link":"https://drive.google.com/drive/u/0/folders/1pLpL9dzjK0RpfEVRsNLX-7y0THujVH9Y","state_ref_link":"https://drive.google.com/drive/u/0/folders/1RsSKYaEE8jqAw7pH05tDHRflkjUL3t5H","ObjectId":3933}},{"type":"Feature","id":3934,"geometry":{"type":"Point","coordinates":[-71.955123,43.270548]},"properties":{"site_name":"Former Naughton Landfill","other_site_names":null,"state":"New Hampshire","industry":"Landfill","matrix_type":"Groundwater","matrix":"Groundwater","year":2019,"pfoa":"57","pfos":"52","total_pfas":145,"pfas_level":145,"notes":null,"regulation_gvt_link":null,"resources_link":"https://www4.des.state.nh.us/DESOneStop/PRSDetail.aspx?ID=0001741&Type=PRS","suspected_source_link":"https://nhdes.maps.arcgis.com/apps/View/index.html?appid=66770bef141c43a98a445c54a17720e2&extent=-73.5743,42.5413,-69.6852,45.4509","pfas_testing_link":"https://www4.des.state.nh.us/IISProxy/IISProxy.dll?ContentId=4821951","site_ref_link":"https://drive.google.com/drive/u/0/folders/1tGD4XDdCknASGGhsuIsQt7Cno7k7ijdc","state_ref_link":"https://drive.google.com/drive/u/0/folders/1RsSKYaEE8jqAw7pH05tDHRflkjUL3t5H","ObjectId":3934}},{"type":"Feature","id":3935,"geometry":{"type":"Point","coordinates":[-70.773608,43.070168]},"properties":{"site_name":"Former Philip Singer Revocable Trust","other_site_names":null,"state":"New Hampshire","industry":"Unknown","matrix_type":"Groundwater","matrix":"Groundwater","year":2018,"pfoa":"27","pfos":"11","total_pfas":210,"pfas_level":210,"notes":null,"regulation_gvt_link":null,"resources_link":"https://www4.des.state.nh.us/DESOneStop/PRSDetail.aspx?ID=0037989&Type=PRS","suspected_source_link":"https://nhdes.maps.arcgis.com/apps/View/index.html?appid=66770bef141c43a98a445c54a17720e2&extent=-73.5743,42.5413,-69.6852,45.4509","pfas_testing_link":"https://www4.des.state.nh.us/IISProxy/IISProxy.dll?ContentId=4755164","site_ref_link":"https://drive.google.com/drive/u/0/folders/14VII9tylrP0conKIA17kKSGFIPD6hwMZ","state_ref_link":"https://drive.google.com/drive/u/0/folders/1RsSKYaEE8jqAw7pH05tDHRflkjUL3t5H","ObjectId":3935}},{"type":"Feature","id":3936,"geometry":{"type":"Point","coordinates":[-70.993501,43.313427]},"properties":{"site_name":"Former Pierce Ford","other_site_names":null,"state":"New Hampshire","industry":"Industry","matrix_type":"Groundwater","matrix":"Groundwater","year":2020,"pfoa":"100","pfos":"1100","total_pfas":1317,"pfas_level":1317,"notes":null,"regulation_gvt_link":null,"resources_link":"https://www4.des.state.nh.us/DESOneStop/PRSDetail.aspx?ID=0006677&Type=PRS","suspected_source_link":"https://nhdes.maps.arcgis.com/apps/View/index.html?appid=66770bef141c43a98a445c54a17720e2&extent=-73.5743,42.5413,-69.6852,45.4509","pfas_testing_link":"https://www4.des.state.nh.us/IISProxy/IISProxy.dll?ContentId=4788376","site_ref_link":"https://drive.google.com/drive/u/0/folders/1m9YIn2n42FG_K8kiUTh6mEXzqneJ3SK7","state_ref_link":"https://drive.google.com/drive/u/0/folders/1RsSKYaEE8jqAw7pH05tDHRflkjUL3t5H","ObjectId":3936}},{"type":"Feature","id":3937,"geometry":{"type":"Point","coordinates":[-71.317383,43.309757]},"properties":{"site_name":"Former Pittsfield Weaving","other_site_names":null,"state":"New Hampshire","industry":"Industry","matrix_type":"Groundwater","matrix":"Groundwater","year":2019,"pfoa":"9","pfos":"125","total_pfas":null,"pfas_level":134,"notes":null,"regulation_gvt_link":null,"resources_link":"https://www4.des.state.nh.us/DESOneStop/PRSDetail.aspx?ID=0002024&Type=PRS","suspected_source_link":"https://nhdes.maps.arcgis.com/apps/View/index.html?appid=66770bef141c43a98a445c54a17720e2&extent=-73.5743,42.5413,-69.6852,45.4509","pfas_testing_link":"https://www4.des.state.nh.us/nh-pfas-investigation/wp-content/uploads/tables-pdf.pdf","site_ref_link":"https://drive.google.com/drive/u/0/folders/1v-QjCaQD_FtCgciabG_8m0fFsWQVNDUJ","state_ref_link":"https://drive.google.com/drive/u/0/folders/1RsSKYaEE8jqAw7pH05tDHRflkjUL3t5H","ObjectId":3937}},{"type":"Feature","id":3938,"geometry":{"type":"Point","coordinates":[-71.095913,42.83827]},"properties":{"site_name":"Chart Industries (Former Process Engineering)","other_site_names":null,"state":"New Hampshire","industry":"Industry","matrix_type":"Groundwater","matrix":"Groundwater","year":2018,"pfoa":"6","pfos":null,"total_pfas":16,"pfas_level":16,"notes":null,"regulation_gvt_link":null,"resources_link":"https://www4.des.state.nh.us/DESOneStop/PRSDetail.aspx?ID=0000982&Type=PRS","suspected_source_link":"https://nhdes.maps.arcgis.com/apps/View/index.html?appid=66770bef141c43a98a445c54a17720e2&extent=-73.5743,42.5413,-69.6852,45.4509","pfas_testing_link":"https://www4.des.state.nh.us/IISProxy/IISProxy.dll?ContentId=4856549","site_ref_link":"https://drive.google.com/drive/u/0/folders/1mlrEMp_7tpVIeh3-FpoY0RCeXUkdUNFa","state_ref_link":"https://drive.google.com/drive/u/0/folders/1RsSKYaEE8jqAw7pH05tDHRflkjUL3t5H","ObjectId":3938}},{"type":"Feature","id":3939,"geometry":{"type":"Point","coordinates":[-71.185761,43.035492]},"properties":{"site_name":"Former Regis Tannery","other_site_names":null,"state":"New Hampshire","industry":"Industry","matrix_type":"Groundwater","matrix":"Groundwater","year":2018,"pfoa":"1230","pfos":"2410","total_pfas":4413,"pfas_level":4413,"notes":null,"regulation_gvt_link":null,"resources_link":"https://www4.des.state.nh.us/DESOneStop/PRSDetail.aspx?ID=0000278&Type=PRS","suspected_source_link":"https://nhdes.maps.arcgis.com/apps/View/index.html?appid=66770bef141c43a98a445c54a17720e2&extent=-73.5743,42.5413,-69.6852,45.4509","pfas_testing_link":"https://www4.des.state.nh.us/IISProxy/IISProxy.dll?ContentId=4788376","site_ref_link":"https://drive.google.com/drive/u/0/folders/1e7K35eLQcEUNxcXAqVgTBMBh_tuYzmBO","state_ref_link":"https://drive.google.com/drive/u/0/folders/1RsSKYaEE8jqAw7pH05tDHRflkjUL3t5H","ObjectId":3939}},{"type":"Feature","id":3940,"geometry":{"type":"Point","coordinates":[-71.63702,42.827508]},"properties":{"site_name":"Former Spear USA","other_site_names":null,"state":"New Hampshire","industry":"Industry","matrix_type":"Groundwater","matrix":"Groundwater","year":2019,"pfoa":"10","pfos":"21","total_pfas":303,"pfas_level":303,"notes":null,"regulation_gvt_link":null,"resources_link":"https://www4.des.state.nh.us/DESOneStop/PRSDetail.aspx?ID=0003127&Type=PRS","suspected_source_link":"https://nhdes.maps.arcgis.com/apps/View/index.html?appid=66770bef141c43a98a445c54a17720e2&extent=-73.5743,42.5413,-69.6852,45.4509","pfas_testing_link":"https://www4.des.state.nh.us/IISProxy/IISProxy.dll?ContentId=4820765","site_ref_link":"https://drive.google.com/drive/u/0/folders/10UhzU5U_MV3p7qzVwF0FJvL3Cxqx7_LT","state_ref_link":"https://drive.google.com/drive/u/0/folders/1RsSKYaEE8jqAw7pH05tDHRflkjUL3t5H","ObjectId":3940}},{"type":"Feature","id":3941,"geometry":{"type":"Point","coordinates":[-71.575819,42.8092]},"properties":{"site_name":"Former TCI Facility","other_site_names":null,"state":"New Hampshire","industry":"Industry","matrix_type":"Groundwater","matrix":"Groundwater","year":2019,"pfoa":"7100","pfos":"72","total_pfas":7114,"pfas_level":7172,"notes":"Contamination source suspected to be from manufacturing activities done by TCI","regulation_gvt_link":null,"resources_link":"https://www4.des.state.nh.us/DESOneStop/PRSDetail.aspx?ID=0036782&Type=PRS","suspected_source_link":"https://nhdes.maps.arcgis.com/apps/View/index.html?appid=66770bef141c43a98a445c54a17720e2&extent=-73.5743,42.5413,-69.6852,45.4509 https://www.wmur.com/article/des-expands-pfoa-investigation-to-amherst-1/5211045# ","pfas_testing_link":"https://www4.des.state.nh.us/IISProxy/IISProxy.dll?ContentId=4854019","site_ref_link":"https://drive.google.com/drive/u/0/folders/1es0OWyOXtfRRb1bElynrJOIOc7vv8T3g","state_ref_link":"https://drive.google.com/drive/u/0/folders/1RsSKYaEE8jqAw7pH05tDHRflkjUL3t5H","ObjectId":3941}},{"type":"Feature","id":3942,"geometry":{"type":"Point","coordinates":[-70.900697,43.186554]},"properties":{"site_name":"Former Textron Automotive Company Property","other_site_names":null,"state":"New Hampshire","industry":"Industry","matrix_type":"Groundwater","matrix":"Groundwater","year":2020,"pfoa":"5","pfos":"3","total_pfas":57,"pfas_level":57,"notes":null,"regulation_gvt_link":null,"resources_link":"https://www4.des.state.nh.us/DESOneStop/PRSDetail.aspx?ID=0000402&Type=PRS","suspected_source_link":"https://nhdes.maps.arcgis.com/apps/View/index.html?appid=66770bef141c43a98a445c54a17720e2&extent=-73.5743,42.5413,-69.6852,45.4509","pfas_testing_link":"https://www4.des.state.nh.us/IISProxy/IISProxy.dll?ContentId=4849033","site_ref_link":"https://drive.google.com/drive/u/0/folders/16XE1cPmoVWH3j7mg6_ev4ON62--P0URH","state_ref_link":"https://drive.google.com/drive/u/0/folders/1RsSKYaEE8jqAw7pH05tDHRflkjUL3t5H","ObjectId":3942}},{"type":"Feature","id":3943,"geometry":{"type":"Point","coordinates":[-71.467736,42.992483]},"properties":{"site_name":"Former University Center","other_site_names":null,"state":"New Hampshire","industry":"Unknown","matrix_type":"Groundwater","matrix":"Groundwater","year":2019,"pfoa":"27","pfos":"19","total_pfas":101,"pfas_level":101,"notes":null,"regulation_gvt_link":null,"resources_link":"https://www4.des.state.nh.us/DESOneStop/PRSDetail.aspx?ID=0001937&Type=PRS","suspected_source_link":"https://nhdes.maps.arcgis.com/apps/View/index.html?appid=66770bef141c43a98a445c54a17720e2&extent=-73.5743,42.5413,-69.6852,45.4509","pfas_testing_link":"https://www4.des.state.nh.us/IISProxy/IISProxy.dll?ContentId=4822117","site_ref_link":"https://drive.google.com/drive/u/1/folders/1pono9UVkcBnFfbrygHMmsxV_zL8-wjPQ","state_ref_link":"https://drive.google.com/drive/u/0/folders/1RsSKYaEE8jqAw7pH05tDHRflkjUL3t5H","ObjectId":3943}},{"type":"Feature","id":3944,"geometry":{"type":"Point","coordinates":[-71.466843,43.527608]},"properties":{"site_name":"Former Vernitron Property","other_site_names":null,"state":"New Hampshire","industry":"Unknown","matrix_type":"Groundwater","matrix":"Groundwater","year":2017,"pfoa":"6","pfos":"8","total_pfas":39,"pfas_level":39,"notes":"has been cleaned up ","regulation_gvt_link":null,"resources_link":"https://www4.des.state.nh.us/DESOneStop/PRSDetail.aspx?ID=0013543&Type=PRS","suspected_source_link":"https://nhdes.maps.arcgis.com/apps/View/index.html?appid=66770bef141c43a98a445c54a17720e2&extent=-73.5743,42.5413,-69.6852,45.4509","pfas_testing_link":"https://www4.des.state.nh.us/IISProxy/IISProxy.dll?ContentId=4669255","site_ref_link":"https://drive.google.com/drive/u/0/folders/1C81Rd6kB2GDUko61l7kHzBHSsKVweSsi","state_ref_link":"https://drive.google.com/drive/u/0/folders/1RsSKYaEE8jqAw7pH05tDHRflkjUL3t5H","ObjectId":3944}},{"type":"Feature","id":3945,"geometry":{"type":"Point","coordinates":[-71.503956,43.21274]},"properties":{"site_name":"Former Vishay Sprague","other_site_names":null,"state":"New Hampshire","industry":"Industry","matrix_type":"Groundwater","matrix":"Groundwater","year":2020,"pfoa":"13","pfos":"158","total_pfas":null,"pfas_level":158,"notes":"EleCenteropac Worldwide","regulation_gvt_link":null,"resources_link":"https://www4.des.state.nh.us/DESOneStop/PRSDetail.aspx?ID=0000420&Type=PRS","suspected_source_link":"https://nhdes.maps.arcgis.com/apps/View/index.html?appid=66770bef141c43a98a445c54a17720e2&extent=-73.5743,42.5413,-69.6852,45.4509","pfas_testing_link":"https://www4.des.state.nh.us/IISProxy/IISProxy.dll?ContentId=4851648","site_ref_link":"https://drive.google.com/drive/u/0/folders/1cgj0X7Lx3eyKwngJehGShNXZcUoceCpI","state_ref_link":"https://drive.google.com/drive/u/0/folders/1RsSKYaEE8jqAw7pH05tDHRflkjUL3t5H","ObjectId":3945}},{"type":"Feature","id":3946,"geometry":{"type":"Point","coordinates":[-71.20765,42.752949]},"properties":{"site_name":"Old Salem Wastewater Facility","other_site_names":null,"state":"New Hampshire","industry":"WWTP","matrix_type":"Groundwater","matrix":"Groundwater","year":2019,"pfoa":"209","pfos":"337","total_pfas":601,"pfas_level":601,"notes":null,"regulation_gvt_link":null,"resources_link":"https://www4.des.state.nh.us/DESOneStop/PRSDetail.aspx?ID=0000091&Type=PRS","suspected_source_link":"https://nhdes.maps.arcgis.com/apps/View/index.html?appid=66770bef141c43a98a445c54a17720e2&extent=-73.5743,42.5413,-69.6852,45.4509","pfas_testing_link":"https://www4.des.state.nh.us/IISProxy/IISProxy.dll?ContentId=4788376","site_ref_link":"https://drive.google.com/drive/u/0/folders/1WNayw17xtBVLVyG-IvQL7EMIWnlzh5TZ","state_ref_link":"https://drive.google.com/drive/u/0/folders/1RsSKYaEE8jqAw7pH05tDHRflkjUL3t5H","ObjectId":3946}},{"type":"Feature","id":3947,"geometry":{"type":"Point","coordinates":[-72.293366,42.933926]},"properties":{"site_name":"Former Zinn's Bowling Lanes","other_site_names":null,"state":"New Hampshire","industry":"Unknown","matrix_type":"Groundwater","matrix":"Groundwater","year":2017,"pfoa":"7","pfos":null,"total_pfas":17,"pfas_level":17,"notes":null,"regulation_gvt_link":null,"resources_link":"https://www4.des.state.nh.us/DESOneStop/PRSDetail.aspx?ID=0000903&Type=PRS","suspected_source_link":"https://nhdes.maps.arcgis.com/apps/View/index.html?appid=66770bef141c43a98a445c54a17720e2&extent=-73.5743,42.5413,-69.6852,45.4509","pfas_testing_link":"https://www4.des.state.nh.us/IISProxy/IISProxy.dll?ContentId=4701844","site_ref_link":"https://drive.google.com/drive/u/0/folders/1vl-xzDzThYaNgmq_fb0w_DryPNpoTOv7","state_ref_link":"https://drive.google.com/drive/u/0/folders/1RsSKYaEE8jqAw7pH05tDHRflkjUL3t5H","ObjectId":3947}},{"type":"Feature","id":3948,"geometry":{"type":"Point","coordinates":[-71.522458,42.732235]},"properties":{"site_name":"Four Hills Landfill","other_site_names":null,"state":"New Hampshire","industry":"Landfill","matrix_type":"Groundwater","matrix":"Groundwater","year":2019,"pfoa":"246","pfos":"113","total_pfas":1453,"pfas_level":1453,"notes":null,"regulation_gvt_link":null,"resources_link":"https://www4.des.state.nh.us/DESOneStop/PRSDetail.aspx?ID=0004905&Type=PRS","suspected_source_link":"https://nhdes.maps.arcgis.com/apps/View/index.html?appid=66770bef141c43a98a445c54a17720e2&extent=-73.5743,42.5413,-69.6852,45.4509","pfas_testing_link":"https://www4.des.state.nh.us/nh-pfas-investigation/wp-content/uploads/tables-pdf.pdf","site_ref_link":"https://drive.google.com/drive/u/0/folders/1xOmF1bmfLjQ5K-9h4FLHi8paQo_IsmBO","state_ref_link":"https://drive.google.com/drive/u/0/folders/1RsSKYaEE8jqAw7pH05tDHRflkjUL3t5H","ObjectId":3948}},{"type":"Feature","id":3949,"geometry":{"type":"Point","coordinates":[-71.683174,44.048669]},"properties":{"site_name":"Framatome Connectors USA","other_site_names":null,"state":"New Hampshire","industry":"Unknown","matrix_type":"Groundwater","matrix":"Groundwater","year":2019,"pfoa":"61","pfos":"296","total_pfas":388,"pfas_level":388,"notes":null,"regulation_gvt_link":null,"resources_link":"https://www4.des.state.nh.us/DESOneStop/PRSDetail.aspx?ID=0000726&Type=PRS","suspected_source_link":"https://nhdes.maps.arcgis.com/apps/View/index.html?appid=66770bef141c43a98a445c54a17720e2&extent=-73.5743,42.5413,-69.6852,45.4509","pfas_testing_link":"https://www4.des.state.nh.us/IISProxy/IISProxy.dll?ContentId=4828630","site_ref_link":"https://drive.google.com/drive/u/0/folders/1qET8rtW0go73f5UVnJmb6LKEO-fSlx6r","state_ref_link":"https://drive.google.com/drive/u/0/folders/1RsSKYaEE8jqAw7pH05tDHRflkjUL3t5H","ObjectId":3949}},{"type":"Feature","id":3950,"geometry":{"type":"Point","coordinates":[-71.08667,43.82083]},"properties":{"site_name":"Freedom Landfill","other_site_names":null,"state":"New Hampshire","industry":"Landfill","matrix_type":"Groundwater","matrix":"Groundwater","year":2019,"pfoa":"25","pfos":"54","total_pfas":87,"pfas_level":87,"notes":null,"regulation_gvt_link":null,"resources_link":"https://www4.des.state.nh.us/DESOneStop/PRSDetail.aspx?ID=0002683&Type=PRS","suspected_source_link":"https://nhdes.maps.arcgis.com/apps/View/index.html?appid=66770bef141c43a98a445c54a17720e2&extent=-73.5743,42.5413,-69.6852,45.4509","pfas_testing_link":"https://www4.des.state.nh.us/IISProxy/IISProxy.dll?ContentId=4823924","site_ref_link":"https://drive.google.com/drive/u/0/folders/1V_RNyVaC5zi5sKyNy2xSsEZ39dMipQ-6","state_ref_link":"https://drive.google.com/drive/u/0/folders/1RsSKYaEE8jqAw7pH05tDHRflkjUL3t5H","ObjectId":3950}},{"type":"Feature","id":3951,"geometry":{"type":"Point","coordinates":[-71.320977,43.302277]},"properties":{"site_name":"Freese Properties","other_site_names":null,"state":"New Hampshire","industry":"Unknown","matrix_type":"Groundwater","matrix":"Groundwater","year":2018,"pfoa":"25","pfos":"29","total_pfas":68,"pfas_level":68,"notes":null,"regulation_gvt_link":null,"resources_link":"https://www4.des.state.nh.us/DESOneStop/PRSDetail.aspx?ID=0037550&Type=PRS","suspected_source_link":"https://nhdes.maps.arcgis.com/apps/View/index.html?appid=66770bef141c43a98a445c54a17720e2&extent=-73.5743,42.5413,-69.6852,45.4509","pfas_testing_link":"https://www4.des.state.nh.us/IISProxy/IISProxy.dll?ContentId=4781639","site_ref_link":"https://drive.google.com/drive/u/0/folders/1Is-JopByOZ8MZQTvFEFqozTxZp-UAuiI","state_ref_link":"https://drive.google.com/drive/u/0/folders/1RsSKYaEE8jqAw7pH05tDHRflkjUL3t5H","ObjectId":3951}},{"type":"Feature","id":3952,"geometry":{"type":"Point","coordinates":[-71.751375,43.585989]},"properties":{"site_name":"Freudenberg-NOK","other_site_names":null,"state":"New Hampshire","industry":"Industry","matrix_type":"Groundwater","matrix":"Groundwater","year":2020,"pfoa":"2510","pfos":"162","total_pfas":18958,"pfas_level":18958,"notes":null,"regulation_gvt_link":null,"resources_link":"https://www4.des.state.nh.us/DESOneStop/PRSDetail.aspx?ID=0000294&Type=PRS","suspected_source_link":"https://nhdes.maps.arcgis.com/apps/View/index.html?appid=66770bef141c43a98a445c54a17720e2&extent=-73.5743,42.5413,-69.6852,45.4509","pfas_testing_link":"https://www4.des.state.nh.us/IISProxy/IISProxy.dll?ContentId=4843891","site_ref_link":"https://drive.google.com/drive/u/0/folders/1VymU6bkp-8yND9Fzi1NU2QGDO_aXrNnq","state_ref_link":"https://drive.google.com/drive/u/0/folders/1RsSKYaEE8jqAw7pH05tDHRflkjUL3t5H","ObjectId":3952}},{"type":"Feature","id":3953,"geometry":{"type":"Point","coordinates":[-71.446819,43.062856]},"properties":{"site_name":"GE Aviation","other_site_names":null,"state":"New Hampshire","industry":"Industry","matrix_type":"Groundwater","matrix":"Groundwater","year":2018,"pfoa":"11","pfos":"9","total_pfas":46,"pfas_level":46,"notes":null,"regulation_gvt_link":null,"resources_link":"https://www4.des.state.nh.us/DESOneStop/PRSDetail.aspx?ID=0000370&Type=PRS","suspected_source_link":"https://nhdes.maps.arcgis.com/apps/View/index.html?appid=66770bef141c43a98a445c54a17720e2&extent=-73.5743,42.5413,-69.6852,45.4509","pfas_testing_link":"https://www4.des.state.nh.us/IISProxy/IISProxy.dll?ContentId=4749695","site_ref_link":"https://drive.google.com/drive/u/0/folders/1aF7GDUHlXK_CtoIsbEd_82gb0RwnBPx-","state_ref_link":"https://drive.google.com/drive/u/0/folders/1RsSKYaEE8jqAw7pH05tDHRflkjUL3t5H","ObjectId":3953}},{"type":"Feature","id":3954,"geometry":{"type":"Point","coordinates":[-71.427391,43.584145]},"properties":{"site_name":"Gilford Fire Training","other_site_names":null,"state":"New Hampshire","industry":"Landfill","matrix_type":"Groundwater","matrix":"Groundwater","year":2017,"pfoa":"6","pfos":"85","total_pfas":165,"pfas_level":165,"notes":null,"regulation_gvt_link":null,"resources_link":"https://www4.des.state.nh.us/DESOneStop/PRSDetail.aspx?ID=0000032&Type=PRS","suspected_source_link":"https://nhdes.maps.arcgis.com/apps/View/index.html?appid=66770bef141c43a98a445c54a17720e2&extent=-73.5743,42.5413,-69.6852,45.4509","pfas_testing_link":"https://www4.des.state.nh.us/IISProxy/IISProxy.dll?ContentId=4822558","site_ref_link":"https://drive.google.com/drive/u/0/folders/1KETjggLKUpc7NRLm5gt9N2wbzZzSO3_c","state_ref_link":"https://drive.google.com/drive/u/0/folders/1RsSKYaEE8jqAw7pH05tDHRflkjUL3t5H","ObjectId":3954}},{"type":"Feature","id":3955,"geometry":{"type":"Point","coordinates":[-71.418884,43.439113]},"properties":{"site_name":"Gilmanton Landfill","other_site_names":null,"state":"New Hampshire","industry":"Landfill","matrix_type":"Groundwater","matrix":"Groundwater","year":2019,"pfoa":"387","pfos":"179","total_pfas":830,"pfas_level":830,"notes":null,"regulation_gvt_link":null,"resources_link":"https://www4.des.state.nh.us/DESOneStop/PRSDetail.aspx?ID=0000808&Type=PRS","suspected_source_link":"https://nhdes.maps.arcgis.com/apps/View/index.html?appid=66770bef141c43a98a445c54a17720e2&extent=-73.5743,42.5413,-69.6852,45.4509","pfas_testing_link":"https://www4.des.state.nh.us/IISProxy/IISProxy.dll?ContentId=4820608","site_ref_link":"https://drive.google.com/drive/u/0/folders/1X9IHLcQKrr8ZLSXzQ5IjujuMcEdxFiBw","state_ref_link":"https://drive.google.com/drive/u/0/folders/1RsSKYaEE8jqAw7pH05tDHRflkjUL3t5H","ObjectId":3955}},{"type":"Feature","id":3956,"geometry":{"type":"Point","coordinates":[-72.296781,43.044681]},"properties":{"site_name":"Gilsum Landfill","other_site_names":null,"state":"New Hampshire","industry":"Landfill","matrix_type":"Groundwater","matrix":"Groundwater","year":2019,"pfoa":"56","pfos":"653","total_pfas":715,"pfas_level":715,"notes":null,"regulation_gvt_link":null,"resources_link":"https://www4.des.state.nh.us/DESOneStop/PRSDetail.aspx?ID=0002478&Type=PRS","suspected_source_link":"https://nhdes.maps.arcgis.com/apps/View/index.html?appid=66770bef141c43a98a445c54a17720e2&extent=-73.5743,42.5413,-69.6852,45.4509","pfas_testing_link":"https://www4.des.state.nh.us/IISProxy/IISProxy.dll?ContentId=4817913","site_ref_link":"https://drive.google.com/drive/u/0/folders/1KxSZAT9B3Ew9wkC5yfEIH062DT7FHT4c","state_ref_link":"https://drive.google.com/drive/u/0/folders/1RsSKYaEE8jqAw7pH05tDHRflkjUL3t5H","ObjectId":3956}},{"type":"Feature","id":3957,"geometry":{"type":"Point","coordinates":[-71.201266,42.849191]},"properties":{"site_name":"Godin Landfill","other_site_names":null,"state":"New Hampshire","industry":"Landfill","matrix_type":"Groundwater","matrix":"Groundwater","year":2019,"pfoa":"1","pfos":"2","total_pfas":74,"pfas_level":74,"notes":null,"regulation_gvt_link":null,"resources_link":"https://www4.des.state.nh.us/DESOneStop/PRSDetail.aspx?ID=0001419&Type=PRS","suspected_source_link":"https://nhdes.maps.arcgis.com/apps/View/index.html?appid=66770bef141c43a98a445c54a17720e2&extent=-73.5743,42.5413,-69.6852,45.4509","pfas_testing_link":"https://www4.des.state.nh.us/IISProxy/IISProxy.dll?ContentId=4795144","site_ref_link":"https://drive.google.com/drive/u/0/folders/1hssVvAlGxHS3VNC7hiErrWGc-DMPP2sE","state_ref_link":"https://drive.google.com/drive/u/0/folders/1RsSKYaEE8jqAw7pH05tDHRflkjUL3t5H","ObjectId":3957}},{"type":"Feature","id":3958,"geometry":{"type":"Point","coordinates":[-71.605266,43.019867]},"properties":{"site_name":"Goffstown DPW Garage","other_site_names":null,"state":"New Hampshire","industry":"Unknown","matrix_type":"Groundwater","matrix":"Groundwater","year":2018,"pfoa":"9","pfos":"3","total_pfas":41,"pfas_level":41,"notes":null,"regulation_gvt_link":null,"resources_link":"https://www4.des.state.nh.us/DESOneStop/PRSDetail.aspx?ID=0037414&Type=PRS","suspected_source_link":"https://nhdes.maps.arcgis.com/apps/View/index.html?appid=66770bef141c43a98a445c54a17720e2&extent=-73.5743,42.5413,-69.6852,45.4509","pfas_testing_link":"https://www4.des.state.nh.us/IISProxy/IISProxy.dll?ContentId=4736256","site_ref_link":"https://drive.google.com/drive/u/0/folders/1aFdGb-6tZN5pgr3ytHJbI157usmww53E","state_ref_link":"https://drive.google.com/drive/u/0/folders/1RsSKYaEE8jqAw7pH05tDHRflkjUL3t5H","ObjectId":3958}},{"type":"Feature","id":3959,"geometry":{"type":"Point","coordinates":[-71.554611,43.020183]},"properties":{"site_name":"Goffstown Landfill","other_site_names":null,"state":"New Hampshire","industry":"Landfill","matrix_type":"Groundwater","matrix":"Groundwater","year":2016,"pfoa":"12","pfos":"11","total_pfas":34,"pfas_level":34,"notes":null,"regulation_gvt_link":null,"resources_link":"https://www4.des.state.nh.us/DESOneStop/PRSDetail.aspx?ID=0000033&Type=PRS","suspected_source_link":"https://nhdes.maps.arcgis.com/apps/View/index.html?appid=66770bef141c43a98a445c54a17720e2&extent=-73.5743,42.5413,-69.6852,45.4509","pfas_testing_link":"https://www4.des.state.nh.us/IISProxy/IISProxy.dll?ContentId=4630113","site_ref_link":"https://drive.google.com/drive/u/1/folders/1KJCsgqvcwgx5KB2IwI0i2W5Ab_P3xr_P","state_ref_link":"https://drive.google.com/drive/u/0/folders/1RsSKYaEE8jqAw7pH05tDHRflkjUL3t5H","ObjectId":3959}},{"type":"Feature","id":3960,"geometry":{"type":"Point","coordinates":[-70.978074,43.274169]},"properties":{"site_name":"Gonic Mill","other_site_names":null,"state":"New Hampshire","industry":"Industry","matrix_type":"Groundwater","matrix":"Groundwater","year":2018,"pfoa":"12","pfos":"17","total_pfas":60,"pfas_level":60,"notes":null,"regulation_gvt_link":null,"resources_link":"https://www4.des.state.nh.us/DESOneStop/PRSDetail.aspx?ID=0002036&Type=PRS","suspected_source_link":"https://nhdes.maps.arcgis.com/apps/View/index.html?appid=66770bef141c43a98a445c54a17720e2&extent=-73.5743,42.5413,-69.6852,45.4509","pfas_testing_link":"https://www4.des.state.nh.us/IISProxy/IISProxy.dll?ContentId=4748573","site_ref_link":"https://drive.google.com/drive/u/0/folders/1GlsvpBSfoW9mEL2oaUrqTYZD9UaTwivc","state_ref_link":"https://drive.google.com/drive/u/0/folders/1RsSKYaEE8jqAw7pH05tDHRflkjUL3t5H","ObjectId":3960}},{"type":"Feature","id":3961,"geometry":{"type":"Point","coordinates":[-72.099433,43.314481]},"properties":{"site_name":"Goshen Landfill","other_site_names":null,"state":"New Hampshire","industry":"Landfill","matrix_type":"Groundwater","matrix":"Groundwater","year":2018,"pfoa":"317","pfos":"548","total_pfas":982,"pfas_level":982,"notes":null,"regulation_gvt_link":null,"resources_link":"https://www4.des.state.nh.us/DESOneStop/PRSDetail.aspx?ID=0000207&Type=PRS","suspected_source_link":"https://nhdes.maps.arcgis.com/apps/View/index.html?appid=66770bef141c43a98a445c54a17720e2&extent=-73.5743,42.5413,-69.6852,45.4509","pfas_testing_link":"https://www4.des.state.nh.us/IISProxy/IISProxy.dll?ContentId=4779086","site_ref_link":"https://drive.google.com/drive/u/0/folders/1k2v3Eex_vLrbKzdzxUwx2UrNBsYo6u4f","state_ref_link":"https://drive.google.com/drive/u/0/folders/1RsSKYaEE8jqAw7pH05tDHRflkjUL3t5H","ObjectId":3961}},{"type":"Feature","id":3962,"geometry":{"type":"Point","coordinates":[-70.86718,43.205297]},"properties":{"site_name":"Goss International Americas","other_site_names":null,"state":"New Hampshire","industry":"Industry","matrix_type":"Groundwater","matrix":"Groundwater","year":2018,"pfoa":"3","pfos":"2","total_pfas":12,"pfas_level":12,"notes":null,"regulation_gvt_link":null,"resources_link":"https://www4.des.state.nh.us/DESOneStop/PRSDetail.aspx?ID=0002473&Type=PRS","suspected_source_link":"https://nhdes.maps.arcgis.com/apps/View/index.html?appid=66770bef141c43a98a445c54a17720e2&extent=-73.5743,42.5413,-69.6852,45.4509","pfas_testing_link":"https://www4.des.state.nh.us/IISProxy/IISProxy.dll?ContentId=4746934","site_ref_link":"https://drive.google.com/drive/u/0/folders/1zKTzERIiAlK4fu7GYy3dK0XfOsz4nsXk","state_ref_link":"https://drive.google.com/drive/u/0/folders/1RsSKYaEE8jqAw7pH05tDHRflkjUL3t5H","ObjectId":3962}},{"type":"Feature","id":3963,"geometry":{"type":"Point","coordinates":[-71.938532,43.594419]},"properties":{"site_name":"Grafton Old Landfill","other_site_names":null,"state":"New Hampshire","industry":"Landfill","matrix_type":"Groundwater","matrix":"Groundwater","year":2020,"pfoa":"42","pfos":"382","total_pfas":531,"pfas_level":531,"notes":null,"regulation_gvt_link":null,"resources_link":"https://www4.des.state.nh.us/DESOneStop/PRSDetail.aspx?ID=0002757&Type=PRS","suspected_source_link":"https://nhdes.maps.arcgis.com/apps/View/index.html?appid=66770bef141c43a98a445c54a17720e2&extent=-73.5743,42.5413,-69.6852,45.4509","pfas_testing_link":"https://www4.des.state.nh.us/IISProxy/IISProxy.dll?ContentId=4854000","site_ref_link":"https://drive.google.com/drive/u/0/folders/1R7nNwfdUDtwP6Nayf3q0E_g1wIKQO2di","state_ref_link":"https://drive.google.com/drive/u/0/folders/1RsSKYaEE8jqAw7pH05tDHRflkjUL3t5H","ObjectId":3963}},{"type":"Feature","id":3964,"geometry":{"type":"Point","coordinates":[-72.103711,43.494219]},"properties":{"site_name":"Grantham Landfill","other_site_names":null,"state":"New Hampshire","industry":"Landfill","matrix_type":"Groundwater","matrix":"Groundwater","year":2020,"pfoa":"15","pfos":"9","total_pfas":29,"pfas_level":29,"notes":null,"regulation_gvt_link":null,"resources_link":"https://www4.des.state.nh.us/DESOneStop/PRSDetail.aspx?ID=0002792&Type=PRS","suspected_source_link":"https://nhdes.maps.arcgis.com/apps/View/index.html?appid=66770bef141c43a98a445c54a17720e2&extent=-73.5743,42.5413,-69.6852,45.4509","pfas_testing_link":"https://www4.des.state.nh.us/IISProxy/IISProxy.dll?ContentId=4851400","site_ref_link":"https://drive.google.com/drive/u/0/folders/17Makj_tMkNh3bQAodqsqXx69xBnwLE-x","state_ref_link":"https://drive.google.com/drive/u/0/folders/1RsSKYaEE8jqAw7pH05tDHRflkjUL3t5H","ObjectId":3964}},{"type":"Feature","id":3965,"geometry":{"type":"Point","coordinates":[-71.853639,43.740436]},"properties":{"site_name":"Groton Town Dump","other_site_names":null,"state":"New Hampshire","industry":"Landfill","matrix_type":"Groundwater","matrix":"Groundwater","year":2018,"pfoa":"8","pfos":"18","total_pfas":22,"pfas_level":26,"notes":null,"regulation_gvt_link":null,"resources_link":"https://www4.des.state.nh.us/DESOneStop/PRSDetail.aspx?ID=0002748&Type=PRS","suspected_source_link":"https://nhdes.maps.arcgis.com/apps/View/index.html?appid=66770bef141c43a98a445c54a17720e2&extent=-73.5743,42.5413,-69.6852,45.4509","pfas_testing_link":"https://www4.des.state.nh.us/IISProxy/IISProxy.dll?ContentId=4750734","site_ref_link":"https://drive.google.com/drive/u/0/folders/1QoEyiYto-p2tdthBco78wkdDIN5e3CDw","state_ref_link":"https://drive.google.com/drive/u/0/folders/1RsSKYaEE8jqAw7pH05tDHRflkjUL3t5H","ObjectId":3965}},{"type":"Feature","id":3966,"geometry":{"type":"Point","coordinates":[-70.789289,43.002525]},"properties":{"site_name":"Grove Road Landfill","other_site_names":null,"state":"New Hampshire","industry":"Landfill","matrix_type":"Groundwater","matrix":"Groundwater","year":2020,"pfoa":"82","pfos":"110","total_pfas":231,"pfas_level":231,"notes":null,"regulation_gvt_link":null,"resources_link":"https://www4.des.state.nh.us/DESOneStop/PRSDetail.aspx?ID=0002039&Type=PRS","suspected_source_link":"https://nhdes.maps.arcgis.com/apps/View/index.html?appid=66770bef141c43a98a445c54a17720e2&extent=-73.5743,42.5413,-69.6852,45.4509","pfas_testing_link":"https://www4.des.state.nh.us/nh-pfas-investigation/wp-content/uploads/tables-pdf.pdf","site_ref_link":"https://drive.google.com/drive/u/0/folders/1Z7x1c-GkJmSrSsneSfZrin2gs63SMXmd","state_ref_link":"https://drive.google.com/drive/u/0/folders/1RsSKYaEE8jqAw7pH05tDHRflkjUL3t5H","ObjectId":3966}},{"type":"Feature","id":3967,"geometry":{"type":"Point","coordinates":[-71.535584,44.604177]},"properties":{"site_name":"Groveton Landfill","other_site_names":null,"state":"New Hampshire","industry":"Landfill","matrix_type":"Groundwater","matrix":"Groundwater","year":2018,"pfoa":"107","pfos":"232","total_pfas":1074,"pfas_level":1074,"notes":null,"regulation_gvt_link":null,"resources_link":"https://www4.des.state.nh.us/DESOneStop/PRSDetail.aspx?ID=0000475&Type=PRS","suspected_source_link":"https://nhdes.maps.arcgis.com/apps/View/index.html?appid=66770bef141c43a98a445c54a17720e2&extent=-73.5743,42.5413,-69.6852,45.4509","pfas_testing_link":"https://www4.des.state.nh.us/IISProxy/IISProxy.dll?ContentId=4834696","site_ref_link":"https://drive.google.com/drive/u/0/folders/1FJgg-BZjfESOx0VygVBO8FEqwTqzdgJt","state_ref_link":"https://drive.google.com/drive/u/0/folders/1RsSKYaEE8jqAw7pH05tDHRflkjUL3t5H","ObjectId":3967}},{"type":"Feature","id":3968,"geometry":{"type":"Point","coordinates":[-71.493646,42.861843]},"properties":{"site_name":"Hacros Chemicals","other_site_names":null,"state":"New Hampshire","industry":"Industry","matrix_type":"Groundwater","matrix":"Groundwater","year":2020,"pfoa":"120","pfos":"12","total_pfas":207,"pfas_level":207,"notes":null,"regulation_gvt_link":null,"resources_link":"https://www4.des.state.nh.us/DESOneStop/PRSDetail.aspx?ID=0000719&Type=PRS","suspected_source_link":"https://nhdes.maps.arcgis.com/apps/View/index.html?appid=66770bef141c43a98a445c54a17720e2&extent=-73.5743,42.5413,-69.6852,45.4509","pfas_testing_link":"https://www4.des.state.nh.us/nh-pfas-investigation/wp-content/uploads/tables-pdf.pdf","site_ref_link":"https://drive.google.com/drive/u/0/folders/1PfCRMI8fqoYzDGRVZiAp9wCsasSFiZUm","state_ref_link":"https://drive.google.com/drive/u/0/folders/1RsSKYaEE8jqAw7pH05tDHRflkjUL3t5H","ObjectId":3968}},{"type":"Feature","id":3969,"geometry":{"type":"Point","coordinates":[-71.32796,42.895973]},"properties":{"site_name":"Hadco Printed Circuit","other_site_names":null,"state":"New Hampshire","industry":"Industry","matrix_type":"Groundwater","matrix":"Groundwater","year":2020,"pfoa":"170","pfos":"850","total_pfas":1177,"pfas_level":1177,"notes":null,"regulation_gvt_link":null,"resources_link":"https://www4.des.state.nh.us/DESOneStop/PRSDetail.aspx?ID=0003689&Type=PRS","suspected_source_link":"https://nhdes.maps.arcgis.com/apps/View/index.html?appid=66770bef141c43a98a445c54a17720e2&extent=-73.5743,42.5413,-69.6852,45.4509","pfas_testing_link":"https://www4.des.state.nh.us/nh-pfas-investigation/wp-content/uploads/tables-pdf.pdf","site_ref_link":"https://drive.google.com/drive/u/0/folders/1TjDZOOpgaHwpMw5f8OfRkc1YCkpmT5xS","state_ref_link":"https://drive.google.com/drive/u/0/folders/1RsSKYaEE8jqAw7pH05tDHRflkjUL3t5H","ObjectId":3969}},{"type":"Feature","id":3970,"geometry":{"type":"Point","coordinates":[-71.439783,42.714698]},"properties":{"site_name":"Hampshire Chemical Corp","other_site_names":null,"state":"New Hampshire","industry":"Industry","matrix_type":"Groundwater","matrix":"Groundwater","year":2018,"pfoa":"28","pfos":"26","total_pfas":null,"pfas_level":52,"notes":null,"regulation_gvt_link":null,"resources_link":"https://www4.des.state.nh.us/DESOneStop/PRSDetail.aspx?ID=0000142&Type=PRS","suspected_source_link":"https://nhdes.maps.arcgis.com/apps/View/index.html?appid=66770bef141c43a98a445c54a17720e2&extent=-73.5743,42.5413,-69.6852,45.4509","pfas_testing_link":"https://www4.des.state.nh.us/IISProxy/IISProxy.dll?ContentId=4788376","site_ref_link":"https://drive.google.com/drive/u/0/folders/12TVu1XrkqUNVwnmLA99j17EHfk8EkmrF","state_ref_link":"https://drive.google.com/drive/u/0/folders/1RsSKYaEE8jqAw7pH05tDHRflkjUL3t5H","ObjectId":3970}},{"type":"Feature","id":3971,"geometry":{"type":"Point","coordinates":[-70.835547,42.944666]},"properties":{"site_name":"Hampton Foreign Auto","other_site_names":null,"state":"New Hampshire","industry":"Industry","matrix_type":"Groundwater","matrix":"Groundwater","year":2018,"pfoa":"22","pfos":"52","total_pfas":114,"pfas_level":114,"notes":null,"regulation_gvt_link":null,"resources_link":"https://www4.des.state.nh.us/DESOneStop/PRSDetail.aspx?ID=0010364&Type=PRS","suspected_source_link":"https://nhdes.maps.arcgis.com/apps/View/index.html?appid=66770bef141c43a98a445c54a17720e2&extent=-73.5743,42.5413,-69.6852,45.4509","pfas_testing_link":"https://www4.des.state.nh.us/IISProxy/IISProxy.dll?ContentId=4744883","site_ref_link":"https://drive.google.com/drive/u/0/folders/1BPgmIiH_8BofmJTRWI3cA_ZUSicuGkxp","state_ref_link":"https://drive.google.com/drive/u/0/folders/1RsSKYaEE8jqAw7pH05tDHRflkjUL3t5H","ObjectId":3971}},{"type":"Feature","id":3972,"geometry":{"type":"Point","coordinates":[-70.823613,42.9272]},"properties":{"site_name":"Hampton Landfill","other_site_names":null,"state":"New Hampshire","industry":"Landfill","matrix_type":"Groundwater","matrix":"Groundwater","year":2020,"pfoa":"25","pfos":"92","total_pfas":138,"pfas_level":138,"notes":null,"regulation_gvt_link":null,"resources_link":"https://www4.des.state.nh.us/DESOneStop/PRSDetail.aspx?ID=0001608&Type=PRS","suspected_source_link":"https://nhdes.maps.arcgis.com/apps/View/index.html?appid=66770bef141c43a98a445c54a17720e2&extent=-73.5743,42.5413,-69.6852,45.4509","pfas_testing_link":"https://www4.des.state.nh.us/IISProxy/IISProxy.dll?ContentId=4862002","site_ref_link":"https://drive.google.com/drive/u/0/folders/1ry-J2siXsSQYCsAFvkxhD7MtPY61plz5","state_ref_link":"https://drive.google.com/drive/u/0/folders/1RsSKYaEE8jqAw7pH05tDHRflkjUL3t5H","ObjectId":3972}},{"type":"Feature","id":3973,"geometry":{"type":"Point","coordinates":[-70.85582,42.962619]},"properties":{"site_name":"Hampton Toll Plaza","other_site_names":null,"state":"New Hampshire","industry":"Unknown","matrix_type":"Groundwater","matrix":"Groundwater","year":2019,"pfoa":"12","pfos":"2","total_pfas":47,"pfas_level":47,"notes":null,"regulation_gvt_link":null,"resources_link":"https://www4.des.state.nh.us/DESOneStop/PRSDetail.aspx?ID=0011539&Type=PRS","suspected_source_link":"https://nhdes.maps.arcgis.com/apps/View/index.html?appid=66770bef141c43a98a445c54a17720e2&extent=-73.5743,42.5413,-69.6852,45.4509","pfas_testing_link":"https://www4.des.state.nh.us/IISProxy/IISProxy.dll?ContentId=4794888","site_ref_link":"https://drive.google.com/drive/u/0/folders/1KuMMUiz_Eg4JDnNXwQrQEJNv81SIek4t","state_ref_link":"https://drive.google.com/drive/u/0/folders/1RsSKYaEE8jqAw7pH05tDHRflkjUL3t5H","ObjectId":3973}},{"type":"Feature","id":3974,"geometry":{"type":"Point","coordinates":[-71.978735,42.979642]},"properties":{"site_name":"Hancock Landfill","other_site_names":null,"state":"New Hampshire","industry":"Landfill","matrix_type":"Groundwater","matrix":"Groundwater","year":2018,"pfoa":"140","pfos":"1200","total_pfas":1821,"pfas_level":1821,"notes":null,"regulation_gvt_link":null,"resources_link":"https://www4.des.state.nh.us/DESOneStop/PRSDetail.aspx?ID=0000208&Type=PRS","suspected_source_link":"https://nhdes.maps.arcgis.com/apps/View/index.html?appid=66770bef141c43a98a445c54a17720e2&extent=-73.5743,42.5413,-69.6852,45.4509","pfas_testing_link":"https://www4.des.state.nh.us/IISProxy/IISProxy.dll?ContentId=4755452","site_ref_link":"https://drive.google.com/drive/u/1/folders/1lIH6ghXKGSSOuCe9uF5oSKHhkpNSwLNZ","state_ref_link":"https://drive.google.com/drive/u/0/folders/1RsSKYaEE8jqAw7pH05tDHRflkjUL3t5H","ObjectId":3974}},{"type":"Feature","id":3975,"geometry":{"type":"Point","coordinates":[-72.280308,43.697214]},"properties":{"site_name":"Hanover Consumer Coop Society","other_site_names":null,"state":"New Hampshire","industry":"Industry","matrix_type":"Groundwater","matrix":"Groundwater","year":2020,"pfoa":"127","pfos":"49","total_pfas":478,"pfas_level":478,"notes":null,"regulation_gvt_link":null,"resources_link":"https://www4.des.state.nh.us/DESOneStop/PRSDetail.aspx?ID=0012776&Type=PRS","suspected_source_link":"https://nhdes.maps.arcgis.com/apps/View/index.html?appid=66770bef141c43a98a445c54a17720e2&extent=-73.5743,42.5413,-69.6852,45.4509","pfas_testing_link":"https://www4.des.state.nh.us/IISProxy/IISProxy.dll?ContentId=4858127","site_ref_link":"https://drive.google.com/drive/u/0/folders/1BvLpuuyYPemY-_A6dB8RdWhH-klu_gJ3","state_ref_link":"https://drive.google.com/drive/u/0/folders/1RsSKYaEE8jqAw7pH05tDHRflkjUL3t5H","ObjectId":3975}},{"type":"Feature","id":3976,"geometry":{"type":"Point","coordinates":[-71.156363,43.193171]},"properties":{"site_name":"Harding Metals","other_site_names":null,"state":"New Hampshire","industry":"Industry","matrix_type":"Groundwater","matrix":"Groundwater","year":2020,"pfoa":"334","pfos":"1030","total_pfas":1650,"pfas_level":1650,"notes":null,"regulation_gvt_link":null,"resources_link":"https://www4.des.state.nh.us/DESOneStop/PRSDetail.aspx?ID=0000067&Type=PRS","suspected_source_link":"https://nhdes.maps.arcgis.com/apps/View/index.html?appid=66770bef141c43a98a445c54a17720e2&extent=-73.5743,42.5413,-69.6852,45.4509","pfas_testing_link":"https://www4.des.state.nh.us/IISProxy/IISProxy.dll?ContentId=4836269","site_ref_link":"https://drive.google.com/drive/u/0/folders/1IeKj0ViO0prCo5HvaUX6AKOeSwfSirYT","state_ref_link":"https://drive.google.com/drive/u/0/folders/1RsSKYaEE8jqAw7pH05tDHRflkjUL3t5H","ObjectId":3976}},{"type":"Feature","id":3977,"geometry":{"type":"Point","coordinates":[-72.095418,42.934118]},"properties":{"site_name":"Harrisville Landfill","other_site_names":null,"state":"New Hampshire","industry":"Landfill","matrix_type":"Groundwater","matrix":"Groundwater","year":2018,"pfoa":"63","pfos":"65","total_pfas":214,"pfas_level":214,"notes":null,"regulation_gvt_link":null,"resources_link":"https://www4.des.state.nh.us/DESOneStop/PRSDetail.aspx?ID=0000338&Type=PRS","suspected_source_link":"https://nhdes.maps.arcgis.com/apps/View/index.html?appid=66770bef141c43a98a445c54a17720e2&extent=-73.5743,42.5413,-69.6852,45.4509","pfas_testing_link":"https://www4.des.state.nh.us/IISProxy/IISProxy.dll?ContentId=4716123","site_ref_link":"https://drive.google.com/drive/u/0/folders/1ad7sY2mmNDrp2isOhAjvc6DJqaG2p3Fl","state_ref_link":"https://drive.google.com/drive/u/0/folders/1RsSKYaEE8jqAw7pH05tDHRflkjUL3t5H","ObjectId":3977}},{"type":"Feature","id":3978,"geometry":{"type":"Point","coordinates":[-70.880914,42.880964]},"properties":{"site_name":"Henkel Seabrook East Facility","other_site_names":null,"state":"New Hampshire","industry":"Industry","matrix_type":"Groundwater","matrix":"Groundwater","year":2017,"pfoa":"11","pfos":"4","total_pfas":16,"pfas_level":16,"notes":"Also known as K J Quinn & Co Inc","regulation_gvt_link":null,"resources_link":"https://www4.des.state.nh.us/DESOneStop/PRSDetail.aspx?ID=0002053&Type=PRS","suspected_source_link":"https://nhdes.maps.arcgis.com/apps/View/index.html?appid=66770bef141c43a98a445c54a17720e2&extent=-73.5743,42.5413,-69.6852,45.4509","pfas_testing_link":"https://www4.des.state.nh.us/IISProxy/IISProxy.dll?ContentId=4679097","site_ref_link":"https://drive.google.com/drive/u/0/folders/1guACHNnx459i-7KbCd7qFXGhihjBXHhz","state_ref_link":"https://drive.google.com/drive/u/0/folders/1RsSKYaEE8jqAw7pH05tDHRflkjUL3t5H","ObjectId":3978}},{"type":"Feature","id":3979,"geometry":{"type":"Point","coordinates":[-71.775032,43.160912]},"properties":{"site_name":"Henniker Landfill","other_site_names":null,"state":"New Hampshire","industry":"Landfill","matrix_type":"Groundwater","matrix":"Groundwater","year":2018,"pfoa":null,"pfos":"55","total_pfas":null,"pfas_level":55,"notes":null,"regulation_gvt_link":null,"resources_link":"https://www4.des.state.nh.us/DESOneStop/PRSDetail.aspx?ID=0000034&Type=PRS","suspected_source_link":"https://nhdes.maps.arcgis.com/apps/View/index.html?appid=66770bef141c43a98a445c54a17720e2&extent=-73.5743,42.5413,-69.6852,45.4509","pfas_testing_link":"https://www4.des.state.nh.us/IISProxy/IISProxy.dll?ContentId=4726609","site_ref_link":"https://drive.google.com/drive/u/0/folders/1n_KVK5aIrpyJ_huKhuYsXvHrmPawjPZI","state_ref_link":"https://drive.google.com/drive/u/0/folders/1RsSKYaEE8jqAw7pH05tDHRflkjUL3t5H","ObjectId":3979}},{"type":"Feature","id":3980,"geometry":{"type":"Point","coordinates":[-71.881541,43.11747]},"properties":{"site_name":"Hillsborough Wastewater Treatment Facility","other_site_names":null,"state":"New Hampshire","industry":"WWTP","matrix_type":"Groundwater","matrix":"Groundwater","year":2018,"pfoa":"2","pfos":"2","total_pfas":null,"pfas_level":4,"notes":null,"regulation_gvt_link":null,"resources_link":"https://www4.des.state.nh.us/DESOneStop/PRSDetail.aspx?ID=0000124&Type=PRS","suspected_source_link":"https://nhdes.maps.arcgis.com/apps/View/index.html?appid=66770bef141c43a98a445c54a17720e2&extent=-73.5743,42.5413,-69.6852,45.4509","pfas_testing_link":"https://www4.des.state.nh.us/IISProxy/IISProxy.dll?ContentId=4757787","site_ref_link":"https://drive.google.com/drive/u/0/folders/1Lk8j2htpAK1vvxj9LnS4RW-vQNHC_H4M","state_ref_link":"https://drive.google.com/drive/u/0/folders/1RsSKYaEE8jqAw7pH05tDHRflkjUL3t5H","ObjectId":3980}},{"type":"Feature","id":3981,"geometry":{"type":"Point","coordinates":[-71.90887,43.110729]},"properties":{"site_name":"Hillsborough Area Work Center","other_site_names":null,"state":"New Hampshire","industry":"Unknown","matrix_type":"Groundwater","matrix":"Groundwater","year":2017,"pfoa":"434","pfos":"235","total_pfas":1597,"pfas_level":1597,"notes":null,"regulation_gvt_link":null,"resources_link":"https://www4.des.state.nh.us/DESOneStop/PRSDetail.aspx?ID=0032910&Type=PRS","suspected_source_link":"https://nhdes.maps.arcgis.com/apps/View/index.html?appid=66770bef141c43a98a445c54a17720e2&extent=-73.5743,42.5413,-69.6852,45.4509","pfas_testing_link":"https://www4.des.state.nh.us/IISProxy/IISProxy.dll?ContentId=4754948","site_ref_link":"https://drive.google.com/drive/u/0/folders/1OswJn35FqcwpvX06nss26fmsMAD5c5SN","state_ref_link":"https://drive.google.com/drive/u/0/folders/1RsSKYaEE8jqAw7pH05tDHRflkjUL3t5H","ObjectId":3981}},{"type":"Feature","id":3983,"geometry":{"type":"Point","coordinates":[-72.482969,42.772161]},"properties":{"site_name":"Hinsdale Products Landfill","other_site_names":null,"state":"New Hampshire","industry":"Landfill","matrix_type":"Groundwater","matrix":"Groundwater","year":2018,"pfoa":"19","pfos":null,"total_pfas":48,"pfas_level":48,"notes":null,"regulation_gvt_link":null,"resources_link":"https://www4.des.state.nh.us/DESOneStop/PRSDetail.aspx?ID=0000036&Type=PRS","suspected_source_link":"https://nhdes.maps.arcgis.com/apps/View/index.html?appid=66770bef141c43a98a445c54a17720e2&extent=-73.5743,42.5413,-69.6852,45.4509","pfas_testing_link":"https://www4.des.state.nh.us/IISProxy/IISProxy.dll?ContentId=4740760","site_ref_link":"https://drive.google.com/drive/u/0/folders/1TXnCPuuoyym1fkiuC6TMo3NG_NxnsBso","state_ref_link":"https://drive.google.com/drive/u/0/folders/1RsSKYaEE8jqAw7pH05tDHRflkjUL3t5H","ObjectId":3983}},{"type":"Feature","id":3984,"geometry":{"type":"Point","coordinates":[-71.695544,42.8358]},"properties":{"site_name":"Hitchiner Manufacturing Landfill","other_site_names":null,"state":"New Hampshire","industry":"Landfill","matrix_type":"Groundwater","matrix":"Groundwater","year":2017,"pfoa":"5","pfos":null,"total_pfas":null,"pfas_level":5,"notes":null,"regulation_gvt_link":null,"resources_link":"https://www4.des.state.nh.us/DESOneStop/PRSDetail.aspx?ID=0003578&Type=PRS","suspected_source_link":"https://nhdes.maps.arcgis.com/apps/View/index.html?appid=66770bef141c43a98a445c54a17720e2&extent=-73.5743,42.5413,-69.6852,45.4509","pfas_testing_link":"https://www4.des.state.nh.us/IISProxy/IISProxy.dll?ContentId=4700716","site_ref_link":"https://drive.google.com/drive/u/0/folders/1SC4GoC8zXCKxvFWw9UGgvRrOMI7aNGFU","state_ref_link":"https://drive.google.com/drive/u/0/folders/1RsSKYaEE8jqAw7pH05tDHRflkjUL3t5H","ObjectId":3984}},{"type":"Feature","id":3985,"geometry":{"type":"Point","coordinates":[-71.546364,43.717094]},"properties":{"site_name":"Holderness Landfill","other_site_names":null,"state":"New Hampshire","industry":"Landfill","matrix_type":"Groundwater","matrix":"Groundwater","year":2019,"pfoa":"69","pfos":"69","total_pfas":297,"pfas_level":297,"notes":null,"regulation_gvt_link":null,"resources_link":"https://www4.des.state.nh.us/DESOneStop/PRSDetail.aspx?ID=0002373&Type=PRS","suspected_source_link":"https://nhdes.maps.arcgis.com/apps/View/index.html?appid=66770bef141c43a98a445c54a17720e2&extent=-73.5743,42.5413,-69.6852,45.4509","pfas_testing_link":"https://www4.des.state.nh.us/IISProxy/IISProxy.dll?ContentId=4826248","site_ref_link":"https://drive.google.com/drive/u/0/folders/1OyxRxjRky1vH3P0cNQiRCOvtP7S07Os0","state_ref_link":"https://drive.google.com/drive/u/0/folders/1RsSKYaEE8jqAw7pH05tDHRflkjUL3t5H","ObjectId":3985}},{"type":"Feature","id":3986,"geometry":{"type":"Point","coordinates":[-71.4682,43.062216]},"properties":{"site_name":"Hooksett Landfill","other_site_names":null,"state":"New Hampshire","industry":"Landfill","matrix_type":"Groundwater","matrix":"Groundwater","year":2020,"pfoa":"15","pfos":"6","total_pfas":347,"pfas_level":347,"notes":null,"regulation_gvt_link":null,"resources_link":"https://www4.des.state.nh.us/DESOneStop/PRSDetail.aspx?ID=0001833&Type=PRS","suspected_source_link":"https://nhdes.maps.arcgis.com/apps/View/index.html?appid=66770bef141c43a98a445c54a17720e2&extent=-73.5743,42.5413,-69.6852,45.4509","pfas_testing_link":"https://www4.des.state.nh.us/IISProxy/IISProxy.dll?ContentId=4856002","site_ref_link":"https://drive.google.com/drive/u/0/folders/1MgBSDAZ_DP2nsnPYprO_561UYSjc6G0g","state_ref_link":"https://drive.google.com/drive/u/0/folders/1RsSKYaEE8jqAw7pH05tDHRflkjUL3t5H","ObjectId":3986}},{"type":"Feature","id":3987,"geometry":{"type":"Point","coordinates":[-71.681434,43.252116]},"properties":{"site_name":"Hopkinton/Webster Landfill","other_site_names":null,"state":"New Hampshire","industry":"Landfill","matrix_type":"Groundwater","matrix":"Groundwater","year":2020,"pfoa":"361","pfos":"190","total_pfas":1266,"pfas_level":1266,"notes":null,"regulation_gvt_link":null,"resources_link":"https://www4.des.state.nh.us/DESOneStop/PRSDetail.aspx?ID=0000219&Type=PRS","suspected_source_link":"https://nhdes.maps.arcgis.com/apps/View/index.html?appid=66770bef141c43a98a445c54a17720e2&extent=-73.5743,42.5413,-69.6852,45.4509","pfas_testing_link":"https://www4.des.state.nh.us/IISProxy/IISProxy.dll?ContentId=4851646","site_ref_link":"https://drive.google.com/drive/u/0/folders/15fVLFkj3cWAHz0aa1CiuQ3j3EdYHV73z","state_ref_link":"https://drive.google.com/drive/u/0/folders/1RsSKYaEE8jqAw7pH05tDHRflkjUL3t5H","ObjectId":3987}},{"type":"Feature","id":3988,"geometry":{"type":"Point","coordinates":[-72.236586,43.68197]},"properties":{"site_name":"Hypertherm, Inc.","other_site_names":null,"state":"New Hampshire","industry":"Industry","matrix_type":"Groundwater","matrix":"Groundwater","year":2018,"pfoa":"6","pfos":"16","total_pfas":166,"pfas_level":166,"notes":null,"regulation_gvt_link":null,"resources_link":"https://www4.des.state.nh.us/DESOneStop/PRSDetail.aspx?ID=0006995&Type=PRS","suspected_source_link":"https://nhdes.maps.arcgis.com/apps/View/index.html?appid=66770bef141c43a98a445c54a17720e2&extent=-73.5743,42.5413,-69.6852,45.4509","pfas_testing_link":"https://www4.des.state.nh.us/IISProxy/IISProxy.dll?ContentId=4750740","site_ref_link":"https://drive.google.com/drive/u/0/folders/1MyHbILaz3xHxCRVcQZkWizhGiX9Oq0E0","state_ref_link":"https://drive.google.com/drive/u/0/folders/1RsSKYaEE8jqAw7pH05tDHRflkjUL3t5H","ObjectId":3988}},{"type":"Feature","id":3989,"geometry":{"type":"Point","coordinates":[-71.781727,43.561315]},"properties":{"site_name":"Indeck Energy Center","other_site_names":null,"state":"New Hampshire","industry":"Industry","matrix_type":"Groundwater","matrix":"Groundwater","year":2017,"pfoa":null,"pfos":null,"total_pfas":82,"pfas_level":82,"notes":null,"regulation_gvt_link":null,"resources_link":"https://www4.des.state.nh.us/DESOneStop/PRSDetail.aspx?ID=0000215&Type=PRS","suspected_source_link":"https://nhdes.maps.arcgis.com/apps/View/index.html?appid=66770bef141c43a98a445c54a17720e2&extent=-73.5743,42.5413,-69.6852,45.4509","pfas_testing_link":"https://www4.des.state.nh.us/IISProxy/IISProxy.dll?ContentId=4696086","site_ref_link":"https://drive.google.com/drive/u/0/folders/1WcOIk-FxyYuvPfKURY-F1h3EBrWA3Kg_","state_ref_link":"https://drive.google.com/drive/u/0/folders/1RsSKYaEE8jqAw7pH05tDHRflkjUL3t5H","ObjectId":3989}},{"type":"Feature","id":3990,"geometry":{"type":"Point","coordinates":[-71.236311,43.450963]},"properties":{"site_name":"Irving Oil Bulk Terminal","other_site_names":null,"state":"New Hampshire","industry":"Industry","matrix_type":"Groundwater","matrix":"Groundwater","year":2019,"pfoa":"32","pfos":"240","total_pfas":362,"pfas_level":362,"notes":null,"regulation_gvt_link":null,"resources_link":"https://www4.des.state.nh.us/DESOneStop/PRSDetail.aspx?ID=0038575&Type=PRS","suspected_source_link":"https://nhdes.maps.arcgis.com/apps/View/index.html?appid=66770bef141c43a98a445c54a17720e2&extent=-73.5743,42.5413,-69.6852,45.4509","pfas_testing_link":"https://www4.des.state.nh.us/IISProxy/IISProxy.dll?ContentId=4833274","site_ref_link":"https://drive.google.com/drive/u/0/folders/1fKDOl7xLS2phbqcWmlXF_yoORTPJSnDI","state_ref_link":"https://drive.google.com/drive/u/0/folders/1RsSKYaEE8jqAw7pH05tDHRflkjUL3t5H","ObjectId":3990}},{"type":"Feature","id":3991,"geometry":{"type":"Point","coordinates":[-71.193539,44.194507]},"properties":{"site_name":"Jackson Old Landfill","other_site_names":null,"state":"New Hampshire","industry":"Landfill","matrix_type":"Groundwater","matrix":"Groundwater","year":2017,"pfoa":"8","pfos":"10","total_pfas":null,"pfas_level":17,"notes":null,"regulation_gvt_link":null,"resources_link":"https://www4.des.state.nh.us/DESOneStop/PRSDetail.aspx?ID=0000439&Type=PRS","suspected_source_link":"https://nhdes.maps.arcgis.com/apps/View/index.html?appid=66770bef141c43a98a445c54a17720e2&extent=-73.5743,42.5413,-69.6852,45.4509","pfas_testing_link":"https://www4.des.state.nh.us/IISProxy/IISProxy.dll?ContentId=4691804","site_ref_link":"https://drive.google.com/drive/u/0/folders/1RSwGY0acn18u2_v39MpYo6Kn-nv1f0wt","state_ref_link":"https://drive.google.com/drive/u/0/folders/1RsSKYaEE8jqAw7pH05tDHRflkjUL3t5H","ObjectId":3991}},{"type":"Feature","id":3992,"geometry":{"type":"Point","coordinates":[-71.990594,42.817956]},"properties":{"site_name":"Jaffrey Landfill and Wastewater Treatment Plant","other_site_names":null,"state":"New Hampshire","industry":"Landfill","matrix_type":"Groundwater","matrix":"Groundwater","year":2018,"pfoa":"21","pfos":"26","total_pfas":85,"pfas_level":85,"notes":null,"regulation_gvt_link":null,"resources_link":"https://www4.des.state.nh.us/DESOneStop/PRSDetail.aspx?ID=0000156&Type=PRS","suspected_source_link":"https://nhdes.maps.arcgis.com/apps/View/index.html?appid=66770bef141c43a98a445c54a17720e2&extent=-73.5743,42.5413,-69.6852,45.4509","pfas_testing_link":"https://www4.des.state.nh.us/IISProxy/IISProxy.dll?ContentId=4758751","site_ref_link":"https://drive.google.com/drive/u/0/folders/1F_d--m_5xGTArNZRwIPUomUV5iIsXoja","state_ref_link":"https://drive.google.com/drive/u/0/folders/1RsSKYaEE8jqAw7pH05tDHRflkjUL3t5H","ObjectId":3992}},{"type":"Feature","id":3993,"geometry":{"type":"Point","coordinates":[-70.865693,43.224594]},"properties":{"site_name":"Janco Realty","other_site_names":null,"state":"New Hampshire","industry":"Industry","matrix_type":"Groundwater","matrix":"Groundwater","year":2019,"pfoa":"14","pfos":"19","total_pfas":65,"pfas_level":65,"notes":null,"regulation_gvt_link":null,"resources_link":"https://www4.des.state.nh.us/DESOneStop/PRSDetail.aspx?ID=0009940&Type=PRS","suspected_source_link":"https://nhdes.maps.arcgis.com/apps/View/index.html?appid=66770bef141c43a98a445c54a17720e2&extent=-73.5743,42.5413,-69.6852,45.4509","pfas_testing_link":"https://www4.des.state.nh.us/nh-pfas-investigation/wp-content/uploads/tables-pdf.pdf","site_ref_link":"https://drive.google.com/drive/u/0/folders/1GBjzV1Al-pBWN-xLzuA5cZ1ULags4eas","state_ref_link":"https://drive.google.com/drive/u/0/folders/1RsSKYaEE8jqAw7pH05tDHRflkjUL3t5H","ObjectId":3993}},{"type":"Feature","id":3994,"geometry":{"type":"Point","coordinates":[-71.468246,42.995616]},"properties":{"site_name":"JCM Management","other_site_names":null,"state":"New Hampshire","industry":"Unknown","matrix_type":"Groundwater","matrix":"Groundwater","year":2020,"pfoa":"365","pfos":"674","total_pfas":1621,"pfas_level":1621,"notes":null,"regulation_gvt_link":null,"resources_link":"https://www4.des.state.nh.us/DESOneStop/PRSDetail.aspx?ID=0023463&Type=PRS","suspected_source_link":"https://nhdes.maps.arcgis.com/apps/View/index.html?appid=66770bef141c43a98a445c54a17720e2&extent=-73.5743,42.5413,-69.6852,45.4509","pfas_testing_link":"https://www4.des.state.nh.us/IISProxy/IISProxy.dll?ContentId=4853346","site_ref_link":"https://drive.google.com/drive/u/1/folders/14HSz5048Q3dys3gH3jl8H6_7fbPnUeeD","state_ref_link":"https://drive.google.com/drive/u/0/folders/1RsSKYaEE8jqAw7pH05tDHRflkjUL3t5H","ObjectId":3994}},{"type":"Feature","id":3995,"geometry":{"type":"Point","coordinates":[-71.487487,44.417514]},"properties":{"site_name":"Jefferson Landfill","other_site_names":null,"state":"New Hampshire","industry":"Landfill","matrix_type":"Groundwater","matrix":"Groundwater","year":2017,"pfoa":"1","pfos":"3","total_pfas":7,"pfas_level":7,"notes":null,"regulation_gvt_link":null,"resources_link":"https://www4.des.state.nh.us/DESOneStop/PRSDetail.aspx?ID=0000041&Type=PRS","suspected_source_link":"https://nhdes.maps.arcgis.com/apps/View/index.html?appid=66770bef141c43a98a445c54a17720e2&extent=-73.5743,42.5413,-69.6852,45.4509","pfas_testing_link":"https://www4.des.state.nh.us/IISProxy/IISProxy.dll?ContentId=4717174","site_ref_link":"https://drive.google.com/drive/u/0/folders/1XrLFllr1TqeXBpc7PvOaK4VPu9An61eJ","state_ref_link":"https://drive.google.com/drive/u/0/folders/1RsSKYaEE8jqAw7pH05tDHRflkjUL3t5H","ObjectId":3995}},{"type":"Feature","id":3996,"geometry":{"type":"Point","coordinates":[-71.038239,42.907022]},"properties":{"site_name":"John's Truck & Auto Salvage","other_site_names":null,"state":"New Hampshire","industry":"Industry","matrix_type":"Groundwater","matrix":"Groundwater","year":2018,"pfoa":"7","pfos":"6","total_pfas":27,"pfas_level":27,"notes":null,"regulation_gvt_link":null,"resources_link":"https://www4.des.state.nh.us/DESOneStop/PRSDetail.aspx?ID=0034305&Type=PRS","suspected_source_link":"https://nhdes.maps.arcgis.com/apps/View/index.html?appid=66770bef141c43a98a445c54a17720e2&extent=-73.5743,42.5413,-69.6852,45.4509","pfas_testing_link":"https://www4.des.state.nh.us/IISProxy/IISProxy.dll?ContentId=4759662","site_ref_link":"https://drive.google.com/drive/u/0/folders/10v7YKDqdEErUlMDmcfRkk3O_u8tktaIg","state_ref_link":"https://drive.google.com/drive/u/0/folders/1RsSKYaEE8jqAw7pH05tDHRflkjUL3t5H","ObjectId":3996}},{"type":"Feature","id":3997,"geometry":{"type":"Point","coordinates":[-70.759931,43.055177]},"properties":{"site_name":"Jones Landfill and Ash Containment","other_site_names":null,"state":"New Hampshire","industry":"Landfill","matrix_type":"Groundwater","matrix":"Groundwater","year":2020,"pfoa":"33","pfos":"21","total_pfas":109,"pfas_level":109,"notes":null,"regulation_gvt_link":null,"resources_link":"https://www4.des.state.nh.us/DESOneStop/PRSDetail.aspx?ID=0000080&Type=PRS","suspected_source_link":"https://nhdes.maps.arcgis.com/apps/View/index.html?appid=66770bef141c43a98a445c54a17720e2&extent=-73.5743,42.5413,-69.6852,45.4509","pfas_testing_link":"https://www4.des.state.nh.us/nh-pfas-investigation/wp-content/uploads/tables-pdf.pdf","site_ref_link":"https://drive.google.com/drive/u/0/folders/19wyKnv2fxI0tuM5wFvHBI0yGwB7qY19l","state_ref_link":"https://drive.google.com/drive/u/0/folders/1RsSKYaEE8jqAw7pH05tDHRflkjUL3t5H","ObjectId":3997}},{"type":"Feature","id":3998,"geometry":{"type":"Point","coordinates":[-71.128934,43.973217]},"properties":{"site_name":"Kearsarge Metallurgical Corp","other_site_names":"Kearsarge Metallurgical Corp.","state":"New Hampshire","industry":"Superfund Site","matrix_type":"Groundwater","matrix":"Groundwater","year":2017,"pfoa":"20","pfos":"3","total_pfas":56,"pfas_level":56,"notes":null,"regulation_gvt_link":null,"resources_link":"https://www4.des.state.nh.us/DESOneStop/PRSDetail.aspx?ID=0013323&Type=PRS","suspected_source_link":"https://nhdes.maps.arcgis.com/apps/View/index.html?appid=66770bef141c43a98a445c54a17720e2&extent=-73.5743,42.5413,-69.6852,45.4509","pfas_testing_link":"https://www4.des.state.nh.us/IISProxy/IISProxy.dll?ContentId=4700795","site_ref_link":"https://drive.google.com/drive/u/0/folders/1SQqhdlRA8THvEkwA08hx-exOAy22jWm1","state_ref_link":"https://drive.google.com/drive/u/0/folders/1RsSKYaEE8jqAw7pH05tDHRflkjUL3t5H","ObjectId":3998}},{"type":"Feature","id":3999,"geometry":{"type":"Point","coordinates":[-71.051539,43.034237]},"properties":{"site_name":"Keefe Envir","other_site_names":null,"state":"New Hampshire","industry":"Superfund Site","matrix_type":"Groundwater","matrix":"Groundwater","year":2020,"pfoa":"260","pfos":"25","total_pfas":290,"pfas_level":290,"notes":null,"regulation_gvt_link":null,"resources_link":"https://www4.des.state.nh.us/DESOneStop/PRSDetail.aspx?ID=0000404&Type=PRS","suspected_source_link":"https://nhdes.maps.arcgis.com/apps/View/index.html?appid=66770bef141c43a98a445c54a17720e2&extent=-73.5743,42.5413,-69.6852,45.4509","pfas_testing_link":"https://www4.des.state.nh.us/nh-pfas-investigation/wp-content/uploads/tables-pdf.pdf","site_ref_link":"https://drive.google.com/drive/u/0/folders/1EcZIAW0BZvk5NM9t3-SuRwz9vYmrjsY6","state_ref_link":"https://drive.google.com/drive/u/0/folders/1RsSKYaEE8jqAw7pH05tDHRflkjUL3t5H","ObjectId":3999}},{"type":"Feature","id":4000,"geometry":{"type":"Point","coordinates":[-72.348558,42.976356]},"properties":{"site_name":"Keene Municipal Landfill","other_site_names":null,"state":"New Hampshire","industry":"Landfill","matrix_type":"Groundwater","matrix":"Groundwater","year":2019,"pfoa":"211","pfos":"193","total_pfas":883,"pfas_level":883,"notes":null,"regulation_gvt_link":null,"resources_link":"https://www4.des.state.nh.us/DESOneStop/PRSDetail.aspx?ID=0002333&Type=PRS","suspected_source_link":"https://nhdes.maps.arcgis.com/apps/View/index.html?appid=66770bef141c43a98a445c54a17720e2&extent=-73.5743,42.5413,-69.6852,45.4509","pfas_testing_link":"https://www4.des.state.nh.us/IISProxy/IISProxy.dll?ContentId=4830193","site_ref_link":"https://drive.google.com/drive/u/0/folders/1-Z50LjhgSZCa7hdhOklucV3mZzBv6Zi-","state_ref_link":"https://drive.google.com/drive/u/0/folders/1RsSKYaEE8jqAw7pH05tDHRflkjUL3t5H","ObjectId":4000}},{"type":"Feature","id":4001,"geometry":{"type":"Point","coordinates":[-72.269513,42.917161]},"properties":{"site_name":"Keene Old City Landfill","other_site_names":null,"state":"New Hampshire","industry":"Landfill","matrix_type":"Groundwater","matrix":"Groundwater","year":2019,"pfoa":"22","pfos":"93","total_pfas":953,"pfas_level":953,"notes":null,"regulation_gvt_link":null,"resources_link":"https://www4.des.state.nh.us/DESOneStop/PRSDetail.aspx?ID=0000043&Type=PRS","suspected_source_link":"https://nhdes.maps.arcgis.com/apps/View/index.html?appid=66770bef141c43a98a445c54a17720e2&extent=-73.5743,42.5413,-69.6852,45.4509","pfas_testing_link":"https://www4.des.state.nh.us/IISProxy/IISProxy.dll?ContentId=4814186","site_ref_link":"https://drive.google.com/drive/u/0/folders/1h5c28ioEfUhh-L3kO6tBb6l8XcvBunGm","state_ref_link":"https://drive.google.com/drive/u/0/folders/1RsSKYaEE8jqAw7pH05tDHRflkjUL3t5H","ObjectId":4001}},{"type":"Feature","id":4002,"geometry":{"type":"Point","coordinates":[-71.059822,42.95354]},"properties":{"site_name":"Kingston Landfill","other_site_names":null,"state":"New Hampshire","industry":"Landfill","matrix_type":"Groundwater","matrix":"Groundwater","year":2018,"pfoa":"5","pfos":null,"total_pfas":15,"pfas_level":15,"notes":null,"regulation_gvt_link":null,"resources_link":"https://www4.des.state.nh.us/DESOneStop/PRSDetail.aspx?ID=0000282&Type=PRS","suspected_source_link":"https://nhdes.maps.arcgis.com/apps/View/index.html?appid=66770bef141c43a98a445c54a17720e2&extent=-73.5743,42.5413,-69.6852,45.4509","pfas_testing_link":"https://www4.des.state.nh.us/IISProxy/IISProxy.dll?ContentId=4818914","site_ref_link":"https://drive.google.com/drive/u/0/folders/1qjjha_yhatkz3Dh0tvQsXUSrJvmPZgg8","state_ref_link":"https://drive.google.com/drive/u/0/folders/1RsSKYaEE8jqAw7pH05tDHRflkjUL3t5H","ObjectId":4002}},{"type":"Feature","id":4003,"geometry":{"type":"Point","coordinates":[-71.498881,43.572944]},"properties":{"site_name":"Laconia Landfill","other_site_names":null,"state":"New Hampshire","industry":"Landfill","matrix_type":"Groundwater","matrix":"Groundwater","year":2018,"pfoa":null,"pfos":null,"total_pfas":4,"pfas_level":4,"notes":null,"regulation_gvt_link":null,"resources_link":"https://www4.des.state.nh.us/DESOneStop/PRSDetail.aspx?ID=0000381&Type=PRS","suspected_source_link":"https://nhdes.maps.arcgis.com/apps/View/index.html?appid=66770bef141c43a98a445c54a17720e2&extent=-73.5743,42.5413,-69.6852,45.4509","pfas_testing_link":"https://www4.des.state.nh.us/IISProxy/IISProxy.dll?ContentId=4860791","site_ref_link":"https://drive.google.com/drive/u/0/folders/1a4aEePpLCg0BjVSl-aia3tsmeEnsLD1v","state_ref_link":"https://drive.google.com/drive/u/0/folders/1RsSKYaEE8jqAw7pH05tDHRflkjUL3t5H","ObjectId":4003}},{"type":"Feature","id":4004,"geometry":{"type":"Point","coordinates":[-71.470323,43.536197]},"properties":{"site_name":"Lakes Region Linen","other_site_names":null,"state":"New Hampshire","industry":"Industry","matrix_type":"Groundwater","matrix":"Groundwater","year":2019,"pfoa":"14","pfos":"160","total_pfas":184,"pfas_level":184,"notes":null,"regulation_gvt_link":null,"resources_link":"https://www4.des.state.nh.us/DESOneStop/PRSDetail.aspx?ID=0022199&Type=PRS","suspected_source_link":"https://nhdes.maps.arcgis.com/apps/View/index.html?appid=66770bef141c43a98a445c54a17720e2&extent=-73.5743,42.5413,-69.6852,45.4509","pfas_testing_link":"https://www4.des.state.nh.us/nh-pfas-investigation/wp-content/uploads/tables-pdf.pdf","site_ref_link":"https://drive.google.com/drive/u/0/folders/1OjjER5o6SiHgeuwzZZn_JKqTIhA7cqta","state_ref_link":"https://drive.google.com/drive/u/0/folders/1RsSKYaEE8jqAw7pH05tDHRflkjUL3t5H","ObjectId":4004}},{"type":"Feature","id":4005,"geometry":{"type":"Point","coordinates":[-70.875274,43.267758]},"properties":{"site_name":"Lamprey Regional Solid Waste Cooperative","other_site_names":null,"state":"New Hampshire","industry":"Landfill","matrix_type":"Groundwater","matrix":"Groundwater","year":2018,"pfoa":"16","pfos":"6","total_pfas":57,"pfas_level":57,"notes":null,"regulation_gvt_link":null,"resources_link":"https://www4.des.state.nh.us/DESOneStop/PRSDetail.aspx?ID=0000101&Type=PRS","suspected_source_link":"https://nhdes.maps.arcgis.com/apps/View/index.html?appid=66770bef141c43a98a445c54a17720e2&extent=-73.5743,42.5413,-69.6852,45.4509","pfas_testing_link":"https://www4.des.state.nh.us/nh-pfas-investigation/wp-content/uploads/tables-pdf.pdf","site_ref_link":"https://drive.google.com/drive/u/0/folders/1wzCCuUQYDSUO7r-7I1A5hnMoxJ_-Z2Tu","state_ref_link":"https://drive.google.com/drive/u/0/folders/1RsSKYaEE8jqAw7pH05tDHRflkjUL3t5H","ObjectId":4005}},{"type":"Feature","id":4006,"geometry":{"type":"Point","coordinates":[-71.006085,43.148284]},"properties":{"site_name":"Lee Circle Mobil","other_site_names":null,"state":"New Hampshire","industry":"Industry","matrix_type":"Groundwater","matrix":"Groundwater","year":2018,"pfoa":"28","pfos":"38","total_pfas":84,"pfas_level":84,"notes":null,"regulation_gvt_link":null,"resources_link":"https://www4.des.state.nh.us/DESOneStop/PRSDetail.aspx?ID=0003606&Type=PRS","suspected_source_link":"https://nhdes.maps.arcgis.com/apps/View/index.html?appid=66770bef141c43a98a445c54a17720e2&extent=-73.5743,42.5413,-69.6852,45.4509","pfas_testing_link":"https://www4.des.state.nh.us/IISProxy/IISProxy.dll?ContentId=4761878","site_ref_link":"https://drive.google.com/drive/u/0/folders/1A8YMU99TPaYTHP2Jrbz7motue8ORqFA5","state_ref_link":"https://drive.google.com/drive/u/0/folders/1RsSKYaEE8jqAw7pH05tDHRflkjUL3t5H","ObjectId":4006}},{"type":"Feature","id":4007,"geometry":{"type":"Point","coordinates":[-71.451023,42.764469]},"properties":{"site_name":"Liberty Utilities","other_site_names":null,"state":"New Hampshire","industry":"Industry","matrix_type":"Groundwater","matrix":"Groundwater","year":2019,"pfoa":"14","pfos":"9","total_pfas":104,"pfas_level":104,"notes":"also called EnergyNorth Natural Gas","regulation_gvt_link":null,"resources_link":"https://www4.des.state.nh.us/DESOneStop/PRSDetail.aspx?ID=0008323&Type=PRS","suspected_source_link":"https://nhdes.maps.arcgis.com/apps/View/index.html?appid=66770bef141c43a98a445c54a17720e2&extent=-73.5743,42.5413,-69.6852,45.4509","pfas_testing_link":"https://www4.des.state.nh.us/IISProxy/IISProxy.dll?ContentId=4826597","site_ref_link":"https://drive.google.com/drive/u/0/folders/1-cfFJffzf9_U0_g90v9jKxg0IeZDscxj","state_ref_link":"https://drive.google.com/drive/u/0/folders/1RsSKYaEE8jqAw7pH05tDHRflkjUL3t5H","ObjectId":4007}},{"type":"Feature","id":4008,"geometry":{"type":"Point","coordinates":[-71.501544,42.758459]},"properties":{"site_name":"Lincoln Park","other_site_names":null,"state":"New Hampshire","industry":"Unknown","matrix_type":"Groundwater","matrix":"Groundwater","year":2019,"pfoa":"90","pfos":"22","total_pfas":180,"pfas_level":180,"notes":null,"regulation_gvt_link":null,"resources_link":"https://www4.des.state.nh.us/DESOneStop/PRSDetail.aspx?ID=0011790&Type=PRS","suspected_source_link":"https://nhdes.maps.arcgis.com/apps/View/index.html?appid=66770bef141c43a98a445c54a17720e2&extent=-73.5743,42.5413,-69.6852,45.4509","pfas_testing_link":"https://www4.des.state.nh.us/IISProxy/IISProxy.dll?ContentId=4843888","site_ref_link":"https://drive.google.com/drive/u/0/folders/1zmMs-KoQSl7U4ycUm-nFG8D1zu7IYzn-","state_ref_link":"https://drive.google.com/drive/u/0/folders/1RsSKYaEE8jqAw7pH05tDHRflkjUL3t5H","ObjectId":4008}},{"type":"Feature","id":4009,"geometry":{"type":"Point","coordinates":[-71.922596,44.204369]},"properties":{"site_name":"Lisbon Landfill","other_site_names":null,"state":"New Hampshire","industry":"Landfill","matrix_type":"Groundwater","matrix":"Groundwater","year":2020,"pfoa":"110","pfos":"18","total_pfas":255,"pfas_level":255,"notes":null,"regulation_gvt_link":null,"resources_link":"https://www4.des.state.nh.us/DESOneStop/PRSDetail.aspx?ID=0000140&Type=PRS","suspected_source_link":"https://nhdes.maps.arcgis.com/apps/View/index.html?appid=66770bef141c43a98a445c54a17720e2&extent=-73.5743,42.5413,-69.6852,45.4509","pfas_testing_link":"https://www4.des.state.nh.us/nh-pfas-investigation/wp-content/uploads/tables-pdf.pdf","site_ref_link":"https://drive.google.com/drive/u/0/folders/196ugU1zzS9wsxBUNreXqr69xCmmAiQyb","state_ref_link":"https://drive.google.com/drive/u/0/folders/1RsSKYaEE8jqAw7pH05tDHRflkjUL3t5H","ObjectId":4009}},{"type":"Feature","id":4010,"geometry":{"type":"Point","coordinates":[-71.800205,44.283594]},"properties":{"site_name":"Littleton Town Landfill","other_site_names":null,"state":"New Hampshire","industry":"Landfill","matrix_type":"Groundwater","matrix":"Groundwater","year":2019,"pfoa":"564","pfos":"59","total_pfas":2520,"pfas_level":2520,"notes":null,"regulation_gvt_link":null,"resources_link":"https://www4.des.state.nh.us/DESOneStop/PRSDetail.aspx?ID=0000159&Type=PRS","suspected_source_link":"https://nhdes.maps.arcgis.com/apps/View/index.html?appid=66770bef141c43a98a445c54a17720e2&extent=-73.5743,42.5413,-69.6852,45.4509","pfas_testing_link":"https://www4.des.state.nh.us/nh-pfas-investigation/wp-content/uploads/tables-pdf.pdf","site_ref_link":"https://drive.google.com/drive/u/0/folders/1dv7f0aDl0fNY0aC0E6-fqghT5p0-4AZW","state_ref_link":"https://drive.google.com/drive/u/0/folders/1RsSKYaEE8jqAw7pH05tDHRflkjUL3t5H","ObjectId":4010}},{"type":"Feature","id":4011,"geometry":{"type":"Point","coordinates":[-71.48704,42.868774]},"properties":{"site_name":"Longa Disposal Area","other_site_names":null,"state":"New Hampshire","industry":"Waste","matrix_type":"Groundwater","matrix":"Groundwater","year":2016,"pfoa":"140","pfos":"41","total_pfas":204,"pfas_level":204,"notes":"former Superfund site","regulation_gvt_link":null,"resources_link":"https://www4.des.state.nh.us/DESOneStop/PRSDetail.aspx?ID=0000428&Type=PRS","suspected_source_link":"https://nhdes.maps.arcgis.com/apps/View/index.html?appid=66770bef141c43a98a445c54a17720e2&extent=-73.5743,42.5413,-69.6852,45.4509","pfas_testing_link":"https://www4.des.state.nh.us/IISProxy/IISProxy.dll?ContentId=4606455","site_ref_link":"https://drive.google.com/drive/u/0/folders/1i5VfDVdC3ChI1wi9P5U3VToF4Dl0gvUu","state_ref_link":"https://drive.google.com/drive/u/0/folders/1RsSKYaEE8jqAw7pH05tDHRflkjUL3t5H","ObjectId":4011}},{"type":"Feature","id":4012,"geometry":{"type":"Point","coordinates":[-71.472509,43.312355]},"properties":{"site_name":"Loudon Landfill","other_site_names":null,"state":"New Hampshire","industry":"Landfill","matrix_type":"Groundwater","matrix":"Groundwater","year":2019,"pfoa":"282","pfos":"52","total_pfas":1367,"pfas_level":1367,"notes":null,"regulation_gvt_link":null,"resources_link":"https://www4.des.state.nh.us/DESOneStop/PRSDetail.aspx?ID=0000477&Type=PRS","suspected_source_link":"https://nhdes.maps.arcgis.com/apps/View/index.html?appid=66770bef141c43a98a445c54a17720e2&extent=-73.5743,42.5413,-69.6852,45.4509","pfas_testing_link":"https://www4.des.state.nh.us/nh-pfas-investigation/wp-content/uploads/tables-pdf.pdf","site_ref_link":"https://drive.google.com/drive/u/0/folders/1zmO7pZnMZFnLn4Bi57hPJtQX7I23CuYL","state_ref_link":"https://drive.google.com/drive/u/0/folders/1RsSKYaEE8jqAw7pH05tDHRflkjUL3t5H","ObjectId":4012}},{"type":"Feature","id":4013,"geometry":{"type":"Point","coordinates":[-71.068279,44.019423]},"properties":{"site_name":"Lower Mount Washington Valley Landfill","other_site_names":null,"state":"New Hampshire","industry":"Landfill","matrix_type":"Groundwater","matrix":"Groundwater","year":2019,"pfoa":"1200","pfos":"190","total_pfas":4941,"pfas_level":4941,"notes":null,"regulation_gvt_link":null,"resources_link":"https://www4.des.state.nh.us/DESOneStop/PRSDetail.aspx?ID=0001346&Type=PRS","suspected_source_link":"https://nhdes.maps.arcgis.com/apps/View/index.html?appid=66770bef141c43a98a445c54a17720e2&extent=-73.5743,42.5413,-69.6852,45.4509","pfas_testing_link":"https://www4.des.state.nh.us/IISProxy/IISProxy.dll?ContentId=4827540","site_ref_link":"https://drive.google.com/drive/u/0/folders/1xEIwPZ9BQY5aHvIQ_04tlF1yEL-mIeWM","state_ref_link":"https://drive.google.com/drive/u/0/folders/1RsSKYaEE8jqAw7pH05tDHRflkjUL3t5H","ObjectId":4013}},{"type":"Feature","id":4014,"geometry":{"type":"Point","coordinates":[-71.153711,43.926772]},"properties":{"site_name":"Madison Landfill","other_site_names":null,"state":"New Hampshire","industry":"Landfill","matrix_type":"Groundwater","matrix":"Groundwater","year":2018,"pfoa":"3","pfos":null,"total_pfas":45,"pfas_level":45,"notes":null,"regulation_gvt_link":null,"resources_link":"https://www4.des.state.nh.us/DESOneStop/PRSDetail.aspx?ID=0000141&Type=PRS","suspected_source_link":"https://nhdes.maps.arcgis.com/apps/View/index.html?appid=66770bef141c43a98a445c54a17720e2&extent=-73.5743,42.5413,-69.6852,45.4509","pfas_testing_link":"https://www4.des.state.nh.us/IISProxy/IISProxy.dll?ContentId=4731085","site_ref_link":"https://drive.google.com/drive/u/0/folders/1eW6Q_TH5vVHWpcbv_PVVNiIjw--Aom1y","state_ref_link":"https://drive.google.com/drive/u/0/folders/1RsSKYaEE8jqAw7pH05tDHRflkjUL3t5H","ObjectId":4014}},{"type":"Feature","id":4015,"geometry":{"type":"Point","coordinates":[-72.275077,42.920441]},"properties":{"site_name":"Main Street Sunoco","other_site_names":null,"state":"New Hampshire","industry":"Industry","matrix_type":"Groundwater","matrix":"Groundwater","year":2018,"pfoa":null,"pfos":"5","total_pfas":null,"pfas_level":5,"notes":null,"regulation_gvt_link":null,"resources_link":"https://www4.des.state.nh.us/DESOneStop/PRSDetail.aspx?ID=0015786&Type=PRS","suspected_source_link":"https://nhdes.maps.arcgis.com/apps/View/index.html?appid=66770bef141c43a98a445c54a17720e2&extent=-73.5743,42.5413,-69.6852,45.4509","pfas_testing_link":"https://www4.des.state.nh.us/IISProxy/IISProxy.dll?ContentId=4757774","site_ref_link":"https://drive.google.com/drive/u/0/folders/1YZXeTkk1NXJZ9xRY3wMal_3pcSIyZC6i","state_ref_link":"https://drive.google.com/drive/u/0/folders/1RsSKYaEE8jqAw7pH05tDHRflkjUL3t5H","ObjectId":4015}},{"type":"Feature","id":4016,"geometry":{"type":"Point","coordinates":[-71.461327,42.902947]},"properties":{"site_name":"Majestic Motors","other_site_names":null,"state":"New Hampshire","industry":"Industry","matrix_type":"Groundwater","matrix":"Groundwater","year":2018,"pfoa":"650","pfos":"34","total_pfas":921,"pfas_level":921,"notes":null,"regulation_gvt_link":null,"resources_link":"https://www4.des.state.nh.us/DESOneStop/PRSDetail.aspx?ID=0017144&Type=PRS","suspected_source_link":"https://nhdes.maps.arcgis.com/apps/View/index.html?appid=66770bef141c43a98a445c54a17720e2&extent=-73.5743,42.5413,-69.6852,45.4509","pfas_testing_link":"https://www4.des.state.nh.us/IISProxy/IISProxy.dll?ContentId=4734704","site_ref_link":"https://drive.google.com/drive/u/0/folders/1ssyprXW3oBcyVd8jE62jEwWQELBifMhu","state_ref_link":"https://drive.google.com/drive/u/0/folders/1RsSKYaEE8jqAw7pH05tDHRflkjUL3t5H","ObjectId":4016}},{"type":"Feature","id":4017,"geometry":{"type":"Point","coordinates":[-71.492862,43.018372]},"properties":{"site_name":"Manchester Landfill","other_site_names":null,"state":"New Hampshire","industry":"Landfill","matrix_type":"Groundwater","matrix":"Groundwater","year":2018,"pfoa":"532","pfos":"48","total_pfas":999,"pfas_level":999,"notes":null,"regulation_gvt_link":null,"resources_link":"https://www4.des.state.nh.us/DESOneStop/PRSDetail.aspx?ID=0000047&Type=PRS","suspected_source_link":"https://nhdes.maps.arcgis.com/apps/View/index.html?appid=66770bef141c43a98a445c54a17720e2&extent=-73.5743,42.5413,-69.6852,45.4509","pfas_testing_link":"https://www4.des.state.nh.us/IISProxy/IISProxy.dll?ContentId=4829257","site_ref_link":"https://drive.google.com/drive/u/1/folders/1LRN9WENLkVTTm4CVFBbncCFQHSEv9D8-","state_ref_link":"https://drive.google.com/drive/u/0/folders/1RsSKYaEE8jqAw7pH05tDHRflkjUL3t5H","ObjectId":4017}},{"type":"Feature","id":4018,"geometry":{"type":"Point","coordinates":[-71.464258,42.995023]},"properties":{"site_name":"Manchester Place","other_site_names":null,"state":"New Hampshire","industry":"Unknown","matrix_type":"Groundwater","matrix":"Groundwater","year":2017,"pfoa":"34","pfos":"15","total_pfas":null,"pfas_level":49,"notes":null,"regulation_gvt_link":null,"resources_link":"https://www4.des.state.nh.us/DESOneStop/PRSDetail.aspx?ID=0004712&Type=PRS","suspected_source_link":"https://nhdes.maps.arcgis.com/apps/View/index.html?appid=66770bef141c43a98a445c54a17720e2&extent=-73.5743,42.5413,-69.6852,45.4509","pfas_testing_link":"https://www4.des.state.nh.us/IISProxy/IISProxy.dll?ContentId=4814173","site_ref_link":"https://drive.google.com/drive/u/1/folders/1tmYv4Bw-cfmgpH6NYBsf7bD8nrAbmGX2","state_ref_link":"https://drive.google.com/drive/u/0/folders/1RsSKYaEE8jqAw7pH05tDHRflkjUL3t5H","ObjectId":4018}},{"type":"Feature","id":4019,"geometry":{"type":"Point","coordinates":[-71.466762,42.97671]},"properties":{"site_name":"Manchester Transit Authority","other_site_names":null,"state":"New Hampshire","industry":"Industry","matrix_type":"Groundwater","matrix":"Groundwater","year":2019,"pfoa":"24","pfos":"10","total_pfas":87,"pfas_level":87,"notes":null,"regulation_gvt_link":null,"resources_link":"https://www4.des.state.nh.us/DESOneStop/PRSDetail.aspx?ID=0011656&Type=PRS","suspected_source_link":"https://nhdes.maps.arcgis.com/apps/View/index.html?appid=66770bef141c43a98a445c54a17720e2&extent=-73.5743,42.5413,-69.6852,45.4509","pfas_testing_link":"https://www4.des.state.nh.us/IISProxy/IISProxy.dll?ContentId=4783156","site_ref_link":"https://drive.google.com/drive/u/0/folders/1Y0imIYK1xVs3Ec8_ItcDGHTagOXYHICE","state_ref_link":"https://drive.google.com/drive/u/0/folders/1RsSKYaEE8jqAw7pH05tDHRflkjUL3t5H","ObjectId":4019}},{"type":"Feature","id":4020,"geometry":{"type":"Point","coordinates":[-71.435218,42.929687]},"properties":{"site_name":"Manchester-Boston Regional Airport","other_site_names":null,"state":"New Hampshire","industry":"Airport","matrix_type":"Groundwater","matrix":"Groundwater","year":2019,"pfoa":"290","pfos":"100","total_pfas":1601,"pfas_level":1601,"notes":null,"regulation_gvt_link":null,"resources_link":"https://www4.des.state.nh.us/DESOneStop/PRSDetail.aspx?ID=0010334&Type=PRS","suspected_source_link":"https://nhdes.maps.arcgis.com/apps/View/index.html?appid=66770bef141c43a98a445c54a17720e2&extent=-73.5743,42.5413,-69.6852,45.4509","pfas_testing_link":"https://www4.des.state.nh.us/IISProxy/IISProxy.dll?ContentId=4829455","site_ref_link":"https://drive.google.com/drive/u/0/folders/1fX2-qeCG3CBnYTvdm54QhnvPxXTul22d","state_ref_link":"https://drive.google.com/drive/u/0/folders/1RsSKYaEE8jqAw7pH05tDHRflkjUL3t5H","ObjectId":4020}},{"type":"Feature","id":4021,"geometry":{"type":"Point","coordinates":[-72.191472,42.914158]},"properties":{"site_name":"Marlborough Landfill","other_site_names":null,"state":"New Hampshire","industry":"Landfill","matrix_type":"Groundwater","matrix":"Groundwater","year":2018,"pfoa":"28","pfos":"34","total_pfas":71,"pfas_level":71,"notes":null,"regulation_gvt_link":null,"resources_link":"https://www4.des.state.nh.us/DESOneStop/PRSDetail.aspx?ID=0000051&Type=PRS","suspected_source_link":"https://nhdes.maps.arcgis.com/apps/View/index.html?appid=66770bef141c43a98a445c54a17720e2&extent=-73.5743,42.5413,-69.6852,45.4509","pfas_testing_link":"https://www4.des.state.nh.us/nh-pfas-investigation/wp-content/uploads/tables-pdf.pdf","site_ref_link":"https://drive.google.com/drive/u/0/folders/1XsoyeNi-9vhUUd5S11-RF8nC9a_oHLxK","state_ref_link":"https://drive.google.com/drive/u/0/folders/1RsSKYaEE8jqAw7pH05tDHRflkjUL3t5H","ObjectId":4021}},{"type":"Feature","id":4022,"geometry":{"type":"Point","coordinates":[-72.21665,43.127066]},"properties":{"site_name":"Marlow Municipal Landfill","other_site_names":null,"state":"New Hampshire","industry":"Landfill","matrix_type":"Groundwater","matrix":"Groundwater","year":2020,"pfoa":"139","pfos":"1600","total_pfas":1746,"pfas_level":1746,"notes":null,"regulation_gvt_link":null,"resources_link":"https://www4.des.state.nh.us/DESOneStop/PRSDetail.aspx?ID=0002814&Type=PRS","suspected_source_link":"https://nhdes.maps.arcgis.com/apps/View/index.html?appid=66770bef141c43a98a445c54a17720e2&extent=-73.5743,42.5413,-69.6852,45.4509","pfas_testing_link":"https://www4.des.state.nh.us/IISProxy/IISProxy.dll?ContentId=4788376","site_ref_link":"https://drive.google.com/drive/u/0/folders/198-haqPVCjrBLYpMu330l9NOiAsvGLz6","state_ref_link":"https://drive.google.com/drive/u/0/folders/1RsSKYaEE8jqAw7pH05tDHRflkjUL3t5H","ObjectId":4022}},{"type":"Feature","id":4023,"geometry":{"type":"Point","coordinates":[-72.165423,42.803824]},"properties":{"site_name":"Meadowood Assembly Hall","other_site_names":null,"state":"New Hampshire","industry":"Unknown","matrix_type":"Groundwater","matrix":"Groundwater","year":2020,"pfoa":"35","pfos":"1100","total_pfas":1505,"pfas_level":1505,"notes":null,"regulation_gvt_link":null,"resources_link":"https://www4.des.state.nh.us/DESOneStop/PRSDetail.aspx?ID=0010403&Type=PRS","suspected_source_link":"https://nhdes.maps.arcgis.com/apps/View/index.html?appid=66770bef141c43a98a445c54a17720e2&extent=-73.5743,42.5413,-69.6852,45.4509","pfas_testing_link":"https://www4.des.state.nh.us/nh-pfas-investigation/wp-content/uploads/tables-pdf.pdf","site_ref_link":"https://drive.google.com/drive/u/0/folders/1roWrSkGujxC1pOdwJYZZrRlbrLnq69Yl","state_ref_link":"https://drive.google.com/drive/u/0/folders/1RsSKYaEE8jqAw7pH05tDHRflkjUL3t5H","ObjectId":4023}},{"type":"Feature","id":4024,"geometry":{"type":"Point","coordinates":[-71.448814,42.771821]},"properties":{"site_name":"Melba Burton Property","other_site_names":null,"state":"New Hampshire","industry":"Unknown","matrix_type":"Groundwater","matrix":"Groundwater","year":2018,"pfoa":"8","pfos":null,"total_pfas":12,"pfas_level":12,"notes":null,"regulation_gvt_link":null,"resources_link":"https://www4.des.state.nh.us/DESOneStop/PRSDetail.aspx?ID=0007970&Type=PRS","suspected_source_link":"https://nhdes.maps.arcgis.com/apps/View/index.html?appid=66770bef141c43a98a445c54a17720e2&extent=-73.5743,42.5413,-69.6852,45.4509","pfas_testing_link":"https://www4.des.state.nh.us/IISProxy/IISProxy.dll?ContentId=4746641","site_ref_link":"https://drive.google.com/drive/u/0/folders/1HX4rscRVyKDdmY7KFrAdkVLH9hTFG6a2","state_ref_link":"https://drive.google.com/drive/u/0/folders/1RsSKYaEE8jqAw7pH05tDHRflkjUL3t5H","ObjectId":4024}},{"type":"Feature","id":4025,"geometry":{"type":"Point","coordinates":[-71.505061,43.670341]},"properties":{"site_name":"Meredith Landfill","other_site_names":null,"state":"New Hampshire","industry":"Landfill","matrix_type":"Groundwater","matrix":"Groundwater","year":2020,"pfoa":"89","pfos":"36","total_pfas":141,"pfas_level":141,"notes":null,"regulation_gvt_link":null,"resources_link":"https://www4.des.state.nh.us/DESOneStop/PRSDetail.aspx?ID=0000052&Type=PRS","suspected_source_link":"https://nhdes.maps.arcgis.com/apps/View/index.html?appid=66770bef141c43a98a445c54a17720e2&extent=-73.5743,42.5413,-69.6852,45.4509","pfas_testing_link":"https://www4.des.state.nh.us/IISProxy/IISProxy.dll?ContentId=4788376","site_ref_link":"https://drive.google.com/drive/u/0/folders/1lXkpybaXpLqrSU8e3LsWAh9jv8YzpNuq","state_ref_link":"https://drive.google.com/drive/u/0/folders/1RsSKYaEE8jqAw7pH05tDHRflkjUL3t5H","ObjectId":4025}},{"type":"Feature","id":4026,"geometry":{"type":"Point","coordinates":[-72.263904,43.540073]},"properties":{"site_name":"Meriden Wastewater Treatment Facility","other_site_names":null,"state":"New Hampshire","industry":"WWTP","matrix_type":"Groundwater","matrix":"Groundwater","year":2018,"pfoa":"10","pfos":"7","total_pfas":236,"pfas_level":236,"notes":null,"regulation_gvt_link":null,"resources_link":"https://www4.des.state.nh.us/DESOneStop/PRSDetail.aspx?ID=0002935&Type=PRS","suspected_source_link":"https://nhdes.maps.arcgis.com/apps/View/index.html?appid=66770bef141c43a98a445c54a17720e2&extent=-73.5743,42.5413,-69.6852,45.4509","pfas_testing_link":"https://www4.des.state.nh.us/IISProxy/IISProxy.dll?ContentId=4757845","site_ref_link":"https://drive.google.com/drive/u/0/folders/1cJ3D_m6nBgBVB-PiPWu6Gd7QMfQTMjZc","state_ref_link":"https://drive.google.com/drive/u/0/folders/1RsSKYaEE8jqAw7pH05tDHRflkjUL3t5H","ObjectId":4026}},{"type":"Feature","id":4027,"geometry":{"type":"Point","coordinates":[-71.544119,42.896111]},"properties":{"site_name":"Merrimack Landfill","other_site_names":null,"state":"New Hampshire","industry":"Landfill","matrix_type":"Groundwater","matrix":"Groundwater","year":2019,"pfoa":"2450","pfos":"1400","total_pfas":5536,"pfas_level":5536,"notes":null,"regulation_gvt_link":null,"resources_link":"https://www4.des.state.nh.us/DESOneStop/PRSDetail.aspx?ID=0000055&Type=PRS","suspected_source_link":"https://nhdes.maps.arcgis.com/apps/View/index.html?appid=66770bef141c43a98a445c54a17720e2&extent=-73.5743,42.5413,-69.6852,45.4509","pfas_testing_link":"https://www4.des.state.nh.us/IISProxy/IISProxy.dll?ContentId=4788376","site_ref_link":"https://drive.google.com/drive/u/0/folders/1UGvYwZ82SztDXNI7MVqsUl81kQiQTJN8","state_ref_link":"https://drive.google.com/drive/u/0/folders/1RsSKYaEE8jqAw7pH05tDHRflkjUL3t5H","ObjectId":4027}},{"type":"Feature","id":4028,"geometry":{"type":"Point","coordinates":[-71.468597,43.534814]},"properties":{"site_name":"Messer Street Coal Tar Site","other_site_names":null,"state":"New Hampshire","industry":"Industry","matrix_type":"Groundwater","matrix":"Groundwater","year":2020,"pfoa":"48","pfos":"8","total_pfas":4388,"pfas_level":4388,"notes":null,"regulation_gvt_link":null,"resources_link":"https://www4.des.state.nh.us/DESOneStop/PRSDetail.aspx?ID=0004618&Type=PRS","suspected_source_link":"https://nhdes.maps.arcgis.com/apps/View/index.html?appid=66770bef141c43a98a445c54a17720e2&extent=-73.5743,42.5413,-69.6852,45.4509","pfas_testing_link":"https://www4.des.state.nh.us/IISProxy/IISProxy.dll?ContentId=4848181","site_ref_link":"https://drive.google.com/drive/u/0/folders/197xuW_u2w42MLcQKRyb1ksBLkUemroHB","state_ref_link":"https://drive.google.com/drive/u/0/folders/1RsSKYaEE8jqAw7pH05tDHRflkjUL3t5H","ObjectId":4028}},{"type":"Feature","id":4029,"geometry":{"type":"Point","coordinates":[-71.62557,42.823687]},"properties":{"site_name":"Milford Sludge Disposal Land","other_site_names":null,"state":"New Hampshire","industry":"WWTP","matrix_type":"Groundwater","matrix":"Groundwater","year":2019,"pfoa":"60","pfos":"79","total_pfas":227,"pfas_level":227,"notes":null,"regulation_gvt_link":null,"resources_link":"https://www4.des.state.nh.us/DESOneStop/PRSDetail.aspx?ID=0000337&Type=PRS","suspected_source_link":"https://nhdes.maps.arcgis.com/apps/View/index.html?appid=66770bef141c43a98a445c54a17720e2&extent=-73.5743,42.5413,-69.6852,45.4509","pfas_testing_link":"https://www4.des.state.nh.us/nh-pfas-investigation/wp-content/uploads/tables-pdf.pdf","site_ref_link":"https://drive.google.com/drive/u/0/folders/1P_PHlmlCxtLci556MFGzDktv4Op6I0PS","state_ref_link":"https://drive.google.com/drive/u/0/folders/1RsSKYaEE8jqAw7pH05tDHRflkjUL3t5H","ObjectId":4029}},{"type":"Feature","id":4030,"geometry":{"type":"Point","coordinates":[-71.663498,42.842855]},"properties":{"site_name":"Milford Transfer Station","other_site_names":null,"state":"New Hampshire","industry":"Landfill","matrix_type":"Groundwater","matrix":"Groundwater","year":2020,"pfoa":"48","pfos":"34","total_pfas":155,"pfas_level":155,"notes":null,"regulation_gvt_link":null,"resources_link":"https://www4.des.state.nh.us/DESOneStop/PRSDetail.aspx?ID=0001960&Type=PRS","suspected_source_link":"https://nhdes.maps.arcgis.com/apps/View/index.html?appid=66770bef141c43a98a445c54a17720e2&extent=-73.5743,42.5413,-69.6852,45.4509","pfas_testing_link":"https://www4.des.state.nh.us/IISProxy/IISProxy.dll?ContentId=4849019","site_ref_link":"https://drive.google.com/drive/u/0/folders/11tPbXjoQvQ2e69ZuEc_klF_raxwNEN_o","state_ref_link":"https://drive.google.com/drive/u/0/folders/1RsSKYaEE8jqAw7pH05tDHRflkjUL3t5H","ObjectId":4030}},{"type":"Feature","id":4031,"geometry":{"type":"Point","coordinates":[-71.471957,42.992564]},"properties":{"site_name":"Mill West","other_site_names":null,"state":"New Hampshire","industry":"Unknown","matrix_type":"Groundwater","matrix":"Groundwater","year":2017,"pfoa":"15","pfos":"39","total_pfas":95,"pfas_level":95,"notes":null,"regulation_gvt_link":null,"resources_link":"https://www4.des.state.nh.us/DESOneStop/PRSDetail.aspx?ID=0001389&Type=PRS","suspected_source_link":"https://nhdes.maps.arcgis.com/apps/View/index.html?appid=66770bef141c43a98a445c54a17720e2&extent=-73.5743,42.5413,-69.6852,45.4509","pfas_testing_link":"https://www4.des.state.nh.us/IISProxy/IISProxy.dll?ContentId=4669247","site_ref_link":"https://drive.google.com/drive/u/1/folders/1cel7IEpCZhPtOYCRmHwUgrovhiue8koA","state_ref_link":"https://drive.google.com/drive/u/0/folders/1RsSKYaEE8jqAw7pH05tDHRflkjUL3t5H","ObjectId":4031}},{"type":"Feature","id":4032,"geometry":{"type":"Point","coordinates":[-70.991984,43.434072]},"properties":{"site_name":"Milton Town Landfill","other_site_names":null,"state":"New Hampshire","industry":"Landfill","matrix_type":"Groundwater","matrix":"Groundwater","year":2019,"pfoa":"11","pfos":"25","total_pfas":null,"pfas_level":36,"notes":null,"regulation_gvt_link":null,"resources_link":"https://www4.des.state.nh.us/DESOneStop/PRSDetail.aspx?ID=0001966&Type=PRS","suspected_source_link":"https://nhdes.maps.arcgis.com/apps/View/index.html?appid=66770bef141c43a98a445c54a17720e2&extent=-73.5743,42.5413,-69.6852,45.4509","pfas_testing_link":"https://www4.des.state.nh.us/nh-pfas-investigation/wp-content/uploads/tables-pdf.pdf","site_ref_link":"https://drive.google.com/drive/u/0/folders/1_aSx9dgco_LfVgpTZsKIfRlI6Ur9t8ao","state_ref_link":"https://drive.google.com/drive/u/0/folders/1RsSKYaEE8jqAw7pH05tDHRflkjUL3t5H","ObjectId":4032}},{"type":"Feature","id":4033,"geometry":{"type":"Point","coordinates":[-70.876288,43.18295]},"properties":{"site_name":"Moore Business Equipment","other_site_names":null,"state":"New Hampshire","industry":"Industry","matrix_type":"Groundwater","matrix":"Groundwater","year":2019,"pfoa":"8","pfos":"7","total_pfas":35,"pfas_level":35,"notes":null,"regulation_gvt_link":null,"resources_link":"https://www4.des.state.nh.us/DESOneStop/PRSDetail.aspx?ID=0010870&Type=PRS","suspected_source_link":"https://nhdes.maps.arcgis.com/apps/View/index.html?appid=66770bef141c43a98a445c54a17720e2&extent=-73.5743,42.5413,-69.6852,45.4509","pfas_testing_link":"https://www4.des.state.nh.us/IISProxy/IISProxy.dll?ContentId=4768852","site_ref_link":"https://drive.google.com/drive/u/0/folders/1stBeyDp9XlWwgNQEp5iGjDm02tkTM1Ez","state_ref_link":"https://drive.google.com/drive/u/0/folders/1RsSKYaEE8jqAw7pH05tDHRflkjUL3t5H","ObjectId":4033}},{"type":"Feature","id":4034,"geometry":{"type":"Point","coordinates":[-71.175142,42.988892]},"properties":{"site_name":"Mottolo Waste Site","other_site_names":"Mottolo Pig Farm","state":"New Hampshire","industry":"Superfund Site","matrix_type":"Groundwater","matrix":"Groundwater","year":2019,"pfoa":"480","pfos":"180","total_pfas":761,"pfas_level":761,"notes":null,"regulation_gvt_link":null,"resources_link":"https://www4.des.state.nh.us/DESOneStop/PRSDetail.aspx?ID=0002032&Type=PRS","suspected_source_link":"https://nhdes.maps.arcgis.com/apps/View/index.html?appid=66770bef141c43a98a445c54a17720e2&extent=-73.5743,42.5413,-69.6852,45.4509","pfas_testing_link":"https://www4.des.state.nh.us/IISProxy/IISProxy.dll?ContentId=4788376","site_ref_link":"https://drive.google.com/drive/u/0/folders/1C7By_pgmLRLd9z_f-_UmJO-wnGRCy49V","state_ref_link":"https://drive.google.com/drive/u/0/folders/1RsSKYaEE8jqAw7pH05tDHRflkjUL3t5H","ObjectId":4034}},{"type":"Feature","id":4035,"geometry":{"type":"Point","coordinates":[-71.14808,44.457651]},"properties":{"site_name":"Mt. Carberry Landfill","other_site_names":null,"state":"New Hampshire","industry":"Landfill","matrix_type":"Groundwater","matrix":"Groundwater","year":2020,"pfoa":"240","pfos":"30","total_pfas":388,"pfas_level":388,"notes":null,"regulation_gvt_link":null,"resources_link":"https://www4.des.state.nh.us/DESOneStop/PRSDetail.aspx?ID=0000297&Type=PRS","suspected_source_link":"https://nhdes.maps.arcgis.com/apps/View/index.html?appid=66770bef141c43a98a445c54a17720e2&extent=-73.5743,42.5413,-69.6852,45.4509","pfas_testing_link":"https://www4.des.state.nh.us/nh-pfas-investigation/wp-content/uploads/tables-pdf.pdf","site_ref_link":"https://drive.google.com/drive/u/0/folders/1sD6L7qc_EYvQHHI8GHn25a9F-QhTy6JM","state_ref_link":"https://drive.google.com/drive/u/0/folders/1RsSKYaEE8jqAw7pH05tDHRflkjUL3t5H","ObjectId":4035}},{"type":"Feature","id":4036,"geometry":{"type":"Point","coordinates":[-71.515089,42.938886]},"properties":{"site_name":"Nashua Road Property","other_site_names":null,"state":"New Hampshire","industry":"Unknown","matrix_type":"Groundwater","matrix":"Groundwater","year":2020,"pfoa":"24","pfos":"9","total_pfas":56,"pfas_level":56,"notes":null,"regulation_gvt_link":null,"resources_link":"https://www4.des.state.nh.us/DESOneStop/PRSDetail.aspx?ID=0015355&Type=PRS","suspected_source_link":"https://nhdes.maps.arcgis.com/apps/View/index.html?appid=66770bef141c43a98a445c54a17720e2&extent=-73.5743,42.5413,-69.6852,45.4509","pfas_testing_link":"https://www4.des.state.nh.us/IISProxy/IISProxy.dll?ContentId=4838813","site_ref_link":"https://drive.google.com/drive/u/0/folders/1he9M5qlpZkh05IP4n3dG2LJsNBYVM32u","state_ref_link":"https://drive.google.com/drive/u/0/folders/1RsSKYaEE8jqAw7pH05tDHRflkjUL3t5H","ObjectId":4036}},{"type":"Feature","id":4037,"geometry":{"type":"Point","coordinates":[-71.634047,44.259472]},"properties":{"site_name":"NCES Landfill","other_site_names":null,"state":"New Hampshire","industry":"Landfill","matrix_type":"Groundwater","matrix":"Groundwater","year":2020,"pfoa":"13","pfos":"4","total_pfas":87,"pfas_level":87,"notes":null,"regulation_gvt_link":null,"resources_link":"https://www4.des.state.nh.us/DESOneStop/PRSDetail.aspx?ID=0000149&Type=PRS","suspected_source_link":"https://nhdes.maps.arcgis.com/apps/View/index.html?appid=66770bef141c43a98a445c54a17720e2&extent=-73.5743,42.5413,-69.6852,45.4509","pfas_testing_link":"https://www4.des.state.nh.us/IISProxy/IISProxy.dll?ContentId=4851399","site_ref_link":"https://drive.google.com/drive/u/0/folders/1-kjEn6vdiw2trj-XTOPCmodLVEgFRsKv","state_ref_link":"https://drive.google.com/drive/u/0/folders/1RsSKYaEE8jqAw7pH05tDHRflkjUL3t5H","ObjectId":4037}},{"type":"Feature","id":4038,"geometry":{"type":"Point","coordinates":[-71.737353,42.960419]},"properties":{"site_name":"New Boston Landfill","other_site_names":null,"state":"New Hampshire","industry":"Landfill","matrix_type":"Groundwater","matrix":"Groundwater","year":2019,"pfoa":"15","pfos":"4","total_pfas":30,"pfas_level":30,"notes":null,"regulation_gvt_link":null,"resources_link":"https://www4.des.state.nh.us/DESOneStop/PRSDetail.aspx?ID=0000274&Type=PRS","suspected_source_link":"https://nhdes.maps.arcgis.com/apps/View/index.html?appid=66770bef141c43a98a445c54a17720e2&extent=-73.5743,42.5413,-69.6852,45.4509","pfas_testing_link":"https://www4.des.state.nh.us/nh-pfas-investigation/wp-content/uploads/tables-pdf.pdf","site_ref_link":"https://drive.google.com/drive/u/1/folders/1-dhx6DP54S78gLWQjO4rxhXgKpP415WB","state_ref_link":"https://drive.google.com/drive/u/0/folders/1RsSKYaEE8jqAw7pH05tDHRflkjUL3t5H","ObjectId":4038}},{"type":"Feature","id":4039,"geometry":{"type":"Point","coordinates":[-70.91519,43.170689]},"properties":{"site_name":"New England Metal Recycling","other_site_names":null,"state":"New Hampshire","industry":"Landfill","matrix_type":"Groundwater","matrix":"Groundwater","year":2020,"pfoa":"1700","pfos":"1440","total_pfas":4144,"pfas_level":4144,"notes":null,"regulation_gvt_link":null,"resources_link":"https://www4.des.state.nh.us/DESOneStop/PRSDetail.aspx?ID=0000220&Type=PRS","suspected_source_link":"https://nhdes.maps.arcgis.com/apps/View/index.html?appid=66770bef141c43a98a445c54a17720e2&extent=-73.5743,42.5413,-69.6852,45.4509","pfas_testing_link":"https://www4.des.state.nh.us/nh-pfas-investigation/wp-content/uploads/tables-pdf.pdf","site_ref_link":"https://drive.google.com/drive/u/0/folders/155MhccVyqz_ncciUlIF9YsmUgOUXOJt1","state_ref_link":"https://drive.google.com/drive/u/0/folders/1RsSKYaEE8jqAw7pH05tDHRflkjUL3t5H","ObjectId":4039}},{"type":"Feature","id":4040,"geometry":{"type":"Point","coordinates":[-71.477383,43.207898]},"properties":{"site_name":"Richard Flynn Fire Academy","other_site_names":null,"state":"New Hampshire","industry":"Fire Department/Training Facility","matrix_type":"Groundwater","matrix":"Groundwater","year":2019,"pfoa":"2200","pfos":"35000","total_pfas":92346,"pfas_level":92346,"notes":null,"regulation_gvt_link":null,"resources_link":"https://www4.des.state.nh.us/DESOneStop/PRSDetail.aspx?ID=0038711&Type=PRS","suspected_source_link":"https://nhdes.maps.arcgis.com/apps/View/index.html?appid=66770bef141c43a98a445c54a17720e2&extent=-73.5743,42.5413,-69.6852,45.4509","pfas_testing_link":"https://www4.des.state.nh.us/IISProxy/IISProxy.dll?ContentId=4858799","site_ref_link":"https://drive.google.com/drive/u/0/folders/1vEW_reU3vcG8Ils63p5--u5u6mjtR3Ao","state_ref_link":"https://drive.google.com/drive/u/0/folders/1RsSKYaEE8jqAw7pH05tDHRflkjUL3t5H","ObjectId":4040}},{"type":"Feature","id":4041,"geometry":{"type":"Point","coordinates":[-71.912218,42.784522]},"properties":{"site_name":"New Ipswich Landfill","other_site_names":null,"state":"New Hampshire","industry":"Landfill","matrix_type":"Groundwater","matrix":"Groundwater","year":2018,"pfoa":"719","pfos":"569","total_pfas":2782,"pfas_level":2782,"notes":null,"regulation_gvt_link":null,"resources_link":"https://www4.des.state.nh.us/DESOneStop/PRSDetail.aspx?ID=0000058&Type=PRS","suspected_source_link":"https://nhdes.maps.arcgis.com/apps/View/index.html?appid=66770bef141c43a98a445c54a17720e2&extent=-73.5743,42.5413,-69.6852,45.4509","pfas_testing_link":"https://www4.des.state.nh.us/IISProxy/IISProxy.dll?ContentId=4780468","site_ref_link":"https://drive.google.com/drive/u/1/folders/1_XGRMlQ1pM94F5yrROIso_kHzuh8vXtr","state_ref_link":"https://drive.google.com/drive/u/0/folders/1RsSKYaEE8jqAw7pH05tDHRflkjUL3t5H","ObjectId":4041}},{"type":"Feature","id":4042,"geometry":{"type":"Point","coordinates":[-71.920111,43.40675]},"properties":{"site_name":"New London Old Town Landfill","other_site_names":null,"state":"New Hampshire","industry":"Landfill","matrix_type":"Groundwater","matrix":"Groundwater","year":2019,"pfoa":"40","pfos":"42","total_pfas":55,"pfas_level":82,"notes":null,"regulation_gvt_link":null,"resources_link":"https://www4.des.state.nh.us/DESOneStop/PRSDetail.aspx?ID=0000059&Type=PRS","suspected_source_link":"https://nhdes.maps.arcgis.com/apps/View/index.html?appid=66770bef141c43a98a445c54a17720e2&extent=-73.5743,42.5413,-69.6852,45.4509","pfas_testing_link":"https://www4.des.state.nh.us/IISProxy/IISProxy.dll?ContentId=4821261","site_ref_link":"https://drive.google.com/drive/u/0/folders/1ghnvtqT0G2tYZeerByFpPmTuPeIEttuP","state_ref_link":"https://drive.google.com/drive/u/0/folders/1RsSKYaEE8jqAw7pH05tDHRflkjUL3t5H","ObjectId":4042}},{"type":"Feature","id":4043,"geometry":{"type":"Point","coordinates":[-71.997335,43.43474]},"properties":{"site_name":"New London Stump Dump","other_site_names":null,"state":"New Hampshire","industry":"Landfill","matrix_type":"Groundwater","matrix":"Groundwater","year":2018,"pfoa":"9","pfos":"14","total_pfas":40,"pfas_level":40,"notes":null,"regulation_gvt_link":null,"resources_link":"https://www4.des.state.nh.us/DESOneStop/PRSDetail.aspx?ID=0000396&Type=PRS","suspected_source_link":"https://nhdes.maps.arcgis.com/apps/View/index.html?appid=66770bef141c43a98a445c54a17720e2&extent=-73.5743,42.5413,-69.6852,45.4509","pfas_testing_link":"https://www4.des.state.nh.us/IISProxy/IISProxy.dll?ContentId=4748173","site_ref_link":"https://drive.google.com/drive/u/0/folders/1_P7tsF9gCCcPB_2EltbsrAlG8HgRbj_K","state_ref_link":"https://drive.google.com/drive/u/0/folders/1RsSKYaEE8jqAw7pH05tDHRflkjUL3t5H","ObjectId":4043}},{"type":"Feature","id":4044,"geometry":{"type":"Point","coordinates":[-72.017334,43.312554]},"properties":{"site_name":"Newbury Landfill","other_site_names":null,"state":"New Hampshire","industry":"Landfill","matrix_type":"Groundwater","matrix":"Groundwater","year":2018,"pfoa":"48","pfos":"240","total_pfas":511,"pfas_level":511,"notes":null,"regulation_gvt_link":null,"resources_link":"https://www4.des.state.nh.us/DESOneStop/PRSDetail.aspx?ID=0000588&Type=PRS","suspected_source_link":"https://nhdes.maps.arcgis.com/apps/View/index.html?appid=66770bef141c43a98a445c54a17720e2&extent=-73.5743,42.5413,-69.6852,45.4509","pfas_testing_link":"https://www4.des.state.nh.us/IISProxy/IISProxy.dll?ContentId=4762860","site_ref_link":"https://drive.google.com/drive/u/0/folders/1KsVnIvB5x7WwBp3d79aGxsJI7LPi1bwL","state_ref_link":"https://drive.google.com/drive/u/0/folders/1RsSKYaEE8jqAw7pH05tDHRflkjUL3t5H","ObjectId":4044}},{"type":"Feature","id":4045,"geometry":{"type":"Point","coordinates":[-70.98845,43.073156]},"properties":{"site_name":"Newmarket Landfill","other_site_names":null,"state":"New Hampshire","industry":"Landfill","matrix_type":"Groundwater","matrix":"Groundwater","year":2017,"pfoa":"12","pfos":"12","total_pfas":null,"pfas_level":24,"notes":"No further sampling required by NHDES","regulation_gvt_link":null,"resources_link":"https://www4.des.state.nh.us/DESOneStop/PRSDetail.aspx?ID=0000393&Type=PRS","suspected_source_link":"https://nhdes.maps.arcgis.com/apps/View/index.html?appid=66770bef141c43a98a445c54a17720e2&extent=-73.5743,42.5413,-69.6852,45.4509","pfas_testing_link":"https://www4.des.state.nh.us/IISProxy/IISProxy.dll?ContentId=4688730","site_ref_link":"https://drive.google.com/drive/u/0/folders/1TQ_32mdRWK2vcMJ9pAqFchM3Oe7wfR5s","state_ref_link":"https://drive.google.com/drive/u/0/folders/1RsSKYaEE8jqAw7pH05tDHRflkjUL3t5H","ObjectId":4045}},{"type":"Feature","id":4046,"geometry":{"type":"Point","coordinates":[-71.011858,42.874856]},"properties":{"site_name":"Newton Municipal Landfill","other_site_names":null,"state":"New Hampshire","industry":"Landfill","matrix_type":"Groundwater","matrix":"Groundwater","year":2020,"pfoa":"101","pfos":"111","total_pfas":225,"pfas_level":225,"notes":null,"regulation_gvt_link":null,"resources_link":"https://www4.des.state.nh.us/DESOneStop/PRSDetail.aspx?ID=0002630&Type=PRS","suspected_source_link":"https://nhdes.maps.arcgis.com/apps/View/index.html?appid=66770bef141c43a98a445c54a17720e2&extent=-73.5743,42.5413,-69.6852,45.4509","pfas_testing_link":"https://www4.des.state.nh.us/nh-pfas-investigation/wp-content/uploads/tables-pdf.pdf","site_ref_link":"https://drive.google.com/drive/u/0/folders/1jY7QaScXgPnREw3TB8Z56bAuFBtnHWRf","state_ref_link":"https://drive.google.com/drive/u/0/folders/1RsSKYaEE8jqAw7pH05tDHRflkjUL3t5H","ObjectId":4046}},{"type":"Feature","id":4047,"geometry":{"type":"Point","coordinates":[-71.460573,43.36268]},"properties":{"site_name":"NH Motor Speedway","other_site_names":null,"state":"New Hampshire","industry":"Unknown","matrix_type":"Groundwater","matrix":"Groundwater","year":2018,"pfoa":"39","pfos":"240","total_pfas":718,"pfas_level":718,"notes":null,"regulation_gvt_link":null,"resources_link":"https://www4.des.state.nh.us/DESOneStop/PRSDetail.aspx?ID=0039231&Type=PRS","suspected_source_link":"https://nhdes.maps.arcgis.com/apps/View/index.html?appid=66770bef141c43a98a445c54a17720e2&extent=-73.5743,42.5413,-69.6852,45.4509","pfas_testing_link":"https://www4.des.state.nh.us/IISProxy/IISProxy.dll?ContentId=4827418","site_ref_link":"https://drive.google.com/drive/u/0/folders/1xD7Tsdct_isvnNlqtvyv2ac6Oo6OFFSB","state_ref_link":"https://drive.google.com/drive/u/0/folders/1RsSKYaEE8jqAw7pH05tDHRflkjUL3t5H","ObjectId":4047}},{"type":"Feature","id":4048,"geometry":{"type":"Point","coordinates":[-71.487455,42.854508]},"properties":{"site_name":"NH Plating Company","other_site_names":"New Hampshire Plating Co.","state":"New Hampshire","industry":"Industry","matrix_type":"Other Water","matrix":"Surface Water","year":2019,"pfoa":"196","pfos":"20","total_pfas":223,"pfas_level":223,"notes":null,"regulation_gvt_link":null,"resources_link":"https://www4.des.state.nh.us/DESOneStop/PRSDetail.aspx?ID=0001951&Type=PRS","suspected_source_link":"https://nhdes.maps.arcgis.com/apps/View/index.html?appid=66770bef141c43a98a445c54a17720e2&extent=-73.5743,42.5413,-69.6852,45.4509","pfas_testing_link":"https://www4.des.state.nh.us/nh-pfas-investigation/wp-content/uploads/tables-pdf.pdf","site_ref_link":"https://drive.google.com/drive/u/0/folders/1FEn15er0S7Q19Z9lbhqdZaX-96308gZi","state_ref_link":"https://drive.google.com/drive/u/0/folders/1RsSKYaEE8jqAw7pH05tDHRflkjUL3t5H","ObjectId":4048}},{"type":"Feature","id":4049,"geometry":{"type":"Point","coordinates":[-71.522136,43.209512]},"properties":{"site_name":"NHDOT Gully Hill Road Site","other_site_names":null,"state":"New Hampshire","industry":"Industry","matrix_type":"Groundwater","matrix":"Groundwater","year":2020,"pfoa":"5","pfos":"14","total_pfas":241,"pfas_level":241,"notes":null,"regulation_gvt_link":null,"resources_link":"https://www4.des.state.nh.us/DESOneStop/PRSDetail.aspx?ID=0008502&Type=PRS","suspected_source_link":"https://nhdes.maps.arcgis.com/apps/View/index.html?appid=66770bef141c43a98a445c54a17720e2&extent=-73.5743,42.5413,-69.6852,45.4509","pfas_testing_link":"https://www4.des.state.nh.us/IISProxy/IISProxy.dll?ContentId=4851401","site_ref_link":"https://drive.google.com/drive/u/0/folders/1sryCKun2AkvOFBFjZd3vcAkmveb8FYPi","state_ref_link":"https://drive.google.com/drive/u/0/folders/1RsSKYaEE8jqAw7pH05tDHRflkjUL3t5H","ObjectId":4049}},{"type":"Feature","id":4050,"geometry":{"type":"Point","coordinates":[-72.336602,43.374353]},"properties":{"site_name":"North Street and Washington Street Area","other_site_names":null,"state":"New Hampshire","industry":"Unknown","matrix_type":"Groundwater","matrix":"Groundwater","year":2018,"pfoa":"9","pfos":"43","total_pfas":60,"pfas_level":60,"notes":null,"regulation_gvt_link":null,"resources_link":"https://www4.des.state.nh.us/DESOneStop/PRSDetail.aspx?ID=0038616&Type=PRS","suspected_source_link":"https://nhdes.maps.arcgis.com/apps/View/index.html?appid=66770bef141c43a98a445c54a17720e2&extent=-73.5743,42.5413,-69.6852,45.4509","pfas_testing_link":"https://www4.des.state.nh.us/IISProxy/IISProxy.dll?ContentId=4766285","site_ref_link":"https://drive.google.com/drive/u/0/folders/1AmqyJW7HdOZRE9xtNvNeIGfm4RqbWnRs","state_ref_link":"https://drive.google.com/drive/u/0/folders/1RsSKYaEE8jqAw7pH05tDHRflkjUL3t5H","ObjectId":4050}},{"type":"Feature","id":4051,"geometry":{"type":"Point","coordinates":[-71.751907,44.302943]},"properties":{"site_name":"Norton Landfill","other_site_names":null,"state":"New Hampshire","industry":"Landfill","matrix_type":"Groundwater","matrix":"Groundwater","year":2017,"pfoa":"11","pfos":"5","total_pfas":18,"pfas_level":18,"notes":null,"regulation_gvt_link":null,"resources_link":"https://www4.des.state.nh.us/DESOneStop/PRSDetail.aspx?ID=0006747&Type=PRS","suspected_source_link":"https://nhdes.maps.arcgis.com/apps/View/index.html?appid=66770bef141c43a98a445c54a17720e2&extent=-73.5743,42.5413,-69.6852,45.4509","pfas_testing_link":"https://www4.des.state.nh.us/IISProxy/IISProxy.dll?ContentId=4697942","site_ref_link":"https://drive.google.com/drive/u/0/folders/1lpumSeVk353D3nJRZdjiLbOngcEd8UKN","state_ref_link":"https://drive.google.com/drive/u/0/folders/1RsSKYaEE8jqAw7pH05tDHRflkjUL3t5H","ObjectId":4051}},{"type":"Feature","id":4052,"geometry":{"type":"Point","coordinates":[-71.112311,43.156092]},"properties":{"site_name":"Nottingham Municipal Solid Waste Facility","other_site_names":null,"state":"New Hampshire","industry":"Landfill","matrix_type":"Groundwater","matrix":"Groundwater","year":2020,"pfoa":"2360","pfos":"239","total_pfas":6781,"pfas_level":6781,"notes":null,"regulation_gvt_link":null,"resources_link":"https://www4.des.state.nh.us/DESOneStop/PRSDetail.aspx?ID=0001411&Type=PRS","suspected_source_link":"https://nhdes.maps.arcgis.com/apps/View/index.html?appid=66770bef141c43a98a445c54a17720e2&extent=-73.5743,42.5413,-69.6852,45.4509","pfas_testing_link":"https://www4.des.state.nh.us/nh-pfas-investigation/wp-content/uploads/tables-pdf.pdf","site_ref_link":"https://drive.google.com/drive/u/0/folders/1Qjt3VqCv6QzpgWs-5Plv4KCk6UIJzbC_","state_ref_link":"https://drive.google.com/drive/u/0/folders/1RsSKYaEE8jqAw7pH05tDHRflkjUL3t5H","ObjectId":4052}},{"type":"Feature","id":4053,"geometry":{"type":"Point","coordinates":[-71.07554,42.895098]},"properties":{"site_name":"OG/KSD Superfund Site","other_site_names":null,"state":"New Hampshire","industry":"Superfund Site","matrix_type":"Groundwater","matrix":"Groundwater","year":2019,"pfoa":"22","pfos":null,"total_pfas":74,"pfas_level":74,"notes":null,"regulation_gvt_link":null,"resources_link":"https://www4.des.state.nh.us/DESOneStop/PRSDetail.aspx?ID=0001866&Type=PRS","suspected_source_link":"https://nhdes.maps.arcgis.com/apps/View/index.html?appid=66770bef141c43a98a445c54a17720e2&extent=-73.5743,42.5413,-69.6852,45.4509","pfas_testing_link":"https://www4.des.state.nh.us/IISProxy/IISProxy.dll?ContentId=4812194","site_ref_link":"https://drive.google.com/drive/u/0/folders/1teOhWvSjEWc1V-xWSuBtmtvVUln8YK-f","state_ref_link":"https://drive.google.com/drive/u/0/folders/1RsSKYaEE8jqAw7pH05tDHRflkjUL3t5H","ObjectId":4053}},{"type":"Feature","id":4054,"geometry":{"type":"Point","coordinates":[-71.648583,43.428486]},"properties":{"site_name":"Old Franklin Landfill","other_site_names":null,"state":"New Hampshire","industry":"Landfill","matrix_type":"Groundwater","matrix":"Groundwater","year":2019,"pfoa":"33","pfos":"10","total_pfas":82,"pfas_level":82,"notes":"Suspected contamination due to leachate from the landfill containing PFAS waste","regulation_gvt_link":"https://www4.des.state.nh.us/nh-pfas-investigation/?page_id=75","resources_link":"https://www4.des.state.nh.us/DESOneStop/PRSDetail.aspx?ID=0001807&Type=PRS","suspected_source_link":"https://nhdes.maps.arcgis.com/apps/View/index.html?appid=66770bef141c43a98a445c54a17720e2&extent=-73.5743,42.5413,-69.6852,45.4509","pfas_testing_link":"https://www4.des.state.nh.us/IISProxy/IISProxy.dll?ContentId=4866902","site_ref_link":"https://drive.google.com/drive/u/0/folders/1ulKjMFpriPgvi3XQxIGlgeIVfcx-K4tQ","state_ref_link":"https://drive.google.com/drive/u/0/folders/1RsSKYaEE8jqAw7pH05tDHRflkjUL3t5H","ObjectId":4054}},{"type":"Feature","id":4055,"geometry":{"type":"Point","coordinates":[-70.989848,43.436939]},"properties":{"site_name":"Old Milton Dump","other_site_names":null,"state":"New Hampshire","industry":"Landfill","matrix_type":"Groundwater","matrix":"Groundwater","year":2017,"pfoa":"30","pfos":"97","total_pfas":138,"pfas_level":138,"notes":null,"regulation_gvt_link":null,"resources_link":"https://www4.des.state.nh.us/DESOneStop/PRSDetail.aspx?ID=0003438&Type=PRS","suspected_source_link":"https://nhdes.maps.arcgis.com/apps/View/index.html?appid=66770bef141c43a98a445c54a17720e2&extent=-73.5743,42.5413,-69.6852,45.4509","pfas_testing_link":"https://www4.des.state.nh.us/IISProxy/IISProxy.dll?ContentId=4700758","site_ref_link":"https://drive.google.com/drive/u/0/folders/1AL9pioP6aRf7UDKhkoQU5fEcM4wwr4z6","state_ref_link":"https://drive.google.com/drive/u/0/folders/1RsSKYaEE8jqAw7pH05tDHRflkjUL3t5H","ObjectId":4055}},{"type":"Feature","id":4056,"geometry":{"type":"Point","coordinates":[-71.505515,43.19065]},"properties":{"site_name":"Old Suncook Road Landfill","other_site_names":null,"state":"New Hampshire","industry":"Landfill","matrix_type":"Groundwater","matrix":"Groundwater","year":2019,"pfoa":"148","pfos":"19","total_pfas":262,"pfas_level":262,"notes":null,"regulation_gvt_link":null,"resources_link":"https://www4.des.state.nh.us/DESOneStop/PRSDetail.aspx?ID=0000115&Type=PRS","suspected_source_link":"https://nhdes.maps.arcgis.com/apps/View/index.html?appid=66770bef141c43a98a445c54a17720e2&extent=-73.5743,42.5413,-69.6852,45.4509","pfas_testing_link":"https://www4.des.state.nh.us/IISProxy/IISProxy.dll?ContentId=4827535","site_ref_link":"https://drive.google.com/drive/u/0/folders/15AjTo0LEEW_C_KmKDyA6PgQNIQHfIwO_","state_ref_link":"https://drive.google.com/drive/u/0/folders/1RsSKYaEE8jqAw7pH05tDHRflkjUL3t5H","ObjectId":4056}},{"type":"Feature","id":4057,"geometry":{"type":"Point","coordinates":[-72.124639,43.898084]},"properties":{"site_name":"Orford Landfill","other_site_names":null,"state":"New Hampshire","industry":"Landfill","matrix_type":"Groundwater","matrix":"Groundwater","year":2019,"pfoa":"55","pfos":"12","total_pfas":97,"pfas_level":97,"notes":null,"regulation_gvt_link":null,"resources_link":"https://www4.des.state.nh.us/DESOneStop/PRSDetail.aspx?ID=0000643&Type=PRS","suspected_source_link":"https://nhdes.maps.arcgis.com/apps/View/index.html?appid=66770bef141c43a98a445c54a17720e2&extent=-73.5743,42.5413,-69.6852,45.4509","pfas_testing_link":"https://www4.des.state.nh.us/IISProxy/IISProxy.dll?ContentId=4778705","site_ref_link":"https://drive.google.com/drive/u/0/folders/1RooA0fGnQo59mKzpUheN0nNQspY0zm_j","state_ref_link":"https://drive.google.com/drive/u/0/folders/1RsSKYaEE8jqAw7pH05tDHRflkjUL3t5H","ObjectId":4057}},{"type":"Feature","id":4058,"geometry":{"type":"Point","coordinates":[-71.151005,43.7363]},"properties":{"site_name":"Ossipee Landfill & Incinerator","other_site_names":null,"state":"New Hampshire","industry":"Landfill","matrix_type":"Groundwater","matrix":"Groundwater","year":2019,"pfoa":"26","pfos":"28","total_pfas":102,"pfas_level":102,"notes":null,"regulation_gvt_link":null,"resources_link":"https://www4.des.state.nh.us/DESOneStop/PRSDetail.aspx?ID=0000069&Type=PRS","suspected_source_link":"https://nhdes.maps.arcgis.com/apps/View/index.html?appid=66770bef141c43a98a445c54a17720e2&extent=-73.5743,42.5413,-69.6852,45.4509","pfas_testing_link":"https://www4.des.state.nh.us/IISProxy/IISProxy.dll?ContentId=4779087","site_ref_link":"https://drive.google.com/drive/u/0/folders/1CP6ewLHZAdp3I5jD9Q0IUxE36Bap1J62","state_ref_link":"https://drive.google.com/drive/u/0/folders/1RsSKYaEE8jqAw7pH05tDHRflkjUL3t5H","ObjectId":4058}},{"type":"Feature","id":4059,"geometry":{"type":"Point","coordinates":[-71.399523,42.91794]},"properties":{"site_name":"P&H Transportation","other_site_names":null,"state":"New Hampshire","industry":"Industry","matrix_type":"Groundwater","matrix":"Groundwater","year":2020,"pfoa":"278","pfos":"19","total_pfas":1429,"pfas_level":1429,"notes":null,"regulation_gvt_link":null,"resources_link":"https://www4.des.state.nh.us/DESOneStop/PRSDetail.aspx?ID=0037542&Type=PRS","suspected_source_link":"https://nhdes.maps.arcgis.com/apps/View/index.html?appid=66770bef141c43a98a445c54a17720e2&extent=-73.5743,42.5413,-69.6852,45.4509","pfas_testing_link":"https://www4.des.state.nh.us/nh-pfas-investigation/wp-content/uploads/tables-pdf.pdf","site_ref_link":"https://drive.google.com/drive/u/0/folders/1_ip1YmnAbSEnCtakA5QW9ZMEs2N_Uy1M","state_ref_link":"https://drive.google.com/drive/u/0/folders/1RsSKYaEE8jqAw7pH05tDHRflkjUL3t5H","ObjectId":4059}},{"type":"Feature","id":4060,"geometry":{"type":"Point","coordinates":[-71.277566,43.644239]},"properties":{"site_name":"Pak 2000","other_site_names":null,"state":"New Hampshire","industry":"Industry","matrix_type":"Groundwater","matrix":"Groundwater","year":2020,"pfoa":"108","pfos":"2190","total_pfas":3081,"pfas_level":3081,"notes":null,"regulation_gvt_link":null,"resources_link":"https://www4.des.state.nh.us/DESOneStop/PRSDetail.aspx?ID=0006446&Type=PRS","suspected_source_link":"https://nhdes.maps.arcgis.com/apps/View/index.html?appid=66770bef141c43a98a445c54a17720e2&extent=-73.5743,42.5413,-69.6852,45.4509","pfas_testing_link":"https://www4.des.state.nh.us/nh-pfas-investigation/wp-content/uploads/tables-pdf.pdf","site_ref_link":"https://drive.google.com/drive/u/0/folders/1Kb2__KVfWWhz_vpkrtRaTg3I1LcY2vIb","state_ref_link":"https://drive.google.com/drive/u/0/folders/1RsSKYaEE8jqAw7pH05tDHRflkjUL3t5H","ObjectId":4060}},{"type":"Feature","id":4061,"geometry":{"type":"Point","coordinates":[-71.458174,43.132205]},"properties":{"site_name":"Pembroke Landfill","other_site_names":null,"state":"New Hampshire","industry":"Landfill","matrix_type":"Groundwater","matrix":"Groundwater","year":2018,"pfoa":"15","pfos":"20","total_pfas":51,"pfas_level":51,"notes":null,"regulation_gvt_link":null,"resources_link":"https://www4.des.state.nh.us/DESOneStop/PRSDetail.aspx?ID=0002598&Type=PRS","suspected_source_link":"https://nhdes.maps.arcgis.com/apps/View/index.html?appid=66770bef141c43a98a445c54a17720e2&extent=-73.5743,42.5413,-69.6852,45.4509","pfas_testing_link":"https://www4.des.state.nh.us/IISProxy/IISProxy.dll?ContentId=4767090","site_ref_link":"https://drive.google.com/drive/u/0/folders/1Zx2lX2-k_X0EICU-2Bf10jVk52dGhsB4","state_ref_link":"https://drive.google.com/drive/u/0/folders/1RsSKYaEE8jqAw7pH05tDHRflkjUL3t5H","ObjectId":4061}},{"type":"Feature","id":4062,"geometry":{"type":"Point","coordinates":[-72.271631,42.945647]},"properties":{"site_name":"People's Laundry Facility","other_site_names":null,"state":"New Hampshire","industry":"Industry","matrix_type":"Groundwater","matrix":"Groundwater","year":2018,"pfoa":"12","pfos":"23","total_pfas":60,"pfas_level":60,"notes":null,"regulation_gvt_link":null,"resources_link":"https://www4.des.state.nh.us/DESOneStop/PRSDetail.aspx?ID=0025061&Type=PRS","suspected_source_link":"https://nhdes.maps.arcgis.com/apps/View/index.html?appid=66770bef141c43a98a445c54a17720e2&extent=-73.5743,42.5413,-69.6852,45.4509","pfas_testing_link":"https://www4.des.state.nh.us/IISProxy/IISProxy.dll?ContentId=4763825","site_ref_link":"https://drive.google.com/drive/u/0/folders/1VwAQcyeInZ2Ro3ZtD4SJCiphF1Z_54xD","state_ref_link":"https://drive.google.com/drive/u/0/folders/1RsSKYaEE8jqAw7pH05tDHRflkjUL3t5H","ObjectId":4062}},{"type":"Feature","id":4063,"geometry":{"type":"Point","coordinates":[-72.07289,43.964621]},"properties":{"site_name":"Piermont Landfill","other_site_names":null,"state":"New Hampshire","industry":"Landfill","matrix_type":"Groundwater","matrix":"Groundwater","year":2019,"pfoa":"8","pfos":"16","total_pfas":85,"pfas_level":85,"notes":null,"regulation_gvt_link":null,"resources_link":"https://www4.des.state.nh.us/DESOneStop/PRSDetail.aspx?ID=0000761&Type=PRS","suspected_source_link":"https://nhdes.maps.arcgis.com/apps/View/index.html?appid=66770bef141c43a98a445c54a17720e2&extent=-73.5743,42.5413,-69.6852,45.4509","pfas_testing_link":"https://www4.des.state.nh.us/IISProxy/IISProxy.dll?ContentId=4822548","site_ref_link":"https://drive.google.com/drive/u/0/folders/15k6zWay3ldGXkYmyPrUuohY_DBXcK3x0","state_ref_link":"https://drive.google.com/drive/u/0/folders/1RsSKYaEE8jqAw7pH05tDHRflkjUL3t5H","ObjectId":4063}},{"type":"Feature","id":4064,"geometry":{"type":"Point","coordinates":[-71.556514,43.452372]},"properties":{"site_name":"Pike Industries Landfill","other_site_names":null,"state":"New Hampshire","industry":"Landfill","matrix_type":"Groundwater","matrix":"Groundwater","year":2017,"pfoa":"4","pfos":null,"total_pfas":7,"pfas_level":7,"notes":null,"regulation_gvt_link":null,"resources_link":"https://www4.des.state.nh.us/DESOneStop/PRSDetail.aspx?ID=0000467&Type=PRS","suspected_source_link":"https://nhdes.maps.arcgis.com/apps/View/index.html?appid=66770bef141c43a98a445c54a17720e2&extent=-73.5743,42.5413,-69.6852,45.4509","pfas_testing_link":"https://www4.des.state.nh.us/IISProxy/IISProxy.dll?ContentId=4679095","site_ref_link":"https://drive.google.com/drive/u/0/folders/1xRuoPlcPnlKlpR4XHw3SC8_5u37yBW-z","state_ref_link":"https://drive.google.com/drive/u/0/folders/1RsSKYaEE8jqAw7pH05tDHRflkjUL3t5H","ObjectId":4064}},{"type":"Feature","id":4065,"geometry":{"type":"Point","coordinates":[-71.396678,42.914654]},"properties":{"site_name":"Plaza 28","other_site_names":null,"state":"New Hampshire","industry":"Unknown","matrix_type":"Groundwater","matrix":"Groundwater","year":2019,"pfoa":"33","pfos":"27","total_pfas":92,"pfas_level":92,"notes":null,"regulation_gvt_link":null,"resources_link":"https://www4.des.state.nh.us/DESOneStop/PRSDetail.aspx?ID=0000262&Type=PRS","suspected_source_link":"https://nhdes.maps.arcgis.com/apps/View/index.html?appid=66770bef141c43a98a445c54a17720e2&extent=-73.5743,42.5413,-69.6852,45.4509","pfas_testing_link":"https://www4.des.state.nh.us/nh-pfas-investigation/wp-content/uploads/tables-pdf.pdf","site_ref_link":"https://drive.google.com/drive/u/0/folders/1o4lOcqYyRYQUEVfyuqIAtilsHLM6qGjF","state_ref_link":"https://drive.google.com/drive/u/0/folders/1RsSKYaEE8jqAw7pH05tDHRflkjUL3t5H","ObjectId":4065}},{"type":"Feature","id":4066,"geometry":{"type":"Point","coordinates":[-70.770692,43.068305]},"properties":{"site_name":"Plaza 800","other_site_names":null,"state":"New Hampshire","industry":"Unknown","matrix_type":"Groundwater","matrix":"Groundwater","year":2018,"pfoa":"100","pfos":"340","total_pfas":495,"pfas_level":495,"notes":null,"regulation_gvt_link":null,"resources_link":"https://www4.des.state.nh.us/DESOneStop/PRSDetail.aspx?ID=0000927&Type=PRS","suspected_source_link":"https://nhdes.maps.arcgis.com/apps/View/index.html?appid=66770bef141c43a98a445c54a17720e2&extent=-73.5743,42.5413,-69.6852,45.4509","pfas_testing_link":"https://www4.des.state.nh.us/nh-pfas-investigation/wp-content/uploads/tables-pdf.pdf","site_ref_link":"https://drive.google.com/drive/u/0/folders/1eTzp-W0u0QCcRMowPGv4XbOSxKfbJnBG","state_ref_link":"https://drive.google.com/drive/u/0/folders/1RsSKYaEE8jqAw7pH05tDHRflkjUL3t5H","ObjectId":4066}},{"type":"Feature","id":4067,"geometry":{"type":"Point","coordinates":[-71.701096,43.779565]},"properties":{"site_name":"Plymouth Incinerator and Ash Landfill","other_site_names":null,"state":"New Hampshire","industry":"Landfill","matrix_type":"Groundwater","matrix":"Groundwater","year":2019,"pfoa":"18","pfos":"30","total_pfas":83,"pfas_level":83,"notes":null,"regulation_gvt_link":null,"resources_link":"https://www4.des.state.nh.us/DESOneStop/PRSDetail.aspx?ID=0002017&Type=PRS","suspected_source_link":"https://nhdes.maps.arcgis.com/apps/View/index.html?appid=66770bef141c43a98a445c54a17720e2&extent=-73.5743,42.5413,-69.6852,45.4509","pfas_testing_link":"https://www4.des.state.nh.us/IISProxy/IISProxy.dll?ContentId=4827984","site_ref_link":"https://drive.google.com/drive/u/0/folders/1A7IASvwEcblBk_KInQfbnmEeu6rXaiKh","state_ref_link":"https://drive.google.com/drive/u/0/folders/1RsSKYaEE8jqAw7pH05tDHRflkjUL3t5H","ObjectId":4067}},{"type":"Feature","id":4068,"geometry":{"type":"Point","coordinates":[-70.772136,43.048563]},"properties":{"site_name":"Portsmouth Used Car Center","other_site_names":null,"state":"New Hampshire","industry":"Industry","matrix_type":"Groundwater","matrix":"Groundwater","year":2019,"pfoa":"29","pfos":"61","total_pfas":154,"pfas_level":154,"notes":null,"regulation_gvt_link":null,"resources_link":"https://www4.des.state.nh.us/DESOneStop/PRSDetail.aspx?ID=0006322&Type=PRS","suspected_source_link":"https://nhdes.maps.arcgis.com/apps/View/index.html?appid=66770bef141c43a98a445c54a17720e2&extent=-73.5743,42.5413,-69.6852,45.4509","pfas_testing_link":"https://www4.des.state.nh.us/nh-pfas-investigation/wp-content/uploads/tables-pdf.pdf","site_ref_link":"https://drive.google.com/drive/u/0/folders/17XGSLWMDvv_5hf62g7rNT3z1KYyEqlIt","state_ref_link":"https://drive.google.com/drive/u/0/folders/1RsSKYaEE8jqAw7pH05tDHRflkjUL3t5H","ObjectId":4068}},{"type":"Feature","id":4069,"geometry":{"type":"Point","coordinates":[-70.83564,42.962648]},"properties":{"site_name":"Prowash Carwash and Lube","other_site_names":null,"state":"New Hampshire","industry":"Industry","matrix_type":"Groundwater","matrix":"Groundwater","year":2019,"pfoa":"188","pfos":"45","total_pfas":16999,"pfas_level":16999,"notes":null,"regulation_gvt_link":null,"resources_link":"https://www4.des.state.nh.us/DESOneStop/PRSDetail.aspx?ID=0038743&Type=PRS","suspected_source_link":"https://nhdes.maps.arcgis.com/apps/View/index.html?appid=66770bef141c43a98a445c54a17720e2&extent=-73.5743,42.5413,-69.6852,45.4509","pfas_testing_link":"https://www4.des.state.nh.us/IISProxy/IISProxy.dll?ContentId=4782561","site_ref_link":"https://drive.google.com/drive/u/0/folders/18g0iFBaNrEo9hSp6IeCWYXI6CtY9VO49","state_ref_link":"https://drive.google.com/drive/u/0/folders/1RsSKYaEE8jqAw7pH05tDHRflkjUL3t5H","ObjectId":4069}},{"type":"Feature","id":4070,"geometry":{"type":"Point","coordinates":[-72.286676,42.930242]},"properties":{"site_name":"PSNH 227","other_site_names":null,"state":"New Hampshire","industry":"Industry","matrix_type":"Groundwater","matrix":"Groundwater","year":2017,"pfoa":"10","pfos":"6","total_pfas":238,"pfas_level":238,"notes":null,"regulation_gvt_link":null,"resources_link":"https://www4.des.state.nh.us/DESOneStop/PRSDetail.aspx?ID=0005399&Type=PRS","suspected_source_link":"https://nhdes.maps.arcgis.com/apps/View/index.html?appid=66770bef141c43a98a445c54a17720e2&extent=-73.5743,42.5413,-69.6852,45.4509","pfas_testing_link":"https://www4.des.state.nh.us/nh-pfas-investigation/wp-content/uploads/tables-pdf.pdf","site_ref_link":"https://drive.google.com/drive/u/0/folders/1qlG7M7AqzFCONPUK4OMrAKX4eVnauRef","state_ref_link":"https://drive.google.com/drive/u/0/folders/1RsSKYaEE8jqAw7pH05tDHRflkjUL3t5H","ObjectId":4070}},{"type":"Feature","id":4071,"geometry":{"type":"Point","coordinates":[-71.373254,44.35703]},"properties":{"site_name":"Randolph Landfill","other_site_names":null,"state":"New Hampshire","industry":"Landfill","matrix_type":"Groundwater","matrix":"Groundwater","year":2017,"pfoa":"4","pfos":"11","total_pfas":null,"pfas_level":15,"notes":null,"regulation_gvt_link":null,"resources_link":"https://www4.des.state.nh.us/DESOneStop/PRSDetail.aspx?ID=0000613&Type=PRS","suspected_source_link":"https://nhdes.maps.arcgis.com/apps/View/index.html?appid=66770bef141c43a98a445c54a17720e2&extent=-73.5743,42.5413,-69.6852,45.4509","pfas_testing_link":"https://www4.des.state.nh.us/IISProxy/IISProxy.dll?ContentId=4688267","site_ref_link":"https://drive.google.com/drive/u/0/folders/1rKEs2X7UQSWRY5DbkvXRfi3VQEHElfux","state_ref_link":"https://drive.google.com/drive/u/0/folders/1RsSKYaEE8jqAw7pH05tDHRflkjUL3t5H","ObjectId":4071}},{"type":"Feature","id":4072,"geometry":{"type":"Point","coordinates":[-71.455191,42.970825]},"properties":{"site_name":"Ray's Chevron Station","other_site_names":null,"state":"New Hampshire","industry":"Industry","matrix_type":"Groundwater","matrix":"Groundwater","year":2017,"pfoa":"28","pfos":"10","total_pfas":147,"pfas_level":147,"notes":null,"regulation_gvt_link":null,"resources_link":"https://www4.des.state.nh.us/DESOneStop/PRSDetail.aspx?ID=0037828&Type=PRS","suspected_source_link":"https://nhdes.maps.arcgis.com/apps/View/index.html?appid=66770bef141c43a98a445c54a17720e2&extent=-73.5743,42.5413,-69.6852,45.4509","pfas_testing_link":"https://www4.des.state.nh.us/IISProxy/IISProxy.dll?ContentId=4699476","site_ref_link":"https://drive.google.com/drive/u/0/folders/1NpsvSRzw2PqyPI5Xy9vWvRkgr8fR8b9A","state_ref_link":"https://drive.google.com/drive/u/0/folders/1RsSKYaEE8jqAw7pH05tDHRflkjUL3t5H","ObjectId":4072}},{"type":"Feature","id":4073,"geometry":{"type":"Point","coordinates":[-71.159508,43.013336]},"properties":{"site_name":"Raymond Landfill","other_site_names":null,"state":"New Hampshire","industry":"Landfill","matrix_type":"Groundwater","matrix":"Groundwater","year":2018,"pfoa":"230","pfos":"1400","total_pfas":1708,"pfas_level":1708,"notes":"Received notice of non-compliance and extension for failing to submit PFAS data on time","regulation_gvt_link":null,"resources_link":"https://www4.des.state.nh.us/DESOneStop/PRSDetail.aspx?ID=0001869&Type=PRS","suspected_source_link":"https://nhdes.maps.arcgis.com/apps/View/index.html?appid=66770bef141c43a98a445c54a17720e2&extent=-73.5743,42.5413,-69.6852,45.4509","pfas_testing_link":"https://www4.des.state.nh.us/nh-pfas-investigation/wp-content/uploads/tables-pdf.pdf","site_ref_link":"https://drive.google.com/drive/u/0/folders/1oeYyMFRVtO8PSFm-mvSodwBhaxAVRCbx","state_ref_link":"https://drive.google.com/drive/u/0/folders/1RsSKYaEE8jqAw7pH05tDHRflkjUL3t5H","ObjectId":4073}},{"type":"Feature","id":4074,"geometry":{"type":"Point","coordinates":[-72.287597,42.923843]},"properties":{"site_name":"Riverside Plaza","other_site_names":null,"state":"New Hampshire","industry":"Unknown","matrix_type":"Groundwater","matrix":"Groundwater","year":2019,"pfoa":"8","pfos":"5","total_pfas":38,"pfas_level":38,"notes":null,"regulation_gvt_link":null,"resources_link":"https://www4.des.state.nh.us/DESOneStop/PRSDetail.aspx?ID=0002820&Type=PRS","suspected_source_link":"https://nhdes.maps.arcgis.com/apps/View/index.html?appid=66770bef141c43a98a445c54a17720e2&extent=-73.5743,42.5413,-69.6852,45.4509","pfas_testing_link":"https://www4.des.state.nh.us/IISProxy/IISProxy.dll?ContentId=4832731","site_ref_link":"https://drive.google.com/drive/u/0/folders/1pmMdNGFvOg-rdOzj0ADb3w_jZUUHdAy9","state_ref_link":"https://drive.google.com/drive/u/0/folders/1RsSKYaEE8jqAw7pH05tDHRflkjUL3t5H","ObjectId":4074}},{"type":"Feature","id":4075,"geometry":{"type":"Point","coordinates":[-71.297639,42.751872]},"properties":{"site_name":"Roketenetz Landfill","other_site_names":null,"state":"New Hampshire","industry":"Landfill","matrix_type":"Groundwater","matrix":"Groundwater","year":2019,"pfoa":"900","pfos":"1700","total_pfas":3873,"pfas_level":3873,"notes":null,"regulation_gvt_link":null,"resources_link":"https://www4.des.state.nh.us/DESOneStop/PRSDetail.aspx?ID=0002020&Type=PRS","suspected_source_link":"https://nhdes.maps.arcgis.com/apps/View/index.html?appid=66770bef141c43a98a445c54a17720e2&extent=-73.5743,42.5413,-69.6852,45.4509","pfas_testing_link":"https://www4.des.state.nh.us/nh-pfas-investigation/wp-content/uploads/tables-pdf.pdf","site_ref_link":"https://drive.google.com/drive/u/0/folders/1MwcKZ-E4v-VxT2O5KjOlqenrKydeoN3Z","state_ref_link":"https://drive.google.com/drive/u/0/folders/1RsSKYaEE8jqAw7pH05tDHRflkjUL3t5H","ObjectId":4075}},{"type":"Feature","id":4076,"geometry":{"type":"Point","coordinates":[-71.44515,42.756122]},"properties":{"site_name":"Rousell/Gardner Park","other_site_names":null,"state":"New Hampshire","industry":"Landfill","matrix_type":"Groundwater","matrix":"Groundwater","year":2018,"pfoa":"253","pfos":null,"total_pfas":505,"pfas_level":505,"notes":null,"regulation_gvt_link":null,"resources_link":"https://www4.des.state.nh.us/DESOneStop/PRSDetail.aspx?ID=0011739&Type=PRS","suspected_source_link":"https://nhdes.maps.arcgis.com/apps/View/index.html?appid=66770bef141c43a98a445c54a17720e2&extent=-73.5743,42.5413,-69.6852,45.4509","pfas_testing_link":"https://www4.des.state.nh.us/IISProxy/IISProxy.dll?ContentId=4751260","site_ref_link":"https://drive.google.com/drive/u/0/folders/1QiinMB8ohCAsLw3uBdpuymdjSAavUjE7","state_ref_link":"https://drive.google.com/drive/u/0/folders/1RsSKYaEE8jqAw7pH05tDHRflkjUL3t5H","ObjectId":4076}},{"type":"Feature","id":4077,"geometry":{"type":"Point","coordinates":[-70.840285,43.229638]},"properties":{"site_name":"Rowell and Watson","other_site_names":null,"state":"New Hampshire","industry":"Unknown","matrix_type":"Groundwater","matrix":"Groundwater","year":2018,"pfoa":"8","pfos":"4","total_pfas":66,"pfas_level":66,"notes":null,"regulation_gvt_link":null,"resources_link":"https://www4.des.state.nh.us/DESOneStop/PRSDetail.aspx?ID=0008871&Type=PRS","suspected_source_link":"https://nhdes.maps.arcgis.com/apps/View/index.html?appid=66770bef141c43a98a445c54a17720e2&extent=-73.5743,42.5413,-69.6852,45.4509","pfas_testing_link":"https://www4.des.state.nh.us/IISProxy/IISProxy.dll?ContentId=4759415","site_ref_link":"https://drive.google.com/drive/u/0/folders/10K-KZfRVL_OzbbMamNOvkN2S2Ctd3YhO","state_ref_link":"https://drive.google.com/drive/u/0/folders/1RsSKYaEE8jqAw7pH05tDHRflkjUL3t5H","ObjectId":4077}},{"type":"Feature","id":4078,"geometry":{"type":"Point","coordinates":[-71.820732,43.802902]},"properties":{"site_name":"Rumney Transfer Station","other_site_names":null,"state":"New Hampshire","industry":"Landfill","matrix_type":"Groundwater","matrix":"Groundwater","year":2017,"pfoa":"27","pfos":"29","total_pfas":257,"pfas_level":257,"notes":"Received a notice of non-compliance from the NHDES for failing to submit May 2019 groundwater data, which \"was also to include confirmatory sampling results for per- and polyfluoroalkyl substances (PFAS), which was required in response to the initial sampling, reported to NHDES in July 2017\"\n(NHDES, 03.04.2020)","regulation_gvt_link":"https://www4.des.state.nh.us/IISProxy/IISProxy.dll?ContentId=4830303","resources_link":"https://www4.des.state.nh.us/DESOneStop/PRSDetail.aspx?ID=0002347&Type=PRS","suspected_source_link":"https://nhdes.maps.arcgis.com/apps/View/index.html?appid=66770bef141c43a98a445c54a17720e2&extent=-73.5743,42.5413,-69.6852,45.4509","pfas_testing_link":"https://www4.des.state.nh.us/IISProxy/IISProxy.dll?ContentId=4670318","site_ref_link":"https://drive.google.com/drive/u/0/folders/1FprI9N9cRcdvzT76zioVGf_kp10L_WvA","state_ref_link":"https://drive.google.com/drive/u/0/folders/1RsSKYaEE8jqAw7pH05tDHRflkjUL3t5H","ObjectId":4078}},{"type":"Feature","id":4079,"geometry":{"type":"Point","coordinates":[-70.788785,43.00247]},"properties":{"site_name":"Rye Landfill","other_site_names":null,"state":"New Hampshire","industry":"Landfill","matrix_type":"Groundwater","matrix":"Groundwater","year":2019,"pfoa":"67","pfos":"36","total_pfas":139,"pfas_level":139,"notes":null,"regulation_gvt_link":null,"resources_link":"https://www4.des.state.nh.us/DESOneStop/PRSDetail.aspx?ID=0000225&Type=PRS","suspected_source_link":"https://nhdes.maps.arcgis.com/apps/View/index.html?appid=66770bef141c43a98a445c54a17720e2&extent=-73.5743,42.5413,-69.6852,45.4509","pfas_testing_link":"https://www4.des.state.nh.us/IISProxy/IISProxy.dll?ContentId=4788376","site_ref_link":"https://drive.google.com/drive/u/0/folders/166hbOvx8TSKBc9jmog9KuFr2jr65eSwW","state_ref_link":"https://drive.google.com/drive/u/0/folders/1RsSKYaEE8jqAw7pH05tDHRflkjUL3t5H","ObjectId":4079}},{"type":"Feature","id":4080,"geometry":{"type":"Point","coordinates":[-71.767261,43.362167]},"properties":{"site_name":"Salisbury Landfill","other_site_names":null,"state":"New Hampshire","industry":"Landfill","matrix_type":"Groundwater","matrix":"Groundwater","year":2020,"pfoa":"22","pfos":null,"total_pfas":32,"pfas_level":32,"notes":null,"regulation_gvt_link":null,"resources_link":"https://www4.des.state.nh.us/DESOneStop/PRSDetail.aspx?ID=0000094&Type=PRS","suspected_source_link":"https://nhdes.maps.arcgis.com/apps/View/index.html?appid=66770bef141c43a98a445c54a17720e2&extent=-73.5743,42.5413,-69.6852,45.4509","pfas_testing_link":"https://www4.des.state.nh.us/IISProxy/IISProxy.dll?ContentId=4855493","site_ref_link":"https://drive.google.com/drive/u/0/folders/1mADC-Qrey-XcmkFhrhBL3r_8WyhU3Hld","state_ref_link":"https://drive.google.com/drive/u/0/folders/1RsSKYaEE8jqAw7pH05tDHRflkjUL3t5H","ObjectId":4080}},{"type":"Feature","id":4081,"geometry":{"type":"Point","coordinates":[-71.657681,43.498829]},"properties":{"site_name":"Sanbornton Landfill","other_site_names":null,"state":"New Hampshire","industry":"Landfill","matrix_type":"Groundwater","matrix":"Groundwater","year":2018,"pfoa":"12","pfos":null,"total_pfas":57,"pfas_level":57,"notes":null,"regulation_gvt_link":null,"resources_link":"https://www4.des.state.nh.us/DESOneStop/PRSDetail.aspx?ID=0000095&Type=PRS","suspected_source_link":"https://nhdes.maps.arcgis.com/apps/View/index.html?appid=66770bef141c43a98a445c54a17720e2&extent=-73.5743,42.5413,-69.6852,45.4509","pfas_testing_link":"https://www4.des.state.nh.us/IISProxy/IISProxy.dll?ContentId=4817021","site_ref_link":"https://drive.google.com/drive/u/0/folders/1p5AxtXKNXCfx95_PUY2n3GY5KR-gkQPe","state_ref_link":"https://drive.google.com/drive/u/0/folders/1RsSKYaEE8jqAw7pH05tDHRflkjUL3t5H","ObjectId":4081}},{"type":"Feature","id":4082,"geometry":{"type":"Point","coordinates":[-71.52582,43.793729]},"properties":{"site_name":"Sandwich Landfill","other_site_names":null,"state":"New Hampshire","industry":"Landfill","matrix_type":"Groundwater","matrix":"Groundwater","year":2018,"pfoa":"4","pfos":"5","total_pfas":9,"pfas_level":9,"notes":null,"regulation_gvt_link":null,"resources_link":"https://www4.des.state.nh.us/DESOneStop/PRSDetail.aspx?ID=0000096&Type=PRS","suspected_source_link":"https://nhdes.maps.arcgis.com/apps/View/index.html?appid=66770bef141c43a98a445c54a17720e2&extent=-73.5743,42.5413,-69.6852,45.4509","pfas_testing_link":"https://www4.des.state.nh.us/IISProxy/IISProxy.dll?ContentId=4740160","site_ref_link":"https://drive.google.com/drive/u/0/folders/1I-O9RpvpcCLG9X4dbDeK46Wg7fjnqRHr","state_ref_link":"https://drive.google.com/drive/u/0/folders/1RsSKYaEE8jqAw7pH05tDHRflkjUL3t5H","ObjectId":4082}},{"type":"Feature","id":4083,"geometry":{"type":"Point","coordinates":[-70.785289,43.097308]},"properties":{"site_name":"Schiller Station Closed Landfill","other_site_names":null,"state":"New Hampshire","industry":"Landfill","matrix_type":"Groundwater","matrix":"Groundwater","year":2017,"pfoa":null,"pfos":"8","total_pfas":10,"pfas_level":10,"notes":null,"regulation_gvt_link":null,"resources_link":"https://www4.des.state.nh.us/DESOneStop/PRSDetail.aspx?ID=0000419&Type=PRS","suspected_source_link":"https://nhdes.maps.arcgis.com/apps/View/index.html?appid=66770bef141c43a98a445c54a17720e2&extent=-73.5743,42.5413,-69.6852,45.4509","pfas_testing_link":"https://www4.des.state.nh.us/IISProxy/IISProxy.dll?ContentId=4670111","site_ref_link":"https://drive.google.com/drive/u/0/folders/1hXXR3AKoPK-SNZesb7AT6-rNno6ZpDld","state_ref_link":"https://drive.google.com/drive/u/0/folders/1RsSKYaEE8jqAw7pH05tDHRflkjUL3t5H","ObjectId":4083}},{"type":"Feature","id":4084,"geometry":{"type":"Point","coordinates":[-71.940653,42.927258]},"properties":{"site_name":"Peterborough Town Landfill","other_site_names":null,"state":"New Hampshire","industry":"Landfill","matrix_type":"Groundwater","matrix":"Groundwater","year":2020,"pfoa":"39","pfos":"87","total_pfas":238,"pfas_level":238,"notes":null,"regulation_gvt_link":null,"resources_link":"https://www4.des.state.nh.us/DESOneStop/PRSDetail.aspx?ID=0000071&Type=PRS","suspected_source_link":"https://nhdes.maps.arcgis.com/apps/View/index.html?appid=66770bef141c43a98a445c54a17720e2&extent=-73.5743,42.5413,-69.6852,45.4509","pfas_testing_link":"https://www4.des.state.nh.us/IISProxy/IISProxy.dll?ContentId=4851944","site_ref_link":"https://drive.google.com/drive/u/1/folders/18hZmBCUY85csp-zmzDd_vXDpd2F_jJzV","state_ref_link":"https://drive.google.com/drive/u/0/folders/1RsSKYaEE8jqAw7pH05tDHRflkjUL3t5H","ObjectId":4084}},{"type":"Feature","id":4085,"geometry":{"type":"Point","coordinates":[-71.480119,42.724842]},"properties":{"site_name":"Shady Lane Landfill","other_site_names":null,"state":"New Hampshire","industry":"Landfill","matrix_type":"Groundwater","matrix":"Groundwater","year":2018,"pfoa":"59","pfos":"48","total_pfas":166,"pfas_level":166,"notes":null,"regulation_gvt_link":null,"resources_link":"https://www4.des.state.nh.us/DESOneStop/PRSDetail.aspx?ID=0000279&Type=PRS","suspected_source_link":"https://nhdes.maps.arcgis.com/apps/View/index.html?appid=66770bef141c43a98a445c54a17720e2&extent=-73.5743,42.5413,-69.6852,45.4509","pfas_testing_link":"https://www4.des.state.nh.us/IISProxy/IISProxy.dll?ContentId=4749878","site_ref_link":"https://drive.google.com/drive/u/0/folders/1RXlwURg3h9tPD8w9VF_CvxtnAM8RDYZh","state_ref_link":"https://drive.google.com/drive/u/0/folders/1RsSKYaEE8jqAw7pH05tDHRflkjUL3t5H","ObjectId":4085}},{"type":"Feature","id":4086,"geometry":{"type":"Point","coordinates":[-71.193172,42.816679]},"properties":{"site_name":"Shannon Rd Landfill","other_site_names":null,"state":"New Hampshire","industry":"Landfill","matrix_type":"Groundwater","matrix":"Groundwater","year":2020,"pfoa":"452","pfos":"631","total_pfas":1133,"pfas_level":1133,"notes":null,"regulation_gvt_link":null,"resources_link":"https://www4.des.state.nh.us/DESOneStop/PRSDetail.aspx?ID=0002041&Type=PRS","suspected_source_link":"https://nhdes.maps.arcgis.com/apps/View/index.html?appid=66770bef141c43a98a445c54a17720e2&extent=-73.5743,42.5413,-69.6852,45.4509","pfas_testing_link":"https://www4.des.state.nh.us/nh-pfas-investigation/wp-content/uploads/tables-pdf.pdf","site_ref_link":"https://drive.google.com/drive/u/0/folders/1tgv65QY3iZADTxtOLiCH47mCcWcVy1tq","state_ref_link":"https://drive.google.com/drive/u/0/folders/1RsSKYaEE8jqAw7pH05tDHRflkjUL3t5H","ObjectId":4086}},{"type":"Feature","id":4087,"geometry":{"type":"Point","coordinates":[-71.045081,44.394564]},"properties":{"site_name":"Shelburne Landfill","other_site_names":null,"state":"New Hampshire","industry":"Landfill","matrix_type":"Groundwater","matrix":"Groundwater","year":2018,"pfoa":"8","pfos":"12","total_pfas":22,"pfas_level":22,"notes":null,"regulation_gvt_link":null,"resources_link":"https://www4.des.state.nh.us/DESOneStop/PRSDetail.aspx?ID=0000913&Type=PRS","suspected_source_link":"https://nhdes.maps.arcgis.com/apps/View/index.html?appid=66770bef141c43a98a445c54a17720e2&extent=-73.5743,42.5413,-69.6852,45.4509","pfas_testing_link":"https://www4.des.state.nh.us/IISProxy/IISProxy.dll?ContentId=4726538","site_ref_link":"https://drive.google.com/drive/u/0/folders/10NLr2EgqRWTnblLCMOjC16rc8r6aZX0u","state_ref_link":"https://drive.google.com/drive/u/0/folders/1RsSKYaEE8jqAw7pH05tDHRflkjUL3t5H","ObjectId":4087}},{"type":"Feature","id":4088,"geometry":{"type":"Point","coordinates":[-70.831448,42.973371]},"properties":{"site_name":"Simply Green Bulk Facility","other_site_names":null,"state":"New Hampshire","industry":"Industry","matrix_type":"Groundwater","matrix":"Groundwater","year":2018,"pfoa":"110","pfos":"660","total_pfas":1638,"pfas_level":1638,"notes":null,"regulation_gvt_link":null,"resources_link":"https://www4.des.state.nh.us/DESOneStop/PRSDetail.aspx?ID=0038739&Type=PRS","suspected_source_link":"https://nhdes.maps.arcgis.com/apps/View/index.html?appid=66770bef141c43a98a445c54a17720e2&extent=-73.5743,42.5413,-69.6852,45.4509","pfas_testing_link":"https://www4.des.state.nh.us/IISProxy/IISProxy.dll?ContentId=4716376","site_ref_link":"https://drive.google.com/drive/u/0/folders/1_1HN8_yOamfk_AEc7E5nIqtIzBjB1bkT","state_ref_link":"https://drive.google.com/drive/u/0/folders/1RsSKYaEE8jqAw7pH05tDHRflkjUL3t5H","ObjectId":4088}},{"type":"Feature","id":4089,"geometry":{"type":"Point","coordinates":[-70.920869,43.249403]},"properties":{"site_name":"Somersworth Sanitary Landfill","other_site_names":null,"state":"New Hampshire","industry":"Superfund Site","matrix_type":"Groundwater","matrix":"Groundwater","year":2019,"pfoa":"280","pfos":"108","total_pfas":625,"pfas_level":625,"notes":null,"regulation_gvt_link":null,"resources_link":"https://www4.des.state.nh.us/DESOneStop/PRSDetail.aspx?ID=0000100&Type=PRS","suspected_source_link":"https://nhdes.maps.arcgis.com/apps/View/index.html?appid=66770bef141c43a98a445c54a17720e2&extent=-73.5743,42.5413,-69.6852,45.4509","pfas_testing_link":"https://www4.des.state.nh.us/IISProxy/IISProxy.dll?ContentId=4834529","site_ref_link":"https://drive.google.com/drive/u/0/folders/1N4SZA0DupMrsd7X8_wYdu_teUyjkG7Db","state_ref_link":"https://drive.google.com/drive/u/0/folders/1RsSKYaEE8jqAw7pH05tDHRflkjUL3t5H","ObjectId":4089}},{"type":"Feature","id":4090,"geometry":{"type":"Point","coordinates":[-71.609676,42.890624]},"properties":{"site_name":"Souhegan Landfill","other_site_names":null,"state":"New Hampshire","industry":"Landfill","matrix_type":"Groundwater","matrix":"Groundwater","year":2018,"pfoa":"2600","pfos":"25","total_pfas":3877,"pfas_level":3877,"notes":null,"regulation_gvt_link":null,"resources_link":"https://www4.des.state.nh.us/DESOneStop/PRSDetail.aspx?ID=0000145&Type=PRS","suspected_source_link":"https://nhdes.maps.arcgis.com/apps/View/index.html?appid=66770bef141c43a98a445c54a17720e2&extent=-73.5743,42.5413,-69.6852,45.4509","pfas_testing_link":"https://www4.des.state.nh.us/IISProxy/IISProxy.dll?ContentId=4748156","site_ref_link":"https://drive.google.com/drive/u/1/folders/1d1Fg1SeM1LXwWAY0goyeqVgVAw0quykx","state_ref_link":"https://drive.google.com/drive/u/0/folders/1RsSKYaEE8jqAw7pH05tDHRflkjUL3t5H","ObjectId":4090}},{"type":"Feature","id":4091,"geometry":{"type":"Point","coordinates":[-71.932447,42.911453]},"properties":{"site_name":"South Municipal Well","other_site_names":null,"state":"New Hampshire","industry":"Superfund Site","matrix_type":"Groundwater","matrix":"Groundwater","year":2018,"pfoa":"4","pfos":"8","total_pfas":12,"pfas_level":13,"notes":"Superfund Site https://cumulis.epa.gov/supercpad/SiteProfiles/index.cfm?fuseaction=second.Cleanup&id=0101146#Status","regulation_gvt_link":null,"resources_link":"https://www4.des.state.nh.us/DESOneStop/PRSDetail.aspx?ID=0000073&Type=PRS","suspected_source_link":"https://nhdes.maps.arcgis.com/apps/View/index.html?appid=66770bef141c43a98a445c54a17720e2&extent=-73.5743,42.5413,-69.6852,45.4509","pfas_testing_link":"https://www4.des.state.nh.us/IISProxy/IISProxy.dll?ContentId=4756023","site_ref_link":"https://drive.google.com/drive/u/0/folders/1pi5SFUVOdDd6TnTTHkgKKyY8Wy7v_xGp","state_ref_link":"https://drive.google.com/drive/u/0/folders/1RsSKYaEE8jqAw7pH05tDHRflkjUL3t5H","ObjectId":4091}},{"type":"Feature","id":4092,"geometry":{"type":"Point","coordinates":[-71.574226,42.804414]},"properties":{"site_name":"Southern Portion of Caldwell Drive","other_site_names":null,"state":"New Hampshire","industry":"Superfund Site","matrix_type":"Groundwater","matrix":"Groundwater","year":2017,"pfoa":"1090","pfos":"13","total_pfas":1370,"pfas_level":1370,"notes":"Superfund Site https://cumulis.epa.gov/supercpad/CurSites/csitinfo.cfm?id=0102037 ","regulation_gvt_link":null,"resources_link":"https://www4.des.state.nh.us/DESOneStop/PRSDetail.aspx?ID=0037572&Type=PRS","suspected_source_link":"https://nhdes.maps.arcgis.com/apps/View/index.html?appid=66770bef141c43a98a445c54a17720e2&extent=-73.5743,42.5413,-69.6852,45.4509","pfas_testing_link":"https://www4.des.state.nh.us/IISProxy/IISProxy.dll?ContentId=4696023","site_ref_link":"https://drive.google.com/drive/u/0/folders/1Ym8AGf-fxo4h5TAm3AuXgXZtbIb3IVVE","state_ref_link":"https://drive.google.com/drive/u/0/folders/1RsSKYaEE8jqAw7pH05tDHRflkjUL3t5H","ObjectId":4092}},{"type":"Feature","id":4093,"geometry":{"type":"Point","coordinates":[-71.374863,42.916807]},"properties":{"site_name":"Spartan Consolidated","other_site_names":null,"state":"New Hampshire","industry":"Industry","matrix_type":"Groundwater","matrix":"Groundwater","year":2019,"pfoa":"210","pfos":"180","total_pfas":424,"pfas_level":424,"notes":null,"regulation_gvt_link":null,"resources_link":"https://www4.des.state.nh.us/DESOneStop/PRSDetail.aspx?ID=0000529&Type=PRS","suspected_source_link":"https://nhdes.maps.arcgis.com/apps/View/index.html?appid=66770bef141c43a98a445c54a17720e2&extent=-73.5743,42.5413,-69.6852,45.4509","pfas_testing_link":"https://www4.des.state.nh.us/nh-pfas-investigation/wp-content/uploads/tables-pdf.pdf","site_ref_link":"https://drive.google.com/drive/u/0/folders/10ipsYyPyT7BZLt_XBShyy-l-3v1_t2h0","state_ref_link":"https://drive.google.com/drive/u/0/folders/1RsSKYaEE8jqAw7pH05tDHRflkjUL3t5H","ObjectId":4093}},{"type":"Feature","id":4094,"geometry":{"type":"Point","coordinates":[-70.814014,43.113568]},"properties":{"site_name":"Sprague River Road Terminal","other_site_names":null,"state":"New Hampshire","industry":"Industry","matrix_type":"Groundwater","matrix":"Groundwater","year":2018,"pfoa":"8","pfos":"2","total_pfas":null,"pfas_level":10,"notes":null,"regulation_gvt_link":null,"resources_link":"https://www4.des.state.nh.us/DESOneStop/PRSDetail.aspx?ID=0000245&Type=PRS","suspected_source_link":"https://nhdes.maps.arcgis.com/apps/View/index.html?appid=66770bef141c43a98a445c54a17720e2&extent=-73.5743,42.5413,-69.6852,45.4509","pfas_testing_link":"https://www4.des.state.nh.us/IISProxy/IISProxy.dll?ContentId=4767003","site_ref_link":"https://drive.google.com/drive/u/0/folders/19AH86lLUI2R4lRExTxjPQk51Z6HrG1rF","state_ref_link":"https://drive.google.com/drive/u/0/folders/1RsSKYaEE8jqAw7pH05tDHRflkjUL3t5H","ObjectId":4094}},{"type":"Feature","id":4095,"geometry":{"type":"Point","coordinates":[-72.055798,43.44286]},"properties":{"site_name":"Springfield Power Facility","other_site_names":null,"state":"New Hampshire","industry":"Industry","matrix_type":"Groundwater","matrix":"Groundwater","year":2019,"pfoa":"10","pfos":"7","total_pfas":56,"pfas_level":56,"notes":null,"regulation_gvt_link":null,"resources_link":"https://www4.des.state.nh.us/DESOneStop/PRSDetail.aspx?ID=0000295&Type=PRS","suspected_source_link":"https://nhdes.maps.arcgis.com/apps/View/index.html?appid=66770bef141c43a98a445c54a17720e2&extent=-73.5743,42.5413,-69.6852,45.4509","pfas_testing_link":"https://www4.des.state.nh.us/IISProxy/IISProxy.dll?ContentId=4832220","site_ref_link":"https://drive.google.com/drive/u/0/folders/1UAtwL_EXbopPWe8_J3_QpYc-4O0ItqlX","state_ref_link":"https://drive.google.com/drive/u/0/folders/1RsSKYaEE8jqAw7pH05tDHRflkjUL3t5H","ObjectId":4095}},{"type":"Feature","id":4096,"geometry":{"type":"Point","coordinates":[-71.104979,42.815925]},"properties":{"site_name":"Stateline Plaza","other_site_names":null,"state":"New Hampshire","industry":"Unknown","matrix_type":"Groundwater","matrix":"Groundwater","year":2019,"pfoa":"61","pfos":"35","total_pfas":173,"pfas_level":173,"notes":null,"regulation_gvt_link":null,"resources_link":"https://www4.des.state.nh.us/DESOneStop/PRSDetail.aspx?ID=0000076&Type=PRS","suspected_source_link":"https://nhdes.maps.arcgis.com/apps/View/index.html?appid=66770bef141c43a98a445c54a17720e2&extent=-73.5743,42.5413,-69.6852,45.4509","pfas_testing_link":"https://www4.des.state.nh.us/nh-pfas-investigation/wp-content/uploads/tables-pdf.pdf","site_ref_link":"https://drive.google.com/drive/u/0/folders/1t07z4Tz5HLArAaaSy-AnhPk2ZQv-tIzp","state_ref_link":"https://drive.google.com/drive/u/0/folders/1RsSKYaEE8jqAw7pH05tDHRflkjUL3t5H","ObjectId":4096}},{"type":"Feature","id":4097,"geometry":{"type":"Point","coordinates":[-71.126892,43.241669]},"properties":{"site_name":"Strafford Landfill","other_site_names":null,"state":"New Hampshire","industry":"Landfill","matrix_type":"Groundwater","matrix":"Groundwater","year":2019,"pfoa":"48","pfos":"150","total_pfas":239,"pfas_level":239,"notes":null,"regulation_gvt_link":null,"resources_link":"https://www4.des.state.nh.us/DESOneStop/PRSDetail.aspx?ID=0001669&Type=PRS","suspected_source_link":"https://nhdes.maps.arcgis.com/apps/View/index.html?appid=66770bef141c43a98a445c54a17720e2&extent=-73.5743,42.5413,-69.6852,45.4509","pfas_testing_link":"https://www4.des.state.nh.us/nh-pfas-investigation/wp-content/uploads/tables-pdf.pdf","site_ref_link":"https://drive.google.com/drive/u/0/folders/1HVP-V2DsdVltNycRz9wmt1gdtBGKag96","state_ref_link":"https://drive.google.com/drive/u/0/folders/1RsSKYaEE8jqAw7pH05tDHRflkjUL3t5H","ObjectId":4097}},{"type":"Feature","id":4098,"geometry":{"type":"Point","coordinates":[-70.910921,43.024947]},"properties":{"site_name":"Stratham Fire Department","other_site_names":null,"state":"New Hampshire","industry":"Fire Department/Training Facility","matrix_type":"Groundwater","matrix":"Groundwater","year":2019,"pfoa":"84","pfos":"206","total_pfas":514,"pfas_level":514,"notes":null,"regulation_gvt_link":null,"resources_link":"https://www4.des.state.nh.us/DESOneStop/PRSDetail.aspx?ID=0039137&Type=PRS","suspected_source_link":"https://nhdes.maps.arcgis.com/apps/View/index.html?appid=66770bef141c43a98a445c54a17720e2&extent=-73.5743,42.5413,-69.6852,45.4509","pfas_testing_link":"https://www4.des.state.nh.us/nh-pfas-investigation/wp-content/uploads/tables-pdf.pdf","site_ref_link":"https://drive.google.com/drive/u/0/folders/1DWdTWCb-r0Eo5agUwRPFNsBstb0QuA3A","state_ref_link":"https://drive.google.com/drive/u/0/folders/1RsSKYaEE8jqAw7pH05tDHRflkjUL3t5H","ObjectId":4098}},{"type":"Feature","id":4099,"geometry":{"type":"Point","coordinates":[-70.88332,43.003811]},"properties":{"site_name":"Stratham Landfill","other_site_names":null,"state":"New Hampshire","industry":"Landfill","matrix_type":"Groundwater","matrix":"Groundwater","year":2020,"pfoa":"96","pfos":"37","total_pfas":248,"pfas_level":248,"notes":null,"regulation_gvt_link":null,"resources_link":"https://www4.des.state.nh.us/DESOneStop/PRSDetail.aspx?ID=0000895&Type=PRS","suspected_source_link":"https://nhdes.maps.arcgis.com/apps/View/index.html?appid=66770bef141c43a98a445c54a17720e2&extent=-73.5743,42.5413,-69.6852,45.4509","pfas_testing_link":"https://www4.des.state.nh.us/IISProxy/IISProxy.dll?ContentId=4861985","site_ref_link":"https://drive.google.com/drive/u/0/folders/1RiLe3H6fR9ZkcrW2YhUAr_Tv_WVJ43eh","state_ref_link":"https://drive.google.com/drive/u/0/folders/1RsSKYaEE8jqAw7pH05tDHRflkjUL3t5H","ObjectId":4099}},{"type":"Feature","id":4100,"geometry":{"type":"Point","coordinates":[-72.093802,43.399693]},"properties":{"site_name":"Sunapee Landfill","other_site_names":null,"state":"New Hampshire","industry":"Landfill","matrix_type":"Groundwater","matrix":"Groundwater","year":2020,"pfoa":"327","pfos":"208","total_pfas":1214,"pfas_level":1214,"notes":null,"regulation_gvt_link":null,"resources_link":"https://www4.des.state.nh.us/DESOneStop/PRSDetail.aspx?ID=0002790&Type=PRS","suspected_source_link":"https://nhdes.maps.arcgis.com/apps/View/index.html?appid=66770bef141c43a98a445c54a17720e2&extent=-73.5743,42.5413,-69.6852,45.4509","pfas_testing_link":"https://www4.des.state.nh.us/IISProxy/IISProxy.dll?ContentId=4855483","site_ref_link":"https://drive.google.com/drive/u/0/folders/1wjoHccounONSDtcnZLKgSIgN6XCjC_8v","state_ref_link":"https://drive.google.com/drive/u/0/folders/1RsSKYaEE8jqAw7pH05tDHRflkjUL3t5H","ObjectId":4100}},{"type":"Feature","id":4101,"geometry":{"type":"Point","coordinates":[-71.453962,42.971042]},"properties":{"site_name":"Sunshine Fabricare","other_site_names":null,"state":"New Hampshire","industry":"Industry","matrix_type":"Groundwater","matrix":"Groundwater","year":2019,"pfoa":"34","pfos":null,"total_pfas":78,"pfas_level":78,"notes":null,"regulation_gvt_link":null,"resources_link":"https://www4.des.state.nh.us/DESOneStop/PRSDetail.aspx?ID=0010787&Type=PRS","suspected_source_link":"https://nhdes.maps.arcgis.com/apps/View/index.html?appid=66770bef141c43a98a445c54a17720e2&extent=-73.5743,42.5413,-69.6852,45.4509","pfas_testing_link":"https://www4.des.state.nh.us/IISProxy/IISProxy.dll?ContentId=4788376","site_ref_link":"https://drive.google.com/drive/u/0/folders/1cWF3mV2L7ZgOysCubqs5cXlHo3WfPDlG","state_ref_link":"https://drive.google.com/drive/u/0/folders/1RsSKYaEE8jqAw7pH05tDHRflkjUL3t5H","ObjectId":4101}},{"type":"Feature","id":4102,"geometry":{"type":"Point","coordinates":[-70.97567,43.287039]},"properties":{"site_name":"Solid Waste District Property Management Parcel","other_site_names":null,"state":"New Hampshire","industry":"Unknown","matrix_type":"Groundwater","matrix":"Groundwater","year":2018,"pfoa":null,"pfos":null,"total_pfas":10,"pfas_level":10,"notes":null,"regulation_gvt_link":null,"resources_link":"https://www4.des.state.nh.us/DESOneStop/PRSDetail.aspx?ID=0015112&Type=PRS","suspected_source_link":"https://nhdes.maps.arcgis.com/apps/View/index.html?appid=66770bef141c43a98a445c54a17720e2&extent=-73.5743,42.5413,-69.6852,45.4509","pfas_testing_link":"https://www4.des.state.nh.us/IISProxy/IISProxy.dll?ContentId=4720744","site_ref_link":"https://drive.google.com/drive/u/0/folders/1M-bQHK41axaGZwLZ2hjgO2P9DBouPQun","state_ref_link":"https://drive.google.com/drive/u/0/folders/1RsSKYaEE8jqAw7pH05tDHRflkjUL3t5H","ObjectId":4102}},{"type":"Feature","id":4103,"geometry":{"type":"Point","coordinates":[-71.523153,42.718431]},"properties":{"site_name":"Sylvester Superfund Site","other_site_names":"Sylvester","state":"New Hampshire","industry":"Superfund Site","matrix_type":"Groundwater","matrix":"Groundwater","year":2019,"pfoa":"470","pfos":"1190","total_pfas":1683,"pfas_level":1683,"notes":null,"regulation_gvt_link":null,"resources_link":"https://www4.des.state.nh.us/DESOneStop/PRSDetail.aspx?ID=0001977&Type=PRS","suspected_source_link":"https://nhdes.maps.arcgis.com/apps/View/index.html?appid=66770bef141c43a98a445c54a17720e2&extent=-73.5743,42.5413,-69.6852,45.4509","pfas_testing_link":"https://www4.des.state.nh.us/IISProxy/IISProxy.dll?ContentId=4833387","site_ref_link":"https://drive.google.com/drive/u/0/folders/1gU2aFOHVQ7kMT5he9gPtpuYsYLgeCydT","state_ref_link":"https://drive.google.com/drive/u/0/folders/1RsSKYaEE8jqAw7pH05tDHRflkjUL3t5H","ObjectId":4103}},{"type":"Feature","id":4104,"geometry":{"type":"Point","coordinates":[-71.2698,43.8397]},"properties":{"site_name":"Tamworth Town Landfill","other_site_names":null,"state":"New Hampshire","industry":"Landfill","matrix_type":"Groundwater","matrix":"Groundwater","year":2019,"pfoa":"337","pfos":"121","total_pfas":798,"pfas_level":798,"notes":null,"regulation_gvt_link":null,"resources_link":"https://www4.des.state.nh.us/DESOneStop/PRSDetail.aspx?ID=0000135&Type=PRS","suspected_source_link":"https://nhdes.maps.arcgis.com/apps/View/index.html?appid=66770bef141c43a98a445c54a17720e2&extent=-73.5743,42.5413,-69.6852,45.4509","pfas_testing_link":"https://www4.des.state.nh.us/nh-pfas-investigation/wp-content/uploads/tables-pdf.pdf","site_ref_link":"https://drive.google.com/drive/u/0/folders/1GbuPEvEl2pOLF0P-ofAdzZ_O8o4rKrpY","state_ref_link":"https://drive.google.com/drive/u/0/folders/1RsSKYaEE8jqAw7pH05tDHRflkjUL3t5H","ObjectId":4104}},{"type":"Feature","id":4105,"geometry":{"type":"Point","coordinates":[-71.653828,43.878523]},"properties":{"site_name":"Thornton Landfill","other_site_names":null,"state":"New Hampshire","industry":"Landfill","matrix_type":"Groundwater","matrix":"Groundwater","year":2019,"pfoa":"14","pfos":null,"total_pfas":23,"pfas_level":23,"notes":null,"regulation_gvt_link":null,"resources_link":"https://www4.des.state.nh.us/DESOneStop/PRSDetail.aspx?ID=0002690&Type=PRS","suspected_source_link":"https://nhdes.maps.arcgis.com/apps/View/index.html?appid=66770bef141c43a98a445c54a17720e2&extent=-73.5743,42.5413,-69.6852,45.4509","pfas_testing_link":"https://www4.des.state.nh.us/IISProxy/IISProxy.dll?ContentId=4821252","site_ref_link":"https://drive.google.com/drive/u/0/folders/12lEyCeF5ZgCddD-yF0KPnoHFYn_SNOut","state_ref_link":"https://drive.google.com/drive/u/0/folders/1RsSKYaEE8jqAw7pH05tDHRflkjUL3t5H","ObjectId":4105}},{"type":"Feature","id":4106,"geometry":{"type":"Point","coordinates":[-72.286302,43.638471]},"properties":{"site_name":"Timken Aerospace","other_site_names":null,"state":"New Hampshire","industry":"Industry","matrix_type":"Groundwater","matrix":"Groundwater","year":2019,"pfoa":"5","pfos":"18","total_pfas":63,"pfas_level":63,"notes":null,"regulation_gvt_link":null,"resources_link":"https://www4.des.state.nh.us/DESOneStop/PRSDetail.aspx?ID=0000247&Type=PRS","suspected_source_link":"https://nhdes.maps.arcgis.com/apps/View/index.html?appid=66770bef141c43a98a445c54a17720e2&extent=-73.5743,42.5413,-69.6852,45.4509","pfas_testing_link":"https://www4.des.state.nh.us/IISProxy/IISProxy.dll?ContentId=4802057","site_ref_link":"https://drive.google.com/drive/u/0/folders/13hmuD0DIxmhGB2O0NKW33bpTHoZT5m7A","state_ref_link":"https://drive.google.com/drive/u/0/folders/1RsSKYaEE8jqAw7pH05tDHRflkjUL3t5H","ObjectId":4106}},{"type":"Feature","id":4107,"geometry":{"type":"Point","coordinates":[-72.263951,42.921046]},"properties":{"site_name":"Timken Super Precision","other_site_names":null,"state":"New Hampshire","industry":"Landfill","matrix_type":"Groundwater","matrix":"Groundwater","year":2018,"pfoa":null,"pfos":"6","total_pfas":null,"pfas_level":6,"notes":null,"regulation_gvt_link":null,"resources_link":"https://www4.des.state.nh.us/DESOneStop/PRSDetail.aspx?ID=0000910&Type=PRS","suspected_source_link":"https://nhdes.maps.arcgis.com/apps/View/index.html?appid=66770bef141c43a98a445c54a17720e2&extent=-73.5743,42.5413,-69.6852,45.4509","pfas_testing_link":"https://www4.des.state.nh.us/IISProxy/IISProxy.dll?ContentId=4717161","site_ref_link":"https://drive.google.com/drive/u/0/folders/1p29ThrAfAjHwaPPqPXZzHiYybLQe5g36","state_ref_link":"https://drive.google.com/drive/u/0/folders/1RsSKYaEE8jqAw7pH05tDHRflkjUL3t5H","ObjectId":4107}},{"type":"Feature","id":4108,"geometry":{"type":"Point","coordinates":[-71.351883,42.860849]},"properties":{"site_name":"Tinkham Garage Site","other_site_names":"Tinkham Garage","state":"New Hampshire","industry":"Superfund Site","matrix_type":"Groundwater","matrix":"Groundwater","year":2020,"pfoa":"199","pfos":"592","total_pfas":904,"pfas_level":904,"notes":"Superfund Site https://cumulis.epa.gov/supercpad/cursites/csitinfo.cfm?id=0101106 ","regulation_gvt_link":null,"resources_link":"https://www4.des.state.nh.us/DESOneStop/PRSDetail.aspx?ID=0001880&Type=PRS","suspected_source_link":"https://nhdes.maps.arcgis.com/apps/View/index.html?appid=66770bef141c43a98a445c54a17720e2&extent=-73.5743,42.5413,-69.6852,45.4509","pfas_testing_link":"https://www4.des.state.nh.us/nh-pfas-investigation/wp-content/uploads/tables-pdf.pdf","site_ref_link":"https://drive.google.com/drive/u/0/folders/1ZS0OFUv-IAstYlPFSnTX6JqCMJGIqw_r","state_ref_link":"https://drive.google.com/drive/u/0/folders/1RsSKYaEE8jqAw7pH05tDHRflkjUL3t5H","ObjectId":4108}},{"type":"Feature","id":4109,"geometry":{"type":"Point","coordinates":[-72.345219,43.368981]},"properties":{"site_name":"Topstone Mill","other_site_names":null,"state":"New Hampshire","industry":"Industry","matrix_type":"Groundwater","matrix":"Groundwater","year":2017,"pfoa":"7","pfos":null,"total_pfas":25,"pfas_level":25,"notes":null,"regulation_gvt_link":null,"resources_link":"https://www4.des.state.nh.us/DESOneStop/PRSDetail.aspx?ID=0022887&Type=PRS","suspected_source_link":"https://nhdes.maps.arcgis.com/apps/View/index.html?appid=66770bef141c43a98a445c54a17720e2&extent=-73.5743,42.5413,-69.6852,45.4509","pfas_testing_link":"https://www4.des.state.nh.us/IISProxy/IISProxy.dll?ContentId=4714203","site_ref_link":"https://drive.google.com/drive/u/0/folders/1vxlZOfP1LZ1e7DLwLc8g44AeHDgJqufb","state_ref_link":"https://drive.google.com/drive/u/0/folders/1RsSKYaEE8jqAw7pH05tDHRflkjUL3t5H","ObjectId":4109}},{"type":"Feature","id":4110,"geometry":{"type":"Point","coordinates":[-72.170712,43.23973]},"properties":{"site_name":"Tri-State Car Crushing Facility","other_site_names":null,"state":"New Hampshire","industry":"Industry","matrix_type":"Groundwater","matrix":"Groundwater","year":2018,"pfoa":"3","pfos":"6","total_pfas":6,"pfas_level":9,"notes":null,"regulation_gvt_link":null,"resources_link":"https://www4.des.state.nh.us/DESOneStop/PRSDetail.aspx?ID=0016638&Type=PRS","suspected_source_link":"https://nhdes.maps.arcgis.com/apps/View/index.html?appid=66770bef141c43a98a445c54a17720e2&extent=-73.5743,42.5413,-69.6852,45.4509","pfas_testing_link":"https://www4.des.state.nh.us/IISProxy/IISProxy.dll?ContentId=4720251","site_ref_link":"https://drive.google.com/drive/u/0/folders/1dpUXCBINLuuXNwA_4GHhLbFxBnoPpMq9","state_ref_link":"https://drive.google.com/drive/u/0/folders/1RsSKYaEE8jqAw7pH05tDHRflkjUL3t5H","ObjectId":4110}},{"type":"Feature","id":4111,"geometry":{"type":"Point","coordinates":[-72.170537,42.820216]},"properties":{"site_name":"Troy Landfill","other_site_names":null,"state":"New Hampshire","industry":"Landfill","matrix_type":"Groundwater","matrix":"Groundwater","year":2018,"pfoa":"57","pfos":"34","total_pfas":195,"pfas_level":195,"notes":null,"regulation_gvt_link":null,"resources_link":"https://www4.des.state.nh.us/DESOneStop/PRSDetail.aspx?ID=0002074&Type=PRS","suspected_source_link":"https://nhdes.maps.arcgis.com/apps/View/index.html?appid=66770bef141c43a98a445c54a17720e2&extent=-73.5743,42.5413,-69.6852,45.4509","pfas_testing_link":"https://www4.des.state.nh.us/nh-pfas-investigation/wp-content/uploads/tables-pdf.pdf","site_ref_link":"https://drive.google.com/drive/u/0/folders/1ITn-iyEDTCvgDQvQSJFDlFe9bMPLtgah","state_ref_link":"https://drive.google.com/drive/u/0/folders/1RsSKYaEE8jqAw7pH05tDHRflkjUL3t5H","ObjectId":4111}},{"type":"Feature","id":4112,"geometry":{"type":"Point","coordinates":[-72.185897,42.803383]},"properties":{"site_name":"Troy Mills Rockwood Brook Landfill","other_site_names":"Troy Mills Landfill","state":"New Hampshire","industry":"Landfill","matrix_type":"Groundwater","matrix":"Groundwater","year":2019,"pfoa":"790","pfos":"14","total_pfas":842,"pfas_level":842,"notes":null,"regulation_gvt_link":null,"resources_link":"https://www4.des.state.nh.us/DESOneStop/PRSDetail.aspx?ID=0000104&Type=PRS","suspected_source_link":"https://nhdes.maps.arcgis.com/apps/View/index.html?appid=66770bef141c43a98a445c54a17720e2&extent=-73.5743,42.5413,-69.6852,45.4509","pfas_testing_link":"https://www4.des.state.nh.us/nh-pfas-investigation/wp-content/uploads/tables-pdf.pdf","site_ref_link":"https://drive.google.com/drive/u/0/folders/1FptYO-nwhR3NnvgZBzuq2DPH8lxQ4HYN","state_ref_link":"https://drive.google.com/drive/u/0/folders/1RsSKYaEE8jqAw7pH05tDHRflkjUL3t5H","ObjectId":4112}},{"type":"Feature","id":4113,"geometry":{"type":"Point","coordinates":[-71.252794,43.703568]},"properties":{"site_name":"Tuftonboro Town Landfill","other_site_names":null,"state":"New Hampshire","industry":"Landfill","matrix_type":"Groundwater","matrix":"Groundwater","year":2019,"pfoa":"136","pfos":"14","total_pfas":969,"pfas_level":969,"notes":null,"regulation_gvt_link":null,"resources_link":"https://www4.des.state.nh.us/DESOneStop/PRSDetail.aspx?ID=0000106&Type=PRS","suspected_source_link":"https://nhdes.maps.arcgis.com/apps/View/index.html?appid=66770bef141c43a98a445c54a17720e2&extent=-73.5743,42.5413,-69.6852,45.4509","pfas_testing_link":"https://www4.des.state.nh.us/nh-pfas-investigation/wp-content/uploads/tables-pdf.pdf","site_ref_link":"https://drive.google.com/drive/u/0/folders/1FIQ72gc3sxDhfh-n7JCKctrzazXTfbyK","state_ref_link":"https://drive.google.com/drive/u/0/folders/1RsSKYaEE8jqAw7pH05tDHRflkjUL3t5H","ObjectId":4113}},{"type":"Feature","id":4114,"geometry":{"type":"Point","coordinates":[-71.065794,43.389652]},"properties":{"site_name":"Union Telephone Company","other_site_names":null,"state":"New Hampshire","industry":"Industry","matrix_type":"Groundwater","matrix":"Groundwater","year":2018,"pfoa":"16","pfos":"12","total_pfas":31,"pfas_level":31,"notes":null,"regulation_gvt_link":null,"resources_link":"https://www4.des.state.nh.us/DESOneStop/PRSDetail.aspx?ID=0022331&Type=PRS","suspected_source_link":"https://nhdes.maps.arcgis.com/apps/View/index.html?appid=66770bef141c43a98a445c54a17720e2&extent=-73.5743,42.5413,-69.6852,45.4509","pfas_testing_link":"https://www4.des.state.nh.us/nh-pfas-investigation/wp-content/uploads/tables-pdf.pdf","site_ref_link":"https://drive.google.com/drive/u/0/folders/1khz26HNpdxEamDdrEYp7C238dlyuvf4R","state_ref_link":"https://drive.google.com/drive/u/0/folders/1RsSKYaEE8jqAw7pH05tDHRflkjUL3t5H","ObjectId":4114}},{"type":"Feature","id":4115,"geometry":{"type":"Point","coordinates":[-72.259345,43.304293]},"properties":{"site_name":"Unity Municipal Landfill","other_site_names":null,"state":"New Hampshire","industry":"Landfill","matrix_type":"Groundwater","matrix":"Groundwater","year":2017,"pfoa":"3700","pfos":"92","total_pfas":6697,"pfas_level":6697,"notes":null,"regulation_gvt_link":null,"resources_link":"https://www4.des.state.nh.us/DESOneStop/PRSDetail.aspx?ID=0000653&Type=PRS","suspected_source_link":"https://nhdes.maps.arcgis.com/apps/View/index.html?appid=66770bef141c43a98a445c54a17720e2&extent=-73.5743,42.5413,-69.6852,45.4509","pfas_testing_link":"https://www4.des.state.nh.us/IISProxy/IISProxy.dll?ContentId=4777065","site_ref_link":"https://drive.google.com/drive/u/0/folders/1Ao0uJonf-2Z9Clpld19cm-DWwGRADiRx","state_ref_link":"https://drive.google.com/drive/u/0/folders/1RsSKYaEE8jqAw7pH05tDHRflkjUL3t5H","ObjectId":4115}},{"type":"Feature","id":4116,"geometry":{"type":"Point","coordinates":[-70.87633,43.198378]},"properties":{"site_name":"Varney Cleaners","other_site_names":null,"state":"New Hampshire","industry":"Industry","matrix_type":"Groundwater","matrix":"Groundwater","year":2019,"pfoa":"9","pfos":"12","total_pfas":40,"pfas_level":40,"notes":null,"regulation_gvt_link":null,"resources_link":"https://www4.des.state.nh.us/DESOneStop/PRSDetail.aspx?ID=0024199&Type=PRS","suspected_source_link":"https://nhdes.maps.arcgis.com/apps/View/index.html?appid=66770bef141c43a98a445c54a17720e2&extent=-73.5743,42.5413,-69.6852,45.4509","pfas_testing_link":"https://www4.des.state.nh.us/IISProxy/IISProxy.dll?ContentId=4779077","site_ref_link":"https://drive.google.com/drive/u/0/folders/1zEN7ZOANSr70nQhUuQjNXaSn3B88CBRu","state_ref_link":"https://drive.google.com/drive/u/0/folders/1RsSKYaEE8jqAw7pH05tDHRflkjUL3t5H","ObjectId":4116}},{"type":"Feature","id":4117,"geometry":{"type":"Point","coordinates":[-71.035079,43.576865]},"properties":{"site_name":"Wakefield Country Store Property","other_site_names":null,"state":"New Hampshire","industry":"Unknown","matrix_type":"Groundwater","matrix":"Groundwater","year":2018,"pfoa":"4","pfos":"4","total_pfas":18,"pfas_level":18,"notes":null,"regulation_gvt_link":null,"resources_link":"https://www4.des.state.nh.us/DESOneStop/PRSDetail.aspx?ID=0003939&Type=PRS","suspected_source_link":"https://nhdes.maps.arcgis.com/apps/View/index.html?appid=66770bef141c43a98a445c54a17720e2&extent=-73.5743,42.5413,-69.6852,45.4509","pfas_testing_link":"https://www4.des.state.nh.us/IISProxy/IISProxy.dll?ContentId=4827946","site_ref_link":"https://drive.google.com/drive/u/0/folders/1pizv_kaF_SnhS2TzHgCcHUdVRx0ekpeQ","state_ref_link":"https://drive.google.com/drive/u/0/folders/1RsSKYaEE8jqAw7pH05tDHRflkjUL3t5H","ObjectId":4117}},{"type":"Feature","id":4118,"geometry":{"type":"Point","coordinates":[-71.027477,43.541803]},"properties":{"site_name":"Wakefield Town Landfill","other_site_names":null,"state":"New Hampshire","industry":"Landfill","matrix_type":"Groundwater","matrix":"Groundwater","year":2019,"pfoa":"373","pfos":"91","total_pfas":1247,"pfas_level":1247,"notes":null,"regulation_gvt_link":null,"resources_link":"https://www4.des.state.nh.us/DESOneStop/PRSDetail.aspx?ID=0000136&Type=PRS","suspected_source_link":"https://nhdes.maps.arcgis.com/apps/View/index.html?appid=66770bef141c43a98a445c54a17720e2&extent=-73.5743,42.5413,-69.6852,45.4509","pfas_testing_link":"https://www4.des.state.nh.us/IISProxy/IISProxy.dll?ContentId=4832791","site_ref_link":"https://drive.google.com/drive/u/0/folders/1GTQxY6EllVlauR0mXlg-n04DlQD3O2OK","state_ref_link":"https://drive.google.com/drive/u/0/folders/1RsSKYaEE8jqAw7pH05tDHRflkjUL3t5H","ObjectId":4118}},{"type":"Feature","id":4119,"geometry":{"type":"Point","coordinates":[-72.410267,43.129447]},"properties":{"site_name":"Walpole Landfill","other_site_names":null,"state":"New Hampshire","industry":"Landfill","matrix_type":"Groundwater","matrix":"Groundwater","year":2019,"pfoa":"54","pfos":"200","total_pfas":223,"pfas_level":248,"notes":null,"regulation_gvt_link":null,"resources_link":"https://www4.des.state.nh.us/DESOneStop/PRSDetail.aspx?ID=0000224&Type=PRS","suspected_source_link":"https://nhdes.maps.arcgis.com/apps/View/index.html?appid=66770bef141c43a98a445c54a17720e2&extent=-73.5743,42.5413,-69.6852,45.4509","pfas_testing_link":"https://www4.des.state.nh.us/nh-pfas-investigation/wp-content/uploads/tables-pdf.pdf","site_ref_link":"https://drive.google.com/drive/u/0/folders/1kTLNi1de7ZV_xDL0GSIV3OXnO9mxNrmE","state_ref_link":"https://drive.google.com/drive/u/0/folders/1RsSKYaEE8jqAw7pH05tDHRflkjUL3t5H","ObjectId":4119}},{"type":"Feature","id":4120,"geometry":{"type":"Point","coordinates":[-71.89597,43.943135]},"properties":{"site_name":"Warren Landfill","other_site_names":null,"state":"New Hampshire","industry":"Landfill","matrix_type":"Groundwater","matrix":"Groundwater","year":2018,"pfoa":null,"pfos":null,"total_pfas":10,"pfas_level":10,"notes":null,"regulation_gvt_link":null,"resources_link":"https://www4.des.state.nh.us/DESOneStop/PRSDetail.aspx?ID=0002744&Type=PRS","suspected_source_link":"https://nhdes.maps.arcgis.com/apps/View/index.html?appid=66770bef141c43a98a445c54a17720e2&extent=-73.5743,42.5413,-69.6852,45.4509","pfas_testing_link":"https://www4.des.state.nh.us/IISProxy/IISProxy.dll?ContentId=4716558","site_ref_link":"https://drive.google.com/drive/u/0/folders/1rM4LYZDz9_iJvk7awlt7mBnH8XYwBbxR","state_ref_link":"https://drive.google.com/drive/u/0/folders/1RsSKYaEE8jqAw7pH05tDHRflkjUL3t5H","ObjectId":4120}},{"type":"Feature","id":4121,"geometry":{"type":"Point","coordinates":[-72.072837,43.156625]},"properties":{"site_name":"Washington Landfill","other_site_names":null,"state":"New Hampshire","industry":"Landfill","matrix_type":"Groundwater","matrix":"Groundwater","year":2018,"pfoa":"14","pfos":"28","total_pfas":47,"pfas_level":47,"notes":null,"regulation_gvt_link":null,"resources_link":"https://www4.des.state.nh.us/DESOneStop/PRSDetail.aspx?ID=0000590&Type=PRS","suspected_source_link":"https://nhdes.maps.arcgis.com/apps/View/index.html?appid=66770bef141c43a98a445c54a17720e2&extent=-73.5743,42.5413,-69.6852,45.4509","pfas_testing_link":"https://www4.des.state.nh.us/IISProxy/IISProxy.dll?ContentId=4747593","site_ref_link":"https://drive.google.com/drive/u/0/folders/1WLM5SMBwB-RCdauk7IH_DsX8qQjrqwE7","state_ref_link":"https://drive.google.com/drive/u/0/folders/1RsSKYaEE8jqAw7pH05tDHRflkjUL3t5H","ObjectId":4121}},{"type":"Feature","id":4122,"geometry":{"type":"Point","coordinates":[-71.713661,43.119008]},"properties":{"site_name":"Weare Transfer Station","other_site_names":null,"state":"New Hampshire","industry":"Landfill","matrix_type":"Groundwater","matrix":"Groundwater","year":2018,"pfoa":"7","pfos":"8","total_pfas":null,"pfas_level":16,"notes":null,"regulation_gvt_link":null,"resources_link":"https://www4.des.state.nh.us/DESOneStop/PRSDetail.aspx?ID=0000179&Type=PRS","suspected_source_link":"https://nhdes.maps.arcgis.com/apps/View/index.html?appid=66770bef141c43a98a445c54a17720e2&extent=-73.5743,42.5413,-69.6852,45.4509","pfas_testing_link":"https://www4.des.state.nh.us/IISProxy/IISProxy.dll?ContentId=4747592","site_ref_link":"https://drive.google.com/drive/u/0/folders/1d5zMj9D6CKKYHou5owwL5Rurb0y89jG8","state_ref_link":"https://drive.google.com/drive/u/0/folders/1RsSKYaEE8jqAw7pH05tDHRflkjUL3t5H","ObjectId":4122}},{"type":"Feature","id":4123,"geometry":{"type":"Point","coordinates":[-71.440505,42.707917]},"properties":{"site_name":"Webster Square Shopping Center","other_site_names":null,"state":"New Hampshire","industry":"Unknown","matrix_type":"Groundwater","matrix":"Groundwater","year":2019,"pfoa":"53","pfos":"14","total_pfas":167,"pfas_level":167,"notes":null,"regulation_gvt_link":null,"resources_link":"https://www4.des.state.nh.us/DESOneStop/PRSDetail.aspx?ID=0001227&Type=PRS","suspected_source_link":"https://nhdes.maps.arcgis.com/apps/View/index.html?appid=66770bef141c43a98a445c54a17720e2&extent=-73.5743,42.5413,-69.6852,45.4509","pfas_testing_link":"https://www4.des.state.nh.us/nh-pfas-investigation/wp-content/uploads/tables-pdf.pdf","site_ref_link":"https://drive.google.com/drive/u/0/folders/1BtELDluxBPh-8zhcZ8mvm5YBvaqFnvJ5","state_ref_link":"https://drive.google.com/drive/u/0/folders/1RsSKYaEE8jqAw7pH05tDHRflkjUL3t5H","ObjectId":4123}},{"type":"Feature","id":4124,"geometry":{"type":"Point","coordinates":[-70.759615,43.06067]},"properties":{"site_name":"Wentworth Scrap Metal Property","other_site_names":null,"state":"New Hampshire","industry":"Industry","matrix_type":"Groundwater","matrix":"Groundwater","year":2018,"pfoa":"27","pfos":"79","total_pfas":189,"pfas_level":189,"notes":null,"regulation_gvt_link":null,"resources_link":"https://www4.des.state.nh.us/DESOneStop/PRSDetail.aspx?ID=0015205&Type=PRS","suspected_source_link":"https://nhdes.maps.arcgis.com/apps/View/index.html?appid=66770bef141c43a98a445c54a17720e2&extent=-73.5743,42.5413,-69.6852,45.4509","pfas_testing_link":"https://www4.des.state.nh.us/IISProxy/IISProxy.dll?ContentId=4749160","site_ref_link":"https://drive.google.com/drive/u/0/folders/1LZjR83CbEnDEpUbffoGlhwNozjW0qBSV","state_ref_link":"https://drive.google.com/drive/u/0/folders/1RsSKYaEE8jqAw7pH05tDHRflkjUL3t5H","ObjectId":4124}},{"type":"Feature","id":4125,"geometry":{"type":"Point","coordinates":[-71.424768,42.822389]},"properties":{"site_name":"West Road Municipal Landfill","other_site_names":null,"state":"New Hampshire","industry":"Landfill","matrix_type":"Groundwater","matrix":"Groundwater","year":2020,"pfoa":"16","pfos":"8","total_pfas":53,"pfas_level":53,"notes":null,"regulation_gvt_link":null,"resources_link":"https://www4.des.state.nh.us/DESOneStop/PRSDetail.aspx?ID=0000037&Type=PRS","suspected_source_link":"https://nhdes.maps.arcgis.com/apps/View/index.html?appid=66770bef141c43a98a445c54a17720e2&extent=-73.5743,42.5413,-69.6852,45.4509","pfas_testing_link":"https://www4.des.state.nh.us/IISProxy/IISProxy.dll?ContentId=4856554","site_ref_link":"https://drive.google.com/drive/u/0/folders/1mRbPOFyR76CubRaXpcQevynZzZuGaDfy","state_ref_link":"https://drive.google.com/drive/u/0/folders/1RsSKYaEE8jqAw7pH05tDHRflkjUL3t5H","ObjectId":4125}},{"type":"Feature","id":4126,"geometry":{"type":"Point","coordinates":[-72.380517,42.990818]},"properties":{"site_name":"Westmoreland Landfill","other_site_names":null,"state":"New Hampshire","industry":"Landfill","matrix_type":"Groundwater","matrix":"Groundwater","year":2019,"pfoa":"82","pfos":"103","total_pfas":201,"pfas_level":201,"notes":null,"regulation_gvt_link":null,"resources_link":"https://www4.des.state.nh.us/DESOneStop/PRSDetail.aspx?ID=0000587&Type=PRS","suspected_source_link":"https://nhdes.maps.arcgis.com/apps/View/index.html?appid=66770bef141c43a98a445c54a17720e2&extent=-73.5743,42.5413,-69.6852,45.4509","pfas_testing_link":"https://www4.des.state.nh.us/nh-pfas-investigation/wp-content/uploads/tables-pdf.pdf","site_ref_link":"https://drive.google.com/drive/u/0/folders/1Jw61SR4zi2OfxH508U-COKqJQLfC4c6B","state_ref_link":"https://drive.google.com/drive/u/0/folders/1RsSKYaEE8jqAw7pH05tDHRflkjUL3t5H","ObjectId":4126}},{"type":"Feature","id":4127,"geometry":{"type":"Point","coordinates":[-71.124815,44.052439]},"properties":{"site_name":"White Mountain Laundry Site","other_site_names":null,"state":"New Hampshire","industry":"Industry","matrix_type":"Groundwater","matrix":"Groundwater","year":2017,"pfoa":"6","pfos":null,"total_pfas":null,"pfas_level":6,"notes":null,"regulation_gvt_link":null,"resources_link":"https://www4.des.state.nh.us/DESOneStop/PRSDetail.aspx?ID=0005680&Type=PRS","suspected_source_link":"https://nhdes.maps.arcgis.com/apps/View/index.html?appid=66770bef141c43a98a445c54a17720e2&extent=-73.5743,42.5413,-69.6852,45.4509","pfas_testing_link":"https://www4.des.state.nh.us/IISProxy/IISProxy.dll?ContentId=4749683","site_ref_link":"https://drive.google.com/drive/u/0/folders/1SZk7lfdBO0AE8xx-kyZPs0ppBvIdFAew","state_ref_link":"https://drive.google.com/drive/u/0/folders/1RsSKYaEE8jqAw7pH05tDHRflkjUL3t5H","ObjectId":4127}},{"type":"Feature","id":4128,"geometry":{"type":"Point","coordinates":[-71.738441,42.842037]},"properties":{"site_name":"Wilton Packaging Group","other_site_names":null,"state":"New Hampshire","industry":"Industry","matrix_type":"Groundwater","matrix":"Groundwater","year":2018,"pfoa":"3","pfos":"2","total_pfas":9,"pfas_level":9,"notes":null,"regulation_gvt_link":null,"resources_link":"https://www4.des.state.nh.us/DESOneStop/PRSDetail.aspx?ID=0002817&Type=PRS","suspected_source_link":"https://nhdes.maps.arcgis.com/apps/View/index.html?appid=66770bef141c43a98a445c54a17720e2&extent=-73.5743,42.5413,-69.6852,45.4509","pfas_testing_link":"https://www4.des.state.nh.us/IISProxy/IISProxy.dll?ContentId=4749446","site_ref_link":"https://drive.google.com/drive/u/0/folders/1Cc4jfYrfyQ67tITU-7SCEzrp99qfZOH0","state_ref_link":"https://drive.google.com/drive/u/0/folders/1RsSKYaEE8jqAw7pH05tDHRflkjUL3t5H","ObjectId":4128}},{"type":"Feature","id":4129,"geometry":{"type":"Point","coordinates":[-71.750725,42.838081]},"properties":{"site_name":"Wilton Sanitary Landfill","other_site_names":null,"state":"New Hampshire","industry":"Landfill","matrix_type":"Groundwater","matrix":"Groundwater","year":2019,"pfoa":"21","pfos":"12","total_pfas":36,"pfas_level":36,"notes":null,"regulation_gvt_link":null,"resources_link":"https://www4.des.state.nh.us/DESOneStop/PRSDetail.aspx?ID=0000198&Type=PRS","suspected_source_link":"https://nhdes.maps.arcgis.com/apps/View/index.html?appid=66770bef141c43a98a445c54a17720e2&extent=-73.5743,42.5413,-69.6852,45.4509","pfas_testing_link":"https://www4.des.state.nh.us/IISProxy/IISProxy.dll?ContentId=4820763","site_ref_link":"https://drive.google.com/drive/u/0/folders/1Fw-L-PNbMLaAjr3TKt302ambr4tS1pkN","state_ref_link":"https://drive.google.com/drive/u/0/folders/1RsSKYaEE8jqAw7pH05tDHRflkjUL3t5H","ObjectId":4129}},{"type":"Feature","id":4130,"geometry":{"type":"Point","coordinates":[-71.291704,42.774421]},"properties":{"site_name":"Windham Landfill","other_site_names":null,"state":"New Hampshire","industry":"Landfill","matrix_type":"Groundwater","matrix":"Groundwater","year":2019,"pfoa":"17","pfos":"11","total_pfas":78,"pfas_level":78,"notes":null,"regulation_gvt_link":null,"resources_link":"https://www4.des.state.nh.us/DESOneStop/PRSDetail.aspx?ID=0000472&Type=PRS","suspected_source_link":"https://nhdes.maps.arcgis.com/apps/View/index.html?appid=66770bef141c43a98a445c54a17720e2&extent=-73.5743,42.5413,-69.6852,45.4593","pfas_testing_link":"https://www4.des.state.nh.us/nh-pfas-investigation/wp-content/uploads/tables-pdf.pdf","site_ref_link":"https://drive.google.com/drive/u/0/folders/1gn0KcJkW8udweEURNil6LVO4lyvL3w2q","state_ref_link":"https://drive.google.com/drive/u/0/folders/1RsSKYaEE8jqAw7pH05tDHRflkjUL3t5H","ObjectId":4130}},{"type":"Feature","id":4131,"geometry":{"type":"Point","coordinates":[-71.29901,42.805804]},"properties":{"site_name":"Windham Senior Center Area","other_site_names":null,"state":"New Hampshire","industry":"Unknown","matrix_type":"Groundwater","matrix":"Groundwater","year":2020,"pfoa":"61","pfos":"160","total_pfas":2913,"pfas_level":2913,"notes":"A discharge of regulated contaminants (PFOA and PFOS) appears to have occurred at 2 North Lowell Road (Senior Center). The affected area comprises Windham Senior Center, Windham Town Hall, MacThompson Realty Inc., 5 N. Lowell Rd, 9 N. Lowell Road, Windham Fire Station, Windham Police Station, 4 Fellows Road, 8 Fellows Road, 9 Indian Rock Road, 13-15 Indian Rock Road, 17 Indian Rock Road, 19 Indian Rock Road, 25 Indian Rock Road, 29 Indian Rock Road, 30 Indian Rock Road, Howie Glynn & Sons Convenience, JP Kids Daycare, Windham Presbyterian Church, Windham Terrace Apartments, 1-12 Collins Brook Road, 5 Newfound Road, 9 Camelot Road, 15 3rd Street, 3 Spruce Road, 10-59 Ministerial Road, 2-6 Pine Brook Road, 4 Gaumont Road, 1-3 Elm Street","regulation_gvt_link":null,"resources_link":"https://www4.des.state.nh.us/DESOneStop/PRSDetail.aspx?ID=0038086&Type=PRS","suspected_source_link":"https://windhamnh.gov/DocumentCenter/View/6298/Letter-from-NH-DES---Windham-Senior-Center-Area","pfas_testing_link":"https://www4.des.state.nh.us/nh-pfas-investigation/wp-content/uploads/tables-pdf.pdf","site_ref_link":"https://drive.google.com/drive/u/0/folders/1k8w093Y6kQd3alpdN5Aqy4KkiTURr4jo","state_ref_link":"https://drive.google.com/drive/u/0/folders/1RsSKYaEE8jqAw7pH05tDHRflkjUL3t5H","ObjectId":4131}},{"type":"Feature","id":4132,"geometry":{"type":"Point","coordinates":[-71.216,43.6037]},"properties":{"site_name":"Wolfeboro Abandoned Dump","other_site_names":null,"state":"New Hampshire","industry":"Landfill","matrix_type":"Groundwater","matrix":"Groundwater","year":2019,"pfoa":"13","pfos":"13","total_pfas":66,"pfas_level":66,"notes":null,"regulation_gvt_link":null,"resources_link":"https://www4.des.state.nh.us/DESOneStop/PRSDetail.aspx?ID=0002674&Type=PRS","suspected_source_link":"https://nhdes.maps.arcgis.com/apps/View/index.html?appid=66770bef141c43a98a445c54a17720e2&extent=-73.5743,42.5413,-69.6852,45.4505","pfas_testing_link":"https://www4.des.state.nh.us/DESOneStop/PRSDetail.aspx?ID=0002674&Type=PRS","site_ref_link":"https://drive.google.com/drive/u/0/folders/1XEgaNZ2SjiA4vHaG1A4lONCKxdvNtbM7","state_ref_link":"https://drive.google.com/drive/u/0/folders/1RsSKYaEE8jqAw7pH05tDHRflkjUL3t5H","ObjectId":4132}},{"type":"Feature","id":4163,"geometry":{"type":"Point","coordinates":[-71.167194,44.479194]},"properties":{"site_name":"Chlor-Alkali Facility (Former)","other_site_names":null,"state":"New Hampshire","industry":"Industry","matrix_type":"Groundwater","matrix":"Groundwater","year":2019,"pfoa":"107","pfos":"48","total_pfas":185,"pfas_level":185,"notes":null,"regulation_gvt_link":null,"resources_link":"https://cumulis.epa.gov/supercpad/SiteProfiles/index.cfm?fuseaction=second.cleanup&id=0103313","suspected_source_link":"https://cumulis.epa.gov/supercpad/SiteProfiles/index.cfm?fuseaction=second.Cleanup&id=0103313#bkground","pfas_testing_link":"https://semspub.epa.gov/work/01/100012823.pdf","site_ref_link":"https://drive.google.com/drive/folders/1WXBZJ8Gw7EGv5GB00ehMffe7mq8XovAo?usp=drive_link","state_ref_link":"https://drive.google.com/drive/folders/1SxG8pO_505SbeIQXOB0ObELHth0xDizs?usp=drive_link","ObjectId":4163}},{"type":"Feature","id":4164,"geometry":{"type":"Point","coordinates":[-71.6554,42.8358]},"properties":{"site_name":"Fletcher's Paint Works & Storage","other_site_names":null,"state":"New Hampshire","industry":"Industry","matrix_type":"Groundwater","matrix":"Groundwater","year":2019,"pfoa":"11","pfos":"15","total_pfas":28,"pfas_level":28,"notes":null,"regulation_gvt_link":null,"resources_link":"https://cumulis.epa.gov/supercpad/SiteProfiles/index.cfm?fuseaction=second.cleanup&id=0101085","suspected_source_link":"https://cumulis.epa.gov/supercpad/SiteProfiles/index.cfm?fuseaction=second.cleanup&id=0101085#bkground","pfas_testing_link":"https://semspub.epa.gov/work/01/100024113.pdf","site_ref_link":"https://drive.google.com/drive/folders/14cKhO3mD99xxzFN2-LxGoauZ8MKi5wnj?usp=drive_link","state_ref_link":"https://drive.google.com/drive/folders/1SxG8pO_505SbeIQXOB0ObELHth0xDizs?usp=drive_link","ObjectId":4164}}]}