{"type":"FeatureCollection","name":"EPA Water Quality Portal PFAS detections in Soil","metadata":{"source":"EPA PFAS Analytic Tools layer: Water Quality Portal","source_url":"https://services.arcgis.com/cJ9YHowT8TU7DUyn/ArcGIS/rest/services/PFAS_Analytic_Tools_Layers/FeatureServer/17","selection":"Records marked PFAS Detected with Environmental Media Name = Soil, downloaded 2026-08-16","caveat":"Results reflect different sampling programs, analytical methods, units, and repeated locations. Compare only compatible samples."},"features":[{"type":"Feature","geometry":{"type":"Point","coordinates":[-93.101737,45.384599]},"properties":{"F_Monitoring_Location_Identifier":"MNPCA-LD00016","Location_Name":"Linwood PFC1","State":" MN","EPA_Region":"05","Organization":"Minnesota Pollution Control Agency - Ambient Surface Water","Environmental_Media_Name":"Soil","Activity_Media_Subdivision_Name":"Surface Soil/Sediment","Project_Name":"PCA Special Studies: known AFFF releases","PFAS_Chemical_Name":"Perfluorooctanoic acid","CAS_Number":"335-67-1","Result_Measure_Value__ppt_":16700,"Result_Measure_Value":16.7,"Result_Unit_of_Measure":"ng/g"}},{"type":"Feature","geometry":{"type":"Point","coordinates":[-93.101737,45.384599]},"properties":{"F_Monitoring_Location_Identifier":"MNPCA-LD00016","Location_Name":"Linwood PFC1","State":" MN","EPA_Region":"05","Organization":"Minnesota Pollution Control Agency - Ambient Surface Water","Environmental_Media_Name":"Soil","Activity_Media_Subdivision_Name":"Surface Soil/Sediment","Project_Name":"PCA Special Studies: known AFFF releases","PFAS_Chemical_Name":"Perfluorohexanoic acid","CAS_Number":"307-24-4","Result_Measure_Value__ppt_":69300,"Result_Measure_Value":69.3,"Result_Unit_of_Measure":"ng/g"}},{"type":"Feature","geometry":{"type":"Point","coordinates":[-93.101737,45.384599]},"properties":{"F_Monitoring_Location_Identifier":"MNPCA-LD00016","Location_Name":"Linwood PFC1","State":" MN","EPA_Region":"05","Organization":"Minnesota Pollution Control Agency - Ambient Surface Water","Environmental_Media_Name":"Soil","Activity_Media_Subdivision_Name":"Surface Soil/Sediment","Project_Name":"PCA Special Studies: known AFFF releases","PFAS_Chemical_Name":"Perfluorohexanoic acid","CAS_Number":"307-24-4","Result_Measure_Value__ppt_":54200,"Result_Measure_Value":54.2,"Result_Unit_of_Measure":"ng/g"}},{"type":"Feature","geometry":{"type":"Point","coordinates":[-93.101737,45.384599]},"properties":{"F_Monitoring_Location_Identifier":"MNPCA-LD00016","Location_Name":"Linwood PFC1","State":" MN","EPA_Region":"05","Organization":"Minnesota Pollution Control Agency - Ambient Surface Water","Environmental_Media_Name":"Soil","Activity_Media_Subdivision_Name":"Surface Soil/Sediment","Project_Name":"PCA Special Studies: known AFFF releases","PFAS_Chemical_Name":"Perfluorooctanesulfonamide","CAS_Number":"754-91-6","Result_Measure_Value__ppt_":15200,"Result_Measure_Value":15.2,"Result_Unit_of_Measure":"ng/g"}},{"type":"Feature","geometry":{"type":"Point","coordinates":[-93.101737,45.384599]},"properties":{"F_Monitoring_Location_Identifier":"MNPCA-LD00016","Location_Name":"Linwood PFC1","State":" MN","EPA_Region":"05","Organization":"Minnesota Pollution Control Agency - Ambient Surface Water","Environmental_Media_Name":"Soil","Activity_Media_Subdivision_Name":"Surface Soil/Sediment","Project_Name":"PCA Special Studies: known AFFF releases","PFAS_Chemical_Name":"Perfluorobutanoate","CAS_Number":"45048-62-2","Result_Measure_Value__ppt_":8960,"Result_Measure_Value":8.96,"Result_Unit_of_Measure":"ng/g"}},{"type":"Feature","geometry":{"type":"Point","coordinates":[-93.101737,45.384599]},"properties":{"F_Monitoring_Location_Identifier":"MNPCA-LD00016","Location_Name":"Linwood PFC1","State":" MN","EPA_Region":"05","Organization":"Minnesota Pollution Control Agency - Ambient Surface Water","Environmental_Media_Name":"Soil","Activity_Media_Subdivision_Name":"Surface Soil/Sediment","Project_Name":"PCA Special Studies: known AFFF releases","PFAS_Chemical_Name":"Perfluorooctanesulfonate","CAS_Number":"45298-90-6","Result_Measure_Value__ppt_":57200,"Result_Measure_Value":57.2,"Result_Unit_of_Measure":"ng/g"}},{"type":"Feature","geometry":{"type":"Point","coordinates":[-93.101737,45.384599]},"properties":{"F_Monitoring_Location_Identifier":"MNPCA-LD00016","Location_Name":"Linwood PFC1","State":" MN","EPA_Region":"05","Organization":"Minnesota Pollution Control Agency - Ambient Surface Water","Environmental_Media_Name":"Soil","Activity_Media_Subdivision_Name":"Surface Soil/Sediment","Project_Name":"PCA Special Studies: known AFFF releases","PFAS_Chemical_Name":"Perfluoroheptanoic acid","CAS_Number":"375-85-9","Result_Measure_Value__ppt_":18800,"Result_Measure_Value":18.8,"Result_Unit_of_Measure":"ng/g"}},{"type":"Feature","geometry":{"type":"Point","coordinates":[-93.101737,45.384599]},"properties":{"F_Monitoring_Location_Identifier":"MNPCA-LD00016","Location_Name":"Linwood PFC1","State":" MN","EPA_Region":"05","Organization":"Minnesota Pollution Control Agency - Ambient Surface Water","Environmental_Media_Name":"Soil","Activity_Media_Subdivision_Name":"Surface Soil/Sediment","Project_Name":"PCA Special Studies: known AFFF releases","PFAS_Chemical_Name":"Perfluorohexanesulfonate","CAS_Number":"108427-53-8","Result_Measure_Value__ppt_":450000,"Result_Measure_Value":450,"Result_Unit_of_Measure":"ng/g"}},{"type":"Feature","geometry":{"type":"Point","coordinates":[-93.101737,45.384599]},"properties":{"F_Monitoring_Location_Identifier":"MNPCA-LD00016","Location_Name":"Linwood PFC1","State":" MN","EPA_Region":"05","Organization":"Minnesota Pollution Control Agency - Ambient Surface Water","Environmental_Media_Name":"Soil","Activity_Media_Subdivision_Name":"Surface Soil/Sediment","Project_Name":"PCA Special Studies: known AFFF releases","PFAS_Chemical_Name":"Perfluorovaleric acid","CAS_Number":"2706-90-3","Result_Measure_Value__ppt_":14300,"Result_Measure_Value":14.3,"Result_Unit_of_Measure":"ng/g"}},{"type":"Feature","geometry":{"type":"Point","coordinates":[-93.101737,45.384599]},"properties":{"F_Monitoring_Location_Identifier":"MNPCA-LD00016","Location_Name":"Linwood PFC1","State":" MN","EPA_Region":"05","Organization":"Minnesota Pollution Control Agency - Ambient Surface Water","Environmental_Media_Name":"Soil","Activity_Media_Subdivision_Name":"Surface Soil/Sediment","Project_Name":"PCA Special Studies: known AFFF releases","PFAS_Chemical_Name":"Perfluorobutanesulfonate","CAS_Number":"45187-15-3","Result_Measure_Value__ppt_":41400,"Result_Measure_Value":41.4,"Result_Unit_of_Measure":"ng/g"}},{"type":"Feature","geometry":{"type":"Point","coordinates":[-93.101737,45.384599]},"properties":{"F_Monitoring_Location_Identifier":"MNPCA-LD00016","Location_Name":"Linwood PFC1","State":" MN","EPA_Region":"05","Organization":"Minnesota Pollution Control Agency - Ambient Surface Water","Environmental_Media_Name":"Soil","Activity_Media_Subdivision_Name":"Surface Soil/Sediment","Project_Name":"PCA Special Studies: known AFFF releases","PFAS_Chemical_Name":"Perfluorobutanesulfonate","CAS_Number":"45187-15-3","Result_Measure_Value__ppt_":80000,"Result_Measure_Value":80,"Result_Unit_of_Measure":"ng/g"}},{"type":"Feature","geometry":{"type":"Point","coordinates":[-93.101737,45.384599]},"properties":{"F_Monitoring_Location_Identifier":"MNPCA-LD00016","Location_Name":"Linwood PFC1","State":" MN","EPA_Region":"05","Organization":"Minnesota Pollution Control Agency - Ambient Surface Water","Environmental_Media_Name":"Soil","Activity_Media_Subdivision_Name":"Surface Soil/Sediment","Project_Name":"PCA Special Studies: known AFFF releases","PFAS_Chemical_Name":"Perfluorooctanoic acid","CAS_Number":"335-67-1","Result_Measure_Value__ppt_":81400,"Result_Measure_Value":81.4,"Result_Unit_of_Measure":"ng/g"}},{"type":"Feature","geometry":{"type":"Point","coordinates":[-93.101737,45.384599]},"properties":{"F_Monitoring_Location_Identifier":"MNPCA-LD00016","Location_Name":"Linwood PFC1","State":" MN","EPA_Region":"05","Organization":"Minnesota Pollution Control Agency - Ambient Surface Water","Environmental_Media_Name":"Soil","Activity_Media_Subdivision_Name":"Surface Soil/Sediment","Project_Name":"PCA Special Studies: known AFFF releases","PFAS_Chemical_Name":"Perfluorooctanesulfonamide","CAS_Number":"754-91-6","Result_Measure_Value__ppt_":9130,"Result_Measure_Value":9.13,"Result_Unit_of_Measure":"ng/g"}},{"type":"Feature","geometry":{"type":"Point","coordinates":[-93.101737,45.384599]},"properties":{"F_Monitoring_Location_Identifier":"MNPCA-LD00016","Location_Name":"Linwood PFC1","State":" MN","EPA_Region":"05","Organization":"Minnesota Pollution Control Agency - Ambient Surface Water","Environmental_Media_Name":"Soil","Activity_Media_Subdivision_Name":"Surface Soil/Sediment","Project_Name":"PCA Special Studies: known AFFF releases","PFAS_Chemical_Name":"Perfluorobutanoate","CAS_Number":"45048-62-2","Result_Measure_Value__ppt_":10800,"Result_Measure_Value":10.8,"Result_Unit_of_Measure":"ng/g"}},{"type":"Feature","geometry":{"type":"Point","coordinates":[-93.101737,45.384599]},"properties":{"F_Monitoring_Location_Identifier":"MNPCA-LD00016","Location_Name":"Linwood PFC1","State":" MN","EPA_Region":"05","Organization":"Minnesota Pollution Control Agency - Ambient Surface Water","Environmental_Media_Name":"Soil","Activity_Media_Subdivision_Name":"Surface Soil/Sediment","Project_Name":"PCA Special Studies: known AFFF releases","PFAS_Chemical_Name":"Perfluorovaleric acid","CAS_Number":"2706-90-3","Result_Measure_Value__ppt_":22500,"Result_Measure_Value":22.5,"Result_Unit_of_Measure":"ng/g"}},{"type":"Feature","geometry":{"type":"Point","coordinates":[-93.101737,45.384599]},"properties":{"F_Monitoring_Location_Identifier":"MNPCA-LD00016","Location_Name":"Linwood PFC1","State":" MN","EPA_Region":"05","Organization":"Minnesota Pollution Control Agency - Ambient Surface Water","Environmental_Media_Name":"Soil","Activity_Media_Subdivision_Name":"Surface Soil/Sediment","Project_Name":"PCA Special Studies: known AFFF releases","PFAS_Chemical_Name":"Perfluoroheptanoic acid","CAS_Number":"375-85-9","Result_Measure_Value__ppt_":12200,"Result_Measure_Value":12.2,"Result_Unit_of_Measure":"ng/g"}},{"type":"Feature","geometry":{"type":"Point","coordinates":[-93.101737,45.384599]},"properties":{"F_Monitoring_Location_Identifier":"MNPCA-LD00016","Location_Name":"Linwood PFC1","State":" MN","EPA_Region":"05","Organization":"Minnesota Pollution Control Agency - Ambient Surface Water","Environmental_Media_Name":"Soil","Activity_Media_Subdivision_Name":"Surface Soil/Sediment","Project_Name":"PCA Special Studies: known AFFF releases","PFAS_Chemical_Name":"Perfluorohexanesulfonate","CAS_Number":"108427-53-8","Result_Measure_Value__ppt_":93400,"Result_Measure_Value":93.4,"Result_Unit_of_Measure":"ng/g"}},{"type":"Feature","geometry":{"type":"Point","coordinates":[-93.101737,45.384599]},"properties":{"F_Monitoring_Location_Identifier":"MNPCA-LD00016","Location_Name":"Linwood PFC1","State":" MN","EPA_Region":"05","Organization":"Minnesota Pollution Control Agency - Ambient Surface Water","Environmental_Media_Name":"Soil","Activity_Media_Subdivision_Name":"Surface Soil/Sediment","Project_Name":"PCA Special Studies: known AFFF releases","PFAS_Chemical_Name":"Perfluorooctanesulfonate","CAS_Number":"45298-90-6","Result_Measure_Value__ppt_":926000,"Result_Measure_Value":926,"Result_Unit_of_Measure":"ng/g"}},{"type":"Feature","geometry":{"type":"Point","coordinates":[-93.101771,45.384527]},"properties":{"F_Monitoring_Location_Identifier":"MNPCA-LD00017","Location_Name":"Linwood PFC2","State":" MN","EPA_Region":"05","Organization":"Minnesota Pollution Control Agency - Ambient Surface Water","Environmental_Media_Name":"Soil","Activity_Media_Subdivision_Name":"Surface Soil/Sediment","Project_Name":"PCA Special Studies: known AFFF releases","PFAS_Chemical_Name":"Perfluorovaleric acid","CAS_Number":"2706-90-3","Result_Measure_Value__ppt_":16600,"Result_Measure_Value":16.6,"Result_Unit_of_Measure":"ng/g"}},{"type":"Feature","geometry":{"type":"Point","coordinates":[-93.101771,45.384527]},"properties":{"F_Monitoring_Location_Identifier":"MNPCA-LD00017","Location_Name":"Linwood PFC2","State":" MN","EPA_Region":"05","Organization":"Minnesota Pollution Control Agency - Ambient Surface Water","Environmental_Media_Name":"Soil","Activity_Media_Subdivision_Name":"Surface Soil/Sediment","Project_Name":"PCA Special Studies: known AFFF releases","PFAS_Chemical_Name":"Perfluorohexanesulfonate","CAS_Number":"108427-53-8","Result_Measure_Value__ppt_":15600,"Result_Measure_Value":15.6,"Result_Unit_of_Measure":"ng/g"}},{"type":"Feature","geometry":{"type":"Point","coordinates":[-93.101771,45.384527]},"properties":{"F_Monitoring_Location_Identifier":"MNPCA-LD00017","Location_Name":"Linwood PFC2","State":" MN","EPA_Region":"05","Organization":"Minnesota Pollution Control Agency - Ambient Surface Water","Environmental_Media_Name":"Soil","Activity_Media_Subdivision_Name":"Surface Soil/Sediment","Project_Name":"PCA Special Studies: known AFFF releases","PFAS_Chemical_Name":"Perfluorobutanesulfonate","CAS_Number":"45187-15-3","Result_Measure_Value__ppt_":76600,"Result_Measure_Value":76.6,"Result_Unit_of_Measure":"ng/g"}},{"type":"Feature","geometry":{"type":"Point","coordinates":[-93.101771,45.384527]},"properties":{"F_Monitoring_Location_Identifier":"MNPCA-LD00017","Location_Name":"Linwood PFC2","State":" MN","EPA_Region":"05","Organization":"Minnesota Pollution Control Agency - Ambient Surface Water","Environmental_Media_Name":"Soil","Activity_Media_Subdivision_Name":"Surface Soil/Sediment","Project_Name":"PCA Special Studies: known AFFF releases","PFAS_Chemical_Name":"Perfluoroheptanoic acid","CAS_Number":"375-85-9","Result_Measure_Value__ppt_":17500,"Result_Measure_Value":17.5,"Result_Unit_of_Measure":"ng/g"}},{"type":"Feature","geometry":{"type":"Point","coordinates":[-93.101771,45.384527]},"properties":{"F_Monitoring_Location_Identifier":"MNPCA-LD00017","Location_Name":"Linwood PFC2","State":" MN","EPA_Region":"05","Organization":"Minnesota Pollution Control Agency - Ambient Surface Water","Environmental_Media_Name":"Soil","Activity_Media_Subdivision_Name":"Surface Soil/Sediment","Project_Name":"PCA Special Studies: known AFFF releases","PFAS_Chemical_Name":"Perfluorohexanoic acid","CAS_Number":"307-24-4","Result_Measure_Value__ppt_":15600,"Result_Measure_Value":15.6,"Result_Unit_of_Measure":"ng/g"}},{"type":"Feature","geometry":{"type":"Point","coordinates":[-93.101771,45.384527]},"properties":{"F_Monitoring_Location_Identifier":"MNPCA-LD00017","Location_Name":"Linwood PFC2","State":" MN","EPA_Region":"05","Organization":"Minnesota Pollution Control Agency - Ambient Surface Water","Environmental_Media_Name":"Soil","Activity_Media_Subdivision_Name":"Surface Soil/Sediment","Project_Name":"PCA Special Studies: known AFFF releases","PFAS_Chemical_Name":"Perfluorooctanesulfonate","CAS_Number":"45298-90-6","Result_Measure_Value__ppt_":68500,"Result_Measure_Value":68.5,"Result_Unit_of_Measure":"ng/g"}},{"type":"Feature","geometry":{"type":"Point","coordinates":[-93.101771,45.384527]},"properties":{"F_Monitoring_Location_Identifier":"MNPCA-LD00017","Location_Name":"Linwood PFC2","State":" MN","EPA_Region":"05","Organization":"Minnesota Pollution Control Agency - Ambient Surface Water","Environmental_Media_Name":"Soil","Activity_Media_Subdivision_Name":"Surface Soil/Sediment","Project_Name":"PCA Special Studies: known AFFF releases","PFAS_Chemical_Name":"Perfluorovaleric acid","CAS_Number":"2706-90-3","Result_Measure_Value__ppt_":4680,"Result_Measure_Value":4.68,"Result_Unit_of_Measure":"ng/g"}},{"type":"Feature","geometry":{"type":"Point","coordinates":[-93.101771,45.384527]},"properties":{"F_Monitoring_Location_Identifier":"MNPCA-LD00017","Location_Name":"Linwood PFC2","State":" MN","EPA_Region":"05","Organization":"Minnesota Pollution Control Agency - Ambient Surface Water","Environmental_Media_Name":"Soil","Activity_Media_Subdivision_Name":"Surface Soil/Sediment","Project_Name":"PCA Special Studies: known AFFF releases","PFAS_Chemical_Name":"Perfluorooctanesulfonamide","CAS_Number":"754-91-6","Result_Measure_Value__ppt_":4430,"Result_Measure_Value":4.43,"Result_Unit_of_Measure":"ng/g"}},{"type":"Feature","geometry":{"type":"Point","coordinates":[-93.101771,45.384527]},"properties":{"F_Monitoring_Location_Identifier":"MNPCA-LD00017","Location_Name":"Linwood PFC2","State":" MN","EPA_Region":"05","Organization":"Minnesota Pollution Control Agency - Ambient Surface Water","Environmental_Media_Name":"Soil","Activity_Media_Subdivision_Name":"Surface Soil/Sediment","Project_Name":"PCA Special Studies: known AFFF releases","PFAS_Chemical_Name":"Perfluorooctanesulfonate","CAS_Number":"45298-90-6","Result_Measure_Value__ppt_":1700000,"Result_Measure_Value":1700,"Result_Unit_of_Measure":"ng/g"}},{"type":"Feature","geometry":{"type":"Point","coordinates":[-93.101771,45.384527]},"properties":{"F_Monitoring_Location_Identifier":"MNPCA-LD00017","Location_Name":"Linwood PFC2","State":" MN","EPA_Region":"05","Organization":"Minnesota Pollution Control Agency - Ambient Surface Water","Environmental_Media_Name":"Soil","Activity_Media_Subdivision_Name":"Surface Soil/Sediment","Project_Name":"PCA Special Studies: known AFFF releases","PFAS_Chemical_Name":"Perfluorooctanoic acid","CAS_Number":"335-67-1","Result_Measure_Value__ppt_":65800,"Result_Measure_Value":65.8,"Result_Unit_of_Measure":"ng/g"}},{"type":"Feature","geometry":{"type":"Point","coordinates":[-93.101771,45.384527]},"properties":{"F_Monitoring_Location_Identifier":"MNPCA-LD00017","Location_Name":"Linwood PFC2","State":" MN","EPA_Region":"05","Organization":"Minnesota Pollution Control Agency - Ambient Surface Water","Environmental_Media_Name":"Soil","Activity_Media_Subdivision_Name":"Surface Soil/Sediment","Project_Name":"PCA Special Studies: known AFFF releases","PFAS_Chemical_Name":"Perfluoroheptanoic acid","CAS_Number":"375-85-9","Result_Measure_Value__ppt_":2110,"Result_Measure_Value":2.11,"Result_Unit_of_Measure":"ng/g"}},{"type":"Feature","geometry":{"type":"Point","coordinates":[-93.101771,45.384527]},"properties":{"F_Monitoring_Location_Identifier":"MNPCA-LD00017","Location_Name":"Linwood PFC2","State":" MN","EPA_Region":"05","Organization":"Minnesota Pollution Control Agency - Ambient Surface Water","Environmental_Media_Name":"Soil","Activity_Media_Subdivision_Name":"Surface Soil/Sediment","Project_Name":"PCA Special Studies: known AFFF releases","PFAS_Chemical_Name":"Perfluorobutanoate","CAS_Number":"45048-62-2","Result_Measure_Value__ppt_":11500,"Result_Measure_Value":11.5,"Result_Unit_of_Measure":"ng/g"}},{"type":"Feature","geometry":{"type":"Point","coordinates":[-93.101771,45.384527]},"properties":{"F_Monitoring_Location_Identifier":"MNPCA-LD00017","Location_Name":"Linwood PFC2","State":" MN","EPA_Region":"05","Organization":"Minnesota Pollution Control Agency - Ambient Surface Water","Environmental_Media_Name":"Soil","Activity_Media_Subdivision_Name":"Surface Soil/Sediment","Project_Name":"PCA Special Studies: known AFFF releases","PFAS_Chemical_Name":"Perfluorohexanesulfonate","CAS_Number":"108427-53-8","Result_Measure_Value__ppt_":346000,"Result_Measure_Value":346,"Result_Unit_of_Measure":"ng/g"}},{"type":"Feature","geometry":{"type":"Point","coordinates":[-93.101771,45.384527]},"properties":{"F_Monitoring_Location_Identifier":"MNPCA-LD00017","Location_Name":"Linwood PFC2","State":" MN","EPA_Region":"05","Organization":"Minnesota Pollution Control Agency - Ambient Surface Water","Environmental_Media_Name":"Soil","Activity_Media_Subdivision_Name":"Surface Soil/Sediment","Project_Name":"PCA Special Studies: known AFFF releases","PFAS_Chemical_Name":"Perfluorooctanoic acid","CAS_Number":"335-67-1","Result_Measure_Value__ppt_":2940,"Result_Measure_Value":2.94,"Result_Unit_of_Measure":"ng/g"}},{"type":"Feature","geometry":{"type":"Point","coordinates":[-93.101771,45.384527]},"properties":{"F_Monitoring_Location_Identifier":"MNPCA-LD00017","Location_Name":"Linwood PFC2","State":" MN","EPA_Region":"05","Organization":"Minnesota Pollution Control Agency - Ambient Surface Water","Environmental_Media_Name":"Soil","Activity_Media_Subdivision_Name":"Surface Soil/Sediment","Project_Name":"PCA Special Studies: known AFFF releases","PFAS_Chemical_Name":"Perfluorohexanoic acid","CAS_Number":"307-24-4","Result_Measure_Value__ppt_":61000,"Result_Measure_Value":61,"Result_Unit_of_Measure":"ng/g"}},{"type":"Feature","geometry":{"type":"Point","coordinates":[-93.101771,45.384527]},"properties":{"F_Monitoring_Location_Identifier":"MNPCA-LD00017","Location_Name":"Linwood PFC2","State":" MN","EPA_Region":"05","Organization":"Minnesota Pollution Control Agency - Ambient Surface Water","Environmental_Media_Name":"Soil","Activity_Media_Subdivision_Name":"Surface Soil/Sediment","Project_Name":"PCA Special Studies: known AFFF releases","PFAS_Chemical_Name":"Perfluorobutanoate","CAS_Number":"45048-62-2","Result_Measure_Value__ppt_":3630,"Result_Measure_Value":3.63,"Result_Unit_of_Measure":"ng/g"}},{"type":"Feature","geometry":{"type":"Point","coordinates":[-93.101771,45.384527]},"properties":{"F_Monitoring_Location_Identifier":"MNPCA-LD00017","Location_Name":"Linwood PFC2","State":" MN","EPA_Region":"05","Organization":"Minnesota Pollution Control Agency - Ambient Surface Water","Environmental_Media_Name":"Soil","Activity_Media_Subdivision_Name":"Surface Soil/Sediment","Project_Name":"PCA Special Studies: known AFFF releases","PFAS_Chemical_Name":"Perfluorobutanesulfonate","CAS_Number":"45187-15-3","Result_Measure_Value__ppt_":17500,"Result_Measure_Value":17.5,"Result_Unit_of_Measure":"ng/g"}},{"type":"Feature","geometry":{"type":"Point","coordinates":[-93.101771,45.384527]},"properties":{"F_Monitoring_Location_Identifier":"MNPCA-LD00017","Location_Name":"Linwood PFC2","State":" MN","EPA_Region":"05","Organization":"Minnesota Pollution Control Agency - Ambient Surface Water","Environmental_Media_Name":"Soil","Activity_Media_Subdivision_Name":"Surface Soil/Sediment","Project_Name":"PCA Special Studies: known AFFF releases","PFAS_Chemical_Name":"Perfluorooctanesulfonamide","CAS_Number":"754-91-6","Result_Measure_Value__ppt_":3920,"Result_Measure_Value":3.92,"Result_Unit_of_Measure":"ng/g"}},{"type":"Feature","geometry":{"type":"Point","coordinates":[-93.10186,45.3844270000001]},"properties":{"F_Monitoring_Location_Identifier":"MNPCA-LD00018","Location_Name":"Linwood PFC3","State":" MN","EPA_Region":"05","Organization":"Minnesota Pollution Control Agency - Ambient Surface Water","Environmental_Media_Name":"Soil","Activity_Media_Subdivision_Name":"Surface Soil/Sediment","Project_Name":"PCA Special Studies: known AFFF releases","PFAS_Chemical_Name":"Perfluoroheptanoic acid","CAS_Number":"375-85-9","Result_Measure_Value__ppt_":14200,"Result_Measure_Value":14.2,"Result_Unit_of_Measure":"ng/g"}},{"type":"Feature","geometry":{"type":"Point","coordinates":[-93.10186,45.3844270000001]},"properties":{"F_Monitoring_Location_Identifier":"MNPCA-LD00018","Location_Name":"Linwood PFC3","State":" MN","EPA_Region":"05","Organization":"Minnesota Pollution Control Agency - Ambient Surface Water","Environmental_Media_Name":"Soil","Activity_Media_Subdivision_Name":"Surface Soil/Sediment","Project_Name":"PCA Special Studies: known AFFF releases","PFAS_Chemical_Name":"Perfluorooctanoic acid","CAS_Number":"335-67-1","Result_Measure_Value__ppt_":63500,"Result_Measure_Value":63.5,"Result_Unit_of_Measure":"ng/g"}},{"type":"Feature","geometry":{"type":"Point","coordinates":[-93.10186,45.3844270000001]},"properties":{"F_Monitoring_Location_Identifier":"MNPCA-LD00018","Location_Name":"Linwood PFC3","State":" MN","EPA_Region":"05","Organization":"Minnesota Pollution Control Agency - Ambient Surface Water","Environmental_Media_Name":"Soil","Activity_Media_Subdivision_Name":"Surface Soil/Sediment","Project_Name":"PCA Special Studies: known AFFF releases","PFAS_Chemical_Name":"Perfluorobutanoate","CAS_Number":"45048-62-2","Result_Measure_Value__ppt_":5720,"Result_Measure_Value":5.72,"Result_Unit_of_Measure":"ng/g"}},{"type":"Feature","geometry":{"type":"Point","coordinates":[-93.10186,45.3844270000001]},"properties":{"F_Monitoring_Location_Identifier":"MNPCA-LD00018","Location_Name":"Linwood PFC3","State":" MN","EPA_Region":"05","Organization":"Minnesota Pollution Control Agency - Ambient Surface Water","Environmental_Media_Name":"Soil","Activity_Media_Subdivision_Name":"Surface Soil/Sediment","Project_Name":"PCA Special Studies: known AFFF releases","PFAS_Chemical_Name":"Perfluorononanoic acid","CAS_Number":"375-95-1","Result_Measure_Value__ppt_":10900,"Result_Measure_Value":10.9,"Result_Unit_of_Measure":"ng/g"}},{"type":"Feature","geometry":{"type":"Point","coordinates":[-93.10186,45.3844270000001]},"properties":{"F_Monitoring_Location_Identifier":"MNPCA-LD00018","Location_Name":"Linwood PFC3","State":" MN","EPA_Region":"05","Organization":"Minnesota Pollution Control Agency - Ambient Surface Water","Environmental_Media_Name":"Soil","Activity_Media_Subdivision_Name":"Surface Soil/Sediment","Project_Name":"PCA Special Studies: known AFFF releases","PFAS_Chemical_Name":"Perfluorobutanoate","CAS_Number":"45048-62-2","Result_Measure_Value__ppt_":10000,"Result_Measure_Value":10,"Result_Unit_of_Measure":"ng/g"}},{"type":"Feature","geometry":{"type":"Point","coordinates":[-93.10186,45.3844270000001]},"properties":{"F_Monitoring_Location_Identifier":"MNPCA-LD00018","Location_Name":"Linwood PFC3","State":" MN","EPA_Region":"05","Organization":"Minnesota Pollution Control Agency - Ambient Surface Water","Environmental_Media_Name":"Soil","Activity_Media_Subdivision_Name":"Surface Soil/Sediment","Project_Name":"PCA Special Studies: known AFFF releases","PFAS_Chemical_Name":"Perfluorooctanesulfonate","CAS_Number":"45298-90-6","Result_Measure_Value__ppt_":3490000,"Result_Measure_Value":3490,"Result_Unit_of_Measure":"ng/g"}},{"type":"Feature","geometry":{"type":"Point","coordinates":[-93.10186,45.3844270000001]},"properties":{"F_Monitoring_Location_Identifier":"MNPCA-LD00018","Location_Name":"Linwood PFC3","State":" MN","EPA_Region":"05","Organization":"Minnesota Pollution Control Agency - Ambient Surface Water","Environmental_Media_Name":"Soil","Activity_Media_Subdivision_Name":"Surface Soil/Sediment","Project_Name":"PCA Special Studies: known AFFF releases","PFAS_Chemical_Name":"Perfluorodecanoic acid","CAS_Number":"335-76-2","Result_Measure_Value__ppt_":10800,"Result_Measure_Value":10.8,"Result_Unit_of_Measure":"ng/g"}},{"type":"Feature","geometry":{"type":"Point","coordinates":[-93.10186,45.3844270000001]},"properties":{"F_Monitoring_Location_Identifier":"MNPCA-LD00018","Location_Name":"Linwood PFC3","State":" MN","EPA_Region":"05","Organization":"Minnesota Pollution Control Agency - Ambient Surface Water","Environmental_Media_Name":"Soil","Activity_Media_Subdivision_Name":"Surface Soil/Sediment","Project_Name":"PCA Special Studies: known AFFF releases","PFAS_Chemical_Name":"Perfluorohexanesulfonate","CAS_Number":"108427-53-8","Result_Measure_Value__ppt_":422000,"Result_Measure_Value":422,"Result_Unit_of_Measure":"ng/g"}},{"type":"Feature","geometry":{"type":"Point","coordinates":[-93.10186,45.3844270000001]},"properties":{"F_Monitoring_Location_Identifier":"MNPCA-LD00018","Location_Name":"Linwood PFC3","State":" MN","EPA_Region":"05","Organization":"Minnesota Pollution Control Agency - Ambient Surface Water","Environmental_Media_Name":"Soil","Activity_Media_Subdivision_Name":"Surface Soil/Sediment","Project_Name":"PCA Special Studies: known AFFF releases","PFAS_Chemical_Name":"Perfluorooctanesulfonate","CAS_Number":"45298-90-6","Result_Measure_Value__ppt_":1100000,"Result_Measure_Value":1100,"Result_Unit_of_Measure":"ng/g"}},{"type":"Feature","geometry":{"type":"Point","coordinates":[-93.10186,45.3844270000001]},"properties":{"F_Monitoring_Location_Identifier":"MNPCA-LD00018","Location_Name":"Linwood PFC3","State":" MN","EPA_Region":"05","Organization":"Minnesota Pollution Control Agency - Ambient Surface Water","Environmental_Media_Name":"Soil","Activity_Media_Subdivision_Name":"Surface Soil/Sediment","Project_Name":"PCA Special Studies: known AFFF releases","PFAS_Chemical_Name":"Perfluorohexanoic acid","CAS_Number":"307-24-4","Result_Measure_Value__ppt_":26300,"Result_Measure_Value":26.3,"Result_Unit_of_Measure":"ng/g"}},{"type":"Feature","geometry":{"type":"Point","coordinates":[-93.10186,45.3844270000001]},"properties":{"F_Monitoring_Location_Identifier":"MNPCA-LD00018","Location_Name":"Linwood PFC3","State":" MN","EPA_Region":"05","Organization":"Minnesota Pollution Control Agency - Ambient Surface Water","Environmental_Media_Name":"Soil","Activity_Media_Subdivision_Name":"Surface Soil/Sediment","Project_Name":"PCA Special Studies: known AFFF releases","PFAS_Chemical_Name":"Perfluorooctanoic acid","CAS_Number":"335-67-1","Result_Measure_Value__ppt_":70600,"Result_Measure_Value":70.6,"Result_Unit_of_Measure":"ng/g"}},{"type":"Feature","geometry":{"type":"Point","coordinates":[-93.10186,45.3844270000001]},"properties":{"F_Monitoring_Location_Identifier":"MNPCA-LD00018","Location_Name":"Linwood PFC3","State":" MN","EPA_Region":"05","Organization":"Minnesota Pollution Control Agency - Ambient Surface Water","Environmental_Media_Name":"Soil","Activity_Media_Subdivision_Name":"Surface Soil/Sediment","Project_Name":"PCA Special Studies: known AFFF releases","PFAS_Chemical_Name":"Perfluorobutanesulfonate","CAS_Number":"45187-15-3","Result_Measure_Value__ppt_":70200,"Result_Measure_Value":70.2,"Result_Unit_of_Measure":"ng/g"}},{"type":"Feature","geometry":{"type":"Point","coordinates":[-93.10186,45.3844270000001]},"properties":{"F_Monitoring_Location_Identifier":"MNPCA-LD00018","Location_Name":"Linwood PFC3","State":" MN","EPA_Region":"05","Organization":"Minnesota Pollution Control Agency - Ambient Surface Water","Environmental_Media_Name":"Soil","Activity_Media_Subdivision_Name":"Surface Soil/Sediment","Project_Name":"PCA Special Studies: known AFFF releases","PFAS_Chemical_Name":"Perfluorodecanoic acid","CAS_Number":"335-76-2","Result_Measure_Value__ppt_":1830,"Result_Measure_Value":1.83,"Result_Unit_of_Measure":"ng/g"}},{"type":"Feature","geometry":{"type":"Point","coordinates":[-93.10186,45.3844270000001]},"properties":{"F_Monitoring_Location_Identifier":"MNPCA-LD00018","Location_Name":"Linwood PFC3","State":" MN","EPA_Region":"05","Organization":"Minnesota Pollution Control Agency - Ambient Surface Water","Environmental_Media_Name":"Soil","Activity_Media_Subdivision_Name":"Surface Soil/Sediment","Project_Name":"PCA Special Studies: known AFFF releases","PFAS_Chemical_Name":"Perfluorohexanesulfonate","CAS_Number":"108427-53-8","Result_Measure_Value__ppt_":417000,"Result_Measure_Value":417,"Result_Unit_of_Measure":"ng/g"}},{"type":"Feature","geometry":{"type":"Point","coordinates":[-93.10186,45.3844270000001]},"properties":{"F_Monitoring_Location_Identifier":"MNPCA-LD00018","Location_Name":"Linwood PFC3","State":" MN","EPA_Region":"05","Organization":"Minnesota Pollution Control Agency - Ambient Surface Water","Environmental_Media_Name":"Soil","Activity_Media_Subdivision_Name":"Surface Soil/Sediment","Project_Name":"PCA Special Studies: known AFFF releases","PFAS_Chemical_Name":"Perfluorobutanesulfonate","CAS_Number":"45187-15-3","Result_Measure_Value__ppt_":42100,"Result_Measure_Value":42.1,"Result_Unit_of_Measure":"ng/g"}},{"type":"Feature","geometry":{"type":"Point","coordinates":[-93.10186,45.3844270000001]},"properties":{"F_Monitoring_Location_Identifier":"MNPCA-LD00018","Location_Name":"Linwood PFC3","State":" MN","EPA_Region":"05","Organization":"Minnesota Pollution Control Agency - Ambient Surface Water","Environmental_Media_Name":"Soil","Activity_Media_Subdivision_Name":"Surface Soil/Sediment","Project_Name":"PCA Special Studies: known AFFF releases","PFAS_Chemical_Name":"Perfluorovaleric acid","CAS_Number":"2706-90-3","Result_Measure_Value__ppt_":7550,"Result_Measure_Value":7.55,"Result_Unit_of_Measure":"ng/g"}},{"type":"Feature","geometry":{"type":"Point","coordinates":[-93.10186,45.3844270000001]},"properties":{"F_Monitoring_Location_Identifier":"MNPCA-LD00018","Location_Name":"Linwood PFC3","State":" MN","EPA_Region":"05","Organization":"Minnesota Pollution Control Agency - Ambient Surface Water","Environmental_Media_Name":"Soil","Activity_Media_Subdivision_Name":"Surface Soil/Sediment","Project_Name":"PCA Special Studies: known AFFF releases","PFAS_Chemical_Name":"Perfluorohexanoic acid","CAS_Number":"307-24-4","Result_Measure_Value__ppt_":38200,"Result_Measure_Value":38.2,"Result_Unit_of_Measure":"ng/g"}},{"type":"Feature","geometry":{"type":"Point","coordinates":[-93.10186,45.3844270000001]},"properties":{"F_Monitoring_Location_Identifier":"MNPCA-LD00018","Location_Name":"Linwood PFC3","State":" MN","EPA_Region":"05","Organization":"Minnesota Pollution Control Agency - Ambient Surface Water","Environmental_Media_Name":"Soil","Activity_Media_Subdivision_Name":"Surface Soil/Sediment","Project_Name":"PCA Special Studies: known AFFF releases","PFAS_Chemical_Name":"Perfluoroheptanoic acid","CAS_Number":"375-85-9","Result_Measure_Value__ppt_":10700,"Result_Measure_Value":10.7,"Result_Unit_of_Measure":"ng/g"}},{"type":"Feature","geometry":{"type":"Point","coordinates":[-93.10186,45.3844270000001]},"properties":{"F_Monitoring_Location_Identifier":"MNPCA-LD00018","Location_Name":"Linwood PFC3","State":" MN","EPA_Region":"05","Organization":"Minnesota Pollution Control Agency - Ambient Surface Water","Environmental_Media_Name":"Soil","Activity_Media_Subdivision_Name":"Surface Soil/Sediment","Project_Name":"PCA Special Studies: known AFFF releases","PFAS_Chemical_Name":"Perfluorooctanesulfonamide","CAS_Number":"754-91-6","Result_Measure_Value__ppt_":46900,"Result_Measure_Value":46.9,"Result_Unit_of_Measure":"ng/g"}},{"type":"Feature","geometry":{"type":"Point","coordinates":[-93.101996,45.3844250000001]},"properties":{"F_Monitoring_Location_Identifier":"MNPCA-LD00019","Location_Name":"Linwood SB1 (Geoprobe boring 1)","State":" MN","EPA_Region":"05","Organization":"Minnesota Pollution Control Agency - Ambient Surface Water","Environmental_Media_Name":"Soil","Activity_Media_Subdivision_Name":"Surface Soil/Sediment","Project_Name":"PCA Special Studies: known AFFF releases","PFAS_Chemical_Name":"Perfluorooctanoic acid","CAS_Number":"335-67-1","Result_Measure_Value__ppt_":1800,"Result_Measure_Value":1.8,"Result_Unit_of_Measure":"ng/g"}},{"type":"Feature","geometry":{"type":"Point","coordinates":[-93.101996,45.3844250000001]},"properties":{"F_Monitoring_Location_Identifier":"MNPCA-LD00019","Location_Name":"Linwood SB1 (Geoprobe boring 1)","State":" MN","EPA_Region":"05","Organization":"Minnesota Pollution Control Agency - Ambient Surface Water","Environmental_Media_Name":"Soil","Activity_Media_Subdivision_Name":"Surface Soil/Sediment","Project_Name":"PCA Special Studies: known AFFF releases","PFAS_Chemical_Name":"Perfluorooctanesulfonamide","CAS_Number":"754-91-6","Result_Measure_Value__ppt_":778,"Result_Measure_Value":0.778,"Result_Unit_of_Measure":"ng/g"}},{"type":"Feature","geometry":{"type":"Point","coordinates":[-93.101996,45.3844250000001]},"properties":{"F_Monitoring_Location_Identifier":"MNPCA-LD00019","Location_Name":"Linwood SB1 (Geoprobe boring 1)","State":" MN","EPA_Region":"05","Organization":"Minnesota Pollution Control Agency - Ambient Surface Water","Environmental_Media_Name":"Soil","Activity_Media_Subdivision_Name":"Surface Soil/Sediment","Project_Name":"PCA Special Studies: known AFFF releases","PFAS_Chemical_Name":"Perfluorooctanoic acid","CAS_Number":"335-67-1","Result_Measure_Value__ppt_":13100,"Result_Measure_Value":13.1,"Result_Unit_of_Measure":"ng/g"}},{"type":"Feature","geometry":{"type":"Point","coordinates":[-93.101996,45.3844250000001]},"properties":{"F_Monitoring_Location_Identifier":"MNPCA-LD00019","Location_Name":"Linwood SB1 (Geoprobe boring 1)","State":" MN","EPA_Region":"05","Organization":"Minnesota Pollution Control Agency - Ambient Surface Water","Environmental_Media_Name":"Soil","Activity_Media_Subdivision_Name":"Surface Soil/Sediment","Project_Name":"PCA Special Studies: known AFFF releases","PFAS_Chemical_Name":"Perfluorovaleric acid","CAS_Number":"2706-90-3","Result_Measure_Value__ppt_":5810,"Result_Measure_Value":5810,"Result_Unit_of_Measure":"ng/L"}},{"type":"Feature","geometry":{"type":"Point","coordinates":[-93.101996,45.3844250000001]},"properties":{"F_Monitoring_Location_Identifier":"MNPCA-LD00019","Location_Name":"Linwood SB1 (Geoprobe boring 1)","State":" MN","EPA_Region":"05","Organization":"Minnesota Pollution Control Agency - Ambient Surface Water","Environmental_Media_Name":"Soil","Activity_Media_Subdivision_Name":"Surface Soil/Sediment","Project_Name":"PCA Special Studies: known AFFF releases","PFAS_Chemical_Name":"Perfluorohexanesulfonate","CAS_Number":"108427-53-8","Result_Measure_Value__ppt_":33400,"Result_Measure_Value":33.4,"Result_Unit_of_Measure":"ng/g"}},{"type":"Feature","geometry":{"type":"Point","coordinates":[-93.101996,45.3844250000001]},"properties":{"F_Monitoring_Location_Identifier":"MNPCA-LD00019","Location_Name":"Linwood SB1 (Geoprobe boring 1)","State":" MN","EPA_Region":"05","Organization":"Minnesota Pollution Control Agency - Ambient Surface Water","Environmental_Media_Name":"Soil","Activity_Media_Subdivision_Name":"Surface Soil/Sediment","Project_Name":"PCA Special Studies: known AFFF releases","PFAS_Chemical_Name":"Perfluoroheptanoic acid","CAS_Number":"375-85-9","Result_Measure_Value__ppt_":102,"Result_Measure_Value":0.102,"Result_Unit_of_Measure":"ng/g"}},{"type":"Feature","geometry":{"type":"Point","coordinates":[-93.101996,45.3844250000001]},"properties":{"F_Monitoring_Location_Identifier":"MNPCA-LD00019","Location_Name":"Linwood SB1 (Geoprobe boring 1)","State":" MN","EPA_Region":"05","Organization":"Minnesota Pollution Control Agency - Ambient Surface Water","Environmental_Media_Name":"Soil","Activity_Media_Subdivision_Name":"Surface Soil/Sediment","Project_Name":"PCA Special Studies: known AFFF releases","PFAS_Chemical_Name":"Perfluorohexanesulfonate","CAS_Number":"108427-53-8","Result_Measure_Value__ppt_":44900,"Result_Measure_Value":44.9,"Result_Unit_of_Measure":"ng/g"}},{"type":"Feature","geometry":{"type":"Point","coordinates":[-93.101996,45.3844250000001]},"properties":{"F_Monitoring_Location_Identifier":"MNPCA-LD00019","Location_Name":"Linwood SB1 (Geoprobe boring 1)","State":" MN","EPA_Region":"05","Organization":"Minnesota Pollution Control Agency - Ambient Surface Water","Environmental_Media_Name":"Soil","Activity_Media_Subdivision_Name":"Surface Soil/Sediment","Project_Name":"PCA Special Studies: known AFFF releases","PFAS_Chemical_Name":"Perfluorohexanoic acid","CAS_Number":"307-24-4","Result_Measure_Value__ppt_":548,"Result_Measure_Value":0.548,"Result_Unit_of_Measure":"ng/g"}},{"type":"Feature","geometry":{"type":"Point","coordinates":[-93.101996,45.3844250000001]},"properties":{"F_Monitoring_Location_Identifier":"MNPCA-LD00019","Location_Name":"Linwood SB1 (Geoprobe boring 1)","State":" MN","EPA_Region":"05","Organization":"Minnesota Pollution Control Agency - Ambient Surface Water","Environmental_Media_Name":"Soil","Activity_Media_Subdivision_Name":"Surface Soil/Sediment","Project_Name":"PCA Special Studies: known AFFF releases","PFAS_Chemical_Name":"Perfluorononanoic acid","CAS_Number":"375-95-1","Result_Measure_Value__ppt_":107,"Result_Measure_Value":0.107,"Result_Unit_of_Measure":"ng/g"}},{"type":"Feature","geometry":{"type":"Point","coordinates":[-93.101996,45.3844250000001]},"properties":{"F_Monitoring_Location_Identifier":"MNPCA-LD00019","Location_Name":"Linwood SB1 (Geoprobe boring 1)","State":" MN","EPA_Region":"05","Organization":"Minnesota Pollution Control Agency - Ambient Surface Water","Environmental_Media_Name":"Soil","Activity_Media_Subdivision_Name":"Surface Soil/Sediment","Project_Name":"PCA Special Studies: known AFFF releases","PFAS_Chemical_Name":"Perfluorooctanesulfonate","CAS_Number":"45298-90-6","Result_Measure_Value__ppt_":10400,"Result_Measure_Value":10.4,"Result_Unit_of_Measure":"ng/g"}},{"type":"Feature","geometry":{"type":"Point","coordinates":[-93.101996,45.3844250000001]},"properties":{"F_Monitoring_Location_Identifier":"MNPCA-LD00019","Location_Name":"Linwood SB1 (Geoprobe boring 1)","State":" MN","EPA_Region":"05","Organization":"Minnesota Pollution Control Agency - Ambient Surface Water","Environmental_Media_Name":"Soil","Activity_Media_Subdivision_Name":"Surface Soil/Sediment","Project_Name":"PCA Special Studies: known AFFF releases","PFAS_Chemical_Name":"Perfluorohexanesulfonate","CAS_Number":"108427-53-8","Result_Measure_Value__ppt_":30900,"Result_Measure_Value":30.9,"Result_Unit_of_Measure":"ng/g"}},{"type":"Feature","geometry":{"type":"Point","coordinates":[-93.101996,45.3844250000001]},"properties":{"F_Monitoring_Location_Identifier":"MNPCA-LD00019","Location_Name":"Linwood SB1 (Geoprobe boring 1)","State":" MN","EPA_Region":"05","Organization":"Minnesota Pollution Control Agency - Ambient Surface Water","Environmental_Media_Name":"Soil","Activity_Media_Subdivision_Name":"Surface Soil/Sediment","Project_Name":"PCA Special Studies: known AFFF releases","PFAS_Chemical_Name":"Perfluorohexanoic acid","CAS_Number":"307-24-4","Result_Measure_Value__ppt_":23000,"Result_Measure_Value":23,"Result_Unit_of_Measure":"ng/g"}},{"type":"Feature","geometry":{"type":"Point","coordinates":[-93.101996,45.3844250000001]},"properties":{"F_Monitoring_Location_Identifier":"MNPCA-LD00019","Location_Name":"Linwood SB1 (Geoprobe boring 1)","State":" MN","EPA_Region":"05","Organization":"Minnesota Pollution Control Agency - Ambient Surface Water","Environmental_Media_Name":"Soil","Activity_Media_Subdivision_Name":"Surface Soil/Sediment","Project_Name":"PCA Special Studies: known AFFF releases","PFAS_Chemical_Name":"Perfluorohexanesulfonate","CAS_Number":"108427-53-8","Result_Measure_Value__ppt_":1940,"Result_Measure_Value":1.94,"Result_Unit_of_Measure":"ng/g"}},{"type":"Feature","geometry":{"type":"Point","coordinates":[-93.101996,45.3844250000001]},"properties":{"F_Monitoring_Location_Identifier":"MNPCA-LD00019","Location_Name":"Linwood SB1 (Geoprobe boring 1)","State":" MN","EPA_Region":"05","Organization":"Minnesota Pollution Control Agency - Ambient Surface Water","Environmental_Media_Name":"Soil","Activity_Media_Subdivision_Name":"Surface Soil/Sediment","Project_Name":"PCA Special Studies: known AFFF releases","PFAS_Chemical_Name":"Perfluorobutanesulfonate","CAS_Number":"45187-15-3","Result_Measure_Value__ppt_":29700,"Result_Measure_Value":29.7,"Result_Unit_of_Measure":"ng/g"}},{"type":"Feature","geometry":{"type":"Point","coordinates":[-93.101996,45.3844250000001]},"properties":{"F_Monitoring_Location_Identifier":"MNPCA-LD00019","Location_Name":"Linwood SB1 (Geoprobe boring 1)","State":" MN","EPA_Region":"05","Organization":"Minnesota Pollution Control Agency - Ambient Surface Water","Environmental_Media_Name":"Soil","Activity_Media_Subdivision_Name":"Surface Soil/Sediment","Project_Name":"PCA Special Studies: known AFFF releases","PFAS_Chemical_Name":"Perfluorovaleric acid","CAS_Number":"2706-90-3","Result_Measure_Value__ppt_":231,"Result_Measure_Value":0.231,"Result_Unit_of_Measure":"ng/g"}},{"type":"Feature","geometry":{"type":"Point","coordinates":[-93.101996,45.3844250000001]},"properties":{"F_Monitoring_Location_Identifier":"MNPCA-LD00019","Location_Name":"Linwood SB1 (Geoprobe boring 1)","State":" MN","EPA_Region":"05","Organization":"Minnesota Pollution Control Agency - Ambient Surface Water","Environmental_Media_Name":"Soil","Activity_Media_Subdivision_Name":"Surface Soil/Sediment","Project_Name":"PCA Special Studies: known AFFF releases","PFAS_Chemical_Name":"Perfluorovaleric acid","CAS_Number":"2706-90-3","Result_Measure_Value__ppt_":412,"Result_Measure_Value":0.412,"Result_Unit_of_Measure":"ng/g"}},{"type":"Feature","geometry":{"type":"Point","coordinates":[-93.101996,45.3844250000001]},"properties":{"F_Monitoring_Location_Identifier":"MNPCA-LD00019","Location_Name":"Linwood SB1 (Geoprobe boring 1)","State":" MN","EPA_Region":"05","Organization":"Minnesota Pollution Control Agency - Ambient Surface Water","Environmental_Media_Name":"Soil","Activity_Media_Subdivision_Name":"Surface Soil/Sediment","Project_Name":"PCA Special Studies: known AFFF releases","PFAS_Chemical_Name":"Perfluorohexanoic acid","CAS_Number":"307-24-4","Result_Measure_Value__ppt_":26600,"Result_Measure_Value":26600,"Result_Unit_of_Measure":"ng/L"}},{"type":"Feature","geometry":{"type":"Point","coordinates":[-93.101996,45.3844250000001]},"properties":{"F_Monitoring_Location_Identifier":"MNPCA-LD00019","Location_Name":"Linwood SB1 (Geoprobe boring 1)","State":" MN","EPA_Region":"05","Organization":"Minnesota Pollution Control Agency - Ambient Surface Water","Environmental_Media_Name":"Soil","Activity_Media_Subdivision_Name":"Surface Soil/Sediment","Project_Name":"PCA Special Studies: known AFFF releases","PFAS_Chemical_Name":"Perfluorooctanoic acid","CAS_Number":"335-67-1","Result_Measure_Value__ppt_":347,"Result_Measure_Value":0.347,"Result_Unit_of_Measure":"ng/g"}},{"type":"Feature","geometry":{"type":"Point","coordinates":[-93.101996,45.3844250000001]},"properties":{"F_Monitoring_Location_Identifier":"MNPCA-LD00019","Location_Name":"Linwood SB1 (Geoprobe boring 1)","State":" MN","EPA_Region":"05","Organization":"Minnesota Pollution Control Agency - Ambient Surface Water","Environmental_Media_Name":"Soil","Activity_Media_Subdivision_Name":"Surface Soil/Sediment","Project_Name":"PCA Special Studies: known AFFF releases","PFAS_Chemical_Name":"Perfluorobutanoate","CAS_Number":"45048-62-2","Result_Measure_Value__ppt_":6370,"Result_Measure_Value":6.37,"Result_Unit_of_Measure":"ng/g"}},{"type":"Feature","geometry":{"type":"Point","coordinates":[-93.101996,45.3844250000001]},"properties":{"F_Monitoring_Location_Identifier":"MNPCA-LD00019","Location_Name":"Linwood SB1 (Geoprobe boring 1)","State":" MN","EPA_Region":"05","Organization":"Minnesota Pollution Control Agency - Ambient Surface Water","Environmental_Media_Name":"Soil","Activity_Media_Subdivision_Name":"Surface Soil/Sediment","Project_Name":"PCA Special Studies: known AFFF releases","PFAS_Chemical_Name":"Perfluorooctanesulfonate","CAS_Number":"45298-90-6","Result_Measure_Value__ppt_":8170,"Result_Measure_Value":8.17,"Result_Unit_of_Measure":"ng/g"}},{"type":"Feature","geometry":{"type":"Point","coordinates":[-93.101996,45.3844250000001]},"properties":{"F_Monitoring_Location_Identifier":"MNPCA-LD00019","Location_Name":"Linwood SB1 (Geoprobe boring 1)","State":" MN","EPA_Region":"05","Organization":"Minnesota Pollution Control Agency - Ambient Surface Water","Environmental_Media_Name":"Soil","Activity_Media_Subdivision_Name":"Surface Soil/Sediment","Project_Name":"PCA Special Studies: known AFFF releases","PFAS_Chemical_Name":"Perfluorovaleric acid","CAS_Number":"2706-90-3","Result_Measure_Value__ppt_":8000,"Result_Measure_Value":8,"Result_Unit_of_Measure":"ng/g"}},{"type":"Feature","geometry":{"type":"Point","coordinates":[-93.101996,45.3844250000001]},"properties":{"F_Monitoring_Location_Identifier":"MNPCA-LD00019","Location_Name":"Linwood SB1 (Geoprobe boring 1)","State":" MN","EPA_Region":"05","Organization":"Minnesota Pollution Control Agency - Ambient Surface Water","Environmental_Media_Name":"Soil","Activity_Media_Subdivision_Name":"Surface Soil/Sediment","Project_Name":"PCA Special Studies: known AFFF releases","PFAS_Chemical_Name":"Perfluoroheptanoic acid","CAS_Number":"375-85-9","Result_Measure_Value__ppt_":1850,"Result_Measure_Value":1850,"Result_Unit_of_Measure":"ng/L"}},{"type":"Feature","geometry":{"type":"Point","coordinates":[-93.101996,45.3844250000001]},"properties":{"F_Monitoring_Location_Identifier":"MNPCA-LD00019","Location_Name":"Linwood SB1 (Geoprobe boring 1)","State":" MN","EPA_Region":"05","Organization":"Minnesota Pollution Control Agency - Ambient Surface Water","Environmental_Media_Name":"Soil","Activity_Media_Subdivision_Name":"Surface Soil/Sediment","Project_Name":"PCA Special Studies: known AFFF releases","PFAS_Chemical_Name":"Perfluorohexanoic acid","CAS_Number":"307-24-4","Result_Measure_Value__ppt_":1200,"Result_Measure_Value":1.2,"Result_Unit_of_Measure":"ng/g"}},{"type":"Feature","geometry":{"type":"Point","coordinates":[-93.101996,45.3844250000001]},"properties":{"F_Monitoring_Location_Identifier":"MNPCA-LD00019","Location_Name":"Linwood SB1 (Geoprobe boring 1)","State":" MN","EPA_Region":"05","Organization":"Minnesota Pollution Control Agency - Ambient Surface Water","Environmental_Media_Name":"Soil","Activity_Media_Subdivision_Name":"Surface Soil/Sediment","Project_Name":"PCA Special Studies: known AFFF releases","PFAS_Chemical_Name":"Perfluorooctanesulfonate","CAS_Number":"45298-90-6","Result_Measure_Value__ppt_":67000,"Result_Measure_Value":67,"Result_Unit_of_Measure":"ng/g"}},{"type":"Feature","geometry":{"type":"Point","coordinates":[-93.101996,45.3844250000001]},"properties":{"F_Monitoring_Location_Identifier":"MNPCA-LD00019","Location_Name":"Linwood SB1 (Geoprobe boring 1)","State":" MN","EPA_Region":"05","Organization":"Minnesota Pollution Control Agency - Ambient Surface Water","Environmental_Media_Name":"Soil","Activity_Media_Subdivision_Name":"Surface Soil/Sediment","Project_Name":"PCA Special Studies: known AFFF releases","PFAS_Chemical_Name":"Perfluorovaleric acid","CAS_Number":"2706-90-3","Result_Measure_Value__ppt_":169,"Result_Measure_Value":0.169,"Result_Unit_of_Measure":"ng/g"}},{"type":"Feature","geometry":{"type":"Point","coordinates":[-93.101996,45.3844250000001]},"properties":{"F_Monitoring_Location_Identifier":"MNPCA-LD00019","Location_Name":"Linwood SB1 (Geoprobe boring 1)","State":" MN","EPA_Region":"05","Organization":"Minnesota Pollution Control Agency - Ambient Surface Water","Environmental_Media_Name":"Soil","Activity_Media_Subdivision_Name":"Surface Soil/Sediment","Project_Name":"PCA Special Studies: known AFFF releases","PFAS_Chemical_Name":"Perfluorobutanoate","CAS_Number":"45048-62-2","Result_Measure_Value__ppt_":4000,"Result_Measure_Value":4000,"Result_Unit_of_Measure":"ng/L"}},{"type":"Feature","geometry":{"type":"Point","coordinates":[-93.101996,45.3844250000001]},"properties":{"F_Monitoring_Location_Identifier":"MNPCA-LD00019","Location_Name":"Linwood SB1 (Geoprobe boring 1)","State":" MN","EPA_Region":"05","Organization":"Minnesota Pollution Control Agency - Ambient Surface Water","Environmental_Media_Name":"Soil","Activity_Media_Subdivision_Name":"Surface Soil/Sediment","Project_Name":"PCA Special Studies: known AFFF releases","PFAS_Chemical_Name":"Perfluorooctanesulfonate","CAS_Number":"45298-90-6","Result_Measure_Value__ppt_":6180,"Result_Measure_Value":6.18,"Result_Unit_of_Measure":"ng/g"}},{"type":"Feature","geometry":{"type":"Point","coordinates":[-93.101996,45.3844250000001]},"properties":{"F_Monitoring_Location_Identifier":"MNPCA-LD00019","Location_Name":"Linwood SB1 (Geoprobe boring 1)","State":" MN","EPA_Region":"05","Organization":"Minnesota Pollution Control Agency - Ambient Surface Water","Environmental_Media_Name":"Soil","Activity_Media_Subdivision_Name":"Surface Soil/Sediment","Project_Name":"PCA Special Studies: known AFFF releases","PFAS_Chemical_Name":"Perfluorohexanoic acid","CAS_Number":"307-24-4","Result_Measure_Value__ppt_":846,"Result_Measure_Value":0.846,"Result_Unit_of_Measure":"ng/g"}},{"type":"Feature","geometry":{"type":"Point","coordinates":[-93.101996,45.3844250000001]},"properties":{"F_Monitoring_Location_Identifier":"MNPCA-LD00019","Location_Name":"Linwood SB1 (Geoprobe boring 1)","State":" MN","EPA_Region":"05","Organization":"Minnesota Pollution Control Agency - Ambient Surface Water","Environmental_Media_Name":"Soil","Activity_Media_Subdivision_Name":"Surface Soil/Sediment","Project_Name":"PCA Special Studies: known AFFF releases","PFAS_Chemical_Name":"Perfluorobutanoate","CAS_Number":"45048-62-2","Result_Measure_Value__ppt_":183,"Result_Measure_Value":0.183,"Result_Unit_of_Measure":"ng/g"}},{"type":"Feature","geometry":{"type":"Point","coordinates":[-93.101996,45.3844250000001]},"properties":{"F_Monitoring_Location_Identifier":"MNPCA-LD00019","Location_Name":"Linwood SB1 (Geoprobe boring 1)","State":" MN","EPA_Region":"05","Organization":"Minnesota Pollution Control Agency - Ambient Surface Water","Environmental_Media_Name":"Soil","Activity_Media_Subdivision_Name":"Surface Soil/Sediment","Project_Name":"PCA Special Studies: known AFFF releases","PFAS_Chemical_Name":"Perfluorooctanesulfonamide","CAS_Number":"754-91-6","Result_Measure_Value__ppt_":345,"Result_Measure_Value":0.345,"Result_Unit_of_Measure":"ng/g"}},{"type":"Feature","geometry":{"type":"Point","coordinates":[-93.101996,45.3844250000001]},"properties":{"F_Monitoring_Location_Identifier":"MNPCA-LD00019","Location_Name":"Linwood SB1 (Geoprobe boring 1)","State":" MN","EPA_Region":"05","Organization":"Minnesota Pollution Control Agency - Ambient Surface Water","Environmental_Media_Name":"Soil","Activity_Media_Subdivision_Name":"Surface Soil/Sediment","Project_Name":"PCA Special Studies: known AFFF releases","PFAS_Chemical_Name":"Perfluorooctanoic acid","CAS_Number":"335-67-1","Result_Measure_Value__ppt_":28000,"Result_Measure_Value":28,"Result_Unit_of_Measure":"ng/g"}},{"type":"Feature","geometry":{"type":"Point","coordinates":[-93.101996,45.3844250000001]},"properties":{"F_Monitoring_Location_Identifier":"MNPCA-LD00019","Location_Name":"Linwood SB1 (Geoprobe boring 1)","State":" MN","EPA_Region":"05","Organization":"Minnesota Pollution Control Agency - Ambient Surface Water","Environmental_Media_Name":"Soil","Activity_Media_Subdivision_Name":"Surface Soil/Sediment","Project_Name":"PCA Special Studies: known AFFF releases","PFAS_Chemical_Name":"Perfluoroheptanoic acid","CAS_Number":"375-85-9","Result_Measure_Value__ppt_":619,"Result_Measure_Value":0.619,"Result_Unit_of_Measure":"ng/g"}},{"type":"Feature","geometry":{"type":"Point","coordinates":[-93.101996,45.3844250000001]},"properties":{"F_Monitoring_Location_Identifier":"MNPCA-LD00019","Location_Name":"Linwood SB1 (Geoprobe boring 1)","State":" MN","EPA_Region":"05","Organization":"Minnesota Pollution Control Agency - Ambient Surface Water","Environmental_Media_Name":"Soil","Activity_Media_Subdivision_Name":"Surface Soil/Sediment","Project_Name":"PCA Special Studies: known AFFF releases","PFAS_Chemical_Name":"Perfluorobutanesulfonate","CAS_Number":"45187-15-3","Result_Measure_Value__ppt_":19200,"Result_Measure_Value":19200,"Result_Unit_of_Measure":"ng/L"}},{"type":"Feature","geometry":{"type":"Point","coordinates":[-93.101996,45.3844250000001]},"properties":{"F_Monitoring_Location_Identifier":"MNPCA-LD00019","Location_Name":"Linwood SB1 (Geoprobe boring 1)","State":" MN","EPA_Region":"05","Organization":"Minnesota Pollution Control Agency - Ambient Surface Water","Environmental_Media_Name":"Soil","Activity_Media_Subdivision_Name":"Surface Soil/Sediment","Project_Name":"PCA Special Studies: known AFFF releases","PFAS_Chemical_Name":"Perfluorooctanesulfonate","CAS_Number":"45298-90-6","Result_Measure_Value__ppt_":467000,"Result_Measure_Value":467,"Result_Unit_of_Measure":"ng/g"}},{"type":"Feature","geometry":{"type":"Point","coordinates":[-93.101996,45.3844250000001]},"properties":{"F_Monitoring_Location_Identifier":"MNPCA-LD00019","Location_Name":"Linwood SB1 (Geoprobe boring 1)","State":" MN","EPA_Region":"05","Organization":"Minnesota Pollution Control Agency - Ambient Surface Water","Environmental_Media_Name":"Soil","Activity_Media_Subdivision_Name":"Surface Soil/Sediment","Project_Name":"PCA Special Studies: known AFFF releases","PFAS_Chemical_Name":"Perfluoroheptanoic acid","CAS_Number":"375-85-9","Result_Measure_Value__ppt_":152,"Result_Measure_Value":0.152,"Result_Unit_of_Measure":"ng/g"}},{"type":"Feature","geometry":{"type":"Point","coordinates":[-93.101996,45.3844250000001]},"properties":{"F_Monitoring_Location_Identifier":"MNPCA-LD00019","Location_Name":"Linwood SB1 (Geoprobe boring 1)","State":" MN","EPA_Region":"05","Organization":"Minnesota Pollution Control Agency - Ambient Surface Water","Environmental_Media_Name":"Soil","Activity_Media_Subdivision_Name":"Surface Soil/Sediment","Project_Name":"PCA Special Studies: known AFFF releases","PFAS_Chemical_Name":"Perfluorovaleric acid","CAS_Number":"2706-90-3","Result_Measure_Value__ppt_":244,"Result_Measure_Value":0.244,"Result_Unit_of_Measure":"ng/g"}},{"type":"Feature","geometry":{"type":"Point","coordinates":[-93.102064,45.3844770000001]},"properties":{"F_Monitoring_Location_Identifier":"MNPCA-LD00020","Location_Name":"Linwood SB2 (Geoprobe boring 2)","State":" MN","EPA_Region":"05","Organization":"Minnesota Pollution Control Agency - Ambient Surface Water","Environmental_Media_Name":"Soil","Activity_Media_Subdivision_Name":"Surface Soil/Sediment","Project_Name":"PCA Special Studies: known AFFF releases","PFAS_Chemical_Name":"Perfluorovaleric acid","CAS_Number":"2706-90-3","Result_Measure_Value__ppt_":97,"Result_Measure_Value":0.097,"Result_Unit_of_Measure":"ng/g"}},{"type":"Feature","geometry":{"type":"Point","coordinates":[-93.102064,45.3844770000001]},"properties":{"F_Monitoring_Location_Identifier":"MNPCA-LD00020","Location_Name":"Linwood SB2 (Geoprobe boring 2)","State":" MN","EPA_Region":"05","Organization":"Minnesota Pollution Control Agency - Ambient Surface Water","Environmental_Media_Name":"Soil","Activity_Media_Subdivision_Name":"Surface Soil/Sediment","Project_Name":"PCA Special Studies: known AFFF releases","PFAS_Chemical_Name":"Perfluorooctanesulfonamide","CAS_Number":"754-91-6","Result_Measure_Value__ppt_":346,"Result_Measure_Value":0.346,"Result_Unit_of_Measure":"ng/g"}},{"type":"Feature","geometry":{"type":"Point","coordinates":[-93.102064,45.3844770000001]},"properties":{"F_Monitoring_Location_Identifier":"MNPCA-LD00020","Location_Name":"Linwood SB2 (Geoprobe boring 2)","State":" MN","EPA_Region":"05","Organization":"Minnesota Pollution Control Agency - Ambient Surface Water","Environmental_Media_Name":"Soil","Activity_Media_Subdivision_Name":"Surface Soil/Sediment","Project_Name":"PCA Special Studies: known AFFF releases","PFAS_Chemical_Name":"Perfluorooctanesulfonate","CAS_Number":"45298-90-6","Result_Measure_Value__ppt_":2310,"Result_Measure_Value":2.31,"Result_Unit_of_Measure":"ng/g"}},{"type":"Feature","geometry":{"type":"Point","coordinates":[-93.102064,45.3844770000001]},"properties":{"F_Monitoring_Location_Identifier":"MNPCA-LD00020","Location_Name":"Linwood SB2 (Geoprobe boring 2)","State":" MN","EPA_Region":"05","Organization":"Minnesota Pollution Control Agency - Ambient Surface Water","Environmental_Media_Name":"Soil","Activity_Media_Subdivision_Name":"Surface Soil/Sediment","Project_Name":"PCA Special Studies: known AFFF releases","PFAS_Chemical_Name":"Perfluorooctanesulfonate","CAS_Number":"45298-90-6","Result_Measure_Value__ppt_":4950,"Result_Measure_Value":4.95,"Result_Unit_of_Measure":"ng/g"}},{"type":"Feature","geometry":{"type":"Point","coordinates":[-93.102064,45.3844770000001]},"properties":{"F_Monitoring_Location_Identifier":"MNPCA-LD00020","Location_Name":"Linwood SB2 (Geoprobe boring 2)","State":" MN","EPA_Region":"05","Organization":"Minnesota Pollution Control Agency - Ambient Surface Water","Environmental_Media_Name":"Soil","Activity_Media_Subdivision_Name":"Surface Soil/Sediment","Project_Name":"PCA Special Studies: known AFFF releases","PFAS_Chemical_Name":"Perfluorohexanesulfonate","CAS_Number":"108427-53-8","Result_Measure_Value__ppt_":3080,"Result_Measure_Value":3.08,"Result_Unit_of_Measure":"ng/g"}},{"type":"Feature","geometry":{"type":"Point","coordinates":[-93.102064,45.3844770000001]},"properties":{"F_Monitoring_Location_Identifier":"MNPCA-LD00020","Location_Name":"Linwood SB2 (Geoprobe boring 2)","State":" MN","EPA_Region":"05","Organization":"Minnesota Pollution Control Agency - Ambient Surface Water","Environmental_Media_Name":"Soil","Activity_Media_Subdivision_Name":"Surface Soil/Sediment","Project_Name":"PCA Special Studies: known AFFF releases","PFAS_Chemical_Name":"Perfluorobutanesulfonate","CAS_Number":"45187-15-3","Result_Measure_Value__ppt_":33200,"Result_Measure_Value":33200,"Result_Unit_of_Measure":"ng/L"}},{"type":"Feature","geometry":{"type":"Point","coordinates":[-93.102064,45.3844770000001]},"properties":{"F_Monitoring_Location_Identifier":"MNPCA-LD00020","Location_Name":"Linwood SB2 (Geoprobe boring 2)","State":" MN","EPA_Region":"05","Organization":"Minnesota Pollution Control Agency - Ambient Surface Water","Environmental_Media_Name":"Soil","Activity_Media_Subdivision_Name":"Surface Soil/Sediment","Project_Name":"PCA Special Studies: known AFFF releases","PFAS_Chemical_Name":"Perfluoroheptanoic acid","CAS_Number":"375-85-9","Result_Measure_Value__ppt_":1710,"Result_Measure_Value":1.71,"Result_Unit_of_Measure":"ng/g"}},{"type":"Feature","geometry":{"type":"Point","coordinates":[-93.102064,45.3844770000001]},"properties":{"F_Monitoring_Location_Identifier":"MNPCA-LD00020","Location_Name":"Linwood SB2 (Geoprobe boring 2)","State":" MN","EPA_Region":"05","Organization":"Minnesota Pollution Control Agency - Ambient Surface Water","Environmental_Media_Name":"Soil","Activity_Media_Subdivision_Name":"Surface Soil/Sediment","Project_Name":"PCA Special Studies: known AFFF releases","PFAS_Chemical_Name":"Perfluoroheptanoic acid","CAS_Number":"375-85-9","Result_Measure_Value__ppt_":277,"Result_Measure_Value":0.277,"Result_Unit_of_Measure":"ng/g"}},{"type":"Feature","geometry":{"type":"Point","coordinates":[-93.102064,45.3844770000001]},"properties":{"F_Monitoring_Location_Identifier":"MNPCA-LD00020","Location_Name":"Linwood SB2 (Geoprobe boring 2)","State":" MN","EPA_Region":"05","Organization":"Minnesota Pollution Control Agency - Ambient Surface Water","Environmental_Media_Name":"Soil","Activity_Media_Subdivision_Name":"Surface Soil/Sediment","Project_Name":"PCA Special Studies: known AFFF releases","PFAS_Chemical_Name":"Perfluorooctanesulfonamide","CAS_Number":"754-91-6","Result_Measure_Value__ppt_":813,"Result_Measure_Value":0.813,"Result_Unit_of_Measure":"ng/g"}},{"type":"Feature","geometry":{"type":"Point","coordinates":[-93.102064,45.3844770000001]},"properties":{"F_Monitoring_Location_Identifier":"MNPCA-LD00020","Location_Name":"Linwood SB2 (Geoprobe boring 2)","State":" MN","EPA_Region":"05","Organization":"Minnesota Pollution Control Agency - Ambient Surface Water","Environmental_Media_Name":"Soil","Activity_Media_Subdivision_Name":"Surface Soil/Sediment","Project_Name":"PCA Special Studies: known AFFF releases","PFAS_Chemical_Name":"Perfluorooctanoic acid","CAS_Number":"335-67-1","Result_Measure_Value__ppt_":933,"Result_Measure_Value":0.933,"Result_Unit_of_Measure":"ng/g"}},{"type":"Feature","geometry":{"type":"Point","coordinates":[-93.102064,45.3844770000001]},"properties":{"F_Monitoring_Location_Identifier":"MNPCA-LD00020","Location_Name":"Linwood SB2 (Geoprobe boring 2)","State":" MN","EPA_Region":"05","Organization":"Minnesota Pollution Control Agency - Ambient Surface Water","Environmental_Media_Name":"Soil","Activity_Media_Subdivision_Name":"Surface Soil/Sediment","Project_Name":"PCA Special Studies: known AFFF releases","PFAS_Chemical_Name":"Perfluorobutanoate","CAS_Number":"45048-62-2","Result_Measure_Value__ppt_":6180,"Result_Measure_Value":6.18,"Result_Unit_of_Measure":"ng/g"}},{"type":"Feature","geometry":{"type":"Point","coordinates":[-93.102064,45.3844770000001]},"properties":{"F_Monitoring_Location_Identifier":"MNPCA-LD00020","Location_Name":"Linwood SB2 (Geoprobe boring 2)","State":" MN","EPA_Region":"05","Organization":"Minnesota Pollution Control Agency - Ambient Surface Water","Environmental_Media_Name":"Soil","Activity_Media_Subdivision_Name":"Surface Soil/Sediment","Project_Name":"PCA Special Studies: known AFFF releases","PFAS_Chemical_Name":"Perfluorohexanoic acid","CAS_Number":"307-24-4","Result_Measure_Value__ppt_":690,"Result_Measure_Value":0.69,"Result_Unit_of_Measure":"ng/g"}},{"type":"Feature","geometry":{"type":"Point","coordinates":[-93.102064,45.3844770000001]},"properties":{"F_Monitoring_Location_Identifier":"MNPCA-LD00020","Location_Name":"Linwood SB2 (Geoprobe boring 2)","State":" MN","EPA_Region":"05","Organization":"Minnesota Pollution Control Agency - Ambient Surface Water","Environmental_Media_Name":"Soil","Activity_Media_Subdivision_Name":"Surface Soil/Sediment","Project_Name":"PCA Special Studies: known AFFF releases","PFAS_Chemical_Name":"Perfluorohexanoic acid","CAS_Number":"307-24-4","Result_Measure_Value__ppt_":41500,"Result_Measure_Value":41.5,"Result_Unit_of_Measure":"ng/g"}},{"type":"Feature","geometry":{"type":"Point","coordinates":[-93.102064,45.3844770000001]},"properties":{"F_Monitoring_Location_Identifier":"MNPCA-LD00020","Location_Name":"Linwood SB2 (Geoprobe boring 2)","State":" MN","EPA_Region":"05","Organization":"Minnesota Pollution Control Agency - Ambient Surface Water","Environmental_Media_Name":"Soil","Activity_Media_Subdivision_Name":"Surface Soil/Sediment","Project_Name":"PCA Special Studies: known AFFF releases","PFAS_Chemical_Name":"Perfluorobutanesulfonate","CAS_Number":"45187-15-3","Result_Measure_Value__ppt_":42400,"Result_Measure_Value":42400,"Result_Unit_of_Measure":"ng/L"}},{"type":"Feature","geometry":{"type":"Point","coordinates":[-93.102064,45.3844770000001]},"properties":{"F_Monitoring_Location_Identifier":"MNPCA-LD00020","Location_Name":"Linwood SB2 (Geoprobe boring 2)","State":" MN","EPA_Region":"05","Organization":"Minnesota Pollution Control Agency - Ambient Surface Water","Environmental_Media_Name":"Soil","Activity_Media_Subdivision_Name":"Surface Soil/Sediment","Project_Name":"PCA Special Studies: known AFFF releases","PFAS_Chemical_Name":"Perfluorovaleric acid","CAS_Number":"2706-90-3","Result_Measure_Value__ppt_":26600,"Result_Measure_Value":26600,"Result_Unit_of_Measure":"ng/L"}},{"type":"Feature","geometry":{"type":"Point","coordinates":[-93.102064,45.3844770000001]},"properties":{"F_Monitoring_Location_Identifier":"MNPCA-LD00020","Location_Name":"Linwood SB2 (Geoprobe boring 2)","State":" MN","EPA_Region":"05","Organization":"Minnesota Pollution Control Agency - Ambient Surface Water","Environmental_Media_Name":"Soil","Activity_Media_Subdivision_Name":"Surface Soil/Sediment","Project_Name":"PCA Special Studies: known AFFF releases","PFAS_Chemical_Name":"Perfluorooctanesulfonamide","CAS_Number":"754-91-6","Result_Measure_Value__ppt_":325,"Result_Measure_Value":0.325,"Result_Unit_of_Measure":"ng/g"}},{"type":"Feature","geometry":{"type":"Point","coordinates":[-93.102064,45.3844770000001]},"properties":{"F_Monitoring_Location_Identifier":"MNPCA-LD00020","Location_Name":"Linwood SB2 (Geoprobe boring 2)","State":" MN","EPA_Region":"05","Organization":"Minnesota Pollution Control Agency - Ambient Surface Water","Environmental_Media_Name":"Soil","Activity_Media_Subdivision_Name":"Surface Soil/Sediment","Project_Name":"PCA Special Studies: known AFFF releases","PFAS_Chemical_Name":"Perfluoroheptanoic acid","CAS_Number":"375-85-9","Result_Measure_Value__ppt_":1250,"Result_Measure_Value":1.25,"Result_Unit_of_Measure":"ng/g"}},{"type":"Feature","geometry":{"type":"Point","coordinates":[-93.102064,45.3844770000001]},"properties":{"F_Monitoring_Location_Identifier":"MNPCA-LD00020","Location_Name":"Linwood SB2 (Geoprobe boring 2)","State":" MN","EPA_Region":"05","Organization":"Minnesota Pollution Control Agency - Ambient Surface Water","Environmental_Media_Name":"Soil","Activity_Media_Subdivision_Name":"Surface Soil/Sediment","Project_Name":"PCA Special Studies: known AFFF releases","PFAS_Chemical_Name":"Perfluorooctanesulfonate","CAS_Number":"45298-90-6","Result_Measure_Value__ppt_":99100,"Result_Measure_Value":99.1,"Result_Unit_of_Measure":"ng/g"}},{"type":"Feature","geometry":{"type":"Point","coordinates":[-93.102064,45.3844770000001]},"properties":{"F_Monitoring_Location_Identifier":"MNPCA-LD00020","Location_Name":"Linwood SB2 (Geoprobe boring 2)","State":" MN","EPA_Region":"05","Organization":"Minnesota Pollution Control Agency - Ambient Surface Water","Environmental_Media_Name":"Soil","Activity_Media_Subdivision_Name":"Surface Soil/Sediment","Project_Name":"PCA Special Studies: known AFFF releases","PFAS_Chemical_Name":"Perfluoroheptanoic acid","CAS_Number":"375-85-9","Result_Measure_Value__ppt_":647,"Result_Measure_Value":647,"Result_Unit_of_Measure":"ng/L"}},{"type":"Feature","geometry":{"type":"Point","coordinates":[-93.102064,45.3844770000001]},"properties":{"F_Monitoring_Location_Identifier":"MNPCA-LD00020","Location_Name":"Linwood SB2 (Geoprobe boring 2)","State":" MN","EPA_Region":"05","Organization":"Minnesota Pollution Control Agency - Ambient Surface Water","Environmental_Media_Name":"Soil","Activity_Media_Subdivision_Name":"Surface Soil/Sediment","Project_Name":"PCA Special Studies: known AFFF releases","PFAS_Chemical_Name":"Perfluorovaleric acid","CAS_Number":"2706-90-3","Result_Measure_Value__ppt_":401,"Result_Measure_Value":0.401,"Result_Unit_of_Measure":"ng/g"}},{"type":"Feature","geometry":{"type":"Point","coordinates":[-93.102064,45.3844770000001]},"properties":{"F_Monitoring_Location_Identifier":"MNPCA-LD00020","Location_Name":"Linwood SB2 (Geoprobe boring 2)","State":" MN","EPA_Region":"05","Organization":"Minnesota Pollution Control Agency - Ambient Surface Water","Environmental_Media_Name":"Soil","Activity_Media_Subdivision_Name":"Surface Soil/Sediment","Project_Name":"PCA Special Studies: known AFFF releases","PFAS_Chemical_Name":"Perfluorohexanoic acid","CAS_Number":"307-24-4","Result_Measure_Value__ppt_":82500,"Result_Measure_Value":82500,"Result_Unit_of_Measure":"ng/L"}},{"type":"Feature","geometry":{"type":"Point","coordinates":[-93.102064,45.3844770000001]},"properties":{"F_Monitoring_Location_Identifier":"MNPCA-LD00020","Location_Name":"Linwood SB2 (Geoprobe boring 2)","State":" MN","EPA_Region":"05","Organization":"Minnesota Pollution Control Agency - Ambient Surface Water","Environmental_Media_Name":"Soil","Activity_Media_Subdivision_Name":"Surface Soil/Sediment","Project_Name":"PCA Special Studies: known AFFF releases","PFAS_Chemical_Name":"Perfluorohexanesulfonate","CAS_Number":"108427-53-8","Result_Measure_Value__ppt_":2130,"Result_Measure_Value":2.13,"Result_Unit_of_Measure":"ng/g"}},{"type":"Feature","geometry":{"type":"Point","coordinates":[-93.102064,45.3844770000001]},"properties":{"F_Monitoring_Location_Identifier":"MNPCA-LD00020","Location_Name":"Linwood SB2 (Geoprobe boring 2)","State":" MN","EPA_Region":"05","Organization":"Minnesota Pollution Control Agency - Ambient Surface Water","Environmental_Media_Name":"Soil","Activity_Media_Subdivision_Name":"Surface Soil/Sediment","Project_Name":"PCA Special Studies: known AFFF releases","PFAS_Chemical_Name":"Perfluorovaleric acid","CAS_Number":"2706-90-3","Result_Measure_Value__ppt_":6760,"Result_Measure_Value":6.76,"Result_Unit_of_Measure":"ng/g"}},{"type":"Feature","geometry":{"type":"Point","coordinates":[-93.102064,45.3844770000001]},"properties":{"F_Monitoring_Location_Identifier":"MNPCA-LD00020","Location_Name":"Linwood SB2 (Geoprobe boring 2)","State":" MN","EPA_Region":"05","Organization":"Minnesota Pollution Control Agency - Ambient Surface Water","Environmental_Media_Name":"Soil","Activity_Media_Subdivision_Name":"Surface Soil/Sediment","Project_Name":"PCA Special Studies: known AFFF releases","PFAS_Chemical_Name":"Perfluorobutanoate","CAS_Number":"45048-62-2","Result_Measure_Value__ppt_":22600,"Result_Measure_Value":22600,"Result_Unit_of_Measure":"ng/L"}},{"type":"Feature","geometry":{"type":"Point","coordinates":[-93.102064,45.3844770000001]},"properties":{"F_Monitoring_Location_Identifier":"MNPCA-LD00020","Location_Name":"Linwood SB2 (Geoprobe boring 2)","State":" MN","EPA_Region":"05","Organization":"Minnesota Pollution Control Agency - Ambient Surface Water","Environmental_Media_Name":"Soil","Activity_Media_Subdivision_Name":"Surface Soil/Sediment","Project_Name":"PCA Special Studies: known AFFF releases","PFAS_Chemical_Name":"Perfluorohexanoic acid","CAS_Number":"307-24-4","Result_Measure_Value__ppt_":84000,"Result_Measure_Value":84000,"Result_Unit_of_Measure":"ng/L"}},{"type":"Feature","geometry":{"type":"Point","coordinates":[-93.102064,45.3844770000001]},"properties":{"F_Monitoring_Location_Identifier":"MNPCA-LD00020","Location_Name":"Linwood SB2 (Geoprobe boring 2)","State":" MN","EPA_Region":"05","Organization":"Minnesota Pollution Control Agency - Ambient Surface Water","Environmental_Media_Name":"Soil","Activity_Media_Subdivision_Name":"Surface Soil/Sediment","Project_Name":"PCA Special Studies: known AFFF releases","PFAS_Chemical_Name":"Perfluorovaleric acid","CAS_Number":"2706-90-3","Result_Measure_Value__ppt_":110,"Result_Measure_Value":0.11,"Result_Unit_of_Measure":"ng/g"}},{"type":"Feature","geometry":{"type":"Point","coordinates":[-93.102064,45.3844770000001]},"properties":{"F_Monitoring_Location_Identifier":"MNPCA-LD00020","Location_Name":"Linwood SB2 (Geoprobe boring 2)","State":" MN","EPA_Region":"05","Organization":"Minnesota Pollution Control Agency - Ambient Surface Water","Environmental_Media_Name":"Soil","Activity_Media_Subdivision_Name":"Surface Soil/Sediment","Project_Name":"PCA Special Studies: known AFFF releases","PFAS_Chemical_Name":"Perfluorobutanesulfonate","CAS_Number":"45187-15-3","Result_Measure_Value__ppt_":41300,"Result_Measure_Value":41.3,"Result_Unit_of_Measure":"ng/g"}},{"type":"Feature","geometry":{"type":"Point","coordinates":[-93.102064,45.3844770000001]},"properties":{"F_Monitoring_Location_Identifier":"MNPCA-LD00020","Location_Name":"Linwood SB2 (Geoprobe boring 2)","State":" MN","EPA_Region":"05","Organization":"Minnesota Pollution Control Agency - Ambient Surface Water","Environmental_Media_Name":"Soil","Activity_Media_Subdivision_Name":"Surface Soil/Sediment","Project_Name":"PCA Special Studies: known AFFF releases","PFAS_Chemical_Name":"Perfluorooctanoic acid","CAS_Number":"335-67-1","Result_Measure_Value__ppt_":1440,"Result_Measure_Value":1.44,"Result_Unit_of_Measure":"ng/g"}},{"type":"Feature","geometry":{"type":"Point","coordinates":[-93.102064,45.3844770000001]},"properties":{"F_Monitoring_Location_Identifier":"MNPCA-LD00020","Location_Name":"Linwood SB2 (Geoprobe boring 2)","State":" MN","EPA_Region":"05","Organization":"Minnesota Pollution Control Agency - Ambient Surface Water","Environmental_Media_Name":"Soil","Activity_Media_Subdivision_Name":"Surface Soil/Sediment","Project_Name":"PCA Special Studies: known AFFF releases","PFAS_Chemical_Name":"Perfluorohexanesulfonate","CAS_Number":"108427-53-8","Result_Measure_Value__ppt_":47700,"Result_Measure_Value":47.7,"Result_Unit_of_Measure":"ng/g"}},{"type":"Feature","geometry":{"type":"Point","coordinates":[-93.102064,45.3844770000001]},"properties":{"F_Monitoring_Location_Identifier":"MNPCA-LD00020","Location_Name":"Linwood SB2 (Geoprobe boring 2)","State":" MN","EPA_Region":"05","Organization":"Minnesota Pollution Control Agency - Ambient Surface Water","Environmental_Media_Name":"Soil","Activity_Media_Subdivision_Name":"Surface Soil/Sediment","Project_Name":"PCA Special Studies: known AFFF releases","PFAS_Chemical_Name":"Perfluorooctanoic acid","CAS_Number":"335-67-1","Result_Measure_Value__ppt_":1450,"Result_Measure_Value":1.45,"Result_Unit_of_Measure":"ng/g"}},{"type":"Feature","geometry":{"type":"Point","coordinates":[-93.102064,45.3844770000001]},"properties":{"F_Monitoring_Location_Identifier":"MNPCA-LD00020","Location_Name":"Linwood SB2 (Geoprobe boring 2)","State":" MN","EPA_Region":"05","Organization":"Minnesota Pollution Control Agency - Ambient Surface Water","Environmental_Media_Name":"Soil","Activity_Media_Subdivision_Name":"Surface Soil/Sediment","Project_Name":"PCA Special Studies: known AFFF releases","PFAS_Chemical_Name":"Perfluorohexanoic acid","CAS_Number":"307-24-4","Result_Measure_Value__ppt_":691,"Result_Measure_Value":0.691,"Result_Unit_of_Measure":"ng/g"}},{"type":"Feature","geometry":{"type":"Point","coordinates":[-93.102064,45.3844770000001]},"properties":{"F_Monitoring_Location_Identifier":"MNPCA-LD00020","Location_Name":"Linwood SB2 (Geoprobe boring 2)","State":" MN","EPA_Region":"05","Organization":"Minnesota Pollution Control Agency - Ambient Surface Water","Environmental_Media_Name":"Soil","Activity_Media_Subdivision_Name":"Surface Soil/Sediment","Project_Name":"PCA Special Studies: known AFFF releases","PFAS_Chemical_Name":"Perfluorovaleric acid","CAS_Number":"2706-90-3","Result_Measure_Value__ppt_":26900,"Result_Measure_Value":26900,"Result_Unit_of_Measure":"ng/L"}},{"type":"Feature","geometry":{"type":"Point","coordinates":[-93.102064,45.3844770000001]},"properties":{"F_Monitoring_Location_Identifier":"MNPCA-LD00020","Location_Name":"Linwood SB2 (Geoprobe boring 2)","State":" MN","EPA_Region":"05","Organization":"Minnesota Pollution Control Agency - Ambient Surface Water","Environmental_Media_Name":"Soil","Activity_Media_Subdivision_Name":"Surface Soil/Sediment","Project_Name":"PCA Special Studies: known AFFF releases","PFAS_Chemical_Name":"Perfluoroheptanoic acid","CAS_Number":"375-85-9","Result_Measure_Value__ppt_":105,"Result_Measure_Value":0.105,"Result_Unit_of_Measure":"ng/g"}},{"type":"Feature","geometry":{"type":"Point","coordinates":[-93.102064,45.3844770000001]},"properties":{"F_Monitoring_Location_Identifier":"MNPCA-LD00020","Location_Name":"Linwood SB2 (Geoprobe boring 2)","State":" MN","EPA_Region":"05","Organization":"Minnesota Pollution Control Agency - Ambient Surface Water","Environmental_Media_Name":"Soil","Activity_Media_Subdivision_Name":"Surface Soil/Sediment","Project_Name":"PCA Special Studies: known AFFF releases","PFAS_Chemical_Name":"Perfluorobutanoate","CAS_Number":"45048-62-2","Result_Measure_Value__ppt_":24800,"Result_Measure_Value":24800,"Result_Unit_of_Measure":"ng/L"}},{"type":"Feature","geometry":{"type":"Point","coordinates":[-93.102064,45.3844770000001]},"properties":{"F_Monitoring_Location_Identifier":"MNPCA-LD00020","Location_Name":"Linwood SB2 (Geoprobe boring 2)","State":" MN","EPA_Region":"05","Organization":"Minnesota Pollution Control Agency - Ambient Surface Water","Environmental_Media_Name":"Soil","Activity_Media_Subdivision_Name":"Surface Soil/Sediment","Project_Name":"PCA Special Studies: known AFFF releases","PFAS_Chemical_Name":"Perfluorohexanoic acid","CAS_Number":"307-24-4","Result_Measure_Value__ppt_":3290,"Result_Measure_Value":3.29,"Result_Unit_of_Measure":"ng/g"}},{"type":"Feature","geometry":{"type":"Point","coordinates":[-93.102064,45.3844770000001]},"properties":{"F_Monitoring_Location_Identifier":"MNPCA-LD00020","Location_Name":"Linwood SB2 (Geoprobe boring 2)","State":" MN","EPA_Region":"05","Organization":"Minnesota Pollution Control Agency - Ambient Surface Water","Environmental_Media_Name":"Soil","Activity_Media_Subdivision_Name":"Surface Soil/Sediment","Project_Name":"PCA Special Studies: known AFFF releases","PFAS_Chemical_Name":"Perfluorooctanesulfonamide","CAS_Number":"754-91-6","Result_Measure_Value__ppt_":4850,"Result_Measure_Value":4.85,"Result_Unit_of_Measure":"ng/g"}},{"type":"Feature","geometry":{"type":"Point","coordinates":[-93.102064,45.3844770000001]},"properties":{"F_Monitoring_Location_Identifier":"MNPCA-LD00020","Location_Name":"Linwood SB2 (Geoprobe boring 2)","State":" MN","EPA_Region":"05","Organization":"Minnesota Pollution Control Agency - Ambient Surface Water","Environmental_Media_Name":"Soil","Activity_Media_Subdivision_Name":"Surface Soil/Sediment","Project_Name":"PCA Special Studies: known AFFF releases","PFAS_Chemical_Name":"Perfluorooctanesulfonate","CAS_Number":"45298-90-6","Result_Measure_Value__ppt_":2740,"Result_Measure_Value":2.74,"Result_Unit_of_Measure":"ng/g"}},{"type":"Feature","geometry":{"type":"Point","coordinates":[-93.102064,45.3844770000001]},"properties":{"F_Monitoring_Location_Identifier":"MNPCA-LD00020","Location_Name":"Linwood SB2 (Geoprobe boring 2)","State":" MN","EPA_Region":"05","Organization":"Minnesota Pollution Control Agency - Ambient Surface Water","Environmental_Media_Name":"Soil","Activity_Media_Subdivision_Name":"Surface Soil/Sediment","Project_Name":"PCA Special Studies: known AFFF releases","PFAS_Chemical_Name":"Perfluorobutanesulfonate","CAS_Number":"45187-15-3","Result_Measure_Value__ppt_":574,"Result_Measure_Value":0.574,"Result_Unit_of_Measure":"ng/g"}},{"type":"Feature","geometry":{"type":"Point","coordinates":[-93.102064,45.3844770000001]},"properties":{"F_Monitoring_Location_Identifier":"MNPCA-LD00020","Location_Name":"Linwood SB2 (Geoprobe boring 2)","State":" MN","EPA_Region":"05","Organization":"Minnesota Pollution Control Agency - Ambient Surface Water","Environmental_Media_Name":"Soil","Activity_Media_Subdivision_Name":"Surface Soil/Sediment","Project_Name":"PCA Special Studies: known AFFF releases","PFAS_Chemical_Name":"Perfluorohexanesulfonate","CAS_Number":"108427-53-8","Result_Measure_Value__ppt_":8080,"Result_Measure_Value":8.08,"Result_Unit_of_Measure":"ng/g"}},{"type":"Feature","geometry":{"type":"Point","coordinates":[-110.908978214,32.100078813]},"properties":{"F_Monitoring_Location_Identifier":"USGS-09482350","Location_Name":"SOUTH FORK AIRPORT WASH NEAR TUCSON, ARIZ.","State":" AZ","EPA_Region":"09","HUC":"15050301","Organization":"U.S. Geological Survey","Environmental_Media_Name":"Soil","AnalysisStartDate":"8/2/2024","PFAS_Chemical_Name":"Perfluorooctanesulfonate","CAS_Number":"45298-90-6","Result_Measure_Value__ppt_":700,"Result_Measure_Value":700,"Result_Unit_of_Measure":"ng/kg","Analytical_Method":"PFAS, AXYS MLA-110: EPA 1633"}},{"type":"Feature","geometry":{"type":"Point","coordinates":[-110.908978214,32.100078813]},"properties":{"F_Monitoring_Location_Identifier":"USGS-09482350","Location_Name":"SOUTH FORK AIRPORT WASH NEAR TUCSON, ARIZ.","State":" AZ","EPA_Region":"09","HUC":"15050301","Organization":"U.S. Geological Survey","Environmental_Media_Name":"Soil","AnalysisStartDate":"8/2/2024","PFAS_Chemical_Name":"Perfluorodecanoate","CAS_Number":"73829-36-4","Result_Measure_Value__ppt_":120,"Result_Measure_Value":120,"Result_Unit_of_Measure":"ng/kg","Analytical_Method":"PFAS, AXYS MLA-110: EPA 1633"}},{"type":"Feature","geometry":{"type":"Point","coordinates":[-110.908978214,32.100078813]},"properties":{"F_Monitoring_Location_Identifier":"USGS-09482350","Location_Name":"SOUTH FORK AIRPORT WASH NEAR TUCSON, ARIZ.","State":" AZ","EPA_Region":"09","HUC":"15050301","Organization":"U.S. Geological Survey","Environmental_Media_Name":"Soil","AnalysisStartDate":"8/2/2024","PFAS_Chemical_Name":"Perfluoroundecanoate","CAS_Number":"196859-54-8","Result_Measure_Value__ppt_":80,"Result_Measure_Value":80,"Result_Unit_of_Measure":"ng/kg","Analytical_Method":"PFAS, AXYS MLA-110: EPA 1633"}},{"type":"Feature","geometry":{"type":"Point","coordinates":[-110.908978214,32.100078813]},"properties":{"F_Monitoring_Location_Identifier":"USGS-09482350","Location_Name":"SOUTH FORK AIRPORT WASH NEAR TUCSON, ARIZ.","State":" AZ","EPA_Region":"09","HUC":"15050301","Organization":"U.S. Geological Survey","Environmental_Media_Name":"Soil","AnalysisStartDate":"8/2/2024","PFAS_Chemical_Name":"PFOA ion","CAS_Number":"45285-51-6","Result_Measure_Value__ppt_":80,"Result_Measure_Value":80,"Result_Unit_of_Measure":"ng/kg","Analytical_Method":"PFAS, AXYS MLA-110: EPA 1633"}},{"type":"Feature","geometry":{"type":"Point","coordinates":[-110.908978214,32.100078813]},"properties":{"F_Monitoring_Location_Identifier":"USGS-09482350","Location_Name":"SOUTH FORK AIRPORT WASH NEAR TUCSON, ARIZ.","State":" AZ","EPA_Region":"09","HUC":"15050301","Organization":"U.S. Geological Survey","Environmental_Media_Name":"Soil","AnalysisStartDate":"8/2/2024","PFAS_Chemical_Name":"Perfluorododecanoate","CAS_Number":"171978-95-3","Result_Measure_Value__ppt_":90,"Result_Measure_Value":90,"Result_Unit_of_Measure":"ng/kg","Analytical_Method":"PFAS, AXYS MLA-110: EPA 1633"}},{"type":"Feature","geometry":{"type":"Point","coordinates":[-110.908978232,32.111189688]},"properties":{"F_Monitoring_Location_Identifier":"USGS-09482370","Location_Name":"NORTH FORK AIRPORT WASH NEAR TUCSON, ARIZ.","State":" AZ","EPA_Region":"09","HUC":"15050301","Organization":"U.S. Geological Survey","Environmental_Media_Name":"Soil","AnalysisStartDate":"8/2/2024","PFAS_Chemical_Name":"Perfluorobutanoate","CAS_Number":"45048-62-2","Result_Measure_Value__ppt_":100,"Result_Measure_Value":100,"Result_Unit_of_Measure":"ng/kg","Analytical_Method":"PFAS, AXYS MLA-110: EPA 1633"}},{"type":"Feature","geometry":{"type":"Point","coordinates":[-110.908978232,32.111189688]},"properties":{"F_Monitoring_Location_Identifier":"USGS-09482370","Location_Name":"NORTH FORK AIRPORT WASH NEAR TUCSON, ARIZ.","State":" AZ","EPA_Region":"09","HUC":"15050301","Organization":"U.S. Geological Survey","Environmental_Media_Name":"Soil","AnalysisStartDate":"8/2/2024","PFAS_Chemical_Name":"Perfluorooctanesulfonate","CAS_Number":"45298-90-6","Result_Measure_Value__ppt_":180,"Result_Measure_Value":180,"Result_Unit_of_Measure":"ng/kg","Analytical_Method":"PFAS, AXYS MLA-110: EPA 1633"}},{"type":"Feature","geometry":{"type":"Point","coordinates":[-110.926458333,32.113061111]},"properties":{"F_Monitoring_Location_Identifier":"USGS-320647110553500","Location_Name":"UNNAMED WASH BLW FIRE TRAINING FENCE AT TUCSON, AZ","State":" AZ","EPA_Region":"09","HUC":"15050301","Organization":"U.S. Geological Survey","Environmental_Media_Name":"Soil","AnalysisStartDate":"8/2/2024","PFAS_Chemical_Name":"Perfluorohexanoate","CAS_Number":"92612-52-7","Result_Measure_Value__ppt_":100,"Result_Measure_Value":100,"Result_Unit_of_Measure":"ng/kg","Analytical_Method":"PFAS, AXYS MLA-110: EPA 1633"}},{"type":"Feature","geometry":{"type":"Point","coordinates":[-110.926458333,32.113061111]},"properties":{"F_Monitoring_Location_Identifier":"USGS-320647110553500","Location_Name":"UNNAMED WASH BLW FIRE TRAINING FENCE AT TUCSON, AZ","State":" AZ","EPA_Region":"09","HUC":"15050301","Organization":"U.S. Geological Survey","Environmental_Media_Name":"Soil","AnalysisStartDate":"8/2/2024","PFAS_Chemical_Name":"1-Octanesulfonic acid, 3,3,4,4,5,5,6,6,7,7,8,8,8-tridecafluoro-","CAS_Number":"27619-97-2","Result_Measure_Value__ppt_":200,"Result_Measure_Value":200,"Result_Unit_of_Measure":"ng/kg","Analytical_Method":"PFAS, AXYS MLA-110: EPA 1633"}},{"type":"Feature","geometry":{"type":"Point","coordinates":[-110.926458333,32.113061111]},"properties":{"F_Monitoring_Location_Identifier":"USGS-320647110553500","Location_Name":"UNNAMED WASH BLW FIRE TRAINING FENCE AT TUCSON, AZ","State":" AZ","EPA_Region":"09","HUC":"15050301","Organization":"U.S. Geological Survey","Environmental_Media_Name":"Soil","AnalysisStartDate":"1/23/2025","PFAS_Chemical_Name":"Perfluorodecanoate","CAS_Number":"73829-36-4","Result_Measure_Value__ppt_":2800,"Result_Measure_Value":2800,"Result_Unit_of_Measure":"ng/kg","Analytical_Method":"PFAS \u0026 TOP, AXYS MLA-111"}},{"type":"Feature","geometry":{"type":"Point","coordinates":[-110.926458333,32.113061111]},"properties":{"F_Monitoring_Location_Identifier":"USGS-320647110553500","Location_Name":"UNNAMED WASH BLW FIRE TRAINING FENCE AT TUCSON, AZ","State":" AZ","EPA_Region":"09","HUC":"15050301","Organization":"U.S. Geological Survey","Environmental_Media_Name":"Soil","AnalysisStartDate":"8/2/2024","PFAS_Chemical_Name":"Perfluorododecanesulfonate","CAS_Number":"343629-43-6","Result_Measure_Value__ppt_":1100,"Result_Measure_Value":1100,"Result_Unit_of_Measure":"ng/kg","Analytical_Method":"PFAS, AXYS MLA-110: EPA 1633"}},{"type":"Feature","geometry":{"type":"Point","coordinates":[-110.926458333,32.113061111]},"properties":{"F_Monitoring_Location_Identifier":"USGS-320647110553500","Location_Name":"UNNAMED WASH BLW FIRE TRAINING FENCE AT TUCSON, AZ","State":" AZ","EPA_Region":"09","HUC":"15050301","Organization":"U.S. Geological Survey","Environmental_Media_Name":"Soil","AnalysisStartDate":"8/2/2024","PFAS_Chemical_Name":"Perfluoroheptanoate","CAS_Number":"120885-29-2","Result_Measure_Value__ppt_":60,"Result_Measure_Value":60,"Result_Unit_of_Measure":"ng/kg","Analytical_Method":"PFAS, AXYS MLA-110: EPA 1633"}},{"type":"Feature","geometry":{"type":"Point","coordinates":[-110.926458333,32.113061111]},"properties":{"F_Monitoring_Location_Identifier":"USGS-320647110553500","Location_Name":"UNNAMED WASH BLW FIRE TRAINING FENCE AT TUCSON, AZ","State":" AZ","EPA_Region":"09","HUC":"15050301","Organization":"U.S. Geological Survey","Environmental_Media_Name":"Soil","AnalysisStartDate":"1/23/2025","PFAS_Chemical_Name":"Perfluoroheptanoate","CAS_Number":"120885-29-2","Result_Measure_Value__ppt_":1100,"Result_Measure_Value":1100,"Result_Unit_of_Measure":"ng/kg","Analytical_Method":"PFAS \u0026 TOP, AXYS MLA-111"}},{"type":"Feature","geometry":{"type":"Point","coordinates":[-110.926458333,32.113061111]},"properties":{"F_Monitoring_Location_Identifier":"USGS-320647110553500","Location_Name":"UNNAMED WASH BLW FIRE TRAINING FENCE AT TUCSON, AZ","State":" AZ","EPA_Region":"09","HUC":"15050301","Organization":"U.S. Geological Survey","Environmental_Media_Name":"Soil","AnalysisStartDate":"8/2/2024","PFAS_Chemical_Name":"Perfluoroundecanoate","CAS_Number":"196859-54-8","Result_Measure_Value__ppt_":2300,"Result_Measure_Value":2300,"Result_Unit_of_Measure":"ng/kg","Analytical_Method":"PFAS, AXYS MLA-110: EPA 1633"}},{"type":"Feature","geometry":{"type":"Point","coordinates":[-110.926458333,32.113061111]},"properties":{"F_Monitoring_Location_Identifier":"USGS-320647110553500","Location_Name":"UNNAMED WASH BLW FIRE TRAINING FENCE AT TUCSON, AZ","State":" AZ","EPA_Region":"09","HUC":"15050301","Organization":"U.S. Geological Survey","Environmental_Media_Name":"Soil","AnalysisStartDate":"8/2/2024","PFAS_Chemical_Name":"Perfluorononanoate","CAS_Number":"72007-68-2","Result_Measure_Value__ppt_":390,"Result_Measure_Value":390,"Result_Unit_of_Measure":"ng/kg","Analytical_Method":"PFAS, AXYS MLA-110: EPA 1633"}},{"type":"Feature","geometry":{"type":"Point","coordinates":[-110.926458333,32.113061111]},"properties":{"F_Monitoring_Location_Identifier":"USGS-320647110553500","Location_Name":"UNNAMED WASH BLW FIRE TRAINING FENCE AT TUCSON, AZ","State":" AZ","EPA_Region":"09","HUC":"15050301","Organization":"U.S. Geological Survey","Environmental_Media_Name":"Soil","AnalysisStartDate":"1/20/2025","PFAS_Chemical_Name":"Perfluoroundecanoate","CAS_Number":"196859-54-8","Result_Measure_Value__ppt_":3100,"Result_Measure_Value":3100,"Result_Unit_of_Measure":"ng/kg","Analytical_Method":"PFAS, AXYS MLA-110: EPA 1633"}},{"type":"Feature","geometry":{"type":"Point","coordinates":[-110.926458333,32.113061111]},"properties":{"F_Monitoring_Location_Identifier":"USGS-320647110553500","Location_Name":"UNNAMED WASH BLW FIRE TRAINING FENCE AT TUCSON, AZ","State":" AZ","EPA_Region":"09","HUC":"15050301","Organization":"U.S. Geological Survey","Environmental_Media_Name":"Soil","AnalysisStartDate":"8/2/2024","PFAS_Chemical_Name":"PFOA ion","CAS_Number":"45285-51-6","Result_Measure_Value__ppt_":400,"Result_Measure_Value":400,"Result_Unit_of_Measure":"ng/kg","Analytical_Method":"PFAS, AXYS MLA-110: EPA 1633"}},{"type":"Feature","geometry":{"type":"Point","coordinates":[-110.926458333,32.113061111]},"properties":{"F_Monitoring_Location_Identifier":"USGS-320647110553500","Location_Name":"UNNAMED WASH BLW FIRE TRAINING FENCE AT TUCSON, AZ","State":" AZ","EPA_Region":"09","HUC":"15050301","Organization":"U.S. Geological Survey","Environmental_Media_Name":"Soil","AnalysisStartDate":"8/2/2024","PFAS_Chemical_Name":"Perfluorobutanoate","CAS_Number":"45048-62-2","Result_Measure_Value__ppt_":200,"Result_Measure_Value":200,"Result_Unit_of_Measure":"ng/kg","Analytical_Method":"PFAS, AXYS MLA-110: EPA 1633"}},{"type":"Feature","geometry":{"type":"Point","coordinates":[-110.926458333,32.113061111]},"properties":{"F_Monitoring_Location_Identifier":"USGS-320647110553500","Location_Name":"UNNAMED WASH BLW FIRE TRAINING FENCE AT TUCSON, AZ","State":" AZ","EPA_Region":"09","HUC":"15050301","Organization":"U.S. Geological Survey","Environmental_Media_Name":"Soil","AnalysisStartDate":"1/23/2025","PFAS_Chemical_Name":"Perfluorotridecanoate","CAS_Number":"862374-87-6","Result_Measure_Value__ppt_":450,"Result_Measure_Value":450,"Result_Unit_of_Measure":"ng/kg","Analytical_Method":"PFAS \u0026 TOP, AXYS MLA-111"}},{"type":"Feature","geometry":{"type":"Point","coordinates":[-110.926458333,32.113061111]},"properties":{"F_Monitoring_Location_Identifier":"USGS-320647110553500","Location_Name":"UNNAMED WASH BLW FIRE TRAINING FENCE AT TUCSON, AZ","State":" AZ","EPA_Region":"09","HUC":"15050301","Organization":"U.S. Geological Survey","Environmental_Media_Name":"Soil","AnalysisStartDate":"1/23/2025","PFAS_Chemical_Name":"Perfluorodecanesulfonate","CAS_Number":"126105-34-8","Result_Measure_Value__ppt_":1400,"Result_Measure_Value":1400,"Result_Unit_of_Measure":"ng/kg","Analytical_Method":"PFAS \u0026 TOP, AXYS MLA-111"}},{"type":"Feature","geometry":{"type":"Point","coordinates":[-110.926458333,32.113061111]},"properties":{"F_Monitoring_Location_Identifier":"USGS-320647110553500","Location_Name":"UNNAMED WASH BLW FIRE TRAINING FENCE AT TUCSON, AZ","State":" AZ","EPA_Region":"09","HUC":"15050301","Organization":"U.S. Geological Survey","Environmental_Media_Name":"Soil","AnalysisStartDate":"1/23/2025","PFAS_Chemical_Name":"Perfluorooctanoate (anionic form)","CAS_Number":"45285-51-6","Result_Measure_Value__ppt_":1700,"Result_Measure_Value":1700,"Result_Unit_of_Measure":"ng/kg","Analytical_Method":"PFAS \u0026 TOP, AXYS MLA-111"}},{"type":"Feature","geometry":{"type":"Point","coordinates":[-110.926458333,32.113061111]},"properties":{"F_Monitoring_Location_Identifier":"USGS-320647110553500","Location_Name":"UNNAMED WASH BLW FIRE TRAINING FENCE AT TUCSON, AZ","State":" AZ","EPA_Region":"09","HUC":"15050301","Organization":"U.S. Geological Survey","Environmental_Media_Name":"Soil","AnalysisStartDate":"1/20/2025","PFAS_Chemical_Name":"Perfluorodecanoate","CAS_Number":"73829-36-4","Result_Measure_Value__ppt_":2600,"Result_Measure_Value":2600,"Result_Unit_of_Measure":"ng/kg","Analytical_Method":"PFAS, AXYS MLA-110: EPA 1633"}},{"type":"Feature","geometry":{"type":"Point","coordinates":[-110.926458333,32.113061111]},"properties":{"F_Monitoring_Location_Identifier":"USGS-320647110553500","Location_Name":"UNNAMED WASH BLW FIRE TRAINING FENCE AT TUCSON, AZ","State":" AZ","EPA_Region":"09","HUC":"15050301","Organization":"U.S. Geological Survey","Environmental_Media_Name":"Soil","AnalysisStartDate":"1/20/2025","PFAS_Chemical_Name":"Perfluorohexanoate","CAS_Number":"92612-52-7","Result_Measure_Value__ppt_":40,"Result_Measure_Value":40,"Result_Unit_of_Measure":"ng/kg","Analytical_Method":"PFAS, AXYS MLA-110: EPA 1633"}},{"type":"Feature","geometry":{"type":"Point","coordinates":[-110.926458333,32.113061111]},"properties":{"F_Monitoring_Location_Identifier":"USGS-320647110553500","Location_Name":"UNNAMED WASH BLW FIRE TRAINING FENCE AT TUCSON, AZ","State":" AZ","EPA_Region":"09","HUC":"15050301","Organization":"U.S. Geological Survey","Environmental_Media_Name":"Soil","AnalysisStartDate":"1/20/2025","PFAS_Chemical_Name":"Perfluorotetradecanoate","CAS_Number":"365971-87-5","Result_Measure_Value__ppt_":250,"Result_Measure_Value":250,"Result_Unit_of_Measure":"ng/kg","Analytical_Method":"PFAS, AXYS MLA-110: EPA 1633"}},{"type":"Feature","geometry":{"type":"Point","coordinates":[-110.926458333,32.113061111]},"properties":{"F_Monitoring_Location_Identifier":"USGS-320647110553500","Location_Name":"UNNAMED WASH BLW FIRE TRAINING FENCE AT TUCSON, AZ","State":" AZ","EPA_Region":"09","HUC":"15050301","Organization":"U.S. Geological Survey","Environmental_Media_Name":"Soil","AnalysisStartDate":"1/20/2025","PFAS_Chemical_Name":"Perfluorododecanoate","CAS_Number":"171978-95-3","Result_Measure_Value__ppt_":1300,"Result_Measure_Value":1300,"Result_Unit_of_Measure":"ng/kg","Analytical_Method":"PFAS, AXYS MLA-110: EPA 1633"}},{"type":"Feature","geometry":{"type":"Point","coordinates":[-110.926458333,32.113061111]},"properties":{"F_Monitoring_Location_Identifier":"USGS-320647110553500","Location_Name":"UNNAMED WASH BLW FIRE TRAINING FENCE AT TUCSON, AZ","State":" AZ","EPA_Region":"09","HUC":"15050301","Organization":"U.S. Geological Survey","Environmental_Media_Name":"Soil","AnalysisStartDate":"8/2/2024","PFAS_Chemical_Name":"Perfluorohexanesulfonate","CAS_Number":"108427-53-8","Result_Measure_Value__ppt_":490,"Result_Measure_Value":490,"Result_Unit_of_Measure":"ng/kg","Analytical_Method":"PFAS, AXYS MLA-110: EPA 1633"}},{"type":"Feature","geometry":{"type":"Point","coordinates":[-110.926458333,32.113061111]},"properties":{"F_Monitoring_Location_Identifier":"USGS-320647110553500","Location_Name":"UNNAMED WASH BLW FIRE TRAINING FENCE AT TUCSON, AZ","State":" AZ","EPA_Region":"09","HUC":"15050301","Organization":"U.S. Geological Survey","Environmental_Media_Name":"Soil","AnalysisStartDate":"8/2/2024","PFAS_Chemical_Name":"Fluorotelomer sulfonate 8:2","CAS_Number":"39108-34-4","Result_Measure_Value__ppt_":800,"Result_Measure_Value":800,"Result_Unit_of_Measure":"ng/kg","Analytical_Method":"PFAS, AXYS MLA-110: EPA 1633"}},{"type":"Feature","geometry":{"type":"Point","coordinates":[-110.926458333,32.113061111]},"properties":{"F_Monitoring_Location_Identifier":"USGS-320647110553500","Location_Name":"UNNAMED WASH BLW FIRE TRAINING FENCE AT TUCSON, AZ","State":" AZ","EPA_Region":"09","HUC":"15050301","Organization":"U.S. Geological Survey","Environmental_Media_Name":"Soil","AnalysisStartDate":"1/23/2025","PFAS_Chemical_Name":"Perfluoropentanesulfonate","CAS_Number":"175905-36-9","Result_Measure_Value__ppt_":2600,"Result_Measure_Value":2600,"Result_Unit_of_Measure":"ng/kg","Analytical_Method":"PFAS \u0026 TOP, AXYS MLA-111"}},{"type":"Feature","geometry":{"type":"Point","coordinates":[-110.926458333,32.113061111]},"properties":{"F_Monitoring_Location_Identifier":"USGS-320647110553500","Location_Name":"UNNAMED WASH BLW FIRE TRAINING FENCE AT TUCSON, AZ","State":" AZ","EPA_Region":"09","HUC":"15050301","Organization":"U.S. Geological Survey","Environmental_Media_Name":"Soil","AnalysisStartDate":"8/2/2024","PFAS_Chemical_Name":"Perfluorodecanoate","CAS_Number":"73829-36-4","Result_Measure_Value__ppt_":920,"Result_Measure_Value":920,"Result_Unit_of_Measure":"ng/kg","Analytical_Method":"PFAS, AXYS MLA-110: EPA 1633"}},{"type":"Feature","geometry":{"type":"Point","coordinates":[-110.926458333,32.113061111]},"properties":{"F_Monitoring_Location_Identifier":"USGS-320647110553500","Location_Name":"UNNAMED WASH BLW FIRE TRAINING FENCE AT TUCSON, AZ","State":" AZ","EPA_Region":"09","HUC":"15050301","Organization":"U.S. Geological Survey","Environmental_Media_Name":"Soil","AnalysisStartDate":"1/23/2025","PFAS_Chemical_Name":"Perfluorododecanoate","CAS_Number":"171978-95-3","Result_Measure_Value__ppt_":1100,"Result_Measure_Value":1100,"Result_Unit_of_Measure":"ng/kg","Analytical_Method":"PFAS \u0026 TOP, AXYS MLA-111"}},{"type":"Feature","geometry":{"type":"Point","coordinates":[-110.926458333,32.113061111]},"properties":{"F_Monitoring_Location_Identifier":"USGS-320647110553500","Location_Name":"UNNAMED WASH BLW FIRE TRAINING FENCE AT TUCSON, AZ","State":" AZ","EPA_Region":"09","HUC":"15050301","Organization":"U.S. Geological Survey","Environmental_Media_Name":"Soil","AnalysisStartDate":"1/23/2025","PFAS_Chemical_Name":"Perfluorododecanesulfonate","CAS_Number":"343629-43-6","Result_Measure_Value__ppt_":400,"Result_Measure_Value":400,"Result_Unit_of_Measure":"ng/kg","Analytical_Method":"PFAS \u0026 TOP, AXYS MLA-111"}},{"type":"Feature","geometry":{"type":"Point","coordinates":[-110.926458333,32.113061111]},"properties":{"F_Monitoring_Location_Identifier":"USGS-320647110553500","Location_Name":"UNNAMED WASH BLW FIRE TRAINING FENCE AT TUCSON, AZ","State":" AZ","EPA_Region":"09","HUC":"15050301","Organization":"U.S. Geological Survey","Environmental_Media_Name":"Soil","AnalysisStartDate":"8/2/2024","PFAS_Chemical_Name":"Perfluorotetradecanoate","CAS_Number":"365971-87-5","Result_Measure_Value__ppt_":370,"Result_Measure_Value":370,"Result_Unit_of_Measure":"ng/kg","Analytical_Method":"PFAS, AXYS MLA-110: EPA 1633"}},{"type":"Feature","geometry":{"type":"Point","coordinates":[-110.926458333,32.113061111]},"properties":{"F_Monitoring_Location_Identifier":"USGS-320647110553500","Location_Name":"UNNAMED WASH BLW FIRE TRAINING FENCE AT TUCSON, AZ","State":" AZ","EPA_Region":"09","HUC":"15050301","Organization":"U.S. Geological Survey","Environmental_Media_Name":"Soil","AnalysisStartDate":"8/2/2024","PFAS_Chemical_Name":"Perfluorodecanesulfonate","CAS_Number":"126105-34-8","Result_Measure_Value__ppt_":1500,"Result_Measure_Value":1500,"Result_Unit_of_Measure":"ng/kg","Analytical_Method":"PFAS, AXYS MLA-110: EPA 1633"}},{"type":"Feature","geometry":{"type":"Point","coordinates":[-110.926458333,32.113061111]},"properties":{"F_Monitoring_Location_Identifier":"USGS-320647110553500","Location_Name":"UNNAMED WASH BLW FIRE TRAINING FENCE AT TUCSON, AZ","State":" AZ","EPA_Region":"09","HUC":"15050301","Organization":"U.S. Geological Survey","Environmental_Media_Name":"Soil","AnalysisStartDate":"1/23/2025","PFAS_Chemical_Name":"Perfluorohexanoate","CAS_Number":"92612-52-7","Result_Measure_Value__ppt_":5100,"Result_Measure_Value":5100,"Result_Unit_of_Measure":"ng/kg","Analytical_Method":"PFAS \u0026 TOP, AXYS MLA-111"}},{"type":"Feature","geometry":{"type":"Point","coordinates":[-110.926458333,32.113061111]},"properties":{"F_Monitoring_Location_Identifier":"USGS-320647110553500","Location_Name":"UNNAMED WASH BLW FIRE TRAINING FENCE AT TUCSON, AZ","State":" AZ","EPA_Region":"09","HUC":"15050301","Organization":"U.S. Geological Survey","Environmental_Media_Name":"Soil","AnalysisStartDate":"8/2/2024","PFAS_Chemical_Name":"Perfluorododecanoate","CAS_Number":"171978-95-3","Result_Measure_Value__ppt_":1500,"Result_Measure_Value":1500,"Result_Unit_of_Measure":"ng/kg","Analytical_Method":"PFAS, AXYS MLA-110: EPA 1633"}},{"type":"Feature","geometry":{"type":"Point","coordinates":[-110.926458333,32.113061111]},"properties":{"F_Monitoring_Location_Identifier":"USGS-320647110553500","Location_Name":"UNNAMED WASH BLW FIRE TRAINING FENCE AT TUCSON, AZ","State":" AZ","EPA_Region":"09","HUC":"15050301","Organization":"U.S. Geological Survey","Environmental_Media_Name":"Soil","AnalysisStartDate":"1/20/2025","PFAS_Chemical_Name":"Perfluorononanoate","CAS_Number":"72007-68-2","Result_Measure_Value__ppt_":710,"Result_Measure_Value":710,"Result_Unit_of_Measure":"ng/kg","Analytical_Method":"PFAS, AXYS MLA-110: EPA 1633"}},{"type":"Feature","geometry":{"type":"Point","coordinates":[-110.926458333,32.113061111]},"properties":{"F_Monitoring_Location_Identifier":"USGS-320647110553500","Location_Name":"UNNAMED WASH BLW FIRE TRAINING FENCE AT TUCSON, AZ","State":" AZ","EPA_Region":"09","HUC":"15050301","Organization":"U.S. Geological Survey","Environmental_Media_Name":"Soil","AnalysisStartDate":"1/23/2025","PFAS_Chemical_Name":"Perfluoroundecanoate","CAS_Number":"196859-54-8","Result_Measure_Value__ppt_":3100,"Result_Measure_Value":3100,"Result_Unit_of_Measure":"ng/kg","Analytical_Method":"PFAS \u0026 TOP, AXYS MLA-111"}},{"type":"Feature","geometry":{"type":"Point","coordinates":[-110.926458333,32.113061111]},"properties":{"F_Monitoring_Location_Identifier":"USGS-320647110553500","Location_Name":"UNNAMED WASH BLW FIRE TRAINING FENCE AT TUCSON, AZ","State":" AZ","EPA_Region":"09","HUC":"15050301","Organization":"U.S. Geological Survey","Environmental_Media_Name":"Soil","AnalysisStartDate":"1/23/2025","PFAS_Chemical_Name":"Perfluorononanoate","CAS_Number":"72007-68-2","Result_Measure_Value__ppt_":1200,"Result_Measure_Value":1200,"Result_Unit_of_Measure":"ng/kg","Analytical_Method":"PFAS \u0026 TOP, AXYS MLA-111"}},{"type":"Feature","geometry":{"type":"Point","coordinates":[-110.926458333,32.113061111]},"properties":{"F_Monitoring_Location_Identifier":"USGS-320647110553500","Location_Name":"UNNAMED WASH BLW FIRE TRAINING FENCE AT TUCSON, AZ","State":" AZ","EPA_Region":"09","HUC":"15050301","Organization":"U.S. Geological Survey","Environmental_Media_Name":"Soil","AnalysisStartDate":"1/20/2025","PFAS_Chemical_Name":"Perfluorodecanesulfonate","CAS_Number":"126105-34-8","Result_Measure_Value__ppt_":1800,"Result_Measure_Value":1800,"Result_Unit_of_Measure":"ng/kg","Analytical_Method":"PFAS, AXYS MLA-110: EPA 1633"}},{"type":"Feature","geometry":{"type":"Point","coordinates":[-110.926458333,32.113061111]},"properties":{"F_Monitoring_Location_Identifier":"USGS-320647110553500","Location_Name":"UNNAMED WASH BLW FIRE TRAINING FENCE AT TUCSON, AZ","State":" AZ","EPA_Region":"09","HUC":"15050301","Organization":"U.S. Geological Survey","Environmental_Media_Name":"Soil","AnalysisStartDate":"8/2/2024","PFAS_Chemical_Name":"Perfluorooctanesulfonamide","CAS_Number":"754-91-6","Result_Measure_Value__ppt_":80,"Result_Measure_Value":80,"Result_Unit_of_Measure":"ng/kg","Analytical_Method":"PFAS, AXYS MLA-110: EPA 1633"}},{"type":"Feature","geometry":{"type":"Point","coordinates":[-110.926458333,32.113061111]},"properties":{"F_Monitoring_Location_Identifier":"USGS-320647110553500","Location_Name":"UNNAMED WASH BLW FIRE TRAINING FENCE AT TUCSON, AZ","State":" AZ","EPA_Region":"09","HUC":"15050301","Organization":"U.S. Geological Survey","Environmental_Media_Name":"Soil","AnalysisStartDate":"1/20/2025","PFAS_Chemical_Name":"Perfluorononanesulfonate","CAS_Number":"474511-07-4","Result_Measure_Value__ppt_":700,"Result_Measure_Value":700,"Result_Unit_of_Measure":"ng/kg","Analytical_Method":"PFAS, AXYS MLA-110: EPA 1633"}},{"type":"Feature","geometry":{"type":"Point","coordinates":[-110.926458333,32.113061111]},"properties":{"F_Monitoring_Location_Identifier":"USGS-320647110553500","Location_Name":"UNNAMED WASH BLW FIRE TRAINING FENCE AT TUCSON, AZ","State":" AZ","EPA_Region":"09","HUC":"15050301","Organization":"U.S. Geological Survey","Environmental_Media_Name":"Soil","AnalysisStartDate":"8/2/2024","PFAS_Chemical_Name":"Perfluorooctanesulfonate","CAS_Number":"45298-90-6","Result_Measure_Value__ppt_":18800,"Result_Measure_Value":18800,"Result_Unit_of_Measure":"ng/kg","Analytical_Method":"PFAS, AXYS MLA-110: EPA 1633"}},{"type":"Feature","geometry":{"type":"Point","coordinates":[-110.926458333,32.113061111]},"properties":{"F_Monitoring_Location_Identifier":"USGS-320647110553500","Location_Name":"UNNAMED WASH BLW FIRE TRAINING FENCE AT TUCSON, AZ","State":" AZ","EPA_Region":"09","HUC":"15050301","Organization":"U.S. Geological Survey","Environmental_Media_Name":"Soil","AnalysisStartDate":"1/20/2025","PFAS_Chemical_Name":"Perfluorododecanesulfonate","CAS_Number":"343629-43-6","Result_Measure_Value__ppt_":680,"Result_Measure_Value":680,"Result_Unit_of_Measure":"ng/kg","Analytical_Method":"PFAS, AXYS MLA-110: EPA 1633"}},{"type":"Feature","geometry":{"type":"Point","coordinates":[-110.926458333,32.113061111]},"properties":{"F_Monitoring_Location_Identifier":"USGS-320647110553500","Location_Name":"UNNAMED WASH BLW FIRE TRAINING FENCE AT TUCSON, AZ","State":" AZ","EPA_Region":"09","HUC":"15050301","Organization":"U.S. Geological Survey","Environmental_Media_Name":"Soil","AnalysisStartDate":"1/20/2025","PFAS_Chemical_Name":"PFOA ion","CAS_Number":"45285-51-6","Result_Measure_Value__ppt_":120,"Result_Measure_Value":120,"Result_Unit_of_Measure":"ng/kg","Analytical_Method":"PFAS, AXYS MLA-110: EPA 1633"}},{"type":"Feature","geometry":{"type":"Point","coordinates":[-110.926458333,32.113061111]},"properties":{"F_Monitoring_Location_Identifier":"USGS-320647110553500","Location_Name":"UNNAMED WASH BLW FIRE TRAINING FENCE AT TUCSON, AZ","State":" AZ","EPA_Region":"09","HUC":"15050301","Organization":"U.S. Geological Survey","Environmental_Media_Name":"Soil","AnalysisStartDate":"1/20/2025","PFAS_Chemical_Name":"Perfluorooctanesulfonate","CAS_Number":"45298-90-6","Result_Measure_Value__ppt_":55300,"Result_Measure_Value":55300,"Result_Unit_of_Measure":"ng/kg","Analytical_Method":"PFAS, AXYS MLA-110: EPA 1633"}},{"type":"Feature","geometry":{"type":"Point","coordinates":[-110.926458333,32.113061111]},"properties":{"F_Monitoring_Location_Identifier":"USGS-320647110553500","Location_Name":"UNNAMED WASH BLW FIRE TRAINING FENCE AT TUCSON, AZ","State":" AZ","EPA_Region":"09","HUC":"15050301","Organization":"U.S. Geological Survey","Environmental_Media_Name":"Soil","AnalysisStartDate":"1/20/2025","PFAS_Chemical_Name":"Perfluorohexanesulfonate","CAS_Number":"108427-53-8","Result_Measure_Value__ppt_":180,"Result_Measure_Value":180,"Result_Unit_of_Measure":"ng/kg","Analytical_Method":"PFAS, AXYS MLA-110: EPA 1633"}},{"type":"Feature","geometry":{"type":"Point","coordinates":[-110.926458333,32.113061111]},"properties":{"F_Monitoring_Location_Identifier":"USGS-320647110553500","Location_Name":"UNNAMED WASH BLW FIRE TRAINING FENCE AT TUCSON, AZ","State":" AZ","EPA_Region":"09","HUC":"15050301","Organization":"U.S. Geological Survey","Environmental_Media_Name":"Soil","AnalysisStartDate":"8/2/2024","PFAS_Chemical_Name":"Perfluorotridecanoate","CAS_Number":"862374-87-6","Result_Measure_Value__ppt_":730,"Result_Measure_Value":730,"Result_Unit_of_Measure":"ng/kg","Analytical_Method":"PFAS, AXYS MLA-110: EPA 1633"}},{"type":"Feature","geometry":{"type":"Point","coordinates":[-110.926458333,32.113061111]},"properties":{"F_Monitoring_Location_Identifier":"USGS-320647110553500","Location_Name":"UNNAMED WASH BLW FIRE TRAINING FENCE AT TUCSON, AZ","State":" AZ","EPA_Region":"09","HUC":"15050301","Organization":"U.S. Geological Survey","Environmental_Media_Name":"Soil","AnalysisStartDate":"1/23/2025","PFAS_Chemical_Name":"Perfluorooctanesulfonate (PFOS)","CAS_Number":"45298-90-6","Result_Measure_Value__ppt_":64600,"Result_Measure_Value":64600,"Result_Unit_of_Measure":"ng/kg","Analytical_Method":"PFAS \u0026 TOP, AXYS MLA-111"}},{"type":"Feature","geometry":{"type":"Point","coordinates":[-110.926458333,32.113061111]},"properties":{"F_Monitoring_Location_Identifier":"USGS-320647110553500","Location_Name":"UNNAMED WASH BLW FIRE TRAINING FENCE AT TUCSON, AZ","State":" AZ","EPA_Region":"09","HUC":"15050301","Organization":"U.S. Geological Survey","Environmental_Media_Name":"Soil","AnalysisStartDate":"8/2/2024","PFAS_Chemical_Name":"Perfluorononanesulfonate","CAS_Number":"474511-07-4","Result_Measure_Value__ppt_":400,"Result_Measure_Value":400,"Result_Unit_of_Measure":"ng/kg","Analytical_Method":"PFAS, AXYS MLA-110: EPA 1633"}},{"type":"Feature","geometry":{"type":"Point","coordinates":[-110.926458333,32.113061111]},"properties":{"F_Monitoring_Location_Identifier":"USGS-320647110553500","Location_Name":"UNNAMED WASH BLW FIRE TRAINING FENCE AT TUCSON, AZ","State":" AZ","EPA_Region":"09","HUC":"15050301","Organization":"U.S. Geological Survey","Environmental_Media_Name":"Soil","AnalysisStartDate":"1/20/2025","PFAS_Chemical_Name":"Perfluorotridecanoate","CAS_Number":"862374-87-6","Result_Measure_Value__ppt_":570,"Result_Measure_Value":570,"Result_Unit_of_Measure":"ng/kg","Analytical_Method":"PFAS, AXYS MLA-110: EPA 1633"}},{"type":"Feature","geometry":{"type":"Point","coordinates":[-110.926919444,32.1161111110001]},"properties":{"F_Monitoring_Location_Identifier":"USGS-320658110553700","Location_Name":"UNNAMED CHANNEL NR E AIRPORT DR AT TUCSON, AZ","State":" AZ","EPA_Region":"09","HUC":"15050301","Organization":"U.S. Geological Survey","Environmental_Media_Name":"Soil","AnalysisStartDate":"7/30/2024","PFAS_Chemical_Name":"Perfluorodecanoate","CAS_Number":"73829-36-4","Result_Measure_Value__ppt_":2500,"Result_Measure_Value":2500,"Result_Unit_of_Measure":"ng/kg","Analytical_Method":"PFAS, AXYS MLA-110: EPA 1633"}},{"type":"Feature","geometry":{"type":"Point","coordinates":[-110.926919444,32.1161111110001]},"properties":{"F_Monitoring_Location_Identifier":"USGS-320658110553700","Location_Name":"UNNAMED CHANNEL NR E AIRPORT DR AT TUCSON, AZ","State":" AZ","EPA_Region":"09","HUC":"15050301","Organization":"U.S. Geological Survey","Environmental_Media_Name":"Soil","AnalysisStartDate":"7/30/2024","PFAS_Chemical_Name":"Perfluorohexanoate","CAS_Number":"92612-52-7","Result_Measure_Value__ppt_":120,"Result_Measure_Value":120,"Result_Unit_of_Measure":"ng/kg","Analytical_Method":"PFAS, AXYS MLA-110: EPA 1633"}},{"type":"Feature","geometry":{"type":"Point","coordinates":[-110.926919444,32.1161111110001]},"properties":{"F_Monitoring_Location_Identifier":"USGS-320658110553700","Location_Name":"UNNAMED CHANNEL NR E AIRPORT DR AT TUCSON, AZ","State":" AZ","EPA_Region":"09","HUC":"15050301","Organization":"U.S. Geological Survey","Environmental_Media_Name":"Soil","AnalysisStartDate":"7/30/2024","PFAS_Chemical_Name":"Perfluorohexanesulfonate","CAS_Number":"108427-53-8","Result_Measure_Value__ppt_":330,"Result_Measure_Value":330,"Result_Unit_of_Measure":"ng/kg","Analytical_Method":"PFAS, AXYS MLA-110: EPA 1633"}},{"type":"Feature","geometry":{"type":"Point","coordinates":[-110.926919444,32.1161111110001]},"properties":{"F_Monitoring_Location_Identifier":"USGS-320658110553700","Location_Name":"UNNAMED CHANNEL NR E AIRPORT DR AT TUCSON, AZ","State":" AZ","EPA_Region":"09","HUC":"15050301","Organization":"U.S. Geological Survey","Environmental_Media_Name":"Soil","AnalysisStartDate":"7/30/2024","PFAS_Chemical_Name":"Fluorotelomer sulfonate 8:2","CAS_Number":"39108-34-4","Result_Measure_Value__ppt_":600,"Result_Measure_Value":600,"Result_Unit_of_Measure":"ng/kg","Analytical_Method":"PFAS, AXYS MLA-110: EPA 1633"}},{"type":"Feature","geometry":{"type":"Point","coordinates":[-110.926919444,32.1161111110001]},"properties":{"F_Monitoring_Location_Identifier":"USGS-320658110553700","Location_Name":"UNNAMED CHANNEL NR E AIRPORT DR AT TUCSON, AZ","State":" AZ","EPA_Region":"09","HUC":"15050301","Organization":"U.S. Geological Survey","Environmental_Media_Name":"Soil","AnalysisStartDate":"7/30/2024","PFAS_Chemical_Name":"Perfluorododecanoate","CAS_Number":"171978-95-3","Result_Measure_Value__ppt_":2000,"Result_Measure_Value":2000,"Result_Unit_of_Measure":"ng/kg","Analytical_Method":"PFAS, AXYS MLA-110: EPA 1633"}},{"type":"Feature","geometry":{"type":"Point","coordinates":[-110.926919444,32.1161111110001]},"properties":{"F_Monitoring_Location_Identifier":"USGS-320658110553700","Location_Name":"UNNAMED CHANNEL NR E AIRPORT DR AT TUCSON, AZ","State":" AZ","EPA_Region":"09","HUC":"15050301","Organization":"U.S. Geological Survey","Environmental_Media_Name":"Soil","AnalysisStartDate":"7/30/2024","PFAS_Chemical_Name":"Perfluorotridecanoate","CAS_Number":"862374-87-6","Result_Measure_Value__ppt_":1700,"Result_Measure_Value":1700,"Result_Unit_of_Measure":"ng/kg","Analytical_Method":"PFAS, AXYS MLA-110: EPA 1633"}},{"type":"Feature","geometry":{"type":"Point","coordinates":[-110.926919444,32.1161111110001]},"properties":{"F_Monitoring_Location_Identifier":"USGS-320658110553700","Location_Name":"UNNAMED CHANNEL NR E AIRPORT DR AT TUCSON, AZ","State":" AZ","EPA_Region":"09","HUC":"15050301","Organization":"U.S. Geological Survey","Environmental_Media_Name":"Soil","AnalysisStartDate":"7/30/2024","PFAS_Chemical_Name":"Perfluoroheptanoate","CAS_Number":"120885-29-2","Result_Measure_Value__ppt_":100,"Result_Measure_Value":100,"Result_Unit_of_Measure":"ng/kg","Analytical_Method":"PFAS, AXYS MLA-110: EPA 1633"}},{"type":"Feature","geometry":{"type":"Point","coordinates":[-110.926919444,32.1161111110001]},"properties":{"F_Monitoring_Location_Identifier":"USGS-320658110553700","Location_Name":"UNNAMED CHANNEL NR E AIRPORT DR AT TUCSON, AZ","State":" AZ","EPA_Region":"09","HUC":"15050301","Organization":"U.S. Geological Survey","Environmental_Media_Name":"Soil","AnalysisStartDate":"7/30/2024","PFAS_Chemical_Name":"Perfluoroundecanoate","CAS_Number":"196859-54-8","Result_Measure_Value__ppt_":4600,"Result_Measure_Value":4600,"Result_Unit_of_Measure":"ng/kg","Analytical_Method":"PFAS, AXYS MLA-110: EPA 1633"}},{"type":"Feature","geometry":{"type":"Point","coordinates":[-110.926919444,32.1161111110001]},"properties":{"F_Monitoring_Location_Identifier":"USGS-320658110553700","Location_Name":"UNNAMED CHANNEL NR E AIRPORT DR AT TUCSON, AZ","State":" AZ","EPA_Region":"09","HUC":"15050301","Organization":"U.S. Geological Survey","Environmental_Media_Name":"Soil","AnalysisStartDate":"7/30/2024","PFAS_Chemical_Name":"Perfluorodecanesulfonate","CAS_Number":"126105-34-8","Result_Measure_Value__ppt_":1600,"Result_Measure_Value":1600,"Result_Unit_of_Measure":"ng/kg","Analytical_Method":"PFAS, AXYS MLA-110: EPA 1633"}},{"type":"Feature","geometry":{"type":"Point","coordinates":[-110.926919444,32.1161111110001]},"properties":{"F_Monitoring_Location_Identifier":"USGS-320658110553700","Location_Name":"UNNAMED CHANNEL NR E AIRPORT DR AT TUCSON, AZ","State":" AZ","EPA_Region":"09","HUC":"15050301","Organization":"U.S. Geological Survey","Environmental_Media_Name":"Soil","AnalysisStartDate":"7/30/2024","PFAS_Chemical_Name":"PFOA ion","CAS_Number":"45285-51-6","Result_Measure_Value__ppt_":360,"Result_Measure_Value":360,"Result_Unit_of_Measure":"ng/kg","Analytical_Method":"PFAS, AXYS MLA-110: EPA 1633"}},{"type":"Feature","geometry":{"type":"Point","coordinates":[-110.926919444,32.1161111110001]},"properties":{"F_Monitoring_Location_Identifier":"USGS-320658110553700","Location_Name":"UNNAMED CHANNEL NR E AIRPORT DR AT TUCSON, AZ","State":" AZ","EPA_Region":"09","HUC":"15050301","Organization":"U.S. Geological Survey","Environmental_Media_Name":"Soil","AnalysisStartDate":"7/30/2024","PFAS_Chemical_Name":"Perfluorooctanesulfonate","CAS_Number":"45298-90-6","Result_Measure_Value__ppt_":47900,"Result_Measure_Value":47900,"Result_Unit_of_Measure":"ng/kg","Analytical_Method":"PFAS, AXYS MLA-110: EPA 1633"}},{"type":"Feature","geometry":{"type":"Point","coordinates":[-110.926919444,32.1161111110001]},"properties":{"F_Monitoring_Location_Identifier":"USGS-320658110553700","Location_Name":"UNNAMED CHANNEL NR E AIRPORT DR AT TUCSON, AZ","State":" AZ","EPA_Region":"09","HUC":"15050301","Organization":"U.S. Geological Survey","Environmental_Media_Name":"Soil","AnalysisStartDate":"7/30/2024","PFAS_Chemical_Name":"Perfluorotetradecanoate","CAS_Number":"365971-87-5","Result_Measure_Value__ppt_":300,"Result_Measure_Value":300,"Result_Unit_of_Measure":"ng/kg","Analytical_Method":"PFAS, AXYS MLA-110: EPA 1633"}},{"type":"Feature","geometry":{"type":"Point","coordinates":[-110.926919444,32.1161111110001]},"properties":{"F_Monitoring_Location_Identifier":"USGS-320658110553700","Location_Name":"UNNAMED CHANNEL NR E AIRPORT DR AT TUCSON, AZ","State":" AZ","EPA_Region":"09","HUC":"15050301","Organization":"U.S. Geological Survey","Environmental_Media_Name":"Soil","AnalysisStartDate":"7/30/2024","PFAS_Chemical_Name":"Perfluorononanoate","CAS_Number":"72007-68-2","Result_Measure_Value__ppt_":660,"Result_Measure_Value":660,"Result_Unit_of_Measure":"ng/kg","Analytical_Method":"PFAS, AXYS MLA-110: EPA 1633"}},{"type":"Feature","geometry":{"type":"Point","coordinates":[-110.926919444,32.1161111110001]},"properties":{"F_Monitoring_Location_Identifier":"USGS-320658110553700","Location_Name":"UNNAMED CHANNEL NR E AIRPORT DR AT TUCSON, AZ","State":" AZ","EPA_Region":"09","HUC":"15050301","Organization":"U.S. Geological Survey","Environmental_Media_Name":"Soil","AnalysisStartDate":"7/30/2024","PFAS_Chemical_Name":"Perfluorooctanesulfonamide","CAS_Number":"754-91-6","Result_Measure_Value__ppt_":220,"Result_Measure_Value":220,"Result_Unit_of_Measure":"ng/kg","Analytical_Method":"PFAS, AXYS MLA-110: EPA 1633"}},{"type":"Feature","geometry":{"type":"Point","coordinates":[-110.926919444,32.1161111110001]},"properties":{"F_Monitoring_Location_Identifier":"USGS-320658110553700","Location_Name":"UNNAMED CHANNEL NR E AIRPORT DR AT TUCSON, AZ","State":" AZ","EPA_Region":"09","HUC":"15050301","Organization":"U.S. Geological Survey","Environmental_Media_Name":"Soil","AnalysisStartDate":"7/30/2024","PFAS_Chemical_Name":"1-Octanesulfonic acid, 3,3,4,4,5,5,6,6,7,7,8,8,8-tridecafluoro-","CAS_Number":"27619-97-2","Result_Measure_Value__ppt_":100,"Result_Measure_Value":100,"Result_Unit_of_Measure":"ng/kg","Analytical_Method":"PFAS, AXYS MLA-110: EPA 1633"}},{"type":"Feature","geometry":{"type":"Point","coordinates":[-110.9261,32.117430556]},"properties":{"F_Monitoring_Location_Identifier":"USGS-320703110553400","Location_Name":"AIRPORT WASH N AND S FORK CONFLUENCE AT TUCSON, AZ","State":" AZ","EPA_Region":"09","HUC":"15050301","Organization":"U.S. Geological Survey","Environmental_Media_Name":"Soil","AnalysisStartDate":"7/30/2024","PFAS_Chemical_Name":"PFOA ion","CAS_Number":"45285-51-6","Result_Measure_Value__ppt_":140,"Result_Measure_Value":140,"Result_Unit_of_Measure":"ng/kg","Analytical_Method":"PFAS, AXYS MLA-110: EPA 1633"}},{"type":"Feature","geometry":{"type":"Point","coordinates":[-110.9261,32.117430556]},"properties":{"F_Monitoring_Location_Identifier":"USGS-320703110553400","Location_Name":"AIRPORT WASH N AND S FORK CONFLUENCE AT TUCSON, AZ","State":" AZ","EPA_Region":"09","HUC":"15050301","Organization":"U.S. Geological Survey","Environmental_Media_Name":"Soil","AnalysisStartDate":"7/30/2024","PFAS_Chemical_Name":"Perfluorododecanoate","CAS_Number":"171978-95-3","Result_Measure_Value__ppt_":160,"Result_Measure_Value":160,"Result_Unit_of_Measure":"ng/kg","Analytical_Method":"PFAS, AXYS MLA-110: EPA 1633"}},{"type":"Feature","geometry":{"type":"Point","coordinates":[-110.9261,32.117430556]},"properties":{"F_Monitoring_Location_Identifier":"USGS-320703110553400","Location_Name":"AIRPORT WASH N AND S FORK CONFLUENCE AT TUCSON, AZ","State":" AZ","EPA_Region":"09","HUC":"15050301","Organization":"U.S. Geological Survey","Environmental_Media_Name":"Soil","AnalysisStartDate":"7/30/2024","PFAS_Chemical_Name":"Perfluorodecanoate","CAS_Number":"73829-36-4","Result_Measure_Value__ppt_":260,"Result_Measure_Value":260,"Result_Unit_of_Measure":"ng/kg","Analytical_Method":"PFAS, AXYS MLA-110: EPA 1633"}},{"type":"Feature","geometry":{"type":"Point","coordinates":[-110.9261,32.117430556]},"properties":{"F_Monitoring_Location_Identifier":"USGS-320703110553400","Location_Name":"AIRPORT WASH N AND S FORK CONFLUENCE AT TUCSON, AZ","State":" AZ","EPA_Region":"09","HUC":"15050301","Organization":"U.S. Geological Survey","Environmental_Media_Name":"Soil","AnalysisStartDate":"7/30/2024","PFAS_Chemical_Name":"Perfluorohexanesulfonate","CAS_Number":"108427-53-8","Result_Measure_Value__ppt_":150,"Result_Measure_Value":150,"Result_Unit_of_Measure":"ng/kg","Analytical_Method":"PFAS, AXYS MLA-110: EPA 1633"}},{"type":"Feature","geometry":{"type":"Point","coordinates":[-110.9261,32.117430556]},"properties":{"F_Monitoring_Location_Identifier":"USGS-320703110553400","Location_Name":"AIRPORT WASH N AND S FORK CONFLUENCE AT TUCSON, AZ","State":" AZ","EPA_Region":"09","HUC":"15050301","Organization":"U.S. Geological Survey","Environmental_Media_Name":"Soil","AnalysisStartDate":"7/30/2024","PFAS_Chemical_Name":"Perfluorobutanoate","CAS_Number":"45048-62-2","Result_Measure_Value__ppt_":100,"Result_Measure_Value":100,"Result_Unit_of_Measure":"ng/kg","Analytical_Method":"PFAS, AXYS MLA-110: EPA 1633"}},{"type":"Feature","geometry":{"type":"Point","coordinates":[-110.9261,32.117430556]},"properties":{"F_Monitoring_Location_Identifier":"USGS-320703110553400","Location_Name":"AIRPORT WASH N AND S FORK CONFLUENCE AT TUCSON, AZ","State":" AZ","EPA_Region":"09","HUC":"15050301","Organization":"U.S. Geological Survey","Environmental_Media_Name":"Soil","AnalysisStartDate":"7/30/2024","PFAS_Chemical_Name":"Perfluorohexanoate","CAS_Number":"92612-52-7","Result_Measure_Value__ppt_":40,"Result_Measure_Value":40,"Result_Unit_of_Measure":"ng/kg","Analytical_Method":"PFAS, AXYS MLA-110: EPA 1633"}},{"type":"Feature","geometry":{"type":"Point","coordinates":[-110.9261,32.117430556]},"properties":{"F_Monitoring_Location_Identifier":"USGS-320703110553400","Location_Name":"AIRPORT WASH N AND S FORK CONFLUENCE AT TUCSON, AZ","State":" AZ","EPA_Region":"09","HUC":"15050301","Organization":"U.S. Geological Survey","Environmental_Media_Name":"Soil","AnalysisStartDate":"7/30/2024","PFAS_Chemical_Name":"Perfluoroundecanoate","CAS_Number":"196859-54-8","Result_Measure_Value__ppt_":220,"Result_Measure_Value":220,"Result_Unit_of_Measure":"ng/kg","Analytical_Method":"PFAS, AXYS MLA-110: EPA 1633"}},{"type":"Feature","geometry":{"type":"Point","coordinates":[-110.9261,32.117430556]},"properties":{"F_Monitoring_Location_Identifier":"USGS-320703110553400","Location_Name":"AIRPORT WASH N AND S FORK CONFLUENCE AT TUCSON, AZ","State":" AZ","EPA_Region":"09","HUC":"15050301","Organization":"U.S. Geological Survey","Environmental_Media_Name":"Soil","AnalysisStartDate":"7/30/2024","PFAS_Chemical_Name":"Perfluorononanoate","CAS_Number":"72007-68-2","Result_Measure_Value__ppt_":130,"Result_Measure_Value":130,"Result_Unit_of_Measure":"ng/kg","Analytical_Method":"PFAS, AXYS MLA-110: EPA 1633"}},{"type":"Feature","geometry":{"type":"Point","coordinates":[-110.9261,32.117430556]},"properties":{"F_Monitoring_Location_Identifier":"USGS-320703110553400","Location_Name":"AIRPORT WASH N AND S FORK CONFLUENCE AT TUCSON, AZ","State":" AZ","EPA_Region":"09","HUC":"15050301","Organization":"U.S. Geological Survey","Environmental_Media_Name":"Soil","AnalysisStartDate":"7/30/2024","PFAS_Chemical_Name":"Perfluorooctanesulfonate","CAS_Number":"45298-90-6","Result_Measure_Value__ppt_":3800,"Result_Measure_Value":3800,"Result_Unit_of_Measure":"ng/kg","Analytical_Method":"PFAS, AXYS MLA-110: EPA 1633"}},{"type":"Feature","geometry":{"type":"Point","coordinates":[-110.9261,32.117430556]},"properties":{"F_Monitoring_Location_Identifier":"USGS-320703110553400","Location_Name":"AIRPORT WASH N AND S FORK CONFLUENCE AT TUCSON, AZ","State":" AZ","EPA_Region":"09","HUC":"15050301","Organization":"U.S. Geological Survey","Environmental_Media_Name":"Soil","AnalysisStartDate":"7/30/2024","PFAS_Chemical_Name":"Perfluoroheptanoate","CAS_Number":"120885-29-2","Result_Measure_Value__ppt_":50,"Result_Measure_Value":50,"Result_Unit_of_Measure":"ng/kg","Analytical_Method":"PFAS, AXYS MLA-110: EPA 1633"}},{"type":"Feature","geometry":{"type":"Point","coordinates":[-110.909430556,32.1176888890001]},"properties":{"F_Monitoring_Location_Identifier":"USGS-320704110543400","Location_Name":"N FORK AIRPORT WASH TRIB AT TUCSON, AZ","State":" AZ","EPA_Region":"09","HUC":"15050301","Organization":"U.S. Geological Survey","Environmental_Media_Name":"Soil","AnalysisStartDate":"7/30/2024","PFAS_Chemical_Name":"Perfluorooctanesulfonate","CAS_Number":"45298-90-6","Result_Measure_Value__ppt_":450,"Result_Measure_Value":450,"Result_Unit_of_Measure":"ng/kg","Analytical_Method":"PFAS, AXYS MLA-110: EPA 1633"}},{"type":"Feature","geometry":{"type":"Point","coordinates":[-110.909430556,32.1176888890001]},"properties":{"F_Monitoring_Location_Identifier":"USGS-320704110543400","Location_Name":"N FORK AIRPORT WASH TRIB AT TUCSON, AZ","State":" AZ","EPA_Region":"09","HUC":"15050301","Organization":"U.S. Geological Survey","Environmental_Media_Name":"Soil","AnalysisStartDate":"7/30/2024","PFAS_Chemical_Name":"Perfluorotetradecanoate","CAS_Number":"365971-87-5","Result_Measure_Value__ppt_":110,"Result_Measure_Value":110,"Result_Unit_of_Measure":"ng/kg","Analytical_Method":"PFAS, AXYS MLA-110: EPA 1633"}},{"type":"Feature","geometry":{"type":"Point","coordinates":[-110.909430556,32.1176888890001]},"properties":{"F_Monitoring_Location_Identifier":"USGS-320704110543400","Location_Name":"N FORK AIRPORT WASH TRIB AT TUCSON, AZ","State":" AZ","EPA_Region":"09","HUC":"15050301","Organization":"U.S. Geological Survey","Environmental_Media_Name":"Soil","AnalysisStartDate":"7/30/2024","PFAS_Chemical_Name":"Perfluorodecanoate","CAS_Number":"73829-36-4","Result_Measure_Value__ppt_":110,"Result_Measure_Value":110,"Result_Unit_of_Measure":"ng/kg","Analytical_Method":"PFAS, AXYS MLA-110: EPA 1633"}},{"type":"Feature","geometry":{"type":"Point","coordinates":[-110.909430556,32.1176888890001]},"properties":{"F_Monitoring_Location_Identifier":"USGS-320704110543400","Location_Name":"N FORK AIRPORT WASH TRIB AT TUCSON, AZ","State":" AZ","EPA_Region":"09","HUC":"15050301","Organization":"U.S. Geological Survey","Environmental_Media_Name":"Soil","AnalysisStartDate":"7/30/2024","PFAS_Chemical_Name":"Perfluorononanoate","CAS_Number":"72007-68-2","Result_Measure_Value__ppt_":60,"Result_Measure_Value":60,"Result_Unit_of_Measure":"ng/kg","Analytical_Method":"PFAS, AXYS MLA-110: EPA 1633"}},{"type":"Feature","geometry":{"type":"Point","coordinates":[-110.909430556,32.1176888890001]},"properties":{"F_Monitoring_Location_Identifier":"USGS-320704110543400","Location_Name":"N FORK AIRPORT WASH TRIB AT TUCSON, AZ","State":" AZ","EPA_Region":"09","HUC":"15050301","Organization":"U.S. Geological Survey","Environmental_Media_Name":"Soil","AnalysisStartDate":"7/30/2024","PFAS_Chemical_Name":"Perfluorododecanoate","CAS_Number":"171978-95-3","Result_Measure_Value__ppt_":240,"Result_Measure_Value":240,"Result_Unit_of_Measure":"ng/kg","Analytical_Method":"PFAS, AXYS MLA-110: EPA 1633"}},{"type":"Feature","geometry":{"type":"Point","coordinates":[-110.909430556,32.1176888890001]},"properties":{"F_Monitoring_Location_Identifier":"USGS-320704110543400","Location_Name":"N FORK AIRPORT WASH TRIB AT TUCSON, AZ","State":" AZ","EPA_Region":"09","HUC":"15050301","Organization":"U.S. Geological Survey","Environmental_Media_Name":"Soil","AnalysisStartDate":"7/30/2024","PFAS_Chemical_Name":"Perfluoroundecanoate","CAS_Number":"196859-54-8","Result_Measure_Value__ppt_":100,"Result_Measure_Value":100,"Result_Unit_of_Measure":"ng/kg","Analytical_Method":"PFAS, AXYS MLA-110: EPA 1633"}},{"type":"Feature","geometry":{"type":"Point","coordinates":[-110.926422222,32.1177111110001]},"properties":{"F_Monitoring_Location_Identifier":"USGS-320704110553500","Location_Name":"AIRPORT WASH TRIB NR COUNTRY CLUB RD AT TUCSON, AZ","State":" AZ","EPA_Region":"09","HUC":"15050301","Organization":"U.S. Geological Survey","Environmental_Media_Name":"Soil","AnalysisStartDate":"1/23/2025","PFAS_Chemical_Name":"Perfluorononanoate","CAS_Number":"72007-68-2","Result_Measure_Value__ppt_":570,"Result_Measure_Value":570,"Result_Unit_of_Measure":"ng/kg","Analytical_Method":"PFAS \u0026 TOP, AXYS MLA-111"}},{"type":"Feature","geometry":{"type":"Point","coordinates":[-110.926422222,32.1177111110001]},"properties":{"F_Monitoring_Location_Identifier":"USGS-320704110553500","Location_Name":"AIRPORT WASH TRIB NR COUNTRY CLUB RD AT TUCSON, AZ","State":" AZ","EPA_Region":"09","HUC":"15050301","Organization":"U.S. Geological Survey","Environmental_Media_Name":"Soil","AnalysisStartDate":"1/20/2025","PFAS_Chemical_Name":"Perfluorodecanesulfonate","CAS_Number":"126105-34-8","Result_Measure_Value__ppt_":120,"Result_Measure_Value":120,"Result_Unit_of_Measure":"ng/kg","Analytical_Method":"PFAS, AXYS MLA-110: EPA 1633"}},{"type":"Feature","geometry":{"type":"Point","coordinates":[-110.926422222,32.1177111110001]},"properties":{"F_Monitoring_Location_Identifier":"USGS-320704110553500","Location_Name":"AIRPORT WASH TRIB NR COUNTRY CLUB RD AT TUCSON, AZ","State":" AZ","EPA_Region":"09","HUC":"15050301","Organization":"U.S. Geological Survey","Environmental_Media_Name":"Soil","AnalysisStartDate":"7/30/2024","PFAS_Chemical_Name":"Perfluorododecanoate","CAS_Number":"171978-95-3","Result_Measure_Value__ppt_":170,"Result_Measure_Value":170,"Result_Unit_of_Measure":"ng/kg","Analytical_Method":"PFAS, AXYS MLA-110: EPA 1633"}},{"type":"Feature","geometry":{"type":"Point","coordinates":[-110.926422222,32.1177111110001]},"properties":{"F_Monitoring_Location_Identifier":"USGS-320704110553500","Location_Name":"AIRPORT WASH TRIB NR COUNTRY CLUB RD AT TUCSON, AZ","State":" AZ","EPA_Region":"09","HUC":"15050301","Organization":"U.S. Geological Survey","Environmental_Media_Name":"Soil","AnalysisStartDate":"1/23/2025","PFAS_Chemical_Name":"Perfluorodecanoate","CAS_Number":"73829-36-4","Result_Measure_Value__ppt_":450,"Result_Measure_Value":450,"Result_Unit_of_Measure":"ng/kg","Analytical_Method":"PFAS \u0026 TOP, AXYS MLA-111"}},{"type":"Feature","geometry":{"type":"Point","coordinates":[-110.926422222,32.1177111110001]},"properties":{"F_Monitoring_Location_Identifier":"USGS-320704110553500","Location_Name":"AIRPORT WASH TRIB NR COUNTRY CLUB RD AT TUCSON, AZ","State":" AZ","EPA_Region":"09","HUC":"15050301","Organization":"U.S. Geological Survey","Environmental_Media_Name":"Soil","AnalysisStartDate":"1/20/2025","PFAS_Chemical_Name":"Perfluorododecanoate","CAS_Number":"171978-95-3","Result_Measure_Value__ppt_":110,"Result_Measure_Value":110,"Result_Unit_of_Measure":"ng/kg","Analytical_Method":"PFAS, AXYS MLA-110: EPA 1633"}},{"type":"Feature","geometry":{"type":"Point","coordinates":[-110.926422222,32.1177111110001]},"properties":{"F_Monitoring_Location_Identifier":"USGS-320704110553500","Location_Name":"AIRPORT WASH TRIB NR COUNTRY CLUB RD AT TUCSON, AZ","State":" AZ","EPA_Region":"09","HUC":"15050301","Organization":"U.S. Geological Survey","Environmental_Media_Name":"Soil","AnalysisStartDate":"1/23/2025","PFAS_Chemical_Name":"Perfluoroheptanoate","CAS_Number":"120885-29-2","Result_Measure_Value__ppt_":920,"Result_Measure_Value":920,"Result_Unit_of_Measure":"ng/kg","Analytical_Method":"PFAS \u0026 TOP, AXYS MLA-111"}},{"type":"Feature","geometry":{"type":"Point","coordinates":[-110.926422222,32.1177111110001]},"properties":{"F_Monitoring_Location_Identifier":"USGS-320704110553500","Location_Name":"AIRPORT WASH TRIB NR COUNTRY CLUB RD AT TUCSON, AZ","State":" AZ","EPA_Region":"09","HUC":"15050301","Organization":"U.S. Geological Survey","Environmental_Media_Name":"Soil","AnalysisStartDate":"1/23/2025","PFAS_Chemical_Name":"Perfluoroundecanoate","CAS_Number":"196859-54-8","Result_Measure_Value__ppt_":390,"Result_Measure_Value":390,"Result_Unit_of_Measure":"ng/kg","Analytical_Method":"PFAS \u0026 TOP, AXYS MLA-111"}},{"type":"Feature","geometry":{"type":"Point","coordinates":[-110.926422222,32.1177111110001]},"properties":{"F_Monitoring_Location_Identifier":"USGS-320704110553500","Location_Name":"AIRPORT WASH TRIB NR COUNTRY CLUB RD AT TUCSON, AZ","State":" AZ","EPA_Region":"09","HUC":"15050301","Organization":"U.S. Geological Survey","Environmental_Media_Name":"Soil","AnalysisStartDate":"7/30/2024","PFAS_Chemical_Name":"PFOA ion","CAS_Number":"45285-51-6","Result_Measure_Value__ppt_":130,"Result_Measure_Value":130,"Result_Unit_of_Measure":"ng/kg","Analytical_Method":"PFAS, AXYS MLA-110: EPA 1633"}},{"type":"Feature","geometry":{"type":"Point","coordinates":[-110.926422222,32.1177111110001]},"properties":{"F_Monitoring_Location_Identifier":"USGS-320704110553500","Location_Name":"AIRPORT WASH TRIB NR COUNTRY CLUB RD AT TUCSON, AZ","State":" AZ","EPA_Region":"09","HUC":"15050301","Organization":"U.S. Geological Survey","Environmental_Media_Name":"Soil","AnalysisStartDate":"7/30/2024","PFAS_Chemical_Name":"Perfluorononanoate","CAS_Number":"72007-68-2","Result_Measure_Value__ppt_":130,"Result_Measure_Value":130,"Result_Unit_of_Measure":"ng/kg","Analytical_Method":"PFAS, AXYS MLA-110: EPA 1633"}},{"type":"Feature","geometry":{"type":"Point","coordinates":[-110.926422222,32.1177111110001]},"properties":{"F_Monitoring_Location_Identifier":"USGS-320704110553500","Location_Name":"AIRPORT WASH TRIB NR COUNTRY CLUB RD AT TUCSON, AZ","State":" AZ","EPA_Region":"09","HUC":"15050301","Organization":"U.S. Geological Survey","Environmental_Media_Name":"Soil","AnalysisStartDate":"7/30/2024","PFAS_Chemical_Name":"Perfluorodecanoate","CAS_Number":"73829-36-4","Result_Measure_Value__ppt_":340,"Result_Measure_Value":340,"Result_Unit_of_Measure":"ng/kg","Analytical_Method":"PFAS, AXYS MLA-110: EPA 1633"}},{"type":"Feature","geometry":{"type":"Point","coordinates":[-110.926422222,32.1177111110001]},"properties":{"F_Monitoring_Location_Identifier":"USGS-320704110553500","Location_Name":"AIRPORT WASH TRIB NR COUNTRY CLUB RD AT TUCSON, AZ","State":" AZ","EPA_Region":"09","HUC":"15050301","Organization":"U.S. Geological Survey","Environmental_Media_Name":"Soil","AnalysisStartDate":"1/20/2025","PFAS_Chemical_Name":"Perfluorononanoate","CAS_Number":"72007-68-2","Result_Measure_Value__ppt_":340,"Result_Measure_Value":340,"Result_Unit_of_Measure":"ng/kg","Analytical_Method":"PFAS, AXYS MLA-110: EPA 1633"}},{"type":"Feature","geometry":{"type":"Point","coordinates":[-110.926422222,32.1177111110001]},"properties":{"F_Monitoring_Location_Identifier":"USGS-320704110553500","Location_Name":"AIRPORT WASH TRIB NR COUNTRY CLUB RD AT TUCSON, AZ","State":" AZ","EPA_Region":"09","HUC":"15050301","Organization":"U.S. Geological Survey","Environmental_Media_Name":"Soil","AnalysisStartDate":"1/20/2025","PFAS_Chemical_Name":"Perfluorodecanoate","CAS_Number":"73829-36-4","Result_Measure_Value__ppt_":420,"Result_Measure_Value":420,"Result_Unit_of_Measure":"ng/kg","Analytical_Method":"PFAS, AXYS MLA-110: EPA 1633"}},{"type":"Feature","geometry":{"type":"Point","coordinates":[-110.926422222,32.1177111110001]},"properties":{"F_Monitoring_Location_Identifier":"USGS-320704110553500","Location_Name":"AIRPORT WASH TRIB NR COUNTRY CLUB RD AT TUCSON, AZ","State":" AZ","EPA_Region":"09","HUC":"15050301","Organization":"U.S. Geological Survey","Environmental_Media_Name":"Soil","AnalysisStartDate":"1/23/2025","PFAS_Chemical_Name":"Perfluorohexanoate","CAS_Number":"92612-52-7","Result_Measure_Value__ppt_":780,"Result_Measure_Value":780,"Result_Unit_of_Measure":"ng/kg","Analytical_Method":"PFAS \u0026 TOP, AXYS MLA-111"}},{"type":"Feature","geometry":{"type":"Point","coordinates":[-110.926422222,32.1177111110001]},"properties":{"F_Monitoring_Location_Identifier":"USGS-320704110553500","Location_Name":"AIRPORT WASH TRIB NR COUNTRY CLUB RD AT TUCSON, AZ","State":" AZ","EPA_Region":"09","HUC":"15050301","Organization":"U.S. Geological Survey","Environmental_Media_Name":"Soil","AnalysisStartDate":"1/23/2025","PFAS_Chemical_Name":"Perfluorooctanoate (anionic form)","CAS_Number":"45285-51-6","Result_Measure_Value__ppt_":790,"Result_Measure_Value":790,"Result_Unit_of_Measure":"ng/kg","Analytical_Method":"PFAS \u0026 TOP, AXYS MLA-111"}},{"type":"Feature","geometry":{"type":"Point","coordinates":[-110.926422222,32.1177111110001]},"properties":{"F_Monitoring_Location_Identifier":"USGS-320704110553500","Location_Name":"AIRPORT WASH TRIB NR COUNTRY CLUB RD AT TUCSON, AZ","State":" AZ","EPA_Region":"09","HUC":"15050301","Organization":"U.S. Geological Survey","Environmental_Media_Name":"Soil","AnalysisStartDate":"1/20/2025","PFAS_Chemical_Name":"Fluorotelomer sulfonate 8:2","CAS_Number":"39108-34-4","Result_Measure_Value__ppt_":4600,"Result_Measure_Value":4600,"Result_Unit_of_Measure":"ng/kg","Analytical_Method":"PFAS, AXYS MLA-110: EPA 1633"}},{"type":"Feature","geometry":{"type":"Point","coordinates":[-110.926422222,32.1177111110001]},"properties":{"F_Monitoring_Location_Identifier":"USGS-320704110553500","Location_Name":"AIRPORT WASH TRIB NR COUNTRY CLUB RD AT TUCSON, AZ","State":" AZ","EPA_Region":"09","HUC":"15050301","Organization":"U.S. Geological Survey","Environmental_Media_Name":"Soil","AnalysisStartDate":"1/20/2025","PFAS_Chemical_Name":"Perfluorooctanesulfonate","CAS_Number":"45298-90-6","Result_Measure_Value__ppt_":26600,"Result_Measure_Value":26600,"Result_Unit_of_Measure":"ng/kg","Analytical_Method":"PFAS, AXYS MLA-110: EPA 1633"}},{"type":"Feature","geometry":{"type":"Point","coordinates":[-110.926422222,32.1177111110001]},"properties":{"F_Monitoring_Location_Identifier":"USGS-320704110553500","Location_Name":"AIRPORT WASH TRIB NR COUNTRY CLUB RD AT TUCSON, AZ","State":" AZ","EPA_Region":"09","HUC":"15050301","Organization":"U.S. Geological Survey","Environmental_Media_Name":"Soil","AnalysisStartDate":"7/30/2024","PFAS_Chemical_Name":"Perfluorooctanesulfonate","CAS_Number":"45298-90-6","Result_Measure_Value__ppt_":6300,"Result_Measure_Value":6300,"Result_Unit_of_Measure":"ng/kg","Analytical_Method":"PFAS, AXYS MLA-110: EPA 1633"}},{"type":"Feature","geometry":{"type":"Point","coordinates":[-110.926422222,32.1177111110001]},"properties":{"F_Monitoring_Location_Identifier":"USGS-320704110553500","Location_Name":"AIRPORT WASH TRIB NR COUNTRY CLUB RD AT TUCSON, AZ","State":" AZ","EPA_Region":"09","HUC":"15050301","Organization":"U.S. Geological Survey","Environmental_Media_Name":"Soil","AnalysisStartDate":"7/30/2024","PFAS_Chemical_Name":"Perfluorohexanesulfonate","CAS_Number":"108427-53-8","Result_Measure_Value__ppt_":230,"Result_Measure_Value":230,"Result_Unit_of_Measure":"ng/kg","Analytical_Method":"PFAS, AXYS MLA-110: EPA 1633"}},{"type":"Feature","geometry":{"type":"Point","coordinates":[-110.926422222,32.1177111110001]},"properties":{"F_Monitoring_Location_Identifier":"USGS-320704110553500","Location_Name":"AIRPORT WASH TRIB NR COUNTRY CLUB RD AT TUCSON, AZ","State":" AZ","EPA_Region":"09","HUC":"15050301","Organization":"U.S. Geological Survey","Environmental_Media_Name":"Soil","AnalysisStartDate":"1/23/2025","PFAS_Chemical_Name":"Perfluorooctanesulfonate (PFOS)","CAS_Number":"45298-90-6","Result_Measure_Value__ppt_":27500,"Result_Measure_Value":27500,"Result_Unit_of_Measure":"ng/kg","Analytical_Method":"PFAS \u0026 TOP, AXYS MLA-111"}},{"type":"Feature","geometry":{"type":"Point","coordinates":[-110.926422222,32.1177111110001]},"properties":{"F_Monitoring_Location_Identifier":"USGS-320704110553500","Location_Name":"AIRPORT WASH TRIB NR COUNTRY CLUB RD AT TUCSON, AZ","State":" AZ","EPA_Region":"09","HUC":"15050301","Organization":"U.S. Geological Survey","Environmental_Media_Name":"Soil","AnalysisStartDate":"7/30/2024","PFAS_Chemical_Name":"Perfluoroundecanoate","CAS_Number":"196859-54-8","Result_Measure_Value__ppt_":200,"Result_Measure_Value":200,"Result_Unit_of_Measure":"ng/kg","Analytical_Method":"PFAS, AXYS MLA-110: EPA 1633"}},{"type":"Feature","geometry":{"type":"Point","coordinates":[-110.926422222,32.1177111110001]},"properties":{"F_Monitoring_Location_Identifier":"USGS-320704110553500","Location_Name":"AIRPORT WASH TRIB NR COUNTRY CLUB RD AT TUCSON, AZ","State":" AZ","EPA_Region":"09","HUC":"15050301","Organization":"U.S. Geological Survey","Environmental_Media_Name":"Soil","AnalysisStartDate":"1/20/2025","PFAS_Chemical_Name":"Perfluoroundecanoate","CAS_Number":"196859-54-8","Result_Measure_Value__ppt_":470,"Result_Measure_Value":470,"Result_Unit_of_Measure":"ng/kg","Analytical_Method":"PFAS, AXYS MLA-110: EPA 1633"}},{"type":"Feature","geometry":{"type":"Point","coordinates":[-110.92675,32.117630556]},"properties":{"F_Monitoring_Location_Identifier":"USGS-320704110553600","Location_Name":"AIRPORT WASH BLW COUNTRY CLUB RD AT TUCSON, AZ","State":" AZ","EPA_Region":"09","HUC":"15050301","Organization":"U.S. Geological Survey","Environmental_Media_Name":"Soil","AnalysisStartDate":"1/20/2025","PFAS_Chemical_Name":"Perfluorohexanesulfonate","CAS_Number":"108427-53-8","Result_Measure_Value__ppt_":130,"Result_Measure_Value":130,"Result_Unit_of_Measure":"ng/kg","Analytical_Method":"PFAS, AXYS MLA-110: EPA 1633"}},{"type":"Feature","geometry":{"type":"Point","coordinates":[-110.92675,32.117630556]},"properties":{"F_Monitoring_Location_Identifier":"USGS-320704110553600","Location_Name":"AIRPORT WASH BLW COUNTRY CLUB RD AT TUCSON, AZ","State":" AZ","EPA_Region":"09","HUC":"15050301","Organization":"U.S. Geological Survey","Environmental_Media_Name":"Soil","AnalysisStartDate":"1/23/2025","PFAS_Chemical_Name":"Perfluorooctanoate (anionic form)","CAS_Number":"45285-51-6","Result_Measure_Value__ppt_":810,"Result_Measure_Value":810,"Result_Unit_of_Measure":"ng/kg","Analytical_Method":"PFAS \u0026 TOP, AXYS MLA-111"}},{"type":"Feature","geometry":{"type":"Point","coordinates":[-110.92675,32.117630556]},"properties":{"F_Monitoring_Location_Identifier":"USGS-320704110553600","Location_Name":"AIRPORT WASH BLW COUNTRY CLUB RD AT TUCSON, AZ","State":" AZ","EPA_Region":"09","HUC":"15050301","Organization":"U.S. Geological Survey","Environmental_Media_Name":"Soil","AnalysisStartDate":"1/20/2025","PFAS_Chemical_Name":"Perfluorotridecanoate","CAS_Number":"862374-87-6","Result_Measure_Value__ppt_":110,"Result_Measure_Value":110,"Result_Unit_of_Measure":"ng/kg","Analytical_Method":"PFAS, AXYS MLA-110: EPA 1633"}},{"type":"Feature","geometry":{"type":"Point","coordinates":[-110.92675,32.117630556]},"properties":{"F_Monitoring_Location_Identifier":"USGS-320704110553600","Location_Name":"AIRPORT WASH BLW COUNTRY CLUB RD AT TUCSON, AZ","State":" AZ","EPA_Region":"09","HUC":"15050301","Organization":"U.S. Geological Survey","Environmental_Media_Name":"Soil","AnalysisStartDate":"1/20/2025","PFAS_Chemical_Name":"PFOA ion","CAS_Number":"45285-51-6","Result_Measure_Value__ppt_":80,"Result_Measure_Value":80,"Result_Unit_of_Measure":"ng/kg","Analytical_Method":"PFAS, AXYS MLA-110: EPA 1633"}},{"type":"Feature","geometry":{"type":"Point","coordinates":[-110.92675,32.117630556]},"properties":{"F_Monitoring_Location_Identifier":"USGS-320704110553600","Location_Name":"AIRPORT WASH BLW COUNTRY CLUB RD AT TUCSON, AZ","State":" AZ","EPA_Region":"09","HUC":"15050301","Organization":"U.S. Geological Survey","Environmental_Media_Name":"Soil","AnalysisStartDate":"1/20/2025","PFAS_Chemical_Name":"Perfluorodecanoate","CAS_Number":"73829-36-4","Result_Measure_Value__ppt_":210,"Result_Measure_Value":210,"Result_Unit_of_Measure":"ng/kg","Analytical_Method":"PFAS, AXYS MLA-110: EPA 1633"}},{"type":"Feature","geometry":{"type":"Point","coordinates":[-110.92675,32.117630556]},"properties":{"F_Monitoring_Location_Identifier":"USGS-320704110553600","Location_Name":"AIRPORT WASH BLW COUNTRY CLUB RD AT TUCSON, AZ","State":" AZ","EPA_Region":"09","HUC":"15050301","Organization":"U.S. Geological Survey","Environmental_Media_Name":"Soil","AnalysisStartDate":"1/20/2025","PFAS_Chemical_Name":"Perfluorononanoate","CAS_Number":"72007-68-2","Result_Measure_Value__ppt_":90,"Result_Measure_Value":90,"Result_Unit_of_Measure":"ng/kg","Analytical_Method":"PFAS, AXYS MLA-110: EPA 1633"}},{"type":"Feature","geometry":{"type":"Point","coordinates":[-110.92675,32.117630556]},"properties":{"F_Monitoring_Location_Identifier":"USGS-320704110553600","Location_Name":"AIRPORT WASH BLW COUNTRY CLUB RD AT TUCSON, AZ","State":" AZ","EPA_Region":"09","HUC":"15050301","Organization":"U.S. Geological Survey","Environmental_Media_Name":"Soil","AnalysisStartDate":"1/23/2025","PFAS_Chemical_Name":"Perfluorohexanoate","CAS_Number":"92612-52-7","Result_Measure_Value__ppt_":1400,"Result_Measure_Value":1400,"Result_Unit_of_Measure":"ng/kg","Analytical_Method":"PFAS \u0026 TOP, AXYS MLA-111"}},{"type":"Feature","geometry":{"type":"Point","coordinates":[-110.92675,32.117630556]},"properties":{"F_Monitoring_Location_Identifier":"USGS-320704110553600","Location_Name":"AIRPORT WASH BLW COUNTRY CLUB RD AT TUCSON, AZ","State":" AZ","EPA_Region":"09","HUC":"15050301","Organization":"U.S. Geological Survey","Environmental_Media_Name":"Soil","AnalysisStartDate":"1/23/2025","PFAS_Chemical_Name":"Perfluorooctanesulfonate (PFOS)","CAS_Number":"45298-90-6","Result_Measure_Value__ppt_":9400,"Result_Measure_Value":9400,"Result_Unit_of_Measure":"ng/kg","Analytical_Method":"PFAS \u0026 TOP, AXYS MLA-111"}},{"type":"Feature","geometry":{"type":"Point","coordinates":[-110.92675,32.117630556]},"properties":{"F_Monitoring_Location_Identifier":"USGS-320704110553600","Location_Name":"AIRPORT WASH BLW COUNTRY CLUB RD AT TUCSON, AZ","State":" AZ","EPA_Region":"09","HUC":"15050301","Organization":"U.S. Geological Survey","Environmental_Media_Name":"Soil","AnalysisStartDate":"1/20/2025","PFAS_Chemical_Name":"Perfluorooctanesulfonate","CAS_Number":"45298-90-6","Result_Measure_Value__ppt_":10200,"Result_Measure_Value":10200,"Result_Unit_of_Measure":"ng/kg","Analytical_Method":"PFAS, AXYS MLA-110: EPA 1633"}},{"type":"Feature","geometry":{"type":"Point","coordinates":[-110.92675,32.117630556]},"properties":{"F_Monitoring_Location_Identifier":"USGS-320704110553600","Location_Name":"AIRPORT WASH BLW COUNTRY CLUB RD AT TUCSON, AZ","State":" AZ","EPA_Region":"09","HUC":"15050301","Organization":"U.S. Geological Survey","Environmental_Media_Name":"Soil","AnalysisStartDate":"1/20/2025","PFAS_Chemical_Name":"Fluorotelomer sulfonate 8:2","CAS_Number":"39108-34-4","Result_Measure_Value__ppt_":600,"Result_Measure_Value":600,"Result_Unit_of_Measure":"ng/kg","Analytical_Method":"PFAS, AXYS MLA-110: EPA 1633"}},{"type":"Feature","geometry":{"type":"Point","coordinates":[-110.92675,32.117630556]},"properties":{"F_Monitoring_Location_Identifier":"USGS-320704110553600","Location_Name":"AIRPORT WASH BLW COUNTRY CLUB RD AT TUCSON, AZ","State":" AZ","EPA_Region":"09","HUC":"15050301","Organization":"U.S. Geological Survey","Environmental_Media_Name":"Soil","AnalysisStartDate":"1/23/2025","PFAS_Chemical_Name":"Perfluoroheptanoate","CAS_Number":"120885-29-2","Result_Measure_Value__ppt_":460,"Result_Measure_Value":460,"Result_Unit_of_Measure":"ng/kg","Analytical_Method":"PFAS \u0026 TOP, AXYS MLA-111"}},{"type":"Feature","geometry":{"type":"Point","coordinates":[-110.92675,32.117630556]},"properties":{"F_Monitoring_Location_Identifier":"USGS-320704110553600","Location_Name":"AIRPORT WASH BLW COUNTRY CLUB RD AT TUCSON, AZ","State":" AZ","EPA_Region":"09","HUC":"15050301","Organization":"U.S. Geological Survey","Environmental_Media_Name":"Soil","AnalysisStartDate":"1/20/2025","PFAS_Chemical_Name":"Perfluorododecanoate","CAS_Number":"171978-95-3","Result_Measure_Value__ppt_":160,"Result_Measure_Value":160,"Result_Unit_of_Measure":"ng/kg","Analytical_Method":"PFAS, AXYS MLA-110: EPA 1633"}},{"type":"Feature","geometry":{"type":"Point","coordinates":[-110.92675,32.117630556]},"properties":{"F_Monitoring_Location_Identifier":"USGS-320704110553600","Location_Name":"AIRPORT WASH BLW COUNTRY CLUB RD AT TUCSON, AZ","State":" AZ","EPA_Region":"09","HUC":"15050301","Organization":"U.S. Geological Survey","Environmental_Media_Name":"Soil","AnalysisStartDate":"1/20/2025","PFAS_Chemical_Name":"Perfluorododecanesulfonate","CAS_Number":"343629-43-6","Result_Measure_Value__ppt_":100,"Result_Measure_Value":100,"Result_Unit_of_Measure":"ng/kg","Analytical_Method":"PFAS, AXYS MLA-110: EPA 1633"}},{"type":"Feature","geometry":{"type":"Point","coordinates":[-110.92675,32.117630556]},"properties":{"F_Monitoring_Location_Identifier":"USGS-320704110553600","Location_Name":"AIRPORT WASH BLW COUNTRY CLUB RD AT TUCSON, AZ","State":" AZ","EPA_Region":"09","HUC":"15050301","Organization":"U.S. Geological Survey","Environmental_Media_Name":"Soil","AnalysisStartDate":"1/20/2025","PFAS_Chemical_Name":"Perfluoroundecanoate","CAS_Number":"196859-54-8","Result_Measure_Value__ppt_":510,"Result_Measure_Value":510,"Result_Unit_of_Measure":"ng/kg","Analytical_Method":"PFAS, AXYS MLA-110: EPA 1633"}},{"type":"Feature","geometry":{"type":"Point","coordinates":[-110.92675,32.117630556]},"properties":{"F_Monitoring_Location_Identifier":"USGS-320704110553600","Location_Name":"AIRPORT WASH BLW COUNTRY CLUB RD AT TUCSON, AZ","State":" AZ","EPA_Region":"09","HUC":"15050301","Organization":"U.S. Geological Survey","Environmental_Media_Name":"Soil","AnalysisStartDate":"1/20/2025","PFAS_Chemical_Name":"Perfluorodecanesulfonate","CAS_Number":"126105-34-8","Result_Measure_Value__ppt_":220,"Result_Measure_Value":220,"Result_Unit_of_Measure":"ng/kg","Analytical_Method":"PFAS, AXYS MLA-110: EPA 1633"}},{"type":"Feature","geometry":{"type":"Point","coordinates":[-110.928888889,32.1187]},"properties":{"F_Monitoring_Location_Identifier":"USGS-320707110554400","Location_Name":"AIRPORT WASH W TRIB AT LOS REALES RD AT TUCSON, AZ","State":" AZ","EPA_Region":"09","HUC":"15050301","Organization":"U.S. Geological Survey","Environmental_Media_Name":"Soil","AnalysisStartDate":"1/20/2025","PFAS_Chemical_Name":"Perfluorononanoate","CAS_Number":"72007-68-2","Result_Measure_Value__ppt_":150,"Result_Measure_Value":150,"Result_Unit_of_Measure":"ng/kg","Analytical_Method":"PFAS, AXYS MLA-110: EPA 1633"}},{"type":"Feature","geometry":{"type":"Point","coordinates":[-110.928888889,32.1187]},"properties":{"F_Monitoring_Location_Identifier":"USGS-320707110554400","Location_Name":"AIRPORT WASH W TRIB AT LOS REALES RD AT TUCSON, AZ","State":" AZ","EPA_Region":"09","HUC":"15050301","Organization":"U.S. Geological Survey","Environmental_Media_Name":"Soil","AnalysisStartDate":"7/30/2024","PFAS_Chemical_Name":"Perfluoroundecanoate","CAS_Number":"196859-54-8","Result_Measure_Value__ppt_":130,"Result_Measure_Value":130,"Result_Unit_of_Measure":"ng/kg","Analytical_Method":"PFAS, AXYS MLA-110: EPA 1633"}},{"type":"Feature","geometry":{"type":"Point","coordinates":[-110.928888889,32.1187]},"properties":{"F_Monitoring_Location_Identifier":"USGS-320707110554400","Location_Name":"AIRPORT WASH W TRIB AT LOS REALES RD AT TUCSON, AZ","State":" AZ","EPA_Region":"09","HUC":"15050301","Organization":"U.S. Geological Survey","Environmental_Media_Name":"Soil","AnalysisStartDate":"1/23/2025","PFAS_Chemical_Name":"Perfluorohexanoate","CAS_Number":"92612-52-7","Result_Measure_Value__ppt_":1400,"Result_Measure_Value":1400,"Result_Unit_of_Measure":"ng/kg","Analytical_Method":"PFAS \u0026 TOP, AXYS MLA-111"}},{"type":"Feature","geometry":{"type":"Point","coordinates":[-110.928888889,32.1187]},"properties":{"F_Monitoring_Location_Identifier":"USGS-320707110554400","Location_Name":"AIRPORT WASH W TRIB AT LOS REALES RD AT TUCSON, AZ","State":" AZ","EPA_Region":"09","HUC":"15050301","Organization":"U.S. Geological Survey","Environmental_Media_Name":"Soil","AnalysisStartDate":"7/30/2024","PFAS_Chemical_Name":"Perfluorododecanoate","CAS_Number":"171978-95-3","Result_Measure_Value__ppt_":110,"Result_Measure_Value":110,"Result_Unit_of_Measure":"ng/kg","Analytical_Method":"PFAS, AXYS MLA-110: EPA 1633"}},{"type":"Feature","geometry":{"type":"Point","coordinates":[-110.928888889,32.1187]},"properties":{"F_Monitoring_Location_Identifier":"USGS-320707110554400","Location_Name":"AIRPORT WASH W TRIB AT LOS REALES RD AT TUCSON, AZ","State":" AZ","EPA_Region":"09","HUC":"15050301","Organization":"U.S. Geological Survey","Environmental_Media_Name":"Soil","AnalysisStartDate":"1/23/2025","PFAS_Chemical_Name":"Perfluorooctanesulfonate (PFOS)","CAS_Number":"45298-90-6","Result_Measure_Value__ppt_":12200,"Result_Measure_Value":12200,"Result_Unit_of_Measure":"ng/kg","Analytical_Method":"PFAS \u0026 TOP, AXYS MLA-111"}},{"type":"Feature","geometry":{"type":"Point","coordinates":[-110.928888889,32.1187]},"properties":{"F_Monitoring_Location_Identifier":"USGS-320707110554400","Location_Name":"AIRPORT WASH W TRIB AT LOS REALES RD AT TUCSON, AZ","State":" AZ","EPA_Region":"09","HUC":"15050301","Organization":"U.S. Geological Survey","Environmental_Media_Name":"Soil","AnalysisStartDate":"1/20/2025","PFAS_Chemical_Name":"Perfluorohexanesulfonate","CAS_Number":"108427-53-8","Result_Measure_Value__ppt_":120,"Result_Measure_Value":120,"Result_Unit_of_Measure":"ng/kg","Analytical_Method":"PFAS, AXYS MLA-110: EPA 1633"}},{"type":"Feature","geometry":{"type":"Point","coordinates":[-110.928888889,32.1187]},"properties":{"F_Monitoring_Location_Identifier":"USGS-320707110554400","Location_Name":"AIRPORT WASH W TRIB AT LOS REALES RD AT TUCSON, AZ","State":" AZ","EPA_Region":"09","HUC":"15050301","Organization":"U.S. Geological Survey","Environmental_Media_Name":"Soil","AnalysisStartDate":"1/23/2025","PFAS_Chemical_Name":"Perfluorononanoate","CAS_Number":"72007-68-2","Result_Measure_Value__ppt_":330,"Result_Measure_Value":330,"Result_Unit_of_Measure":"ng/kg","Analytical_Method":"PFAS \u0026 TOP, AXYS MLA-111"}},{"type":"Feature","geometry":{"type":"Point","coordinates":[-110.928888889,32.1187]},"properties":{"F_Monitoring_Location_Identifier":"USGS-320707110554400","Location_Name":"AIRPORT WASH W TRIB AT LOS REALES RD AT TUCSON, AZ","State":" AZ","EPA_Region":"09","HUC":"15050301","Organization":"U.S. Geological Survey","Environmental_Media_Name":"Soil","AnalysisStartDate":"1/20/2025","PFAS_Chemical_Name":"Perfluorooctanesulfonate","CAS_Number":"45298-90-6","Result_Measure_Value__ppt_":7100,"Result_Measure_Value":7100,"Result_Unit_of_Measure":"ng/kg","Analytical_Method":"PFAS, AXYS MLA-110: EPA 1633"}},{"type":"Feature","geometry":{"type":"Point","coordinates":[-110.928888889,32.1187]},"properties":{"F_Monitoring_Location_Identifier":"USGS-320707110554400","Location_Name":"AIRPORT WASH W TRIB AT LOS REALES RD AT TUCSON, AZ","State":" AZ","EPA_Region":"09","HUC":"15050301","Organization":"U.S. Geological Survey","Environmental_Media_Name":"Soil","AnalysisStartDate":"7/30/2024","PFAS_Chemical_Name":"PFOA ion","CAS_Number":"45285-51-6","Result_Measure_Value__ppt_":90,"Result_Measure_Value":90,"Result_Unit_of_Measure":"ng/kg","Analytical_Method":"PFAS, AXYS MLA-110: EPA 1633"}},{"type":"Feature","geometry":{"type":"Point","coordinates":[-110.928888889,32.1187]},"properties":{"F_Monitoring_Location_Identifier":"USGS-320707110554400","Location_Name":"AIRPORT WASH W TRIB AT LOS REALES RD AT TUCSON, AZ","State":" AZ","EPA_Region":"09","HUC":"15050301","Organization":"U.S. Geological Survey","Environmental_Media_Name":"Soil","AnalysisStartDate":"7/30/2024","PFAS_Chemical_Name":"Perfluorooctanesulfonate","CAS_Number":"45298-90-6","Result_Measure_Value__ppt_":1800,"Result_Measure_Value":1800,"Result_Unit_of_Measure":"ng/kg","Analytical_Method":"PFAS, AXYS MLA-110: EPA 1633"}},{"type":"Feature","geometry":{"type":"Point","coordinates":[-110.928888889,32.1187]},"properties":{"F_Monitoring_Location_Identifier":"USGS-320707110554400","Location_Name":"AIRPORT WASH W TRIB AT LOS REALES RD AT TUCSON, AZ","State":" AZ","EPA_Region":"09","HUC":"15050301","Organization":"U.S. Geological Survey","Environmental_Media_Name":"Soil","AnalysisStartDate":"1/20/2025","PFAS_Chemical_Name":"Perfluoroundecanoate","CAS_Number":"196859-54-8","Result_Measure_Value__ppt_":140,"Result_Measure_Value":140,"Result_Unit_of_Measure":"ng/kg","Analytical_Method":"PFAS, AXYS MLA-110: EPA 1633"}},{"type":"Feature","geometry":{"type":"Point","coordinates":[-110.928888889,32.1187]},"properties":{"F_Monitoring_Location_Identifier":"USGS-320707110554400","Location_Name":"AIRPORT WASH W TRIB AT LOS REALES RD AT TUCSON, AZ","State":" AZ","EPA_Region":"09","HUC":"15050301","Organization":"U.S. Geological Survey","Environmental_Media_Name":"Soil","AnalysisStartDate":"1/20/2025","PFAS_Chemical_Name":"Perfluorodecanoate","CAS_Number":"73829-36-4","Result_Measure_Value__ppt_":90,"Result_Measure_Value":90,"Result_Unit_of_Measure":"ng/kg","Analytical_Method":"PFAS, AXYS MLA-110: EPA 1633"}},{"type":"Feature","geometry":{"type":"Point","coordinates":[-110.931411111,32.1201611110001]},"properties":{"F_Monitoring_Location_Identifier":"USGS-320713110555300","Location_Name":"AIRPORT WASH TRIB NR E AIRPORT DR AT TUCSON, AZ","State":" AZ","EPA_Region":"09","HUC":"15050301","Organization":"U.S. Geological Survey","Environmental_Media_Name":"Soil","AnalysisStartDate":"7/30/2024","PFAS_Chemical_Name":"Perfluorodecanesulfonate","CAS_Number":"126105-34-8","Result_Measure_Value__ppt_":120,"Result_Measure_Value":120,"Result_Unit_of_Measure":"ng/kg","Analytical_Method":"PFAS, AXYS MLA-110: EPA 1633"}},{"type":"Feature","geometry":{"type":"Point","coordinates":[-110.931411111,32.1201611110001]},"properties":{"F_Monitoring_Location_Identifier":"USGS-320713110555300","Location_Name":"AIRPORT WASH TRIB NR E AIRPORT DR AT TUCSON, AZ","State":" AZ","EPA_Region":"09","HUC":"15050301","Organization":"U.S. Geological Survey","Environmental_Media_Name":"Soil","AnalysisStartDate":"7/30/2024","PFAS_Chemical_Name":"Perfluorodecanoate","CAS_Number":"73829-36-4","Result_Measure_Value__ppt_":320,"Result_Measure_Value":320,"Result_Unit_of_Measure":"ng/kg","Analytical_Method":"PFAS, AXYS MLA-110: EPA 1633"}},{"type":"Feature","geometry":{"type":"Point","coordinates":[-110.931411111,32.1201611110001]},"properties":{"F_Monitoring_Location_Identifier":"USGS-320713110555300","Location_Name":"AIRPORT WASH TRIB NR E AIRPORT DR AT TUCSON, AZ","State":" AZ","EPA_Region":"09","HUC":"15050301","Organization":"U.S. Geological Survey","Environmental_Media_Name":"Soil","AnalysisStartDate":"7/30/2024","PFAS_Chemical_Name":"Perfluorotetradecanoate","CAS_Number":"365971-87-5","Result_Measure_Value__ppt_":120,"Result_Measure_Value":120,"Result_Unit_of_Measure":"ng/kg","Analytical_Method":"PFAS, AXYS MLA-110: EPA 1633"}},{"type":"Feature","geometry":{"type":"Point","coordinates":[-110.931411111,32.1201611110001]},"properties":{"F_Monitoring_Location_Identifier":"USGS-320713110555300","Location_Name":"AIRPORT WASH TRIB NR E AIRPORT DR AT TUCSON, AZ","State":" AZ","EPA_Region":"09","HUC":"15050301","Organization":"U.S. Geological Survey","Environmental_Media_Name":"Soil","AnalysisStartDate":"7/30/2024","PFAS_Chemical_Name":"Perfluoroundecanoate","CAS_Number":"196859-54-8","Result_Measure_Value__ppt_":510,"Result_Measure_Value":510,"Result_Unit_of_Measure":"ng/kg","Analytical_Method":"PFAS, AXYS MLA-110: EPA 1633"}},{"type":"Feature","geometry":{"type":"Point","coordinates":[-110.931411111,32.1201611110001]},"properties":{"F_Monitoring_Location_Identifier":"USGS-320713110555300","Location_Name":"AIRPORT WASH TRIB NR E AIRPORT DR AT TUCSON, AZ","State":" AZ","EPA_Region":"09","HUC":"15050301","Organization":"U.S. Geological Survey","Environmental_Media_Name":"Soil","AnalysisStartDate":"7/30/2024","PFAS_Chemical_Name":"Perfluorododecanoate","CAS_Number":"171978-95-3","Result_Measure_Value__ppt_":520,"Result_Measure_Value":520,"Result_Unit_of_Measure":"ng/kg","Analytical_Method":"PFAS, AXYS MLA-110: EPA 1633"}},{"type":"Feature","geometry":{"type":"Point","coordinates":[-110.931411111,32.1201611110001]},"properties":{"F_Monitoring_Location_Identifier":"USGS-320713110555300","Location_Name":"AIRPORT WASH TRIB NR E AIRPORT DR AT TUCSON, AZ","State":" AZ","EPA_Region":"09","HUC":"15050301","Organization":"U.S. Geological Survey","Environmental_Media_Name":"Soil","AnalysisStartDate":"7/30/2024","PFAS_Chemical_Name":"Perfluorotridecanoate","CAS_Number":"862374-87-6","Result_Measure_Value__ppt_":150,"Result_Measure_Value":150,"Result_Unit_of_Measure":"ng/kg","Analytical_Method":"PFAS, AXYS MLA-110: EPA 1633"}},{"type":"Feature","geometry":{"type":"Point","coordinates":[-110.931411111,32.1201611110001]},"properties":{"F_Monitoring_Location_Identifier":"USGS-320713110555300","Location_Name":"AIRPORT WASH TRIB NR E AIRPORT DR AT TUCSON, AZ","State":" AZ","EPA_Region":"09","HUC":"15050301","Organization":"U.S. Geological Survey","Environmental_Media_Name":"Soil","AnalysisStartDate":"7/30/2024","PFAS_Chemical_Name":"Perfluorooctanesulfonate","CAS_Number":"45298-90-6","Result_Measure_Value__ppt_":2000,"Result_Measure_Value":2000,"Result_Unit_of_Measure":"ng/kg","Analytical_Method":"PFAS, AXYS MLA-110: EPA 1633"}},{"type":"Feature","geometry":{"type":"Point","coordinates":[-110.960205556,32.121266667]},"properties":{"F_Monitoring_Location_Identifier":"USGS-320717110573700","Location_Name":"UNNAMED WATERWAY NEAR S PARK AVE AT TUCSON, AZ","State":" AZ","EPA_Region":"09","HUC":"15050301","Organization":"U.S. Geological Survey","Environmental_Media_Name":"Soil","AnalysisStartDate":"8/2/2024","PFAS_Chemical_Name":"Perfluorotridecanoate","CAS_Number":"862374-87-6","Result_Measure_Value__ppt_":390,"Result_Measure_Value":390,"Result_Unit_of_Measure":"ng/kg","Analytical_Method":"PFAS, AXYS MLA-110: EPA 1633"}},{"type":"Feature","geometry":{"type":"Point","coordinates":[-110.960205556,32.121266667]},"properties":{"F_Monitoring_Location_Identifier":"USGS-320717110573700","Location_Name":"UNNAMED WATERWAY NEAR S PARK AVE AT TUCSON, AZ","State":" AZ","EPA_Region":"09","HUC":"15050301","Organization":"U.S. Geological Survey","Environmental_Media_Name":"Soil","AnalysisStartDate":"8/2/2024","PFAS_Chemical_Name":"Perfluorotetradecanoate","CAS_Number":"365971-87-5","Result_Measure_Value__ppt_":520,"Result_Measure_Value":520,"Result_Unit_of_Measure":"ng/kg","Analytical_Method":"PFAS, AXYS MLA-110: EPA 1633"}},{"type":"Feature","geometry":{"type":"Point","coordinates":[-110.960205556,32.121266667]},"properties":{"F_Monitoring_Location_Identifier":"USGS-320717110573700","Location_Name":"UNNAMED WATERWAY NEAR S PARK AVE AT TUCSON, AZ","State":" AZ","EPA_Region":"09","HUC":"15050301","Organization":"U.S. Geological Survey","Environmental_Media_Name":"Soil","AnalysisStartDate":"8/2/2024","PFAS_Chemical_Name":"Perfluorohexanoate","CAS_Number":"92612-52-7","Result_Measure_Value__ppt_":90,"Result_Measure_Value":90,"Result_Unit_of_Measure":"ng/kg","Analytical_Method":"PFAS, AXYS MLA-110: EPA 1633"}},{"type":"Feature","geometry":{"type":"Point","coordinates":[-110.960205556,32.121266667]},"properties":{"F_Monitoring_Location_Identifier":"USGS-320717110573700","Location_Name":"UNNAMED WATERWAY NEAR S PARK AVE AT TUCSON, AZ","State":" AZ","EPA_Region":"09","HUC":"15050301","Organization":"U.S. Geological Survey","Environmental_Media_Name":"Soil","AnalysisStartDate":"8/2/2024","PFAS_Chemical_Name":"Perfluorodecanoate","CAS_Number":"73829-36-4","Result_Measure_Value__ppt_":120,"Result_Measure_Value":120,"Result_Unit_of_Measure":"ng/kg","Analytical_Method":"PFAS, AXYS MLA-110: EPA 1633"}},{"type":"Feature","geometry":{"type":"Point","coordinates":[-110.960205556,32.121266667]},"properties":{"F_Monitoring_Location_Identifier":"USGS-320717110573700","Location_Name":"UNNAMED WATERWAY NEAR S PARK AVE AT TUCSON, AZ","State":" AZ","EPA_Region":"09","HUC":"15050301","Organization":"U.S. Geological Survey","Environmental_Media_Name":"Soil","AnalysisStartDate":"8/2/2024","PFAS_Chemical_Name":"PFOA ion","CAS_Number":"45285-51-6","Result_Measure_Value__ppt_":120,"Result_Measure_Value":120,"Result_Unit_of_Measure":"ng/kg","Analytical_Method":"PFAS, AXYS MLA-110: EPA 1633"}},{"type":"Feature","geometry":{"type":"Point","coordinates":[-110.960205556,32.121266667]},"properties":{"F_Monitoring_Location_Identifier":"USGS-320717110573700","Location_Name":"UNNAMED WATERWAY NEAR S PARK AVE AT TUCSON, AZ","State":" AZ","EPA_Region":"09","HUC":"15050301","Organization":"U.S. Geological Survey","Environmental_Media_Name":"Soil","AnalysisStartDate":"8/2/2024","PFAS_Chemical_Name":"Perfluorohexanesulfonate","CAS_Number":"108427-53-8","Result_Measure_Value__ppt_":400,"Result_Measure_Value":400,"Result_Unit_of_Measure":"ng/kg","Analytical_Method":"PFAS, AXYS MLA-110: EPA 1633"}},{"type":"Feature","geometry":{"type":"Point","coordinates":[-110.960205556,32.121266667]},"properties":{"F_Monitoring_Location_Identifier":"USGS-320717110573700","Location_Name":"UNNAMED WATERWAY NEAR S PARK AVE AT TUCSON, AZ","State":" AZ","EPA_Region":"09","HUC":"15050301","Organization":"U.S. Geological Survey","Environmental_Media_Name":"Soil","AnalysisStartDate":"8/2/2024","PFAS_Chemical_Name":"Perfluorooctanesulfonate","CAS_Number":"45298-90-6","Result_Measure_Value__ppt_":8500,"Result_Measure_Value":8500,"Result_Unit_of_Measure":"ng/kg","Analytical_Method":"PFAS, AXYS MLA-110: EPA 1633"}},{"type":"Feature","geometry":{"type":"Point","coordinates":[-110.960205556,32.121266667]},"properties":{"F_Monitoring_Location_Identifier":"USGS-320717110573700","Location_Name":"UNNAMED WATERWAY NEAR S PARK AVE AT TUCSON, AZ","State":" AZ","EPA_Region":"09","HUC":"15050301","Organization":"U.S. Geological Survey","Environmental_Media_Name":"Soil","AnalysisStartDate":"8/2/2024","PFAS_Chemical_Name":"Perfluorododecanoate","CAS_Number":"171978-95-3","Result_Measure_Value__ppt_":700,"Result_Measure_Value":700,"Result_Unit_of_Measure":"ng/kg","Analytical_Method":"PFAS, AXYS MLA-110: EPA 1633"}},{"type":"Feature","geometry":{"type":"Point","coordinates":[-110.960205556,32.121266667]},"properties":{"F_Monitoring_Location_Identifier":"USGS-320717110573700","Location_Name":"UNNAMED WATERWAY NEAR S PARK AVE AT TUCSON, AZ","State":" AZ","EPA_Region":"09","HUC":"15050301","Organization":"U.S. Geological Survey","Environmental_Media_Name":"Soil","AnalysisStartDate":"8/2/2024","PFAS_Chemical_Name":"Perfluorodecanesulfonate","CAS_Number":"126105-34-8","Result_Measure_Value__ppt_":320,"Result_Measure_Value":320,"Result_Unit_of_Measure":"ng/kg","Analytical_Method":"PFAS, AXYS MLA-110: EPA 1633"}},{"type":"Feature","geometry":{"type":"Point","coordinates":[-110.960205556,32.121266667]},"properties":{"F_Monitoring_Location_Identifier":"USGS-320717110573700","Location_Name":"UNNAMED WATERWAY NEAR S PARK AVE AT TUCSON, AZ","State":" AZ","EPA_Region":"09","HUC":"15050301","Organization":"U.S. Geological Survey","Environmental_Media_Name":"Soil","AnalysisStartDate":"8/2/2024","PFAS_Chemical_Name":"Fluorotelomer sulfonate 8:2","CAS_Number":"39108-34-4","Result_Measure_Value__ppt_":200,"Result_Measure_Value":200,"Result_Unit_of_Measure":"ng/kg","Analytical_Method":"PFAS, AXYS MLA-110: EPA 1633"}},{"type":"Feature","geometry":{"type":"Point","coordinates":[-110.960205556,32.121266667]},"properties":{"F_Monitoring_Location_Identifier":"USGS-320717110573700","Location_Name":"UNNAMED WATERWAY NEAR S PARK AVE AT TUCSON, AZ","State":" AZ","EPA_Region":"09","HUC":"15050301","Organization":"U.S. Geological Survey","Environmental_Media_Name":"Soil","AnalysisStartDate":"8/2/2024","PFAS_Chemical_Name":"Perfluoroundecanoate","CAS_Number":"196859-54-8","Result_Measure_Value__ppt_":270,"Result_Measure_Value":270,"Result_Unit_of_Measure":"ng/kg","Analytical_Method":"PFAS, AXYS MLA-110: EPA 1633"}},{"type":"Feature","geometry":{"type":"Point","coordinates":[-110.960205556,32.121266667]},"properties":{"F_Monitoring_Location_Identifier":"USGS-320717110573700","Location_Name":"UNNAMED WATERWAY NEAR S PARK AVE AT TUCSON, AZ","State":" AZ","EPA_Region":"09","HUC":"15050301","Organization":"U.S. Geological Survey","Environmental_Media_Name":"Soil","AnalysisStartDate":"8/2/2024","PFAS_Chemical_Name":"Perfluorooctanesulfonamide","CAS_Number":"754-91-6","Result_Measure_Value__ppt_":260,"Result_Measure_Value":260,"Result_Unit_of_Measure":"ng/kg","Analytical_Method":"PFAS, AXYS MLA-110: EPA 1633"}},{"type":"Feature","geometry":{"type":"Point","coordinates":[-110.960205556,32.121266667]},"properties":{"F_Monitoring_Location_Identifier":"USGS-320717110573700","Location_Name":"UNNAMED WATERWAY NEAR S PARK AVE AT TUCSON, AZ","State":" AZ","EPA_Region":"09","HUC":"15050301","Organization":"U.S. Geological Survey","Environmental_Media_Name":"Soil","AnalysisStartDate":"8/2/2024","PFAS_Chemical_Name":"N-Ethylperfluorooctanesulfonamidoacetate","CAS_Number":"2991-50-6","Result_Measure_Value__ppt_":340,"Result_Measure_Value":340,"Result_Unit_of_Measure":"ng/kg","Analytical_Method":"PFAS, AXYS MLA-110: EPA 1633"}},{"type":"Feature","geometry":{"type":"Point","coordinates":[-110.934511111,32.122188889]},"properties":{"F_Monitoring_Location_Identifier":"USGS-320720110560400","Location_Name":"AIRPORT WASH AT S TUCSON BLVD AT TUCSON, AZ","State":" AZ","EPA_Region":"09","HUC":"15050301","Organization":"U.S. Geological Survey","Environmental_Media_Name":"Soil","AnalysisStartDate":"7/30/2024","PFAS_Chemical_Name":"Perfluorodecanoate","CAS_Number":"73829-36-4","Result_Measure_Value__ppt_":70,"Result_Measure_Value":70,"Result_Unit_of_Measure":"ng/kg","Analytical_Method":"PFAS, AXYS MLA-110: EPA 1633"}},{"type":"Feature","geometry":{"type":"Point","coordinates":[-110.934511111,32.122188889]},"properties":{"F_Monitoring_Location_Identifier":"USGS-320720110560400","Location_Name":"AIRPORT WASH AT S TUCSON BLVD AT TUCSON, AZ","State":" AZ","EPA_Region":"09","HUC":"15050301","Organization":"U.S. Geological Survey","Environmental_Media_Name":"Soil","AnalysisStartDate":"7/30/2024","PFAS_Chemical_Name":"Perfluorohexanesulfonate","CAS_Number":"108427-53-8","Result_Measure_Value__ppt_":280,"Result_Measure_Value":280,"Result_Unit_of_Measure":"ng/kg","Analytical_Method":"PFAS, AXYS MLA-110: EPA 1633"}},{"type":"Feature","geometry":{"type":"Point","coordinates":[-110.934511111,32.122188889]},"properties":{"F_Monitoring_Location_Identifier":"USGS-320720110560400","Location_Name":"AIRPORT WASH AT S TUCSON BLVD AT TUCSON, AZ","State":" AZ","EPA_Region":"09","HUC":"15050301","Organization":"U.S. Geological Survey","Environmental_Media_Name":"Soil","AnalysisStartDate":"7/30/2024","PFAS_Chemical_Name":"Perfluorooctanesulfonate","CAS_Number":"45298-90-6","Result_Measure_Value__ppt_":2400,"Result_Measure_Value":2400,"Result_Unit_of_Measure":"ng/kg","Analytical_Method":"PFAS, AXYS MLA-110: EPA 1633"}},{"type":"Feature","geometry":{"type":"Point","coordinates":[-110.934511111,32.122188889]},"properties":{"F_Monitoring_Location_Identifier":"USGS-320720110560400","Location_Name":"AIRPORT WASH AT S TUCSON BLVD AT TUCSON, AZ","State":" AZ","EPA_Region":"09","HUC":"15050301","Organization":"U.S. Geological Survey","Environmental_Media_Name":"Soil","AnalysisStartDate":"7/30/2024","PFAS_Chemical_Name":"Perfluorotridecanoate","CAS_Number":"862374-87-6","Result_Measure_Value__ppt_":160,"Result_Measure_Value":160,"Result_Unit_of_Measure":"ng/kg","Analytical_Method":"PFAS, AXYS MLA-110: EPA 1633"}},{"type":"Feature","geometry":{"type":"Point","coordinates":[-110.934511111,32.122188889]},"properties":{"F_Monitoring_Location_Identifier":"USGS-320720110560400","Location_Name":"AIRPORT WASH AT S TUCSON BLVD AT TUCSON, AZ","State":" AZ","EPA_Region":"09","HUC":"15050301","Organization":"U.S. Geological Survey","Environmental_Media_Name":"Soil","AnalysisStartDate":"7/30/2024","PFAS_Chemical_Name":"PFOA ion","CAS_Number":"45285-51-6","Result_Measure_Value__ppt_":120,"Result_Measure_Value":120,"Result_Unit_of_Measure":"ng/kg","Analytical_Method":"PFAS, AXYS MLA-110: EPA 1633"}},{"type":"Feature","geometry":{"type":"Point","coordinates":[-110.934511111,32.122188889]},"properties":{"F_Monitoring_Location_Identifier":"USGS-320720110560400","Location_Name":"AIRPORT WASH AT S TUCSON BLVD AT TUCSON, AZ","State":" AZ","EPA_Region":"09","HUC":"15050301","Organization":"U.S. Geological Survey","Environmental_Media_Name":"Soil","AnalysisStartDate":"7/30/2024","PFAS_Chemical_Name":"Fluorotelomer sulfonate 8:2","CAS_Number":"39108-34-4","Result_Measure_Value__ppt_":800,"Result_Measure_Value":800,"Result_Unit_of_Measure":"ng/kg","Analytical_Method":"PFAS, AXYS MLA-110: EPA 1633"}},{"type":"Feature","geometry":{"type":"Point","coordinates":[-110.934511111,32.122188889]},"properties":{"F_Monitoring_Location_Identifier":"USGS-320720110560400","Location_Name":"AIRPORT WASH AT S TUCSON BLVD AT TUCSON, AZ","State":" AZ","EPA_Region":"09","HUC":"15050301","Organization":"U.S. Geological Survey","Environmental_Media_Name":"Soil","AnalysisStartDate":"7/30/2024","PFAS_Chemical_Name":"Perfluorohexanoate","CAS_Number":"92612-52-7","Result_Measure_Value__ppt_":200,"Result_Measure_Value":200,"Result_Unit_of_Measure":"ng/kg","Analytical_Method":"PFAS, AXYS MLA-110: EPA 1633"}},{"type":"Feature","geometry":{"type":"Point","coordinates":[-110.934511111,32.122188889]},"properties":{"F_Monitoring_Location_Identifier":"USGS-320720110560400","Location_Name":"AIRPORT WASH AT S TUCSON BLVD AT TUCSON, AZ","State":" AZ","EPA_Region":"09","HUC":"15050301","Organization":"U.S. Geological Survey","Environmental_Media_Name":"Soil","AnalysisStartDate":"7/30/2024","PFAS_Chemical_Name":"Perfluoroundecanoate","CAS_Number":"196859-54-8","Result_Measure_Value__ppt_":100,"Result_Measure_Value":100,"Result_Unit_of_Measure":"ng/kg","Analytical_Method":"PFAS, AXYS MLA-110: EPA 1633"}},{"type":"Feature","geometry":{"type":"Point","coordinates":[-110.934511111,32.122188889]},"properties":{"F_Monitoring_Location_Identifier":"USGS-320720110560400","Location_Name":"AIRPORT WASH AT S TUCSON BLVD AT TUCSON, AZ","State":" AZ","EPA_Region":"09","HUC":"15050301","Organization":"U.S. Geological Survey","Environmental_Media_Name":"Soil","AnalysisStartDate":"7/30/2024","PFAS_Chemical_Name":"Perfluorotetradecanoate","CAS_Number":"365971-87-5","Result_Measure_Value__ppt_":310,"Result_Measure_Value":310,"Result_Unit_of_Measure":"ng/kg","Analytical_Method":"PFAS, AXYS MLA-110: EPA 1633"}},{"type":"Feature","geometry":{"type":"Point","coordinates":[-110.934511111,32.122188889]},"properties":{"F_Monitoring_Location_Identifier":"USGS-320720110560400","Location_Name":"AIRPORT WASH AT S TUCSON BLVD AT TUCSON, AZ","State":" AZ","EPA_Region":"09","HUC":"15050301","Organization":"U.S. Geological Survey","Environmental_Media_Name":"Soil","AnalysisStartDate":"7/30/2024","PFAS_Chemical_Name":"Perfluorobutanesulfonate","CAS_Number":"45187-15-3","Result_Measure_Value__ppt_":90,"Result_Measure_Value":90,"Result_Unit_of_Measure":"ng/kg","Analytical_Method":"PFAS, AXYS MLA-110: EPA 1633"}},{"type":"Feature","geometry":{"type":"Point","coordinates":[-110.934511111,32.122188889]},"properties":{"F_Monitoring_Location_Identifier":"USGS-320720110560400","Location_Name":"AIRPORT WASH AT S TUCSON BLVD AT TUCSON, AZ","State":" AZ","EPA_Region":"09","HUC":"15050301","Organization":"U.S. Geological Survey","Environmental_Media_Name":"Soil","AnalysisStartDate":"7/30/2024","PFAS_Chemical_Name":"Perfluoropentanoate","CAS_Number":"45167-47-3","Result_Measure_Value__ppt_":70,"Result_Measure_Value":70,"Result_Unit_of_Measure":"ng/kg","Analytical_Method":"PFAS, AXYS MLA-110: EPA 1633"}},{"type":"Feature","geometry":{"type":"Point","coordinates":[-110.934511111,32.122188889]},"properties":{"F_Monitoring_Location_Identifier":"USGS-320720110560400","Location_Name":"AIRPORT WASH AT S TUCSON BLVD AT TUCSON, AZ","State":" AZ","EPA_Region":"09","HUC":"15050301","Organization":"U.S. Geological Survey","Environmental_Media_Name":"Soil","AnalysisStartDate":"7/30/2024","PFAS_Chemical_Name":"Perfluorododecanoate","CAS_Number":"171978-95-3","Result_Measure_Value__ppt_":290,"Result_Measure_Value":290,"Result_Unit_of_Measure":"ng/kg","Analytical_Method":"PFAS, AXYS MLA-110: EPA 1633"}},{"type":"Feature","geometry":{"type":"Point","coordinates":[-110.934511111,32.122188889]},"properties":{"F_Monitoring_Location_Identifier":"USGS-320720110560400","Location_Name":"AIRPORT WASH AT S TUCSON BLVD AT TUCSON, AZ","State":" AZ","EPA_Region":"09","HUC":"15050301","Organization":"U.S. Geological Survey","Environmental_Media_Name":"Soil","AnalysisStartDate":"7/30/2024","PFAS_Chemical_Name":"Perfluorodecanesulfonate","CAS_Number":"126105-34-8","Result_Measure_Value__ppt_":3000,"Result_Measure_Value":3000,"Result_Unit_of_Measure":"ng/kg","Analytical_Method":"PFAS, AXYS MLA-110: EPA 1633"}},{"type":"Feature","geometry":{"type":"Point","coordinates":[-110.934511111,32.122188889]},"properties":{"F_Monitoring_Location_Identifier":"USGS-320720110560400","Location_Name":"AIRPORT WASH AT S TUCSON BLVD AT TUCSON, AZ","State":" AZ","EPA_Region":"09","HUC":"15050301","Organization":"U.S. Geological Survey","Environmental_Media_Name":"Soil","AnalysisStartDate":"7/30/2024","PFAS_Chemical_Name":"1-Octanesulfonic acid, 3,3,4,4,5,5,6,6,7,7,8,8,8-tridecafluoro-","CAS_Number":"27619-97-2","Result_Measure_Value__ppt_":2800,"Result_Measure_Value":2800,"Result_Unit_of_Measure":"ng/kg","Analytical_Method":"PFAS, AXYS MLA-110: EPA 1633"}},{"type":"Feature","geometry":{"type":"Point","coordinates":[-110.9384,32.124688889]},"properties":{"F_Monitoring_Location_Identifier":"USGS-320729110561800","Location_Name":"AIRPORT WASH TRIB AT CELL PHONE LOT AT TUCSON, AZ","State":" AZ","EPA_Region":"09","HUC":"15050301","Organization":"U.S. Geological Survey","Environmental_Media_Name":"Soil","AnalysisStartDate":"1/23/2025","PFAS_Chemical_Name":"Perfluorodecanoate","CAS_Number":"73829-36-4","Result_Measure_Value__ppt_":1100,"Result_Measure_Value":1100,"Result_Unit_of_Measure":"ng/kg","Analytical_Method":"PFAS \u0026 TOP, AXYS MLA-111"}},{"type":"Feature","geometry":{"type":"Point","coordinates":[-110.9384,32.124688889]},"properties":{"F_Monitoring_Location_Identifier":"USGS-320729110561800","Location_Name":"AIRPORT WASH TRIB AT CELL PHONE LOT AT TUCSON, AZ","State":" AZ","EPA_Region":"09","HUC":"15050301","Organization":"U.S. Geological Survey","Environmental_Media_Name":"Soil","AnalysisStartDate":"1/23/2025","PFAS_Chemical_Name":"Perfluorodecanesulfonate","CAS_Number":"126105-34-8","Result_Measure_Value__ppt_":860,"Result_Measure_Value":860,"Result_Unit_of_Measure":"ng/kg","Analytical_Method":"PFAS \u0026 TOP, AXYS MLA-111"}},{"type":"Feature","geometry":{"type":"Point","coordinates":[-110.9384,32.124688889]},"properties":{"F_Monitoring_Location_Identifier":"USGS-320729110561800","Location_Name":"AIRPORT WASH TRIB AT CELL PHONE LOT AT TUCSON, AZ","State":" AZ","EPA_Region":"09","HUC":"15050301","Organization":"U.S. Geological Survey","Environmental_Media_Name":"Soil","AnalysisStartDate":"1/23/2025","PFAS_Chemical_Name":"Perfluorooctanoate (anionic form)","CAS_Number":"45285-51-6","Result_Measure_Value__ppt_":3000,"Result_Measure_Value":3000,"Result_Unit_of_Measure":"ng/kg","Analytical_Method":"PFAS \u0026 TOP, AXYS MLA-111"}},{"type":"Feature","geometry":{"type":"Point","coordinates":[-110.9384,32.124688889]},"properties":{"F_Monitoring_Location_Identifier":"USGS-320729110561800","Location_Name":"AIRPORT WASH TRIB AT CELL PHONE LOT AT TUCSON, AZ","State":" AZ","EPA_Region":"09","HUC":"15050301","Organization":"U.S. Geological Survey","Environmental_Media_Name":"Soil","AnalysisStartDate":"1/20/2025","PFAS_Chemical_Name":"Perfluorododecanesulfonate","CAS_Number":"343629-43-6","Result_Measure_Value__ppt_":80,"Result_Measure_Value":80,"Result_Unit_of_Measure":"ng/kg","Analytical_Method":"PFAS, AXYS MLA-110: EPA 1633"}},{"type":"Feature","geometry":{"type":"Point","coordinates":[-110.9384,32.124688889]},"properties":{"F_Monitoring_Location_Identifier":"USGS-320729110561800","Location_Name":"AIRPORT WASH TRIB AT CELL PHONE LOT AT TUCSON, AZ","State":" AZ","EPA_Region":"09","HUC":"15050301","Organization":"U.S. Geological Survey","Environmental_Media_Name":"Soil","AnalysisStartDate":"1/23/2025","PFAS_Chemical_Name":"Perfluoroheptanoate","CAS_Number":"120885-29-2","Result_Measure_Value__ppt_":3100,"Result_Measure_Value":3100,"Result_Unit_of_Measure":"ng/kg","Analytical_Method":"PFAS \u0026 TOP, AXYS MLA-111"}},{"type":"Feature","geometry":{"type":"Point","coordinates":[-110.9384,32.124688889]},"properties":{"F_Monitoring_Location_Identifier":"USGS-320729110561800","Location_Name":"AIRPORT WASH TRIB AT CELL PHONE LOT AT TUCSON, AZ","State":" AZ","EPA_Region":"09","HUC":"15050301","Organization":"U.S. Geological Survey","Environmental_Media_Name":"Soil","AnalysisStartDate":"7/30/2024","PFAS_Chemical_Name":"Perfluoroundecanoate","CAS_Number":"196859-54-8","Result_Measure_Value__ppt_":130,"Result_Measure_Value":130,"Result_Unit_of_Measure":"ng/kg","Analytical_Method":"PFAS, AXYS MLA-110: EPA 1633"}},{"type":"Feature","geometry":{"type":"Point","coordinates":[-110.9384,32.124688889]},"properties":{"F_Monitoring_Location_Identifier":"USGS-320729110561800","Location_Name":"AIRPORT WASH TRIB AT CELL PHONE LOT AT TUCSON, AZ","State":" AZ","EPA_Region":"09","HUC":"15050301","Organization":"U.S. Geological Survey","Environmental_Media_Name":"Soil","AnalysisStartDate":"1/20/2025","PFAS_Chemical_Name":"Perfluorododecanoate","CAS_Number":"171978-95-3","Result_Measure_Value__ppt_":2800,"Result_Measure_Value":2800,"Result_Unit_of_Measure":"ng/kg","Analytical_Method":"PFAS, AXYS MLA-110: EPA 1633"}},{"type":"Feature","geometry":{"type":"Point","coordinates":[-110.9384,32.124688889]},"properties":{"F_Monitoring_Location_Identifier":"USGS-320729110561800","Location_Name":"AIRPORT WASH TRIB AT CELL PHONE LOT AT TUCSON, AZ","State":" AZ","EPA_Region":"09","HUC":"15050301","Organization":"U.S. Geological Survey","Environmental_Media_Name":"Soil","AnalysisStartDate":"1/20/2025","PFAS_Chemical_Name":"Perfluorotetradecanoate","CAS_Number":"365971-87-5","Result_Measure_Value__ppt_":1100,"Result_Measure_Value":1100,"Result_Unit_of_Measure":"ng/kg","Analytical_Method":"PFAS, AXYS MLA-110: EPA 1633"}},{"type":"Feature","geometry":{"type":"Point","coordinates":[-110.9384,32.124688889]},"properties":{"F_Monitoring_Location_Identifier":"USGS-320729110561800","Location_Name":"AIRPORT WASH TRIB AT CELL PHONE LOT AT TUCSON, AZ","State":" AZ","EPA_Region":"09","HUC":"15050301","Organization":"U.S. Geological Survey","Environmental_Media_Name":"Soil","AnalysisStartDate":"7/30/2024","PFAS_Chemical_Name":"Perfluorodecanoate","CAS_Number":"73829-36-4","Result_Measure_Value__ppt_":130,"Result_Measure_Value":130,"Result_Unit_of_Measure":"ng/kg","Analytical_Method":"PFAS, AXYS MLA-110: EPA 1633"}},{"type":"Feature","geometry":{"type":"Point","coordinates":[-110.9384,32.124688889]},"properties":{"F_Monitoring_Location_Identifier":"USGS-320729110561800","Location_Name":"AIRPORT WASH TRIB AT CELL PHONE LOT AT TUCSON, AZ","State":" AZ","EPA_Region":"09","HUC":"15050301","Organization":"U.S. Geological Survey","Environmental_Media_Name":"Soil","AnalysisStartDate":"1/20/2025","PFAS_Chemical_Name":"Perfluoroundecanoate","CAS_Number":"196859-54-8","Result_Measure_Value__ppt_":680,"Result_Measure_Value":680,"Result_Unit_of_Measure":"ng/kg","Analytical_Method":"PFAS, AXYS MLA-110: EPA 1633"}},{"type":"Feature","geometry":{"type":"Point","coordinates":[-110.9384,32.124688889]},"properties":{"F_Monitoring_Location_Identifier":"USGS-320729110561800","Location_Name":"AIRPORT WASH TRIB AT CELL PHONE LOT AT TUCSON, AZ","State":" AZ","EPA_Region":"09","HUC":"15050301","Organization":"U.S. Geological Survey","Environmental_Media_Name":"Soil","AnalysisStartDate":"7/30/2024","PFAS_Chemical_Name":"Perfluorotetradecanoate","CAS_Number":"365971-87-5","Result_Measure_Value__ppt_":1300,"Result_Measure_Value":1300,"Result_Unit_of_Measure":"ng/kg","Analytical_Method":"PFAS, AXYS MLA-110: EPA 1633"}},{"type":"Feature","geometry":{"type":"Point","coordinates":[-110.9384,32.124688889]},"properties":{"F_Monitoring_Location_Identifier":"USGS-320729110561800","Location_Name":"AIRPORT WASH TRIB AT CELL PHONE LOT AT TUCSON, AZ","State":" AZ","EPA_Region":"09","HUC":"15050301","Organization":"U.S. Geological Survey","Environmental_Media_Name":"Soil","AnalysisStartDate":"1/23/2025","PFAS_Chemical_Name":"Perfluorooctanesulfonate (PFOS)","CAS_Number":"45298-90-6","Result_Measure_Value__ppt_":1300,"Result_Measure_Value":1300,"Result_Unit_of_Measure":"ng/kg","Analytical_Method":"PFAS \u0026 TOP, AXYS MLA-111"}},{"type":"Feature","geometry":{"type":"Point","coordinates":[-110.9384,32.124688889]},"properties":{"F_Monitoring_Location_Identifier":"USGS-320729110561800","Location_Name":"AIRPORT WASH TRIB AT CELL PHONE LOT AT TUCSON, AZ","State":" AZ","EPA_Region":"09","HUC":"15050301","Organization":"U.S. Geological Survey","Environmental_Media_Name":"Soil","AnalysisStartDate":"1/23/2025","PFAS_Chemical_Name":"Perfluoroundecanoate","CAS_Number":"196859-54-8","Result_Measure_Value__ppt_":1100,"Result_Measure_Value":1100,"Result_Unit_of_Measure":"ng/kg","Analytical_Method":"PFAS \u0026 TOP, AXYS MLA-111"}},{"type":"Feature","geometry":{"type":"Point","coordinates":[-110.9384,32.124688889]},"properties":{"F_Monitoring_Location_Identifier":"USGS-320729110561800","Location_Name":"AIRPORT WASH TRIB AT CELL PHONE LOT AT TUCSON, AZ","State":" AZ","EPA_Region":"09","HUC":"15050301","Organization":"U.S. Geological Survey","Environmental_Media_Name":"Soil","AnalysisStartDate":"1/20/2025","PFAS_Chemical_Name":"Perfluorodecanoate","CAS_Number":"73829-36-4","Result_Measure_Value__ppt_":480,"Result_Measure_Value":480,"Result_Unit_of_Measure":"ng/kg","Analytical_Method":"PFAS, AXYS MLA-110: EPA 1633"}},{"type":"Feature","geometry":{"type":"Point","coordinates":[-110.9384,32.124688889]},"properties":{"F_Monitoring_Location_Identifier":"USGS-320729110561800","Location_Name":"AIRPORT WASH TRIB AT CELL PHONE LOT AT TUCSON, AZ","State":" AZ","EPA_Region":"09","HUC":"15050301","Organization":"U.S. Geological Survey","Environmental_Media_Name":"Soil","AnalysisStartDate":"7/30/2024","PFAS_Chemical_Name":"Perfluorooctanesulfonate","CAS_Number":"45298-90-6","Result_Measure_Value__ppt_":2000,"Result_Measure_Value":2000,"Result_Unit_of_Measure":"ng/kg","Analytical_Method":"PFAS, AXYS MLA-110: EPA 1633"}},{"type":"Feature","geometry":{"type":"Point","coordinates":[-110.9384,32.124688889]},"properties":{"F_Monitoring_Location_Identifier":"USGS-320729110561800","Location_Name":"AIRPORT WASH TRIB AT CELL PHONE LOT AT TUCSON, AZ","State":" AZ","EPA_Region":"09","HUC":"15050301","Organization":"U.S. Geological Survey","Environmental_Media_Name":"Soil","AnalysisStartDate":"7/30/2024","PFAS_Chemical_Name":"Perfluorooctanesulfonamide","CAS_Number":"754-91-6","Result_Measure_Value__ppt_":130,"Result_Measure_Value":130,"Result_Unit_of_Measure":"ng/kg","Analytical_Method":"PFAS, AXYS MLA-110: EPA 1633"}},{"type":"Feature","geometry":{"type":"Point","coordinates":[-110.9384,32.124688889]},"properties":{"F_Monitoring_Location_Identifier":"USGS-320729110561800","Location_Name":"AIRPORT WASH TRIB AT CELL PHONE LOT AT TUCSON, AZ","State":" AZ","EPA_Region":"09","HUC":"15050301","Organization":"U.S. Geological Survey","Environmental_Media_Name":"Soil","AnalysisStartDate":"1/20/2025","PFAS_Chemical_Name":"Perfluoropentanoate","CAS_Number":"45167-47-3","Result_Measure_Value__ppt_":100,"Result_Measure_Value":100,"Result_Unit_of_Measure":"ng/kg","Analytical_Method":"PFAS, AXYS MLA-110: EPA 1633"}},{"type":"Feature","geometry":{"type":"Point","coordinates":[-110.9384,32.124688889]},"properties":{"F_Monitoring_Location_Identifier":"USGS-320729110561800","Location_Name":"AIRPORT WASH TRIB AT CELL PHONE LOT AT TUCSON, AZ","State":" AZ","EPA_Region":"09","HUC":"15050301","Organization":"U.S. Geological Survey","Environmental_Media_Name":"Soil","AnalysisStartDate":"1/23/2025","PFAS_Chemical_Name":"Perfluorohexanoate","CAS_Number":"92612-52-7","Result_Measure_Value__ppt_":5800,"Result_Measure_Value":5800,"Result_Unit_of_Measure":"ng/kg","Analytical_Method":"PFAS \u0026 TOP, AXYS MLA-111"}},{"type":"Feature","geometry":{"type":"Point","coordinates":[-110.9384,32.124688889]},"properties":{"F_Monitoring_Location_Identifier":"USGS-320729110561800","Location_Name":"AIRPORT WASH TRIB AT CELL PHONE LOT AT TUCSON, AZ","State":" AZ","EPA_Region":"09","HUC":"15050301","Organization":"U.S. Geological Survey","Environmental_Media_Name":"Soil","AnalysisStartDate":"1/23/2025","PFAS_Chemical_Name":"Perfluoropentanesulfonate","CAS_Number":"175905-36-9","Result_Measure_Value__ppt_":5300,"Result_Measure_Value":5300,"Result_Unit_of_Measure":"ng/kg","Analytical_Method":"PFAS \u0026 TOP, AXYS MLA-111"}},{"type":"Feature","geometry":{"type":"Point","coordinates":[-110.9384,32.124688889]},"properties":{"F_Monitoring_Location_Identifier":"USGS-320729110561800","Location_Name":"AIRPORT WASH TRIB AT CELL PHONE LOT AT TUCSON, AZ","State":" AZ","EPA_Region":"09","HUC":"15050301","Organization":"U.S. Geological Survey","Environmental_Media_Name":"Soil","AnalysisStartDate":"7/30/2024","PFAS_Chemical_Name":"Perfluoropentanoate","CAS_Number":"45167-47-3","Result_Measure_Value__ppt_":70,"Result_Measure_Value":70,"Result_Unit_of_Measure":"ng/kg","Analytical_Method":"PFAS, AXYS MLA-110: EPA 1633"}},{"type":"Feature","geometry":{"type":"Point","coordinates":[-110.9384,32.124688889]},"properties":{"F_Monitoring_Location_Identifier":"USGS-320729110561800","Location_Name":"AIRPORT WASH TRIB AT CELL PHONE LOT AT TUCSON, AZ","State":" AZ","EPA_Region":"09","HUC":"15050301","Organization":"U.S. Geological Survey","Environmental_Media_Name":"Soil","AnalysisStartDate":"1/23/2025","PFAS_Chemical_Name":"Perfluorononanoate","CAS_Number":"72007-68-2","Result_Measure_Value__ppt_":1500,"Result_Measure_Value":1500,"Result_Unit_of_Measure":"ng/kg","Analytical_Method":"PFAS \u0026 TOP, AXYS MLA-111"}},{"type":"Feature","geometry":{"type":"Point","coordinates":[-110.9384,32.124688889]},"properties":{"F_Monitoring_Location_Identifier":"USGS-320729110561800","Location_Name":"AIRPORT WASH TRIB AT CELL PHONE LOT AT TUCSON, AZ","State":" AZ","EPA_Region":"09","HUC":"15050301","Organization":"U.S. Geological Survey","Environmental_Media_Name":"Soil","AnalysisStartDate":"1/20/2025","PFAS_Chemical_Name":"Perfluorooctanesulfonate","CAS_Number":"45298-90-6","Result_Measure_Value__ppt_":1000,"Result_Measure_Value":1000,"Result_Unit_of_Measure":"ng/kg","Analytical_Method":"PFAS, AXYS MLA-110: EPA 1633"}},{"type":"Feature","geometry":{"type":"Point","coordinates":[-110.9384,32.124688889]},"properties":{"F_Monitoring_Location_Identifier":"USGS-320729110561800","Location_Name":"AIRPORT WASH TRIB AT CELL PHONE LOT AT TUCSON, AZ","State":" AZ","EPA_Region":"09","HUC":"15050301","Organization":"U.S. Geological Survey","Environmental_Media_Name":"Soil","AnalysisStartDate":"1/20/2025","PFAS_Chemical_Name":"PFOA ion","CAS_Number":"45285-51-6","Result_Measure_Value__ppt_":80,"Result_Measure_Value":80,"Result_Unit_of_Measure":"ng/kg","Analytical_Method":"PFAS, AXYS MLA-110: EPA 1633"}},{"type":"Feature","geometry":{"type":"Point","coordinates":[-110.9384,32.124688889]},"properties":{"F_Monitoring_Location_Identifier":"USGS-320729110561800","Location_Name":"AIRPORT WASH TRIB AT CELL PHONE LOT AT TUCSON, AZ","State":" AZ","EPA_Region":"09","HUC":"15050301","Organization":"U.S. Geological Survey","Environmental_Media_Name":"Soil","AnalysisStartDate":"7/30/2024","PFAS_Chemical_Name":"1-Octanesulfonic acid, 3,3,4,4,5,5,6,6,7,7,8,8,8-tridecafluoro-","CAS_Number":"27619-97-2","Result_Measure_Value__ppt_":300,"Result_Measure_Value":300,"Result_Unit_of_Measure":"ng/kg","Analytical_Method":"PFAS, AXYS MLA-110: EPA 1633"}},{"type":"Feature","geometry":{"type":"Point","coordinates":[-110.9384,32.124688889]},"properties":{"F_Monitoring_Location_Identifier":"USGS-320729110561800","Location_Name":"AIRPORT WASH TRIB AT CELL PHONE LOT AT TUCSON, AZ","State":" AZ","EPA_Region":"09","HUC":"15050301","Organization":"U.S. Geological Survey","Environmental_Media_Name":"Soil","AnalysisStartDate":"7/30/2024","PFAS_Chemical_Name":"Perfluorohexanoate","CAS_Number":"92612-52-7","Result_Measure_Value__ppt_":70,"Result_Measure_Value":70,"Result_Unit_of_Measure":"ng/kg","Analytical_Method":"PFAS, AXYS MLA-110: EPA 1633"}},{"type":"Feature","geometry":{"type":"Point","coordinates":[-110.9384,32.124688889]},"properties":{"F_Monitoring_Location_Identifier":"USGS-320729110561800","Location_Name":"AIRPORT WASH TRIB AT CELL PHONE LOT AT TUCSON, AZ","State":" AZ","EPA_Region":"09","HUC":"15050301","Organization":"U.S. Geological Survey","Environmental_Media_Name":"Soil","AnalysisStartDate":"7/30/2024","PFAS_Chemical_Name":"Perfluoroheptanoate","CAS_Number":"120885-29-2","Result_Measure_Value__ppt_":60,"Result_Measure_Value":60,"Result_Unit_of_Measure":"ng/kg","Analytical_Method":"PFAS, AXYS MLA-110: EPA 1633"}},{"type":"Feature","geometry":{"type":"Point","coordinates":[-110.9384,32.124688889]},"properties":{"F_Monitoring_Location_Identifier":"USGS-320729110561800","Location_Name":"AIRPORT WASH TRIB AT CELL PHONE LOT AT TUCSON, AZ","State":" AZ","EPA_Region":"09","HUC":"15050301","Organization":"U.S. Geological Survey","Environmental_Media_Name":"Soil","AnalysisStartDate":"7/30/2024","PFAS_Chemical_Name":"Perfluorodecanesulfonate","CAS_Number":"126105-34-8","Result_Measure_Value__ppt_":160,"Result_Measure_Value":160,"Result_Unit_of_Measure":"ng/kg","Analytical_Method":"PFAS, AXYS MLA-110: EPA 1633"}},{"type":"Feature","geometry":{"type":"Point","coordinates":[-110.9384,32.124688889]},"properties":{"F_Monitoring_Location_Identifier":"USGS-320729110561800","Location_Name":"AIRPORT WASH TRIB AT CELL PHONE LOT AT TUCSON, AZ","State":" AZ","EPA_Region":"09","HUC":"15050301","Organization":"U.S. Geological Survey","Environmental_Media_Name":"Soil","AnalysisStartDate":"7/30/2024","PFAS_Chemical_Name":"Perfluorotridecanoate","CAS_Number":"862374-87-6","Result_Measure_Value__ppt_":560,"Result_Measure_Value":560,"Result_Unit_of_Measure":"ng/kg","Analytical_Method":"PFAS, AXYS MLA-110: EPA 1633"}},{"type":"Feature","geometry":{"type":"Point","coordinates":[-110.9384,32.124688889]},"properties":{"F_Monitoring_Location_Identifier":"USGS-320729110561800","Location_Name":"AIRPORT WASH TRIB AT CELL PHONE LOT AT TUCSON, AZ","State":" AZ","EPA_Region":"09","HUC":"15050301","Organization":"U.S. Geological Survey","Environmental_Media_Name":"Soil","AnalysisStartDate":"1/20/2025","PFAS_Chemical_Name":"Perfluorohexanoate","CAS_Number":"92612-52-7","Result_Measure_Value__ppt_":50,"Result_Measure_Value":50,"Result_Unit_of_Measure":"ng/kg","Analytical_Method":"PFAS, AXYS MLA-110: EPA 1633"}},{"type":"Feature","geometry":{"type":"Point","coordinates":[-110.9384,32.124688889]},"properties":{"F_Monitoring_Location_Identifier":"USGS-320729110561800","Location_Name":"AIRPORT WASH TRIB AT CELL PHONE LOT AT TUCSON, AZ","State":" AZ","EPA_Region":"09","HUC":"15050301","Organization":"U.S. Geological Survey","Environmental_Media_Name":"Soil","AnalysisStartDate":"1/20/2025","PFAS_Chemical_Name":"Perfluorotridecanoate","CAS_Number":"862374-87-6","Result_Measure_Value__ppt_":620,"Result_Measure_Value":620,"Result_Unit_of_Measure":"ng/kg","Analytical_Method":"PFAS, AXYS MLA-110: EPA 1633"}},{"type":"Feature","geometry":{"type":"Point","coordinates":[-110.9384,32.124688889]},"properties":{"F_Monitoring_Location_Identifier":"USGS-320729110561800","Location_Name":"AIRPORT WASH TRIB AT CELL PHONE LOT AT TUCSON, AZ","State":" AZ","EPA_Region":"09","HUC":"15050301","Organization":"U.S. Geological Survey","Environmental_Media_Name":"Soil","AnalysisStartDate":"7/30/2024","PFAS_Chemical_Name":"Perfluorohexanesulfonate","CAS_Number":"108427-53-8","Result_Measure_Value__ppt_":140,"Result_Measure_Value":140,"Result_Unit_of_Measure":"ng/kg","Analytical_Method":"PFAS, AXYS MLA-110: EPA 1633"}},{"type":"Feature","geometry":{"type":"Point","coordinates":[-110.9384,32.124688889]},"properties":{"F_Monitoring_Location_Identifier":"USGS-320729110561800","Location_Name":"AIRPORT WASH TRIB AT CELL PHONE LOT AT TUCSON, AZ","State":" AZ","EPA_Region":"09","HUC":"15050301","Organization":"U.S. Geological Survey","Environmental_Media_Name":"Soil","AnalysisStartDate":"7/30/2024","PFAS_Chemical_Name":"PFOA ion","CAS_Number":"45285-51-6","Result_Measure_Value__ppt_":80,"Result_Measure_Value":80,"Result_Unit_of_Measure":"ng/kg","Analytical_Method":"PFAS, AXYS MLA-110: EPA 1633"}},{"type":"Feature","geometry":{"type":"Point","coordinates":[-110.9384,32.124688889]},"properties":{"F_Monitoring_Location_Identifier":"USGS-320729110561800","Location_Name":"AIRPORT WASH TRIB AT CELL PHONE LOT AT TUCSON, AZ","State":" AZ","EPA_Region":"09","HUC":"15050301","Organization":"U.S. Geological Survey","Environmental_Media_Name":"Soil","AnalysisStartDate":"1/23/2025","PFAS_Chemical_Name":"Perfluorododecanoate","CAS_Number":"171978-95-3","Result_Measure_Value__ppt_":2600,"Result_Measure_Value":2600,"Result_Unit_of_Measure":"ng/kg","Analytical_Method":"PFAS \u0026 TOP, AXYS MLA-111"}},{"type":"Feature","geometry":{"type":"Point","coordinates":[-110.9384,32.124688889]},"properties":{"F_Monitoring_Location_Identifier":"USGS-320729110561800","Location_Name":"AIRPORT WASH TRIB AT CELL PHONE LOT AT TUCSON, AZ","State":" AZ","EPA_Region":"09","HUC":"15050301","Organization":"U.S. Geological Survey","Environmental_Media_Name":"Soil","AnalysisStartDate":"1/20/2025","PFAS_Chemical_Name":"Perfluorodecanesulfonate","CAS_Number":"126105-34-8","Result_Measure_Value__ppt_":720,"Result_Measure_Value":720,"Result_Unit_of_Measure":"ng/kg","Analytical_Method":"PFAS, AXYS MLA-110: EPA 1633"}},{"type":"Feature","geometry":{"type":"Point","coordinates":[-110.9384,32.124688889]},"properties":{"F_Monitoring_Location_Identifier":"USGS-320729110561800","Location_Name":"AIRPORT WASH TRIB AT CELL PHONE LOT AT TUCSON, AZ","State":" AZ","EPA_Region":"09","HUC":"15050301","Organization":"U.S. Geological Survey","Environmental_Media_Name":"Soil","AnalysisStartDate":"1/23/2025","PFAS_Chemical_Name":"Perfluorotetradecanoate","CAS_Number":"365971-87-5","Result_Measure_Value__ppt_":1300,"Result_Measure_Value":1300,"Result_Unit_of_Measure":"ng/kg","Analytical_Method":"PFAS \u0026 TOP, AXYS MLA-111"}},{"type":"Feature","geometry":{"type":"Point","coordinates":[-110.9384,32.124688889]},"properties":{"F_Monitoring_Location_Identifier":"USGS-320729110561800","Location_Name":"AIRPORT WASH TRIB AT CELL PHONE LOT AT TUCSON, AZ","State":" AZ","EPA_Region":"09","HUC":"15050301","Organization":"U.S. Geological Survey","Environmental_Media_Name":"Soil","AnalysisStartDate":"7/30/2024","PFAS_Chemical_Name":"Perfluorododecanoate","CAS_Number":"171978-95-3","Result_Measure_Value__ppt_":1400,"Result_Measure_Value":1400,"Result_Unit_of_Measure":"ng/kg","Analytical_Method":"PFAS, AXYS MLA-110: EPA 1633"}},{"type":"Feature","geometry":{"type":"Point","coordinates":[-110.9384,32.124688889]},"properties":{"F_Monitoring_Location_Identifier":"USGS-320729110561800","Location_Name":"AIRPORT WASH TRIB AT CELL PHONE LOT AT TUCSON, AZ","State":" AZ","EPA_Region":"09","HUC":"15050301","Organization":"U.S. Geological Survey","Environmental_Media_Name":"Soil","AnalysisStartDate":"1/23/2025","PFAS_Chemical_Name":"Perfluorotridecanoate","CAS_Number":"862374-87-6","Result_Measure_Value__ppt_":790,"Result_Measure_Value":790,"Result_Unit_of_Measure":"ng/kg","Analytical_Method":"PFAS \u0026 TOP, AXYS MLA-111"}},{"type":"Feature","geometry":{"type":"Point","coordinates":[-110.939269444,32.125869444]},"properties":{"F_Monitoring_Location_Identifier":"USGS-320733110562100","Location_Name":"AIRPORT WASH E TRIB AT S PLUMER RD AT TUCSON, AZ","State":" AZ","EPA_Region":"09","HUC":"15050301","Organization":"U.S. Geological Survey","Environmental_Media_Name":"Soil","AnalysisStartDate":"8/2/2024","PFAS_Chemical_Name":"PFOA ion","CAS_Number":"45285-51-6","Result_Measure_Value__ppt_":100,"Result_Measure_Value":100,"Result_Unit_of_Measure":"ng/kg","Analytical_Method":"PFAS, AXYS MLA-110: EPA 1633"}},{"type":"Feature","geometry":{"type":"Point","coordinates":[-110.939269444,32.125869444]},"properties":{"F_Monitoring_Location_Identifier":"USGS-320733110562100","Location_Name":"AIRPORT WASH E TRIB AT S PLUMER RD AT TUCSON, AZ","State":" AZ","EPA_Region":"09","HUC":"15050301","Organization":"U.S. Geological Survey","Environmental_Media_Name":"Soil","AnalysisStartDate":"8/2/2024","PFAS_Chemical_Name":"Perfluorodecanesulfonate","CAS_Number":"126105-34-8","Result_Measure_Value__ppt_":200,"Result_Measure_Value":200,"Result_Unit_of_Measure":"ng/kg","Analytical_Method":"PFAS, AXYS MLA-110: EPA 1633"}},{"type":"Feature","geometry":{"type":"Point","coordinates":[-110.939269444,32.125869444]},"properties":{"F_Monitoring_Location_Identifier":"USGS-320733110562100","Location_Name":"AIRPORT WASH E TRIB AT S PLUMER RD AT TUCSON, AZ","State":" AZ","EPA_Region":"09","HUC":"15050301","Organization":"U.S. Geological Survey","Environmental_Media_Name":"Soil","AnalysisStartDate":"8/2/2024","PFAS_Chemical_Name":"Perfluorooctanesulfonamide","CAS_Number":"754-91-6","Result_Measure_Value__ppt_":120,"Result_Measure_Value":120,"Result_Unit_of_Measure":"ng/kg","Analytical_Method":"PFAS, AXYS MLA-110: EPA 1633"}},{"type":"Feature","geometry":{"type":"Point","coordinates":[-110.939269444,32.125869444]},"properties":{"F_Monitoring_Location_Identifier":"USGS-320733110562100","Location_Name":"AIRPORT WASH E TRIB AT S PLUMER RD AT TUCSON, AZ","State":" AZ","EPA_Region":"09","HUC":"15050301","Organization":"U.S. Geological Survey","Environmental_Media_Name":"Soil","AnalysisStartDate":"8/2/2024","PFAS_Chemical_Name":"Perfluorononanoate","CAS_Number":"72007-68-2","Result_Measure_Value__ppt_":60,"Result_Measure_Value":60,"Result_Unit_of_Measure":"ng/kg","Analytical_Method":"PFAS, AXYS MLA-110: EPA 1633"}},{"type":"Feature","geometry":{"type":"Point","coordinates":[-110.939269444,32.125869444]},"properties":{"F_Monitoring_Location_Identifier":"USGS-320733110562100","Location_Name":"AIRPORT WASH E TRIB AT S PLUMER RD AT TUCSON, AZ","State":" AZ","EPA_Region":"09","HUC":"15050301","Organization":"U.S. Geological Survey","Environmental_Media_Name":"Soil","AnalysisStartDate":"8/2/2024","PFAS_Chemical_Name":"N-Ethylperfluorooctanesulfonamidoacetate","CAS_Number":"2991-50-6","Result_Measure_Value__ppt_":1000,"Result_Measure_Value":1000,"Result_Unit_of_Measure":"ng/kg","Analytical_Method":"PFAS, AXYS MLA-110: EPA 1633"}},{"type":"Feature","geometry":{"type":"Point","coordinates":[-110.939269444,32.125869444]},"properties":{"F_Monitoring_Location_Identifier":"USGS-320733110562100","Location_Name":"AIRPORT WASH E TRIB AT S PLUMER RD AT TUCSON, AZ","State":" AZ","EPA_Region":"09","HUC":"15050301","Organization":"U.S. Geological Survey","Environmental_Media_Name":"Soil","AnalysisStartDate":"8/2/2024","PFAS_Chemical_Name":"Perfluorododecanoate","CAS_Number":"171978-95-3","Result_Measure_Value__ppt_":730,"Result_Measure_Value":730,"Result_Unit_of_Measure":"ng/kg","Analytical_Method":"PFAS, AXYS MLA-110: EPA 1633"}},{"type":"Feature","geometry":{"type":"Point","coordinates":[-110.939269444,32.125869444]},"properties":{"F_Monitoring_Location_Identifier":"USGS-320733110562100","Location_Name":"AIRPORT WASH E TRIB AT S PLUMER RD AT TUCSON, AZ","State":" AZ","EPA_Region":"09","HUC":"15050301","Organization":"U.S. Geological Survey","Environmental_Media_Name":"Soil","AnalysisStartDate":"8/2/2024","PFAS_Chemical_Name":"Perfluorotridecanoate","CAS_Number":"862374-87-6","Result_Measure_Value__ppt_":180,"Result_Measure_Value":180,"Result_Unit_of_Measure":"ng/kg","Analytical_Method":"PFAS, AXYS MLA-110: EPA 1633"}},{"type":"Feature","geometry":{"type":"Point","coordinates":[-110.939269444,32.125869444]},"properties":{"F_Monitoring_Location_Identifier":"USGS-320733110562100","Location_Name":"AIRPORT WASH E TRIB AT S PLUMER RD AT TUCSON, AZ","State":" AZ","EPA_Region":"09","HUC":"15050301","Organization":"U.S. Geological Survey","Environmental_Media_Name":"Soil","AnalysisStartDate":"8/2/2024","PFAS_Chemical_Name":"Perfluoroundecanoate","CAS_Number":"196859-54-8","Result_Measure_Value__ppt_":380,"Result_Measure_Value":380,"Result_Unit_of_Measure":"ng/kg","Analytical_Method":"PFAS, AXYS MLA-110: EPA 1633"}},{"type":"Feature","geometry":{"type":"Point","coordinates":[-110.939269444,32.125869444]},"properties":{"F_Monitoring_Location_Identifier":"USGS-320733110562100","Location_Name":"AIRPORT WASH E TRIB AT S PLUMER RD AT TUCSON, AZ","State":" AZ","EPA_Region":"09","HUC":"15050301","Organization":"U.S. Geological Survey","Environmental_Media_Name":"Soil","AnalysisStartDate":"8/2/2024","PFAS_Chemical_Name":"Perfluorotetradecanoate","CAS_Number":"365971-87-5","Result_Measure_Value__ppt_":220,"Result_Measure_Value":220,"Result_Unit_of_Measure":"ng/kg","Analytical_Method":"PFAS, AXYS MLA-110: EPA 1633"}},{"type":"Feature","geometry":{"type":"Point","coordinates":[-110.939269444,32.125869444]},"properties":{"F_Monitoring_Location_Identifier":"USGS-320733110562100","Location_Name":"AIRPORT WASH E TRIB AT S PLUMER RD AT TUCSON, AZ","State":" AZ","EPA_Region":"09","HUC":"15050301","Organization":"U.S. Geological Survey","Environmental_Media_Name":"Soil","AnalysisStartDate":"8/2/2024","PFAS_Chemical_Name":"Perfluorooctanesulfonate","CAS_Number":"45298-90-6","Result_Measure_Value__ppt_":1700,"Result_Measure_Value":1700,"Result_Unit_of_Measure":"ng/kg","Analytical_Method":"PFAS, AXYS MLA-110: EPA 1633"}},{"type":"Feature","geometry":{"type":"Point","coordinates":[-110.939269444,32.125869444]},"properties":{"F_Monitoring_Location_Identifier":"USGS-320733110562100","Location_Name":"AIRPORT WASH E TRIB AT S PLUMER RD AT TUCSON, AZ","State":" AZ","EPA_Region":"09","HUC":"15050301","Organization":"U.S. Geological Survey","Environmental_Media_Name":"Soil","AnalysisStartDate":"8/2/2024","PFAS_Chemical_Name":"Perfluorodecanoate","CAS_Number":"73829-36-4","Result_Measure_Value__ppt_":310,"Result_Measure_Value":310,"Result_Unit_of_Measure":"ng/kg","Analytical_Method":"PFAS, AXYS MLA-110: EPA 1633"}},{"type":"Feature","geometry":{"type":"Point","coordinates":[-110.942030556,32.1283500000001]},"properties":{"F_Monitoring_Location_Identifier":"USGS-320742110563100","Location_Name":"AIRPORT WASH  BLW TRIB CONFLUENCE AT TUCSON, AZ","State":" AZ","EPA_Region":"09","HUC":"15050301","Organization":"U.S. Geological Survey","Environmental_Media_Name":"Soil","AnalysisStartDate":"8/2/2024","PFAS_Chemical_Name":"Perfluorododecanoate","CAS_Number":"171978-95-3","Result_Measure_Value__ppt_":670,"Result_Measure_Value":670,"Result_Unit_of_Measure":"ng/kg","Analytical_Method":"PFAS, AXYS MLA-110: EPA 1633"}},{"type":"Feature","geometry":{"type":"Point","coordinates":[-110.942030556,32.1283500000001]},"properties":{"F_Monitoring_Location_Identifier":"USGS-320742110563100","Location_Name":"AIRPORT WASH  BLW TRIB CONFLUENCE AT TUCSON, AZ","State":" AZ","EPA_Region":"09","HUC":"15050301","Organization":"U.S. Geological Survey","Environmental_Media_Name":"Soil","AnalysisStartDate":"1/23/2025","PFAS_Chemical_Name":"Perfluorooctanoate (anionic form)","CAS_Number":"45285-51-6","Result_Measure_Value__ppt_":780,"Result_Measure_Value":780,"Result_Unit_of_Measure":"ng/kg","Analytical_Method":"PFAS \u0026 TOP, AXYS MLA-111"}},{"type":"Feature","geometry":{"type":"Point","coordinates":[-110.942030556,32.1283500000001]},"properties":{"F_Monitoring_Location_Identifier":"USGS-320742110563100","Location_Name":"AIRPORT WASH  BLW TRIB CONFLUENCE AT TUCSON, AZ","State":" AZ","EPA_Region":"09","HUC":"15050301","Organization":"U.S. Geological Survey","Environmental_Media_Name":"Soil","AnalysisStartDate":"8/2/2024","PFAS_Chemical_Name":"Perfluorohexanoate","CAS_Number":"92612-52-7","Result_Measure_Value__ppt_":80,"Result_Measure_Value":80,"Result_Unit_of_Measure":"ng/kg","Analytical_Method":"PFAS, AXYS MLA-110: EPA 1633"}},{"type":"Feature","geometry":{"type":"Point","coordinates":[-110.942030556,32.1283500000001]},"properties":{"F_Monitoring_Location_Identifier":"USGS-320742110563100","Location_Name":"AIRPORT WASH  BLW TRIB CONFLUENCE AT TUCSON, AZ","State":" AZ","EPA_Region":"09","HUC":"15050301","Organization":"U.S. Geological Survey","Environmental_Media_Name":"Soil","AnalysisStartDate":"8/2/2024","PFAS_Chemical_Name":"Perfluorodecanoate","CAS_Number":"73829-36-4","Result_Measure_Value__ppt_":150,"Result_Measure_Value":150,"Result_Unit_of_Measure":"ng/kg","Analytical_Method":"PFAS, AXYS MLA-110: EPA 1633"}},{"type":"Feature","geometry":{"type":"Point","coordinates":[-110.942030556,32.1283500000001]},"properties":{"F_Monitoring_Location_Identifier":"USGS-320742110563100","Location_Name":"AIRPORT WASH  BLW TRIB CONFLUENCE AT TUCSON, AZ","State":" AZ","EPA_Region":"09","HUC":"15050301","Organization":"U.S. Geological Survey","Environmental_Media_Name":"Soil","AnalysisStartDate":"1/20/2025","PFAS_Chemical_Name":"Perfluorododecanoate","CAS_Number":"171978-95-3","Result_Measure_Value__ppt_":940,"Result_Measure_Value":940,"Result_Unit_of_Measure":"ng/kg","Analytical_Method":"PFAS, AXYS MLA-110: EPA 1633"}},{"type":"Feature","geometry":{"type":"Point","coordinates":[-110.942030556,32.1283500000001]},"properties":{"F_Monitoring_Location_Identifier":"USGS-320742110563100","Location_Name":"AIRPORT WASH  BLW TRIB CONFLUENCE AT TUCSON, AZ","State":" AZ","EPA_Region":"09","HUC":"15050301","Organization":"U.S. Geological Survey","Environmental_Media_Name":"Soil","AnalysisStartDate":"8/2/2024","PFAS_Chemical_Name":"Perfluorooctanesulfonate","CAS_Number":"45298-90-6","Result_Measure_Value__ppt_":610,"Result_Measure_Value":610,"Result_Unit_of_Measure":"ng/kg","Analytical_Method":"PFAS, AXYS MLA-110: EPA 1633"}},{"type":"Feature","geometry":{"type":"Point","coordinates":[-110.942030556,32.1283500000001]},"properties":{"F_Monitoring_Location_Identifier":"USGS-320742110563100","Location_Name":"AIRPORT WASH  BLW TRIB CONFLUENCE AT TUCSON, AZ","State":" AZ","EPA_Region":"09","HUC":"15050301","Organization":"U.S. Geological Survey","Environmental_Media_Name":"Soil","AnalysisStartDate":"1/23/2025","PFAS_Chemical_Name":"Perfluorohexanoate","CAS_Number":"92612-52-7","Result_Measure_Value__ppt_":620,"Result_Measure_Value":620,"Result_Unit_of_Measure":"ng/kg","Analytical_Method":"PFAS \u0026 TOP, AXYS MLA-111"}},{"type":"Feature","geometry":{"type":"Point","coordinates":[-110.942030556,32.1283500000001]},"properties":{"F_Monitoring_Location_Identifier":"USGS-320742110563100","Location_Name":"AIRPORT WASH  BLW TRIB CONFLUENCE AT TUCSON, AZ","State":" AZ","EPA_Region":"09","HUC":"15050301","Organization":"U.S. Geological Survey","Environmental_Media_Name":"Soil","AnalysisStartDate":"8/2/2024","PFAS_Chemical_Name":"PFOA ion","CAS_Number":"45285-51-6","Result_Measure_Value__ppt_":120,"Result_Measure_Value":120,"Result_Unit_of_Measure":"ng/kg","Analytical_Method":"PFAS, AXYS MLA-110: EPA 1633"}},{"type":"Feature","geometry":{"type":"Point","coordinates":[-110.942030556,32.1283500000001]},"properties":{"F_Monitoring_Location_Identifier":"USGS-320742110563100","Location_Name":"AIRPORT WASH  BLW TRIB CONFLUENCE AT TUCSON, AZ","State":" AZ","EPA_Region":"09","HUC":"15050301","Organization":"U.S. Geological Survey","Environmental_Media_Name":"Soil","AnalysisStartDate":"1/20/2025","PFAS_Chemical_Name":"Perfluoropentanoate","CAS_Number":"45167-47-3","Result_Measure_Value__ppt_":640,"Result_Measure_Value":640,"Result_Unit_of_Measure":"ng/kg","Analytical_Method":"PFAS, AXYS MLA-110: EPA 1633"}},{"type":"Feature","geometry":{"type":"Point","coordinates":[-110.942030556,32.1283500000001]},"properties":{"F_Monitoring_Location_Identifier":"USGS-320742110563100","Location_Name":"AIRPORT WASH  BLW TRIB CONFLUENCE AT TUCSON, AZ","State":" AZ","EPA_Region":"09","HUC":"15050301","Organization":"U.S. Geological Survey","Environmental_Media_Name":"Soil","AnalysisStartDate":"1/20/2025","PFAS_Chemical_Name":"N-Ethylperfluorooctanesulfonamidoacetate","CAS_Number":"2991-50-6","Result_Measure_Value__ppt_":250,"Result_Measure_Value":250,"Result_Unit_of_Measure":"ng/kg","Analytical_Method":"PFAS, AXYS MLA-110: EPA 1633"}},{"type":"Feature","geometry":{"type":"Point","coordinates":[-110.942030556,32.1283500000001]},"properties":{"F_Monitoring_Location_Identifier":"USGS-320742110563100","Location_Name":"AIRPORT WASH  BLW TRIB CONFLUENCE AT TUCSON, AZ","State":" AZ","EPA_Region":"09","HUC":"15050301","Organization":"U.S. Geological Survey","Environmental_Media_Name":"Soil","AnalysisStartDate":"1/20/2025","PFAS_Chemical_Name":"Perfluorooctanesulfonate","CAS_Number":"45298-90-6","Result_Measure_Value__ppt_":580,"Result_Measure_Value":580,"Result_Unit_of_Measure":"ng/kg","Analytical_Method":"PFAS, AXYS MLA-110: EPA 1633"}},{"type":"Feature","geometry":{"type":"Point","coordinates":[-110.942030556,32.1283500000001]},"properties":{"F_Monitoring_Location_Identifier":"USGS-320742110563100","Location_Name":"AIRPORT WASH  BLW TRIB CONFLUENCE AT TUCSON, AZ","State":" AZ","EPA_Region":"09","HUC":"15050301","Organization":"U.S. Geological Survey","Environmental_Media_Name":"Soil","AnalysisStartDate":"8/2/2024","PFAS_Chemical_Name":"Perfluorobutanesulfonate","CAS_Number":"45187-15-3","Result_Measure_Value__ppt_":80,"Result_Measure_Value":80,"Result_Unit_of_Measure":"ng/kg","Analytical_Method":"PFAS, AXYS MLA-110: EPA 1633"}},{"type":"Feature","geometry":{"type":"Point","coordinates":[-110.942030556,32.1283500000001]},"properties":{"F_Monitoring_Location_Identifier":"USGS-320742110563100","Location_Name":"AIRPORT WASH  BLW TRIB CONFLUENCE AT TUCSON, AZ","State":" AZ","EPA_Region":"09","HUC":"15050301","Organization":"U.S. Geological Survey","Environmental_Media_Name":"Soil","AnalysisStartDate":"1/20/2025","PFAS_Chemical_Name":"Perfluorononanoate","CAS_Number":"72007-68-2","Result_Measure_Value__ppt_":60,"Result_Measure_Value":60,"Result_Unit_of_Measure":"ng/kg","Analytical_Method":"PFAS, AXYS MLA-110: EPA 1633"}},{"type":"Feature","geometry":{"type":"Point","coordinates":[-110.942030556,32.1283500000001]},"properties":{"F_Monitoring_Location_Identifier":"USGS-320742110563100","Location_Name":"AIRPORT WASH  BLW TRIB CONFLUENCE AT TUCSON, AZ","State":" AZ","EPA_Region":"09","HUC":"15050301","Organization":"U.S. Geological Survey","Environmental_Media_Name":"Soil","AnalysisStartDate":"1/23/2025","PFAS_Chemical_Name":"Perfluorododecanoate","CAS_Number":"171978-95-3","Result_Measure_Value__ppt_":450,"Result_Measure_Value":450,"Result_Unit_of_Measure":"ng/kg","Analytical_Method":"PFAS \u0026 TOP, AXYS MLA-111"}},{"type":"Feature","geometry":{"type":"Point","coordinates":[-110.942030556,32.1283500000001]},"properties":{"F_Monitoring_Location_Identifier":"USGS-320742110563100","Location_Name":"AIRPORT WASH  BLW TRIB CONFLUENCE AT TUCSON, AZ","State":" AZ","EPA_Region":"09","HUC":"15050301","Organization":"U.S. Geological Survey","Environmental_Media_Name":"Soil","AnalysisStartDate":"1/23/2025","PFAS_Chemical_Name":"Perfluoroheptanoate","CAS_Number":"120885-29-2","Result_Measure_Value__ppt_":320,"Result_Measure_Value":320,"Result_Unit_of_Measure":"ng/kg","Analytical_Method":"PFAS \u0026 TOP, AXYS MLA-111"}},{"type":"Feature","geometry":{"type":"Point","coordinates":[-110.942030556,32.1283500000001]},"properties":{"F_Monitoring_Location_Identifier":"USGS-320742110563100","Location_Name":"AIRPORT WASH  BLW TRIB CONFLUENCE AT TUCSON, AZ","State":" AZ","EPA_Region":"09","HUC":"15050301","Organization":"U.S. Geological Survey","Environmental_Media_Name":"Soil","AnalysisStartDate":"8/2/2024","PFAS_Chemical_Name":"Perfluorotetradecanoate","CAS_Number":"365971-87-5","Result_Measure_Value__ppt_":400,"Result_Measure_Value":400,"Result_Unit_of_Measure":"ng/kg","Analytical_Method":"PFAS, AXYS MLA-110: EPA 1633"}},{"type":"Feature","geometry":{"type":"Point","coordinates":[-110.942030556,32.1283500000001]},"properties":{"F_Monitoring_Location_Identifier":"USGS-320742110563100","Location_Name":"AIRPORT WASH  BLW TRIB CONFLUENCE AT TUCSON, AZ","State":" AZ","EPA_Region":"09","HUC":"15050301","Organization":"U.S. Geological Survey","Environmental_Media_Name":"Soil","AnalysisStartDate":"1/20/2025","PFAS_Chemical_Name":"Perfluorotridecanoate","CAS_Number":"862374-87-6","Result_Measure_Value__ppt_":300,"Result_Measure_Value":300,"Result_Unit_of_Measure":"ng/kg","Analytical_Method":"PFAS, AXYS MLA-110: EPA 1633"}},{"type":"Feature","geometry":{"type":"Point","coordinates":[-110.942030556,32.1283500000001]},"properties":{"F_Monitoring_Location_Identifier":"USGS-320742110563100","Location_Name":"AIRPORT WASH  BLW TRIB CONFLUENCE AT TUCSON, AZ","State":" AZ","EPA_Region":"09","HUC":"15050301","Organization":"U.S. Geological Survey","Environmental_Media_Name":"Soil","AnalysisStartDate":"1/20/2025","PFAS_Chemical_Name":"PFOA ion","CAS_Number":"45285-51-6","Result_Measure_Value__ppt_":150,"Result_Measure_Value":150,"Result_Unit_of_Measure":"ng/kg","Analytical_Method":"PFAS, AXYS MLA-110: EPA 1633"}},{"type":"Feature","geometry":{"type":"Point","coordinates":[-110.942030556,32.1283500000001]},"properties":{"F_Monitoring_Location_Identifier":"USGS-320742110563100","Location_Name":"AIRPORT WASH  BLW TRIB CONFLUENCE AT TUCSON, AZ","State":" AZ","EPA_Region":"09","HUC":"15050301","Organization":"U.S. Geological Survey","Environmental_Media_Name":"Soil","AnalysisStartDate":"1/20/2025","PFAS_Chemical_Name":"Perfluorohexanoate","CAS_Number":"92612-52-7","Result_Measure_Value__ppt_":80,"Result_Measure_Value":80,"Result_Unit_of_Measure":"ng/kg","Analytical_Method":"PFAS, AXYS MLA-110: EPA 1633"}},{"type":"Feature","geometry":{"type":"Point","coordinates":[-110.942030556,32.1283500000001]},"properties":{"F_Monitoring_Location_Identifier":"USGS-320742110563100","Location_Name":"AIRPORT WASH  BLW TRIB CONFLUENCE AT TUCSON, AZ","State":" AZ","EPA_Region":"09","HUC":"15050301","Organization":"U.S. Geological Survey","Environmental_Media_Name":"Soil","AnalysisStartDate":"1/20/2025","PFAS_Chemical_Name":"Perfluoroundecanoate","CAS_Number":"196859-54-8","Result_Measure_Value__ppt_":290,"Result_Measure_Value":290,"Result_Unit_of_Measure":"ng/kg","Analytical_Method":"PFAS, AXYS MLA-110: EPA 1633"}},{"type":"Feature","geometry":{"type":"Point","coordinates":[-110.942030556,32.1283500000001]},"properties":{"F_Monitoring_Location_Identifier":"USGS-320742110563100","Location_Name":"AIRPORT WASH  BLW TRIB CONFLUENCE AT TUCSON, AZ","State":" AZ","EPA_Region":"09","HUC":"15050301","Organization":"U.S. Geological Survey","Environmental_Media_Name":"Soil","AnalysisStartDate":"1/23/2025","PFAS_Chemical_Name":"Perfluorooctanesulfonate (PFOS)","CAS_Number":"45298-90-6","Result_Measure_Value__ppt_":510,"Result_Measure_Value":510,"Result_Unit_of_Measure":"ng/kg","Analytical_Method":"PFAS \u0026 TOP, AXYS MLA-111"}},{"type":"Feature","geometry":{"type":"Point","coordinates":[-110.942030556,32.1283500000001]},"properties":{"F_Monitoring_Location_Identifier":"USGS-320742110563100","Location_Name":"AIRPORT WASH  BLW TRIB CONFLUENCE AT TUCSON, AZ","State":" AZ","EPA_Region":"09","HUC":"15050301","Organization":"U.S. Geological Survey","Environmental_Media_Name":"Soil","AnalysisStartDate":"8/2/2024","PFAS_Chemical_Name":"Perfluorononanoate","CAS_Number":"72007-68-2","Result_Measure_Value__ppt_":70,"Result_Measure_Value":70,"Result_Unit_of_Measure":"ng/kg","Analytical_Method":"PFAS, AXYS MLA-110: EPA 1633"}},{"type":"Feature","geometry":{"type":"Point","coordinates":[-110.942030556,32.1283500000001]},"properties":{"F_Monitoring_Location_Identifier":"USGS-320742110563100","Location_Name":"AIRPORT WASH  BLW TRIB CONFLUENCE AT TUCSON, AZ","State":" AZ","EPA_Region":"09","HUC":"15050301","Organization":"U.S. Geological Survey","Environmental_Media_Name":"Soil","AnalysisStartDate":"1/20/2025","PFAS_Chemical_Name":"Perfluorotetradecanoate","CAS_Number":"365971-87-5","Result_Measure_Value__ppt_":430,"Result_Measure_Value":430,"Result_Unit_of_Measure":"ng/kg","Analytical_Method":"PFAS, AXYS MLA-110: EPA 1633"}},{"type":"Feature","geometry":{"type":"Point","coordinates":[-110.942030556,32.1283500000001]},"properties":{"F_Monitoring_Location_Identifier":"USGS-320742110563100","Location_Name":"AIRPORT WASH  BLW TRIB CONFLUENCE AT TUCSON, AZ","State":" AZ","EPA_Region":"09","HUC":"15050301","Organization":"U.S. Geological Survey","Environmental_Media_Name":"Soil","AnalysisStartDate":"8/2/2024","PFAS_Chemical_Name":"Perfluorodecanesulfonate","CAS_Number":"126105-34-8","Result_Measure_Value__ppt_":140,"Result_Measure_Value":140,"Result_Unit_of_Measure":"ng/kg","Analytical_Method":"PFAS, AXYS MLA-110: EPA 1633"}},{"type":"Feature","geometry":{"type":"Point","coordinates":[-110.942030556,32.1283500000001]},"properties":{"F_Monitoring_Location_Identifier":"USGS-320742110563100","Location_Name":"AIRPORT WASH  BLW TRIB CONFLUENCE AT TUCSON, AZ","State":" AZ","EPA_Region":"09","HUC":"15050301","Organization":"U.S. Geological Survey","Environmental_Media_Name":"Soil","AnalysisStartDate":"1/20/2025","PFAS_Chemical_Name":"Perfluorodecanoate","CAS_Number":"73829-36-4","Result_Measure_Value__ppt_":240,"Result_Measure_Value":240,"Result_Unit_of_Measure":"ng/kg","Analytical_Method":"PFAS, AXYS MLA-110: EPA 1633"}},{"type":"Feature","geometry":{"type":"Point","coordinates":[-110.942030556,32.1283500000001]},"properties":{"F_Monitoring_Location_Identifier":"USGS-320742110563100","Location_Name":"AIRPORT WASH  BLW TRIB CONFLUENCE AT TUCSON, AZ","State":" AZ","EPA_Region":"09","HUC":"15050301","Organization":"U.S. Geological Survey","Environmental_Media_Name":"Soil","AnalysisStartDate":"1/20/2025","PFAS_Chemical_Name":"Perfluorodecanesulfonate","CAS_Number":"126105-34-8","Result_Measure_Value__ppt_":370,"Result_Measure_Value":370,"Result_Unit_of_Measure":"ng/kg","Analytical_Method":"PFAS, AXYS MLA-110: EPA 1633"}},{"type":"Feature","geometry":{"type":"Point","coordinates":[-110.942030556,32.1283500000001]},"properties":{"F_Monitoring_Location_Identifier":"USGS-320742110563100","Location_Name":"AIRPORT WASH  BLW TRIB CONFLUENCE AT TUCSON, AZ","State":" AZ","EPA_Region":"09","HUC":"15050301","Organization":"U.S. Geological Survey","Environmental_Media_Name":"Soil","AnalysisStartDate":"8/2/2024","PFAS_Chemical_Name":"Perfluoroundecanoate","CAS_Number":"196859-54-8","Result_Measure_Value__ppt_":220,"Result_Measure_Value":220,"Result_Unit_of_Measure":"ng/kg","Analytical_Method":"PFAS, AXYS MLA-110: EPA 1633"}},{"type":"Feature","geometry":{"type":"Point","coordinates":[-110.942030556,32.1283500000001]},"properties":{"F_Monitoring_Location_Identifier":"USGS-320742110563100","Location_Name":"AIRPORT WASH  BLW TRIB CONFLUENCE AT TUCSON, AZ","State":" AZ","EPA_Region":"09","HUC":"15050301","Organization":"U.S. Geological Survey","Environmental_Media_Name":"Soil","AnalysisStartDate":"8/2/2024","PFAS_Chemical_Name":"Perfluorotridecanoate","CAS_Number":"862374-87-6","Result_Measure_Value__ppt_":170,"Result_Measure_Value":170,"Result_Unit_of_Measure":"ng/kg","Analytical_Method":"PFAS, AXYS MLA-110: EPA 1633"}},{"type":"Feature","geometry":{"type":"Point","coordinates":[-110.926527778,32.115405556]},"properties":{"F_Monitoring_Location_Identifier":"USGS-09482374","Location_Name":"UNNAMED WASH NEAR S COUNTRY CLUB RD AT TUCSON, AZ","State":" AZ","EPA_Region":"09","HUC":"15050301","Organization":"U.S. Geological Survey","Environmental_Media_Name":"Soil","AnalysisStartDate":"1/20/2025","PFAS_Chemical_Name":"Perfluorooctanesulfonate","CAS_Number":"45298-90-6","Result_Measure_Value__ppt_":7900,"Result_Measure_Value":7900,"Result_Unit_of_Measure":"ng/kg","Analytical_Method":"PFAS, AXYS MLA-110: EPA 1633"}},{"type":"Feature","geometry":{"type":"Point","coordinates":[-110.926527778,32.115405556]},"properties":{"F_Monitoring_Location_Identifier":"USGS-09482374","Location_Name":"UNNAMED WASH NEAR S COUNTRY CLUB RD AT TUCSON, AZ","State":" AZ","EPA_Region":"09","HUC":"15050301","Organization":"U.S. Geological Survey","Environmental_Media_Name":"Soil","AnalysisStartDate":"1/20/2025","PFAS_Chemical_Name":"Perfluoroundecanoate","CAS_Number":"196859-54-8","Result_Measure_Value__ppt_":2000,"Result_Measure_Value":2000,"Result_Unit_of_Measure":"ng/kg","Analytical_Method":"PFAS, AXYS MLA-110: EPA 1633"}},{"type":"Feature","geometry":{"type":"Point","coordinates":[-110.926527778,32.115405556]},"properties":{"F_Monitoring_Location_Identifier":"USGS-09482374","Location_Name":"UNNAMED WASH NEAR S COUNTRY CLUB RD AT TUCSON, AZ","State":" AZ","EPA_Region":"09","HUC":"15050301","Organization":"U.S. Geological Survey","Environmental_Media_Name":"Soil","AnalysisStartDate":"1/23/2025","PFAS_Chemical_Name":"Perfluorooctanesulfonate (PFOS)","CAS_Number":"45298-90-6","Result_Measure_Value__ppt_":8700,"Result_Measure_Value":8700,"Result_Unit_of_Measure":"ng/kg","Analytical_Method":"PFAS \u0026 TOP, AXYS MLA-111"}},{"type":"Feature","geometry":{"type":"Point","coordinates":[-110.926527778,32.115405556]},"properties":{"F_Monitoring_Location_Identifier":"USGS-09482374","Location_Name":"UNNAMED WASH NEAR S COUNTRY CLUB RD AT TUCSON, AZ","State":" AZ","EPA_Region":"09","HUC":"15050301","Organization":"U.S. Geological Survey","Environmental_Media_Name":"Soil","AnalysisStartDate":"8/2/2024","PFAS_Chemical_Name":"Perfluorotetradecanoate","CAS_Number":"365971-87-5","Result_Measure_Value__ppt_":270,"Result_Measure_Value":270,"Result_Unit_of_Measure":"ng/kg","Analytical_Method":"PFAS, AXYS MLA-110: EPA 1633"}},{"type":"Feature","geometry":{"type":"Point","coordinates":[-110.926527778,32.115405556]},"properties":{"F_Monitoring_Location_Identifier":"USGS-09482374","Location_Name":"UNNAMED WASH NEAR S COUNTRY CLUB RD AT TUCSON, AZ","State":" AZ","EPA_Region":"09","HUC":"15050301","Organization":"U.S. Geological Survey","Environmental_Media_Name":"Soil","AnalysisStartDate":"1/20/2025","PFAS_Chemical_Name":"Perfluorotridecanoate","CAS_Number":"862374-87-6","Result_Measure_Value__ppt_":370,"Result_Measure_Value":370,"Result_Unit_of_Measure":"ng/kg","Analytical_Method":"PFAS, AXYS MLA-110: EPA 1633"}},{"type":"Feature","geometry":{"type":"Point","coordinates":[-110.926527778,32.115405556]},"properties":{"F_Monitoring_Location_Identifier":"USGS-09482374","Location_Name":"UNNAMED WASH NEAR S COUNTRY CLUB RD AT TUCSON, AZ","State":" AZ","EPA_Region":"09","HUC":"15050301","Organization":"U.S. Geological Survey","Environmental_Media_Name":"Soil","AnalysisStartDate":"1/20/2025","PFAS_Chemical_Name":"Perfluorononanesulfonate","CAS_Number":"474511-07-4","Result_Measure_Value__ppt_":360,"Result_Measure_Value":360,"Result_Unit_of_Measure":"ng/kg","Analytical_Method":"PFAS, AXYS MLA-110: EPA 1633"}},{"type":"Feature","geometry":{"type":"Point","coordinates":[-110.926527778,32.115405556]},"properties":{"F_Monitoring_Location_Identifier":"USGS-09482374","Location_Name":"UNNAMED WASH NEAR S COUNTRY CLUB RD AT TUCSON, AZ","State":" AZ","EPA_Region":"09","HUC":"15050301","Organization":"U.S. Geological Survey","Environmental_Media_Name":"Soil","AnalysisStartDate":"8/2/2024","PFAS_Chemical_Name":"Perfluorododecanoate","CAS_Number":"171978-95-3","Result_Measure_Value__ppt_":1300,"Result_Measure_Value":1300,"Result_Unit_of_Measure":"ng/kg","Analytical_Method":"PFAS, AXYS MLA-110: EPA 1633"}},{"type":"Feature","geometry":{"type":"Point","coordinates":[-110.926527778,32.115405556]},"properties":{"F_Monitoring_Location_Identifier":"USGS-09482374","Location_Name":"UNNAMED WASH NEAR S COUNTRY CLUB RD AT TUCSON, AZ","State":" AZ","EPA_Region":"09","HUC":"15050301","Organization":"U.S. Geological Survey","Environmental_Media_Name":"Soil","AnalysisStartDate":"1/23/2025","PFAS_Chemical_Name":"Perfluorodecanoate","CAS_Number":"73829-36-4","Result_Measure_Value__ppt_":1100,"Result_Measure_Value":1100,"Result_Unit_of_Measure":"ng/kg","Analytical_Method":"PFAS \u0026 TOP, AXYS MLA-111"}},{"type":"Feature","geometry":{"type":"Point","coordinates":[-110.926527778,32.115405556]},"properties":{"F_Monitoring_Location_Identifier":"USGS-09482374","Location_Name":"UNNAMED WASH NEAR S COUNTRY CLUB RD AT TUCSON, AZ","State":" AZ","EPA_Region":"09","HUC":"15050301","Organization":"U.S. Geological Survey","Environmental_Media_Name":"Soil","AnalysisStartDate":"1/23/2025","PFAS_Chemical_Name":"Perfluorodecanesulfonate","CAS_Number":"126105-34-8","Result_Measure_Value__ppt_":800,"Result_Measure_Value":800,"Result_Unit_of_Measure":"ng/kg","Analytical_Method":"PFAS \u0026 TOP, AXYS MLA-111"}},{"type":"Feature","geometry":{"type":"Point","coordinates":[-110.926527778,32.115405556]},"properties":{"F_Monitoring_Location_Identifier":"USGS-09482374","Location_Name":"UNNAMED WASH NEAR S COUNTRY CLUB RD AT TUCSON, AZ","State":" AZ","EPA_Region":"09","HUC":"15050301","Organization":"U.S. Geological Survey","Environmental_Media_Name":"Soil","AnalysisStartDate":"1/20/2025","PFAS_Chemical_Name":"PFOA ion","CAS_Number":"45285-51-6","Result_Measure_Value__ppt_":100,"Result_Measure_Value":100,"Result_Unit_of_Measure":"ng/kg","Analytical_Method":"PFAS, AXYS MLA-110: EPA 1633"}},{"type":"Feature","geometry":{"type":"Point","coordinates":[-110.926527778,32.115405556]},"properties":{"F_Monitoring_Location_Identifier":"USGS-09482374","Location_Name":"UNNAMED WASH NEAR S COUNTRY CLUB RD AT TUCSON, AZ","State":" AZ","EPA_Region":"09","HUC":"15050301","Organization":"U.S. Geological Survey","Environmental_Media_Name":"Soil","AnalysisStartDate":"1/23/2025","PFAS_Chemical_Name":"Perfluorohexanoate","CAS_Number":"92612-52-7","Result_Measure_Value__ppt_":2300,"Result_Measure_Value":2300,"Result_Unit_of_Measure":"ng/kg","Analytical_Method":"PFAS \u0026 TOP, AXYS MLA-111"}},{"type":"Feature","geometry":{"type":"Point","coordinates":[-110.926527778,32.115405556]},"properties":{"F_Monitoring_Location_Identifier":"USGS-09482374","Location_Name":"UNNAMED WASH NEAR S COUNTRY CLUB RD AT TUCSON, AZ","State":" AZ","EPA_Region":"09","HUC":"15050301","Organization":"U.S. Geological Survey","Environmental_Media_Name":"Soil","AnalysisStartDate":"1/20/2025","PFAS_Chemical_Name":"Perfluorononanoate","CAS_Number":"72007-68-2","Result_Measure_Value__ppt_":200,"Result_Measure_Value":200,"Result_Unit_of_Measure":"ng/kg","Analytical_Method":"PFAS, AXYS MLA-110: EPA 1633"}},{"type":"Feature","geometry":{"type":"Point","coordinates":[-110.926527778,32.115405556]},"properties":{"F_Monitoring_Location_Identifier":"USGS-09482374","Location_Name":"UNNAMED WASH NEAR S COUNTRY CLUB RD AT TUCSON, AZ","State":" AZ","EPA_Region":"09","HUC":"15050301","Organization":"U.S. Geological Survey","Environmental_Media_Name":"Soil","AnalysisStartDate":"1/20/2025","PFAS_Chemical_Name":"Perfluorododecanoate","CAS_Number":"171978-95-3","Result_Measure_Value__ppt_":910,"Result_Measure_Value":910,"Result_Unit_of_Measure":"ng/kg","Analytical_Method":"PFAS, AXYS MLA-110: EPA 1633"}},{"type":"Feature","geometry":{"type":"Point","coordinates":[-110.926527778,32.115405556]},"properties":{"F_Monitoring_Location_Identifier":"USGS-09482374","Location_Name":"UNNAMED WASH NEAR S COUNTRY CLUB RD AT TUCSON, AZ","State":" AZ","EPA_Region":"09","HUC":"15050301","Organization":"U.S. Geological Survey","Environmental_Media_Name":"Soil","AnalysisStartDate":"1/20/2025","PFAS_Chemical_Name":"Perfluorohexanesulfonate","CAS_Number":"108427-53-8","Result_Measure_Value__ppt_":160,"Result_Measure_Value":160,"Result_Unit_of_Measure":"ng/kg","Analytical_Method":"PFAS, AXYS MLA-110: EPA 1633"}},{"type":"Feature","geometry":{"type":"Point","coordinates":[-110.926527778,32.115405556]},"properties":{"F_Monitoring_Location_Identifier":"USGS-09482374","Location_Name":"UNNAMED WASH NEAR S COUNTRY CLUB RD AT TUCSON, AZ","State":" AZ","EPA_Region":"09","HUC":"15050301","Organization":"U.S. Geological Survey","Environmental_Media_Name":"Soil","AnalysisStartDate":"8/2/2024","PFAS_Chemical_Name":"Perfluorohexanoate","CAS_Number":"92612-52-7","Result_Measure_Value__ppt_":60,"Result_Measure_Value":60,"Result_Unit_of_Measure":"ng/kg","Analytical_Method":"PFAS, AXYS MLA-110: EPA 1633"}},{"type":"Feature","geometry":{"type":"Point","coordinates":[-110.926527778,32.115405556]},"properties":{"F_Monitoring_Location_Identifier":"USGS-09482374","Location_Name":"UNNAMED WASH NEAR S COUNTRY CLUB RD AT TUCSON, AZ","State":" AZ","EPA_Region":"09","HUC":"15050301","Organization":"U.S. Geological Survey","Environmental_Media_Name":"Soil","AnalysisStartDate":"1/20/2025","PFAS_Chemical_Name":"Perfluorodecanoate","CAS_Number":"73829-36-4","Result_Measure_Value__ppt_":890,"Result_Measure_Value":890,"Result_Unit_of_Measure":"ng/kg","Analytical_Method":"PFAS, AXYS MLA-110: EPA 1633"}},{"type":"Feature","geometry":{"type":"Point","coordinates":[-110.926527778,32.115405556]},"properties":{"F_Monitoring_Location_Identifier":"USGS-09482374","Location_Name":"UNNAMED WASH NEAR S COUNTRY CLUB RD AT TUCSON, AZ","State":" AZ","EPA_Region":"09","HUC":"15050301","Organization":"U.S. Geological Survey","Environmental_Media_Name":"Soil","AnalysisStartDate":"1/20/2025","PFAS_Chemical_Name":"Perfluorododecanesulfonate","CAS_Number":"343629-43-6","Result_Measure_Value__ppt_":220,"Result_Measure_Value":220,"Result_Unit_of_Measure":"ng/kg","Analytical_Method":"PFAS, AXYS MLA-110: EPA 1633"}},{"type":"Feature","geometry":{"type":"Point","coordinates":[-110.926527778,32.115405556]},"properties":{"F_Monitoring_Location_Identifier":"USGS-09482374","Location_Name":"UNNAMED WASH NEAR S COUNTRY CLUB RD AT TUCSON, AZ","State":" AZ","EPA_Region":"09","HUC":"15050301","Organization":"U.S. Geological Survey","Environmental_Media_Name":"Soil","AnalysisStartDate":"8/2/2024","PFAS_Chemical_Name":"Perfluorooctanesulfonate","CAS_Number":"45298-90-6","Result_Measure_Value__ppt_":30300,"Result_Measure_Value":30300,"Result_Unit_of_Measure":"ng/kg","Analytical_Method":"PFAS, AXYS MLA-110: EPA 1633"}},{"type":"Feature","geometry":{"type":"Point","coordinates":[-110.926527778,32.115405556]},"properties":{"F_Monitoring_Location_Identifier":"USGS-09482374","Location_Name":"UNNAMED WASH NEAR S COUNTRY CLUB RD AT TUCSON, AZ","State":" AZ","EPA_Region":"09","HUC":"15050301","Organization":"U.S. Geological Survey","Environmental_Media_Name":"Soil","AnalysisStartDate":"8/2/2024","PFAS_Chemical_Name":"Perfluorohexanesulfonate","CAS_Number":"108427-53-8","Result_Measure_Value__ppt_":260,"Result_Measure_Value":260,"Result_Unit_of_Measure":"ng/kg","Analytical_Method":"PFAS, AXYS MLA-110: EPA 1633"}},{"type":"Feature","geometry":{"type":"Point","coordinates":[-110.926527778,32.115405556]},"properties":{"F_Monitoring_Location_Identifier":"USGS-09482374","Location_Name":"UNNAMED WASH NEAR S COUNTRY CLUB RD AT TUCSON, AZ","State":" AZ","EPA_Region":"09","HUC":"15050301","Organization":"U.S. Geological Survey","Environmental_Media_Name":"Soil","AnalysisStartDate":"8/2/2024","PFAS_Chemical_Name":"Perfluorodecanoate","CAS_Number":"73829-36-4","Result_Measure_Value__ppt_":2300,"Result_Measure_Value":2300,"Result_Unit_of_Measure":"ng/kg","Analytical_Method":"PFAS, AXYS MLA-110: EPA 1633"}},{"type":"Feature","geometry":{"type":"Point","coordinates":[-110.926527778,32.115405556]},"properties":{"F_Monitoring_Location_Identifier":"USGS-09482374","Location_Name":"UNNAMED WASH NEAR S COUNTRY CLUB RD AT TUCSON, AZ","State":" AZ","EPA_Region":"09","HUC":"15050301","Organization":"U.S. Geological Survey","Environmental_Media_Name":"Soil","AnalysisStartDate":"1/23/2025","PFAS_Chemical_Name":"Perfluorononanoate","CAS_Number":"72007-68-2","Result_Measure_Value__ppt_":480,"Result_Measure_Value":480,"Result_Unit_of_Measure":"ng/kg","Analytical_Method":"PFAS \u0026 TOP, AXYS MLA-111"}},{"type":"Feature","geometry":{"type":"Point","coordinates":[-110.926527778,32.115405556]},"properties":{"F_Monitoring_Location_Identifier":"USGS-09482374","Location_Name":"UNNAMED WASH NEAR S COUNTRY CLUB RD AT TUCSON, AZ","State":" AZ","EPA_Region":"09","HUC":"15050301","Organization":"U.S. Geological Survey","Environmental_Media_Name":"Soil","AnalysisStartDate":"1/23/2025","PFAS_Chemical_Name":"Perfluorooctanoate (anionic form)","CAS_Number":"45285-51-6","Result_Measure_Value__ppt_":570,"Result_Measure_Value":570,"Result_Unit_of_Measure":"ng/kg","Analytical_Method":"PFAS \u0026 TOP, AXYS MLA-111"}},{"type":"Feature","geometry":{"type":"Point","coordinates":[-110.926527778,32.115405556]},"properties":{"F_Monitoring_Location_Identifier":"USGS-09482374","Location_Name":"UNNAMED WASH NEAR S COUNTRY CLUB RD AT TUCSON, AZ","State":" AZ","EPA_Region":"09","HUC":"15050301","Organization":"U.S. Geological Survey","Environmental_Media_Name":"Soil","AnalysisStartDate":"8/2/2024","PFAS_Chemical_Name":"PFOA ion","CAS_Number":"45285-51-6","Result_Measure_Value__ppt_":210,"Result_Measure_Value":210,"Result_Unit_of_Measure":"ng/kg","Analytical_Method":"PFAS, AXYS MLA-110: EPA 1633"}},{"type":"Feature","geometry":{"type":"Point","coordinates":[-110.926527778,32.115405556]},"properties":{"F_Monitoring_Location_Identifier":"USGS-09482374","Location_Name":"UNNAMED WASH NEAR S COUNTRY CLUB RD AT TUCSON, AZ","State":" AZ","EPA_Region":"09","HUC":"15050301","Organization":"U.S. Geological Survey","Environmental_Media_Name":"Soil","AnalysisStartDate":"1/23/2025","PFAS_Chemical_Name":"Perfluorododecanoate","CAS_Number":"171978-95-3","Result_Measure_Value__ppt_":900,"Result_Measure_Value":900,"Result_Unit_of_Measure":"ng/kg","Analytical_Method":"PFAS \u0026 TOP, AXYS MLA-111"}},{"type":"Feature","geometry":{"type":"Point","coordinates":[-110.926527778,32.115405556]},"properties":{"F_Monitoring_Location_Identifier":"USGS-09482374","Location_Name":"UNNAMED WASH NEAR S COUNTRY CLUB RD AT TUCSON, AZ","State":" AZ","EPA_Region":"09","HUC":"15050301","Organization":"U.S. Geological Survey","Environmental_Media_Name":"Soil","AnalysisStartDate":"1/20/2025","PFAS_Chemical_Name":"Perfluorodecanesulfonate","CAS_Number":"126105-34-8","Result_Measure_Value__ppt_":940,"Result_Measure_Value":940,"Result_Unit_of_Measure":"ng/kg","Analytical_Method":"PFAS, AXYS MLA-110: EPA 1633"}},{"type":"Feature","geometry":{"type":"Point","coordinates":[-110.926527778,32.115405556]},"properties":{"F_Monitoring_Location_Identifier":"USGS-09482374","Location_Name":"UNNAMED WASH NEAR S COUNTRY CLUB RD AT TUCSON, AZ","State":" AZ","EPA_Region":"09","HUC":"15050301","Organization":"U.S. Geological Survey","Environmental_Media_Name":"Soil","AnalysisStartDate":"8/2/2024","PFAS_Chemical_Name":"Perfluoroundecanoate","CAS_Number":"196859-54-8","Result_Measure_Value__ppt_":3900,"Result_Measure_Value":3900,"Result_Unit_of_Measure":"ng/kg","Analytical_Method":"PFAS, AXYS MLA-110: EPA 1633"}},{"type":"Feature","geometry":{"type":"Point","coordinates":[-110.926527778,32.115405556]},"properties":{"F_Monitoring_Location_Identifier":"USGS-09482374","Location_Name":"UNNAMED WASH NEAR S COUNTRY CLUB RD AT TUCSON, AZ","State":" AZ","EPA_Region":"09","HUC":"15050301","Organization":"U.S. Geological Survey","Environmental_Media_Name":"Soil","AnalysisStartDate":"8/2/2024","PFAS_Chemical_Name":"Perfluorotridecanoate","CAS_Number":"862374-87-6","Result_Measure_Value__ppt_":540,"Result_Measure_Value":540,"Result_Unit_of_Measure":"ng/kg","Analytical_Method":"PFAS, AXYS MLA-110: EPA 1633"}},{"type":"Feature","geometry":{"type":"Point","coordinates":[-110.926527778,32.115405556]},"properties":{"F_Monitoring_Location_Identifier":"USGS-09482374","Location_Name":"UNNAMED WASH NEAR S COUNTRY CLUB RD AT TUCSON, AZ","State":" AZ","EPA_Region":"09","HUC":"15050301","Organization":"U.S. Geological Survey","Environmental_Media_Name":"Soil","AnalysisStartDate":"1/20/2025","PFAS_Chemical_Name":"Perfluorotetradecanoate","CAS_Number":"365971-87-5","Result_Measure_Value__ppt_":170,"Result_Measure_Value":170,"Result_Unit_of_Measure":"ng/kg","Analytical_Method":"PFAS, AXYS MLA-110: EPA 1633"}},{"type":"Feature","geometry":{"type":"Point","coordinates":[-110.926527778,32.115405556]},"properties":{"F_Monitoring_Location_Identifier":"USGS-09482374","Location_Name":"UNNAMED WASH NEAR S COUNTRY CLUB RD AT TUCSON, AZ","State":" AZ","EPA_Region":"09","HUC":"15050301","Organization":"U.S. Geological Survey","Environmental_Media_Name":"Soil","AnalysisStartDate":"8/2/2024","PFAS_Chemical_Name":"Perfluorononanoate","CAS_Number":"72007-68-2","Result_Measure_Value__ppt_":570,"Result_Measure_Value":570,"Result_Unit_of_Measure":"ng/kg","Analytical_Method":"PFAS, AXYS MLA-110: EPA 1633"}},{"type":"Feature","geometry":{"type":"Point","coordinates":[-110.926527778,32.115405556]},"properties":{"F_Monitoring_Location_Identifier":"USGS-09482374","Location_Name":"UNNAMED WASH NEAR S COUNTRY CLUB RD AT TUCSON, AZ","State":" AZ","EPA_Region":"09","HUC":"15050301","Organization":"U.S. Geological Survey","Environmental_Media_Name":"Soil","AnalysisStartDate":"1/23/2025","PFAS_Chemical_Name":"Perfluoroundecanoate","CAS_Number":"196859-54-8","Result_Measure_Value__ppt_":2000,"Result_Measure_Value":2000,"Result_Unit_of_Measure":"ng/kg","Analytical_Method":"PFAS \u0026 TOP, AXYS MLA-111"}},{"type":"Feature","geometry":{"type":"Point","coordinates":[-110.927916667,32.118158333]},"properties":{"F_Monitoring_Location_Identifier":"USGS-09482375","Location_Name":"AIRPORT WASH ABOVE E LOS REALES RD AT TUCSON, AZ","State":" AZ","EPA_Region":"09","HUC":"15050301","Organization":"U.S. Geological Survey","Environmental_Media_Name":"Soil","AnalysisStartDate":"8/2/2024","PFAS_Chemical_Name":"Perfluorooctanesulfonate","CAS_Number":"45298-90-6","Result_Measure_Value__ppt_":2400,"Result_Measure_Value":2400,"Result_Unit_of_Measure":"ng/kg","Analytical_Method":"PFAS, AXYS MLA-110: EPA 1633"}},{"type":"Feature","geometry":{"type":"Point","coordinates":[-110.927916667,32.118158333]},"properties":{"F_Monitoring_Location_Identifier":"USGS-09482375","Location_Name":"AIRPORT WASH ABOVE E LOS REALES RD AT TUCSON, AZ","State":" AZ","EPA_Region":"09","HUC":"15050301","Organization":"U.S. Geological Survey","Environmental_Media_Name":"Soil","AnalysisStartDate":"1/23/2025","PFAS_Chemical_Name":"Perfluorooctanoate (anionic form)","CAS_Number":"45285-51-6","Result_Measure_Value__ppt_":520,"Result_Measure_Value":520,"Result_Unit_of_Measure":"ng/kg","Analytical_Method":"PFAS \u0026 TOP, AXYS MLA-111"}},{"type":"Feature","geometry":{"type":"Point","coordinates":[-110.927916667,32.118158333]},"properties":{"F_Monitoring_Location_Identifier":"USGS-09482375","Location_Name":"AIRPORT WASH ABOVE E LOS REALES RD AT TUCSON, AZ","State":" AZ","EPA_Region":"09","HUC":"15050301","Organization":"U.S. Geological Survey","Environmental_Media_Name":"Soil","AnalysisStartDate":"8/2/2024","PFAS_Chemical_Name":"Perfluorohexanesulfonate","CAS_Number":"108427-53-8","Result_Measure_Value__ppt_":260,"Result_Measure_Value":260,"Result_Unit_of_Measure":"ng/kg","Analytical_Method":"PFAS, AXYS MLA-110: EPA 1633"}},{"type":"Feature","geometry":{"type":"Point","coordinates":[-110.927916667,32.118158333]},"properties":{"F_Monitoring_Location_Identifier":"USGS-09482375","Location_Name":"AIRPORT WASH ABOVE E LOS REALES RD AT TUCSON, AZ","State":" AZ","EPA_Region":"09","HUC":"15050301","Organization":"U.S. Geological Survey","Environmental_Media_Name":"Soil","AnalysisStartDate":"8/2/2024","PFAS_Chemical_Name":"1-Octanesulfonic acid, 3,3,4,4,5,5,6,6,7,7,8,8,8-tridecafluoro-","CAS_Number":"27619-97-2","Result_Measure_Value__ppt_":400,"Result_Measure_Value":400,"Result_Unit_of_Measure":"ng/kg","Analytical_Method":"PFAS, AXYS MLA-110: EPA 1633"}},{"type":"Feature","geometry":{"type":"Point","coordinates":[-110.927916667,32.118158333]},"properties":{"F_Monitoring_Location_Identifier":"USGS-09482375","Location_Name":"AIRPORT WASH ABOVE E LOS REALES RD AT TUCSON, AZ","State":" AZ","EPA_Region":"09","HUC":"15050301","Organization":"U.S. Geological Survey","Environmental_Media_Name":"Soil","AnalysisStartDate":"1/20/2025","PFAS_Chemical_Name":"Perfluoropentanoate","CAS_Number":"45167-47-3","Result_Measure_Value__ppt_":110,"Result_Measure_Value":110,"Result_Unit_of_Measure":"ng/kg","Analytical_Method":"PFAS, AXYS MLA-110: EPA 1633"}},{"type":"Feature","geometry":{"type":"Point","coordinates":[-110.927916667,32.118158333]},"properties":{"F_Monitoring_Location_Identifier":"USGS-09482375","Location_Name":"AIRPORT WASH ABOVE E LOS REALES RD AT TUCSON, AZ","State":" AZ","EPA_Region":"09","HUC":"15050301","Organization":"U.S. Geological Survey","Environmental_Media_Name":"Soil","AnalysisStartDate":"1/20/2025","PFAS_Chemical_Name":"Perfluorooctanesulfonate","CAS_Number":"45298-90-6","Result_Measure_Value__ppt_":1800,"Result_Measure_Value":1800,"Result_Unit_of_Measure":"ng/kg","Analytical_Method":"PFAS, AXYS MLA-110: EPA 1633"}},{"type":"Feature","geometry":{"type":"Point","coordinates":[-110.927916667,32.118158333]},"properties":{"F_Monitoring_Location_Identifier":"USGS-09482375","Location_Name":"AIRPORT WASH ABOVE E LOS REALES RD AT TUCSON, AZ","State":" AZ","EPA_Region":"09","HUC":"15050301","Organization":"U.S. Geological Survey","Environmental_Media_Name":"Soil","AnalysisStartDate":"1/20/2025","PFAS_Chemical_Name":"Perfluorobutanoate","CAS_Number":"45048-62-2","Result_Measure_Value__ppt_":200,"Result_Measure_Value":200,"Result_Unit_of_Measure":"ng/kg","Analytical_Method":"PFAS, AXYS MLA-110: EPA 1633"}},{"type":"Feature","geometry":{"type":"Point","coordinates":[-110.927916667,32.118158333]},"properties":{"F_Monitoring_Location_Identifier":"USGS-09482375","Location_Name":"AIRPORT WASH ABOVE E LOS REALES RD AT TUCSON, AZ","State":" AZ","EPA_Region":"09","HUC":"15050301","Organization":"U.S. Geological Survey","Environmental_Media_Name":"Soil","AnalysisStartDate":"1/23/2025","PFAS_Chemical_Name":"Perfluorohexanoate","CAS_Number":"92612-52-7","Result_Measure_Value__ppt_":2200,"Result_Measure_Value":2200,"Result_Unit_of_Measure":"ng/kg","Analytical_Method":"PFAS \u0026 TOP, AXYS MLA-111"}},{"type":"Feature","geometry":{"type":"Point","coordinates":[-110.927916667,32.118158333]},"properties":{"F_Monitoring_Location_Identifier":"USGS-09482375","Location_Name":"AIRPORT WASH ABOVE E LOS REALES RD AT TUCSON, AZ","State":" AZ","EPA_Region":"09","HUC":"15050301","Organization":"U.S. Geological Survey","Environmental_Media_Name":"Soil","AnalysisStartDate":"1/23/2025","PFAS_Chemical_Name":"Perfluorooctanesulfonate (PFOS)","CAS_Number":"45298-90-6","Result_Measure_Value__ppt_":3300,"Result_Measure_Value":3300,"Result_Unit_of_Measure":"ng/kg","Analytical_Method":"PFAS \u0026 TOP, AXYS MLA-111"}},{"type":"Feature","geometry":{"type":"Point","coordinates":[-110.927916667,32.118158333]},"properties":{"F_Monitoring_Location_Identifier":"USGS-09482375","Location_Name":"AIRPORT WASH ABOVE E LOS REALES RD AT TUCSON, AZ","State":" AZ","EPA_Region":"09","HUC":"15050301","Organization":"U.S. Geological Survey","Environmental_Media_Name":"Soil","AnalysisStartDate":"1/20/2025","PFAS_Chemical_Name":"Perfluoroundecanoate","CAS_Number":"196859-54-8","Result_Measure_Value__ppt_":80,"Result_Measure_Value":80,"Result_Unit_of_Measure":"ng/kg","Analytical_Method":"PFAS, AXYS MLA-110: EPA 1633"}},{"type":"Feature","geometry":{"type":"Point","coordinates":[-110.939542,32.1260500000001]},"properties":{"F_Monitoring_Location_Identifier":"USGS-09482385","Location_Name":"AIRPORT WASH AT S PLUMER RD AT TUCSON, AZ","State":" AZ","EPA_Region":"09","HUC":"15050301","Organization":"U.S. Geological Survey","Environmental_Media_Name":"Soil","AnalysisStartDate":"1/23/2025","PFAS_Chemical_Name":"Perfluorododecanoate","CAS_Number":"171978-95-3","Result_Measure_Value__ppt_":1300,"Result_Measure_Value":1300,"Result_Unit_of_Measure":"ng/kg","Analytical_Method":"PFAS \u0026 TOP, AXYS MLA-111"}},{"type":"Feature","geometry":{"type":"Point","coordinates":[-110.939542,32.1260500000001]},"properties":{"F_Monitoring_Location_Identifier":"USGS-09482385","Location_Name":"AIRPORT WASH AT S PLUMER RD AT TUCSON, AZ","State":" AZ","EPA_Region":"09","HUC":"15050301","Organization":"U.S. Geological Survey","Environmental_Media_Name":"Soil","AnalysisStartDate":"8/2/2024","PFAS_Chemical_Name":"Perfluorononanoate","CAS_Number":"72007-68-2","Result_Measure_Value__ppt_":140,"Result_Measure_Value":140,"Result_Unit_of_Measure":"ng/kg","Analytical_Method":"PFAS, AXYS MLA-110: EPA 1633"}},{"type":"Feature","geometry":{"type":"Point","coordinates":[-110.939542,32.1260500000001]},"properties":{"F_Monitoring_Location_Identifier":"USGS-09482385","Location_Name":"AIRPORT WASH AT S PLUMER RD AT TUCSON, AZ","State":" AZ","EPA_Region":"09","HUC":"15050301","Organization":"U.S. Geological Survey","Environmental_Media_Name":"Soil","AnalysisStartDate":"1/20/2025","PFAS_Chemical_Name":"Perfluorotridecanoate","CAS_Number":"862374-87-6","Result_Measure_Value__ppt_":450,"Result_Measure_Value":450,"Result_Unit_of_Measure":"ng/kg","Analytical_Method":"PFAS, AXYS MLA-110: EPA 1633"}},{"type":"Feature","geometry":{"type":"Point","coordinates":[-110.939542,32.1260500000001]},"properties":{"F_Monitoring_Location_Identifier":"USGS-09482385","Location_Name":"AIRPORT WASH AT S PLUMER RD AT TUCSON, AZ","State":" AZ","EPA_Region":"09","HUC":"15050301","Organization":"U.S. Geological Survey","Environmental_Media_Name":"Soil","AnalysisStartDate":"1/20/2025","PFAS_Chemical_Name":"Perfluorododecanoate","CAS_Number":"171978-95-3","Result_Measure_Value__ppt_":1700,"Result_Measure_Value":1700,"Result_Unit_of_Measure":"ng/kg","Analytical_Method":"PFAS, AXYS MLA-110: EPA 1633"}},{"type":"Feature","geometry":{"type":"Point","coordinates":[-110.939542,32.1260500000001]},"properties":{"F_Monitoring_Location_Identifier":"USGS-09482385","Location_Name":"AIRPORT WASH AT S PLUMER RD AT TUCSON, AZ","State":" AZ","EPA_Region":"09","HUC":"15050301","Organization":"U.S. Geological Survey","Environmental_Media_Name":"Soil","AnalysisStartDate":"1/23/2025","PFAS_Chemical_Name":"Perfluorodecanoate","CAS_Number":"73829-36-4","Result_Measure_Value__ppt_":490,"Result_Measure_Value":490,"Result_Unit_of_Measure":"ng/kg","Analytical_Method":"PFAS \u0026 TOP, AXYS MLA-111"}},{"type":"Feature","geometry":{"type":"Point","coordinates":[-110.939542,32.1260500000001]},"properties":{"F_Monitoring_Location_Identifier":"USGS-09482385","Location_Name":"AIRPORT WASH AT S PLUMER RD AT TUCSON, AZ","State":" AZ","EPA_Region":"09","HUC":"15050301","Organization":"U.S. Geological Survey","Environmental_Media_Name":"Soil","AnalysisStartDate":"1/20/2025","PFAS_Chemical_Name":"Perfluorodecanesulfonate","CAS_Number":"126105-34-8","Result_Measure_Value__ppt_":570,"Result_Measure_Value":570,"Result_Unit_of_Measure":"ng/kg","Analytical_Method":"PFAS, AXYS MLA-110: EPA 1633"}},{"type":"Feature","geometry":{"type":"Point","coordinates":[-110.939542,32.1260500000001]},"properties":{"F_Monitoring_Location_Identifier":"USGS-09482385","Location_Name":"AIRPORT WASH AT S PLUMER RD AT TUCSON, AZ","State":" AZ","EPA_Region":"09","HUC":"15050301","Organization":"U.S. Geological Survey","Environmental_Media_Name":"Soil","AnalysisStartDate":"1/20/2025","PFAS_Chemical_Name":"Perfluorooctanesulfonate","CAS_Number":"45298-90-6","Result_Measure_Value__ppt_":1300,"Result_Measure_Value":1300,"Result_Unit_of_Measure":"ng/kg","Analytical_Method":"PFAS, AXYS MLA-110: EPA 1633"}},{"type":"Feature","geometry":{"type":"Point","coordinates":[-110.939542,32.1260500000001]},"properties":{"F_Monitoring_Location_Identifier":"USGS-09482385","Location_Name":"AIRPORT WASH AT S PLUMER RD AT TUCSON, AZ","State":" AZ","EPA_Region":"09","HUC":"15050301","Organization":"U.S. Geological Survey","Environmental_Media_Name":"Soil","AnalysisStartDate":"1/20/2025","PFAS_Chemical_Name":"Perfluorododecanesulfonate","CAS_Number":"343629-43-6","Result_Measure_Value__ppt_":110,"Result_Measure_Value":110,"Result_Unit_of_Measure":"ng/kg","Analytical_Method":"PFAS, AXYS MLA-110: EPA 1633"}},{"type":"Feature","geometry":{"type":"Point","coordinates":[-110.939542,32.1260500000001]},"properties":{"F_Monitoring_Location_Identifier":"USGS-09482385","Location_Name":"AIRPORT WASH AT S PLUMER RD AT TUCSON, AZ","State":" AZ","EPA_Region":"09","HUC":"15050301","Organization":"U.S. Geological Survey","Environmental_Media_Name":"Soil","AnalysisStartDate":"1/20/2025","PFAS_Chemical_Name":"Perfluorononanesulfonate","CAS_Number":"474511-07-4","Result_Measure_Value__ppt_":140,"Result_Measure_Value":140,"Result_Unit_of_Measure":"ng/kg","Analytical_Method":"PFAS, AXYS MLA-110: EPA 1633"}},{"type":"Feature","geometry":{"type":"Point","coordinates":[-110.939542,32.1260500000001]},"properties":{"F_Monitoring_Location_Identifier":"USGS-09482385","Location_Name":"AIRPORT WASH AT S PLUMER RD AT TUCSON, AZ","State":" AZ","EPA_Region":"09","HUC":"15050301","Organization":"U.S. Geological Survey","Environmental_Media_Name":"Soil","AnalysisStartDate":"8/2/2024","PFAS_Chemical_Name":"Perfluorotridecanoate","CAS_Number":"862374-87-6","Result_Measure_Value__ppt_":320,"Result_Measure_Value":320,"Result_Unit_of_Measure":"ng/kg","Analytical_Method":"PFAS, AXYS MLA-110: EPA 1633"}},{"type":"Feature","geometry":{"type":"Point","coordinates":[-110.939542,32.1260500000001]},"properties":{"F_Monitoring_Location_Identifier":"USGS-09482385","Location_Name":"AIRPORT WASH AT S PLUMER RD AT TUCSON, AZ","State":" AZ","EPA_Region":"09","HUC":"15050301","Organization":"U.S. Geological Survey","Environmental_Media_Name":"Soil","AnalysisStartDate":"1/23/2025","PFAS_Chemical_Name":"Perfluorooctanesulfonate (PFOS)","CAS_Number":"45298-90-6","Result_Measure_Value__ppt_":1500,"Result_Measure_Value":1500,"Result_Unit_of_Measure":"ng/kg","Analytical_Method":"PFAS \u0026 TOP, AXYS MLA-111"}},{"type":"Feature","geometry":{"type":"Point","coordinates":[-110.939542,32.1260500000001]},"properties":{"F_Monitoring_Location_Identifier":"USGS-09482385","Location_Name":"AIRPORT WASH AT S PLUMER RD AT TUCSON, AZ","State":" AZ","EPA_Region":"09","HUC":"15050301","Organization":"U.S. Geological Survey","Environmental_Media_Name":"Soil","AnalysisStartDate":"1/20/2025","PFAS_Chemical_Name":"N-Ethylperfluorooctanesulfonamidoacetate","CAS_Number":"2991-50-6","Result_Measure_Value__ppt_":170,"Result_Measure_Value":170,"Result_Unit_of_Measure":"ng/kg","Analytical_Method":"PFAS, AXYS MLA-110: EPA 1633"}},{"type":"Feature","geometry":{"type":"Point","coordinates":[-110.939542,32.1260500000001]},"properties":{"F_Monitoring_Location_Identifier":"USGS-09482385","Location_Name":"AIRPORT WASH AT S PLUMER RD AT TUCSON, AZ","State":" AZ","EPA_Region":"09","HUC":"15050301","Organization":"U.S. Geological Survey","Environmental_Media_Name":"Soil","AnalysisStartDate":"1/20/2025","PFAS_Chemical_Name":"Perfluorohexanoate","CAS_Number":"92612-52-7","Result_Measure_Value__ppt_":50,"Result_Measure_Value":50,"Result_Unit_of_Measure":"ng/kg","Analytical_Method":"PFAS, AXYS MLA-110: EPA 1633"}},{"type":"Feature","geometry":{"type":"Point","coordinates":[-110.939542,32.1260500000001]},"properties":{"F_Monitoring_Location_Identifier":"USGS-09482385","Location_Name":"AIRPORT WASH AT S PLUMER RD AT TUCSON, AZ","State":" AZ","EPA_Region":"09","HUC":"15050301","Organization":"U.S. Geological Survey","Environmental_Media_Name":"Soil","AnalysisStartDate":"8/2/2024","PFAS_Chemical_Name":"Perfluorodecanoate","CAS_Number":"73829-36-4","Result_Measure_Value__ppt_":550,"Result_Measure_Value":550,"Result_Unit_of_Measure":"ng/kg","Analytical_Method":"PFAS, AXYS MLA-110: EPA 1633"}},{"type":"Feature","geometry":{"type":"Point","coordinates":[-110.939542,32.1260500000001]},"properties":{"F_Monitoring_Location_Identifier":"USGS-09482385","Location_Name":"AIRPORT WASH AT S PLUMER RD AT TUCSON, AZ","State":" AZ","EPA_Region":"09","HUC":"15050301","Organization":"U.S. Geological Survey","Environmental_Media_Name":"Soil","AnalysisStartDate":"1/23/2025","PFAS_Chemical_Name":"Perfluorohexanoate","CAS_Number":"92612-52-7","Result_Measure_Value__ppt_":1900,"Result_Measure_Value":1900,"Result_Unit_of_Measure":"ng/kg","Analytical_Method":"PFAS \u0026 TOP, AXYS MLA-111"}},{"type":"Feature","geometry":{"type":"Point","coordinates":[-110.939542,32.1260500000001]},"properties":{"F_Monitoring_Location_Identifier":"USGS-09482385","Location_Name":"AIRPORT WASH AT S PLUMER RD AT TUCSON, AZ","State":" AZ","EPA_Region":"09","HUC":"15050301","Organization":"U.S. Geological Survey","Environmental_Media_Name":"Soil","AnalysisStartDate":"8/2/2024","PFAS_Chemical_Name":"Perfluorotetradecanoate","CAS_Number":"365971-87-5","Result_Measure_Value__ppt_":600,"Result_Measure_Value":600,"Result_Unit_of_Measure":"ng/kg","Analytical_Method":"PFAS, AXYS MLA-110: EPA 1633"}},{"type":"Feature","geometry":{"type":"Point","coordinates":[-110.939542,32.1260500000001]},"properties":{"F_Monitoring_Location_Identifier":"USGS-09482385","Location_Name":"AIRPORT WASH AT S PLUMER RD AT TUCSON, AZ","State":" AZ","EPA_Region":"09","HUC":"15050301","Organization":"U.S. Geological Survey","Environmental_Media_Name":"Soil","AnalysisStartDate":"1/23/2025","PFAS_Chemical_Name":"Perfluoropentanesulfonate","CAS_Number":"175905-36-9","Result_Measure_Value__ppt_":1400,"Result_Measure_Value":1400,"Result_Unit_of_Measure":"ng/kg","Analytical_Method":"PFAS \u0026 TOP, AXYS MLA-111"}},{"type":"Feature","geometry":{"type":"Point","coordinates":[-110.939542,32.1260500000001]},"properties":{"F_Monitoring_Location_Identifier":"USGS-09482385","Location_Name":"AIRPORT WASH AT S PLUMER RD AT TUCSON, AZ","State":" AZ","EPA_Region":"09","HUC":"15050301","Organization":"U.S. Geological Survey","Environmental_Media_Name":"Soil","AnalysisStartDate":"8/2/2024","PFAS_Chemical_Name":"PFOA ion","CAS_Number":"45285-51-6","Result_Measure_Value__ppt_":110,"Result_Measure_Value":110,"Result_Unit_of_Measure":"ng/kg","Analytical_Method":"PFAS, AXYS MLA-110: EPA 1633"}},{"type":"Feature","geometry":{"type":"Point","coordinates":[-110.939542,32.1260500000001]},"properties":{"F_Monitoring_Location_Identifier":"USGS-09482385","Location_Name":"AIRPORT WASH AT S PLUMER RD AT TUCSON, AZ","State":" AZ","EPA_Region":"09","HUC":"15050301","Organization":"U.S. Geological Survey","Environmental_Media_Name":"Soil","AnalysisStartDate":"1/23/2025","PFAS_Chemical_Name":"Perfluoroheptanoate","CAS_Number":"120885-29-2","Result_Measure_Value__ppt_":680,"Result_Measure_Value":680,"Result_Unit_of_Measure":"ng/kg","Analytical_Method":"PFAS \u0026 TOP, AXYS MLA-111"}},{"type":"Feature","geometry":{"type":"Point","coordinates":[-110.939542,32.1260500000001]},"properties":{"F_Monitoring_Location_Identifier":"USGS-09482385","Location_Name":"AIRPORT WASH AT S PLUMER RD AT TUCSON, AZ","State":" AZ","EPA_Region":"09","HUC":"15050301","Organization":"U.S. Geological Survey","Environmental_Media_Name":"Soil","AnalysisStartDate":"1/20/2025","PFAS_Chemical_Name":"Perfluorodecanoate","CAS_Number":"73829-36-4","Result_Measure_Value__ppt_":330,"Result_Measure_Value":330,"Result_Unit_of_Measure":"ng/kg","Analytical_Method":"PFAS, AXYS MLA-110: EPA 1633"}},{"type":"Feature","geometry":{"type":"Point","coordinates":[-110.939542,32.1260500000001]},"properties":{"F_Monitoring_Location_Identifier":"USGS-09482385","Location_Name":"AIRPORT WASH AT S PLUMER RD AT TUCSON, AZ","State":" AZ","EPA_Region":"09","HUC":"15050301","Organization":"U.S. Geological Survey","Environmental_Media_Name":"Soil","AnalysisStartDate":"1/20/2025","PFAS_Chemical_Name":"Perfluorotetradecanoate","CAS_Number":"365971-87-5","Result_Measure_Value__ppt_":740,"Result_Measure_Value":740,"Result_Unit_of_Measure":"ng/kg","Analytical_Method":"PFAS, AXYS MLA-110: EPA 1633"}},{"type":"Feature","geometry":{"type":"Point","coordinates":[-110.939542,32.1260500000001]},"properties":{"F_Monitoring_Location_Identifier":"USGS-09482385","Location_Name":"AIRPORT WASH AT S PLUMER RD AT TUCSON, AZ","State":" AZ","EPA_Region":"09","HUC":"15050301","Organization":"U.S. Geological Survey","Environmental_Media_Name":"Soil","AnalysisStartDate":"8/2/2024","PFAS_Chemical_Name":"Perfluorooctanesulfonate","CAS_Number":"45298-90-6","Result_Measure_Value__ppt_":2500,"Result_Measure_Value":2500,"Result_Unit_of_Measure":"ng/kg","Analytical_Method":"PFAS, AXYS MLA-110: EPA 1633"}},{"type":"Feature","geometry":{"type":"Point","coordinates":[-110.939542,32.1260500000001]},"properties":{"F_Monitoring_Location_Identifier":"USGS-09482385","Location_Name":"AIRPORT WASH AT S PLUMER RD AT TUCSON, AZ","State":" AZ","EPA_Region":"09","HUC":"15050301","Organization":"U.S. Geological Survey","Environmental_Media_Name":"Soil","AnalysisStartDate":"1/23/2025","PFAS_Chemical_Name":"Perfluorooctanoate (anionic form)","CAS_Number":"45285-51-6","Result_Measure_Value__ppt_":1000,"Result_Measure_Value":1000,"Result_Unit_of_Measure":"ng/kg","Analytical_Method":"PFAS \u0026 TOP, AXYS MLA-111"}},{"type":"Feature","geometry":{"type":"Point","coordinates":[-110.939542,32.1260500000001]},"properties":{"F_Monitoring_Location_Identifier":"USGS-09482385","Location_Name":"AIRPORT WASH AT S PLUMER RD AT TUCSON, AZ","State":" AZ","EPA_Region":"09","HUC":"15050301","Organization":"U.S. Geological Survey","Environmental_Media_Name":"Soil","AnalysisStartDate":"8/2/2024","PFAS_Chemical_Name":"N-Ethylperfluorooctanesulfonamidoacetate","CAS_Number":"2991-50-6","Result_Measure_Value__ppt_":190,"Result_Measure_Value":190,"Result_Unit_of_Measure":"ng/kg","Analytical_Method":"PFAS, AXYS MLA-110: EPA 1633"}},{"type":"Feature","geometry":{"type":"Point","coordinates":[-110.939542,32.1260500000001]},"properties":{"F_Monitoring_Location_Identifier":"USGS-09482385","Location_Name":"AIRPORT WASH AT S PLUMER RD AT TUCSON, AZ","State":" AZ","EPA_Region":"09","HUC":"15050301","Organization":"U.S. Geological Survey","Environmental_Media_Name":"Soil","AnalysisStartDate":"1/23/2025","PFAS_Chemical_Name":"Perfluoroundecanoate","CAS_Number":"196859-54-8","Result_Measure_Value__ppt_":540,"Result_Measure_Value":540,"Result_Unit_of_Measure":"ng/kg","Analytical_Method":"PFAS \u0026 TOP, AXYS MLA-111"}},{"type":"Feature","geometry":{"type":"Point","coordinates":[-110.939542,32.1260500000001]},"properties":{"F_Monitoring_Location_Identifier":"USGS-09482385","Location_Name":"AIRPORT WASH AT S PLUMER RD AT TUCSON, AZ","State":" AZ","EPA_Region":"09","HUC":"15050301","Organization":"U.S. Geological Survey","Environmental_Media_Name":"Soil","AnalysisStartDate":"1/20/2025","PFAS_Chemical_Name":"Perfluoroundecanoate","CAS_Number":"196859-54-8","Result_Measure_Value__ppt_":490,"Result_Measure_Value":490,"Result_Unit_of_Measure":"ng/kg","Analytical_Method":"PFAS, AXYS MLA-110: EPA 1633"}},{"type":"Feature","geometry":{"type":"Point","coordinates":[-110.939542,32.1260500000001]},"properties":{"F_Monitoring_Location_Identifier":"USGS-09482385","Location_Name":"AIRPORT WASH AT S PLUMER RD AT TUCSON, AZ","State":" AZ","EPA_Region":"09","HUC":"15050301","Organization":"U.S. Geological Survey","Environmental_Media_Name":"Soil","AnalysisStartDate":"1/23/2025","PFAS_Chemical_Name":"Perfluorotetradecanoate","CAS_Number":"365971-87-5","Result_Measure_Value__ppt_":590,"Result_Measure_Value":590,"Result_Unit_of_Measure":"ng/kg","Analytical_Method":"PFAS \u0026 TOP, AXYS MLA-111"}},{"type":"Feature","geometry":{"type":"Point","coordinates":[-110.939542,32.1260500000001]},"properties":{"F_Monitoring_Location_Identifier":"USGS-09482385","Location_Name":"AIRPORT WASH AT S PLUMER RD AT TUCSON, AZ","State":" AZ","EPA_Region":"09","HUC":"15050301","Organization":"U.S. Geological Survey","Environmental_Media_Name":"Soil","AnalysisStartDate":"8/2/2024","PFAS_Chemical_Name":"Perfluoroundecanoate","CAS_Number":"196859-54-8","Result_Measure_Value__ppt_":640,"Result_Measure_Value":640,"Result_Unit_of_Measure":"ng/kg","Analytical_Method":"PFAS, AXYS MLA-110: EPA 1633"}},{"type":"Feature","geometry":{"type":"Point","coordinates":[-110.939542,32.1260500000001]},"properties":{"F_Monitoring_Location_Identifier":"USGS-09482385","Location_Name":"AIRPORT WASH AT S PLUMER RD AT TUCSON, AZ","State":" AZ","EPA_Region":"09","HUC":"15050301","Organization":"U.S. Geological Survey","Environmental_Media_Name":"Soil","AnalysisStartDate":"8/2/2024","PFAS_Chemical_Name":"Perfluorodecanesulfonate","CAS_Number":"126105-34-8","Result_Measure_Value__ppt_":380,"Result_Measure_Value":380,"Result_Unit_of_Measure":"ng/kg","Analytical_Method":"PFAS, AXYS MLA-110: EPA 1633"}},{"type":"Feature","geometry":{"type":"Point","coordinates":[-110.939542,32.1260500000001]},"properties":{"F_Monitoring_Location_Identifier":"USGS-09482385","Location_Name":"AIRPORT WASH AT S PLUMER RD AT TUCSON, AZ","State":" AZ","EPA_Region":"09","HUC":"15050301","Organization":"U.S. Geological Survey","Environmental_Media_Name":"Soil","AnalysisStartDate":"1/23/2025","PFAS_Chemical_Name":"Perfluorononanoate","CAS_Number":"72007-68-2","Result_Measure_Value__ppt_":420,"Result_Measure_Value":420,"Result_Unit_of_Measure":"ng/kg","Analytical_Method":"PFAS \u0026 TOP, AXYS MLA-111"}},{"type":"Feature","geometry":{"type":"Point","coordinates":[-110.939542,32.1260500000001]},"properties":{"F_Monitoring_Location_Identifier":"USGS-09482385","Location_Name":"AIRPORT WASH AT S PLUMER RD AT TUCSON, AZ","State":" AZ","EPA_Region":"09","HUC":"15050301","Organization":"U.S. Geological Survey","Environmental_Media_Name":"Soil","AnalysisStartDate":"8/2/2024","PFAS_Chemical_Name":"Perfluorododecanoate","CAS_Number":"171978-95-3","Result_Measure_Value__ppt_":1500,"Result_Measure_Value":1500,"Result_Unit_of_Measure":"ng/kg","Analytical_Method":"PFAS, AXYS MLA-110: EPA 1633"}},{"type":"Feature","geometry":{"type":"Point","coordinates":[-110.939833,32.127975]},"properties":{"F_Monitoring_Location_Identifier":"USGS-09482386","Location_Name":"AIRPORT WASH TRIBUTARY AT TUCSON, AZ","State":" AZ","EPA_Region":"09","HUC":"15050301","Organization":"U.S. Geological Survey","Environmental_Media_Name":"Soil","AnalysisStartDate":"8/2/2024","PFAS_Chemical_Name":"Perfluorodecanoate","CAS_Number":"73829-36-4","Result_Measure_Value__ppt_":490,"Result_Measure_Value":490,"Result_Unit_of_Measure":"ng/kg","Analytical_Method":"PFAS, AXYS MLA-110: EPA 1633"}},{"type":"Feature","geometry":{"type":"Point","coordinates":[-110.939833,32.127975]},"properties":{"F_Monitoring_Location_Identifier":"USGS-09482386","Location_Name":"AIRPORT WASH TRIBUTARY AT TUCSON, AZ","State":" AZ","EPA_Region":"09","HUC":"15050301","Organization":"U.S. Geological Survey","Environmental_Media_Name":"Soil","AnalysisStartDate":"8/2/2024","PFAS_Chemical_Name":"Perfluorohexanoate","CAS_Number":"92612-52-7","Result_Measure_Value__ppt_":110,"Result_Measure_Value":110,"Result_Unit_of_Measure":"ng/kg","Analytical_Method":"PFAS, AXYS MLA-110: EPA 1633"}},{"type":"Feature","geometry":{"type":"Point","coordinates":[-110.939833,32.127975]},"properties":{"F_Monitoring_Location_Identifier":"USGS-09482386","Location_Name":"AIRPORT WASH TRIBUTARY AT TUCSON, AZ","State":" AZ","EPA_Region":"09","HUC":"15050301","Organization":"U.S. Geological Survey","Environmental_Media_Name":"Soil","AnalysisStartDate":"8/2/2024","PFAS_Chemical_Name":"N-Ethylperfluorooctanesulfonamidoacetate","CAS_Number":"2991-50-6","Result_Measure_Value__ppt_":330,"Result_Measure_Value":330,"Result_Unit_of_Measure":"ng/kg","Analytical_Method":"PFAS, AXYS MLA-110: EPA 1633"}},{"type":"Feature","geometry":{"type":"Point","coordinates":[-110.939833,32.127975]},"properties":{"F_Monitoring_Location_Identifier":"USGS-09482386","Location_Name":"AIRPORT WASH TRIBUTARY AT TUCSON, AZ","State":" AZ","EPA_Region":"09","HUC":"15050301","Organization":"U.S. Geological Survey","Environmental_Media_Name":"Soil","AnalysisStartDate":"8/2/2024","PFAS_Chemical_Name":"Perfluorodecanesulfonate","CAS_Number":"126105-34-8","Result_Measure_Value__ppt_":360,"Result_Measure_Value":360,"Result_Unit_of_Measure":"ng/kg","Analytical_Method":"PFAS, AXYS MLA-110: EPA 1633"}},{"type":"Feature","geometry":{"type":"Point","coordinates":[-110.939833,32.127975]},"properties":{"F_Monitoring_Location_Identifier":"USGS-09482386","Location_Name":"AIRPORT WASH TRIBUTARY AT TUCSON, AZ","State":" AZ","EPA_Region":"09","HUC":"15050301","Organization":"U.S. Geological Survey","Environmental_Media_Name":"Soil","AnalysisStartDate":"8/2/2024","PFAS_Chemical_Name":"Perfluorononanoate","CAS_Number":"72007-68-2","Result_Measure_Value__ppt_":60,"Result_Measure_Value":60,"Result_Unit_of_Measure":"ng/kg","Analytical_Method":"PFAS, AXYS MLA-110: EPA 1633"}},{"type":"Feature","geometry":{"type":"Point","coordinates":[-110.939833,32.127975]},"properties":{"F_Monitoring_Location_Identifier":"USGS-09482386","Location_Name":"AIRPORT WASH TRIBUTARY AT TUCSON, AZ","State":" AZ","EPA_Region":"09","HUC":"15050301","Organization":"U.S. Geological Survey","Environmental_Media_Name":"Soil","AnalysisStartDate":"8/2/2024","PFAS_Chemical_Name":"Perfluorotetradecanoate","CAS_Number":"365971-87-5","Result_Measure_Value__ppt_":490,"Result_Measure_Value":490,"Result_Unit_of_Measure":"ng/kg","Analytical_Method":"PFAS, AXYS MLA-110: EPA 1633"}},{"type":"Feature","geometry":{"type":"Point","coordinates":[-110.939833,32.127975]},"properties":{"F_Monitoring_Location_Identifier":"USGS-09482386","Location_Name":"AIRPORT WASH TRIBUTARY AT TUCSON, AZ","State":" AZ","EPA_Region":"09","HUC":"15050301","Organization":"U.S. Geological Survey","Environmental_Media_Name":"Soil","AnalysisStartDate":"8/2/2024","PFAS_Chemical_Name":"PFOA ion","CAS_Number":"45285-51-6","Result_Measure_Value__ppt_":190,"Result_Measure_Value":190,"Result_Unit_of_Measure":"ng/kg","Analytical_Method":"PFAS, AXYS MLA-110: EPA 1633"}},{"type":"Feature","geometry":{"type":"Point","coordinates":[-110.939833,32.127975]},"properties":{"F_Monitoring_Location_Identifier":"USGS-09482386","Location_Name":"AIRPORT WASH TRIBUTARY AT TUCSON, AZ","State":" AZ","EPA_Region":"09","HUC":"15050301","Organization":"U.S. Geological Survey","Environmental_Media_Name":"Soil","AnalysisStartDate":"8/2/2024","PFAS_Chemical_Name":"Perfluoroundecanoate","CAS_Number":"196859-54-8","Result_Measure_Value__ppt_":420,"Result_Measure_Value":420,"Result_Unit_of_Measure":"ng/kg","Analytical_Method":"PFAS, AXYS MLA-110: EPA 1633"}},{"type":"Feature","geometry":{"type":"Point","coordinates":[-110.939833,32.127975]},"properties":{"F_Monitoring_Location_Identifier":"USGS-09482386","Location_Name":"AIRPORT WASH TRIBUTARY AT TUCSON, AZ","State":" AZ","EPA_Region":"09","HUC":"15050301","Organization":"U.S. Geological Survey","Environmental_Media_Name":"Soil","AnalysisStartDate":"8/2/2024","PFAS_Chemical_Name":"Perfluorooctanesulfonate","CAS_Number":"45298-90-6","Result_Measure_Value__ppt_":620,"Result_Measure_Value":620,"Result_Unit_of_Measure":"ng/kg","Analytical_Method":"PFAS, AXYS MLA-110: EPA 1633"}},{"type":"Feature","geometry":{"type":"Point","coordinates":[-110.939833,32.127975]},"properties":{"F_Monitoring_Location_Identifier":"USGS-09482386","Location_Name":"AIRPORT WASH TRIBUTARY AT TUCSON, AZ","State":" AZ","EPA_Region":"09","HUC":"15050301","Organization":"U.S. Geological Survey","Environmental_Media_Name":"Soil","AnalysisStartDate":"8/2/2024","PFAS_Chemical_Name":"Perfluorododecanoate","CAS_Number":"171978-95-3","Result_Measure_Value__ppt_":1100,"Result_Measure_Value":1100,"Result_Unit_of_Measure":"ng/kg","Analytical_Method":"PFAS, AXYS MLA-110: EPA 1633"}},{"type":"Feature","geometry":{"type":"Point","coordinates":[-110.939833,32.127975]},"properties":{"F_Monitoring_Location_Identifier":"USGS-09482386","Location_Name":"AIRPORT WASH TRIBUTARY AT TUCSON, AZ","State":" AZ","EPA_Region":"09","HUC":"15050301","Organization":"U.S. Geological Survey","Environmental_Media_Name":"Soil","AnalysisStartDate":"8/2/2024","PFAS_Chemical_Name":"Perfluorotridecanoate","CAS_Number":"862374-87-6","Result_Measure_Value__ppt_":270,"Result_Measure_Value":270,"Result_Unit_of_Measure":"ng/kg","Analytical_Method":"PFAS, AXYS MLA-110: EPA 1633"}},{"type":"Feature","geometry":{"type":"Point","coordinates":[-110.939833,32.127975]},"properties":{"F_Monitoring_Location_Identifier":"USGS-09482386","Location_Name":"AIRPORT WASH TRIBUTARY AT TUCSON, AZ","State":" AZ","EPA_Region":"09","HUC":"15050301","Organization":"U.S. Geological Survey","Environmental_Media_Name":"Soil","AnalysisStartDate":"8/2/2024","PFAS_Chemical_Name":"Perfluorobutanesulfonate","CAS_Number":"45187-15-3","Result_Measure_Value__ppt_":100,"Result_Measure_Value":100,"Result_Unit_of_Measure":"ng/kg","Analytical_Method":"PFAS, AXYS MLA-110: EPA 1633"}},{"type":"Feature","geometry":{"type":"Point","coordinates":[-110.960363889,32.1249083330001]},"properties":{"F_Monitoring_Location_Identifier":"USGS-320730110573700","Location_Name":"VALENCIA WASH AT TETON RD AT TUCSON, AZ","State":" AZ","EPA_Region":"09","HUC":"15050301","Organization":"U.S. Geological Survey","Environmental_Media_Name":"Soil","AnalysisStartDate":"8/2/2024","PFAS_Chemical_Name":"Perfluorononanoate","CAS_Number":"72007-68-2","Result_Measure_Value__ppt_":90,"Result_Measure_Value":90,"Result_Unit_of_Measure":"ng/kg","Analytical_Method":"PFAS, AXYS MLA-110: EPA 1633"}},{"type":"Feature","geometry":{"type":"Point","coordinates":[-110.960363889,32.1249083330001]},"properties":{"F_Monitoring_Location_Identifier":"USGS-320730110573700","Location_Name":"VALENCIA WASH AT TETON RD AT TUCSON, AZ","State":" AZ","EPA_Region":"09","HUC":"15050301","Organization":"U.S. Geological Survey","Environmental_Media_Name":"Soil","AnalysisStartDate":"8/2/2024","PFAS_Chemical_Name":"Perfluorohexanoate","CAS_Number":"92612-52-7","Result_Measure_Value__ppt_":60,"Result_Measure_Value":60,"Result_Unit_of_Measure":"ng/kg","Analytical_Method":"PFAS, AXYS MLA-110: EPA 1633"}},{"type":"Feature","geometry":{"type":"Point","coordinates":[-110.960363889,32.1249083330001]},"properties":{"F_Monitoring_Location_Identifier":"USGS-320730110573700","Location_Name":"VALENCIA WASH AT TETON RD AT TUCSON, AZ","State":" AZ","EPA_Region":"09","HUC":"15050301","Organization":"U.S. Geological Survey","Environmental_Media_Name":"Soil","AnalysisStartDate":"8/2/2024","PFAS_Chemical_Name":"Perfluorooctanesulfonamide","CAS_Number":"754-91-6","Result_Measure_Value__ppt_":90,"Result_Measure_Value":90,"Result_Unit_of_Measure":"ng/kg","Analytical_Method":"PFAS, AXYS MLA-110: EPA 1633"}},{"type":"Feature","geometry":{"type":"Point","coordinates":[-110.960363889,32.1249083330001]},"properties":{"F_Monitoring_Location_Identifier":"USGS-320730110573700","Location_Name":"VALENCIA WASH AT TETON RD AT TUCSON, AZ","State":" AZ","EPA_Region":"09","HUC":"15050301","Organization":"U.S. Geological Survey","Environmental_Media_Name":"Soil","AnalysisStartDate":"8/2/2024","PFAS_Chemical_Name":"Perfluoroundecanoate","CAS_Number":"196859-54-8","Result_Measure_Value__ppt_":350,"Result_Measure_Value":350,"Result_Unit_of_Measure":"ng/kg","Analytical_Method":"PFAS, AXYS MLA-110: EPA 1633"}},{"type":"Feature","geometry":{"type":"Point","coordinates":[-110.960363889,32.1249083330001]},"properties":{"F_Monitoring_Location_Identifier":"USGS-320730110573700","Location_Name":"VALENCIA WASH AT TETON RD AT TUCSON, AZ","State":" AZ","EPA_Region":"09","HUC":"15050301","Organization":"U.S. Geological Survey","Environmental_Media_Name":"Soil","AnalysisStartDate":"8/2/2024","PFAS_Chemical_Name":"Perfluorooctanesulfonate","CAS_Number":"45298-90-6","Result_Measure_Value__ppt_":3700,"Result_Measure_Value":3700,"Result_Unit_of_Measure":"ng/kg","Analytical_Method":"PFAS, AXYS MLA-110: EPA 1633"}},{"type":"Feature","geometry":{"type":"Point","coordinates":[-110.960363889,32.1249083330001]},"properties":{"F_Monitoring_Location_Identifier":"USGS-320730110573700","Location_Name":"VALENCIA WASH AT TETON RD AT TUCSON, AZ","State":" AZ","EPA_Region":"09","HUC":"15050301","Organization":"U.S. Geological Survey","Environmental_Media_Name":"Soil","AnalysisStartDate":"8/2/2024","PFAS_Chemical_Name":"Perfluorotetradecanoate","CAS_Number":"365971-87-5","Result_Measure_Value__ppt_":730,"Result_Measure_Value":730,"Result_Unit_of_Measure":"ng/kg","Analytical_Method":"PFAS, AXYS MLA-110: EPA 1633"}},{"type":"Feature","geometry":{"type":"Point","coordinates":[-110.960363889,32.1249083330001]},"properties":{"F_Monitoring_Location_Identifier":"USGS-320730110573700","Location_Name":"VALENCIA WASH AT TETON RD AT TUCSON, AZ","State":" AZ","EPA_Region":"09","HUC":"15050301","Organization":"U.S. Geological Survey","Environmental_Media_Name":"Soil","AnalysisStartDate":"8/2/2024","PFAS_Chemical_Name":"N-Ethylperfluorooctanesulfonamidoacetate","CAS_Number":"2991-50-6","Result_Measure_Value__ppt_":160,"Result_Measure_Value":160,"Result_Unit_of_Measure":"ng/kg","Analytical_Method":"PFAS, AXYS MLA-110: EPA 1633"}},{"type":"Feature","geometry":{"type":"Point","coordinates":[-110.960363889,32.1249083330001]},"properties":{"F_Monitoring_Location_Identifier":"USGS-320730110573700","Location_Name":"VALENCIA WASH AT TETON RD AT TUCSON, AZ","State":" AZ","EPA_Region":"09","HUC":"15050301","Organization":"U.S. Geological Survey","Environmental_Media_Name":"Soil","AnalysisStartDate":"8/2/2024","PFAS_Chemical_Name":"Perfluorodecanoate","CAS_Number":"73829-36-4","Result_Measure_Value__ppt_":240,"Result_Measure_Value":240,"Result_Unit_of_Measure":"ng/kg","Analytical_Method":"PFAS, AXYS MLA-110: EPA 1633"}},{"type":"Feature","geometry":{"type":"Point","coordinates":[-110.960363889,32.1249083330001]},"properties":{"F_Monitoring_Location_Identifier":"USGS-320730110573700","Location_Name":"VALENCIA WASH AT TETON RD AT TUCSON, AZ","State":" AZ","EPA_Region":"09","HUC":"15050301","Organization":"U.S. Geological Survey","Environmental_Media_Name":"Soil","AnalysisStartDate":"8/2/2024","PFAS_Chemical_Name":"Perfluorotridecanoate","CAS_Number":"862374-87-6","Result_Measure_Value__ppt_":310,"Result_Measure_Value":310,"Result_Unit_of_Measure":"ng/kg","Analytical_Method":"PFAS, AXYS MLA-110: EPA 1633"}},{"type":"Feature","geometry":{"type":"Point","coordinates":[-110.960363889,32.1249083330001]},"properties":{"F_Monitoring_Location_Identifier":"USGS-320730110573700","Location_Name":"VALENCIA WASH AT TETON RD AT TUCSON, AZ","State":" AZ","EPA_Region":"09","HUC":"15050301","Organization":"U.S. Geological Survey","Environmental_Media_Name":"Soil","AnalysisStartDate":"8/2/2024","PFAS_Chemical_Name":"PFOA ion","CAS_Number":"45285-51-6","Result_Measure_Value__ppt_":150,"Result_Measure_Value":150,"Result_Unit_of_Measure":"ng/kg","Analytical_Method":"PFAS, AXYS MLA-110: EPA 1633"}},{"type":"Feature","geometry":{"type":"Point","coordinates":[-110.960363889,32.1249083330001]},"properties":{"F_Monitoring_Location_Identifier":"USGS-320730110573700","Location_Name":"VALENCIA WASH AT TETON RD AT TUCSON, AZ","State":" AZ","EPA_Region":"09","HUC":"15050301","Organization":"U.S. Geological Survey","Environmental_Media_Name":"Soil","AnalysisStartDate":"8/2/2024","PFAS_Chemical_Name":"Perfluorododecanoate","CAS_Number":"171978-95-3","Result_Measure_Value__ppt_":960,"Result_Measure_Value":960,"Result_Unit_of_Measure":"ng/kg","Analytical_Method":"PFAS, AXYS MLA-110: EPA 1633"}},{"type":"Feature","geometry":{"type":"Point","coordinates":[-110.960363889,32.1249083330001]},"properties":{"F_Monitoring_Location_Identifier":"USGS-320730110573700","Location_Name":"VALENCIA WASH AT TETON RD AT TUCSON, AZ","State":" AZ","EPA_Region":"09","HUC":"15050301","Organization":"U.S. Geological Survey","Environmental_Media_Name":"Soil","AnalysisStartDate":"8/2/2024","PFAS_Chemical_Name":"Perfluorohexanesulfonate","CAS_Number":"108427-53-8","Result_Measure_Value__ppt_":150,"Result_Measure_Value":150,"Result_Unit_of_Measure":"ng/kg","Analytical_Method":"PFAS, AXYS MLA-110: EPA 1633"}}]}
