{"type":"FeatureCollection","features":[{"type":"Feature","id":1,"geometry":{"type":"Point","coordinates":[-71.3529,42.9302000000001]},"properties":{"OBJECTID":1,"F_Site_Name":"AUBURN ROAD LANDFILL","Identifier":"NHD980524086","City":"LONDONDERRY","State":" NH","EPA_Region":"01","Link":"https://www.epa.gov/superfund/auburnroad","Latitude":42.9302,"Longitude":-71.3529,"Data_System":"SEMS","Programs":null,"Site_Type":"Private","NPL_Site":"Yes","NPL_Status":"Final","Superfund_Alternative_Approach":"No","Address":"AUBURN RD","County":"ROCKINGHAM","ZIP_Code":"03053"}},{"type":"Feature","id":2,"geometry":{"type":"Point","coordinates":[-71.028611,42.1497190000001]},"properties":{"OBJECTID":2,"F_Site_Name":"BAIRD \u0026 MCGUIRE","Identifier":"MAD001041987","City":"HOLBROOK","State":" MA","EPA_Region":"01","Link":"https://www.epa.gov/superfund/baird","Latitude":42.149719,"Longitude":-71.028611,"Data_System":"SEMS","Programs":null,"Site_Type":"Private","NPL_Site":"Yes","NPL_Status":"Final","Superfund_Alternative_Approach":"No","Address":"775 SOUTH ST","County":"NORFOLK","ZIP_Code":"02343"}},{"type":"Feature","id":3,"geometry":{"type":"Point","coordinates":[-72.989337,41.893947]},"properties":{"OBJECTID":3,"F_Site_Name":"BARKHAMSTED-NEW HARTFORD LANDFILL","Identifier":"CTD980732333","City":"BARKHAMSTED","State":" CT","EPA_Region":"01","Link":"https://www.epa.gov/superfund/barkhamsted","Latitude":41.893947,"Longitude":-72.989337,"Data_System":"SEMS","Programs":null,"Site_Type":"Private","NPL_Site":"Yes","NPL_Status":"Final","Superfund_Alternative_Approach":"No","Address":"ROUTE 44","County":"LITCHFIELD","ZIP_Code":"06063"}},{"type":"Feature","id":4,"geometry":{"type":"Point","coordinates":[-73.0352809999999,41.43195]},"properties":{"OBJECTID":4,"F_Site_Name":"BEACON HEIGHTS LANDFILL","Identifier":"CTD072122062","City":"BEACON FALLS","State":" CT","EPA_Region":"01","Link":"https://www.epa.gov/superfund/beacon","Latitude":41.43195,"Longitude":-73.035281,"Data_System":"SEMS","Programs":null,"Site_Type":"Private","NPL_Site":"Yes","NPL_Status":"Final","Superfund_Alternative_Approach":"No","Address":"BLACKBERRY HILL ROAD","County":"NEW HAVEN","ZIP_Code":"06403"}},{"type":"Feature","id":5,"geometry":{"type":"Point","coordinates":[-71.1058889999999,42.855075]},"properties":{"OBJECTID":5,"F_Site_Name":"BEEDE WASTE OIL","Identifier":"NHD018958140","City":"PLAISTOW","State":" NH","EPA_Region":"01","Link":"https://www.epa.gov/superfund/beede","Latitude":42.855075,"Longitude":-71.105889,"Data_System":"SEMS","Programs":null,"Site_Type":"Private","NPL_Site":"Yes","NPL_Status":"Final","Superfund_Alternative_Approach":"No","Address":"7 THROUGH 11 KELLEY ROAD","County":"ROCKINGHAM","ZIP_Code":"03865"}},{"type":"Feature","id":6,"geometry":{"type":"Point","coordinates":[-73.197781,42.922219]},"properties":{"OBJECTID":6,"F_Site_Name":"BENNINGTON MUNICIPAL SANITARY LANDFILL","Identifier":"VTD981064223","City":"BENNINGTON","State":" VT","EPA_Region":"01","Link":"https://www.epa.gov/superfund/bennington","Latitude":42.922219,"Longitude":-73.197781,"Data_System":"SEMS","Programs":null,"Site_Type":"Private","NPL_Site":"Yes","NPL_Status":"Final","Superfund_Alternative_Approach":"No","Address":"OFF HOUGHTON LANE","County":"BENNINGTON","ZIP_Code":"05201"}},{"type":"Feature","id":7,"geometry":{"type":"Point","coordinates":[-72.439719,43.226389]},"properties":{"OBJECTID":7,"F_Site_Name":"BFI SANITARY LANDFILL (ROCKINGHAM)","Identifier":"VTD980520092","City":"ROCKINGHAM","State":" VT","EPA_Region":"01","Link":"https://www.epa.gov/superfund/bfi","Latitude":43.226389,"Longitude":-72.439719,"Data_System":"SEMS","Programs":null,"Site_Type":"Private","NPL_Site":"Yes","NPL_Status":"Final","Superfund_Alternative_Approach":"No","Address":"RTE 5","County":"WINDHAM","ZIP_Code":"05101"}},{"type":"Feature","id":8,"geometry":{"type":"Point","coordinates":[-71.410806,42.074417]},"properties":{"OBJECTID":8,"F_Site_Name":"BJAT LLC","Identifier":"MAN000106144","City":"FRANKLIN","State":" MA","EPA_Region":"01","Link":"https://www.epa.gov/superfund/bjat","Latitude":42.074417,"Longitude":-71.410806,"Data_System":"SEMS","Programs":null,"Site_Type":"Private","NPL_Site":"Yes","NPL_Status":"Final","Superfund_Alternative_Approach":"No","Address":"300 FISHER STREET","County":"NORFOLK","ZIP_Code":"02038"}},{"type":"Feature","id":9,"geometry":{"type":"Point","coordinates":[-71.2516669999999,42.1387490000001]},"properties":{"OBJECTID":9,"F_Site_Name":"BLACKBURN \u0026 UNION PRIVILEGES","Identifier":"MAD982191363","City":"WALPOLE","State":" MA","EPA_Region":"01","Link":"https://www.epa.gov/superfund/blackburn","Latitude":42.138749,"Longitude":-71.251667,"Data_System":"SEMS","Programs":null,"Site_Type":"Private","NPL_Site":"Yes","NPL_Status":"Final","Superfund_Alternative_Approach":"No","Address":"SOUTH ST.","County":"NORFOLK","ZIP_Code":"02081"}},{"type":"Feature","id":10,"geometry":{"type":"Point","coordinates":[-69.9339859999999,43.90634]},"properties":{"OBJECTID":10,"F_Site_Name":"BRUNSWICK NAVAL AIR STATION","Identifier":"ME8170022018","City":"BRUNSWICK","State":" ME","EPA_Region":"01","Link":"https://www.epa.gov/superfund/brunswick","Latitude":43.90634,"Longitude":-69.933986,"Data_System":"SEMS","Programs":null,"Site_Type":"Federal","NPL_Site":"Yes","NPL_Status":"Final","Superfund_Alternative_Approach":"No","Address":"RTE 24 AND 123","County":"CUMBERLAND","ZIP_Code":"04011"}},{"type":"Feature","id":11,"geometry":{"type":"Point","coordinates":[-73.150139,42.8780610000001]},"properties":{"OBJECTID":11,"F_Site_Name":"BURGESS BROTHERS LANDFILL","Identifier":"VTD003965415","City":"WOODFORD","State":" VT","EPA_Region":"01","Link":"https://www.epa.gov/superfund/burgess","Latitude":42.878061,"Longitude":-73.150139,"Data_System":"SEMS","Programs":null,"Site_Type":"Private","NPL_Site":"Yes","NPL_Status":"Final","Superfund_Alternative_Approach":"No","Address":"RTE 9","County":"BENNINGTON","ZIP_Code":"05201"}},{"type":"Feature","id":12,"geometry":{"type":"Point","coordinates":[-71.5347189999999,41.8083310000001]},"properties":{"OBJECTID":12,"F_Site_Name":"CENTRAL LANDFILL","Identifier":"RID980520183","City":"JOHNSTON","State":" RI","EPA_Region":"01","Link":"https://www.epa.gov/superfund/central","Latitude":41.808331,"Longitude":-71.534719,"Data_System":"SEMS","Programs":null,"Site_Type":"Private","NPL_Site":"Yes","NPL_Status":"Final","Superfund_Alternative_Approach":"No","Address":"65 SHUN PIKE","County":"PROVIDENCE","ZIP_Code":null}},{"type":"Feature","id":13,"geometry":{"type":"Point","coordinates":[-71.443339,42.66945]},"properties":{"OBJECTID":13,"F_Site_Name":"CHARLES GEORGE RECLAMATION TRUST LANDFILL","Identifier":"MAD003809266","City":"TYNGSBOROUGH","State":" MA","EPA_Region":"01","Link":"https://www.epa.gov/superfund/charlesgeorge","Latitude":42.66945,"Longitude":-71.443339,"Data_System":"SEMS","Programs":null,"Site_Type":"Private","NPL_Site":"Yes","NPL_Status":"Final","Superfund_Alternative_Approach":"No","Address":"CORNER DUNSTABLE \u0026 CUMMINGS RD","County":"MIDDLESEX","ZIP_Code":"01879"}},{"type":"Feature","id":14,"geometry":{"type":"Point","coordinates":[-71.1671939999999,44.4791940000001]},"properties":{"OBJECTID":14,"F_Site_Name":"CHLOR-ALKALI FACILITY (FORMER)","Identifier":"NHN000103313","City":"BERLIN","State":" NH","EPA_Region":"01","Link":"https://www.epa.gov/superfund/chloralkali","Latitude":44.479194,"Longitude":-71.167194,"Data_System":"SEMS","Programs":null,"Site_Type":"Private","NPL_Site":"Yes","NPL_Status":"Final","Superfund_Alternative_Approach":"No","Address":"ADJACENT TO SAW MILL DAM","County":"COOS","ZIP_Code":"03570"}},{"type":"Feature","id":15,"geometry":{"type":"Point","coordinates":[-70.817219,43.001111]},"properties":{"OBJECTID":15,"F_Site_Name":"COAKLEY LANDFILL","Identifier":"NHD064424153","City":"NORTH HAMPTON","State":" NH","EPA_Region":"01","Link":"https://www.epa.gov/superfund/coakley","Latitude":43.001111,"Longitude":-70.817219,"Data_System":"SEMS","Programs":null,"Site_Type":"Private","NPL_Site":"Yes","NPL_Status":"Final","Superfund_Alternative_Approach":"No","Address":"480 BREAKFAST HILL RD","County":"ROCKINGHAM","ZIP_Code":"03840"}},{"type":"Feature","id":16,"geometry":{"type":"Point","coordinates":[-71.05875,43.3720000000001]},"properties":{"OBJECTID":16,"F_Site_Name":"COLLINS \u0026 AIKMAN PLANT (FORMER)","Identifier":"NHN000105928","City":"FARMINGTON","State":" NH","EPA_Region":"01","Link":"https://www.epa.gov/superfund/collins","Latitude":43.372,"Longitude":-71.05875,"Data_System":"SEMS","Programs":null,"Site_Type":"Private","NPL_Site":"Yes","NPL_Status":"Final","Superfund_Alternative_Approach":"No","Address":"Off Route 11 between Paulson Road to the NW","County":"STRAFFORD","ZIP_Code":"03835"}},{"type":"Feature","id":17,"geometry":{"type":"Point","coordinates":[-73.121389,44.4525830000001]},"properties":{"OBJECTID":17,"F_Site_Name":"COMMERCE STREET PLUME","Identifier":"VTD098352545","City":"WILLISTON","State":" VT","EPA_Region":"01","Link":"https://www.epa.gov/superfund/commercestreet","Latitude":44.452583,"Longitude":-73.121389,"Data_System":"SEMS","Programs":null,"Site_Type":"Private","NPL_Site":"Yes","NPL_Status":"Final","Superfund_Alternative_Approach":"No","Address":"96 COMMERCE STREET (FORMLY 15 COMMERCE STREET)","County":"CHITTENDEN","ZIP_Code":"05495"}},{"type":"Feature","id":18,"geometry":{"type":"Point","coordinates":[-71.4742199999999,41.6095]},"properties":{"OBJECTID":18,"F_Site_Name":"DAVISVILLE NAVAL CONSTRUCTION BATTALION CENTER","Identifier":"RI6170022036","City":"NORTH KINGSTOWN","State":" RI","EPA_Region":"01","Link":"https://www.epa.gov/superfund/ncbc","Latitude":41.6095,"Longitude":-71.47422,"Data_System":"SEMS","Programs":null,"Site_Type":"Federal","NPL_Site":"Yes","NPL_Status":"Final","Superfund_Alternative_Approach":"No","Address":"OFF SANFORD RD.","County":"WASHINGTON","ZIP_Code":"02818"}},{"type":"Feature","id":19,"geometry":{"type":"Point","coordinates":[-70.953,43.2125]},"properties":{"OBJECTID":19,"F_Site_Name":"DOVER MUNICIPAL LANDFILL","Identifier":"NHD980520191","City":"DOVER","State":" NH","EPA_Region":"01","Link":"https://www.epa.gov/superfund/dover","Latitude":43.2125,"Longitude":-70.953,"Data_System":"SEMS","Programs":null,"Site_Type":"Private","NPL_Site":"Yes","NPL_Status":"Final","Superfund_Alternative_Approach":"No","Address":"TOLEND RD","County":"STRAFFORD","ZIP_Code":"03820"}},{"type":"Feature","id":20,"geometry":{"type":"Point","coordinates":[-72.681388,41.4811100000001]},"properties":{"OBJECTID":20,"F_Site_Name":"DURHAM MEADOWS","Identifier":"CTD001452093","City":"DURHAM","State":" CT","EPA_Region":"01","Link":"https://www.epa.gov/superfund/durham","Latitude":41.48111,"Longitude":-72.681388,"Data_System":"SEMS","Programs":null,"Site_Type":"Private","NPL_Site":"Yes","NPL_Status":"Final","Superfund_Alternative_Approach":"No","Address":"MAIN ST","County":"MIDDLESEX","ZIP_Code":"06422"}},{"type":"Feature","id":21,"geometry":{"type":"Point","coordinates":[-67.358333,45.038889]},"properties":{"OBJECTID":21,"F_Site_Name":"EASTERN SURPLUS","Identifier":"MED981073711","City":"MEDDYBEMPS","State":" ME","EPA_Region":"01","Link":"https://www.epa.gov/superfund/eastern","Latitude":45.038889,"Longitude":-67.358333,"Data_System":"SEMS","Programs":null,"Site_Type":"Private","NPL_Site":"Yes","NPL_Status":"Final","Superfund_Alternative_Approach":"No","Address":"ROUTE 191","County":"WASHINGTON","ZIP_Code":"04657"}},{"type":"Feature","id":22,"geometry":{"type":"Point","coordinates":[-69.261111,44.9216670000001]},"properties":{"OBJECTID":22,"F_Site_Name":"EASTLAND WOOLEN MILL","Identifier":"MED980915474","City":"CORINNA","State":" ME","EPA_Region":"01","Link":"https://www.epa.gov/superfund/eastland","Latitude":44.921667,"Longitude":-69.261111,"Data_System":"SEMS","Programs":null,"Site_Type":"Private","NPL_Site":"Yes","NPL_Status":"Final","Superfund_Alternative_Approach":"No","Address":"MAIN STREET","County":"PENOBSCOT","ZIP_Code":"04928"}},{"type":"Feature","id":23,"geometry":{"type":"Point","coordinates":[-71.6554,42.8358000000001]},"properties":{"OBJECTID":23,"F_Site_Name":"FLETCHER\u0027S PAINT WORKS \u0026 STORAGE","Identifier":"NHD001079649","City":"MILFORD","State":" NH","EPA_Region":"01","Link":"https://www.epa.gov/superfund/fletcher","Latitude":42.8358,"Longitude":-71.6554,"Data_System":"SEMS","Programs":null,"Site_Type":"Private","NPL_Site":"Yes","NPL_Status":"Final","Superfund_Alternative_Approach":"No","Address":"21 ELM ST.","County":"HILLSBOROUGH","ZIP_Code":"03055"}},{"type":"Feature","id":24,"geometry":{"type":"Point","coordinates":[-71.596111,42.5361110000001]},"properties":{"OBJECTID":24,"F_Site_Name":"FORT DEVENS","Identifier":"MA7210025154","City":"FORT DEVENS","State":" MA","EPA_Region":"01","Link":"https://www.epa.gov/superfund/devens","Latitude":42.536111,"Longitude":-71.596111,"Data_System":"SEMS","Programs":null,"Site_Type":"Federal","NPL_Site":"Yes","NPL_Status":"Final","Superfund_Alternative_Approach":"No","Address":"BUENA VISTA ST","County":"MIDDLESEX","ZIP_Code":"01433"}},{"type":"Feature","id":25,"geometry":{"type":"Point","coordinates":[-71.4752779999999,42.4069440000001]},"properties":{"OBJECTID":25,"F_Site_Name":"FORT DEVENS-SUDBURY TRAINING ANNEX","Identifier":"MAD980520670","City":"SUDBURY","State":" MA","EPA_Region":"01","Link":"https://www.epa.gov/superfund/sudburyannex","Latitude":42.406944,"Longitude":-71.475278,"Data_System":"SEMS","Programs":null,"Site_Type":"Federal","NPL_Site":"Yes","NPL_Status":"Deleted","Superfund_Alternative_Approach":"No","Address":"HUDSON RD","County":"MIDDLESEX","ZIP_Code":"01775"}},{"type":"Feature","id":26,"geometry":{"type":"Point","coordinates":[-71.924161,41.665281]},"properties":{"OBJECTID":26,"F_Site_Name":"GALLUP\u0027S QUARRY","Identifier":"CTD108960972","City":"PLAINFIELD","State":" CT","EPA_Region":"01","Link":"https://www.epa.gov/superfund/gallup","Latitude":41.665281,"Longitude":-71.924161,"Data_System":"SEMS","Programs":null,"Site_Type":"Private","NPL_Site":"Yes","NPL_Status":"Final","Superfund_Alternative_Approach":"No","Address":"ROUTE 12","County":"WINDHAM","ZIP_Code":"06374"}},{"type":"Feature","id":27,"geometry":{"type":"Point","coordinates":[-71.038889,42.7533310000001]},"properties":{"OBJECTID":27,"F_Site_Name":"GROVELAND WELLS","Identifier":"MAD980732317","City":"GROVELAND","State":" MA","EPA_Region":"01","Link":"https://www.epa.gov/superfund/groveland","Latitude":42.753331,"Longitude":-71.038889,"Data_System":"SEMS","Programs":null,"Site_Type":"Private","NPL_Site":"Yes","NPL_Status":"Final","Superfund_Alternative_Approach":"No","Address":"JOHNSON CREEK WATERSHED","County":"ESSEX","ZIP_Code":"01834"}},{"type":"Feature","id":28,"geometry":{"type":"Point","coordinates":[-71.2894439999999,42.470666]},"properties":{"OBJECTID":28,"F_Site_Name":"HANSCOM FIELD/HANSCOM AIR FORCE BASE","Identifier":"MA8570024424","City":"BEDFORD","State":" MA","EPA_Region":"01","Link":"https://www.epa.gov/superfund/hanscom","Latitude":42.470666,"Longitude":-71.289444,"Data_System":"SEMS","Programs":null,"Site_Type":"Federal","NPL_Site":"Yes","NPL_Status":"Final","Superfund_Alternative_Approach":"No","Address":"HARTWELL AVENUE","County":"MIDDLESEX","ZIP_Code":"01730"}},{"type":"Feature","id":29,"geometry":{"type":"Point","coordinates":[-71.141669,42.516669]},"properties":{"OBJECTID":29,"F_Site_Name":"INDUSTRI-PLEX","Identifier":"MAD076580950","City":"WOBURN","State":" MA","EPA_Region":"01","Link":"https://www.epa.gov/superfund/industriplex","Latitude":42.516669,"Longitude":-71.141669,"Data_System":"SEMS","Programs":null,"Site_Type":"Private","NPL_Site":"Yes","NPL_Status":"Final","Superfund_Alternative_Approach":"No","Address":"COMMERCE \u0026 ATLANTIC","County":"MIDDLESEX","ZIP_Code":"01801"}},{"type":"Feature","id":30,"geometry":{"type":"Point","coordinates":[-71.2652689999999,42.583331]},"properties":{"OBJECTID":30,"F_Site_Name":"IRON HORSE PARK","Identifier":"MAD051787323","City":"BILLERICA","State":" MA","EPA_Region":"01","Link":"https://www.epa.gov/superfund/ironhorse","Latitude":42.583331,"Longitude":-71.265269,"Data_System":"SEMS","Programs":null,"Site_Type":"Private","NPL_Site":"Yes","NPL_Status":"Final","Superfund_Alternative_Approach":"No","Address":"HIGH ST","County":"MIDDLESEX","ZIP_Code":"01862"}},{"type":"Feature","id":31,"geometry":{"type":"Point","coordinates":[-73.189111,42.8888610000001]},"properties":{"OBJECTID":31,"F_Site_Name":"JARD COMPANY, INC.","Identifier":"VTD048141741","City":"BENNINGTON","State":" VT","EPA_Region":"01","Link":"https://www.epa.gov/superfund/jard","Latitude":42.888861,"Longitude":-73.189111,"Data_System":"SEMS","Programs":null,"Site_Type":"Private","NPL_Site":"Yes","NPL_Status":"Final","Superfund_Alternative_Approach":"No","Address":"259 BOWEN ROAD","County":"BENNINGTON","ZIP_Code":"05201"}},{"type":"Feature","id":32,"geometry":{"type":"Point","coordinates":[-71.1292999999999,43.9721000000001]},"properties":{"OBJECTID":32,"F_Site_Name":"KEARSARGE METALLURGICAL CORP.","Identifier":"NHD062002001","City":"CONWAY","State":" NH","EPA_Region":"01","Link":"https://www.epa.gov/superfund/kearsarge","Latitude":43.9721,"Longitude":-71.1293,"Data_System":"SEMS","Programs":null,"Site_Type":"Private","NPL_Site":"Yes","NPL_Status":"Final","Superfund_Alternative_Approach":"No","Address":"MILL ST-RTE 113","County":"CARROLL","ZIP_Code":"03818"}},{"type":"Feature","id":33,"geometry":{"type":"Point","coordinates":[-70.424514,43.7349530000001]},"properties":{"OBJECTID":33,"F_Site_Name":"KEDDY MILL","Identifier":"MEN000106078","City":"WINDHAM","State":" ME","EPA_Region":"01","Link":"https://www.epa.gov/superfund/keddymill","Latitude":43.734953,"Longitude":-70.424514,"Data_System":"SEMS","Programs":null,"Site_Type":"Private","NPL_Site":"Yes","NPL_Status":"Final","Superfund_Alternative_Approach":"No","Address":"7 DEPOT STREET","County":"CUMBERLAND","ZIP_Code":"04062"}},{"type":"Feature","id":34,"geometry":{"type":"Point","coordinates":[-71.033331,43.024169]},"properties":{"OBJECTID":34,"F_Site_Name":"KEEFE ENVIRONMENTAL SERVICES (KES)","Identifier":"NHD092059112","City":"EPPING","State":" NH","EPA_Region":"01","Link":"https://www.epa.gov/superfund/keefe","Latitude":43.024169,"Longitude":-71.033331,"Data_System":"SEMS","Programs":null,"Site_Type":"Private","NPL_Site":"Yes","NPL_Status":"Final","Superfund_Alternative_Approach":"No","Address":"EXETER RD","County":"ROCKINGHAM","ZIP_Code":"03042"}},{"type":"Feature","id":35,"geometry":{"type":"Point","coordinates":[-73.43195,41.13055]},"properties":{"OBJECTID":35,"F_Site_Name":"KELLOGG-DEERING WELL FIELD","Identifier":"CTD980670814","City":"NORWALK","State":" CT","EPA_Region":"01","Link":"https://www.epa.gov/superfund/kellogg","Latitude":41.13055,"Longitude":-73.43195,"Data_System":"SEMS","Programs":null,"Site_Type":"Private","NPL_Site":"Yes","NPL_Status":"Final","Superfund_Alternative_Approach":"No","Address":"NORWALK WATER DEPARTMENT","County":"FAIRFIELD","ZIP_Code":"06856"}},{"type":"Feature","id":36,"geometry":{"type":"Point","coordinates":[-71.5889999999999,41.9795]},"properties":{"OBJECTID":36,"F_Site_Name":"LANDFILL \u0026 RESOURCE RECOVERY, INC. (L\u0026RR)","Identifier":"RID093212439","City":"NORTH SMITHFIELD","State":" RI","EPA_Region":"01","Link":"https://www.epa.gov/superfund/lrr","Latitude":41.9795,"Longitude":-71.589,"Data_System":"SEMS","Programs":null,"Site_Type":"Private","NPL_Site":"Yes","NPL_Status":"Final","Superfund_Alternative_Approach":"No","Address":"OXFORD RD","County":"PROVIDENCE","ZIP_Code":"02876"}},{"type":"Feature","id":37,"geometry":{"type":"Point","coordinates":[-73.0716609999999,41.4769390000001]},"properties":{"OBJECTID":37,"F_Site_Name":"LAUREL PARK, INC.","Identifier":"CTD980521165","City":"NAUGATUCK BOROUGH","State":" CT","EPA_Region":"01","Link":"https://www.epa.gov/superfund/laurelpark","Latitude":41.476939,"Longitude":-73.071661,"Data_System":"SEMS","Programs":null,"Site_Type":"Private","NPL_Site":"Yes","NPL_Status":"Final","Superfund_Alternative_Approach":"No","Address":"HUNTERS MTN RD","County":"NEW HAVEN","ZIP_Code":"06770"}},{"type":"Feature","id":38,"geometry":{"type":"Point","coordinates":[-70.08025,44.237083]},"properties":{"OBJECTID":38,"F_Site_Name":"LEEDS METAL","Identifier":"MEN000103584","City":"LEEDS","State":" ME","EPA_Region":"01","Link":"https://www.epa.gov/superfund/leeds","Latitude":44.237083,"Longitude":-70.08025,"Data_System":"SEMS","Programs":null,"Site_Type":"Private","NPL_Site":"Yes","NPL_Status":"Final","Superfund_Alternative_Approach":"No","Address":"OFF OF BLUE ROCK ROAD","County":"ANDROSCOGGIN","ZIP_Code":"04263"}},{"type":"Feature","id":39,"geometry":{"type":"Point","coordinates":[-71.966939,41.9405610000001]},"properties":{"OBJECTID":39,"F_Site_Name":"LINEMASTER SWITCH CORP.","Identifier":"CTD001153923","City":"WOODSTOCK","State":" CT","EPA_Region":"01","Link":"https://www.epa.gov/superfund/linemaster","Latitude":41.940561,"Longitude":-71.966939,"Data_System":"SEMS","Programs":null,"Site_Type":"Private","NPL_Site":"Yes","NPL_Status":"Final","Superfund_Alternative_Approach":"No","Address":"29 PLAINE HILL ROAD","County":"WINDHAM","ZIP_Code":"06281"}},{"type":"Feature","id":40,"geometry":{"type":"Point","coordinates":[-67.883888,46.944444]},"properties":{"OBJECTID":40,"F_Site_Name":"LORING AIR FORCE BASE","Identifier":"ME9570024522","City":"LIMESTONE","State":" ME","EPA_Region":"01","Link":"https://www.epa.gov/superfund/loring","Latitude":46.944444,"Longitude":-67.883888,"Data_System":"SEMS","Programs":null,"Site_Type":"Federal","NPL_Site":"Yes","NPL_Status":"Final","Superfund_Alternative_Approach":"No","Address":"42 CSG/CC","County":"AROOSTOOK","ZIP_Code":"04751"}},{"type":"Feature","id":41,"geometry":{"type":"Point","coordinates":[-70.2941999999999,43.8841]},"properties":{"OBJECTID":41,"F_Site_Name":"MCKIN CO.","Identifier":"MED980524078","City":"GRAY","State":" ME","EPA_Region":"01","Link":"https://www.epa.gov/superfund/mckin","Latitude":43.8841,"Longitude":-70.2942,"Data_System":"SEMS","Programs":null,"Site_Type":"Private","NPL_Site":"Yes","NPL_Status":"Deleted","Superfund_Alternative_Approach":"No","Address":"MAYALL RD","County":"CUMBERLAND","ZIP_Code":"04039"}},{"type":"Feature","id":42,"geometry":{"type":"Point","coordinates":[-70.959842,42.8423940000001]},"properties":{"OBJECTID":42,"F_Site_Name":"MICROFAB INC (FORMER)","Identifier":"MAD001409408","City":"AMESBURY","State":" MA","EPA_Region":"01","Link":"https://www.epa.gov/superfund/microfab","Latitude":42.842394,"Longitude":-70.959842,"Data_System":"SEMS","Programs":null,"Site_Type":"Private","NPL_Site":"Yes","NPL_Status":"Final","Superfund_Alternative_Approach":"No","Address":"106 HAVERHILL RD (RTE 110)","County":"ESSEX","ZIP_Code":"01913"}},{"type":"Feature","id":43,"geometry":{"type":"Point","coordinates":[-71.173189,42.989581]},"properties":{"OBJECTID":43,"F_Site_Name":"MOTTOLO PIG FARM","Identifier":"NHD980503361","City":"RAYMOND","State":" NH","EPA_Region":"01","Link":"https://www.epa.gov/superfund/mottolo","Latitude":42.989581,"Longitude":-71.173189,"Data_System":"SEMS","Programs":null,"Site_Type":"Private","NPL_Site":"Yes","NPL_Status":"Final","Superfund_Alternative_Approach":"No","Address":"BLUEBERRY HILL RD","County":"ROCKINGHAM","ZIP_Code":"03077"}},{"type":"Feature","id":44,"geometry":{"type":"Point","coordinates":[-71.2902769999999,42.478889]},"properties":{"OBJECTID":44,"F_Site_Name":"NAVAL WEAPONS INDUSTRIAL RESERVE PLANT","Identifier":"MA6170023570","City":"BEDFORD","State":" MA","EPA_Region":"01","Link":"https://www.epa.gov/superfund/nwirp","Latitude":42.478889,"Longitude":-71.290277,"Data_System":"SEMS","Programs":null,"Site_Type":"Federal","NPL_Site":"Yes","NPL_Status":"Final","Superfund_Alternative_Approach":"No","Address":"165 HARTWELL ROAD","County":"MIDDLESEX","ZIP_Code":"01730"}},{"type":"Feature","id":45,"geometry":{"type":"Point","coordinates":[-71.488888,42.8558330000001]},"properties":{"OBJECTID":45,"F_Site_Name":"NEW HAMPSHIRE PLATING CO.","Identifier":"NHD001091453","City":"MERRIMACK","State":" NH","EPA_Region":"01","Link":"https://www.epa.gov/superfund/nhplating","Latitude":42.855833,"Longitude":-71.488888,"Data_System":"SEMS","Programs":null,"Site_Type":"Private","NPL_Site":"Yes","NPL_Status":"Final","Superfund_Alternative_Approach":"No","Address":"WRIGHT AVE.","County":"HILLSBOROUGH","ZIP_Code":"03054"}},{"type":"Feature","id":46,"geometry":{"type":"Point","coordinates":[-72.087081,41.400139]},"properties":{"OBJECTID":46,"F_Site_Name":"NEW LONDON SUBMARINE BASE","Identifier":"CTD980906515","City":"NEW LONDON","State":" CT","EPA_Region":"01","Link":"https://www.epa.gov/superfund/newlondon","Latitude":41.400139,"Longitude":-72.087081,"Data_System":"SEMS","Programs":null,"Site_Type":"Federal","NPL_Site":"Yes","NPL_Status":"Final","Superfund_Alternative_Approach":"No","Address":"ROUTE 12 CRYSTAL LAKE RD","County":"NEW LONDON","ZIP_Code":"06349"}},{"type":"Feature","id":47,"geometry":{"type":"Point","coordinates":[-71.293469,41.5644500000001]},"properties":{"OBJECTID":47,"F_Site_Name":"NEWPORT NAVAL EDUCATION \u0026 TRAINING CENTER","Identifier":"RI6170085470","City":"NEWPORT","State":" RI","EPA_Region":"01","Link":"https://www.epa.gov/superfund/netc","Latitude":41.56445,"Longitude":-71.293469,"Data_System":"SEMS","Programs":null,"Site_Type":"Federal","NPL_Site":"Yes","NPL_Status":"Final","Superfund_Alternative_Approach":"No","Address":"DEFENSE HIGHWAY (BURMA RD.)","County":"NEWPORT","ZIP_Code":"02871"}},{"type":"Feature","id":48,"geometry":{"type":"Point","coordinates":[-71.4219439999999,42.441667]},"properties":{"OBJECTID":48,"F_Site_Name":"NUCLEAR METALS, INC.","Identifier":"MAD062166335","City":"CONCORD","State":" MA","EPA_Region":"01","Link":"https://www.epa.gov/superfund/nmi","Latitude":42.441667,"Longitude":-71.421944,"Data_System":"SEMS","Programs":null,"Site_Type":"Private","NPL_Site":"Yes","NPL_Status":"Final","Superfund_Alternative_Approach":"No","Address":"2229 MAIN STREET","County":"MIDDLESEX","ZIP_Code":null}},{"type":"Feature","id":49,"geometry":{"type":"Point","coordinates":[-71.4736109999999,42.258611]},"properties":{"OBJECTID":49,"F_Site_Name":"NYANZA CHEMICAL WASTE DUMP","Identifier":"MAD990685422","City":"ASHLAND","State":" MA","EPA_Region":"01","Link":"https://www.epa.gov/superfund/nyanza","Latitude":42.258611,"Longitude":-71.473611,"Data_System":"SEMS","Programs":null,"Site_Type":"Private","NPL_Site":"Yes","NPL_Status":"Final","Superfund_Alternative_Approach":"No","Address":"MEGUNKO RD","County":"MIDDLESEX","ZIP_Code":"01721"}},{"type":"Feature","id":50,"geometry":{"type":"Point","coordinates":[-72.466669,43.2727810000001]},"properties":{"OBJECTID":50,"F_Site_Name":"OLD SPRINGFIELD LANDFILL","Identifier":"VTD000860239","City":"SPRINGFIELD","State":" VT","EPA_Region":"01","Link":"https://www.epa.gov/superfund/oldspringfield","Latitude":43.272781,"Longitude":-72.466669,"Data_System":"SEMS","Programs":null,"Site_Type":"Private","NPL_Site":"Yes","NPL_Status":"Final","Superfund_Alternative_Approach":"No","Address":"WILL DEAN RD","County":"WINDSOR","ZIP_Code":"05156"}},{"type":"Feature","id":51,"geometry":{"type":"Point","coordinates":[-71.1538889999999,42.528056]},"properties":{"OBJECTID":51,"F_Site_Name":"OLIN CHEMICAL","Identifier":"MAD001403104","City":"WILMINGTON","State":" MA","EPA_Region":"01","Link":"https://www.epa.gov/superfund/olin","Latitude":42.528056,"Longitude":-71.153889,"Data_System":"SEMS","Programs":null,"Site_Type":"Private","NPL_Site":"Yes","NPL_Status":"Final","Superfund_Alternative_Approach":"No","Address":"51 EAMES ST","County":"MIDDLESEX","ZIP_Code":"01887"}},{"type":"Feature","id":52,"geometry":{"type":"Point","coordinates":[-70.5213879999999,41.651666]},"properties":{"OBJECTID":52,"F_Site_Name":"OTIS AIR NATIONAL GUARD BASE/CAMP EDWARDS","Identifier":"MA2570024487","City":"FALMOUTH","State":" MA","EPA_Region":"01","Link":"https://www.epa.gov/superfund/jbcc","Latitude":41.651666,"Longitude":-70.521388,"Data_System":"SEMS","Programs":null,"Site_Type":"Federal","NPL_Site":"Yes","NPL_Status":"Final","Superfund_Alternative_Approach":"No","Address":"OTIS AFB HERBERT RD","County":"BARNSTABLE","ZIP_Code":"02542"}},{"type":"Feature","id":53,"geometry":{"type":"Point","coordinates":[-71.080561,42.8972190000001]},"properties":{"OBJECTID":53,"F_Site_Name":"OTTATI \u0026 GOSS/KINGSTON STEEL DRUM","Identifier":"NHD990717647","City":"KINGSTON","State":" NH","EPA_Region":"01","Link":"https://www.epa.gov/superfund/og","Latitude":42.897219,"Longitude":-71.080561,"Data_System":"SEMS","Programs":null,"Site_Type":"Private","NPL_Site":"Yes","NPL_Status":"Final","Superfund_Alternative_Approach":"No","Address":"HAVERHILL RD RTE 125","County":"ROCKINGHAM","ZIP_Code":"03848"}},{"type":"Feature","id":54,"geometry":{"type":"Point","coordinates":[-71.9894389999999,44.5186110000001]},"properties":{"OBJECTID":54,"F_Site_Name":"PARKER SANITARY LANDFILL","Identifier":"VTD981062441","City":"LYNDON","State":" VT","EPA_Region":"01","Link":"https://www.epa.gov/superfund/parker","Latitude":44.518611,"Longitude":-71.989439,"Data_System":"SEMS","Programs":null,"Site_Type":"Private","NPL_Site":"Yes","NPL_Status":"Final","Superfund_Alternative_Approach":"No","Address":"LILY POND RD.","County":"CALEDONIA","ZIP_Code":"05849"}},{"type":"Feature","id":55,"geometry":{"type":"Point","coordinates":[-70.82125,43.0801690000001]},"properties":{"OBJECTID":55,"F_Site_Name":"PEASE AIR FORCE BASE","Identifier":"NH7570024847","City":"PORTSMOUTH/NEWINGTON","State":" NH","EPA_Region":"01","Link":"https://www.epa.gov/superfund/pease","Latitude":43.080169,"Longitude":-70.82125,"Data_System":"SEMS","Programs":null,"Site_Type":"Federal","NPL_Site":"Yes","NPL_Status":"Final","Superfund_Alternative_Approach":"No","Address":"509 CSG/CC","County":"ROCKINGHAM","ZIP_Code":"03803"}},{"type":"Feature","id":56,"geometry":{"type":"Point","coordinates":[-71.709169,41.6716690000001]},"properties":{"OBJECTID":56,"F_Site_Name":"PICILLO FARM","Identifier":"RID980579056","City":"COVENTRY","State":" RI","EPA_Region":"01","Link":"https://www.epa.gov/superfund/picillo","Latitude":41.671669,"Longitude":-71.709169,"Data_System":"SEMS","Programs":null,"Site_Type":"Private","NPL_Site":"Yes","NPL_Status":"Final","Superfund_Alternative_Approach":"No","Address":"PERRY HILL RD","County":"KENT","ZIP_Code":"02816"}},{"type":"Feature","id":57,"geometry":{"type":"Point","coordinates":[-70.741666,43.084167]},"properties":{"OBJECTID":57,"F_Site_Name":"PORTSMOUTH NAVAL SHIPYARD","Identifier":"ME7170022019","City":"KITTERY","State":" ME","EPA_Region":"01","Link":"https://www.epa.gov/superfund/portsmouth","Latitude":43.084167,"Longitude":-70.741666,"Data_System":"SEMS","Programs":null,"Site_Type":"Federal","NPL_Site":"Yes","NPL_Status":"Deleted","Superfund_Alternative_Approach":"No","Address":"SEAVEY ISLAND","County":"YORK","ZIP_Code":"03904"}},{"type":"Feature","id":58,"geometry":{"type":"Point","coordinates":[-73.26575,42.7971670000001]},"properties":{"OBJECTID":58,"F_Site_Name":"POWNAL TANNERY","Identifier":"VTD069910354","City":"POWNAL","State":" VT","EPA_Region":"01","Link":"https://www.epa.gov/superfund/pownal","Latitude":42.797167,"Longitude":-73.26575,"Data_System":"SEMS","Programs":null,"Site_Type":"Private","NPL_Site":"Yes","NPL_Status":"Final","Superfund_Alternative_Approach":"No","Address":"ROUTE 346","County":"BENNINGTON","ZIP_Code":"05261"}},{"type":"Feature","id":59,"geometry":{"type":"Point","coordinates":[-72.447911,41.84975]},"properties":{"OBJECTID":59,"F_Site_Name":"PRECISION PLATING CORP.","Identifier":"CTD051316313","City":"VERNON","State":" CT","EPA_Region":"01","Link":"https://www.epa.gov/superfund/precision","Latitude":41.84975,"Longitude":-72.447911,"Data_System":"SEMS","Programs":null,"Site_Type":"Private","NPL_Site":"Yes","NPL_Status":"Final","Superfund_Alternative_Approach":"No","Address":"1050 HARTFORD TURNPIKE ROAD","County":"TOLLAND","ZIP_Code":null}},{"type":"Feature","id":60,"geometry":{"type":"Point","coordinates":[-72.330281,42.153331]},"properties":{"OBJECTID":60,"F_Site_Name":"PSC RESOURCES","Identifier":"MAD980731483","City":"PALMER","State":" MA","EPA_Region":"01","Link":"https://www.epa.gov/superfund/psc","Latitude":42.153331,"Longitude":-72.330281,"Data_System":"SEMS","Programs":null,"Site_Type":"Private","NPL_Site":"Yes","NPL_Status":"Final","Superfund_Alternative_Approach":"No","Address":"10 WATER ST","County":"HAMPDEN","ZIP_Code":"01069"}},{"type":"Feature","id":61,"geometry":{"type":"Point","coordinates":[-73.117222,41.2012780000001]},"properties":{"OBJECTID":61,"F_Site_Name":"RAYMARK INDUSTRIES, INC.","Identifier":"CTD001186618","City":"STRATFORD","State":" CT","EPA_Region":"01","Link":"https://www.epa.gov/superfund/raymark","Latitude":41.201278,"Longitude":-73.117222,"Data_System":"SEMS","Programs":null,"Site_Type":"Private","NPL_Site":"Yes","NPL_Status":"Final","Superfund_Alternative_Approach":"No","Address":"75 EAST MAIN STREET","County":"FAIRFIELD","ZIP_Code":"06614"}},{"type":"Feature","id":62,"geometry":{"type":"Point","coordinates":[-71.033889,41.6880610000001]},"properties":{"OBJECTID":62,"F_Site_Name":"RE-SOLVE, INC.","Identifier":"MAD980520621","City":"DARTMOUTH","State":" MA","EPA_Region":"01","Link":"https://www.epa.gov/superfund/resolve","Latitude":41.688061,"Longitude":-71.033889,"Data_System":"SEMS","Programs":null,"Site_Type":"Private","NPL_Site":"Yes","NPL_Status":"Final","Superfund_Alternative_Approach":"No","Address":"N HIXVILLE RD","County":"BRISTOL","ZIP_Code":"02747"}},{"type":"Feature","id":63,"geometry":{"type":"Point","coordinates":[-73.2748,42.5055]},"properties":{"OBJECTID":63,"F_Site_Name":"ROSE DISPOSAL PIT","Identifier":"MAD980524169","City":"LANESBORO","State":" MA","EPA_Region":"01","Link":"https://www.epa.gov/superfund/ftrose","Latitude":42.5055,"Longitude":-73.2748,"Data_System":"SEMS","Programs":null,"Site_Type":"Private","NPL_Site":"Yes","NPL_Status":"Final","Superfund_Alternative_Approach":"No","Address":"BALANCE ROCK RD","County":"BERKSHIRE","ZIP_Code":"01237"}},{"type":"Feature","id":64,"geometry":{"type":"Point","coordinates":[-71.4916689999999,41.470831]},"properties":{"OBJECTID":64,"F_Site_Name":"ROSE HILL REGIONAL LANDFILL","Identifier":"RID980521025","City":"SOUTH KINGSTOWN","State":" RI","EPA_Region":"01","Link":"https://www.epa.gov/superfund/rosehill","Latitude":41.470831,"Longitude":-71.491669,"Data_System":"SEMS","Programs":null,"Site_Type":"Private","NPL_Site":"Yes","NPL_Status":"Final","Superfund_Alternative_Approach":"No","Address":"ROSE HILL RD","County":"WASHINGTON","ZIP_Code":"02880"}},{"type":"Feature","id":65,"geometry":{"type":"Point","coordinates":[-70.4815,43.5302]},"properties":{"OBJECTID":65,"F_Site_Name":"SACO MUNICIPAL LANDFILL","Identifier":"MED980504393","City":"SACO","State":" ME","EPA_Region":"01","Link":"https://www.epa.gov/superfund/sacolandfill","Latitude":43.5302,"Longitude":-70.4815,"Data_System":"SEMS","Programs":null,"Site_Type":"Private","NPL_Site":"Yes","NPL_Status":"Final","Superfund_Alternative_Approach":"No","Address":"FOSS RD","County":"YORK","ZIP_Code":"04072"}},{"type":"Feature","id":66,"geometry":{"type":"Point","coordinates":[-70.426389,43.56055]},"properties":{"OBJECTID":66,"F_Site_Name":"SACO TANNERY WASTE PITS","Identifier":"MED980520241","City":"SACO","State":" ME","EPA_Region":"01","Link":"https://www.epa.gov/superfund/sacotannery","Latitude":43.56055,"Longitude":-70.426389,"Data_System":"SEMS","Programs":null,"Site_Type":"Private","NPL_Site":"Yes","NPL_Status":"Deleted","Superfund_Alternative_Approach":"No","Address":"FLAG POND RD","County":"YORK","ZIP_Code":"04072"}},{"type":"Feature","id":67,"geometry":{"type":"Point","coordinates":[-71.313889,42.6288890000001]},"properties":{"OBJECTID":67,"F_Site_Name":"SILRESIM CHEMICAL CORP.","Identifier":"MAD000192393","City":"LOWELL","State":" MA","EPA_Region":"01","Link":"https://www.epa.gov/superfund/silresim","Latitude":42.628889,"Longitude":-71.313889,"Data_System":"SEMS","Programs":null,"Site_Type":"Private","NPL_Site":"Yes","NPL_Status":"Final","Superfund_Alternative_Approach":"No","Address":"86 TANNER ST","County":"MIDDLESEX","ZIP_Code":"01853"}},{"type":"Feature","id":68,"geometry":{"type":"Point","coordinates":[-72.878,41.6196]},"properties":{"OBJECTID":68,"F_Site_Name":"SOLVENTS RECOVERY SERVICE OF NEW ENGLAND","Identifier":"CTD009717604","City":"SOUTHINGTON","State":" CT","EPA_Region":"01","Link":"https://www.epa.gov/superfund/srs","Latitude":41.6196,"Longitude":-72.878,"Data_System":"SEMS","Programs":null,"Site_Type":"Private","NPL_Site":"Yes","NPL_Status":"Final","Superfund_Alternative_Approach":"No","Address":"LAZY LANE","County":"HARTFORD","ZIP_Code":"06489"}},{"type":"Feature","id":69,"geometry":{"type":"Point","coordinates":[-70.8844999999999,43.2489]},"properties":{"OBJECTID":69,"F_Site_Name":"SOMERSWORTH SANITARY LANDFILL","Identifier":"NHD980520225","City":"SOMERSWORTH","State":" NH","EPA_Region":"01","Link":"https://www.epa.gov/superfund/somersworth","Latitude":43.2489,"Longitude":-70.8845,"Data_System":"SEMS","Programs":null,"Site_Type":"Private","NPL_Site":"Yes","NPL_Status":"Final","Superfund_Alternative_Approach":"No","Address":"BLACKWATER RD","County":"STRAFFORD","ZIP_Code":"03878"}},{"type":"Feature","id":70,"geometry":{"type":"Point","coordinates":[-71.9467999999999,42.8489000000001]},"properties":{"OBJECTID":70,"F_Site_Name":"SOUTH MUNICIPAL WATER SUPPLY WELL","Identifier":"NHD980671069","City":"PETERBOROUGH","State":" NH","EPA_Region":"01","Link":"https://www.epa.gov/superfund/southmuni","Latitude":42.8489,"Longitude":-71.9468,"Data_System":"SEMS","Programs":null,"Site_Type":"Private","NPL_Site":"Yes","NPL_Status":"Final","Superfund_Alternative_Approach":"No","Address":"RT. 202","County":"HILLSBOROUGH","ZIP_Code":"03458"}},{"type":"Feature","id":71,"geometry":{"type":"Point","coordinates":[-70.9334699999999,42.1552770000001]},"properties":{"OBJECTID":71,"F_Site_Name":"SOUTH WEYMOUTH NAVAL AIR STATION","Identifier":"MA2170022022","City":"WEYMOUTH","State":" MA","EPA_Region":"01","Link":"https://www.epa.gov/superfund/sweymouth","Latitude":42.155277,"Longitude":-70.93347,"Data_System":"SEMS","Programs":null,"Site_Type":"Federal","NPL_Site":"Yes","NPL_Status":"Final","Superfund_Alternative_Approach":"No","Address":"1134 MAIN STREET","County":"NORFOLK","ZIP_Code":"02190"}},{"type":"Feature","id":72,"geometry":{"type":"Point","coordinates":[-71.5647,41.9964000000001]},"properties":{"OBJECTID":72,"F_Site_Name":"STAMINA MILLS","Identifier":"RID980731442","City":"NORTH SMITHFIELD (FORESTDALE)","State":" RI","EPA_Region":"01","Link":"https://www.epa.gov/superfund/stamina","Latitude":41.9964,"Longitude":-71.5647,"Data_System":"SEMS","Programs":null,"Site_Type":"Private","NPL_Site":"Yes","NPL_Status":"Final","Superfund_Alternative_Approach":"No","Address":"School Street","County":"PROVIDENCE","ZIP_Code":"02824"}},{"type":"Feature","id":73,"geometry":{"type":"Point","coordinates":[-70.957219,41.654719]},"properties":{"OBJECTID":73,"F_Site_Name":"SULLIVAN\u0027S LEDGE","Identifier":"MAD980731343","City":"NEW BEDFORD","State":" MA","EPA_Region":"01","Link":"https://www.epa.gov/superfund/sullivansledge","Latitude":41.654719,"Longitude":-70.957219,"Data_System":"SEMS","Programs":null,"Site_Type":"Private","NPL_Site":"Yes","NPL_Status":"Final","Superfund_Alternative_Approach":"No","Address":"HATHAWAY RD","County":"BRISTOL","ZIP_Code":"02740"}},{"type":"Feature","id":74,"geometry":{"type":"Point","coordinates":[-71.183194,42.5982220000001]},"properties":{"OBJECTID":74,"F_Site_Name":"SUTTON BROOK DISPOSAL AREA","Identifier":"MAD980520696","City":"TEWKSBURY","State":" MA","EPA_Region":"01","Link":"https://www.epa.gov/superfund/suttonbrook","Latitude":42.598222,"Longitude":-71.183194,"Data_System":"SEMS","Programs":null,"Site_Type":"Private","NPL_Site":"Yes","NPL_Status":"Final","Superfund_Alternative_Approach":"No","Address":"OFF OF SOUTH STREET","County":"MIDDLESEX","ZIP_Code":"01876"}},{"type":"Feature","id":75,"geometry":{"type":"Point","coordinates":[-71.523111,42.7197]},"properties":{"OBJECTID":75,"F_Site_Name":"SYLVESTER","Identifier":"NHD099363541","City":"NASHUA","State":" NH","EPA_Region":"01","Link":"https://www.epa.gov/superfund/sylvester","Latitude":42.7197,"Longitude":-71.523111,"Data_System":"SEMS","Programs":null,"Site_Type":"Private","NPL_Site":"Yes","NPL_Status":"Final","Superfund_Alternative_Approach":"No","Address":"GILSON RD","County":"HILLSBOROUGH","ZIP_Code":"03062"}},{"type":"Feature","id":76,"geometry":{"type":"Point","coordinates":[-71.0347,43.1800000000001]},"properties":{"OBJECTID":76,"F_Site_Name":"TIBBETTS ROAD","Identifier":"NHD989090469","City":"BARRINGTON","State":" NH","EPA_Region":"01","Link":"https://www.epa.gov/superfund/tibbetts","Latitude":43.18,"Longitude":-71.0347,"Data_System":"SEMS","Programs":null,"Site_Type":"Private","NPL_Site":"Yes","NPL_Status":"Final","Superfund_Alternative_Approach":"No","Address":"TIBBETTS RD.","County":"STRAFFORD","ZIP_Code":"03825"}},{"type":"Feature","id":77,"geometry":{"type":"Point","coordinates":[-71.3511109999999,42.8608310000001]},"properties":{"OBJECTID":77,"F_Site_Name":"TINKHAM GARAGE","Identifier":"NHD062004569","City":"LONDONDERRY","State":" NH","EPA_Region":"01","Link":"https://www.epa.gov/superfund/tinkham","Latitude":42.860831,"Longitude":-71.351111,"Data_System":"SEMS","Programs":null,"Site_Type":"Private","NPL_Site":"Yes","NPL_Status":"Final","Superfund_Alternative_Approach":"No","Address":"RTE 102","County":"ROCKINGHAM","ZIP_Code":"03053"}},{"type":"Feature","id":78,"geometry":{"type":"Point","coordinates":[-72.186944,42.802583]},"properties":{"OBJECTID":78,"F_Site_Name":"TROY MILLS LANDFILL","Identifier":"NHD980520217","City":"TROY","State":" NH","EPA_Region":"01","Link":"https://www.epa.gov/superfund/troymills","Latitude":42.802583,"Longitude":-72.186944,"Data_System":"SEMS","Programs":null,"Site_Type":"Private","NPL_Site":"Yes","NPL_Status":"Final","Superfund_Alternative_Approach":"No","Address":"OFF ROCKWOOD POND ROAD","County":"CHESHIRE","ZIP_Code":"03465"}},{"type":"Feature","id":79,"geometry":{"type":"Point","coordinates":[-69.189027,44.21444]},"properties":{"OBJECTID":79,"F_Site_Name":"UNION CHEMICAL CO., INC.","Identifier":"MED042143883","City":"SOUTH HOPE","State":" ME","EPA_Region":"01","Link":"https://www.epa.gov/superfund/union","Latitude":44.21444,"Longitude":-69.189027,"Data_System":"SEMS","Programs":null,"Site_Type":"Private","NPL_Site":"Yes","NPL_Status":"Deleted","Superfund_Alternative_Approach":"No","Address":"RTE 17","County":"KNOX","ZIP_Code":"04862"}},{"type":"Feature","id":80,"geometry":{"type":"Point","coordinates":[-71.427781,42.4505500000001]},"properties":{"OBJECTID":80,"F_Site_Name":"W.R. GRACE \u0026 CO., INC. (ACTON PLANT)","Identifier":"MAD001002252","City":"ACTON","State":" MA","EPA_Region":"01","Link":"https://www.epa.gov/superfund/graceacton","Latitude":42.45055,"Longitude":-71.427781,"Data_System":"SEMS","Programs":null,"Site_Type":"Private","NPL_Site":"Yes","NPL_Status":"Final","Superfund_Alternative_Approach":"No","Address":"50 INDEPENDENCE RD","County":"MIDDLESEX","ZIP_Code":"01720"}},{"type":"Feature","id":81,"geometry":{"type":"Point","coordinates":[-71.2969439999999,41.9577780000001]},"properties":{"OBJECTID":81,"F_Site_Name":"WALTON \u0026 LONSBURY INC.","Identifier":"MAD001197755","City":"ATTLEBORO","State":" MA","EPA_Region":"01","Link":"https://www.epa.gov/superfund/walton","Latitude":41.957778,"Longitude":-71.296944,"Data_System":"SEMS","Programs":null,"Site_Type":"Private","NPL_Site":"Yes","NPL_Status":"Final","Superfund_Alternative_Approach":"No","Address":"78 NORTH AVENUE","County":"BRISTOL","ZIP_Code":"02703"}},{"type":"Feature","id":82,"geometry":{"type":"Point","coordinates":[-71.130839,42.494719]},"properties":{"OBJECTID":82,"F_Site_Name":"WELLS G\u0026H","Identifier":"MAD980732168","City":"WOBURN","State":" MA","EPA_Region":"01","Link":"https://www.epa.gov/superfund/wellsgh","Latitude":42.494719,"Longitude":-71.130839,"Data_System":"SEMS","Programs":null,"Site_Type":"Private","NPL_Site":"Yes","NPL_Status":"Final","Superfund_Alternative_Approach":"No","Address":"ABERJONA RIVER VALLEY","County":"MIDDLESEX","ZIP_Code":"01801"}},{"type":"Feature","id":83,"geometry":{"type":"Point","coordinates":[-71.5352779999999,41.4966670000001]},"properties":{"OBJECTID":83,"F_Site_Name":"WEST KINGSTON TOWN DUMP/URI DISPOSAL AREA","Identifier":"RID981063993","City":"SOUTH KINGSTOWN","State":" RI","EPA_Region":"01","Link":"https://www.epa.gov/superfund/wkingston","Latitude":41.496667,"Longitude":-71.535278,"Data_System":"SEMS","Programs":null,"Site_Type":"Private","NPL_Site":"Yes","NPL_Status":"Final","Superfund_Alternative_Approach":"No","Address":"PLAINS ROAD","County":"WASHINGTON","ZIP_Code":"02881"}},{"type":"Feature","id":84,"geometry":{"type":"Point","coordinates":[-71.595,41.9727]},"properties":{"OBJECTID":84,"F_Site_Name":"WESTERN SAND \u0026 GRAVEL","Identifier":"RID009764929","City":"BURRILLVILLE","State":" RI","EPA_Region":"01","Link":"https://www.epa.gov/superfund/wsg","Latitude":41.9727,"Longitude":-71.595,"Data_System":"SEMS","Programs":null,"Site_Type":"Private","NPL_Site":"Yes","NPL_Status":"Final","Superfund_Alternative_Approach":"No","Address":"DOUGLAS PIKE","County":"PROVIDENCE","ZIP_Code":"02895"}},{"type":"Feature","id":85,"geometry":{"type":"Point","coordinates":[-69.988331,44.275831]},"properties":{"OBJECTID":85,"F_Site_Name":"WINTHROP LANDFILL","Identifier":"MED980504435","City":"WINTHROP","State":" ME","EPA_Region":"01","Link":"https://www.epa.gov/superfund/winthrop","Latitude":44.275831,"Longitude":-69.988331,"Data_System":"SEMS","Programs":null,"Site_Type":"Private","NPL_Site":"Yes","NPL_Status":"Final","Superfund_Alternative_Approach":"No","Address":"ANNABESSACOOK RD","County":"KENNEBEC","ZIP_Code":"04364"}},{"type":"Feature","id":86,"geometry":{"type":"Point","coordinates":[-71.9641609999999,41.66945]},"properties":{"OBJECTID":86,"F_Site_Name":"YAWORSKI WASTE LAGOON","Identifier":"CTD009774969","City":"CANTERBURY","State":" CT","EPA_Region":"01","Link":"https://www.epa.gov/superfund/yaworski","Latitude":41.66945,"Longitude":-71.964161,"Data_System":"SEMS","Programs":null,"Site_Type":"Private","NPL_Site":"Yes","NPL_Status":"Final","Superfund_Alternative_Approach":"No","Address":"PACKER ROAD","County":"WINDHAM","ZIP_Code":"06331"}},{"type":"Feature","id":87,"geometry":{"type":"Point","coordinates":[-74.6299999999999,41.04805]},"properties":{"OBJECTID":87,"F_Site_Name":"A. O. POLYMER","Identifier":"NJD030253355","City":"SPARTA TOWNSHIP","State":" NJ","EPA_Region":"02","Link":"https://www.epa.gov/superfund/ao-polymer","Latitude":41.04805,"Longitude":-74.63,"Data_System":"SEMS","Programs":null,"Site_Type":"Private","NPL_Site":"Yes","NPL_Status":"Final","Superfund_Alternative_Approach":"No","Address":"44 STATION ROAD","County":"SUSSEX","ZIP_Code":"07871"}},{"type":"Feature","id":88,"geometry":{"type":"Point","coordinates":[-74.55945,40.5555610000001]},"properties":{"OBJECTID":88,"F_Site_Name":"AMERICAN CYANAMID CO","Identifier":"NJD002173276","City":"BRIDGEWATER","State":" NJ","EPA_Region":"02","Link":"https://www.epa.gov/superfund/american-cyanamid","Latitude":40.555561,"Longitude":-74.55945,"Data_System":"SEMS","Programs":null,"Site_Type":"Private","NPL_Site":"Yes","NPL_Status":"Final","Superfund_Alternative_Approach":"No","Address":"EASTON TURNPIKE","County":"SOMERSET","ZIP_Code":"08805"}},{"type":"Feature","id":89,"geometry":{"type":"Point","coordinates":[-73.646693,40.8230540000001]},"properties":{"OBJECTID":89,"F_Site_Name":"APPLIED ENVIRONMENTAL SERVICES","Identifier":"NYD980535652","City":"GLENWOOD LANDING","State":" NY","EPA_Region":"02","Link":"https://www.epa.gov/superfund/applied-environmental-services","Latitude":40.823054,"Longitude":-73.646693,"Data_System":"SEMS","Programs":null,"Site_Type":"Private","NPL_Site":"Yes","NPL_Status":"Final","Superfund_Alternative_Approach":"No","Address":"ONE SHORE RD","County":"NASSAU","ZIP_Code":"11545"}},{"type":"Feature","id":90,"geometry":{"type":"Point","coordinates":[-65.3106,18.1305800000001]},"properties":{"OBJECTID":90,"F_Site_Name":"ATLANTIC FLEET WEAPONS TRAINING AREA","Identifier":"PRN000204694","City":"VIEQUES","State":" PR","EPA_Region":"02","Link":"https://www.epa.gov/superfund/vieques","Latitude":18.13058,"Longitude":-65.3106,"Data_System":"SEMS","Programs":null,"Site_Type":"Federal","NPL_Site":"Yes","NPL_Status":"Final","Superfund_Alternative_Approach":"No","Address":"Postal Address is unavailable for the Site","County":"VIEQUES","ZIP_Code":"00765"}},{"type":"Feature","id":91,"geometry":{"type":"Point","coordinates":[-74.1611109999999,40.150831]},"properties":{"OBJECTID":91,"F_Site_Name":"BOG CREEK FARM","Identifier":"NJD063157150","City":"HOWELL TOWNSHIP","State":" NJ","EPA_Region":"02","Link":"https://www.epa.gov/superfund/bog-creek-farm","Latitude":40.150831,"Longitude":-74.161111,"Data_System":"SEMS","Programs":null,"Site_Type":"Private","NPL_Site":"Yes","NPL_Status":"Final","Superfund_Alternative_Approach":"No","Address":"SQUANRUM RD. (MONMOUTH CO. RT. 547)","County":"MONMOUTH","ZIP_Code":"07727"}},{"type":"Feature","id":92,"geometry":{"type":"Point","coordinates":[-73.6,41.401669]},"properties":{"OBJECTID":92,"F_Site_Name":"BREWSTER WELL FIELD","Identifier":"NYD980652275","City":"PUTNAM COUNTY","State":" NY","EPA_Region":"02","Link":"https://www.epa.gov/superfund/brewster-wellfield","Latitude":41.401669,"Longitude":-73.6,"Data_System":"SEMS","Programs":null,"Site_Type":"Private","NPL_Site":"Yes","NPL_Status":"Final","Superfund_Alternative_Approach":"No","Address":"MAIN ST /SE","County":"PUTNAM","ZIP_Code":"10509"}},{"type":"Feature","id":93,"geometry":{"type":"Point","coordinates":[-75.3216609999999,39.8016690000001]},"properties":{"OBJECTID":93,"F_Site_Name":"BRIDGEPORT RENTAL \u0026 OIL SERVICES","Identifier":"NJD053292652","City":"BRIDGEPORT","State":" NJ","EPA_Region":"02","Link":"https://www.epa.gov/superfund/bridgeport","Latitude":39.801669,"Longitude":-75.321661,"Data_System":"SEMS","Programs":null,"Site_Type":"Private","NPL_Site":"Yes","NPL_Status":"Final","Superfund_Alternative_Approach":"No","Address":"CEDAR SWAMP RD","County":"GLOUCESTER","ZIP_Code":"08014"}},{"type":"Feature","id":94,"geometry":{"type":"Point","coordinates":[-72.869583,40.8600000000001]},"properties":{"OBJECTID":94,"F_Site_Name":"BROOKHAVEN NATIONAL LABORATORY (USDOE)","Identifier":"NY7890008975","City":"UPTON","State":" NY","EPA_Region":"02","Link":"https://www.epa.gov/superfund/brookhaven-national-lab","Latitude":40.86,"Longitude":-72.869583,"Data_System":"SEMS","Programs":null,"Site_Type":"Federal","NPL_Site":"Yes","NPL_Status":"Final","Superfund_Alternative_Approach":"No","Address":"53 BELL AVE","County":"SUFFOLK","ZIP_Code":"11961"}},{"type":"Feature","id":95,"geometry":{"type":"Point","coordinates":[-78.1102999999999,43.1191000000001]},"properties":{"OBJECTID":95,"F_Site_Name":"BYRON BARREL \u0026 DRUM","Identifier":"NYD980780670","City":"BYRON TOWNSHIP","State":" NY","EPA_Region":"02","Link":"https://www.epa.gov/superfund/byron-barrel-and-drum","Latitude":43.1191,"Longitude":-78.1103,"Data_System":"SEMS","Programs":null,"Site_Type":"Private","NPL_Site":"Yes","NPL_Status":"Final","Superfund_Alternative_Approach":"No","Address":"TOWN LINE ROAD","County":"GENESEE","ZIP_Code":"14422"}},{"type":"Feature","id":96,"geometry":{"type":"Point","coordinates":[-74.2713889999999,40.8763890000001]},"properties":{"OBJECTID":96,"F_Site_Name":"CALDWELL TRUCKING CO.","Identifier":"NJD048798953","City":"FAIRFIELD","State":" NJ","EPA_Region":"02","Link":"https://www.epa.gov/superfund/caldwell-trucking","Latitude":40.876389,"Longitude":-74.271389,"Data_System":"SEMS","Programs":null,"Site_Type":"Private","NPL_Site":"Yes","NPL_Status":"Final","Superfund_Alternative_Approach":"No","Address":"222 PASSAIC AVENUE","County":"ESSEX","ZIP_Code":"07004"}},{"type":"Feature","id":97,"geometry":{"type":"Point","coordinates":[-74.6681,41.3942000000001]},"properties":{"OBJECTID":97,"F_Site_Name":"CARROLL \u0026 DUBIES SEWAGE DISPOSAL","Identifier":"NYD010968014","City":"PORT JERVIS","State":" NY","EPA_Region":"02","Link":"https://www.epa.gov/superfund/carroll-and-dubies","Latitude":41.3942,"Longitude":-74.6681,"Data_System":"SEMS","Programs":null,"Site_Type":"Private","NPL_Site":"Yes","NPL_Status":"Final","Superfund_Alternative_Approach":"No","Address":"CANAL STREET","County":"ORANGE","ZIP_Code":"12771"}},{"type":"Feature","id":98,"geometry":{"type":"Point","coordinates":[-76.6425,42.8805560000001]},"properties":{"OBJECTID":98,"F_Site_Name":"CAYUGA GROUNDWATER CONTAMINATION SITE","Identifier":"NYN000204289","City":"UNION SPRINGS","State":" NY","EPA_Region":"02","Link":"https://www.epa.gov/superfund/cayuga-county-groundwater","Latitude":42.880556,"Longitude":-76.6425,"Data_System":"SEMS","Programs":null,"Site_Type":"Private","NPL_Site":"Yes","NPL_Status":"Final","Superfund_Alternative_Approach":"No","Address":"STATE ROUTE 326","County":"CAYUGA","ZIP_Code":"13160"}},{"type":"Feature","id":99,"geometry":{"type":"Point","coordinates":[-75.332781,39.7983310000001]},"properties":{"OBJECTID":99,"F_Site_Name":"CHEMICAL LEAMAN TANK LINES, INC.","Identifier":"NJD047321443","City":"BRIDGEPORT","State":" NJ","EPA_Region":"02","Link":"https://www.epa.gov/superfund/chemical-leaman","Latitude":39.798331,"Longitude":-75.332781,"Data_System":"SEMS","Programs":null,"Site_Type":"Private","NPL_Site":"Yes","NPL_Status":"Final","Superfund_Alternative_Approach":"No","Address":"CEDAR SWAMP \u0026 COOPER RDS","County":"GLOUCESTER","ZIP_Code":"08014"}},{"type":"Feature","id":100,"geometry":{"type":"Point","coordinates":[-74.2363,39.9867]},"properties":{"OBJECTID":100,"F_Site_Name":"CIBA-GEIGY CORP.","Identifier":"NJD001502517","City":"TOMS RIVER","State":" NJ","EPA_Region":"02","Link":"https://www.epa.gov/superfund/ciba-geigy","Latitude":39.9867,"Longitude":-74.2363,"Data_System":"SEMS","Programs":null,"Site_Type":"Private","NPL_Site":"Yes","NPL_Status":"Final","Superfund_Alternative_Approach":"No","Address":"RTE #37","County":"OCEAN","ZIP_Code":"08753"}},{"type":"Feature","id":101,"geometry":{"type":"Point","coordinates":[-73.4195,40.7495000000001]},"properties":{"OBJECTID":101,"F_Site_Name":"CIRCUITRON CORP.","Identifier":"NYD981184229","City":"EAST FARMINGDALE","State":" NY","EPA_Region":"02","Link":"https://www.epa.gov/superfund/circuitron","Latitude":40.7495,"Longitude":-73.4195,"Data_System":"SEMS","Programs":null,"Site_Type":"Private","NPL_Site":"Yes","NPL_Status":"Final","Superfund_Alternative_Approach":"No","Address":"82 MILBAR BOULEVARD","County":"SUFFOLK","ZIP_Code":"11735"}},{"type":"Feature","id":102,"geometry":{"type":"Point","coordinates":[-75.5894499999999,42.160419]},"properties":{"OBJECTID":102,"F_Site_Name":"COLESVILLE MUNICIPAL LANDFILL","Identifier":"NYD980768691","City":"TOWN OF COLESVILLE","State":" NY","EPA_Region":"02","Link":"https://www.epa.gov/superfund/colesville-landfill","Latitude":42.160419,"Longitude":-75.58945,"Data_System":"SEMS","Programs":null,"Site_Type":"Private","NPL_Site":"Yes","NPL_Status":"Final","Superfund_Alternative_Approach":"No","Address":"EAST WINDSOR RD","County":"BROOME","ZIP_Code":"13813"}},{"type":"Feature","id":103,"geometry":{"type":"Point","coordinates":[-74.738331,40.771669]},"properties":{"OBJECTID":103,"F_Site_Name":"COMBE FILL SOUTH LANDFILL","Identifier":"NJD094966611","City":"CHESTER TOWNSHIP","State":" NJ","EPA_Region":"02","Link":"https://www.epa.gov/superfund/combe-fill-south","Latitude":40.771669,"Longitude":-74.738331,"Data_System":"SEMS","Programs":null,"Site_Type":"Private","NPL_Site":"Yes","NPL_Status":"Final","Superfund_Alternative_Approach":"No","Address":"PARKER ROAD- BOX 418","County":"MORRIS","ZIP_Code":"07930"}},{"type":"Feature","id":104,"geometry":{"type":"Point","coordinates":[-73.24611,40.8131940000001]},"properties":{"OBJECTID":104,"F_Site_Name":"COMPUTER CIRCUITS","Identifier":"NYD125499673","City":"HAUPPAUGE","State":" NY","EPA_Region":"02","Link":"https://www.epa.gov/superfund/computer-circuits","Latitude":40.813194,"Longitude":-73.24611,"Data_System":"SEMS","Programs":null,"Site_Type":"Private","NPL_Site":"Yes","NPL_Status":"Final","Superfund_Alternative_Approach":"No","Address":"145 MARCUS BOULEVARD","County":"SUFFOLK","ZIP_Code":"11788"}},{"type":"Feature","id":105,"geometry":{"type":"Point","coordinates":[-74.005639,41.498028]},"properties":{"OBJECTID":105,"F_Site_Name":"CONSOLIDATED IRON AND METAL","Identifier":"NY0002455756","City":"NEWBURGH","State":" NY","EPA_Region":"02","Link":"https://www.epa.gov/superfund/consolidated-iron","Latitude":41.498028,"Longitude":-74.005639,"Data_System":"SEMS","Programs":null,"Site_Type":"Private","NPL_Site":"Yes","NPL_Status":"Deleted","Superfund_Alternative_Approach":"No","Address":"EAST END OF WASHINGTON STREET","County":"ORANGE","ZIP_Code":"12550"}},{"type":"Feature","id":106,"geometry":{"type":"Point","coordinates":[-74.414167,40.5763890000001]},"properties":{"OBJECTID":106,"F_Site_Name":"CORNELL DUBILIER ELECTRONICS INC.","Identifier":"NJD981557879","City":"SOUTH PLAINFIELD","State":" NJ","EPA_Region":"02","Link":"https://www.epa.gov/superfund/cornell-dubilier","Latitude":40.576389,"Longitude":-74.414167,"Data_System":"SEMS","Programs":null,"Site_Type":"Private","NPL_Site":"Yes","NPL_Status":"Final","Superfund_Alternative_Approach":"No","Address":"333 HAMILTON BLVD","County":"MIDDLESEX","ZIP_Code":"07080"}},{"type":"Feature","id":107,"geometry":{"type":"Point","coordinates":[-75.0649999999999,41.600561]},"properties":{"OBJECTID":107,"F_Site_Name":"CORTESE LANDFILL","Identifier":"NYD980528475","City":"VIL OF NARROWSBURG","State":" NY","EPA_Region":"02","Link":"https://www.epa.gov/superfund/cortese-landfill","Latitude":41.600561,"Longitude":-75.065,"Data_System":"SEMS","Programs":null,"Site_Type":"Private","NPL_Site":"Yes","NPL_Status":"Final","Superfund_Alternative_Approach":"No","Address":"SOUTH OF ROUTE 97","County":"SULLIVAN","ZIP_Code":"12764"}},{"type":"Feature","id":108,"geometry":{"type":"Point","coordinates":[-74.327769,40.434439]},"properties":{"OBJECTID":108,"F_Site_Name":"CPS/MADISON INDUSTRIES","Identifier":"NJD002141190","City":"OLD BRIDGE TOWNSHIP","State":" NJ","EPA_Region":"02","Link":"https://www.epa.gov/superfund/cps-madison","Latitude":40.434439,"Longitude":-74.327769,"Data_System":"SEMS","Programs":null,"Site_Type":"Private","NPL_Site":"Yes","NPL_Status":"Final","Superfund_Alternative_Approach":"No","Address":"WATERWORKS ROAD","County":"MIDDLESEX","ZIP_Code":"08857"}},{"type":"Feature","id":109,"geometry":{"type":"Point","coordinates":[-75.6518609999999,44.0229440000001]},"properties":{"OBJECTID":109,"F_Site_Name":"CROWN CLEANERS OF WATERTOWN INC.","Identifier":"NYD986965333","City":"CARTHAGE","State":" NY","EPA_Region":"02","Link":"https://www.epa.gov/superfund/crown-cleaners","Latitude":44.022944,"Longitude":-75.651861,"Data_System":"SEMS","Programs":null,"Site_Type":"Private","NPL_Site":"Yes","NPL_Status":"Final","Superfund_Alternative_Approach":"No","Address":"3595 STATE ROUTE 3","County":"JEFFERSON","ZIP_Code":"13619"}},{"type":"Feature","id":110,"geometry":{"type":"Point","coordinates":[-75.0789169999999,40.552028]},"properties":{"OBJECTID":110,"F_Site_Name":"CROWN VANTAGE LANDFILL","Identifier":"NJN000204492","City":"ALEXANDRIA TOWNSHIP","State":" NJ","EPA_Region":"02","Link":"https://www.epa.gov/superfund/crown-vantage","Latitude":40.552028,"Longitude":-75.078917,"Data_System":"SEMS","Programs":null,"Site_Type":"Private","NPL_Site":"Yes","NPL_Status":"Deleted","Superfund_Alternative_Approach":"No","Address":"ADJ. TO DELAWARE RIVER 1/2 MI. SOUTH OF","County":"HUNTERDON","ZIP_Code":"08848"}},{"type":"Feature","id":111,"geometry":{"type":"Point","coordinates":[-75.089842,40.5617580000001]},"properties":{"OBJECTID":111,"F_Site_Name":"CURTIS SPECIALTY PAPERS, INC","Identifier":"NJD057143984","City":"MILFORD","State":" NJ","EPA_Region":"02","Link":"https://www.epa.gov/superfund/curtis-papers","Latitude":40.561758,"Longitude":-75.089842,"Data_System":"SEMS","Programs":null,"Site_Type":"Private","NPL_Site":"Yes","NPL_Status":"Final","Superfund_Alternative_Approach":"No","Address":"404 FRENCHTOWN ROAD","County":"HUNTERDON","ZIP_Code":"08848"}},{"type":"Feature","id":112,"geometry":{"type":"Point","coordinates":[-74.5775,40.903331]},"properties":{"OBJECTID":112,"F_Site_Name":"DAYCO CORP./L.E CARPENTER CO.","Identifier":"NJD002168748","City":"WHARTON BOROUGH","State":" NJ","EPA_Region":"02","Link":"https://www.epa.gov/superfund/dayco-l-e-carpenter","Latitude":40.903331,"Longitude":-74.5775,"Data_System":"SEMS","Programs":null,"Site_Type":"Private","NPL_Site":"Yes","NPL_Status":"Final","Superfund_Alternative_Approach":"No","Address":"170 N MAIN STREET","County":"MORRIS","ZIP_Code":"07885"}},{"type":"Feature","id":113,"geometry":{"type":"Point","coordinates":[-75.0613999999999,40.5162]},"properties":{"OBJECTID":113,"F_Site_Name":"DE REWAL CHEMICAL CO.","Identifier":"NJD980761373","City":"KINGWOOD TOWNSHIP","State":" NJ","EPA_Region":"02","Link":"https://www.epa.gov/superfund/derewal-chemical","Latitude":40.5162,"Longitude":-75.0614,"Data_System":"SEMS","Programs":null,"Site_Type":"Private","NPL_Site":"Yes","NPL_Status":"Final","Superfund_Alternative_Approach":"No","Address":"DELAWARE RIVER DR","County":"HUNTERDON","ZIP_Code":"08825"}},{"type":"Feature","id":114,"geometry":{"type":"Point","coordinates":[-73.5604959999999,42.560957]},"properties":{"OBJECTID":114,"F_Site_Name":"DEWEY LOEFFEL LANDFILL","Identifier":"NYD000512335","City":"NASSAU","State":" NY","EPA_Region":"02","Link":"https://www.epa.gov/superfund/dewey-loeffel-landfill","Latitude":42.560957,"Longitude":-73.560496,"Data_System":"SEMS","Programs":null,"Site_Type":"Private","NPL_Site":"Yes","NPL_Status":"Final","Superfund_Alternative_Approach":"No","Address":"MEAD ROAD","County":"RENSSELAER","ZIP_Code":"12123"}},{"type":"Feature","id":115,"geometry":{"type":"Point","coordinates":[-78.029278,43.222944]},"properties":{"OBJECTID":115,"F_Site_Name":"DIAZ CHEMICAL","Identifier":"NYD067532580","City":"HOLLEY","State":" NY","EPA_Region":"02","Link":"https://www.epa.gov/superfund/diaz-chemical","Latitude":43.222944,"Longitude":-78.029278,"Data_System":"SEMS","Programs":null,"Site_Type":"Private","NPL_Site":"Yes","NPL_Status":"Final","Superfund_Alternative_Approach":"No","Address":"40 JACKSON ST.","County":"ORLEANS","ZIP_Code":"14470"}},{"type":"Feature","id":116,"geometry":{"type":"Point","coordinates":[-74.4055,41.724028]},"properties":{"OBJECTID":116,"F_Site_Name":"ELLENVILLE SCRAP IRON AND METAL","Identifier":"NYSFN0204190","City":"ELLENVILLE","State":" NY","EPA_Region":"02","Link":"https://www.epa.gov/superfund/ellenville-scrap","Latitude":41.724028,"Longitude":-74.4055,"Data_System":"SEMS","Programs":null,"Site_Type":"Private","NPL_Site":"Yes","NPL_Status":"Deleted","Superfund_Alternative_Approach":"No","Address":"34 CAPE ROAD","County":"ULSTER","ZIP_Code":"12428"}},{"type":"Feature","id":117,"geometry":{"type":"Point","coordinates":[-76.086111,42.0861110000001]},"properties":{"OBJECTID":117,"F_Site_Name":"ENDICOTT VILLAGE WELL FIELD","Identifier":"NYD980780746","City":"VILLAGE OF ENDICOTT","State":" NY","EPA_Region":"02","Link":"https://www.epa.gov/superfund/endicott-village","Latitude":42.086111,"Longitude":-76.086111,"Data_System":"SEMS","Programs":null,"Site_Type":"Private","NPL_Site":"Yes","NPL_Status":"Final","Superfund_Alternative_Approach":"No","Address":"S. GRIPPEN AVENUE","County":"BROOME","ZIP_Code":"13760"}},{"type":"Feature","id":118,"geometry":{"type":"Point","coordinates":[-74.719439,39.802781]},"properties":{"OBJECTID":118,"F_Site_Name":"EWAN PROPERTY","Identifier":"NJD980761365","City":"SHAMONG TOWNSHIP","State":" NJ","EPA_Region":"02","Link":"https://www.epa.gov/superfund/ewan-property","Latitude":39.802781,"Longitude":-74.719439,"Data_System":"SEMS","Programs":null,"Site_Type":"Private","NPL_Site":"Yes","NPL_Status":"Final","Superfund_Alternative_Approach":"No","Address":"WALLINGFORD WAY","County":"BURLINGTON","ZIP_Code":"08088"}},{"type":"Feature","id":119,"geometry":{"type":"Point","coordinates":[-76.829169,42.1325000000001]},"properties":{"OBJECTID":119,"F_Site_Name":"FACET ENTERPRISES, INC.","Identifier":"NYD073675514","City":"ELMIRA","State":" NY","EPA_Region":"02","Link":"https://www.epa.gov/superfund/facet-enterprises","Latitude":42.1325,"Longitude":-76.829169,"Data_System":"SEMS","Programs":null,"Site_Type":"Private","NPL_Site":"Yes","NPL_Status":"Final","Superfund_Alternative_Approach":"No","Address":"RTE 14","County":"CHEMUNG","ZIP_Code":"14903"}},{"type":"Feature","id":120,"geometry":{"type":"Point","coordinates":[-74.131939,40.9375]},"properties":{"OBJECTID":120,"F_Site_Name":"FAIR LAWN WELL FIELD","Identifier":"NJD980654107","City":"FAIR LAWN","State":" NJ","EPA_Region":"02","Link":"https://www.epa.gov/superfund/fair-lawn-wellfield","Latitude":40.9375,"Longitude":-74.131939,"Data_System":"SEMS","Programs":null,"Site_Type":"Private","NPL_Site":"Yes","NPL_Status":"Final","Superfund_Alternative_Approach":"No","Address":"IND PARK/HENDERSON BLVD 11 ST","County":"BERGEN","ZIP_Code":"07410"}},{"type":"Feature","id":121,"geometry":{"type":"Point","coordinates":[-74.583339,39.458331]},"properties":{"OBJECTID":121,"F_Site_Name":"FEDERAL AVIATION ADMINISTRATION TECHNICAL CENTER (USDOT)","Identifier":"NJ9690510020","City":"ATLANTIC COUNTY","State":" NJ","EPA_Region":"02","Link":"https://www.epa.gov/superfund/faa-tech-center","Latitude":39.458331,"Longitude":-74.583339,"Data_System":"SEMS","Programs":null,"Site_Type":"Federal","NPL_Site":"Yes","NPL_Status":"Final","Superfund_Alternative_Approach":"No","Address":"ROUTES 563 \u0026 575","County":"ATLANTIC","ZIP_Code":"08405"}},{"type":"Feature","id":122,"geometry":{"type":"Point","coordinates":[-74.6244,39.9801]},"properties":{"OBJECTID":122,"F_Site_Name":"FORT DIX (LANDFILL SITE)","Identifier":"NJ2210020275","City":"PEMBERTON TOWNSHIP","State":" NJ","EPA_Region":"02","Link":"https://www.epa.gov/superfund/fort-dix-landfill","Latitude":39.9801,"Longitude":-74.6244,"Data_System":"SEMS","Programs":null,"Site_Type":"Federal","NPL_Site":"Yes","NPL_Status":"Deleted","Superfund_Alternative_Approach":"No","Address":"JULIUSTOWN-BROWNS MILLS RD","County":"BURLINGTON","ZIP_Code":"08562"}},{"type":"Feature","id":123,"geometry":{"type":"Point","coordinates":[-74.4412,40.4424000000001]},"properties":{"OBJECTID":123,"F_Site_Name":"FRIED INDUSTRIES","Identifier":"NJD041828906","City":"EAST BRUNSWICK TOWNSHIP","State":" NJ","EPA_Region":"02","Link":"https://www.epa.gov/superfund/fried-industries","Latitude":40.4424,"Longitude":-74.4412,"Data_System":"SEMS","Programs":null,"Site_Type":"Private","NPL_Site":"Yes","NPL_Status":"Final","Superfund_Alternative_Approach":"No","Address":"11 FRESH POND ROAD","County":"MIDDLESEX","ZIP_Code":"08816"}},{"type":"Feature","id":124,"geometry":{"type":"Point","coordinates":[-73.657844,40.737337]},"properties":{"OBJECTID":124,"F_Site_Name":"FULTON AVENUE","Identifier":"NY0000110247","City":"GARDEN CITY PARK","State":" NY","EPA_Region":"02","Link":"https://www.epa.gov/superfund/fulton-avenue","Latitude":40.737337,"Longitude":-73.657844,"Data_System":"SEMS","Programs":null,"Site_Type":"Private","NPL_Site":"Yes","NPL_Status":"Final","Superfund_Alternative_Approach":"No","Address":"150 FULTON AVENUE","County":"NASSAU","ZIP_Code":"11040"}},{"type":"Feature","id":125,"geometry":{"type":"Point","coordinates":[-74.106431,40.871858]},"properties":{"OBJECTID":125,"F_Site_Name":"GARFIELD GROUND WATER CONTAMINATION","Identifier":"NJN000206317","City":"GARFIELD","State":" NJ","EPA_Region":"02","Link":"https://www.epa.gov/superfund/garfield-groundwater","Latitude":40.871858,"Longitude":-74.106431,"Data_System":"SEMS","Programs":null,"Site_Type":"Private","NPL_Site":"Yes","NPL_Status":"Final","Superfund_Alternative_Approach":"No","Address":"125 CLARK ST","County":"BERGEN","ZIP_Code":"07026"}},{"type":"Feature","id":126,"geometry":{"type":"Point","coordinates":[-75.413333,42.300555]},"properties":{"OBJECTID":126,"F_Site_Name":"GCL TIE AND TREATING INC.","Identifier":"NYD981566417","City":"VILLAGE OF SIDNEY","State":" NY","EPA_Region":"02","Link":"https://www.epa.gov/superfund/gcl-tie","Latitude":42.300555,"Longitude":-75.413333,"Data_System":"SEMS","Programs":null,"Site_Type":"Private","NPL_Site":"Yes","NPL_Status":"Final","Superfund_Alternative_Approach":"No","Address":"DELAWARE AVENUE","County":"DELAWARE","ZIP_Code":"13838"}},{"type":"Feature","id":127,"geometry":{"type":"Point","coordinates":[-74.732781,44.983889]},"properties":{"OBJECTID":127,"F_Site_Name":"GENERAL MOTORS (CENTRAL FOUNDRY DIVISION)","Identifier":"NYD091972554","City":"MASSENA","State":" NY","EPA_Region":"02","Link":"https://www.epa.gov/superfund/gm-massena","Latitude":44.983889,"Longitude":-74.732781,"Data_System":"SEMS","Programs":null,"Site_Type":"Private","NPL_Site":"Yes","NPL_Status":"Final","Superfund_Alternative_Approach":"No","Address":"ROOSEVELT TOURIN ROAD","County":"ST. LAWRENCE","ZIP_Code":"13662"}},{"type":"Feature","id":128,"geometry":{"type":"Point","coordinates":[-73.6777,40.7153000000001]},"properties":{"OBJECTID":128,"F_Site_Name":"GENZALE PLATING CO.","Identifier":"NYD002050110","City":"FRANKLIN SQUARE","State":" NY","EPA_Region":"02","Link":"https://www.epa.gov/superfund/genzale-plating","Latitude":40.7153,"Longitude":-73.6777,"Data_System":"SEMS","Programs":null,"Site_Type":"Private","NPL_Site":"Yes","NPL_Status":"Final","Superfund_Alternative_Approach":"No","Address":"288 NEW HYDE PARK ROAD","County":"NASSAU","ZIP_Code":"11010"}},{"type":"Feature","id":129,"geometry":{"type":"Point","coordinates":[-74.2861109999999,40.4463890000001]},"properties":{"OBJECTID":129,"F_Site_Name":"GLOBAL SANITARY LANDFILL","Identifier":"NJD063160667","City":"OLD BRIDGE TOWNSHIP","State":" NJ","EPA_Region":"02","Link":"https://www.epa.gov/superfund/global-sanitary-landfill","Latitude":40.446389,"Longitude":-74.286111,"Data_System":"SEMS","Programs":null,"Site_Type":"Private","NPL_Site":"Yes","NPL_Status":"Final","Superfund_Alternative_Approach":"No","Address":"ERNSTON ROAD","County":"MIDDLESEX","ZIP_Code":"08857"}},{"type":"Feature","id":130,"geometry":{"type":"Point","coordinates":[-73.0647,40.7745]},"properties":{"OBJECTID":130,"F_Site_Name":"GOLDISC RECORDINGS, INC.","Identifier":"NYD980768717","City":"HOLBROOK","State":" NY","EPA_Region":"02","Link":"https://www.epa.gov/superfund/goldisc-recording","Latitude":40.7745,"Longitude":-73.0647,"Data_System":"SEMS","Programs":null,"Site_Type":"Private","NPL_Site":"Yes","NPL_Status":"Final","Superfund_Alternative_Approach":"No","Address":"725 BROADWAY","County":"SUFFOLK","ZIP_Code":"11741"}},{"type":"Feature","id":131,"geometry":{"type":"Point","coordinates":[-74.4974999999999,40.0955500000001]},"properties":{"OBJECTID":131,"F_Site_Name":"GOOSE FARM","Identifier":"NJD980530109","City":"PLUMSTEAD TOWNSHIP","State":" NJ","EPA_Region":"02","Link":"https://www.epa.gov/superfund/goose-farm","Latitude":40.09555,"Longitude":-74.4975,"Data_System":"SEMS","Programs":null,"Site_Type":"Private","NPL_Site":"Yes","NPL_Status":"Final","Superfund_Alternative_Approach":"No","Address":"RT. 539 BETWEEN RTS 537 \u0026 528","County":"OCEAN","ZIP_Code":"08533"}},{"type":"Feature","id":132,"geometry":{"type":"Point","coordinates":[-75.416661,43.2333310000001]},"properties":{"OBJECTID":132,"F_Site_Name":"GRIFFISS AIR FORCE BASE (11 AREAS)","Identifier":"NY4571924451","City":"ROME","State":" NY","EPA_Region":"02","Link":"https://www.epa.gov/superfund/griffiss-afb","Latitude":43.233331,"Longitude":-75.416661,"Data_System":"SEMS","Programs":null,"Site_Type":"Federal","NPL_Site":"Yes","NPL_Status":"Final","Superfund_Alternative_Approach":"No","Address":"GRIFFISS AIR FORCE BASE","County":"ONEIDA","ZIP_Code":"13441"}},{"type":"Feature","id":133,"geometry":{"type":"Point","coordinates":[-75.2003,39.7801000000001]},"properties":{"OBJECTID":133,"F_Site_Name":"HELEN KRAMER LANDFILL","Identifier":"NJD980505366","City":"MANTUA TOWNSHIP","State":" NJ","EPA_Region":"02","Link":"https://www.epa.gov/superfund/helen-kramer-landfill","Latitude":39.7801,"Longitude":-75.2003,"Data_System":"SEMS","Programs":null,"Site_Type":"Private","NPL_Site":"Yes","NPL_Status":"Final","Superfund_Alternative_Approach":"No","Address":"392 Boody Mill Road","County":"GLOUCESTER","ZIP_Code":"08579"}},{"type":"Feature","id":134,"geometry":{"type":"Point","coordinates":[-79.0053999999999,43.0757]},"properties":{"OBJECTID":134,"F_Site_Name":"HOOKER (S AREA)","Identifier":"NYD980651087","City":"NIAGARA FALLS","State":" NY","EPA_Region":"02","Link":"https://www.epa.gov/superfund/hooker-s-area","Latitude":43.0757,"Longitude":-79.0054,"Data_System":"SEMS","Programs":null,"Site_Type":"Private","NPL_Site":"Yes","NPL_Status":"Final","Superfund_Alternative_Approach":"No","Address":"BUFFALO AVE","County":"NIAGARA","ZIP_Code":"14303"}},{"type":"Feature","id":135,"geometry":{"type":"Point","coordinates":[-73.5041689999999,40.7575000000001]},"properties":{"OBJECTID":135,"F_Site_Name":"HOOKER CHEMICAL \u0026 PLASTICS CORP./RUCO POLYMER CORP.","Identifier":"NYD002920312","City":"HICKSVILLE","State":" NY","EPA_Region":"02","Link":"https://www.epa.gov/superfund/hooker-ruco-polymer","Latitude":40.7575,"Longitude":-73.504169,"Data_System":"SEMS","Programs":null,"Site_Type":"Private","NPL_Site":"Yes","NPL_Status":"Final","Superfund_Alternative_Approach":"No","Address":"NEW SOUTH ROAD","County":"NASSAU","ZIP_Code":"11801"}},{"type":"Feature","id":136,"geometry":{"type":"Point","coordinates":[-73.7817699999999,41.6115600000001]},"properties":{"OBJECTID":136,"F_Site_Name":"HOPEWELL PRECISION","Identifier":"NYD066813064","City":"HOPEWELL JUNCTION","State":" NY","EPA_Region":"02","Link":"https://www.epa.gov/superfund/hopewell-precision","Latitude":41.61156,"Longitude":-73.78177,"Data_System":"SEMS","Programs":null,"Site_Type":"Private","NPL_Site":"Yes","NPL_Status":"Final","Superfund_Alternative_Approach":"No","Address":"15 RYAN RD","County":"DUTCHESS","ZIP_Code":null}},{"type":"Feature","id":137,"geometry":{"type":"Point","coordinates":[-75.04725,39.45725]},"properties":{"OBJECTID":137,"F_Site_Name":"ICELAND COIN LAUNDRY AREA GW PLUME","Identifier":"NJ0001360882","City":"VINELAND","State":" NJ","EPA_Region":"02","Link":"https://www.epa.gov/superfund/iceland-coin-laundry","Latitude":39.45725,"Longitude":-75.04725,"Data_System":"SEMS","Programs":null,"Site_Type":"Private","NPL_Site":"Yes","NPL_Status":"Final","Superfund_Alternative_Approach":"No","Address":"1888 SOUTH DELSEA DRIVE","County":"CUMBERLAND","ZIP_Code":"08360"}},{"type":"Feature","id":138,"geometry":{"type":"Point","coordinates":[-73.1829,40.8178]},"properties":{"OBJECTID":138,"F_Site_Name":"ISLIP MUNICIPAL SANITARY LANDFILL","Identifier":"NYD980506901","City":"ISLIP","State":" NY","EPA_Region":"02","Link":"https://www.epa.gov/superfund/islip-landfill","Latitude":40.8178,"Longitude":-73.1829,"Data_System":"SEMS","Programs":null,"Site_Type":"Private","NPL_Site":"Yes","NPL_Status":"Final","Superfund_Alternative_Approach":"No","Address":"BLYDENBURG RD/LG ISLAND MOTOR","County":"SUFFOLK","ZIP_Code":"11751"}},{"type":"Feature","id":139,"geometry":{"type":"Point","coordinates":[-77.845561,42.9765310000001]},"properties":{"OBJECTID":139,"F_Site_Name":"JONES CHEMICALS, INC.","Identifier":"NYD000813428","City":"CALEDONIA","State":" NY","EPA_Region":"02","Link":"https://www.epa.gov/superfund/jones-chemicals","Latitude":42.976531,"Longitude":-77.845561,"Data_System":"SEMS","Programs":null,"Site_Type":"Private","NPL_Site":"Yes","NPL_Status":"Final","Superfund_Alternative_Approach":"No","Address":"100 SUNNY SOL BLVD","County":"LIVINGSTON","ZIP_Code":"14423"}},{"type":"Feature","id":140,"geometry":{"type":"Point","coordinates":[-73.6829109999999,41.259169]},"properties":{"OBJECTID":140,"F_Site_Name":"KATONAH MUNICIPAL WELL","Identifier":"NYD980780795","City":"TOWN OF BEDFORD","State":" NY","EPA_Region":"02","Link":"https://www.epa.gov/superfund/katonah-well","Latitude":41.259169,"Longitude":-73.682911,"Data_System":"SEMS","Programs":null,"Site_Type":"Private","NPL_Site":"Yes","NPL_Status":"Deleted","Superfund_Alternative_Approach":"No","Address":"JAY STREET","County":"WESTCHESTER","ZIP_Code":"10536"}},{"type":"Feature","id":141,"geometry":{"type":"Point","coordinates":[-74.3785,40.4891000000001]},"properties":{"OBJECTID":141,"F_Site_Name":"KIN-BUC LANDFILL","Identifier":"NJD049860836","City":"EDISON TOWNSHIP","State":" NJ","EPA_Region":"02","Link":"https://www.epa.gov/superfund/kin-buc","Latitude":40.4891,"Longitude":-74.3785,"Data_System":"SEMS","Programs":null,"Site_Type":"Private","NPL_Site":"Yes","NPL_Status":"Final","Superfund_Alternative_Approach":"No","Address":"MEADOW ROAD","County":"MIDDLESEX","ZIP_Code":"08817"}},{"type":"Feature","id":142,"geometry":{"type":"Point","coordinates":[-73.069194,40.928139]},"properties":{"OBJECTID":142,"F_Site_Name":"LAWRENCE AVIATION INDUSTRIES, INC.","Identifier":"NYD002041531","City":"PORT JEFFERSON STATION","State":" NY","EPA_Region":"02","Link":"https://www.epa.gov/superfund/lawrence-aviation","Latitude":40.928139,"Longitude":-73.069194,"Data_System":"SEMS","Programs":null,"Site_Type":"Private","NPL_Site":"Yes","NPL_Status":"Final","Superfund_Alternative_Approach":"No","Address":"SHEEP PASTURE ROAD","County":"SUFFOLK","ZIP_Code":"11776"}},{"type":"Feature","id":143,"geometry":{"type":"Point","coordinates":[-73.640773,40.860929]},"properties":{"OBJECTID":143,"F_Site_Name":"LI TUNGSTEN CORP.","Identifier":"NYD986882660","City":"GLEN COVE","State":" NY","EPA_Region":"02","Link":"https://www.epa.gov/superfund/li-tungsten","Latitude":40.860929,"Longitude":-73.640773,"Data_System":"SEMS","Programs":null,"Site_Type":"Private","NPL_Site":"Yes","NPL_Status":"Final","Superfund_Alternative_Approach":"No","Address":"GARVIES POINT RD.","County":"NASSAU","ZIP_Code":"11542"}},{"type":"Feature","id":144,"geometry":{"type":"Point","coordinates":[-73.448889,40.72625]},"properties":{"OBJECTID":144,"F_Site_Name":"LIBERTY INDUSTRIAL FINISHING","Identifier":"NYD000337295","City":"FARMINGDALE","State":" NY","EPA_Region":"02","Link":"https://www.epa.gov/superfund/liberty-industrial","Latitude":40.72625,"Longitude":-73.448889,"Data_System":"SEMS","Programs":null,"Site_Type":"Private","NPL_Site":"Yes","NPL_Status":"Final","Superfund_Alternative_Approach":"No","Address":"55 MOTOR PARKWAY","County":"NASSAU","ZIP_Code":"11735"}},{"type":"Feature","id":145,"geometry":{"type":"Point","coordinates":[-75.141939,39.720281]},"properties":{"OBJECTID":145,"F_Site_Name":"LIPARI LANDFILL","Identifier":"NJD980505416","City":"MANTUA TOWNSHIP","State":" NJ","EPA_Region":"02","Link":"https://www.epa.gov/superfund/lipari","Latitude":39.720281,"Longitude":-75.141939,"Data_System":"SEMS","Programs":null,"Site_Type":"Private","NPL_Site":"Yes","NPL_Status":"Deleted","Superfund_Alternative_Approach":"No","Address":"RT 322","County":"GLOUCESTER","ZIP_Code":"08071"}},{"type":"Feature","id":146,"geometry":{"type":"Point","coordinates":[-75.226389,42.959169]},"properties":{"OBJECTID":146,"F_Site_Name":"LUDLOW SAND \u0026 GRAVEL","Identifier":"NYD013468939","City":"CLAYVILLE","State":" NY","EPA_Region":"02","Link":"https://www.epa.gov/superfund/ludlow-sand-and-gravel","Latitude":42.959169,"Longitude":-75.226389,"Data_System":"SEMS","Programs":null,"Site_Type":"Private","NPL_Site":"Yes","NPL_Status":"Deleted","Superfund_Alternative_Approach":"No","Address":"HOLMAN CITY RD","County":"ONEIDA","ZIP_Code":"13322"}},{"type":"Feature","id":147,"geometry":{"type":"Point","coordinates":[-73.205278,40.788889]},"properties":{"OBJECTID":147,"F_Site_Name":"MACKENZIE CHEMICAL WORKS","Identifier":"NYD980753420","City":"CENTRAL ISLIP","State":" NY","EPA_Region":"02","Link":"https://www.epa.gov/superfund/mackenzie-chemical","Latitude":40.788889,"Longitude":-73.205278,"Data_System":"SEMS","Programs":null,"Site_Type":"Private","NPL_Site":"Yes","NPL_Status":"Final","Superfund_Alternative_Approach":"No","Address":"1 CORDELLO AVENUE","County":"SUFFOLK","ZIP_Code":"11722"}},{"type":"Feature","id":148,"geometry":{"type":"Point","coordinates":[-73.7583309999999,42.963889]},"properties":{"OBJECTID":148,"F_Site_Name":"MALTA ROCKET FUEL AREA","Identifier":"NYD980535124","City":"MALTA","State":" NY","EPA_Region":"02","Link":"https://www.epa.gov/superfund/malta-rocket","Latitude":42.963889,"Longitude":-73.758331,"Data_System":"SEMS","Programs":null,"Site_Type":"Private","NPL_Site":"Yes","NPL_Status":"Final","Superfund_Alternative_Approach":"No","Address":"PLAINS RD","County":"SARATOGA","ZIP_Code":"12020"}},{"type":"Feature","id":149,"geometry":{"type":"Point","coordinates":[-74.6996,40.9289440000001]},"properties":{"OBJECTID":149,"F_Site_Name":"MANSFIELD TRAIL DUMP","Identifier":"NJN000206345","City":"BYRAM","State":" NJ","EPA_Region":"02","Link":"https://www.epa.gov/superfund/mansfield-trail","Latitude":40.928944,"Longitude":-74.6996,"Data_System":"SEMS","Programs":null,"Site_Type":"Private","NPL_Site":"Yes","NPL_Status":"Final","Superfund_Alternative_Approach":"No","Address":"INTERSECTION OF BROOKWOOD AND ROSS ROADS","County":"SUSSEX","ZIP_Code":"07874"}},{"type":"Feature","id":150,"geometry":{"type":"Point","coordinates":[-75.1191669999999,39.926111]},"properties":{"OBJECTID":150,"F_Site_Name":"MARTIN AARON, INC.","Identifier":"NJD014623854","City":"CAMDEN","State":" NJ","EPA_Region":"02","Link":"https://www.epa.gov/superfund/martin-aaron","Latitude":39.926111,"Longitude":-75.119167,"Data_System":"SEMS","Programs":null,"Site_Type":"Private","NPL_Site":"Yes","NPL_Status":"Final","Superfund_Alternative_Approach":"No","Address":"1542 SOUTH BROADWAY","County":"CAMDEN","ZIP_Code":"08104"}},{"type":"Feature","id":151,"geometry":{"type":"Point","coordinates":[-75.1727,39.8555900000001]},"properties":{"OBJECTID":151,"F_Site_Name":"MATTEO \u0026 SONS INC.","Identifier":"NJD011770013","City":"THOROFARE","State":" NJ","EPA_Region":"02","Link":"https://www.epa.gov/superfund/matteo-and-sons","Latitude":39.85559,"Longitude":-75.1727,"Data_System":"SEMS","Programs":null,"Site_Type":"Private","NPL_Site":"Yes","NPL_Status":"Final","Superfund_Alternative_Approach":"No","Address":"1708 US RT. 130","County":"GLOUCESTER","ZIP_Code":"08086"}},{"type":"Feature","id":152,"geometry":{"type":"Point","coordinates":[-73.6432,40.8608]},"properties":{"OBJECTID":152,"F_Site_Name":"MATTIACE PETROCHEMICAL CO., INC.","Identifier":"NYD000512459","City":"GLEN COVE","State":" NY","EPA_Region":"02","Link":"https://www.epa.gov/superfund/mattiace-petrochemical","Latitude":40.8608,"Longitude":-73.6432,"Data_System":"SEMS","Programs":null,"Site_Type":"Private","NPL_Site":"Yes","NPL_Status":"Final","Superfund_Alternative_Approach":"No","Address":"GARVIES POINT ROAD","County":"NASSAU","ZIP_Code":"11542"}},{"type":"Feature","id":153,"geometry":{"type":"Point","coordinates":[-74.0692999999999,40.8964]},"properties":{"OBJECTID":153,"F_Site_Name":"MAYWOOD CHEMICAL CO.","Identifier":"NJD980529762","City":"MAYWOOD/ROCHELLE PARK","State":" NJ","EPA_Region":"02","Link":"https://www.epa.gov/superfund/maywood-chemical","Latitude":40.8964,"Longitude":-74.0693,"Data_System":"SEMS","Programs":null,"Site_Type":"Private","NPL_Site":"Yes","NPL_Status":"Final","Superfund_Alternative_Approach":"No","Address":"RTE 17 \u0026 GROVE ST","County":"BERGEN","ZIP_Code":"07607"}},{"type":"Feature","id":154,"geometry":{"type":"Point","coordinates":[-74.593611,40.0180560000001]},"properties":{"OBJECTID":154,"F_Site_Name":"MCGUIRE AIR FORCE BASE #1","Identifier":"NJ0570024018","City":"WRIGHTSTOWN","State":" NJ","EPA_Region":"02","Link":"https://www.epa.gov/superfund/mcguire-afb","Latitude":40.018056,"Longitude":-74.593611,"Data_System":"SEMS","Programs":null,"Site_Type":"Federal","NPL_Site":"Yes","NPL_Status":"Final","Superfund_Alternative_Approach":"No","Address":"WRIGHTSTOWN-COOKSTOWN ROAD","County":"BURLINGTON","ZIP_Code":"08641"}},{"type":"Feature","id":155,"geometry":{"type":"Point","coordinates":[-73.9359039999999,40.7254090000001]},"properties":{"OBJECTID":155,"F_Site_Name":"MEEKER AVENUE PLUME","Identifier":"NYN000203407","City":"BROOKLYN","State":" NY","EPA_Region":"02","Link":"https://www.epa.gov/superfund/Meeker-Avenue-Plume","Latitude":40.725409,"Longitude":-73.935904,"Data_System":"SEMS","Programs":null,"Site_Type":"Private","NPL_Site":"Yes","NPL_Status":"Final","Superfund_Alternative_Approach":"No","Address":"Meeker Avenue","County":"KINGS","ZIP_Code":"11222"}},{"type":"Feature","id":156,"geometry":{"type":"Point","coordinates":[-73.8041689999999,42.689719]},"properties":{"OBJECTID":156,"F_Site_Name":"MERCURY REFINING, INC.","Identifier":"NYD048148175","City":"COLONIE","State":" NY","EPA_Region":"02","Link":"https://www.epa.gov/superfund/mercury-refining","Latitude":42.689719,"Longitude":-73.804169,"Data_System":"SEMS","Programs":null,"Site_Type":"Private","NPL_Site":"Yes","NPL_Status":"Deleted","Superfund_Alternative_Approach":"No","Address":"26 RAILROAD AVE","County":"ALBANY","ZIP_Code":"12205"}},{"type":"Feature","id":157,"geometry":{"type":"Point","coordinates":[-74.5997189999999,41.109719]},"properties":{"OBJECTID":157,"F_Site_Name":"METALTEC/AEROSYSTEMS","Identifier":"NJD002517472","City":"FRANKLIN BOROUGH","State":" NJ","EPA_Region":"02","Link":"https://www.epa.gov/superfund/metaltec-aerosystems","Latitude":41.109719,"Longitude":-74.599719,"Data_System":"SEMS","Programs":null,"Site_Type":"Private","NPL_Site":"Yes","NPL_Status":"Final","Superfund_Alternative_Approach":"No","Address":"WILDCAT \u0026 MAPLE ROADS","County":"SUSSEX","ZIP_Code":"07416"}},{"type":"Feature","id":158,"geometry":{"type":"Point","coordinates":[-74.119719,40.185281]},"properties":{"OBJECTID":158,"F_Site_Name":"MONITOR DEVICES, INC./INTERCIRCUITS, INC.","Identifier":"NJD980529408","City":"WALL TOWNSHIP","State":" NJ","EPA_Region":"02","Link":"https://www.epa.gov/superfund/monitor-devices","Latitude":40.185281,"Longitude":-74.119719,"Data_System":"SEMS","Programs":null,"Site_Type":"Private","NPL_Site":"Yes","NPL_Status":"Final","Superfund_Alternative_Approach":"No","Address":"AIRPORT ROAD","County":"MONMOUTH","ZIP_Code":"07727"}},{"type":"Feature","id":159,"geometry":{"type":"Point","coordinates":[-74.369161,40.0297190000001]},"properties":{"OBJECTID":159,"F_Site_Name":"NAVAL AIR ENGINEERING CENTER","Identifier":"NJ7170023744","City":"LAKEHURST","State":" NJ","EPA_Region":"02","Link":"https://www.epa.gov/superfund/naes-lakehurst","Latitude":40.029719,"Longitude":-74.369161,"Data_System":"SEMS","Programs":null,"Site_Type":"Federal","NPL_Site":"Yes","NPL_Status":"Final","Superfund_Alternative_Approach":"No","Address":"MAIN GATE ROUTE#547","County":"OCEAN","ZIP_Code":"08733"}},{"type":"Feature","id":160,"geometry":{"type":"Point","coordinates":[-74.162919,40.2645810000001]},"properties":{"OBJECTID":160,"F_Site_Name":"NAVAL WEAPONS STATION EARLE (SITE A)","Identifier":"NJ0170022172","City":"COLTS NECK","State":" NJ","EPA_Region":"02","Link":"https://www.epa.gov/superfund/nws-earle","Latitude":40.264581,"Longitude":-74.162919,"Data_System":"SEMS","Programs":null,"Site_Type":"Federal","NPL_Site":"Yes","NPL_Status":"Final","Superfund_Alternative_Approach":"No","Address":"TYLER LANE \u0026 TEXAS RD","County":"MONMOUTH","ZIP_Code":"07722"}},{"type":"Feature","id":161,"geometry":{"type":"Point","coordinates":[-74.2447,41.4643]},"properties":{"OBJECTID":161,"F_Site_Name":"NEPERA CHEMICAL CO., INC.","Identifier":"NYD000511451","City":"MAYBROOK","State":" NY","EPA_Region":"02","Link":"https://www.epa.gov/superfund/nepera-chemical","Latitude":41.4643,"Longitude":-74.2447,"Data_System":"SEMS","Programs":null,"Site_Type":"Private","NPL_Site":"Yes","NPL_Status":"Final","Superfund_Alternative_Approach":"No","Address":"COUNTY RT 4","County":"ORANGE","ZIP_Code":"12543"}},{"type":"Feature","id":162,"geometry":{"type":"Point","coordinates":[-73.559781,40.7524460000001]},"properties":{"OBJECTID":162,"F_Site_Name":"NEW CASSEL/HICKSVILLE GROUND WATER CONTAMINATION","Identifier":"NY0001095363","City":"NEW CASSEL/HICKSVILLE","State":" NY","EPA_Region":"02","Link":"https://www.epa.gov/superfund/new-cassel-hicksville","Latitude":40.752446,"Longitude":-73.559781,"Data_System":"SEMS","Programs":null,"Site_Type":"Private","NPL_Site":"Yes","NPL_Status":"Final","Superfund_Alternative_Approach":"No","Address":"SOUTHERN END OF IRIS PLACE","County":"NASSAU","ZIP_Code":"11590"}},{"type":"Feature","id":163,"geometry":{"type":"Point","coordinates":[-72.4013889999999,40.9291610000001]},"properties":{"OBJECTID":163,"F_Site_Name":"NORTH SEA MUNICIPAL LANDFILL","Identifier":"NYD980762520","City":"NORTH SEA","State":" NY","EPA_Region":"02","Link":"https://www.epa.gov/superfund/north-sea-landfill","Latitude":40.929161,"Longitude":-72.401389,"Data_System":"SEMS","Programs":null,"Site_Type":"Private","NPL_Site":"Yes","NPL_Status":"Deleted","Superfund_Alternative_Approach":"No","Address":"MAJORS PATH","County":"SUFFOLK","ZIP_Code":"11968"}},{"type":"Feature","id":164,"geometry":{"type":"Point","coordinates":[-73.447219,40.756939]},"properties":{"OBJECTID":164,"F_Site_Name":"OLD BETHPAGE LANDFILL","Identifier":"NYD980531727","City":"OYSTER BAY","State":" NY","EPA_Region":"02","Link":"https://www.epa.gov/superfund/old-bethpage-landfill","Latitude":40.756939,"Longitude":-73.447219,"Data_System":"SEMS","Programs":null,"Site_Type":"Private","NPL_Site":"Yes","NPL_Status":"Final","Superfund_Alternative_Approach":"No","Address":"ROUND SWAMP RD","County":"NASSAU","ZIP_Code":"11804"}},{"type":"Feature","id":165,"geometry":{"type":"Point","coordinates":[-73.6184719999999,40.7336110000001]},"properties":{"OBJECTID":165,"F_Site_Name":"OLD ROOSEVELT FIELD CONTAMINATED GW AREA","Identifier":"NYSFN0204234","City":"GARDEN CITY","State":" NY","EPA_Region":"02","Link":"https://www.epa.gov/superfund/roosevelt-field-groundwater","Latitude":40.733611,"Longitude":-73.618472,"Data_System":"SEMS","Programs":null,"Site_Type":"Private","NPL_Site":"Yes","NPL_Status":"Final","Superfund_Alternative_Approach":"No","Address":"CLINTON ROAD/OLD COUNTRY ROAD","County":"NASSAU","ZIP_Code":"11530"}},{"type":"Feature","id":166,"geometry":{"type":"Point","coordinates":[-78.4047189999999,42.069439]},"properties":{"OBJECTID":166,"F_Site_Name":"OLEAN WELL FIELD","Identifier":"NYD980528657","City":"OLEAN","State":" NY","EPA_Region":"02","Link":"https://www.epa.gov/superfund/olean-wellfield","Latitude":42.069439,"Longitude":-78.404719,"Data_System":"SEMS","Programs":null,"Site_Type":"Private","NPL_Site":"Yes","NPL_Status":"Final","Superfund_Alternative_Approach":"No","Address":"LAURENS ST","County":"CATTARAUGUS","ZIP_Code":"14760"}},{"type":"Feature","id":167,"geometry":{"type":"Point","coordinates":[-76.2080559999999,43.069444]},"properties":{"OBJECTID":167,"F_Site_Name":"ONONDAGA LAKE","Identifier":"NYD986913580","City":"SYRACUSE","State":" NY","EPA_Region":"02","Link":"https://www.epa.gov/superfund/onondaga-lake","Latitude":43.069444,"Longitude":-76.208056,"Data_System":"SEMS","Programs":null,"Site_Type":"Private","NPL_Site":"Yes","NPL_Status":"Final","Superfund_Alternative_Approach":"No","Address":"Postal Address is unavailable for the Site","County":"ONONDAGA","ZIP_Code":"13209"}},{"type":"Feature","id":168,"geometry":{"type":"Point","coordinates":[-74.225267,40.7799360000001]},"properties":{"OBJECTID":168,"F_Site_Name":"ORANGE VALLEY REGIONAL GROUND WATER CONTAMINATION","Identifier":"NJD002148799","City":"WEST ORANGE/ORANGE","State":" NJ","EPA_Region":"02","Link":"https://www.epa.gov/superfund/orange-valley-groundwater","Latitude":40.779936,"Longitude":-74.225267,"Data_System":"SEMS","Programs":null,"Site_Type":"Private","NPL_Site":"Yes","NPL_Status":"Final","Superfund_Alternative_Approach":"No","Address":"GIST PLACE (NEAR NORTH DAY STREET)","County":"ESSEX","ZIP_Code":"07051"}},{"type":"Feature","id":169,"geometry":{"type":"Point","coordinates":[-73.612219,40.7291690000001]},"properties":{"OBJECTID":169,"F_Site_Name":"PASLEY SOLVENTS \u0026 CHEMICALS, INC.","Identifier":"NYD991292004","City":"HEMPSTEAD","State":" NY","EPA_Region":"02","Link":"https://www.epa.gov/superfund/pasley-solvents","Latitude":40.729169,"Longitude":-73.612219,"Data_System":"SEMS","Programs":null,"Site_Type":"Private","NPL_Site":"Yes","NPL_Status":"Deleted","Superfund_Alternative_Approach":"No","Address":"565 COMMERCIAL AVENUE","County":"NASSAU","ZIP_Code":"11530"}},{"type":"Feature","id":170,"geometry":{"type":"Point","coordinates":[-79.012572,42.3928970000001]},"properties":{"OBJECTID":170,"F_Site_Name":"PETER COOPER CORPORATION (MARKHAMS)","Identifier":"NYD980592547","City":"DAYTON","State":" NY","EPA_Region":"02","Link":"https://www.epa.gov/superfund/peter-cooper-markhams","Latitude":42.392897,"Longitude":-79.012572,"Data_System":"SEMS","Programs":null,"Site_Type":"Private","NPL_Site":"Yes","NPL_Status":"Deleted","Superfund_Alternative_Approach":"No","Address":"BENTLY ROAD","County":"CATTARAUGUS","ZIP_Code":"14138"}},{"type":"Feature","id":171,"geometry":{"type":"Point","coordinates":[-74.583339,40.9166690000001]},"properties":{"OBJECTID":171,"F_Site_Name":"PICATINNY ARSENAL (USARMY)","Identifier":"NJ3210020704","City":"ROCKAWAY TOWNSHIP","State":" NJ","EPA_Region":"02","Link":"https://www.epa.gov/superfund/picatinny-arsenal","Latitude":40.916669,"Longitude":-74.583339,"Data_System":"SEMS","Programs":null,"Site_Type":"Federal","NPL_Site":"Yes","NPL_Status":"Final","Superfund_Alternative_Approach":"No","Address":"OFF RTE 15 DOVER NJ","County":"MORRIS","ZIP_Code":"07801"}},{"type":"Feature","id":172,"geometry":{"type":"Point","coordinates":[-74.1452,40.7163]},"properties":{"OBJECTID":172,"F_Site_Name":"PIERSON\u0027S CREEK","Identifier":"NJD002144517","City":"NEWARK","State":" NJ","EPA_Region":"02","Link":"https://www.epa.gov/superfund/piersons-creek","Latitude":40.7163,"Longitude":-74.1452,"Data_System":"SEMS","Programs":null,"Site_Type":"Private","NPL_Site":"Yes","NPL_Status":"Final","Superfund_Alternative_Approach":"No","Address":"ONE AVENUE L","County":"ESSEX","ZIP_Code":"07105"}},{"type":"Feature","id":173,"geometry":{"type":"Point","coordinates":[-75.061474,39.6169690000001]},"properties":{"OBJECTID":173,"F_Site_Name":"PIONEER METAL FINISHING INC","Identifier":"NJD002360188","City":"FRANKLINVILLE","State":" NJ","EPA_Region":"02","Link":"https://www.epa.gov/superfund/Pioneer-Metal-Finishing","Latitude":39.616969,"Longitude":-75.061474,"Data_System":"SEMS","Programs":null,"Site_Type":"Private","NPL_Site":"Yes","NPL_Status":"Final","Superfund_Alternative_Approach":"No","Address":"2034 COLES MILL RD","County":"GLOUCESTER","ZIP_Code":"08322"}},{"type":"Feature","id":174,"geometry":{"type":"Point","coordinates":[-74.085561,40.734719]},"properties":{"OBJECTID":174,"F_Site_Name":"PJP LANDFILL","Identifier":"NJD980505648","City":"JERSEY CITY","State":" NJ","EPA_Region":"02","Link":"https://www.epa.gov/superfund/pjp-landfill","Latitude":40.734719,"Longitude":-74.085561,"Data_System":"SEMS","Programs":null,"Site_Type":"Private","NPL_Site":"Yes","NPL_Status":"Final","Superfund_Alternative_Approach":"No","Address":"400 SIP AVE","County":"HUDSON","ZIP_Code":"07306"}},{"type":"Feature","id":175,"geometry":{"type":"Point","coordinates":[-73.4647189999999,44.6575]},"properties":{"OBJECTID":175,"F_Site_Name":"PLATTSBURGH AIR FORCE BASE","Identifier":"NY4571924774","City":"PLATTSBURGH","State":" NY","EPA_Region":"02","Link":"https://www.epa.gov/superfund/plattsburgh-afb","Latitude":44.6575,"Longitude":-73.464719,"Data_System":"SEMS","Programs":null,"Site_Type":"Federal","NPL_Site":"Yes","NPL_Status":"Final","Superfund_Alternative_Approach":"No","Address":"PLATTSBURGH AFB","County":"CLINTON","ZIP_Code":"12901"}},{"type":"Feature","id":176,"geometry":{"type":"Point","coordinates":[-76.4833309999999,43.47]},"properties":{"OBJECTID":176,"F_Site_Name":"POLLUTION ABATEMENT SERVICES","Identifier":"NYD000511659","City":"OSWEGO","State":" NY","EPA_Region":"02","Link":"https://www.epa.gov/superfund/pas","Latitude":43.47,"Longitude":-76.483331,"Data_System":"SEMS","Programs":null,"Site_Type":"Private","NPL_Site":"Yes","NPL_Status":"Final","Superfund_Alternative_Approach":"No","Address":"703 E. Seneca Street","County":"OSWEGO","ZIP_Code":"13126"}},{"type":"Feature","id":177,"geometry":{"type":"Point","coordinates":[-73.666661,40.81805]},"properties":{"OBJECTID":177,"F_Site_Name":"PORT WASHINGTON LANDFILL","Identifier":"NYD980654206","City":"PORT WASHINGTON","State":" NY","EPA_Region":"02","Link":"https://www.epa.gov/superfund/port-washington-landfill","Latitude":40.81805,"Longitude":-73.666661,"Data_System":"SEMS","Programs":null,"Site_Type":"Private","NPL_Site":"Yes","NPL_Status":"Final","Superfund_Alternative_Approach":"No","Address":"WEST SHORE RD","County":"NASSAU","ZIP_Code":"11050"}},{"type":"Feature","id":178,"geometry":{"type":"Point","coordinates":[-73.4252999999999,40.7158000000001]},"properties":{"OBJECTID":178,"F_Site_Name":"PREFERRED PLATING CORP.","Identifier":"NYD980768774","City":"FARMINGDALE","State":" NY","EPA_Region":"02","Link":"https://www.epa.gov/superfund/preferred-plating","Latitude":40.7158,"Longitude":-73.425299999999993,"Data_System":"SEMS","Programs":null,"Site_Type":"Private","NPL_Site":"Yes","NPL_Status":"Final","Superfund_Alternative_Approach":"No","Address":"32 ALLEN BLVD","County":"SUFFOLK","ZIP_Code":"11735"}},{"type":"Feature","id":179,"geometry":{"type":"Point","coordinates":[-74.5269499999999,39.415281]},"properties":{"OBJECTID":179,"F_Site_Name":"PRICE LANDFILL","Identifier":"NJD070281175","City":"PLEASANTVILLE","State":" NJ","EPA_Region":"02","Link":"https://www.epa.gov/superfund/price-landfill","Latitude":39.415281,"Longitude":-74.52695,"Data_System":"SEMS","Programs":null,"Site_Type":"Private","NPL_Site":"Yes","NPL_Status":"Final","Superfund_Alternative_Approach":"No","Address":"MILL ROAD","County":"ATLANTIC","ZIP_Code":"08232"}},{"type":"Feature","id":180,"geometry":{"type":"Point","coordinates":[-75.0519439999999,39.9766670000001]},"properties":{"OBJECTID":180,"F_Site_Name":"PUCHACK WELL FIELD","Identifier":"NJD981084767","City":"PENNSAUKEN TOWNSHIP","State":" NJ","EPA_Region":"02","Link":"https://www.epa.gov/superfund/puchack-wellfield","Latitude":39.976667,"Longitude":-75.051944,"Data_System":"SEMS","Programs":null,"Site_Type":"Private","NPL_Site":"Yes","NPL_Status":"Final","Superfund_Alternative_Approach":"No","Address":"WEST OF US 130; SOUTH OF STATE HWY 90","County":"CAMDEN","ZIP_Code":"08110"}},{"type":"Feature","id":181,"geometry":{"type":"Point","coordinates":[-74.161389,41.14]},"properties":{"OBJECTID":181,"F_Site_Name":"RAMAPO LANDFILL","Identifier":"NYD000511493","City":"RAMAPO","State":" NY","EPA_Region":"02","Link":"https://www.epa.gov/superfund/ramapo-landfill","Latitude":41.14,"Longitude":-74.161389,"Data_System":"SEMS","Programs":null,"Site_Type":"Private","NPL_Site":"Yes","NPL_Status":"Final","Superfund_Alternative_Approach":"No","Address":"RTE 59","County":"ROCKLAND","ZIP_Code":"10974"}},{"type":"Feature","id":182,"geometry":{"type":"Point","coordinates":[-74.2148999999999,40.0106000000001]},"properties":{"OBJECTID":182,"F_Site_Name":"REICH FARMS","Identifier":"NJD980529713","City":"PLEASANT PLAINS","State":" NJ","EPA_Region":"02","Link":"https://www.epa.gov/superfund/reich-farm","Latitude":40.0106,"Longitude":-74.2149,"Data_System":"SEMS","Programs":null,"Site_Type":"Private","NPL_Site":"Yes","NPL_Status":"Deleted","Superfund_Alternative_Approach":"No","Address":"LAKEWOOD RD","County":"OCEAN","ZIP_Code":"08753"}},{"type":"Feature","id":183,"geometry":{"type":"Point","coordinates":[-75.2491689999999,42.252781]},"properties":{"OBJECTID":183,"F_Site_Name":"RICHARDSON HILL ROAD LANDFILL/POND","Identifier":"NYD980507735","City":"SIDNEY CENTER","State":" NY","EPA_Region":"02","Link":"https://www.epa.gov/superfund/richardson-hill","Latitude":42.252781,"Longitude":-75.249169,"Data_System":"SEMS","Programs":null,"Site_Type":"Private","NPL_Site":"Yes","NPL_Status":"Final","Superfund_Alternative_Approach":"No","Address":"RICHARDSON HILL RD","County":"DELAWARE","ZIP_Code":"13839"}},{"type":"Feature","id":184,"geometry":{"type":"Point","coordinates":[-74.159084,40.765722]},"properties":{"OBJECTID":184,"F_Site_Name":"RIVERSIDE INDUSTRIAL PARK","Identifier":"NJSFN0204232","City":"NEWARK","State":" NJ","EPA_Region":"02","Link":"https://www.epa.gov/superfund/riverside-industrial","Latitude":40.765722,"Longitude":-74.159083999999993,"Data_System":"SEMS","Programs":null,"Site_Type":"Private","NPL_Site":"Yes","NPL_Status":"Final","Superfund_Alternative_Approach":"No","Address":"29 RIVERSIDE AVENUE","County":"ESSEX","ZIP_Code":"07104"}},{"type":"Feature","id":185,"geometry":{"type":"Point","coordinates":[-75.9922,42.1049]},"properties":{"OBJECTID":185,"F_Site_Name":"ROBINTECH, INC./NATIONAL PIPE CO.","Identifier":"NYD002232957","City":"TOWN OF VESTAL","State":" NY","EPA_Region":"02","Link":"https://www.epa.gov/superfund/robintech","Latitude":42.1049,"Longitude":-75.9922,"Data_System":"SEMS","Programs":null,"Site_Type":"Private","NPL_Site":"Yes","NPL_Status":"Final","Superfund_Alternative_Approach":"No","Address":"3421 OLD VESTAL ROAD","County":"BROOME","ZIP_Code":"13850"}},{"type":"Feature","id":186,"geometry":{"type":"Point","coordinates":[-74.4991689999999,40.913331]},"properties":{"OBJECTID":186,"F_Site_Name":"ROCKAWAY TOWNSHIP WELLS","Identifier":"NJD980654214","City":"ROCKAWAY TOWNSHIP","State":" NJ","EPA_Region":"02","Link":"https://www.epa.gov/superfund/rockaway-township-wellfield","Latitude":40.913331,"Longitude":-74.499169,"Data_System":"SEMS","Programs":null,"Site_Type":"Private","NPL_Site":"Yes","NPL_Status":"Final","Superfund_Alternative_Approach":"No","Address":"GREEN POND ROAD","County":"MORRIS","ZIP_Code":"07866"}},{"type":"Feature","id":187,"geometry":{"type":"Point","coordinates":[-74.447861,40.7295280000001]},"properties":{"OBJECTID":187,"F_Site_Name":"ROLLING KNOLLS LF","Identifier":"NJD980505192","City":"GREEN VILLAGE","State":" NJ","EPA_Region":"02","Link":"https://www.epa.gov/superfund/rolling-knolls","Latitude":40.729528,"Longitude":-74.447861,"Data_System":"SEMS","Programs":null,"Site_Type":"Private","NPL_Site":"Yes","NPL_Status":"Final","Superfund_Alternative_Approach":"No","Address":"35 BRITTEN RD","County":"MORRIS","ZIP_Code":"07935"}},{"type":"Feature","id":188,"geometry":{"type":"Point","coordinates":[-76.175281,42.591669]},"properties":{"OBJECTID":188,"F_Site_Name":"ROSEN BROTHERS SCRAP YARD/DUMP","Identifier":"NYD982272734","City":"CORTLAND","State":" NY","EPA_Region":"02","Link":"https://www.epa.gov/superfund/rosen-brothers","Latitude":42.591669,"Longitude":-76.175281,"Data_System":"SEMS","Programs":null,"Site_Type":"Private","NPL_Site":"Yes","NPL_Status":"Final","Superfund_Alternative_Approach":"No","Address":"PENDELTON ST.","County":"CORTLAND","ZIP_Code":"13045"}},{"type":"Feature","id":189,"geometry":{"type":"Point","coordinates":[-72.3,40.982781]},"properties":{"OBJECTID":189,"F_Site_Name":"ROWE INDUSTRIES GROUND WATER CONTAMINATION","Identifier":"NYD981486954","City":"NOYACK/SAG HARBOR","State":" NY","EPA_Region":"02","Link":"https://www.epa.gov/superfund/rowe-industries","Latitude":40.982781,"Longitude":-72.3,"Data_System":"SEMS","Programs":null,"Site_Type":"Private","NPL_Site":"Yes","NPL_Status":"Final","Superfund_Alternative_Approach":"No","Address":"SAG HARBOR-BRIDGEHAMPTON TURNPIKE","County":"SUFFOLK","ZIP_Code":"11963"}},{"type":"Feature","id":190,"geometry":{"type":"Point","coordinates":[-73.3566,42.8943]},"properties":{"OBJECTID":190,"F_Site_Name":"SAINT-GOBAIN PERFORMANCE PLASTICS","Identifier":"NYD004986741","City":"VILLAGE OF HOOSICK FALLS","State":" NY","EPA_Region":"02","Link":"https://www.epa.gov/superfund/saint-gobain-performance-plastics","Latitude":42.8943,"Longitude":-73.3566,"Data_System":"SEMS","Programs":null,"Site_Type":"Private","NPL_Site":"Yes","NPL_Status":"Final","Superfund_Alternative_Approach":"No","Address":"14 McCaffrey Street","County":"RENSSELAER","ZIP_Code":"12090"}},{"type":"Feature","id":191,"geometry":{"type":"Point","coordinates":[-73.561389,41.75555]},"properties":{"OBJECTID":191,"F_Site_Name":"SARNEY FARM","Identifier":"NYD980535165","City":"AMENIA","State":" NY","EPA_Region":"02","Link":"https://www.epa.gov/superfund/sarney-farm","Latitude":41.75555,"Longitude":-73.561389,"Data_System":"SEMS","Programs":null,"Site_Type":"Private","NPL_Site":"Yes","NPL_Status":"Final","Superfund_Alternative_Approach":"No","Address":"BENSON HILL RD","County":"DUTCHESS","ZIP_Code":"12501"}},{"type":"Feature","id":192,"geometry":{"type":"Point","coordinates":[-76.85445,42.7500000000001]},"properties":{"OBJECTID":192,"F_Site_Name":"SENECA ARMY DEPOT","Identifier":"NY0213820830","City":"ROMULUS","State":" NY","EPA_Region":"02","Link":"https://www.epa.gov/superfund/seneca-army-depot","Latitude":42.75,"Longitude":-76.85445,"Data_System":"SEMS","Programs":null,"Site_Type":"Federal","NPL_Site":"Yes","NPL_Status":"Final","Superfund_Alternative_Approach":"No","Address":"FAYETTE RD","County":"SENECA","ZIP_Code":"14541"}},{"type":"Feature","id":193,"geometry":{"type":"Point","coordinates":[-73.792222,41.5261110000001]},"properties":{"OBJECTID":193,"F_Site_Name":"SHENANDOAH ROAD GROUNDWATER CONTAMINATION","Identifier":"NYSFN0204269","City":"EAST FISHKILL","State":" NY","EPA_Region":"02","Link":"https://www.epa.gov/superfund/shenandoah-road","Latitude":41.526111,"Longitude":-73.792222,"Data_System":"SEMS","Programs":null,"Site_Type":"Private","NPL_Site":"Yes","NPL_Status":"Final","Superfund_Alternative_Approach":"No","Address":"SHENANDOAH RD \u0026 BURBANK RD, SEYMOUR LANE","County":"DUTCHESS","ZIP_Code":"12533"}},{"type":"Feature","id":194,"geometry":{"type":"Point","coordinates":[-75.2429999999999,42.2577000000001]},"properties":{"OBJECTID":194,"F_Site_Name":"SIDNEY LANDFILL","Identifier":"NYD980507677","City":"SIDNEY","State":" NY","EPA_Region":"02","Link":"https://www.epa.gov/superfund/sidney-landfill","Latitude":42.2577,"Longitude":-75.243,"Data_System":"SEMS","Programs":null,"Site_Type":"Private","NPL_Site":"Yes","NPL_Status":"Final","Superfund_Alternative_Approach":"No","Address":"RICHARDSON HILL RD","County":"DELAWARE","ZIP_Code":"13839"}},{"type":"Feature","id":195,"geometry":{"type":"Point","coordinates":[-77.9416,42.1088]},"properties":{"OBJECTID":195,"F_Site_Name":"SINCLAIR REFINERY","Identifier":"NYD980535215","City":"WELLSVILLE","State":" NY","EPA_Region":"02","Link":"https://www.epa.gov/superfund/sinclair-refinery","Latitude":42.1088,"Longitude":-77.9416,"Data_System":"SEMS","Programs":null,"Site_Type":"Private","NPL_Site":"Yes","NPL_Status":"Final","Superfund_Alternative_Approach":"No","Address":"S BROOKLYN AVE","County":"ALLEGANY","ZIP_Code":"14895"}},{"type":"Feature","id":196,"geometry":{"type":"Point","coordinates":[-73.1747779999999,40.8878060000001]},"properties":{"OBJECTID":196,"F_Site_Name":"SMITHTOWN GROUND WATER CONTAMINATION","Identifier":"NY0002318889","City":"SMITHTOWN","State":" NY","EPA_Region":"02","Link":"https://www.epa.gov/superfund/smithtown-groundwater","Latitude":40.887806,"Longitude":-73.174778,"Data_System":"SEMS","Programs":null,"Site_Type":"Private","NPL_Site":"Yes","NPL_Status":"Deleted","Superfund_Alternative_Approach":"No","Address":"ST. JAMES, NISSEQUOGUE \u0026 HEAD OF HARBOR","County":"SUFFOLK","ZIP_Code":"11780"}},{"type":"Feature","id":197,"geometry":{"type":"Point","coordinates":[-75.8766609999999,42.6650000000001]},"properties":{"OBJECTID":197,"F_Site_Name":"SOLVENT SAVERS","Identifier":"NYD980421176","City":"LINCKLAEN","State":" NY","EPA_Region":"02","Link":"https://www.epa.gov/superfund/solvent-savers","Latitude":42.665,"Longitude":-75.876661,"Data_System":"SEMS","Programs":null,"Site_Type":"Private","NPL_Site":"Yes","NPL_Status":"Final","Superfund_Alternative_Approach":"No","Address":"UNION VALLEY RD","County":"CHENANGO","ZIP_Code":"13052"}},{"type":"Feature","id":198,"geometry":{"type":"Point","coordinates":[-73.734139,40.782361]},"properties":{"OBJECTID":198,"F_Site_Name":"STANTON CLEANERS AREA GROUND WATER CONTAMINATION","Identifier":"NYD047650197","City":"GREAT NECK","State":" NY","EPA_Region":"02","Link":"https://www.epa.gov/superfund/stanton-cleaners","Latitude":40.782361,"Longitude":-73.734139,"Data_System":"SEMS","Programs":null,"Site_Type":"Private","NPL_Site":"Yes","NPL_Status":"Final","Superfund_Alternative_Approach":"No","Address":"110 CUTTER MILL ROAD","County":"NASSAU","ZIP_Code":"11021"}},{"type":"Feature","id":199,"geometry":{"type":"Point","coordinates":[-74.114719,40.737781]},"properties":{"OBJECTID":199,"F_Site_Name":"SYNCON RESINS","Identifier":"NJD064263817","City":"SOUTH KEARNY","State":" NJ","EPA_Region":"02","Link":"https://www.epa.gov/superfund/syncon-resins","Latitude":40.737781,"Longitude":-74.114719,"Data_System":"SEMS","Programs":null,"Site_Type":"Private","NPL_Site":"Yes","NPL_Status":"Final","Superfund_Alternative_Approach":"No","Address":"77 JACOBUS AVE","County":"HUDSON","ZIP_Code":"07032"}},{"type":"Feature","id":200,"geometry":{"type":"Point","coordinates":[-73.509719,40.798889]},"properties":{"OBJECTID":200,"F_Site_Name":"SYOSSET LANDFILL","Identifier":"NYD000511360","City":"OYSTER BAY","State":" NY","EPA_Region":"02","Link":"https://www.epa.gov/superfund/syosset-landfill","Latitude":40.798889,"Longitude":-73.509719,"Data_System":"SEMS","Programs":null,"Site_Type":"Private","NPL_Site":"Yes","NPL_Status":"Deleted","Superfund_Alternative_Approach":"No","Address":"150 MILLER PLACE","County":"NASSAU","ZIP_Code":"11791"}},{"type":"Feature","id":201,"geometry":{"type":"Point","coordinates":[-75.8119389999999,42.1580500000001]},"properties":{"OBJECTID":201,"F_Site_Name":"TRI-CITIES BARREL CO., INC.","Identifier":"NYD980509285","City":"PORT CRANE","State":" NY","EPA_Region":"02","Link":"https://www.epa.gov/superfund/tri-cities-barrel","Latitude":42.15805,"Longitude":-75.811939,"Data_System":"SEMS","Programs":null,"Site_Type":"Private","NPL_Site":"Yes","NPL_Status":"Final","Superfund_Alternative_Approach":"No","Address":"ADJ. TO ROUTE 7","County":"BROOME","ZIP_Code":"13833"}},{"type":"Feature","id":202,"geometry":{"type":"Point","coordinates":[-76.0556999999999,42.0902]},"properties":{"OBJECTID":202,"F_Site_Name":"VESTAL WATER SUPPLY WELL 1-1","Identifier":"NYD980763767","City":"VESTAL","State":" NY","EPA_Region":"02","Link":"https://www.epa.gov/superfund/vestal-well-1-1","Latitude":42.0902,"Longitude":-76.0557,"Data_System":"SEMS","Programs":null,"Site_Type":"Private","NPL_Site":"Yes","NPL_Status":"Final","Superfund_Alternative_Approach":"No","Address":"605 VESTAL PKWY","County":"BROOME","ZIP_Code":"13850"}},{"type":"Feature","id":203,"geometry":{"type":"Point","coordinates":[-76.3791689999999,43.36055]},"properties":{"OBJECTID":203,"F_Site_Name":"VOLNEY MUNICIPAL LANDFILL","Identifier":"NYD980509376","City":"TOWN OF VOLNEY","State":" NY","EPA_Region":"02","Link":"https://www.epa.gov/superfund/volney-landfill","Latitude":43.36055,"Longitude":-76.379169,"Data_System":"SEMS","Programs":null,"Site_Type":"Private","NPL_Site":"Yes","NPL_Status":"Final","Superfund_Alternative_Approach":"No","Address":"SILK ROAD","County":"OSWEGO","ZIP_Code":"13069"}},{"type":"Feature","id":204,"geometry":{"type":"Point","coordinates":[-74.27,41.238889]},"properties":{"OBJECTID":204,"F_Site_Name":"WARWICK LANDFILL","Identifier":"NYD980506679","City":"WARWICK","State":" NY","EPA_Region":"02","Link":"https://www.epa.gov/superfund/warwick-landfill","Latitude":41.238889,"Longitude":-74.27,"Data_System":"SEMS","Programs":null,"Site_Type":"Private","NPL_Site":"Yes","NPL_Status":"Deleted","Superfund_Alternative_Approach":"No","Address":"PENALUNA RD/OLD TUXEDO/DUTCH H","County":"ORANGE","ZIP_Code":"10990"}},{"type":"Feature","id":205,"geometry":{"type":"Point","coordinates":[-74.8004,39.1173]},"properties":{"OBJECTID":205,"F_Site_Name":"WILLIAMS PROPERTY","Identifier":"NJD980529945","City":"SWAINTON MIDDLE","State":" NJ","EPA_Region":"02","Link":"https://www.epa.gov/superfund/williams-property","Latitude":39.1173,"Longitude":-74.8004,"Data_System":"SEMS","Programs":null,"Site_Type":"Private","NPL_Site":"Yes","NPL_Status":"Final","Superfund_Alternative_Approach":"No","Address":"RR 1, SIEGTOWN ROAD","County":"CAPE MAY","ZIP_Code":"08210"}},{"type":"Feature","id":206,"geometry":{"type":"Point","coordinates":[-74.5751,44.8225]},"properties":{"OBJECTID":206,"F_Site_Name":"YORK OIL CO.","Identifier":"NYD000511733","City":"MOIRA","State":" NY","EPA_Region":"02","Link":"https://www.epa.gov/superfund/york-oil","Latitude":44.8225,"Longitude":-74.5751,"Data_System":"SEMS","Programs":null,"Site_Type":"Private","NPL_Site":"Yes","NPL_Status":"Final","Superfund_Alternative_Approach":"No","Address":"N LAWRENCE RD","County":"FRANKLIN","ZIP_Code":"12957"}},{"type":"Feature","id":207,"geometry":{"type":"Point","coordinates":[-76.3077299999999,39.395404]},"properties":{"OBJECTID":207,"F_Site_Name":"ABERDEEN PROVING GROUND (EDGEWOOD AREA)","Identifier":"MD2210020036","City":"EDGEWOOD","State":" MD","EPA_Region":"03","Link":"https://www.epa.gov/superfund/aberdeenprovingground-edgewoodarea","Latitude":39.395404,"Longitude":-76.30773,"Data_System":"SEMS","Programs":null,"Site_Type":"Federal","NPL_Site":"Yes","NPL_Status":"Final","Superfund_Alternative_Approach":"No","Address":"OFF RTE 40","County":"HARFORD","ZIP_Code":"21010"}},{"type":"Feature","id":208,"geometry":{"type":"Point","coordinates":[-76.1414,39.4606000000001]},"properties":{"OBJECTID":208,"F_Site_Name":"ABERDEEN PROVING GROUND (MICHAELSVILLE LANDFILL)","Identifier":"MD3210021355","City":"ABERDEEN","State":" MD","EPA_Region":"03","Link":"https://www.epa.gov/superfund/aberdeenprovingground-michaelsvillelandfill","Latitude":39.4606,"Longitude":-76.1414,"Data_System":"SEMS","Programs":null,"Site_Type":"Federal","NPL_Site":"Yes","NPL_Status":"Final","Superfund_Alternative_Approach":"No","Address":"OFF RTE 40","County":"HARFORD","ZIP_Code":"21005"}},{"type":"Feature","id":209,"geometry":{"type":"Point","coordinates":[-75.6627809999999,41.4919390000001]},"properties":{"OBJECTID":209,"F_Site_Name":"ALADDIN PLATING","Identifier":"PAD075993378","City":"SCOTT TOWNSHIP","State":" PA","EPA_Region":"03","Link":"https://www.epa.gov/superfund/aladdin","Latitude":41.491939,"Longitude":-75.662781,"Data_System":"SEMS","Programs":null,"Site_Type":"Private","NPL_Site":"Yes","NPL_Status":"Deleted","Superfund_Alternative_Approach":"No","Address":"1 LAYTON RD","County":"LACKAWANNA","ZIP_Code":"18411"}},{"type":"Feature","id":210,"geometry":{"type":"Point","coordinates":[-78.843611,39.560972]},"properties":{"OBJECTID":210,"F_Site_Name":"ALLEGANY BALLISTICS LABORATORY (USNAVY)","Identifier":"WV0170023691","City":"MINERAL COUNTY","State":" WV","EPA_Region":"03","Link":"https://www.epa.gov/superfund/alleganyballistics","Latitude":39.560972,"Longitude":-78.843611,"Data_System":"SEMS","Programs":null,"Site_Type":"Federal","NPL_Site":"Yes","NPL_Status":"Final","Superfund_Alternative_Approach":"No","Address":"COUNTY RTE 9","County":"MINERAL","ZIP_Code":"26753"}},{"type":"Feature","id":211,"geometry":{"type":"Point","coordinates":[-76.8749999999999,38.7916670000001]},"properties":{"OBJECTID":211,"F_Site_Name":"ANDREWS AIR FORCE BASE","Identifier":"MD0570024000","City":"ANDREWS AIR FORCE BASE","State":" MD","EPA_Region":"03","Link":"https://www.epa.gov/superfund/andrewsafb","Latitude":38.791667,"Longitude":-76.875,"Data_System":"SEMS","Programs":null,"Site_Type":"Federal","NPL_Site":"Yes","NPL_Status":"Final","Superfund_Alternative_Approach":"No","Address":"ALLENTOWN ROAD","County":"PRINCE GEORGE\u0027S","ZIP_Code":"20762"}},{"type":"Feature","id":212,"geometry":{"type":"Point","coordinates":[-75.608331,39.653061]},"properties":{"OBJECTID":212,"F_Site_Name":"ARMY CREEK LANDFILL","Identifier":"DED980494496","City":"NEW CASTLE","State":" DE","EPA_Region":"03","Link":"https://www.epa.gov/superfund/armycreek","Latitude":39.653061,"Longitude":-75.608331,"Data_System":"SEMS","Programs":null,"Site_Type":"Private","NPL_Site":"Yes","NPL_Status":"Final","Superfund_Alternative_Approach":"No","Address":"RTE 13 + RTE 40","County":"NEW CASTLE","ZIP_Code":"19720"}},{"type":"Feature","id":213,"geometry":{"type":"Point","coordinates":[-76.7911109999999,38.086669]},"properties":{"OBJECTID":213,"F_Site_Name":"ARROWHEAD ASSOCIATES, INC./SCOVILL CORP.","Identifier":"VAD042916361","City":"MONTROSS","State":" VA","EPA_Region":"03","Link":"https://www.epa.gov/superfund/arrowhead","Latitude":38.086669,"Longitude":-76.791111,"Data_System":"SEMS","Programs":null,"Site_Type":"Private","NPL_Site":"Yes","NPL_Status":"Final","Superfund_Alternative_Approach":"No","Address":"RTE 3","County":"WESTMORELAND","ZIP_Code":"22520"}},{"type":"Feature","id":214,"geometry":{"type":"Point","coordinates":[-77.0411109999999,41.2440310000001]},"properties":{"OBJECTID":214,"F_Site_Name":"AVCO LYCOMING (WILLIAMSPORT DIVISION)","Identifier":"PAD003053709","City":"WILLIAMSPORT","State":" PA","EPA_Region":"03","Link":"https://www.epa.gov/superfund/avcolycoming","Latitude":41.244031,"Longitude":-77.041111,"Data_System":"SEMS","Programs":null,"Site_Type":"Private","NPL_Site":"Yes","NPL_Status":"Final","Superfund_Alternative_Approach":"No","Address":"652 OLIVER ST","County":"LYCOMING","ZIP_Code":"17701"}},{"type":"Feature","id":215,"geometry":{"type":"Point","coordinates":[-75.455133,40.2994830000001]},"properties":{"OBJECTID":215,"F_Site_Name":"BAGHURST DRIVE","Identifier":"PAN000306939","City":"HARLEYSVILLE","State":" PA","EPA_Region":"03","Link":"https://www.epa.gov/superfund/baghurst","Latitude":40.299483,"Longitude":-75.455133,"Data_System":"SEMS","Programs":null,"Site_Type":"Private","NPL_Site":"Yes","NPL_Status":"Final","Superfund_Alternative_Approach":"No","Address":"NORTHERN INTERSECTION OF HENDRICKS","County":"MONTGOMERY","ZIP_Code":"19438"}},{"type":"Feature","id":216,"geometry":{"type":"Point","coordinates":[-76.389169,41.633061]},"properties":{"OBJECTID":216,"F_Site_Name":"BELL LANDFILL","Identifier":"PAD980705107","City":"TERRY TOWNSHIP","State":" PA","EPA_Region":"03","Link":"https://www.epa.gov/superfund/bell","Latitude":41.633061,"Longitude":-76.389169,"Data_System":"SEMS","Programs":null,"Site_Type":"Private","NPL_Site":"Yes","NPL_Status":"Final","Superfund_Alternative_Approach":"No","Address":"325 PARKER ROAD","County":"BRADFORD","ZIP_Code":"18853"}},{"type":"Feature","id":217,"geometry":{"type":"Point","coordinates":[-76.884583,39.029166]},"properties":{"OBJECTID":217,"F_Site_Name":"BELTSVILLE AGRICULTURAL RESEARCH CENTER (USDA)","Identifier":"MD0120508940","City":"BELTSVILLE","State":" MD","EPA_Region":"03","Link":"https://www.epa.gov/superfund/beltsville","Latitude":39.029166,"Longitude":-76.884583,"Data_System":"SEMS","Programs":null,"Site_Type":"Federal","NPL_Site":"Yes","NPL_Status":"Final","Superfund_Alternative_Approach":"No","Address":"BEAVERDAM AND SHEEP ROADS","County":"PRINCE GEORGE\u0027S","ZIP_Code":"20705"}},{"type":"Feature","id":218,"geometry":{"type":"Point","coordinates":[-75.610467,38.6316440000001]},"properties":{"OBJECTID":218,"F_Site_Name":"BLADES GROUNDWATER","Identifier":"DEN000304203","City":"BLADES","State":" DE","EPA_Region":"03","Link":"https://www.epa.gov/superfund/bladesgroundwater","Latitude":38.631644,"Longitude":-75.610467,"Data_System":"SEMS","Programs":null,"Site_Type":"Private","NPL_Site":"Yes","NPL_Status":"Final","Superfund_Alternative_Approach":"No","Address":"NEAR TRIANGLE PARK AT INTERSECTION OF","County":"SUSSEX","ZIP_Code":"19973"}},{"type":"Feature","id":219,"geometry":{"type":"Point","coordinates":[-75.1249999999999,40.5458310000001]},"properties":{"OBJECTID":219,"F_Site_Name":"BOARHEAD FARMS","Identifier":"PAD047726161","City":"BRIDGETON TOWNSHIP","State":" PA","EPA_Region":"03","Link":"https://www.epa.gov/superfund/boarhead","Latitude":40.545831,"Longitude":-75.125,"Data_System":"SEMS","Programs":null,"Site_Type":"Private","NPL_Site":"Yes","NPL_Status":"Final","Superfund_Alternative_Approach":"No","Address":"LONELY COTTAGE DRIVE","County":"BUCKS","ZIP_Code":"18972"}},{"type":"Feature","id":220,"geometry":{"type":"Point","coordinates":[-76.845,38.6980560000001]},"properties":{"OBJECTID":220,"F_Site_Name":"BRANDYWINE DRMO","Identifier":"MD9570024803","City":"BRANDYWINE","State":" MD","EPA_Region":"03","Link":"https://www.epa.gov/superfund/brandywine","Latitude":38.698056,"Longitude":-76.845,"Data_System":"SEMS","Programs":null,"Site_Type":"Federal","NPL_Site":"Yes","NPL_Status":"Final","Superfund_Alternative_Approach":"No","Address":"BRANDYWINE ROAD AND CHERRY TREE CROSSING","County":"PRINCE GEORGE\u0027S","ZIP_Code":"20613"}},{"type":"Feature","id":221,"geometry":{"type":"Point","coordinates":[-76.26195,39.4672190000001]},"properties":{"OBJECTID":221,"F_Site_Name":"BUSH VALLEY LANDFILL","Identifier":"MDD980504195","City":"ABINGDON","State":" MD","EPA_Region":"03","Link":"https://www.epa.gov/superfund/bushvalley","Latitude":39.467219,"Longitude":-76.26195,"Data_System":"SEMS","Programs":null,"Site_Type":"Private","NPL_Site":"Yes","NPL_Status":"Final","Superfund_Alternative_Approach":"No","Address":"BUSH RD POB 246","County":"HARFORD","ZIP_Code":"21009"}},{"type":"Feature","id":222,"geometry":{"type":"Point","coordinates":[-75.136003,40.3159580000001]},"properties":{"OBJECTID":222,"F_Site_Name":"CHEM-FAB","Identifier":"PAD002323848","City":"Doylestown","State":" PA","EPA_Region":"03","Link":"https://www.epa.gov/superfund/chemfab","Latitude":40.315958,"Longitude":-75.136003,"Data_System":"SEMS","Programs":null,"Site_Type":"Private","NPL_Site":"Yes","NPL_Status":"Final","Superfund_Alternative_Approach":"No","Address":"300 NORTH BROAD STREET","County":"BUCKS","ZIP_Code":"18901"}},{"type":"Feature","id":223,"geometry":{"type":"Point","coordinates":[-75.4193999999999,40.1241]},"properties":{"OBJECTID":223,"F_Site_Name":"COMMODORE SEMICONDUCTOR GROUP","Identifier":"PAD093730174","City":"LOWER PROVIDENCE TOWNSHIP","State":" PA","EPA_Region":"03","Link":"https://www.epa.gov/superfund/commodore","Latitude":40.1241,"Longitude":-75.4194,"Data_System":"SEMS","Programs":null,"Site_Type":"Private","NPL_Site":"Yes","NPL_Status":"Final","Superfund_Alternative_Approach":"No","Address":"VAN BUREN \u0026 RITTENHOUSE RDS","County":"MONTGOMERY","ZIP_Code":"19403"}},{"type":"Feature","id":224,"geometry":{"type":"Point","coordinates":[-76.572694,39.2]},"properties":{"OBJECTID":224,"F_Site_Name":"CURTIS BAY COAST GUARD YARD","Identifier":"MD4690307844","City":"BALTIMORE","State":" MD","EPA_Region":"03","Link":"https://www.epa.gov/superfund/curtisbay","Latitude":39.2,"Longitude":-76.572694,"Data_System":"SEMS","Programs":null,"Site_Type":"Federal","NPL_Site":"Yes","NPL_Status":"Final","Superfund_Alternative_Approach":"No","Address":"2401 HAWKINS POINT RD","County":"ANNE ARUNDEL","ZIP_Code":"21226"}},{"type":"Feature","id":225,"geometry":{"type":"Point","coordinates":[-77.4485,37.4189000000001]},"properties":{"OBJECTID":225,"F_Site_Name":"DEFENSE GENERAL SUPPLY CENTER (DLA)","Identifier":"VA3971520751","City":"CHESTERFIELD COUNTY","State":" VA","EPA_Region":"03","Link":"https://www.epa.gov/superfund/defensegeneralsupplycenter","Latitude":37.4189,"Longitude":-77.4485,"Data_System":"SEMS","Programs":null,"Site_Type":"Federal","NPL_Site":"Yes","NPL_Status":"Final","Superfund_Alternative_Approach":"No","Address":"JEFFERSON DAVIS HGY","County":"CHESTERFIELD","ZIP_Code":"23237"}},{"type":"Feature","id":226,"geometry":{"type":"Point","coordinates":[-75.6027809999999,39.6513890000001]},"properties":{"OBJECTID":226,"F_Site_Name":"DELAWARE SAND \u0026 GRAVEL LANDFILL","Identifier":"DED000605972","City":"NEW CASTLE","State":" DE","EPA_Region":"03","Link":"https://www.epa.gov/superfund/delawaresandgravel","Latitude":39.651389,"Longitude":-75.602781,"Data_System":"SEMS","Programs":null,"Site_Type":"Private","NPL_Site":"Yes","NPL_Status":"Final","Superfund_Alternative_Approach":"No","Address":"229 GRANTHAM LANE","County":"NEW CASTLE","ZIP_Code":"19720"}},{"type":"Feature","id":227,"geometry":{"type":"Point","coordinates":[-75.466669,39.127781]},"properties":{"OBJECTID":227,"F_Site_Name":"DOVER AIR FORCE BASE","Identifier":"DE8570024010","City":"DOVER","State":" DE","EPA_Region":"03","Link":"https://www.epa.gov/superfund/doverairforcebase","Latitude":39.127781,"Longitude":-75.466669,"Data_System":"SEMS","Programs":null,"Site_Type":"Federal","NPL_Site":"Yes","NPL_Status":"Final","Superfund_Alternative_Approach":"No","Address":"RTE 113","County":"KENT","ZIP_Code":"19901"}},{"type":"Feature","id":228,"geometry":{"type":"Point","coordinates":[-75.204897,40.370892]},"properties":{"OBJECTID":228,"F_Site_Name":"DUBLIN TCE SITE","Identifier":"PAD981740004","City":"DUBLIN BOROUGH","State":" PA","EPA_Region":"03","Link":"https://www.epa.gov/superfund/dublin","Latitude":40.370892,"Longitude":-75.204897,"Data_System":"SEMS","Programs":null,"Site_Type":"Private","NPL_Site":"Yes","NPL_Status":"Final","Superfund_Alternative_Approach":"No","Address":"120 MILL ST./ WHISTLEWOOD APT-ROUTE 313","County":"BUCKS","ZIP_Code":"18917"}},{"type":"Feature","id":229,"geometry":{"type":"Point","coordinates":[-77.4303399999999,37.4523380000001]},"properties":{"OBJECTID":229,"F_Site_Name":"DUPONT SPRUANCE PLANT","Identifier":"VAD980705768","City":"RICHMOND","State":" VA","EPA_Region":"03","Link":"https://www.epa.gov/superfund/dupontspruance","Latitude":37.452338,"Longitude":-77.43034,"Data_System":"SEMS","Programs":null,"Site_Type":"Private","NPL_Site":"No","NPL_Status":"Not on NPL","Superfund_Alternative_Approach":"Yes","Address":"5401 Jefferson Davis Highway","County":"CHESTERFIELD","ZIP_Code":"23234"}},{"type":"Feature","id":230,"geometry":{"type":"Point","coordinates":[-75.597211,39.6730920000001]},"properties":{"OBJECTID":230,"F_Site_Name":"EAST BASIN ROAD GROUNDWATER","Identifier":"DEN000304044","City":"NEW CASTLE","State":" DE","EPA_Region":"03","Link":"https://www.epa.gov/superfund/eastbasin","Latitude":39.673092,"Longitude":-75.597211,"Data_System":"SEMS","Programs":null,"Site_Type":"Private","NPL_Site":"Yes","NPL_Status":"Final","Superfund_Alternative_Approach":"No","Address":"INTERSECTION OF SCHOOL LN AND RTE. 13/N DUPONT HWY.","County":"NEW CASTLE","ZIP_Code":"19720"}},{"type":"Feature","id":231,"geometry":{"type":"Point","coordinates":[-75.0925,40.1838890000001]},"properties":{"OBJECTID":231,"F_Site_Name":"FISCHER \u0026 PORTER CO.","Identifier":"PAD002345817","City":"WARMINSTER","State":" PA","EPA_Region":"03","Link":"https://www.epa.gov/superfund/fischerporter","Latitude":40.183889,"Longitude":-75.0925,"Data_System":"SEMS","Programs":null,"Site_Type":"Private","NPL_Site":"Yes","NPL_Status":"Final","Superfund_Alternative_Approach":"No","Address":"JACKSONVILLE \u0026 E COUNTY LINE RD","County":"BUCKS","ZIP_Code":"18974"}},{"type":"Feature","id":232,"geometry":{"type":"Point","coordinates":[-77.446769,39.434442]},"properties":{"OBJECTID":232,"F_Site_Name":"FORT DETRICK AREA B GROUND WATER","Identifier":"MDD985397249","City":"FREDERICK","State":" MD","EPA_Region":"03","Link":"https://www.epa.gov/superfund/ftdetrick","Latitude":39.434442,"Longitude":-77.446769,"Data_System":"SEMS","Programs":null,"Site_Type":"Federal","NPL_Site":"Yes","NPL_Status":"Final","Superfund_Alternative_Approach":"No","Address":"810 SCHREIDER STREET","County":"FREDERICK","ZIP_Code":"21702"}},{"type":"Feature","id":233,"geometry":{"type":"Point","coordinates":[-76.5683319999999,37.1050000000001]},"properties":{"OBJECTID":233,"F_Site_Name":"FORT EUSTIS (US ARMY)","Identifier":"VA6210020321","City":"NEWPORT NEWS","State":" VA","EPA_Region":"03","Link":"https://www.epa.gov/superfund/fteustis","Latitude":37.105,"Longitude":-76.568332,"Data_System":"SEMS","Programs":null,"Site_Type":"Federal","NPL_Site":"Yes","NPL_Status":"Final","Superfund_Alternative_Approach":"No","Address":"END OF MULBERRY ISLAND","County":"NEWPORT NEWS CITY","ZIP_Code":"23604"}},{"type":"Feature","id":234,"geometry":{"type":"Point","coordinates":[-76.715278,39.083333]},"properties":{"OBJECTID":234,"F_Site_Name":"FORT GEORGE G. MEADE","Identifier":"MD9210020567","City":"ODENTON","State":" MD","EPA_Region":"03","Link":"https://www.epa.gov/superfund/ftmeade","Latitude":39.083333,"Longitude":-76.715278,"Data_System":"SEMS","Programs":null,"Site_Type":"Federal","NPL_Site":"Yes","NPL_Status":"Final","Superfund_Alternative_Approach":"No","Address":"MARYLAND ROUTE 175","County":"ANNE ARUNDEL","ZIP_Code":"21113"}},{"type":"Feature","id":235,"geometry":{"type":"Point","coordinates":[-75.3839849999999,38.6933990000001]},"properties":{"OBJECTID":235,"F_Site_Name":"GEORGETOWN NORTH GROUNDWATER","Identifier":"DEN000304167","City":"GEORGETOWN","State":" DE","EPA_Region":"03","Link":"https://www.epa.gov/superfund/georgetowngroundwater","Latitude":38.693399,"Longitude":-75.383985,"Data_System":"SEMS","Programs":null,"Site_Type":"Private","NPL_Site":"Yes","NPL_Status":"Final","Superfund_Alternative_Approach":"No","Address":"305 North Race Street","County":"SUSSEX","ZIP_Code":"19947"}},{"type":"Feature","id":236,"geometry":{"type":"Point","coordinates":[-75.770839,39.573331]},"properties":{"OBJECTID":236,"F_Site_Name":"HARVEY \u0026 KNOTT DRUM, INC.","Identifier":"DED980713093","City":"KIRKWOOD","State":" DE","EPA_Region":"03","Link":"https://www.epa.gov/superfund/harveyknott","Latitude":39.573331,"Longitude":-75.770839,"Data_System":"SEMS","Programs":null,"Site_Type":"Private","NPL_Site":"Yes","NPL_Status":"Final","Superfund_Alternative_Approach":"No","Address":"OLD COUNTY RD","County":"NEW CASTLE","ZIP_Code":"19708"}},{"type":"Feature","id":237,"geometry":{"type":"Point","coordinates":[-77.4241749999999,39.056131]},"properties":{"OBJECTID":237,"F_Site_Name":"HIDDEN LANE LANDFILL","Identifier":"VAD980829030","City":"Sterling","State":" VA","EPA_Region":"03","Link":"https://www.epa.gov/superfund/hiddenlane","Latitude":39.056131,"Longitude":-77.424175,"Data_System":"SEMS","Programs":null,"Site_Type":"Private","NPL_Site":"Yes","NPL_Status":"Final","Superfund_Alternative_Approach":"No","Address":"OFF OF PERSIMMON LN, ~3/4 MILE N OF RT 7","County":"LOUDOUN","ZIP_Code":"20165"}},{"type":"Feature","id":238,"geometry":{"type":"Point","coordinates":[-77.1743059999999,38.591389]},"properties":{"OBJECTID":238,"F_Site_Name":"INDIAN HEAD NAVAL SURFACE WARFARE CENTER","Identifier":"MD7170024684","City":"INDIAN HEAD","State":" MD","EPA_Region":"03","Link":"https://www.epa.gov/superfund/indianhead","Latitude":38.591389,"Longitude":-77.174306,"Data_System":"SEMS","Programs":null,"Site_Type":"Federal","NPL_Site":"Yes","NPL_Status":"Final","Superfund_Alternative_Approach":"No","Address":"201 INDIAN HEAD HIGHWAY","County":"CHARLES","ZIP_Code":"20640"}},{"type":"Feature","id":239,"geometry":{"type":"Point","coordinates":[-75.2286109999999,40.665831]},"properties":{"OBJECTID":239,"F_Site_Name":"INDUSTRIAL LANE","Identifier":"PAD980508493","City":"WILLIAMS TOWNSHIP","State":" PA","EPA_Region":"03","Link":"https://www.epa.gov/superfund/industriallane","Latitude":40.665831,"Longitude":-75.228611,"Data_System":"SEMS","Programs":null,"Site_Type":"Private","NPL_Site":"Yes","NPL_Status":"Final","Superfund_Alternative_Approach":"No","Address":"INDUSTRIAL DR","County":"NORTHAMPTON","ZIP_Code":"18042"}},{"type":"Feature","id":240,"geometry":{"type":"Point","coordinates":[-76.3586109999999,37.0699990000001]},"properties":{"OBJECTID":240,"F_Site_Name":"LANGLEY AIR FORCE BASE/NASA LANGLEY RESEARCH CENTER","Identifier":"VA2800005033","City":"HAMPTON","State":" VA","EPA_Region":"03","Link":"https://www.epa.gov/superfund/langleyafb","Latitude":37.069999,"Longitude":-76.358611,"Data_System":"SEMS","Programs":null,"Site_Type":"Federal","NPL_Site":"Yes","NPL_Status":"Final","Superfund_Alternative_Approach":"No","Address":"OFF STATE HIGHWAY 187","County":"YORK","ZIP_Code":"23665"}},{"type":"Feature","id":241,"geometry":{"type":"Point","coordinates":[-77.64,40.0075]},"properties":{"OBJECTID":241,"F_Site_Name":"LETTERKENNY ARMY DEPOT (PDO AREA)","Identifier":"PA2210090054","City":"FRANKLIN COUNTY","State":" PA","EPA_Region":"03","Link":"https://www.epa.gov/superfund/letterkennyarmydepotpdoarea","Latitude":40.0075,"Longitude":-77.64,"Data_System":"SEMS","Programs":null,"Site_Type":"Federal","NPL_Site":"Yes","NPL_Status":"Final","Superfund_Alternative_Approach":"No","Address":"N FRANKLIN ST","County":"FRANKLIN","ZIP_Code":"17201"}},{"type":"Feature","id":242,"geometry":{"type":"Point","coordinates":[-77.6444,39.9957000000001]},"properties":{"OBJECTID":242,"F_Site_Name":"LETTERKENNY ARMY DEPOT (SE AREA)","Identifier":"PA6213820503","City":"CHAMBERSBURG","State":" PA","EPA_Region":"03","Link":"https://www.epa.gov/superfund/letterkennyarmydepotsearea","Latitude":39.9957,"Longitude":-77.6444,"Data_System":"SEMS","Programs":null,"Site_Type":"Federal","NPL_Site":"Yes","NPL_Status":"Final","Superfund_Alternative_Approach":"No","Address":"N FRANKLIN ST EXT","County":"FRANKLIN","ZIP_Code":"17201"}},{"type":"Feature","id":243,"geometry":{"type":"Point","coordinates":[-78.7222189999999,39.6263890000001]},"properties":{"OBJECTID":243,"F_Site_Name":"LIMESTONE ROAD","Identifier":"MDD980691588","City":"CUMBERLAND","State":" MD","EPA_Region":"03","Link":"https://www.epa.gov/superfund/limestone","Latitude":39.626389,"Longitude":-78.722219,"Data_System":"SEMS","Programs":null,"Site_Type":"Private","NPL_Site":"Yes","NPL_Status":"Final","Superfund_Alternative_Approach":"No","Address":"LIMESTONE RD OFF RTE 51","County":"ALLEGANY","ZIP_Code":"21502"}},{"type":"Feature","id":244,"geometry":{"type":"Point","coordinates":[-75.267778,39.8855560000001]},"properties":{"OBJECTID":244,"F_Site_Name":"LOWER DARBY CREEK AREA","Identifier":"PASFN0305521","City":"DARBY TOWNSHIP","State":" PA","EPA_Region":"03","Link":"https://www.epa.gov/superfund/lowerdarby","Latitude":39.885556,"Longitude":-75.267778,"Data_System":"SEMS","Programs":null,"Site_Type":"Private","NPL_Site":"Yes","NPL_Status":"Final","Superfund_Alternative_Approach":"No","Address":"Darby Creek and Avenue A","County":"DELAWARE","ZIP_Code":"19023"}},{"type":"Feature","id":245,"geometry":{"type":"Point","coordinates":[-77.29,38.521667]},"properties":{"OBJECTID":245,"F_Site_Name":"MARINE CORPS COMBAT DEVELOPMENT COMMAND","Identifier":"VA1170024722","City":"QUANTICO","State":" VA","EPA_Region":"03","Link":"https://www.epa.gov/superfund/marinecorpscombatdevelopmentcomand","Latitude":38.521667,"Longitude":-77.29,"Data_System":"SEMS","Programs":null,"Site_Type":"Federal","NPL_Site":"Yes","NPL_Status":"Final","Superfund_Alternative_Approach":"No","Address":"5TH STREET","County":"PRINCE WILLIAM","ZIP_Code":"22134"}},{"type":"Feature","id":246,"geometry":{"type":"Point","coordinates":[-76.7173,40.1763]},"properties":{"OBJECTID":246,"F_Site_Name":"MIDDLETOWN AIR FIELD","Identifier":"PAD980538763","City":"MIDDLETOWN","State":" PA","EPA_Region":"03","Link":"https://www.epa.gov/superfund/middletownairfield","Latitude":40.1763,"Longitude":-76.7173,"Data_System":"SEMS","Programs":null,"Site_Type":"Private","NPL_Site":"Yes","NPL_Status":"Deleted","Superfund_Alternative_Approach":"No","Address":"APPROX 1 MLE OFF RTE 230","County":"DAUPHIN","ZIP_Code":"17057"}},{"type":"Feature","id":247,"geometry":{"type":"Point","coordinates":[-75.433611,40.155561]},"properties":{"OBJECTID":247,"F_Site_Name":"MOYERS LANDFILL","Identifier":"PAD980508766","City":"EAGLEVILLE","State":" PA","EPA_Region":"03","Link":"https://www.epa.gov/superfund/moyers","Latitude":40.155561,"Longitude":-75.433611,"Data_System":"SEMS","Programs":null,"Site_Type":"Private","NPL_Site":"Yes","NPL_Status":"Deleted","Superfund_Alternative_Approach":"No","Address":"2 MOYER RD","County":"MONTGOMERY","ZIP_Code":"19426"}},{"type":"Feature","id":248,"geometry":{"type":"Point","coordinates":[-76.641669,40.9900000000001]},"properties":{"OBJECTID":248,"F_Site_Name":"MW MANUFACTURING","Identifier":"PAD980691372","City":"VALLEY TOWNSHIP","State":" PA","EPA_Region":"03","Link":"https://www.epa.gov/superfund/mwmanufacturing","Latitude":40.99,"Longitude":-76.641669,"Data_System":"SEMS","Programs":null,"Site_Type":"Private","NPL_Site":"Yes","NPL_Status":"Final","Superfund_Alternative_Approach":"No","Address":"STATE ROUTE 54 AND I-80","County":"MONTOUR","ZIP_Code":"17821"}},{"type":"Feature","id":249,"geometry":{"type":"Point","coordinates":[-75.4722599999999,37.9332700000001]},"properties":{"OBJECTID":249,"F_Site_Name":"NASA WALLOPS FLIGHT FACILITY","Identifier":"VA8800010763","City":"WALLOPS ISLAND","State":" VA","EPA_Region":"03","Link":"https://www.epa.gov/superfund/nasa_wallops","Latitude":37.93327,"Longitude":-75.47226,"Data_System":"SEMS","Programs":null,"Site_Type":"Federal","NPL_Site":"No","NPL_Status":"Not on NPL","Superfund_Alternative_Approach":"Yes","Address":"32400 FULTON STREET","County":"ACCOMACK","ZIP_Code":"23337"}},{"type":"Feature","id":250,"geometry":{"type":"Point","coordinates":[-75.0642,40.1996]},"properties":{"OBJECTID":250,"F_Site_Name":"NAVAL AIR DEVELOPMENT CENTER (8 WASTE AREAS)","Identifier":"PA6170024545","City":"WARMINSTER TOWNSHIP","State":" PA","EPA_Region":"03","Link":"https://www.epa.gov/superfund/navalairdevelopmentcenter","Latitude":40.1996,"Longitude":-75.0642,"Data_System":"SEMS","Programs":null,"Site_Type":"Federal","NPL_Site":"Yes","NPL_Status":"Final","Superfund_Alternative_Approach":"No","Address":"ST \u0026 JACKSONVILLE ROAD","County":"BUCKS","ZIP_Code":"18974"}},{"type":"Feature","id":251,"geometry":{"type":"Point","coordinates":[-76.147778,36.9061110000001]},"properties":{"OBJECTID":251,"F_Site_Name":"NAVAL AMPHIBIOUS BASE LITTLE CREEK","Identifier":"VA5170022482","City":"VIRGINIA BEACH","State":" VA","EPA_Region":"03","Link":"https://www.epa.gov/superfund/navalamphibiousbase","Latitude":36.906111,"Longitude":-76.147778,"Data_System":"SEMS","Programs":null,"Site_Type":"Federal","NPL_Site":"Yes","NPL_Status":"Final","Superfund_Alternative_Approach":"No","Address":"SHORE DRIVE (U.S. ROUTE 60)","County":"VIRGINIA BEACH CITY","ZIP_Code":"23455"}},{"type":"Feature","id":252,"geometry":{"type":"Point","coordinates":[-77.026944,38.326667]},"properties":{"OBJECTID":252,"F_Site_Name":"NAVAL SURFACE WARFARE CENTER - DAHLGREN","Identifier":"VA7170024684","City":"DAHLGREN","State":" VA","EPA_Region":"03","Link":"https://www.epa.gov/superfund/navalsurfacewarfarecenter","Latitude":38.326667,"Longitude":-77.026944,"Data_System":"SEMS","Programs":null,"Site_Type":"Federal","NPL_Site":"Yes","NPL_Status":"Final","Superfund_Alternative_Approach":"No","Address":"2 MI E OF INTER 301 \u0026 206","County":"KING GEORGE","ZIP_Code":"22448"}},{"type":"Feature","id":253,"geometry":{"type":"Point","coordinates":[-76.5888889999999,37.2458330000001]},"properties":{"OBJECTID":253,"F_Site_Name":"NAVAL WEAPONS STATION - YORKTOWN","Identifier":"VA8170024170","City":"YORKTOWN","State":" VA","EPA_Region":"03","Link":"https://www.epa.gov/superfund/navalweaponsstationyorktown","Latitude":37.245833,"Longitude":-76.588889,"Data_System":"SEMS","Programs":null,"Site_Type":"Federal","NPL_Site":"Yes","NPL_Status":"Final","Superfund_Alternative_Approach":"No","Address":"US NAVAL WEAPONS STA","County":"YORK","ZIP_Code":"23690"}},{"type":"Feature","id":254,"geometry":{"type":"Point","coordinates":[-76.99361,40.225556]},"properties":{"OBJECTID":254,"F_Site_Name":"NAVY SHIPS PARTS CONTROL CENTER","Identifier":"PA3170022104","City":"MECHANICSBURG","State":" PA","EPA_Region":"03","Link":"https://www.epa.gov/superfund/navyshipspartscontrolcenter","Latitude":40.225556,"Longitude":-76.99361,"Data_System":"SEMS","Programs":null,"Site_Type":"Federal","NPL_Site":"Yes","NPL_Status":"Final","Superfund_Alternative_Approach":"No","Address":"OFF STATE HIGHWAY 641","County":"CUMBERLAND","ZIP_Code":"17055"}},{"type":"Feature","id":255,"geometry":{"type":"Point","coordinates":[-75.283061,38.5775000000001]},"properties":{"OBJECTID":255,"F_Site_Name":"NCR CORP. (MILLSBORO PLANT)","Identifier":"DED043958388","City":"MILLSBORO","State":" DE","EPA_Region":"03","Link":"https://www.epa.gov/superfund/ncrcorp","Latitude":38.5775,"Longitude":-75.283061,"Data_System":"SEMS","Programs":null,"Site_Type":"Private","NPL_Site":"Yes","NPL_Status":"Final","Superfund_Alternative_Approach":"No","Address":"MITCHELL RD POB 607","County":"SUSSEX","ZIP_Code":"19966"}},{"type":"Feature","id":256,"geometry":{"type":"Point","coordinates":[-76.3002779999999,36.940278]},"properties":{"OBJECTID":256,"F_Site_Name":"NORFOLK NAVAL BASE (SEWELLS POINT NAVAL COMPLEX)","Identifier":"VA6170061463","City":"NORFOLK","State":" VA","EPA_Region":"03","Link":"https://www.epa.gov/superfund/norfolknavalbase","Latitude":36.940278,"Longitude":-76.300278,"Data_System":"SEMS","Programs":null,"Site_Type":"Federal","NPL_Site":"Yes","NPL_Status":"Final","Superfund_Alternative_Approach":"No","Address":"HELMICK ST","County":"NORFOLK CITY","ZIP_Code":"23511"}},{"type":"Feature","id":257,"geometry":{"type":"Point","coordinates":[-76.294722,36.821944]},"properties":{"OBJECTID":257,"F_Site_Name":"NORFOLK NAVAL SHIPYARD","Identifier":"VA1170024813","City":"PORTSMOUTH","State":" VA","EPA_Region":"03","Link":"https://www.epa.gov/superfund/norfolknavalshipyard","Latitude":36.821944,"Longitude":-76.294722,"Data_System":"SEMS","Programs":null,"Site_Type":"Federal","NPL_Site":"Yes","NPL_Status":"Final","Superfund_Alternative_Approach":"No","Address":"VICTORY BOULEVARD","County":"PORTSMOUTH CITY","ZIP_Code":"23709"}},{"type":"Feature","id":258,"geometry":{"type":"Point","coordinates":[-75.297781,40.293889]},"properties":{"OBJECTID":258,"F_Site_Name":"NORTH PENN - AREA 2","Identifier":"PAD002342475","City":"HATFIELD","State":" PA","EPA_Region":"03","Link":"https://www.epa.gov/superfund/northpenn2","Latitude":40.293889,"Longitude":-75.297781,"Data_System":"SEMS","Programs":null,"Site_Type":"Private","NPL_Site":"Yes","NPL_Status":"Final","Superfund_Alternative_Approach":"No","Address":"2801 Richmond Rd","County":"MONTGOMERY","ZIP_Code":"19440"}},{"type":"Feature","id":259,"geometry":{"type":"Point","coordinates":[-75.2451,40.2721000000001]},"properties":{"OBJECTID":259,"F_Site_Name":"NORTH PENN - AREA 5","Identifier":"PAD980692693","City":"MONTGOMERY TOWNSHIP","State":" PA","EPA_Region":"03","Link":"https://www.epa.gov/superfund/northpenn5","Latitude":40.2721,"Longitude":-75.2451,"Data_System":"SEMS","Programs":null,"Site_Type":"Private","NPL_Site":"Yes","NPL_Status":"Final","Superfund_Alternative_Approach":"No","Address":"MAPLE DR","County":"MONTGOMERY","ZIP_Code":"18915"}},{"type":"Feature","id":260,"geometry":{"type":"Point","coordinates":[-76.6074999999999,37.284722]},"properties":{"OBJECTID":260,"F_Site_Name":"NWS YORKTOWN - CHEATHAM ANNEX","Identifier":"VA3170024605","City":"YORKTOWN","State":" VA","EPA_Region":"03","Link":"https://www.epa.gov/superfund/navalweaponsstationyorktown-cheathamannex","Latitude":37.284722,"Longitude":-76.6075,"Data_System":"SEMS","Programs":null,"Site_Type":"Federal","NPL_Site":"Yes","NPL_Status":"Final","Superfund_Alternative_Approach":"No","Address":"CHEATHAM ANNEX, NAVAL SUPPLY CENTER","County":"YORK","ZIP_Code":"23185"}},{"type":"Feature","id":261,"geometry":{"type":"Point","coordinates":[-75.908333,39.9958330000001]},"properties":{"OBJECTID":261,"F_Site_Name":"OLD WILMINGTON ROAD GW CONTAMINATION","Identifier":"PAD981938939","City":"WEST CALN TOWNSHIP","State":" PA","EPA_Region":"03","Link":"https://www.epa.gov/superfund/oldwilmingtonroad","Latitude":39.995833,"Longitude":-75.908333,"Data_System":"SEMS","Programs":null,"Site_Type":"Private","NPL_Site":"Yes","NPL_Status":"Final","Superfund_Alternative_Approach":"No","Address":"OLD WILMINGTON ROAD","County":"CHESTER","ZIP_Code":"19320"}},{"type":"Feature","id":262,"geometry":{"type":"Point","coordinates":[-80.058331,41.1611110000001]},"properties":{"OBJECTID":262,"F_Site_Name":"OSBORNE LANDFILL","Identifier":"PAD980712673","City":"GROVE CITY","State":" PA","EPA_Region":"03","Link":"https://www.epa.gov/superfund/osborne","Latitude":41.161111,"Longitude":-80.058331,"Data_System":"SEMS","Programs":null,"Site_Type":"Private","NPL_Site":"Yes","NPL_Status":"Final","Superfund_Alternative_Approach":"No","Address":"0.5 MILES E OF TOWN","County":"MERCER","ZIP_Code":"16127"}},{"type":"Feature","id":263,"geometry":{"type":"Point","coordinates":[-80.9302479999999,39.60614]},"properties":{"OBJECTID":263,"F_Site_Name":"PADEN CITY GROUNDWATER","Identifier":"WVN000304985","City":"PADEN CITY","State":" WV","EPA_Region":"03","Link":"https://www.epa.gov/superfund/padencitygroundwater","Latitude":39.60614,"Longitude":-80.930248,"Data_System":"SEMS","Programs":null,"Site_Type":"Private","NPL_Site":"Yes","NPL_Status":"Final","Superfund_Alternative_Approach":"No","Address":"223 NORTH 4TH AVENUE","County":"WETZEL","ZIP_Code":"26159"}},{"type":"Feature","id":264,"geometry":{"type":"Point","coordinates":[-75.583339,40.8083310000001]},"properties":{"OBJECTID":264,"F_Site_Name":"PALMERTON ZINC PILE","Identifier":"PAD002395887","City":"PALMERTON","State":" PA","EPA_Region":"03","Link":"https://www.epa.gov/superfund/palmerton","Latitude":40.808331,"Longitude":-75.583339,"Data_System":"SEMS","Programs":null,"Site_Type":"Private","NPL_Site":"Yes","NPL_Status":"Final","Superfund_Alternative_Approach":"No","Address":"211 FRANKLIN ST","County":"CARBON","ZIP_Code":"18071"}},{"type":"Feature","id":265,"geometry":{"type":"Point","coordinates":[-76.4194439999999,38.270694]},"properties":{"OBJECTID":265,"F_Site_Name":"PATUXENT RIVER NAVAL AIR STATION","Identifier":"MD7170024536","City":"PATUXENT RIVER","State":" MD","EPA_Region":"03","Link":"https://www.epa.gov/superfund/patuxentrivernavalairstation","Latitude":38.270694,"Longitude":-76.419444,"Data_System":"SEMS","Programs":null,"Site_Type":"Federal","NPL_Site":"Yes","NPL_Status":"Final","Superfund_Alternative_Approach":"No","Address":"OPPOSITE LEXINGTON PARK (STATE HWY 235)","County":"ST. MARY\u0027S","ZIP_Code":"20670"}},{"type":"Feature","id":266,"geometry":{"type":"Point","coordinates":[-75.0986109999999,40.179719]},"properties":{"OBJECTID":266,"F_Site_Name":"RAYMARK","Identifier":"PAD039017694","City":"HATBORO","State":" PA","EPA_Region":"03","Link":"https://www.epa.gov/superfund/raymark-pa","Latitude":40.179719,"Longitude":-75.098611,"Data_System":"SEMS","Programs":null,"Site_Type":"Private","NPL_Site":"Yes","NPL_Status":"Final","Superfund_Alternative_Approach":"No","Address":"220 JACKSONVILLE RD","County":"MONTGOMERY","ZIP_Code":"19040"}},{"type":"Feature","id":267,"geometry":{"type":"Point","coordinates":[-80.4875,41.266669]},"properties":{"OBJECTID":267,"F_Site_Name":"RIVER ROAD LANDFILL (WASTE MANAGEMENT, INC.)","Identifier":"PAD000439083","City":"HERMITAGE","State":" PA","EPA_Region":"03","Link":"https://www.epa.gov/superfund/riverroad","Latitude":41.266669,"Longitude":-80.4875,"Data_System":"SEMS","Programs":null,"Site_Type":"Private","NPL_Site":"Yes","NPL_Status":"Deleted","Superfund_Alternative_Approach":"No","Address":"RTE 846 RIVER RD","County":"MERCER","ZIP_Code":"16148"}},{"type":"Feature","id":268,"geometry":{"type":"Point","coordinates":[-75.493333,40.5311110000001]},"properties":{"OBJECTID":268,"F_Site_Name":"RODALE MANUFACTURING CO., INC.","Identifier":"PAD981033285","City":"EMMAUS BOROUGH","State":" PA","EPA_Region":"03","Link":"https://www.epa.gov/superfund/rodale","Latitude":40.531111,"Longitude":-75.493333,"Data_System":"SEMS","Programs":null,"Site_Type":"Private","NPL_Site":"Yes","NPL_Status":"Final","Superfund_Alternative_Approach":"No","Address":"6TH \u0026 MINOR STREETS","County":"LEHIGH","ZIP_Code":"18049"}},{"type":"Feature","id":269,"geometry":{"type":"Point","coordinates":[-76.376389,41.0152780000001]},"properties":{"OBJECTID":269,"F_Site_Name":"SAFETY LIGHT CORPORATION","Identifier":"PAD987295276","City":"BLOOMSBURG","State":" PA","EPA_Region":"03","Link":"https://www.epa.gov/superfund/safetylight","Latitude":41.015278,"Longitude":-76.376389,"Data_System":"SEMS","Programs":null,"Site_Type":"Private","NPL_Site":"Yes","NPL_Status":"Final","Superfund_Alternative_Approach":"No","Address":"4150 A. OLD BERWICK ROAD","County":"COLUMBIA","ZIP_Code":"17815"}},{"type":"Feature","id":270,"geometry":{"type":"Point","coordinates":[-75.382222,40.251944]},"properties":{"OBJECTID":270,"F_Site_Name":"SALFORD QUARRY","Identifier":"PAD980693204","City":"LOWER SALFORD TOWNSHIP","State":" PA","EPA_Region":"03","Link":"https://www.epa.gov/superfund/salfordquarry","Latitude":40.251944,"Longitude":-75.382222,"Data_System":"SEMS","Programs":null,"Site_Type":"Private","NPL_Site":"Yes","NPL_Status":"Final","Superfund_Alternative_Approach":"No","Address":"610 QUARRY ROAD","County":"MONTGOMERY","ZIP_Code":"19438"}},{"type":"Feature","id":271,"geometry":{"type":"Point","coordinates":[-75.8963889999999,39.615281]},"properties":{"OBJECTID":271,"F_Site_Name":"SAND, GRAVEL AND STONE","Identifier":"MDD980705164","City":"ELKTON","State":" MD","EPA_Region":"03","Link":"https://www.epa.gov/superfund/sandgravelstone","Latitude":39.615281,"Longitude":-75.896389,"Data_System":"SEMS","Programs":null,"Site_Type":"Private","NPL_Site":"Yes","NPL_Status":"Final","Superfund_Alternative_Approach":"No","Address":"RTE 40","County":"CECIL","ZIP_Code":"21921"}},{"type":"Feature","id":272,"geometry":{"type":"Point","coordinates":[-75.877778,39.691249]},"properties":{"OBJECTID":272,"F_Site_Name":"SPECTRON, INC.","Identifier":"MDD000218008","City":"ELKTON","State":" MD","EPA_Region":"03","Link":"https://www.epa.gov/superfund/spectron","Latitude":39.691249,"Longitude":-75.877778,"Data_System":"SEMS","Programs":null,"Site_Type":"Private","NPL_Site":"Yes","NPL_Status":"Final","Superfund_Alternative_Approach":"No","Address":"111 PROVIDENCE RD","County":"CECIL","ZIP_Code":"21921"}},{"type":"Feature","id":273,"geometry":{"type":"Point","coordinates":[-76.312222,36.7941670000001]},"properties":{"OBJECTID":273,"F_Site_Name":"ST. JULIENS CREEK ANNEX (U.S. NAVY)","Identifier":"VA5170000181","City":"CHESAPEAKE","State":" VA","EPA_Region":"03","Link":"https://www.epa.gov/superfund/stjulienscreekannex","Latitude":36.794167,"Longitude":-76.312222,"Data_System":"SEMS","Programs":null,"Site_Type":"Federal","NPL_Site":"Yes","NPL_Status":"Final","Superfund_Alternative_Approach":"No","Address":"VICTORY BOULEVARD","County":"CHESAPEAKE CITY","ZIP_Code":"23323"}},{"type":"Feature","id":274,"geometry":{"type":"Point","coordinates":[-75.768061,39.944439]},"properties":{"OBJECTID":274,"F_Site_Name":"STRASBURG LANDFILL","Identifier":"PAD000441337","City":"NEWLIN TOWNSHIP","State":" PA","EPA_Region":"03","Link":"https://www.epa.gov/superfund/strasburg","Latitude":39.944439,"Longitude":-75.768061,"Data_System":"SEMS","Programs":null,"Site_Type":"Private","NPL_Site":"Yes","NPL_Status":"Deleted","Superfund_Alternative_Approach":"No","Address":"STRASBURG ROAD","County":"CHESTER","ZIP_Code":"19320"}},{"type":"Feature","id":275,"geometry":{"type":"Point","coordinates":[-75.6141689999999,38.535]},"properties":{"OBJECTID":275,"F_Site_Name":"SUSSEX COUNTY LANDFILL NO. 5","Identifier":"DED980494637","City":"LAUREL","State":" DE","EPA_Region":"03","Link":"https://www.epa.gov/superfund/sussexcounty","Latitude":38.535,"Longitude":-75.614169,"Data_System":"SEMS","Programs":null,"Site_Type":"Private","NPL_Site":"Yes","NPL_Status":"Deleted","Superfund_Alternative_Approach":"No","Address":"BETWEEN CNTY RD 494, CNTY RD 497, SH 24","County":"SUSSEX","ZIP_Code":"19956"}},{"type":"Feature","id":276,"geometry":{"type":"Point","coordinates":[-75.419439,41.19305]},"properties":{"OBJECTID":276,"F_Site_Name":"TOBYHANNA ARMY DEPOT","Identifier":"PA5213820892","City":"TOBYHANNA","State":" PA","EPA_Region":"03","Link":"https://www.epa.gov/superfund/tobyhanna","Latitude":41.19305,"Longitude":-75.419439,"Data_System":"SEMS","Programs":null,"Site_Type":"Federal","NPL_Site":"Yes","NPL_Status":"Final","Superfund_Alternative_Approach":"No","Address":"11 HAP ARNOLD BOULEVARD","County":"MONROE","ZIP_Code":null}},{"type":"Feature","id":277,"geometry":{"type":"Point","coordinates":[-76.0155559999999,40.9677780000001]},"properties":{"OBJECTID":277,"F_Site_Name":"VALMONT TCE SITE   (FORMER - VALMONT INDUSTRIAL PARK)","Identifier":"PAD982363970","City":"WEST HAZLETON","State":" PA","EPA_Region":"03","Link":"https://www.epa.gov/superfund/valmont","Latitude":40.967778,"Longitude":-76.015556,"Data_System":"SEMS","Programs":null,"Site_Type":"Private","NPL_Site":"Yes","NPL_Status":"Final","Superfund_Alternative_Approach":"No","Address":"Jaycee Drive","County":"LUZERNE","ZIP_Code":"18201"}},{"type":"Feature","id":278,"geometry":{"type":"Point","coordinates":[-76.9874999999999,38.8750000000001]},"properties":{"OBJECTID":278,"F_Site_Name":"WASHINGTON NAVY YARD","Identifier":"DC9170024310","City":"WASHINGTON","State":" DC","EPA_Region":"03","Link":"https://www.epa.gov/superfund/washingtonnavyyard","Latitude":38.875,"Longitude":-76.9875,"Data_System":"SEMS","Programs":null,"Site_Type":"Federal","NPL_Site":"Yes","NPL_Status":"Final","Superfund_Alternative_Approach":"No","Address":"901 M STREET, SE","County":"DISTRICT OF COLUMBIA","ZIP_Code":null}},{"type":"Feature","id":279,"geometry":{"type":"Point","coordinates":[-75.3318609999999,40.460139]},"properties":{"OBJECTID":279,"F_Site_Name":"WATSON JOHNSON LANDFILL","Identifier":"PAD980706824","City":"RICHLAND TOWNSHIP","State":" PA","EPA_Region":"03","Link":"https://www.epa.gov/superfund/watsonjohnson","Latitude":40.460139,"Longitude":-75.331861,"Data_System":"SEMS","Programs":null,"Site_Type":"Private","NPL_Site":"Yes","NPL_Status":"Final","Superfund_Alternative_Approach":"No","Address":"E PUMPING STA RD","County":"BUCKS","ZIP_Code":"18951"}},{"type":"Feature","id":280,"geometry":{"type":"Point","coordinates":[-75.1475,40.1922200000001]},"properties":{"OBJECTID":280,"F_Site_Name":"WILLOW GROVE NAVAL AIR AND AIR RESERVE STATION","Identifier":"PAD987277837","City":"HORSHAM","State":" PA","EPA_Region":"03","Link":"https://www.epa.gov/superfund/willowgrove","Latitude":40.19222,"Longitude":-75.1475,"Data_System":"SEMS","Programs":null,"Site_Type":"Federal","NPL_Site":"Yes","NPL_Status":"Final","Superfund_Alternative_Approach":"No","Address":"RT 611 \u0026 COUNTY LINE ROAD","County":"MONTGOMERY","ZIP_Code":"19040"}},{"type":"Feature","id":281,"geometry":{"type":"Point","coordinates":[-85.969439,33.6594390000001]},"properties":{"OBJECTID":281,"F_Site_Name":"ANNISTON ARMY DEPOT (SOUTHEAST INDUSTRIAL AREA)","Identifier":"AL3210020027","City":"ANNISTON","State":" AL","EPA_Region":"04","Link":"https://www.epa.gov/superfund/anniston-army-depot","Latitude":33.659439,"Longitude":-85.969439,"Data_System":"SEMS","Programs":null,"Site_Type":"Federal","NPL_Site":"Yes","NPL_Status":"Final","Superfund_Alternative_Approach":"No","Address":"OFF AL HWY 202","County":"CALHOUN","ZIP_Code":"36253"}},{"type":"Feature","id":282,"geometry":{"type":"Point","coordinates":[-77.3429189999999,34.7177810000001]},"properties":{"OBJECTID":282,"F_Site_Name":"CAMP LEJEUNE MILITARY RES. (USNAVY)","Identifier":"NC6170022580","City":"ONSLOW COUNTY","State":" NC","EPA_Region":"04","Link":"https://www.epa.gov/superfund/us-navy","Latitude":34.717781,"Longitude":-77.342919,"Data_System":"SEMS","Programs":null,"Site_Type":"Federal","NPL_Site":"Yes","NPL_Status":"Final","Superfund_Alternative_Approach":"No","Address":"NC HWY 24 \u0026 US HWY 16","County":"ONSLOW","ZIP_Code":"28542"}},{"type":"Feature","id":283,"geometry":{"type":"Point","coordinates":[-76.8917,34.9]},"properties":{"OBJECTID":283,"F_Site_Name":"CHERRY POINT MARINE CORPS AIR STATION","Identifier":"NC1170027261","City":"HAVELOCK","State":" NC","EPA_Region":"04","Link":"https://www.epa.gov/superfund/cherry-point-marine-corps","Latitude":34.9,"Longitude":-76.8917,"Data_System":"SEMS","Programs":null,"Site_Type":"Federal","NPL_Site":"Yes","NPL_Status":"Final","Superfund_Alternative_Approach":"No","Address":"ROOSEVELT BLVD. AND SLOCUM RD.","County":"CRAVEN","ZIP_Code":"28533"}},{"type":"Feature","id":284,"geometry":{"type":"Point","coordinates":[-79.833292,34.531528]},"properties":{"OBJECTID":284,"F_Site_Name":"GALEY AND LORD PLANT","Identifier":"SCD058189622","City":"SOCIETY HILL","State":" SC","EPA_Region":"04","Link":"https://www.epa.gov/superfund/galey-and-lord-plant","Latitude":34.531528,"Longitude":-79.833292,"Data_System":"SEMS","Programs":null,"Site_Type":"Private","NPL_Site":"Yes","NPL_Status":"Final","Superfund_Alternative_Approach":"No","Address":"670 North MAIN Street","County":"DARLINGTON","ZIP_Code":"29593"}},{"type":"Feature","id":285,"geometry":{"type":"Point","coordinates":[-80.3969439999999,25.489444]},"properties":{"OBJECTID":285,"F_Site_Name":"HOMESTEAD AIR FORCE BASE","Identifier":"FL7570024037","City":"HOMESTEAD AIR FORCE BASE","State":" FL","EPA_Region":"04","Link":"https://www.epa.gov/superfund/homestead-air-force-base","Latitude":25.489444,"Longitude":-80.396944,"Data_System":"SEMS","Programs":null,"Site_Type":"Federal","NPL_Site":"Yes","NPL_Status":"Final","Superfund_Alternative_Approach":"No","Address":"FLORIDA TURNPIKE EAST","County":"MIAMI-DADE","ZIP_Code":null}},{"type":"Feature","id":286,"geometry":{"type":"Point","coordinates":[-81.682777,30.2211100000001]},"properties":{"OBJECTID":286,"F_Site_Name":"JACKSONVILLE NAVAL AIR STATION","Identifier":"FL6170024412","City":"JACKSONVILLE","State":" FL","EPA_Region":"04","Link":"https://www.epa.gov/superfund/jacksonville-naval-air-station","Latitude":30.22111,"Longitude":-81.682777,"Data_System":"SEMS","Programs":null,"Site_Type":"Federal","NPL_Site":"Yes","NPL_Status":"Final","Superfund_Alternative_Approach":"No","Address":"NAS BLDG 826","County":"DUVAL","ZIP_Code":"32212"}},{"type":"Feature","id":287,"geometry":{"type":"Point","coordinates":[-82.4777779999999,27.678611]},"properties":{"OBJECTID":287,"F_Site_Name":"JJ SEIFERT MACHINE","Identifier":"FLN000410232","City":"RUSKIN","State":" FL","EPA_Region":"04","Link":"https://www.epa.gov/superfund/jj-seifert-machine","Latitude":27.678611,"Longitude":-82.477778,"Data_System":"SEMS","Programs":null,"Site_Type":"Private","NPL_Site":"Yes","NPL_Status":"Final","Superfund_Alternative_Approach":"No","Address":"4202-4212 OLD US HIGHWAY 41","County":"HILLSBOROUGH","ZIP_Code":"33570"}},{"type":"Feature","id":288,"geometry":{"type":"Point","coordinates":[-90.0033329999999,35.093333]},"properties":{"OBJECTID":288,"F_Site_Name":"MEMPHIS DEFENSE DEPOT (DLA)","Identifier":"TN4210020570","City":"MEMPHIS","State":" TN","EPA_Region":"04","Link":"https://www.epa.gov/superfund/memphis-defense-depot","Latitude":35.093333,"Longitude":-90.003333,"Data_System":"SEMS","Programs":null,"Site_Type":"Federal","NPL_Site":"Yes","NPL_Status":"Final","Superfund_Alternative_Approach":"No","Address":"2163 AIRWAYS BLVD","County":"SHELBY","ZIP_Code":"38114"}},{"type":"Feature","id":289,"geometry":{"type":"Point","coordinates":[-88.696111,35.867781]},"properties":{"OBJECTID":289,"F_Site_Name":"MILAN ARMY AMMUNITION PLANT","Identifier":"TN0210020582","City":"MILAN","State":" TN","EPA_Region":"04","Link":"https://www.epa.gov/superfund/milan-army-ammunition-plant","Latitude":35.867781,"Longitude":-88.696111,"Data_System":"SEMS","Programs":null,"Site_Type":"Federal","NPL_Site":"Yes","NPL_Status":"Final","Superfund_Alternative_Approach":"No","Address":"HWY 104","County":"CARROLL","ZIP_Code":"38358"}},{"type":"Feature","id":290,"geometry":{"type":"Point","coordinates":[-88.811111,37.120138]},"properties":{"OBJECTID":290,"F_Site_Name":"PADUCAH GASEOUS DIFFUSION PLANT (USDOE)","Identifier":"KY8890008982","City":"KEVIL","State":" KY","EPA_Region":"04","Link":"https://www.epa.gov/superfund/paducha-gaseous-diffusion-plant","Latitude":37.120138,"Longitude":-88.811111,"Data_System":"SEMS","Programs":null,"Site_Type":"Federal","NPL_Site":"Yes","NPL_Status":"Final","Superfund_Alternative_Approach":"No","Address":"5501 HOBBS ROAD","County":"MCCRACKEN","ZIP_Code":"42053"}},{"type":"Feature","id":291,"geometry":{"type":"Point","coordinates":[-80.7030999999999,32.3528000000001]},"properties":{"OBJECTID":291,"F_Site_Name":"PARRIS ISLAND MARINE CORPS RECRUIT DEPOT","Identifier":"SC6170022762","City":"PARRIS ISLAND","State":" SC","EPA_Region":"04","Link":"https://www.epa.gov/superfund/parris-island-marine","Latitude":32.3528,"Longitude":-80.7031,"Data_System":"SEMS","Programs":null,"Site_Type":"Federal","NPL_Site":"Yes","NPL_Status":"Final","Superfund_Alternative_Approach":"No","Address":"MARINE CORPS RECRUIT DEPOT","County":"BEAUFORT","ZIP_Code":"29902"}},{"type":"Feature","id":292,"geometry":{"type":"Point","coordinates":[-87.2830539999999,30.357222]},"properties":{"OBJECTID":292,"F_Site_Name":"PENSACOLA NAVAL AIR STATION","Identifier":"FL9170024567","City":"PENSACOLA","State":" FL","EPA_Region":"04","Link":"https://www.epa.gov/superfund/naval-air-station-pensacola","Latitude":30.357222,"Longitude":-87.283054,"Data_System":"SEMS","Programs":null,"Site_Type":"Federal","NPL_Site":"Yes","NPL_Status":"Final","Superfund_Alternative_Approach":"No","Address":"NAVAL AIR STATION BUILDING 3","County":"ESCAMBIA","ZIP_Code":"32508"}},{"type":"Feature","id":293,"geometry":{"type":"Point","coordinates":[-85.586667,30.0875]},"properties":{"OBJECTID":293,"F_Site_Name":"TYNDALL AIR FORCE BASE","Identifier":"FL1570024124","City":"PANAMA CITY","State":" FL","EPA_Region":"04","Link":"https://www.epa.gov/superfund/tyndall-air-force-base","Latitude":30.0875,"Longitude":-85.586667,"Data_System":"SEMS","Programs":null,"Site_Type":"Federal","NPL_Site":"Yes","NPL_Status":"Final","Superfund_Alternative_Approach":"No","Address":"4756 CIVIL ENGINEERING","County":"BAY","ZIP_Code":"32403"}},{"type":"Feature","id":294,"geometry":{"type":"Point","coordinates":[-84.6166669999999,34.6166670000001]},"properties":{"OBJECTID":294,"F_Site_Name":"US NASA MARSHALL SPACE FLIGHT CENTER","Identifier":"AL1800013863","City":"HUNTSVILLE","State":" AL","EPA_Region":"04","Link":"https://www.epa.gov/superfund/","Latitude":34.616667,"Longitude":-84.616667,"Data_System":"SEMS","Programs":null,"Site_Type":"Federal","NPL_Site":"No","NPL_Status":"A","Superfund_Alternative_Approach":"No","Address":"REDSTONE ARSENAL","County":"MADISON","ZIP_Code":"35812"}},{"type":"Feature","id":295,"geometry":{"type":"Point","coordinates":[-86.673055,34.6469440000001]},"properties":{"OBJECTID":295,"F_Site_Name":"USARMY/NASA REDSTONE ARSENAL","Identifier":"AL7210020742","City":"HUNTSVILLE","State":" AL","EPA_Region":"04","Link":"https://www.epa.gov/superfund/redstone-arsenal","Latitude":34.646944,"Longitude":-86.673055,"Data_System":"SEMS","Programs":null,"Site_Type":"Federal","NPL_Site":"Yes","NPL_Status":"Final","Superfund_Alternative_Approach":"No","Address":"Postal Address is unavailable for the Site","County":"MADISON","ZIP_Code":"35808"}},{"type":"Feature","id":296,"geometry":{"type":"Point","coordinates":[-81.902777,30.2386100000001]},"properties":{"OBJECTID":296,"F_Site_Name":"USN AIR STATION CECIL FIELD","Identifier":"FL5170022474","City":"JACKSONVILLE","State":" FL","EPA_Region":"04","Link":"https://www.epa.gov/superfund/cecil-field","Latitude":30.23861,"Longitude":-81.902777,"Data_System":"SEMS","Programs":null,"Site_Type":"Federal","NPL_Site":"Yes","NPL_Status":"Final","Superfund_Alternative_Approach":"No","Address":"103RD ST AND NORMANDY BLVD","County":"DUVAL","ZIP_Code":"32215"}},{"type":"Feature","id":297,"geometry":{"type":"Point","coordinates":[-87.020417,30.709722]},"properties":{"OBJECTID":297,"F_Site_Name":"WHITING FIELD NAVAL AIR STATION","Identifier":"FL2170023244","City":"MILTON","State":" FL","EPA_Region":"04","Link":"https://www.epa.gov/superfund/Whiting-field","Latitude":30.709722,"Longitude":-87.020417,"Data_System":"SEMS","Programs":null,"Site_Type":"Federal","NPL_Site":"Yes","NPL_Status":"Final","Superfund_Alternative_Approach":"No","Address":"7550 USS Essex St","County":"SANTA ROSA","ZIP_Code":"32570"}},{"type":"Feature","id":298,"geometry":{"type":"Point","coordinates":[-84.5877809999999,42.7394390000001]},"properties":{"OBJECTID":298,"F_Site_Name":"ADAM\u0027S PLATING","Identifier":"MID006522791","City":"LANSING","State":" MI","EPA_Region":"05","Link":"https://www.epa.gov/superfund/adams-plating","Latitude":42.739439,"Longitude":-84.587781,"Data_System":"SEMS","Programs":null,"Site_Type":"Private","NPL_Site":"Yes","NPL_Status":"Final","Superfund_Alternative_Approach":"No","Address":"521 NORTH ROSEMARY","County":"INGHAM","ZIP_Code":"48917"}},{"type":"Feature","id":299,"geometry":{"type":"Point","coordinates":[-91.268472,39.929444]},"properties":{"OBJECTID":299,"F_Site_Name":"ADAMS COUNTY QUINCY LANDFILLS 2\u00263","Identifier":"ILD980607055","City":"QUINCY","State":" IL","EPA_Region":"05","Link":"https://www.epa.gov/superfund/adams-county-landfills","Latitude":39.929444,"Longitude":-91.268472,"Data_System":"SEMS","Programs":null,"Site_Type":"Private","NPL_Site":"Yes","NPL_Status":"Final","Superfund_Alternative_Approach":"No","Address":"2 MILES NORTH OF BURTON TWP 1/2 MI WEST","County":"ADAMS","ZIP_Code":"62301"}},{"type":"Feature","id":300,"geometry":{"type":"Point","coordinates":[-87.4911999999999,44.597]},"properties":{"OBJECTID":300,"F_Site_Name":"ALGOMA MUNICIPAL LANDFILL","Identifier":"WID980610380","City":"ALGOMA","State":" WI","EPA_Region":"05","Link":"https://www.epa.gov/superfund/algoma-municipal-landfill","Latitude":44.597,"Longitude":-87.4912,"Data_System":"SEMS","Programs":null,"Site_Type":"Private","NPL_Site":"Yes","NPL_Status":"Final","Superfund_Alternative_Approach":"No","Address":"SEC32 T25N R25E TOWN OF AHNAPEE","County":"KEWAUNEE","ZIP_Code":"54201"}},{"type":"Feature","id":301,"geometry":{"type":"Point","coordinates":[-85.576083,42.3033330000001]},"properties":{"OBJECTID":301,"F_Site_Name":"ALLIED PAPER, INC./PORTAGE CREEK/KALAMAZOO RIVER","Identifier":"MID006007306","City":"KALAMAZOO","State":" MI","EPA_Region":"05","Link":"https://www.epa.gov/superfund/allied-paper-kalamazoo","Latitude":42.303333,"Longitude":-85.576083,"Data_System":"SEMS","Programs":null,"Site_Type":"Private","NPL_Site":"Yes","NPL_Status":"Final","Superfund_Alternative_Approach":"No","Address":"320 EAST ALCOTT STREET","County":"KALAMAZOO","ZIP_Code":"49003"}},{"type":"Feature","id":302,"geometry":{"type":"Point","coordinates":[-85.03,42.9875000000001]},"properties":{"OBJECTID":302,"F_Site_Name":"AMERICAN ANODCO, INC.","Identifier":"MID006029102","City":"IONIA","State":" MI","EPA_Region":"05","Link":"https://www.epa.gov/superfund/american-anodco","Latitude":42.9875,"Longitude":-85.03,"Data_System":"SEMS","Programs":null,"Site_Type":"Private","NPL_Site":"Yes","NPL_Status":"Final","Superfund_Alternative_Approach":"No","Address":"28 NORTH BEARDSLEY STREET","County":"IONIA","ZIP_Code":"48846"}},{"type":"Feature","id":303,"geometry":{"type":"Point","coordinates":[-85.567219,42.293889]},"properties":{"OBJECTID":303,"F_Site_Name":"AUTO ION CHEMICALS, INC.","Identifier":"MID980794382","City":"KALAMAZOO","State":" MI","EPA_Region":"05","Link":"https://www.epa.gov/superfund/auto-ion-chemicals","Latitude":42.293889,"Longitude":-85.567219,"Data_System":"SEMS","Programs":null,"Site_Type":"Private","NPL_Site":"Yes","NPL_Status":"Final","Superfund_Alternative_Approach":"No","Address":"74 MILL STREET","County":"KALAMAZOO","ZIP_Code":"49006"}},{"type":"Feature","id":304,"geometry":{"type":"Point","coordinates":[-92.833333,45.0000000000001]},"properties":{"OBJECTID":304,"F_Site_Name":"BAYTOWN TOWNSHIP GROUND WATER PLUME","Identifier":"MND982425209","City":"BAYTOWN TOWNSHIP","State":" MN","EPA_Region":"05","Link":"https://www.epa.gov/superfund/baytown-township-groundwater","Latitude":45,"Longitude":-92.833333,"Data_System":"SEMS","Programs":null,"Site_Type":"Private","NPL_Site":"Yes","NPL_Status":"Final","Superfund_Alternative_Approach":"No","Address":"35TH STREET  N","County":"WASHINGTON","ZIP_Code":"55042"}},{"type":"Feature","id":305,"geometry":{"type":"Point","coordinates":[-89.06555,42.4686110000001]},"properties":{"OBJECTID":305,"F_Site_Name":"BELOIT CORP.","Identifier":"ILD021440375","City":"ROCKTON","State":" IL","EPA_Region":"05","Link":"https://www.epa.gov/superfund/beloit-corp","Latitude":42.468611,"Longitude":-89.06555,"Data_System":"SEMS","Programs":null,"Site_Type":"Private","NPL_Site":"Yes","NPL_Status":"Final","Superfund_Alternative_Approach":"No","Address":"1165 PRAIRIE HILL Road","County":"WINNEBAGO","ZIP_Code":"61072"}},{"type":"Feature","id":306,"geometry":{"type":"Point","coordinates":[-86.5119499999999,42.04945]},"properties":{"OBJECTID":306,"F_Site_Name":"BENDIX CORP./ALLIED AUTOMOTIVE","Identifier":"MID005107222","City":"ST. JOSEPH","State":" MI","EPA_Region":"05","Link":"https://www.epa.gov/superfund/bendix-corp-allied-automotive","Latitude":42.04945,"Longitude":-86.51195,"Data_System":"SEMS","Programs":null,"Site_Type":"Private","NPL_Site":"Yes","NPL_Status":"Final","Superfund_Alternative_Approach":"No","Address":"3737 RED ARROW HIGHWAY","County":"BERRIEN","ZIP_Code":"49085"}},{"type":"Feature","id":307,"geometry":{"type":"Point","coordinates":[-88.0755,44.4380610000001]},"properties":{"OBJECTID":307,"F_Site_Name":"BETTER BRITE PLATING CO. CHROME AND ZINC SHOPS","Identifier":"WIT560010118","City":"DE PERE","State":" WI","EPA_Region":"05","Link":"https://www.epa.gov/superfund/better-brite-plating","Latitude":44.438061,"Longitude":-88.0755,"Data_System":"SEMS","Programs":null,"Site_Type":"Private","NPL_Site":"Yes","NPL_Status":"Final","Superfund_Alternative_Approach":"No","Address":"500 Lande St (Chrome Shop) and 315 S 6th Street (Zinc Shop)","County":"BROWN","ZIP_Code":"54115"}},{"type":"Feature","id":308,"geometry":{"type":"Point","coordinates":[-86.1174599999999,43.209364]},"properties":{"OBJECTID":308,"F_Site_Name":"BOFORS NOBEL, INC.","Identifier":"MID006030373","City":"MUSKEGON","State":" MI","EPA_Region":"05","Link":"https://www.epa.gov/superfund/bofors-nobel","Latitude":43.209364,"Longitude":-86.11746,"Data_System":"SEMS","Programs":null,"Site_Type":"Private","NPL_Site":"Yes","NPL_Status":"Final","Superfund_Alternative_Approach":"No","Address":"5025 EVANSTON AVE","County":"MUSKEGON","ZIP_Code":"49442"}},{"type":"Feature","id":309,"geometry":{"type":"Point","coordinates":[-80.841669,40.047219]},"properties":{"OBJECTID":309,"F_Site_Name":"BUCKEYE RECLAMATION","Identifier":"OHD980509657","City":"ST. CLAIRSVILLE","State":" OH","EPA_Region":"05","Link":"https://www.epa.gov/superfund/buckeye-reclamation","Latitude":40.047219,"Longitude":-80.841669,"Data_System":"SEMS","Programs":null,"Site_Type":"Private","NPL_Site":"Yes","NPL_Status":"Deleted","Superfund_Alternative_Approach":"No","Address":"STATE ROUTE 214 1MI SOUTH OF I-90","County":"BELMONT","ZIP_Code":"43950"}},{"type":"Feature","id":310,"geometry":{"type":"Point","coordinates":[-85.700281,42.9522190000001]},"properties":{"OBJECTID":310,"F_Site_Name":"BUTTERWORTH #2 LANDFILL","Identifier":"MID062222997","City":"GRAND RAPIDS","State":" MI","EPA_Region":"05","Link":"https://www.epa.gov/superfund/butterworth2-landfill","Latitude":42.952219,"Longitude":-85.700281,"Data_System":"SEMS","Programs":null,"Site_Type":"Private","NPL_Site":"Yes","NPL_Status":"Final","Superfund_Alternative_Approach":"No","Address":"1450 BUTTERWORTH ST SW","County":"KENT","ZIP_Code":"49504"}},{"type":"Feature","id":311,"geometry":{"type":"Point","coordinates":[-86.899306,41.5465280000001]},"properties":{"OBJECTID":311,"F_Site_Name":"CAM-OR INC.","Identifier":"IND005480462","City":"WESTVILLE","State":" IN","EPA_Region":"05","Link":"https://www.epa.gov/superfund/camor-inc","Latitude":41.546528,"Longitude":-86.899306,"Data_System":"SEMS","Programs":null,"Site_Type":"Private","NPL_Site":"Yes","NPL_Status":"Final","Superfund_Alternative_Approach":"No","Address":"STATE ROAD 2 AND HIGHWAY 421","County":"LA PORTE","ZIP_Code":"46391"}},{"type":"Feature","id":312,"geometry":{"type":"Point","coordinates":[-84.393061,46.488889]},"properties":{"OBJECTID":312,"F_Site_Name":"CANNELTON INDUSTRIES, INC.","Identifier":"MID980678627","City":"SAULT STE MARIE","State":" MI","EPA_Region":"05","Link":"https://www.epa.gov/superfund/cannelton-industries","Latitude":46.488889,"Longitude":-84.393061,"Data_System":"SEMS","Programs":null,"Site_Type":"Private","NPL_Site":"Yes","NPL_Status":"Final","Superfund_Alternative_Approach":"No","Address":"ADDRESS UNREPORTED","County":"CHIPPEWA","ZIP_Code":"49783"}},{"type":"Feature","id":313,"geometry":{"type":"Point","coordinates":[-85.266669,45.317781]},"properties":{"OBJECTID":313,"F_Site_Name":"CHARLEVOIX MUNICIPAL WELL","Identifier":"MID980794390","City":"CHARLEVOIX","State":" MI","EPA_Region":"05","Link":"https://www.epa.gov/superfund/charlevoix-muni-wells","Latitude":45.317781,"Longitude":-85.266669,"Data_System":"SEMS","Programs":null,"Site_Type":"Private","NPL_Site":"Yes","NPL_Status":"Deleted","Superfund_Alternative_Approach":"No","Address":"LAKE SHORE DRIVE","County":"CHARLEVOIX","ZIP_Code":"49720"}},{"type":"Feature","id":314,"geometry":{"type":"Point","coordinates":[-85.674161,42.91]},"properties":{"OBJECTID":314,"F_Site_Name":"CHEM CENTRAL","Identifier":"MID980477079","City":"WYOMING TOWNSHIP","State":" MI","EPA_Region":"05","Link":"https://www.epa.gov/superfund/chem-central","Latitude":42.91,"Longitude":-85.674161,"Data_System":"SEMS","Programs":null,"Site_Type":"Private","NPL_Site":"Yes","NPL_Status":"Final","Superfund_Alternative_Approach":"No","Address":"2940 STAFFORD AVE SW","County":"KENT","ZIP_Code":"49548"}},{"type":"Feature","id":315,"geometry":{"type":"Point","coordinates":[-82.1036139999999,41.3708330000001]},"properties":{"OBJECTID":315,"F_Site_Name":"CHEMICAL RECOVERY SYSTEMS","Identifier":"OHD057001810","City":"ELYRIA","State":" OH","EPA_Region":"05","Link":"https://www.epa.gov/superfund/chemical-recovery","Latitude":41.370833,"Longitude":-82.103614,"Data_System":"SEMS","Programs":null,"Site_Type":"Private","NPL_Site":"No","NPL_Status":"Not on NPL","Superfund_Alternative_Approach":"Yes","Address":"142 LOCUST ST","County":"LORAIN","ZIP_Code":"44035"}},{"type":"Feature","id":316,"geometry":{"type":"Point","coordinates":[-84.7625,43.815]},"properties":{"OBJECTID":316,"F_Site_Name":"CLARE WATER SUPPLY","Identifier":"MID980002273","City":"CLARE","State":" MI","EPA_Region":"05","Link":"https://www.epa.gov/superfund/clare-water-supply","Latitude":43.815,"Longitude":-84.7625,"Data_System":"SEMS","Programs":null,"Site_Type":"Private","NPL_Site":"Yes","NPL_Status":"Final","Superfund_Alternative_Approach":"No","Address":"CITY HALL 202 W 5TH ST","County":"CLARE","ZIP_Code":"48617"}},{"type":"Feature","id":317,"geometry":{"type":"Point","coordinates":[-81.494444,40.5398230000001]},"properties":{"OBJECTID":317,"F_Site_Name":"DOVER CHEMICAL CORP.","Identifier":"OHD004210563","City":"DOVER","State":" OH","EPA_Region":"05","Link":"https://www.epa.gov/superfund/dover-chemical","Latitude":40.539823,"Longitude":-81.494444,"Data_System":"SEMS","Programs":null,"Site_Type":"Private","NPL_Site":"Yes","NPL_Status":"Proposed","Superfund_Alternative_Approach":"Yes","Address":"3676 DAVIS ROAD NW","County":"TUSCARAWAS","ZIP_Code":"44622"}},{"type":"Feature","id":318,"geometry":{"type":"Point","coordinates":[-83.200292,42.103075]},"properties":{"OBJECTID":318,"F_Site_Name":"DSC MCLOUTH STEEL GIBRALTAR PLANT","Identifier":"MIN000510362","City":"GIBRALTAR","State":" MI","EPA_Region":"05","Link":"https://www.epa.gov/superfund/dscmclouth-steel-gibraltar","Latitude":42.103075,"Longitude":-83.200292,"Data_System":"SEMS","Programs":null,"Site_Type":"Private","NPL_Site":"Yes","NPL_Status":"Final","Superfund_Alternative_Approach":"No","Address":"28000 WEST JEFFERSON STREET","County":"WAYNE","ZIP_Code":null}},{"type":"Feature","id":319,"geometry":{"type":"Point","coordinates":[-93.2246,45.3653]},"properties":{"OBJECTID":319,"F_Site_Name":"EAST BETHEL DEMOLITION LANDFILL","Identifier":"MND981088180","City":"EAST BETHEL TOWNSHIP","State":" MN","EPA_Region":"05","Link":"https://www.epa.gov/superfund/east-bethel-landfill","Latitude":45.3653,"Longitude":-93.2246,"Data_System":"SEMS","Programs":null,"Site_Type":"Private","NPL_Site":"Yes","NPL_Status":"Deleted","Superfund_Alternative_Approach":"No","Address":"HWY 65 AT 22 1ST AVE","County":"ANOKA","ZIP_Code":"55011"}},{"type":"Feature","id":320,"geometry":{"type":"Point","coordinates":[-87.5269049999999,41.6283030000001]},"properties":{"OBJECTID":320,"F_Site_Name":"ESTECH GENERAL CHEMICAL COMPANY","Identifier":"ILD099213498","City":"CALUMET CITY","State":" IL","EPA_Region":"05","Link":"https://www.epa.gov/superfund/estech-general-chemical","Latitude":41.628303,"Longitude":-87.526905,"Data_System":"SEMS","Programs":null,"Site_Type":"Private","NPL_Site":"Yes","NPL_Status":"Final","Superfund_Alternative_Approach":"No","Address":"150 MARBLE STREET","County":"COOK","ZIP_Code":"60409"}},{"type":"Feature","id":321,"geometry":{"type":"Point","coordinates":[-93.2762,45.0565]},"properties":{"OBJECTID":321,"F_Site_Name":"FMC CORP. (FRIDLEY PLANT)","Identifier":"MND006481543","City":"FRIDLEY","State":" MN","EPA_Region":"05","Link":"https://www.epa.gov/superfund/fmc-fridley-plant","Latitude":45.0565,"Longitude":-93.2762,"Data_System":"SEMS","Programs":null,"Site_Type":"Private","NPL_Site":"Yes","NPL_Status":"Final","Superfund_Alternative_Approach":"No","Address":"4800 E RIVER RD","County":"ANOKA","ZIP_Code":"55421"}},{"type":"Feature","id":322,"geometry":{"type":"Point","coordinates":[-83.545831,43.1983310000001]},"properties":{"OBJECTID":322,"F_Site_Name":"FOREST WASTE PRODUCTS","Identifier":"MID980410740","City":"OTISVILLE","State":" MI","EPA_Region":"05","Link":"https://www.epa.gov/superfund/forest-waste-products","Latitude":43.198331,"Longitude":-83.545831,"Data_System":"SEMS","Programs":null,"Site_Type":"Private","NPL_Site":"Yes","NPL_Status":"Final","Superfund_Alternative_Approach":"No","Address":"8359 E FARRAND RD","County":"GENESEE","ZIP_Code":"48463"}},{"type":"Feature","id":323,"geometry":{"type":"Point","coordinates":[-81.541661,39.984719]},"properties":{"OBJECTID":323,"F_Site_Name":"FULTZ LANDFILL","Identifier":"OHD980794630","City":"JACKSON TOWNSHIP","State":" OH","EPA_Region":"05","Link":"https://www.epa.gov/superfund/fultz-landfill","Latitude":39.984719,"Longitude":-81.541661,"Data_System":"SEMS","Programs":null,"Site_Type":"Private","NPL_Site":"Yes","NPL_Status":"Final","Superfund_Alternative_Approach":"No","Address":"CO RD 52","County":"GUERNSEY","ZIP_Code":"43723"}},{"type":"Feature","id":324,"geometry":{"type":"Point","coordinates":[-83.077769,42.664719]},"properties":{"OBJECTID":324,"F_Site_Name":"G\u0026H LANDFILL","Identifier":"MID980410823","City":"UTICA","State":" MI","EPA_Region":"05","Link":"https://www.epa.gov/superfund/gh-landfill","Latitude":42.664719,"Longitude":-83.077769,"Data_System":"SEMS","Programs":null,"Site_Type":"Private","NPL_Site":"Yes","NPL_Status":"Final","Superfund_Alternative_Approach":"No","Address":"3160 23 MILE RD","County":"MACOMB","ZIP_Code":"48316"}},{"type":"Feature","id":325,"geometry":{"type":"Point","coordinates":[-87.4264469999999,41.614061]},"properties":{"OBJECTID":325,"F_Site_Name":"GARY DEVELOPMENT LANDFILL","Identifier":"IND077005916","City":"GARY","State":" IN","EPA_Region":"05","Link":"https://www.epa.gov/superfund/gary-development-landfill","Latitude":41.614061,"Longitude":-87.426447,"Data_System":"SEMS","Programs":null,"Site_Type":"Private","NPL_Site":"Yes","NPL_Status":"Final","Superfund_Alternative_Approach":"No","Address":"479 N. CLINE AVENUE","County":"LAKE","ZIP_Code":"46406"}},{"type":"Feature","id":326,"geometry":{"type":"Point","coordinates":[-83.593089,42.6498310000001]},"properties":{"OBJECTID":326,"F_Site_Name":"HI-MILL MANUFACTURING CO.","Identifier":"MID005341714","City":"HIGHLAND","State":" MI","EPA_Region":"05","Link":"https://www.epa.gov/superfund/hi-mill-manufacturing","Latitude":42.649831,"Longitude":-83.593089,"Data_System":"SEMS","Programs":null,"Site_Type":"Private","NPL_Site":"Yes","NPL_Status":"Final","Superfund_Alternative_Approach":"No","Address":"1704 E HIGHLAND RD","County":"OAKLAND","ZIP_Code":"48356"}},{"type":"Feature","id":327,"geometry":{"type":"Point","coordinates":[-81.404169,40.968331]},"properties":{"OBJECTID":327,"F_Site_Name":"INDUSTRIAL EXCESS LANDFILL","Identifier":"OHD000377911","City":"UNIONTOWN","State":" OH","EPA_Region":"05","Link":"https://www.epa.gov/superfund/industrial-excess-landfill","Latitude":40.968331,"Longitude":-81.404169,"Data_System":"SEMS","Programs":null,"Site_Type":"Private","NPL_Site":"Yes","NPL_Status":"Final","Superfund_Alternative_Approach":"No","Address":"4MI S INTER 619 \u0026 CLEVELAND AVENUE","County":"STARK","ZIP_Code":"44685"}},{"type":"Feature","id":328,"geometry":{"type":"Point","coordinates":[-85.046111,42.9766690000001]},"properties":{"OBJECTID":328,"F_Site_Name":"IONIA CITY LANDFILL","Identifier":"MID980794416","City":"IONIA","State":" MI","EPA_Region":"05","Link":"https://www.epa.gov/superfund/ionia-city-landfill","Latitude":42.976669,"Longitude":-85.046111,"Data_System":"SEMS","Programs":null,"Site_Type":"Private","NPL_Site":"Yes","NPL_Status":"Final","Superfund_Alternative_Approach":"No","Address":"CLEVELAND STREET","County":"IONIA","ZIP_Code":"48846"}},{"type":"Feature","id":329,"geometry":{"type":"Point","coordinates":[-88.0771999999999,41.3662]},"properties":{"OBJECTID":329,"F_Site_Name":"JOLIET ARMY AMMUNITION PLANT (LOAD-ASSEMBLY-PACKING AREA)","Identifier":"IL0210090049","City":"JOLIET","State":" IL","EPA_Region":"05","Link":"https://www.epa.gov/superfund/jolietarmy-ammo-assembly","Latitude":41.3662,"Longitude":-88.0772,"Data_System":"SEMS","Programs":null,"Site_Type":"Federal","NPL_Site":"Yes","NPL_Status":"Final","Superfund_Alternative_Approach":"No","Address":"HWY 53 \u0026 ARSENAL AVE","County":"WILL","ZIP_Code":"60434"}},{"type":"Feature","id":330,"geometry":{"type":"Point","coordinates":[-85.718889,42.283331]},"properties":{"OBJECTID":330,"F_Site_Name":"K\u0026L AVENUE LANDFILL","Identifier":"MID980506463","City":"OSHTEMO TOWNSHIP","State":" MI","EPA_Region":"05","Link":"https://www.epa.gov/superfund/kl-avenue-landfill","Latitude":42.283331,"Longitude":-85.718889,"Data_System":"SEMS","Programs":null,"Site_Type":"Private","NPL_Site":"Yes","NPL_Status":"Final","Superfund_Alternative_Approach":"No","Address":"8606 WEST K L AVE","County":"KALAMAZOO","ZIP_Code":"49009"}},{"type":"Feature","id":331,"geometry":{"type":"Point","coordinates":[-85.5905999999999,42.8738000000001]},"properties":{"OBJECTID":331,"F_Site_Name":"KENTWOOD LANDFILL","Identifier":"MID000260281","City":"KENTWOOD","State":" MI","EPA_Region":"05","Link":"https://www.epa.gov/superfund/kentwood-landfill","Latitude":42.8738,"Longitude":-85.5906,"Data_System":"SEMS","Programs":null,"Site_Type":"Private","NPL_Site":"Yes","NPL_Status":"Final","Superfund_Alternative_Approach":"No","Address":"4900 WALMA AVENUE","County":"KENT","ZIP_Code":"49512"}},{"type":"Feature","id":332,"geometry":{"type":"Point","coordinates":[-94.8927189999999,47.5065310000001]},"properties":{"OBJECTID":332,"F_Site_Name":"KUMMER SANITARY LANDFILL","Identifier":"MND980904049","City":"BEMIDJI","State":" MN","EPA_Region":"05","Link":"https://www.epa.gov/superfund/kummer-sanitary-landfill","Latitude":47.506531,"Longitude":-94.892719,"Data_System":"SEMS","Programs":null,"Site_Type":"Private","NPL_Site":"Yes","NPL_Status":"Deleted","Superfund_Alternative_Approach":"No","Address":"ANNE ST","County":"BELTRAMI","ZIP_Code":"56601"}},{"type":"Feature","id":333,"geometry":{"type":"Point","coordinates":[-85.4226,44.2568]},"properties":{"OBJECTID":333,"F_Site_Name":"KYSOR INDUSTRIAL CORP.","Identifier":"MID043681840","City":"CADILLAC","State":" MI","EPA_Region":"05","Link":"https://www.epa.gov/superfund/kysor-industrial","Latitude":44.2568,"Longitude":-85.4226,"Data_System":"SEMS","Programs":null,"Site_Type":"Private","NPL_Site":"Yes","NPL_Status":"Final","Superfund_Alternative_Approach":"No","Address":"1100 WRIGHT STREET","County":"WEXFORD","ZIP_Code":"49601"}},{"type":"Feature","id":334,"geometry":{"type":"Point","coordinates":[-95.4966689999999,45.9]},"properties":{"OBJECTID":334,"F_Site_Name":"LAGRAND SANITARY LANDFILL","Identifier":"MND981090483","City":"LAGRAND TOWNSHIP","State":" MN","EPA_Region":"05","Link":"https://www.epa.gov/superfund/lagrand-sanitary-landfill","Latitude":45.9,"Longitude":-95.496669,"Data_System":"SEMS","Programs":null,"Site_Type":"Private","NPL_Site":"Yes","NPL_Status":"Deleted","Superfund_Alternative_Approach":"No","Address":"1MI N OF I-94 W OF CSAH 40","County":"DOUGLAS","ZIP_Code":"56308"}},{"type":"Feature","id":335,"geometry":{"type":"Point","coordinates":[-87.382231,41.570839]},"properties":{"OBJECTID":335,"F_Site_Name":"LAKE SANDY JO (M\u0026M LANDFILL)","Identifier":"IND980500524","City":"GARY","State":" IN","EPA_Region":"05","Link":"https://www.epa.gov/superfund/lake-sandyjo-landfill","Latitude":41.570839,"Longitude":-87.382231,"Data_System":"SEMS","Programs":null,"Site_Type":"Private","NPL_Site":"Yes","NPL_Status":"Final","Superfund_Alternative_Approach":"No","Address":"3615 WEST 25TH AVENUE","County":"LAKE","ZIP_Code":"46404"}},{"type":"Feature","id":336,"geometry":{"type":"Point","coordinates":[-84.084306,39.726389]},"properties":{"OBJECTID":336,"F_Site_Name":"LAMMERS BARREL FACTORY","Identifier":"OHD981537582","City":"BEAVERCREEK","State":" OH","EPA_Region":"05","Link":"https://www.epa.gov/superfund/lammers-barrel-factory","Latitude":39.726389,"Longitude":-84.084306,"Data_System":"SEMS","Programs":null,"Site_Type":"Private","NPL_Site":"Yes","NPL_Status":"Final","Superfund_Alternative_Approach":"No","Address":"EAST PATTERSON \u0026 GRANGE HALL","County":"GREENE","ZIP_Code":"45385"}},{"type":"Feature","id":337,"geometry":{"type":"Point","coordinates":[-87.841669,44.1733310000001]},"properties":{"OBJECTID":337,"F_Site_Name":"LEMBERGER LANDFILL, INC.","Identifier":"WID980901243","City":"WHITELAW","State":" WI","EPA_Region":"05","Link":"https://www.epa.gov/superfund/lemberger-landfill","Latitude":44.173331,"Longitude":-87.841669,"Data_System":"SEMS","Programs":null,"Site_Type":"Private","NPL_Site":"Yes","NPL_Status":"Final","Superfund_Alternative_Approach":"No","Address":"ROUTE 1 HEMPTON LAKE ROAD","County":"MANITOWOC","ZIP_Code":"54247"}},{"type":"Feature","id":338,"geometry":{"type":"Point","coordinates":[-87.8448,44.1655000000001]},"properties":{"OBJECTID":338,"F_Site_Name":"LEMBERGER TRANSPORT \u0026 RECYCLING","Identifier":"WID056247208","City":"FRANKLIN TOWNSHIP","State":" WI","EPA_Region":"05","Link":"https://www.epa.gov/superfund/lemberger-transport","Latitude":44.1655,"Longitude":-87.8448,"Data_System":"SEMS","Programs":null,"Site_Type":"Private","NPL_Site":"Yes","NPL_Status":"Final","Superfund_Alternative_Approach":"No","Address":"RTE 1 2MI N OF WHITELAW","County":"MANITOWOC","ZIP_Code":"54247"}},{"type":"Feature","id":339,"geometry":{"type":"Point","coordinates":[-83.0735739999999,42.654164]},"properties":{"OBJECTID":339,"F_Site_Name":"LIQUID DISPOSAL, INC.","Identifier":"MID067340711","City":"SHELBY TOWNSHIP","State":" MI","EPA_Region":"05","Link":"https://www.epa.gov/superfund/liquid-disposal","Latitude":42.654164,"Longitude":-83.073574,"Data_System":"SEMS","Programs":null,"Site_Type":"Private","NPL_Site":"Yes","NPL_Status":"Final","Superfund_Alternative_Approach":"No","Address":"49099 Ryan Road","County":"MACOMB","ZIP_Code":"48317"}},{"type":"Feature","id":340,"geometry":{"type":"Point","coordinates":[-89.346281,43.0343110000001]},"properties":{"OBJECTID":340,"F_Site_Name":"MADISON METROPOLITAN SEWERAGE DISTRICT LAGOONS","Identifier":"WID078934403","City":"BLOOMING GROVE","State":" WI","EPA_Region":"05","Link":"https://www.epa.gov/superfund/madison-metro-sewerage","Latitude":43.034311,"Longitude":-89.346281,"Data_System":"SEMS","Programs":null,"Site_Type":"Private","NPL_Site":"Yes","NPL_Status":"Final","Superfund_Alternative_Approach":"No","Address":"1610 MOORLAND RD","County":"DANE","ZIP_Code":"53713"}},{"type":"Feature","id":341,"geometry":{"type":"Point","coordinates":[-86.4292,43.9185000000001]},"properties":{"OBJECTID":341,"F_Site_Name":"MASON COUNTY LANDFILL","Identifier":"MID980794465","City":"PERE MARQUETTE TWP","State":" MI","EPA_Region":"05","Link":"https://www.epa.gov/superfund/mason-county-landfill","Latitude":43.9185,"Longitude":-86.4292,"Data_System":"SEMS","Programs":null,"Site_Type":"Private","NPL_Site":"Yes","NPL_Status":"Deleted","Superfund_Alternative_Approach":"No","Address":"W1/4 NE1/4 T18N R18W","County":"MASON","ZIP_Code":"49431"}},{"type":"Feature","id":342,"geometry":{"type":"Point","coordinates":[-83.1709059999999,42.1605970000001]},"properties":{"OBJECTID":342,"F_Site_Name":"MCLOUTH STEEL CORP","Identifier":"MID017422304","City":"TRENTON","State":" MI","EPA_Region":"05","Link":"https://www.epa.gov/superfund/mclouth-steel","Latitude":42.160597,"Longitude":-83.170906,"Data_System":"SEMS","Programs":null,"Site_Type":"Private","NPL_Site":"Yes","NPL_Status":"Final","Superfund_Alternative_Approach":"No","Address":"1491 WEST JEFFERSON AVENUE","County":"WAYNE","ZIP_Code":"48183"}},{"type":"Feature","id":343,"geometry":{"type":"Point","coordinates":[-83.274439,42.9469500000001]},"properties":{"OBJECTID":343,"F_Site_Name":"METAMORA LANDFILL","Identifier":"MID980506562","City":"METAMORA","State":" MI","EPA_Region":"05","Link":"https://www.epa.gov/superfund/metamora-landfill","Latitude":42.94695,"Longitude":-83.274439,"Data_System":"SEMS","Programs":null,"Site_Type":"Private","NPL_Site":"Yes","NPL_Status":"Final","Superfund_Alternative_Approach":"No","Address":"Site Locational Information TBD - 3/11/2021","County":"LAPEER","ZIP_Code":"48455"}},{"type":"Feature","id":344,"geometry":{"type":"Point","coordinates":[-84.40701,42.2535110000001]},"properties":{"OBJECTID":344,"F_Site_Name":"MICHNER PLATING - MECHANIC STREET","Identifier":"MIN000505842","City":"JACKSON","State":" MI","EPA_Region":"05","Link":"https://www.epa.gov/superfund/michnerplating","Latitude":42.253511,"Longitude":-84.40701,"Data_System":"SEMS","Programs":null,"Site_Type":"Private","NPL_Site":"Yes","NPL_Status":"Final","Superfund_Alternative_Approach":"No","Address":"520 North Mechanic Street","County":"JACKSON","ZIP_Code":"49201"}},{"type":"Feature","id":345,"geometry":{"type":"Point","coordinates":[-90.04,44.848331]},"properties":{"OBJECTID":345,"F_Site_Name":"MID-STATE DISPOSAL, INC. LANDFILL","Identifier":"WID980823082","City":"CLEVELAND TOWNSHIP","State":" WI","EPA_Region":"05","Link":"https://www.epa.gov/superfund/mid-state-disposal","Latitude":44.848331,"Longitude":-90.04,"Data_System":"SEMS","Programs":null,"Site_Type":"Private","NPL_Site":"Yes","NPL_Status":"Final","Superfund_Alternative_Approach":"No","Address":"approx. 1742-1594 Big Rapids Road","County":"MARATHON","ZIP_Code":"54484"}},{"type":"Feature","id":346,"geometry":{"type":"Point","coordinates":[-86.3339999999999,43.3891]},"properties":{"OBJECTID":346,"F_Site_Name":"MUSKEGON CHEMICAL CO.","Identifier":"MID072569510","City":"WHITEHALL","State":" MI","EPA_Region":"05","Link":"https://www.epa.gov/superfund/muskegon-chemical","Latitude":43.3891,"Longitude":-86.334,"Data_System":"SEMS","Programs":null,"Site_Type":"Private","NPL_Site":"Yes","NPL_Status":"Final","Superfund_Alternative_Approach":"No","Address":"1725 WARNER ST","County":"MUSKEGON","ZIP_Code":"49461"}},{"type":"Feature","id":347,"geometry":{"type":"Point","coordinates":[-88.4299999999999,44.25555]},"properties":{"OBJECTID":347,"F_Site_Name":"N.W. MAUTHE CO., INC.","Identifier":"WID083290981","City":"APPLETON","State":" WI","EPA_Region":"05","Link":"https://www.epa.gov/superfund/nw-mauthe","Latitude":44.25555,"Longitude":-88.43,"Data_System":"SEMS","Programs":null,"Site_Type":"Private","NPL_Site":"Yes","NPL_Status":"Final","Superfund_Alternative_Approach":"No","Address":"725 SOUTH OUTAGAMIE STREET","County":"OUTAGAMIE","ZIP_Code":"54914"}},{"type":"Feature","id":348,"geometry":{"type":"Point","coordinates":[-93.273669,45.0588310000001]},"properties":{"OBJECTID":348,"F_Site_Name":"NAVAL INDUSTRIAL RESERVE ORDNANCE PLANT","Identifier":"MN3170022914","City":"FRIDLEY","State":" MN","EPA_Region":"05","Link":"https://www.epa.gov/superfund/naval-industrial-reserve","Latitude":45.058831,"Longitude":-93.273669,"Data_System":"SEMS","Programs":null,"Site_Type":"Federal","NPL_Site":"Yes","NPL_Status":"Final","Superfund_Alternative_Approach":"No","Address":"4800 E RIVER RD","County":"ANOKA","ZIP_Code":"55421"}},{"type":"Feature","id":349,"geometry":{"type":"Point","coordinates":[-93.1975,45.079169]},"properties":{"OBJECTID":349,"F_Site_Name":"NEW BRIGHTON/ARDEN HILLS/TCAAP (USARMY)","Identifier":"MN7213820908","City":"NEW BRIGHTON","State":" MN","EPA_Region":"05","Link":"https://www.epa.gov/superfund/new-brighton","Latitude":45.079169,"Longitude":-93.1975,"Data_System":"SEMS","Programs":null,"Site_Type":"Federal","NPL_Site":"Yes","NPL_Status":"Final","Superfund_Alternative_Approach":"No","Address":"JCT HWY 10 \u0026 MN HWY 96S","County":"RAMSEY","ZIP_Code":"55112"}},{"type":"Feature","id":350,"geometry":{"type":"Point","coordinates":[-85.193339,41.880281]},"properties":{"OBJECTID":350,"F_Site_Name":"NORTH BRONSON INDUSTRIAL AREA","Identifier":"MID005480900","City":"BRONSON","State":" MI","EPA_Region":"05","Link":"https://www.epa.gov/superfund/north-bronson-industrial","Latitude":41.880281,"Longitude":-85.193339,"Data_System":"SEMS","Programs":null,"Site_Type":"Private","NPL_Site":"Yes","NPL_Status":"Final","Superfund_Alternative_Approach":"No","Address":"135 INDUSTRIAL AVE","County":"BRANCH","ZIP_Code":"49028"}},{"type":"Feature","id":351,"geometry":{"type":"Point","coordinates":[-84.1525,39.7861100000001]},"properties":{"OBJECTID":351,"F_Site_Name":"NORTH SANITARY LANDFILL","Identifier":"OHD980611875","City":"DAYTON","State":" OH","EPA_Region":"05","Link":"https://www.epa.gov/superfund/north-sanitary-landfill","Latitude":39.78611,"Longitude":-84.1525,"Data_System":"SEMS","Programs":null,"Site_Type":"Private","NPL_Site":"Yes","NPL_Status":"Final","Superfund_Alternative_Approach":"No","Address":"200 VALLEYCREST DRIVE","County":"MONTGOMERY","ZIP_Code":"45404"}},{"type":"Feature","id":352,"geometry":{"type":"Point","coordinates":[-85.41,44.265]},"properties":{"OBJECTID":352,"F_Site_Name":"NORTHERNAIRE PLATING","Identifier":"MID020883609","City":"CADILLAC","State":" MI","EPA_Region":"05","Link":"https://www.epa.gov/superfund/northernaire-plating","Latitude":44.265,"Longitude":-85.41,"Data_System":"SEMS","Programs":null,"Site_Type":"Private","NPL_Site":"Yes","NPL_Status":"Final","Superfund_Alternative_Approach":"No","Address":"1002 6TH ST","County":"WEXFORD","ZIP_Code":"49601"}},{"type":"Feature","id":353,"geometry":{"type":"Point","coordinates":[-92.966669,45.0000000000001]},"properties":{"OBJECTID":353,"F_Site_Name":"OAKDALE DUMP","Identifier":"MND980609515","City":"OAKDALE","State":" MN","EPA_Region":"05","Link":"https://www.epa.gov/superfund/oakdale-dump","Latitude":45,"Longitude":-92.966669,"Data_System":"SEMS","Programs":null,"Site_Type":"Private","NPL_Site":"Yes","NPL_Status":"Final","Superfund_Alternative_Approach":"No","Address":"N HADLEY AVE \u0026 N GRANADA AVE","County":"WASHINGTON","ZIP_Code":"55128"}},{"type":"Feature","id":354,"geometry":{"type":"Point","coordinates":[-88.5221,43.2141]},"properties":{"OBJECTID":354,"F_Site_Name":"OCONOMOWOC ELECTROPLATING CO., INC.","Identifier":"WID006100275","City":"ASHIPPUN","State":" WI","EPA_Region":"05","Link":"https://www.epa.gov/superfund/oconomowoc-electroplating","Latitude":43.2141,"Longitude":-88.5221,"Data_System":"SEMS","Programs":null,"Site_Type":"Private","NPL_Site":"Yes","NPL_Status":"Final","Superfund_Alternative_Approach":"No","Address":"W2573 OAK STREET","County":"DODGE","ZIP_Code":"53003"}},{"type":"Feature","id":355,"geometry":{"type":"Point","coordinates":[-86.256669,43.3033310000001]},"properties":{"OBJECTID":355,"F_Site_Name":"OTT/STORY/CORDOVA CHEMICAL CO.","Identifier":"MID060174240","City":"DALTON TOWNSHIP","State":" MI","EPA_Region":"05","Link":"https://www.epa.gov/superfund/ott-story-cordova","Latitude":43.303331,"Longitude":-86.256669,"Data_System":"SEMS","Programs":null,"Site_Type":"Private","NPL_Site":"Yes","NPL_Status":"Final","Superfund_Alternative_Approach":"No","Address":"500 AGARD RD","County":"MUSKEGON","ZIP_Code":"49445"}},{"type":"Feature","id":356,"geometry":{"type":"Point","coordinates":[-88.8775,41.3322220000001]},"properties":{"OBJECTID":356,"F_Site_Name":"OTTAWA TOWNSHIP FLAT GLASS SITE","Identifier":"ILD005468616","City":"NAPLATE","State":" IL","EPA_Region":"05","Link":"https://www.epa.gov/superfund/ottawa-township","Latitude":41.332222,"Longitude":-88.8775,"Data_System":"SEMS","Programs":null,"Site_Type":"Private","NPL_Site":"No","NPL_Status":"Not on NPL","Superfund_Alternative_Approach":"Yes","Address":"CENTER ST \u0026 20TH AVE","County":"LA SALLE","ZIP_Code":"61350"}},{"type":"Feature","id":357,"geometry":{"type":"Point","coordinates":[-86.2237,43.2056000000001]},"properties":{"OBJECTID":357,"F_Site_Name":"PEERLESS PLATING CO.","Identifier":"MID006031348","City":"MUSKEGON","State":" MI","EPA_Region":"05","Link":"https://www.epa.gov/superfund/peerless-plating","Latitude":43.2056,"Longitude":-86.2237,"Data_System":"SEMS","Programs":null,"Site_Type":"Private","NPL_Site":"Yes","NPL_Status":"Final","Superfund_Alternative_Approach":"No","Address":"2554 GETTY STREET","County":"MUSKEGON","ZIP_Code":"49444"}},{"type":"Feature","id":358,"geometry":{"type":"Point","coordinates":[-93.05055,44.7847190000001]},"properties":{"OBJECTID":358,"F_Site_Name":"PINE BEND SANITARY LANDFILL","Identifier":"MND000245795","City":"DAKOTA COUNTY","State":" MN","EPA_Region":"05","Link":"https://www.epa.gov/superfund/pine-bend-landfill","Latitude":44.784719,"Longitude":-93.05055,"Data_System":"SEMS","Programs":null,"Site_Type":"Private","NPL_Site":"Yes","NPL_Status":"Deleted","Superfund_Alternative_Approach":"No","Address":"2495 E 117TH ST","County":"DAKOTA","ZIP_Code":"55075"}},{"type":"Feature","id":359,"geometry":{"type":"Point","coordinates":[-84.9639999999999,45.376]},"properties":{"OBJECTID":359,"F_Site_Name":"PMC GROUNDWATER","Identifier":"MID006013049","City":"PETOSKEY","State":" MI","EPA_Region":"05","Link":"https://www.epa.gov/superfund/pmc-groundwater","Latitude":45.376,"Longitude":-84.964,"Data_System":"SEMS","Programs":null,"Site_Type":"Private","NPL_Site":"Yes","NPL_Status":"Final","Superfund_Alternative_Approach":"No","Address":"200 W LAKE ST","County":"EMMET","ZIP_Code":"49770"}},{"type":"Feature","id":360,"geometry":{"type":"Point","coordinates":[-84.16,39.833331]},"properties":{"OBJECTID":360,"F_Site_Name":"POWELL ROAD LANDFILL","Identifier":"OHD000382663","City":"HUBER HEIGHTS","State":" OH","EPA_Region":"05","Link":"https://www.epa.gov/superfund/powell-road-landfill","Latitude":39.833331,"Longitude":-84.16,"Data_System":"SEMS","Programs":null,"Site_Type":"Private","NPL_Site":"Yes","NPL_Status":"Final","Superfund_Alternative_Approach":"No","Address":"SO SIDE OF POWELL RD 1MI W 202","County":"MONTGOMERY","ZIP_Code":"45424"}},{"type":"Feature","id":361,"geometry":{"type":"Point","coordinates":[-84.4372309999999,39.236111]},"properties":{"OBJECTID":361,"F_Site_Name":"PRISTINE, INC.","Identifier":"OHD076773712","City":"READING","State":" OH","EPA_Region":"05","Link":"https://www.epa.gov/superfund/pristine","Latitude":39.236111,"Longitude":-84.437231,"Data_System":"SEMS","Programs":null,"Site_Type":"Private","NPL_Site":"Yes","NPL_Status":"Final","Superfund_Alternative_Approach":"No","Address":"410 CAVETT AVENUE","County":"HAMILTON","ZIP_Code":"45215"}},{"type":"Feature","id":362,"geometry":{"type":"Point","coordinates":[-83.7693,42.4544000000001]},"properties":{"OBJECTID":362,"F_Site_Name":"RASMUSSEN\u0027S DUMP","Identifier":"MID095402210","City":"BRIGHTON","State":" MI","EPA_Region":"05","Link":"https://www.epa.gov/superfund/rasmussens-dump","Latitude":42.4544,"Longitude":-83.7693,"Data_System":"SEMS","Programs":null,"Site_Type":"Private","NPL_Site":"Yes","NPL_Status":"Final","Superfund_Alternative_Approach":"No","Address":"9040 SPICER RD","County":"LIVINGSTON","ZIP_Code":"48116"}},{"type":"Feature","id":363,"geometry":{"type":"Point","coordinates":[-86.218331,39.740281]},"properties":{"OBJECTID":363,"F_Site_Name":"REILLY TAR \u0026 CHEMICAL CORP. (INDIANAPOLIS PLANT)","Identifier":"IND000807107","City":"INDIANAPOLIS","State":" IN","EPA_Region":"05","Link":"https://www.epa.gov/superfund/reilly-tar-chemical","Latitude":39.740281,"Longitude":-86.218331,"Data_System":"SEMS","Programs":null,"Site_Type":"Private","NPL_Site":"Yes","NPL_Status":"Final","Superfund_Alternative_Approach":"No","Address":"1500 S TIBBS AVE","County":"MARION","ZIP_Code":"46241"}},{"type":"Feature","id":364,"geometry":{"type":"Point","coordinates":[-85.85,42.5366690000001]},"properties":{"OBJECTID":364,"F_Site_Name":"ROCKWELL INTERNATIONAL CORP. (ALLEGAN PLANT)","Identifier":"MID006028062","City":"ALLEGAN","State":" MI","EPA_Region":"05","Link":"https://www.epa.gov/superfund/rockwell-intl-allegan","Latitude":42.536669,"Longitude":-85.85,"Data_System":"SEMS","Programs":null,"Site_Type":"Private","NPL_Site":"Yes","NPL_Status":"Final","Superfund_Alternative_Approach":"No","Address":"ONE GLASS ST","County":"ALLEGAN","ZIP_Code":"49010"}},{"type":"Feature","id":365,"geometry":{"type":"Point","coordinates":[-85.633714,42.2306290000001]},"properties":{"OBJECTID":365,"F_Site_Name":"ROTO-FINISH CO., INC.","Identifier":"MID005340088","City":"PORTAGE","State":" MI","EPA_Region":"05","Link":"https://www.epa.gov/superfund/roto-finish","Latitude":42.230629,"Longitude":-85.633714,"Data_System":"SEMS","Programs":null,"Site_Type":"Private","NPL_Site":"Yes","NPL_Status":"Final","Superfund_Alternative_Approach":"No","Address":"3700 MILHAM ROAD","County":"KALAMAZOO","ZIP_Code":"49024"}},{"type":"Feature","id":366,"geometry":{"type":"Point","coordinates":[-89.0147219999999,37.693194]},"properties":{"OBJECTID":366,"F_Site_Name":"SANGAMO ELECTRIC DUMP/CRAB ORCHARD NATIONAL WILDLIFE REFUGE (USDOI)","Identifier":"IL8143609487","City":"CARTERVILLE","State":" IL","EPA_Region":"05","Link":"https://www.epa.gov/superfund/sangamo-dump-craborchard","Latitude":37.693194,"Longitude":-89.014722,"Data_System":"SEMS","Programs":null,"Site_Type":"Federal","NPL_Site":"Yes","NPL_Status":"Final","Superfund_Alternative_Approach":"No","Address":"EAST OF STATE ROUTE 148","County":"WILLIAMSON","ZIP_Code":"62959"}},{"type":"Feature","id":367,"geometry":{"type":"Point","coordinates":[-84.201531,39.7165810000001]},"properties":{"OBJECTID":367,"F_Site_Name":"SANITARY LANDFILL CO. (INDUSTRIAL WASTE DISPOSAL CO., INC.)","Identifier":"OHD093895787","City":"MORAINE","State":" OH","EPA_Region":"05","Link":"https://www.epa.gov/superfund/sanitary-landfill","Latitude":39.716581,"Longitude":-84.201531,"Data_System":"SEMS","Programs":null,"Site_Type":"Private","NPL_Site":"Yes","NPL_Status":"Final","Superfund_Alternative_Approach":"No","Address":"1855 CARDINGTON ROAD","County":"MONTGOMERY","ZIP_Code":"45409"}},{"type":"Feature","id":368,"geometry":{"type":"Point","coordinates":[-90.3133309999999,42.21]},"properties":{"OBJECTID":368,"F_Site_Name":"SAVANNA ARMY DEPOT ACTIVITY","Identifier":"IL3210020803","City":"SAVANNA","State":" IL","EPA_Region":"05","Link":"https://www.epa.gov/superfund/savanna-army-depot","Latitude":42.21,"Longitude":-90.313331,"Data_System":"SEMS","Programs":null,"Site_Type":"Federal","NPL_Site":"Yes","NPL_Status":"Final","Superfund_Alternative_Approach":"No","Address":"7MI N OF SAVANNA ON RTE 84","County":"JO DAVIESS","ZIP_Code":"61074"}},{"type":"Feature","id":369,"geometry":{"type":"Point","coordinates":[-83.9636109999999,42.622781]},"properties":{"OBJECTID":369,"F_Site_Name":"SHIAWASSEE RIVER","Identifier":"MID980794473","City":"HOWELL","State":" MI","EPA_Region":"05","Link":"https://www.epa.gov/superfund/shiawassee-river","Latitude":42.622781,"Longitude":-83.963611,"Data_System":"SEMS","Programs":null,"Site_Type":"Private","NPL_Site":"Yes","NPL_Status":"Final","Superfund_Alternative_Approach":"No","Address":"2440 W Highland Road","County":"LIVINGSTON","ZIP_Code":"48843"}},{"type":"Feature","id":370,"geometry":{"type":"Point","coordinates":[-93.318,45.2179]},"properties":{"OBJECTID":370,"F_Site_Name":"SOUTH ANDOVER SITE","Identifier":"MND980609614","City":"ANDOVER","State":" MN","EPA_Region":"05","Link":"https://www.epa.gov/superfund/south-andover","Latitude":45.2179,"Longitude":-93.318,"Data_System":"SEMS","Programs":null,"Site_Type":"Private","NPL_Site":"Yes","NPL_Status":"Final","Superfund_Alternative_Approach":"No","Address":"2052 1/2 BUNKER LAKE RD","County":"ANOKA","ZIP_Code":"55303"}},{"type":"Feature","id":371,"geometry":{"type":"Point","coordinates":[-84.219444,39.729444]},"properties":{"OBJECTID":371,"F_Site_Name":"SOUTH DAYTON DUMP \u0026 LANDFILL","Identifier":"OHD980611388","City":"MORAINE","State":" OH","EPA_Region":"05","Link":"https://www.epa.gov/superfund/southdayton-dump","Latitude":39.729444,"Longitude":-84.219444,"Data_System":"SEMS","Programs":null,"Site_Type":"Private","NPL_Site":"Yes","NPL_Status":"Proposed","Superfund_Alternative_Approach":"Yes","Address":"1976 SPRINGBORO ROAD","County":"MONTGOMERY","ZIP_Code":"45439"}},{"type":"Feature","id":372,"geometry":{"type":"Point","coordinates":[-82.907389,42.682081]},"properties":{"OBJECTID":372,"F_Site_Name":"SOUTH MACOMB DISPOSAL AUTHORITY (LANDFILLS #9 AND #9A)","Identifier":"MID069826170","City":"MACOMB TOWNSHIP","State":" MI","EPA_Region":"05","Link":"https://www.epa.gov/superfund/south-macomb-landfills","Latitude":42.682081,"Longitude":-82.907389,"Data_System":"SEMS","Programs":null,"Site_Type":"Private","NPL_Site":"Yes","NPL_Status":"Final","Superfund_Alternative_Approach":"No","Address":"approx. 21410-21798 24 Mile Road","County":"MACOMB","ZIP_Code":"48042"}},{"type":"Feature","id":373,"geometry":{"type":"Point","coordinates":[-85.7277809999999,42.915831]},"properties":{"OBJECTID":373,"F_Site_Name":"SPARTAN CHEMICAL CO.","Identifier":"MID079300125","City":"WYOMING","State":" MI","EPA_Region":"05","Link":"https://www.epa.gov/superfund/spartan-chemical","Latitude":42.915831,"Longitude":-85.727781,"Data_System":"SEMS","Programs":null,"Site_Type":"Private","NPL_Site":"Yes","NPL_Status":"Final","Superfund_Alternative_Approach":"No","Address":"2539 28TH STREET SW","County":"KENT","ZIP_Code":"49509"}},{"type":"Feature","id":374,"geometry":{"type":"Point","coordinates":[-90.265611,44.689689]},"properties":{"OBJECTID":374,"F_Site_Name":"SPICKLER LANDFILL","Identifier":"WID980902969","City":"SPENCER","State":" WI","EPA_Region":"05","Link":"https://www.epa.gov/superfund/spickler-landfill","Latitude":44.689689,"Longitude":-90.265611,"Data_System":"SEMS","Programs":null,"Site_Type":"Private","NPL_Site":"Yes","NPL_Status":"Final","Superfund_Alternative_Approach":"No","Address":"ROUTE 2 (ECKES ROAD)","County":"MARATHON","ZIP_Code":"54479"}},{"type":"Feature","id":375,"geometry":{"type":"Point","coordinates":[-85.5905059999999,43.0133970000001]},"properties":{"OBJECTID":375,"F_Site_Name":"STATE DISPOSAL LANDFILL, INC.","Identifier":"MID980609341","City":"GRAND RAPIDS","State":" MI","EPA_Region":"05","Link":"https://www.epa.gov/superfund/state-disposal-landfill","Latitude":43.013397,"Longitude":-85.590506,"Data_System":"SEMS","Programs":null,"Site_Type":"Private","NPL_Site":"Yes","NPL_Status":"Final","Superfund_Alternative_Approach":"No","Address":"EAST BELTLINE BETWEEN 4 MILE RD NE \u0026 5 MILE RD NE","County":"KENT","ZIP_Code":"49505"}},{"type":"Feature","id":376,"geometry":{"type":"Point","coordinates":[-85.4139069999999,41.804668]},"properties":{"OBJECTID":376,"F_Site_Name":"STURGIS MUNICIPAL WELLS","Identifier":"MID980703011","City":"STURGIS","State":" MI","EPA_Region":"05","Link":"https://www.epa.gov/superfund/sturgis-muni-wells","Latitude":41.804668,"Longitude":-85.413907,"Data_System":"SEMS","Programs":null,"Site_Type":"Private","NPL_Site":"Yes","NPL_Status":"Final","Superfund_Alternative_Approach":"No","Address":"309 North Prospect Street","County":"ST. JOSEPH","ZIP_Code":"49091"}},{"type":"Feature","id":377,"geometry":{"type":"Point","coordinates":[-90.31548,44.8516900000001]},"properties":{"OBJECTID":377,"F_Site_Name":"UNITY AUTO MART","Identifier":"WIN000505544","City":"UNITY","State":" WI","EPA_Region":"05","Link":"https://www.epa.gov/superfund/unityautomart","Latitude":44.85169,"Longitude":-90.31548,"Data_System":"SEMS","Programs":null,"Site_Type":"Private","NPL_Site":"Yes","NPL_Status":"Final","Superfund_Alternative_Approach":"No","Address":"102 North Front St.","County":"MARATHON","ZIP_Code":"54488"}},{"type":"Feature","id":378,"geometry":{"type":"Point","coordinates":[-84.618611,43.410561]},"properties":{"OBJECTID":378,"F_Site_Name":"VELSICOL CHEMICAL CORP. (MICHIGAN)","Identifier":"MID000722439","City":"ST. LOUIS","State":" MI","EPA_Region":"05","Link":"https://www.epa.gov/superfund/velsicol-chemical-michigan","Latitude":43.410561,"Longitude":-84.618611,"Data_System":"SEMS","Programs":null,"Site_Type":"Private","NPL_Site":"Yes","NPL_Status":"Final","Superfund_Alternative_Approach":"No","Address":"500 N BANKSON STREET","County":"GRATIOT","ZIP_Code":"48880"}},{"type":"Feature","id":379,"geometry":{"type":"Point","coordinates":[-94.215,45.561669]},"properties":{"OBJECTID":379,"F_Site_Name":"WAITE PARK WELLS","Identifier":"MND981002249","City":"WAITE PARK, ST CLOUD","State":" MN","EPA_Region":"05","Link":"https://www.epa.gov/superfund/waite-park-wells","Latitude":45.561669,"Longitude":-94.215,"Data_System":"SEMS","Programs":null,"Site_Type":"Private","NPL_Site":"Yes","NPL_Status":"Final","Superfund_Alternative_Approach":"No","Address":"5200 Foundry Cir,","County":"STEARNS","ZIP_Code":"56303"}},{"type":"Feature","id":380,"geometry":{"type":"Point","coordinates":[-85.853,43.8532000000001]},"properties":{"OBJECTID":380,"F_Site_Name":"WASH KING LAUNDRY","Identifier":"MID980701247","City":"PLEASANT PLAINS TWP","State":" MI","EPA_Region":"05","Link":"https://www.epa.gov/superfund/wash-king-laundry","Latitude":43.8532,"Longitude":-85.853,"Data_System":"SEMS","Programs":null,"Site_Type":"Private","NPL_Site":"Yes","NPL_Status":"Final","Superfund_Alternative_Approach":"No","Address":"NW1/4 SEC22 T17N R13W","County":"LAKE","ZIP_Code":"49304"}},{"type":"Feature","id":381,"geometry":{"type":"Point","coordinates":[-92.9181389999999,45.0086390000001]},"properties":{"OBJECTID":381,"F_Site_Name":"WASHINGTON COUNTY LANDFILL","Identifier":"MND980704738","City":"LAKE ELMO","State":" MN","EPA_Region":"05","Link":"https://www.epa.gov/superfund/washington-county-landfill","Latitude":45.008639,"Longitude":-92.918139,"Data_System":"SEMS","Programs":null,"Site_Type":"Private","NPL_Site":"Yes","NPL_Status":"Deleted","Superfund_Alternative_Approach":"No","Address":"LAKE JANE ROAD \u0026 JAMACA AVENUE","County":"WASHINGTON","ZIP_Code":"55042"}},{"type":"Feature","id":382,"geometry":{"type":"Point","coordinates":[-93.3122,45.2280000000001]},"properties":{"OBJECTID":382,"F_Site_Name":"WASTE DISPOSAL ENGINEERING","Identifier":"MND980609119","City":"ANDOVER","State":" MN","EPA_Region":"05","Link":"https://www.epa.gov/superfund/waste-disposal-engineering","Latitude":45.228,"Longitude":-93.3122,"Data_System":"SEMS","Programs":null,"Site_Type":"Private","NPL_Site":"Yes","NPL_Status":"Deleted","Superfund_Alternative_Approach":"No","Address":"14435 NW CROSSTOWN BLVD","County":"ANOKA","ZIP_Code":"55304"}},{"type":"Feature","id":383,"geometry":{"type":"Point","coordinates":[-89.6292,44.9773000000001]},"properties":{"OBJECTID":383,"F_Site_Name":"WAUSAU GROUND WATER CONTAMINATION","Identifier":"WID980993521","City":"WAUSAU","State":" WI","EPA_Region":"05","Link":"https://www.epa.gov/superfund/wausau-groundwater","Latitude":44.9773,"Longitude":-89.6292,"Data_System":"SEMS","Programs":null,"Site_Type":"Private","NPL_Site":"Yes","NPL_Status":"Final","Superfund_Alternative_Approach":"No","Address":"S24 \u0026 25 T29N R7E","County":"MARATHON","ZIP_Code":"54401"}},{"type":"Feature","id":384,"geometry":{"type":"Point","coordinates":[-95.100939,43.86875]},"properties":{"OBJECTID":384,"F_Site_Name":"WINDOM DUMP","Identifier":"MND980034516","City":"WINDOM","State":" MN","EPA_Region":"05","Link":"https://www.epa.gov/superfund/windom-dump","Latitude":43.86875,"Longitude":-95.100939,"Data_System":"SEMS","Programs":null,"Site_Type":"Private","NPL_Site":"Yes","NPL_Status":"Deleted","Superfund_Alternative_Approach":"No","Address":"NEAR LAKEVIEW AVE","County":"COTTONWOOD","ZIP_Code":"56101"}},{"type":"Feature","id":385,"geometry":{"type":"Point","coordinates":[-84.0697,39.8071]},"properties":{"OBJECTID":385,"F_Site_Name":"WRIGHT-PATTERSON AIR FORCE BASE","Identifier":"OH7571724312","City":"DAYTON","State":" OH","EPA_Region":"05","Link":"https://www.epa.gov/superfund/wright-patterson-airbase","Latitude":39.8071,"Longitude":-84.0697,"Data_System":"SEMS","Programs":null,"Site_Type":"Federal","NPL_Site":"Yes","NPL_Status":"Final","Superfund_Alternative_Approach":"No","Address":"ST RTE 444","County":"-","ZIP_Code":"45324"}},{"type":"Feature","id":386,"geometry":{"type":"Point","coordinates":[-83.3666659999999,44.45]},"properties":{"OBJECTID":386,"F_Site_Name":"WURTSMITH AIR FORCE BASE","Identifier":"MI5570024278","City":"OSCODA","State":" MI","EPA_Region":"05","Link":"https://www.epa.gov/superfund/wurtsmith-airbase","Latitude":44.45,"Longitude":-83.366666,"Data_System":"SEMS","Programs":null,"Site_Type":"Federal","NPL_Site":"Yes","NPL_Status":"Proposed","Superfund_Alternative_Approach":"No","Address":"AFBCA/DB","County":"IOSCO","ZIP_Code":"54961"}},{"type":"Feature","id":387,"geometry":{"type":"Point","coordinates":[-97.45,32.7777810000001]},"properties":{"OBJECTID":387,"F_Site_Name":"AIR FORCE PLANT #4 (GENERAL DYNAMICS)","Identifier":"TX7572024605","City":"FORT WORTH","State":" TX","EPA_Region":"06","Link":"https://www.epa.gov/superfund/air-force-plan-4","Latitude":32.777781,"Longitude":-97.45,"Data_System":"SEMS","Programs":null,"Site_Type":"Federal","NPL_Site":"Yes","NPL_Status":"Final","Superfund_Alternative_Approach":"No","Address":"GRANTS LANE","County":"TARRANT","ZIP_Code":"76108"}},{"type":"Feature","id":388,"geometry":{"type":"Point","coordinates":[-96.769485,32.687886]},"properties":{"OBJECTID":388,"F_Site_Name":"LANE PLATING WORKS, INC","Identifier":"TXN000605240","City":"DALLAS","State":" TX","EPA_Region":"06","Link":"https://www.epa.gov/superfund/lane-plating-works","Latitude":32.687886,"Longitude":-96.769485,"Data_System":"SEMS","Programs":null,"Site_Type":"Private","NPL_Site":"Yes","NPL_Status":"Final","Superfund_Alternative_Approach":"No","Address":"5322 Bonnie View Road","County":"DALLAS","ZIP_Code":"75241"}},{"type":"Feature","id":389,"geometry":{"type":"Point","coordinates":[-94.2483,33.4344]},"properties":{"OBJECTID":389,"F_Site_Name":"LONE STAR ARMY AMMUNITION PLANT","Identifier":"TX7213821831","City":"TEXARKANA","State":" TX","EPA_Region":"06","Link":"https://www.epa.gov/superfund/lone-star-aap","Latitude":33.4344,"Longitude":-94.2483,"Data_System":"SEMS","Programs":null,"Site_Type":"Federal","NPL_Site":"Yes","NPL_Status":"Final","Superfund_Alternative_Approach":"No","Address":"HWY 82 W","County":"BOWIE","ZIP_Code":"75501"}},{"type":"Feature","id":390,"geometry":{"type":"Point","coordinates":[-94.123339,32.6650000000001]},"properties":{"OBJECTID":390,"F_Site_Name":"LONGHORN ARMY AMMUNITION PLANT","Identifier":"TX6213820529","City":"KARNACK","State":" TX","EPA_Region":"06","Link":"https://www.epa.gov/superfund/longhorn-army-ammo-plant","Latitude":32.665,"Longitude":-94.123339,"Data_System":"SEMS","Programs":null,"Site_Type":"Federal","NPL_Site":"Yes","NPL_Status":"Final","Superfund_Alternative_Approach":"No","Address":"15600 Highway 134","County":"HARRISON","ZIP_Code":"75661"}},{"type":"Feature","id":391,"geometry":{"type":"Point","coordinates":[-93.4209999999999,32.5422]},"properties":{"OBJECTID":391,"F_Site_Name":"LOUISIANA ARMY AMMUNITION PLANT","Identifier":"LA0213820533","City":"DOYLINE","State":" LA","EPA_Region":"06","Link":"https://www.epa.gov/superfund/louisiana-army-ammunition-plant","Latitude":32.5422,"Longitude":-93.421,"Data_System":"SEMS","Programs":null,"Site_Type":"Federal","NPL_Site":"Yes","NPL_Status":"Final","Superfund_Alternative_Approach":"No","Address":"HWY 80 E/PO BOX 30059","County":"WEBSTER","ZIP_Code":"71130"}},{"type":"Feature","id":392,"geometry":{"type":"Point","coordinates":[-101.563611,35.321944]},"properties":{"OBJECTID":392,"F_Site_Name":"PANTEX PLANT (USDOE)","Identifier":"TX4890110527","City":"PANTEX VILLAGE","State":" TX","EPA_Region":"06","Link":"https://www.epa.gov/superfund/pantex-plant","Latitude":35.321944,"Longitude":-101.563611,"Data_System":"SEMS","Programs":null,"Site_Type":"Federal","NPL_Site":"Yes","NPL_Status":"Final","Superfund_Alternative_Approach":"No","Address":"2000 S HOUSTON","County":"CARSON","ZIP_Code":"79111"}},{"type":"Feature","id":393,"geometry":{"type":"Point","coordinates":[-97.401494,35.413973]},"properties":{"OBJECTID":393,"F_Site_Name":"TINKER AIR FORCE BASE (SOLDIER CREEK/BUILDING 3001)","Identifier":"OK1571724391","City":"OKLAHOMA CITY","State":" OK","EPA_Region":"06","Link":"https://www.epa.gov/superfund/tinker-air-force-base","Latitude":35.413973,"Longitude":-97.401494,"Data_System":"SEMS","Programs":null,"Site_Type":"Federal","NPL_Site":"Yes","NPL_Status":"Final","Superfund_Alternative_Approach":"No","Address":"SOUTH AIR DEPOT BLVD","County":"OKLAHOMA","ZIP_Code":"73145"}},{"type":"Feature","id":394,"geometry":{"type":"Point","coordinates":[-89.97905,36.6032920000001]},"properties":{"OBJECTID":394,"F_Site_Name":"BEE CEE MANUFACTURING CO.","Identifier":"MOD980860522","City":"MALDEN","State":" MO","EPA_Region":"07","Link":"https://www.epa.gov/superfund/beeceemanufacturing","Latitude":36.603292,"Longitude":-89.97905,"Data_System":"SEMS","Programs":null,"Site_Type":"Private","NPL_Site":"Yes","NPL_Status":"Final","Superfund_Alternative_Approach":"No","Address":"MALDEN INDUSTRIAL PARK","County":"DUNKLIN","ZIP_Code":"63863"}},{"type":"Feature","id":395,"geometry":{"type":"Point","coordinates":[-96.960906,39.306647]},"properties":{"OBJECTID":395,"F_Site_Name":"FORT RILEY","Identifier":"KS6214020756","City":"JUNCTION CITY","State":" KS","EPA_Region":"07","Link":"https://www.epa.gov/superfund/fortriley","Latitude":39.306647,"Longitude":-96.960906,"Data_System":"SEMS","Programs":null,"Site_Type":"Federal","NPL_Site":"Yes","NPL_Status":"Final","Superfund_Alternative_Approach":"No","Address":"DICKMAN AVE","County":"GEARY","ZIP_Code":"66441"}},{"type":"Feature","id":396,"geometry":{"type":"Point","coordinates":[-91.2466689999999,40.8083310000001]},"properties":{"OBJECTID":396,"F_Site_Name":"IOWA ARMY AMMUNITION PLANT","Identifier":"IA7213820445","City":"MIDDLETOWN","State":" IA","EPA_Region":"07","Link":"https://www.epa.gov/superfund/iowaarmyammunition","Latitude":40.808331,"Longitude":-91.246669,"Data_System":"SEMS","Programs":null,"Site_Type":"Federal","NPL_Site":"Yes","NPL_Status":"Final","Superfund_Alternative_Approach":"No","Address":"HWY 79 OFF MIDDLETOWN RD","County":"DES MOINES","ZIP_Code":"52638"}},{"type":"Feature","id":397,"geometry":{"type":"Point","coordinates":[-94.2782999999999,39.1030000000001]},"properties":{"OBJECTID":397,"F_Site_Name":"LAKE CITY ARMY AMMUNITION PLANT (NORTHWEST LAGOON)","Identifier":"MO3213890012","City":"INDEPENDENCE","State":" MO","EPA_Region":"07","Link":"https://www.epa.gov/superfund/lakecityammunition","Latitude":39.103,"Longitude":-94.2783,"Data_System":"SEMS","Programs":null,"Site_Type":"Federal","NPL_Site":"Yes","NPL_Status":"Final","Superfund_Alternative_Approach":"No","Address":"JCT OF HWY 7 \u0026 HWY 78","County":"JACKSON","ZIP_Code":"64050"}},{"type":"Feature","id":398,"geometry":{"type":"Point","coordinates":[-90.292639,41.7877810000001]},"properties":{"OBJECTID":398,"F_Site_Name":"LAWRENCE TODTZ FARM","Identifier":"IAD000606038","City":"CAMANCHE","State":" IA","EPA_Region":"07","Link":"https://www.epa.gov/superfund/lawrencetodtzfarm","Latitude":41.787781,"Longitude":-90.292639,"Data_System":"SEMS","Programs":null,"Site_Type":"Private","NPL_Site":"Yes","NPL_Status":"Final","Superfund_Alternative_Approach":"No","Address":"RR 1","County":"CLINTON","ZIP_Code":"52730"}},{"type":"Feature","id":399,"geometry":{"type":"Point","coordinates":[-98.84946,38.346542]},"properties":{"OBJECTID":399,"F_Site_Name":"PLATING, INC.","Identifier":"KSD065735912","City":"Great Bend","State":" KS","EPA_Region":"07","Link":"https://www.epa.gov/superfund/platinginc","Latitude":38.346542,"Longitude":-98.84946,"Data_System":"SEMS","Programs":null,"Site_Type":"Private","NPL_Site":"Yes","NPL_Status":"Final","Superfund_Alternative_Approach":"No","Address":"8801 WEST SIXTH STREET","County":"BARTON","ZIP_Code":"67530"}},{"type":"Feature","id":400,"geometry":{"type":"Point","coordinates":[-89.557219,36.9630500000001]},"properties":{"OBJECTID":400,"F_Site_Name":"QUALITY PLATING","Identifier":"MOD980860555","City":"SIKESTON","State":" MO","EPA_Region":"07","Link":"https://www.epa.gov/superfund/qualityplating","Latitude":36.96305,"Longitude":-89.557219,"Data_System":"SEMS","Programs":null,"Site_Type":"Private","NPL_Site":"Yes","NPL_Status":"Final","Superfund_Alternative_Approach":"No","Address":"RT 2","County":"SCOTT","ZIP_Code":"63801"}},{"type":"Feature","id":401,"geometry":{"type":"Point","coordinates":[-91.2147219999999,38.613889]},"properties":{"OBJECTID":401,"F_Site_Name":"RIVERFRONT","Identifier":"MOD981720246","City":"NEW HAVEN","State":" MO","EPA_Region":"07","Link":"https://www.epa.gov/superfund/riverfront","Latitude":38.613889,"Longitude":-91.214722,"Data_System":"SEMS","Programs":null,"Site_Type":"Private","NPL_Site":"Yes","NPL_Status":"Final","Superfund_Alternative_Approach":"No","Address":"PLUME, NEW HAVEN","County":"FRANKLIN","ZIP_Code":"63068"}},{"type":"Feature","id":402,"geometry":{"type":"Point","coordinates":[-105.128965,39.5086860000001]},"properties":{"OBJECTID":402,"F_Site_Name":"AIR FORCE PLANT PJKS","Identifier":"CO7570090038","City":"LITTLETON","State":" CO","EPA_Region":"08","Link":"https://www.epa.gov/superfund/air-force-plant-pjks","Latitude":39.508686,"Longitude":-105.128965,"Data_System":"SEMS","Programs":null,"Site_Type":"Federal","NPL_Site":"Yes","NPL_Status":"Final","Superfund_Alternative_Approach":"No","Address":"12275 SOUTH HIGHWAY 75","County":"JEFFERSON","ZIP_Code":"80127"}},{"type":"Feature","id":403,"geometry":{"type":"Point","coordinates":[-103.093332,44.1516810000001]},"properties":{"OBJECTID":403,"F_Site_Name":"ELLSWORTH AIR FORCE BASE","Identifier":"SD2571924644","City":"ELLSWORTH AFB","State":" SD","EPA_Region":"08","Link":"https://www.epa.gov/superfund/ellsworth-air-force-base","Latitude":44.151681,"Longitude":-103.093332,"Data_System":"SEMS","Programs":null,"Site_Type":"Federal","NPL_Site":"Yes","NPL_Status":"Final","Superfund_Alternative_Approach":"No","Address":"28 BW/PA, 1958 Scott Drive","County":"PENNINGTON","ZIP_Code":"57706"}},{"type":"Feature","id":404,"geometry":{"type":"Point","coordinates":[-104.862334,41.1527420000001]},"properties":{"OBJECTID":404,"F_Site_Name":"F.E. WARREN AIR FORCE BASE","Identifier":"WY5571924179","City":"CHEYENNE","State":" WY","EPA_Region":"08","Link":"https://www.epa.gov/superfund/warren-air-force-base","Latitude":41.152742,"Longitude":-104.862334,"Data_System":"SEMS","Programs":null,"Site_Type":"Federal","NPL_Site":"Yes","NPL_Status":"Final","Superfund_Alternative_Approach":"No","Address":"I-25 AND RANDALL AVE.","County":"LARAMIE","ZIP_Code":"82005"}},{"type":"Feature","id":405,"geometry":{"type":"Point","coordinates":[-111.885892,40.874243]},"properties":{"OBJECTID":405,"F_Site_Name":"FIVE POINTS PCE PLUME","Identifier":"UTN000802654","City":"WOODS CROSS/BOUNTIFUL","State":" UT","EPA_Region":"08","Link":"https://www.epa.gov/superfund/five-points","Latitude":40.874243,"Longitude":-111.885892,"Data_System":"SEMS","Programs":null,"Site_Type":"Private","NPL_Site":"Yes","NPL_Status":"Final","Superfund_Alternative_Approach":"No","Address":"APPROX. 1500 SOUTH \u0026 STATE HIGHWAY 106","County":"DAVIS","ZIP_Code":"84010"}},{"type":"Feature","id":406,"geometry":{"type":"Point","coordinates":[-111.990643,41.128547]},"properties":{"OBJECTID":406,"F_Site_Name":"HILL AIR FORCE BASE","Identifier":"UT0571724350","City":"HILL AFB","State":" UT","EPA_Region":"08","Link":"https://www.epa.gov/superfund/hill-air-force-base","Latitude":41.128547,"Longitude":-111.990643,"Data_System":"SEMS","Programs":null,"Site_Type":"Federal","NPL_Site":"Yes","NPL_Status":"Final","Superfund_Alternative_Approach":"No","Address":"00-ALC/EM","County":"-","ZIP_Code":"84056"}},{"type":"Feature","id":407,"geometry":{"type":"Point","coordinates":[-105.1996,39.8928970000001]},"properties":{"OBJECTID":407,"F_Site_Name":"ROCKY FLATS PLANT (USDOE)","Identifier":"CO7890010526","City":"GOLDEN","State":" CO","EPA_Region":"08","Link":"https://www.epa.gov/superfund/rocky-flats","Latitude":39.892897,"Longitude":-105.1996,"Data_System":"SEMS","Programs":null,"Site_Type":"Federal","NPL_Site":"Yes","NPL_Status":"Final","Superfund_Alternative_Approach":"No","Address":"HWY 93 BETWEEN GOLDEN\u0026BOULDER","County":"JEFFERSON","ZIP_Code":"80402"}},{"type":"Feature","id":408,"geometry":{"type":"Point","coordinates":[-104.842445,39.833398]},"properties":{"OBJECTID":408,"F_Site_Name":"ROCKY MOUNTAIN ARSENAL (USARMY)","Identifier":"CO5210020769","City":"ADAMS COUNTY","State":" CO","EPA_Region":"08","Link":"https://www.epa.gov/superfund/rocky-mountain-arsenal","Latitude":39.833398,"Longitude":-104.842445,"Data_System":"SEMS","Programs":null,"Site_Type":"Federal","NPL_Site":"Yes","NPL_Status":"Final","Superfund_Alternative_Approach":"No","Address":"IMMED N STAPLETON INTL ARPT","County":"ADAMS","ZIP_Code":"80022"}},{"type":"Feature","id":409,"geometry":{"type":"Point","coordinates":[-112.410368,40.526461]},"properties":{"OBJECTID":409,"F_Site_Name":"TOOELE ARMY DEPOT (NORTH AREA)","Identifier":"UT3213820894","City":"TOOELE","State":" UT","EPA_Region":"08","Link":"https://www.epa.gov/superfund/tooele-army-depot","Latitude":40.526461,"Longitude":-112.410368,"Data_System":"SEMS","Programs":null,"Site_Type":"Federal","NPL_Site":"Yes","NPL_Status":"Final","Superfund_Alternative_Approach":"No","Address":"3 MI S OF TOOELE ON HWY 36","County":"TOOELE","ZIP_Code":"84074"}},{"type":"Feature","id":410,"geometry":{"type":"Point","coordinates":[-121.2,38.6083310000001]},"properties":{"OBJECTID":410,"F_Site_Name":"AEROJET GENERAL CORP.","Identifier":"CAD980358832","City":"RANCHO CORDOVA","State":" CA","EPA_Region":"09","Link":"https://www.epa.gov/superfund/aerojet","Latitude":38.608331,"Longitude":-121.2,"Data_System":"SEMS","Programs":null,"Site_Type":"Private","NPL_Site":"Yes","NPL_Status":"Final","Superfund_Alternative_Approach":"No","Address":"HWY US 50 \u0026 AEROJET RD","County":"SACRAMENTO","ZIP_Code":"95670"}},{"type":"Feature","id":411,"geometry":{"type":"Point","coordinates":[-122.33,37.788889]},"properties":{"OBJECTID":411,"F_Site_Name":"ALAMEDA NAVAL AIR STATION","Identifier":"CA2170023236","City":"ALAMEDA","State":" CA","EPA_Region":"09","Link":"https://www.epa.gov/superfund/alamedanavalairstation","Latitude":37.788889,"Longitude":-122.33,"Data_System":"SEMS","Programs":null,"Site_Type":"Federal","NPL_Site":"Yes","NPL_Status":"Final","Superfund_Alternative_Approach":"No","Address":"W END CITY OF ALAMEDA","County":"ALAMEDA","ZIP_Code":"94501"}},{"type":"Feature","id":412,"geometry":{"type":"Point","coordinates":[144.897361,13.5729160000001]},"properties":{"OBJECTID":412,"F_Site_Name":"ANDERSEN AIR FORCE BASE","Identifier":"GU6571999519","City":"YIGO","State":" GU","EPA_Region":"09","Link":"https://www.epa.gov/superfund/andersenafb","Latitude":13.572916,"Longitude":144.897361,"Data_System":"SEMS","Programs":null,"Site_Type":"Federal","NPL_Site":"Yes","NPL_Status":"Final","Superfund_Alternative_Approach":"No","Address":"PERIMETER RD","County":"GUAM","ZIP_Code":"96929"}},{"type":"Feature","id":413,"geometry":{"type":"Point","coordinates":[-116.9389,34.8783310000001]},"properties":{"OBJECTID":413,"F_Site_Name":"BARSTOW MARINE CORPS LOGISTICS BASE","Identifier":"CA8170024261","City":"BARSTOW","State":" CA","EPA_Region":"09","Link":"https://www.epa.gov/superfund/barstowusmc","Latitude":34.878331,"Longitude":-116.9389,"Data_System":"SEMS","Programs":null,"Site_Type":"Federal","NPL_Site":"Yes","NPL_Status":"Final","Superfund_Alternative_Approach":"No","Address":"MARINE CORPS LOGIS BASE- NEBO","County":"SAN BERNARDINO","ZIP_Code":"92311"}},{"type":"Feature","id":414,"geometry":{"type":"Point","coordinates":[-117.3408,33.306669]},"properties":{"OBJECTID":414,"F_Site_Name":"CAMP PENDLETON MARINE CORPS BASE","Identifier":"CA2170023533","City":"CAMP PENDLETON","State":" CA","EPA_Region":"09","Link":"https://www.epa.gov/superfund/camppendletonusmc","Latitude":33.306669,"Longitude":-117.3408,"Data_System":"SEMS","Programs":null,"Site_Type":"Federal","NPL_Site":"Yes","NPL_Status":"Final","Superfund_Alternative_Approach":"No","Address":"CAMP PENDLETON MARINE BASE","County":"SAN DIEGO","ZIP_Code":"92055"}},{"type":"Feature","id":415,"geometry":{"type":"Point","coordinates":[-120.5636,37.3673610000001]},"properties":{"OBJECTID":415,"F_Site_Name":"CASTLE AIR FORCE BASE (6 AREAS)","Identifier":"CA3570024551","City":"MERCED","State":" CA","EPA_Region":"09","Link":"https://www.epa.gov/superfund/castleafb","Latitude":37.367361,"Longitude":-120.5636,"Data_System":"SEMS","Programs":null,"Site_Type":"Federal","NPL_Site":"Yes","NPL_Status":"Final","Superfund_Alternative_Approach":"No","Address":"CASTLE AFB","County":"MERCED","ZIP_Code":"95342"}},{"type":"Feature","id":416,"geometry":{"type":"Point","coordinates":[-122,38.0494440000001]},"properties":{"OBJECTID":416,"F_Site_Name":"CONCORD NAVAL WEAPONS STATION","Identifier":"CA7170024528","City":"CONCORD","State":" CA","EPA_Region":"09","Link":"https://www.epa.gov/superfund/concordnavalweapons","Latitude":38.049444,"Longitude":-122,"Data_System":"SEMS","Programs":null,"Site_Type":"Federal","NPL_Site":"Yes","NPL_Status":"Final","Superfund_Alternative_Approach":"No","Address":"PORT CHICAGO HWY","County":"CONTRA COSTA","ZIP_Code":"94520"}},{"type":"Feature","id":417,"geometry":{"type":"Point","coordinates":[-117.8857,34.949439]},"properties":{"OBJECTID":417,"F_Site_Name":"EDWARDS AIR FORCE BASE","Identifier":"CA1570024504","City":"EDWARDS AFB","State":" CA","EPA_Region":"09","Link":"https://www.epa.gov/superfund/edwardsafb","Latitude":34.949439,"Longitude":-117.8857,"Data_System":"SEMS","Programs":null,"Site_Type":"Federal","NPL_Site":"Yes","NPL_Status":"Final","Superfund_Alternative_Approach":"No","Address":"AFFTC EDWARDS AFB","County":"KERN","ZIP_Code":"93524"}},{"type":"Feature","id":418,"geometry":{"type":"Point","coordinates":[-117.7176,33.676669]},"properties":{"OBJECTID":418,"F_Site_Name":"EL TORO MARINE CORPS AIR STATION","Identifier":"CA6170023208","City":"EL TORO","State":" CA","EPA_Region":"09","Link":"https://www.epa.gov/superfund/eltorousmc","Latitude":33.676669,"Longitude":-117.7176,"Data_System":"SEMS","Programs":null,"Site_Type":"Federal","NPL_Site":"Yes","NPL_Status":"Final","Superfund_Alternative_Approach":"No","Address":"EL TORO MARINE CORPS AIR STA","County":"ORANGE","ZIP_Code":"92709"}},{"type":"Feature","id":419,"geometry":{"type":"Point","coordinates":[-122.0542,37.4012000000001]},"properties":{"OBJECTID":419,"F_Site_Name":"FAIRCHILD SEMICONDUCTOR CORP. (MOUNTAIN VIEW PLANT)","Identifier":"CAD095989778","City":"MOUNTAIN VIEW","State":" CA","EPA_Region":"09","Link":"https://www.epa.gov/superfund/fairchildmountainview","Latitude":37.4012,"Longitude":-122.0542,"Data_System":"SEMS","Programs":null,"Site_Type":"Private","NPL_Site":"Yes","NPL_Status":"Final","Superfund_Alternative_Approach":"No","Address":"369, 515 N Whisman, 313 Fairchild \u0026 401 National","County":"SANTA CLARA","ZIP_Code":"94043"}},{"type":"Feature","id":420,"geometry":{"type":"Point","coordinates":[-121.75,36.6250000000001]},"properties":{"OBJECTID":420,"F_Site_Name":"FORT ORD","Identifier":"CA7210020676","City":"MARINA","State":" CA","EPA_Region":"09","Link":"https://www.epa.gov/superfund/fortord","Latitude":36.625,"Longitude":-121.75,"Data_System":"SEMS","Programs":null,"Site_Type":"Federal","NPL_Site":"Yes","NPL_Status":"Final","Superfund_Alternative_Approach":"No","Address":"FORMER ARMY BASE FORT ORD","County":"MONTEREY","ZIP_Code":"93933"}},{"type":"Feature","id":421,"geometry":{"type":"Point","coordinates":[-117.3833,34.595]},"properties":{"OBJECTID":421,"F_Site_Name":"GEORGE AIR FORCE BASE","Identifier":"CA2570024453","City":"VICTORVILLE","State":" CA","EPA_Region":"09","Link":"https://www.epa.gov/superfund/georgeafb","Latitude":34.595,"Longitude":-117.3833,"Data_System":"SEMS","Programs":null,"Site_Type":"Federal","NPL_Site":"Yes","NPL_Status":"Final","Superfund_Alternative_Approach":"No","Address":"AIR BASE RD- NR ST RTE 395","County":"SAN BERNARDINO","ZIP_Code":"92392"}},{"type":"Feature","id":422,"geometry":{"type":"Point","coordinates":[-112.7483,33.3683310000001]},"properties":{"OBJECTID":422,"F_Site_Name":"HASSAYAMPA LANDFILL","Identifier":"AZD980735666","City":"ARLINGTON","State":" AZ","EPA_Region":"09","Link":"https://www.epa.gov/superfund/hassayampalandfill","Latitude":33.368331,"Longitude":-112.7483,"Data_System":"SEMS","Programs":null,"Site_Type":"Private","NPL_Site":"Yes","NPL_Status":"Final","Superfund_Alternative_Approach":"No","Address":"32450 West Salome Highway","County":"MARICOPA","ZIP_Code":"85322"}},{"type":"Feature","id":423,"geometry":{"type":"Point","coordinates":[-122.36732,37.72229]},"properties":{"OBJECTID":423,"F_Site_Name":"HUNTERS POINT NAVAL SHIPYARD","Identifier":"CA1170090087","City":"SAN FRANCISCO","State":" CA","EPA_Region":"09","Link":"https://www.epa.gov/superfund/hunterspoint","Latitude":37.72229,"Longitude":-122.36732,"Data_System":"SEMS","Programs":null,"Site_Type":"Federal","NPL_Site":"Yes","NPL_Status":"Final","Superfund_Alternative_Approach":"No","Address":"HUNTERS POINT NAVAL SHIPYARD","County":"SAN FRANCISCO","ZIP_Code":"94124"}},{"type":"Feature","id":424,"geometry":{"type":"Point","coordinates":[-111.9083,33.466669]},"properties":{"OBJECTID":424,"F_Site_Name":"INDIAN BEND WASH AREA","Identifier":"AZD980695969","City":"SCOTTSDALE","State":" AZ","EPA_Region":"09","Link":"https://www.epa.gov/superfund/indianbendwash","Latitude":33.466669,"Longitude":-111.9083,"Data_System":"SEMS","Programs":null,"Site_Type":"Private","NPL_Site":"Yes","NPL_Status":"Final","Superfund_Alternative_Approach":"No","Address":"MCDOWELL RD \u0026 HAYDEN","County":"MARICOPA","ZIP_Code":"85253"}},{"type":"Feature","id":425,"geometry":{"type":"Point","coordinates":[-122.0566,37.3962000000001]},"properties":{"OBJECTID":425,"F_Site_Name":"INTEL CORP. (MOUNTAIN VIEW PLANT)","Identifier":"CAD061620217","City":"MOUNTAIN VIEW","State":" CA","EPA_Region":"09","Link":"https://www.epa.gov/superfund/intelmountainview","Latitude":37.3962,"Longitude":-122.0566,"Data_System":"SEMS","Programs":null,"Site_Type":"Private","NPL_Site":"Yes","NPL_Status":"Final","Superfund_Alternative_Approach":"No","Address":"365 E MIDDLEFIELD RD","County":"SANTA CLARA","ZIP_Code":"94043"}},{"type":"Feature","id":426,"geometry":{"type":"Point","coordinates":[-118.167434,34.2011850000001]},"properties":{"OBJECTID":426,"F_Site_Name":"JET PROPULSION LABORATORY (NASA)","Identifier":"CA9800013030","City":"PASADENA","State":" CA","EPA_Region":"09","Link":"https://www.epa.gov/superfund/jetpropulsionlab","Latitude":34.201185,"Longitude":-118.167434,"Data_System":"SEMS","Programs":null,"Site_Type":"Federal","NPL_Site":"Yes","NPL_Status":"Final","Superfund_Alternative_Approach":"No","Address":"4800 OAK GROVE DR","County":"LOS ANGELES","ZIP_Code":"91109"}},{"type":"Feature","id":427,"geometry":{"type":"Point","coordinates":[-112.3567,33.5400000000001]},"properties":{"OBJECTID":427,"F_Site_Name":"LUKE AIR FORCE BASE","Identifier":"AZ0570024133","City":"GLENDALE","State":" AZ","EPA_Region":"09","Link":"https://www.epa.gov/superfund/lukeafb","Latitude":33.54,"Longitude":-112.3567,"Data_System":"SEMS","Programs":null,"Site_Type":"Federal","NPL_Site":"Yes","NPL_Status":"Deleted","Superfund_Alternative_Approach":"No","Address":"S RT 8 YUMA THRU GILA BEND","County":"MARICOPA","ZIP_Code":"85309"}},{"type":"Feature","id":428,"geometry":{"type":"Point","coordinates":[-117.2557,33.906389]},"properties":{"OBJECTID":428,"F_Site_Name":"MARCH AIR FORCE BASE","Identifier":"CA4570024527","City":"RIVERSIDE","State":" CA","EPA_Region":"09","Link":"https://www.epa.gov/superfund/marchafb","Latitude":33.906389,"Longitude":-117.2557,"Data_System":"SEMS","Programs":null,"Site_Type":"Federal","NPL_Site":"Yes","NPL_Status":"Final","Superfund_Alternative_Approach":"No","Address":"22 CSG/CC","County":"RIVERSIDE","ZIP_Code":"92518"}},{"type":"Feature","id":429,"geometry":{"type":"Point","coordinates":[-121.2972,38.55695]},"properties":{"OBJECTID":429,"F_Site_Name":"MATHER AIR FORCE BASE (AC\u0026W DISPOSAL SITE)","Identifier":"CA8570024143","City":"MATHER","State":" CA","EPA_Region":"09","Link":"https://www.epa.gov/superfund/matherafb","Latitude":38.55695,"Longitude":-121.2972,"Data_System":"SEMS","Programs":null,"Site_Type":"Federal","NPL_Site":"Yes","NPL_Status":"Final","Superfund_Alternative_Approach":"No","Address":"MATHER AIR FORCE BASE","County":"SACRAMENTO","ZIP_Code":"95655"}},{"type":"Feature","id":430,"geometry":{"type":"Point","coordinates":[-121.3994,38.66]},"properties":{"OBJECTID":430,"F_Site_Name":"MCCLELLAN AIR FORCE BASE (GROUND WATER CONTAMINATION)","Identifier":"CA4570024337","City":"MCCLELLAN AFB","State":" CA","EPA_Region":"09","Link":"https://www.epa.gov/superfund/mcclellanafb","Latitude":38.66,"Longitude":-121.3994,"Data_System":"SEMS","Programs":null,"Site_Type":"Federal","NPL_Site":"Yes","NPL_Status":"Final","Superfund_Alternative_Approach":"No","Address":"APPROX 5200 WATT AVE","County":"SACRAMENTO","ZIP_Code":"95652"}},{"type":"Feature","id":431,"geometry":{"type":"Point","coordinates":[-122.0522,37.411389]},"properties":{"OBJECTID":431,"F_Site_Name":"MOFFETT FIELD NAVAL AIR STATION","Identifier":"CA2170090078","City":"MOFFETT FIELD","State":" CA","EPA_Region":"09","Link":"https://www.epa.gov/superfund/moffettfield","Latitude":37.411389,"Longitude":-122.0522,"Data_System":"SEMS","Programs":null,"Site_Type":"Federal","NPL_Site":"Yes","NPL_Status":"Final","Superfund_Alternative_Approach":"No","Address":"MOFFETT FIELD NAS","County":"SANTA CLARA","ZIP_Code":"94035"}},{"type":"Feature","id":432,"geometry":{"type":"Point","coordinates":[-111.9708,33.461669]},"properties":{"OBJECTID":432,"F_Site_Name":"MOTOROLA, INC. (52ND STREET PLANT)","Identifier":"AZD009004177","City":"PHOENIX","State":" AZ","EPA_Region":"09","Link":"https://www.epa.gov/superfund/motorola52ndst","Latitude":33.461669,"Longitude":-111.9708,"Data_System":"SEMS","Programs":null,"Site_Type":"Private","NPL_Site":"Yes","NPL_Status":"Final","Superfund_Alternative_Approach":"No","Address":"5005 E MCDOWELL RD","County":"MARICOPA","ZIP_Code":"85008"}},{"type":"Feature","id":433,"geometry":{"type":"Point","coordinates":[-117.2372,34.098061]},"properties":{"OBJECTID":433,"F_Site_Name":"NORTON AIR FORCE BASE (LNDFLL #2)","Identifier":"CA4570024345","City":"SAN BERNARDINO","State":" CA","EPA_Region":"09","Link":"https://www.epa.gov/superfund/nortonafb","Latitude":34.098061,"Longitude":-117.2372,"Data_System":"SEMS","Programs":null,"Site_Type":"Federal","NPL_Site":"Yes","NPL_Status":"Final","Superfund_Alternative_Approach":"No","Address":"I-10/US 395 FORMER NORTON AFB","County":"SAN BERNARDINO","ZIP_Code":"92408"}},{"type":"Feature","id":434,"geometry":{"type":"Point","coordinates":[-117.930589,33.8548280000001]},"properties":{"OBJECTID":434,"F_Site_Name":"ORANGE COUNTY NORTH BASIN","Identifier":"CAN000900251","City":"ORANGE COUNTY","State":" CA","EPA_Region":"09","Link":"https://www.epa.gov/superfund/orange-county-north-basin","Latitude":33.854828,"Longitude":-117.930589,"Data_System":"SEMS","Programs":null,"Site_Type":"Private","NPL_Site":"Yes","NPL_Status":"Final","Superfund_Alternative_Approach":"No","Address":"1012 EAST ELM AVENUE","County":"ORANGE","ZIP_Code":"92831"}},{"type":"Feature","id":435,"geometry":{"type":"Point","coordinates":[-157.983333,21.3888890000001]},"properties":{"OBJECTID":435,"F_Site_Name":"PEARL HARBOR NAVAL COMPLEX","Identifier":"HI4170090076","City":"PEARL HARBOR","State":" HI","EPA_Region":"09","Link":"https://www.epa.gov/superfund/pearlharbornaval","Latitude":21.388889,"Longitude":-157.983333,"Data_System":"SEMS","Programs":null,"Site_Type":"Federal","NPL_Site":"Yes","NPL_Status":"Final","Superfund_Alternative_Approach":"No","Address":"US NAVAL COMMAND","County":"HONOLULU","ZIP_Code":"96860"}},{"type":"Feature","id":436,"geometry":{"type":"Point","coordinates":[-112.3653,33.429719]},"properties":{"OBJECTID":436,"F_Site_Name":"PHOENIX-GOODYEAR AIRPORT AREA","Identifier":"AZD980695902","City":"GOODYEAR","State":" AZ","EPA_Region":"09","Link":"https://www.epa.gov/superfund/phoenix-goodyearairport","Latitude":33.429719,"Longitude":-112.3653,"Data_System":"SEMS","Programs":null,"Site_Type":"Private","NPL_Site":"Yes","NPL_Status":"Final","Superfund_Alternative_Approach":"No","Address":"BETWEEN LWR BUCKEYE ROAD \u0026 VAN BUREN","County":"MARICOPA","ZIP_Code":"85338"}},{"type":"Feature","id":437,"geometry":{"type":"Point","coordinates":[-122.0533,37.3975]},"properties":{"OBJECTID":437,"F_Site_Name":"RAYTHEON CORP.","Identifier":"CAD009205097","City":"MOUNTAIN VIEW","State":" CA","EPA_Region":"09","Link":"https://www.epa.gov/superfund/raytheon","Latitude":37.3975,"Longitude":-122.0533,"Data_System":"SEMS","Programs":null,"Site_Type":"Private","NPL_Site":"Yes","NPL_Status":"Final","Superfund_Alternative_Approach":"No","Address":"350 ELLIS ST","County":"SANTA CLARA","ZIP_Code":"94043"}},{"type":"Feature","id":438,"geometry":{"type":"Point","coordinates":[-120.9181,37.71695]},"properties":{"OBJECTID":438,"F_Site_Name":"RIVERBANK ARMY AMMUNITION PLANT","Identifier":"CA7210020759","City":"RIVERBANK","State":" CA","EPA_Region":"09","Link":"https://www.epa.gov/superfund/riverbankarmy","Latitude":37.71695,"Longitude":-120.9181,"Data_System":"SEMS","Programs":null,"Site_Type":"Federal","NPL_Site":"Yes","NPL_Status":"Final","Superfund_Alternative_Approach":"No","Address":"5300 CLAUS RD","County":"STANISLAUS","ZIP_Code":"95367"}},{"type":"Feature","id":439,"geometry":{"type":"Point","coordinates":[-117.416567,34.1536830000001]},"properties":{"OBJECTID":439,"F_Site_Name":"ROCKETS, FIREWORKS, AND FLARES SITE","Identifier":"CAN000905945","City":"RIALTO","State":" CA","EPA_Region":"09","Link":"https://www.epa.gov/superfund/rff","Latitude":34.153683,"Longitude":-117.416567,"Data_System":"SEMS","Programs":null,"Site_Type":"Private","NPL_Site":"Yes","NPL_Status":"Final","Superfund_Alternative_Approach":"No","Address":"3196 NORTH LOCUST AVENUE","County":"SAN BERNARDINO","ZIP_Code":"92377"}},{"type":"Feature","id":440,"geometry":{"type":"Point","coordinates":[-121.3958,38.5202810000001]},"properties":{"OBJECTID":440,"F_Site_Name":"SACRAMENTO ARMY DEPOT","Identifier":"CA0210020780","City":"SACRAMENTO","State":" CA","EPA_Region":"09","Link":"https://www.epa.gov/superfund/sacramentoarmy","Latitude":38.520281,"Longitude":-121.3958,"Data_System":"SEMS","Programs":null,"Site_Type":"Federal","NPL_Site":"Yes","NPL_Status":"Final","Superfund_Alternative_Approach":"No","Address":"8350 FRUITRIDGE RD","County":"SACRAMENTO","ZIP_Code":"95813"}},{"type":"Feature","id":441,"geometry":{"type":"Point","coordinates":[-118.3514,34.19]},"properties":{"OBJECTID":441,"F_Site_Name":"SAN FERNANDO VALLEY (AREA 1)","Identifier":"CAD980894893","City":"NORTH HOLLYWOOD","State":" CA","EPA_Region":"09","Link":"https://www.epa.gov/superfund/sanfernandonorthhollywood","Latitude":34.19,"Longitude":-118.3514,"Data_System":"SEMS","Programs":null,"Site_Type":"Private","NPL_Site":"Yes","NPL_Status":"Final","Superfund_Alternative_Approach":"No","Address":"NORTH HOLLYWOOD WELLFIELD AREA","County":"LOS ANGELES","ZIP_Code":"91601"}},{"type":"Feature","id":442,"geometry":{"type":"Point","coordinates":[-118.286,34.1631390000001]},"properties":{"OBJECTID":442,"F_Site_Name":"SAN FERNANDO VALLEY (AREA 2)","Identifier":"CAD980894901","City":"GLENDALE","State":" CA","EPA_Region":"09","Link":"https://www.epa.gov/superfund/sanfernandoglendale","Latitude":34.163139,"Longitude":-118.286,"Data_System":"SEMS","Programs":null,"Site_Type":"Private","NPL_Site":"Yes","NPL_Status":"Final","Superfund_Alternative_Approach":"No","Address":"CRYSTAL SPRINGS WELLFIELD AREA","County":"LOS ANGELES","ZIP_Code":"91209"}},{"type":"Feature","id":443,"geometry":{"type":"Point","coordinates":[-118.2539,34.112081]},"properties":{"OBJECTID":443,"F_Site_Name":"SAN FERNANDO VALLEY (AREA 4)","Identifier":"CAD980894976","City":"LOS ANGELES","State":" CA","EPA_Region":"09","Link":"https://www.epa.gov/superfund/sanfernandopollock","Latitude":34.112081,"Longitude":-118.2539,"Data_System":"SEMS","Programs":null,"Site_Type":"Private","NPL_Site":"Yes","NPL_Status":"Final","Superfund_Alternative_Approach":"No","Address":"The San Fernando Valley Groundwater Basin south of Los Feliz Ave to approximately Highway 110","County":"LOS ANGELES","ZIP_Code":"90086"}},{"type":"Feature","id":444,"geometry":{"type":"Point","coordinates":[-118,34.1250000000001]},"properties":{"OBJECTID":444,"F_Site_Name":"SAN GABRIEL VALLEY (AREA 1)","Identifier":"CAD980677355","City":"EL MONTE","State":" CA","EPA_Region":"09","Link":"https://www.epa.gov/superfund/sangabrielelmonte","Latitude":34.125,"Longitude":-118,"Data_System":"SEMS","Programs":null,"Site_Type":"Private","NPL_Site":"Yes","NPL_Status":"Final","Superfund_Alternative_Approach":"No","Address":"PECK RD \u0026 REAL","County":"LOS ANGELES","ZIP_Code":"91733"}},{"type":"Feature","id":445,"geometry":{"type":"Point","coordinates":[-117.9361,34.073611]},"properties":{"OBJECTID":445,"F_Site_Name":"SAN GABRIEL VALLEY (AREA 2)","Identifier":"CAD980818512","City":"BALDWIN PARK","State":" CA","EPA_Region":"09","Link":"https://www.epa.gov/superfund/sangabrielbaldwinpark","Latitude":34.073611,"Longitude":-117.9361,"Data_System":"SEMS","Programs":null,"Site_Type":"Private","NPL_Site":"Yes","NPL_Status":"Final","Superfund_Alternative_Approach":"No","Address":"SUNSET \u0026 SAN BERNARDINO FREEWAY","County":"LOS ANGELES","ZIP_Code":"91706"}},{"type":"Feature","id":446,"geometry":{"type":"Point","coordinates":[-158.030139,21.4906940000001]},"properties":{"OBJECTID":446,"F_Site_Name":"SCHOFIELD BARRACKS (USARMY)","Identifier":"HI7210090026","City":"SCHOFIELD","State":" HI","EPA_Region":"09","Link":"https://www.epa.gov/superfund/schofieldbarracks","Latitude":21.490694,"Longitude":-158.030139,"Data_System":"SEMS","Programs":null,"Site_Type":"Federal","NPL_Site":"Yes","NPL_Status":"Deleted","Superfund_Alternative_Approach":"No","Address":"SCHOFIELD BARRACKS (USARMY)","County":"HONOLULU","ZIP_Code":"96857"}},{"type":"Feature","id":447,"geometry":{"type":"Point","coordinates":[-121.2672,37.829169]},"properties":{"OBJECTID":447,"F_Site_Name":"SHARPE ARMY DEPOT","Identifier":"CA8210020832","City":"LATHROP","State":" CA","EPA_Region":"09","Link":"https://www.epa.gov/superfund/sharpearmy","Latitude":37.829169,"Longitude":-121.2672,"Data_System":"SEMS","Programs":null,"Site_Type":"Federal","NPL_Site":"Yes","NPL_Status":"Final","Superfund_Alternative_Approach":"No","Address":"700 EAST ROTH RD","County":"SAN JOAQUIN","ZIP_Code":"95330"}},{"type":"Feature","id":448,"geometry":{"type":"Point","coordinates":[-121.9332,38.2644500000001]},"properties":{"OBJECTID":448,"F_Site_Name":"TRAVIS AIR FORCE BASE","Identifier":"CA5570024575","City":"TRAVIS AFB","State":" CA","EPA_Region":"09","Link":"https://www.epa.gov/superfund/travisafb","Latitude":38.26445,"Longitude":-121.9332,"Data_System":"SEMS","Programs":null,"Site_Type":"Federal","NPL_Site":"Yes","NPL_Status":"Final","Superfund_Alternative_Approach":"No","Address":"TRAVIS AFB","County":"SOLANO","ZIP_Code":"94535"}},{"type":"Feature","id":449,"geometry":{"type":"Point","coordinates":[-110.9333,32.1055610000001]},"properties":{"OBJECTID":449,"F_Site_Name":"TUCSON INTERNATIONAL AIRPORT AREA","Identifier":"AZD980737530","City":"TUCSON","State":" AZ","EPA_Region":"09","Link":"https://www.epa.gov/superfund/tucsonairport","Latitude":32.105561,"Longitude":-110.9333,"Data_System":"SEMS","Programs":null,"Site_Type":"Private","NPL_Site":"Yes","NPL_Status":"Final","Superfund_Alternative_Approach":"No","Address":"NOGALES HWY","County":"PIMA","ZIP_Code":"85734"}},{"type":"Feature","id":450,"geometry":{"type":"Point","coordinates":[-111.6519,33.30695]},"properties":{"OBJECTID":450,"F_Site_Name":"WILLIAMS AIR FORCE BASE","Identifier":"AZ7570028582","City":"CHANDLER","State":" AZ","EPA_Region":"09","Link":"https://www.epa.gov/superfund/williamsafb","Latitude":33.30695,"Longitude":-111.6519,"Data_System":"SEMS","Programs":null,"Site_Type":"Federal","NPL_Site":"Yes","NPL_Status":"Final","Superfund_Alternative_Approach":"No","Address":"WILLIAMS AFB","County":"MARICOPA","ZIP_Code":"85224"}},{"type":"Feature","id":451,"geometry":{"type":"Point","coordinates":[-114.5888,32.6545810000001]},"properties":{"OBJECTID":451,"F_Site_Name":"YUMA MARINE CORPS AIR STATION","Identifier":"AZ0971590062","City":"YUMA","State":" AZ","EPA_Region":"09","Link":"https://www.epa.gov/superfund/yumausmc","Latitude":32.654581,"Longitude":-114.5888,"Data_System":"SEMS","Programs":null,"Site_Type":"Federal","NPL_Site":"Yes","NPL_Status":"Final","Superfund_Alternative_Approach":"No","Address":"AVENUE 3E","County":"YUMA","ZIP_Code":"85369"}},{"type":"Feature","id":452,"geometry":{"type":"Point","coordinates":[-176.6525,51.8775000000001]},"properties":{"OBJECTID":452,"F_Site_Name":"ADAK NAVAL AIR STATION","Identifier":"AK4170024323","City":"ADAK","State":" AK","EPA_Region":"10","Link":"https://www.epa.gov/superfund/adak-nas","Latitude":51.8775,"Longitude":-176.6525,"Data_System":"SEMS","Programs":null,"Site_Type":"Federal","NPL_Site":"Yes","NPL_Status":"Final","Superfund_Alternative_Approach":"No","Address":"ADAK IS","County":"-","ZIP_Code":"99546"}},{"type":"Feature","id":453,"geometry":{"type":"Point","coordinates":[-122.5267,47.1250000000001]},"properties":{"OBJECTID":453,"F_Site_Name":"AMERICAN LAKE GARDENS/MCCHORD AFB","Identifier":"WAD980833065","City":"TACOMA","State":" WA","EPA_Region":"10","Link":"https://www.epa.gov/superfund/american-lake-gardens","Latitude":47.125,"Longitude":-122.5267,"Data_System":"SEMS","Programs":null,"Site_Type":"Federal","NPL_Site":"Yes","NPL_Status":"Final","Superfund_Alternative_Approach":"No","Address":"555 BARNES BLVD.","County":"PIERCE","ZIP_Code":"98438"}},{"type":"Feature","id":454,"geometry":{"type":"Point","coordinates":[-122.7131,47.6990000000001]},"properties":{"OBJECTID":454,"F_Site_Name":"BANGOR NAVAL SUBMARINE BASE","Identifier":"WA5170027291","City":"SILVERDALE","State":" WA","EPA_Region":"10","Link":"https://www.epa.gov/superfund/bangor-submarine","Latitude":47.699,"Longitude":-122.7131,"Data_System":"SEMS","Programs":null,"Site_Type":"Federal","NPL_Site":"Yes","NPL_Status":"Final","Superfund_Alternative_Approach":"No","Address":"CLEAR CREEK ROAD, BLDG. 110","County":"KITSAP","ZIP_Code":"98315"}},{"type":"Feature","id":455,"geometry":{"type":"Point","coordinates":[-147.0492,64.67145]},"properties":{"OBJECTID":455,"F_Site_Name":"EIELSON AIR FORCE BASE","Identifier":"AK1570028646","City":"FAIRBANKS","State":" AK","EPA_Region":"10","Link":"https://www.epa.gov/superfund/eielson-afb","Latitude":64.67145,"Longitude":-147.0492,"Data_System":"SEMS","Programs":null,"Site_Type":"Federal","NPL_Site":"Yes","NPL_Status":"Final","Superfund_Alternative_Approach":"No","Address":"HIGHWAY 2 - 16 MI SE OF FAIRBANKS","County":"FAIRBANKS NORTH STAR","ZIP_Code":"99702"}},{"type":"Feature","id":456,"geometry":{"type":"Point","coordinates":[-149.7917,61.2541690000001]},"properties":{"OBJECTID":456,"F_Site_Name":"ELMENDORF AIR FORCE BASE","Identifier":"AK8570028649","City":"ANCHORAGE","State":" AK","EPA_Region":"10","Link":"https://www.epa.gov/superfund/elmendorf-afb","Latitude":61.254169,"Longitude":-149.7917,"Data_System":"SEMS","Programs":null,"Site_Type":"Federal","NPL_Site":"Yes","NPL_Status":"Final","Superfund_Alternative_Approach":"No","Address":"N BOUNDRY OF CITY LIMITS","County":"-","ZIP_Code":"99506"}},{"type":"Feature","id":457,"geometry":{"type":"Point","coordinates":[-117.6462,47.6283310000001]},"properties":{"OBJECTID":457,"F_Site_Name":"FAIRCHILD AIR FORCE BASE (4 WASTE AREAS)","Identifier":"WA9571924647","City":"SPOKANE","State":" WA","EPA_Region":"10","Link":"https://www.epa.gov/superfund/fairchild-afb","Latitude":47.628331,"Longitude":-117.6462,"Data_System":"SEMS","Programs":null,"Site_Type":"Federal","NPL_Site":"Yes","NPL_Status":"Final","Superfund_Alternative_Approach":"No","Address":"US HIGHWAY 2 W OF SPOKANE","County":"SPOKANE","ZIP_Code":"99011"}},{"type":"Feature","id":458,"geometry":{"type":"Point","coordinates":[-122.5365,47.1142]},"properties":{"OBJECTID":458,"F_Site_Name":"FORT LEWIS LOGISTICS CENTER","Identifier":"WA7210090067","City":"TILLICUM","State":" WA","EPA_Region":"10","Link":"https://www.epa.gov/superfund/fort-lewis-logistics","Latitude":47.1142,"Longitude":-122.5365,"Data_System":"SEMS","Programs":null,"Site_Type":"Federal","NPL_Site":"Yes","NPL_Status":"Final","Superfund_Alternative_Approach":"No","Address":"T19N R2E SECS 21,22,26,27","County":"PIERCE","ZIP_Code":"98433"}},{"type":"Feature","id":459,"geometry":{"type":"Point","coordinates":[-149.7,61.2583330000001]},"properties":{"OBJECTID":459,"F_Site_Name":"FORT RICHARDSON (USARMY)","Identifier":"AK6214522157","City":"ANCHORAGE","State":" AK","EPA_Region":"10","Link":"https://www.epa.gov/superfund/fort-richardson","Latitude":61.258333,"Longitude":-149.7,"Data_System":"SEMS","Programs":null,"Site_Type":"Federal","NPL_Site":"Yes","NPL_Status":"Final","Superfund_Alternative_Approach":"No","Address":"Postal Address is unavailable for the Site","County":"-","ZIP_Code":"99505"}},{"type":"Feature","id":460,"geometry":{"type":"Point","coordinates":[-147.6106,64.823]},"properties":{"OBJECTID":460,"F_Site_Name":"FORT WAINWRIGHT","Identifier":"AK6210022426","City":"FORT WAINWRIGHT","State":" AK","EPA_Region":"10","Link":"https://www.epa.gov/superfund/fort-wainwright","Latitude":64.823,"Longitude":-147.6106,"Data_System":"SEMS","Programs":null,"Site_Type":"Federal","NPL_Site":"Yes","NPL_Status":"Final","Superfund_Alternative_Approach":"No","Address":"RICHARDSON HWY, SE OF CY","County":"-","ZIP_Code":"99703"}},{"type":"Feature","id":461,"geometry":{"type":"Point","coordinates":[-119.4829,46.7011000000001]},"properties":{"OBJECTID":461,"F_Site_Name":"HANFORD 100-AREA (USDOE)","Identifier":"WA3890090076","City":"BENTON COUNTY","State":" WA","EPA_Region":"10","Link":"https://www.epa.gov/superfund/hanford-100","Latitude":46.7011,"Longitude":-119.4829,"Data_System":"SEMS","Programs":null,"Site_Type":"Federal","NPL_Site":"Yes","NPL_Status":"Final","Superfund_Alternative_Approach":"No","Address":"100 AREA","County":"BENTON","ZIP_Code":"99352"}},{"type":"Feature","id":462,"geometry":{"type":"Point","coordinates":[-119.6049,46.5633310000001]},"properties":{"OBJECTID":462,"F_Site_Name":"HANFORD 200-AREA (USDOE)","Identifier":"WA1890090078","City":"BENTON COUNTY","State":" WA","EPA_Region":"10","Link":"https://www.epa.gov/superfund/hanford-200","Latitude":46.563331,"Longitude":-119.6049,"Data_System":"SEMS","Programs":null,"Site_Type":"Federal","NPL_Site":"Yes","NPL_Status":"Final","Superfund_Alternative_Approach":"No","Address":"200 AREA","County":"BENTON","ZIP_Code":"99352"}},{"type":"Feature","id":463,"geometry":{"type":"Point","coordinates":[-119.2752,46.3703000000001]},"properties":{"OBJECTID":463,"F_Site_Name":"HANFORD 300-AREA (USDOE)","Identifier":"WA2890090077","City":"BENTON COUNTY","State":" WA","EPA_Region":"10","Link":"https://www.epa.gov/superfund/hanford-300","Latitude":46.3703,"Longitude":-119.2752,"Data_System":"SEMS","Programs":null,"Site_Type":"Federal","NPL_Site":"Yes","NPL_Status":"Final","Superfund_Alternative_Approach":"No","Address":"300 AREA","County":"BENTON","ZIP_Code":"99352"}},{"type":"Feature","id":464,"geometry":{"type":"Point","coordinates":[-119.2848,46.3231000000001]},"properties":{"OBJECTID":464,"F_Site_Name":"HANFORD 1100-AREA (USDOE)","Identifier":"WA4890090075","City":"BENTON COUNTY","State":" WA","EPA_Region":"10","Link":"https://www.epa.gov/superfund/hanford-1100","Latitude":46.3231,"Longitude":-119.2848,"Data_System":"SEMS","Programs":null,"Site_Type":"Federal","NPL_Site":"Yes","NPL_Status":"Deleted","Superfund_Alternative_Approach":"No","Address":"1100 AREA","County":"BENTON","ZIP_Code":"99352"}},{"type":"Feature","id":465,"geometry":{"type":"Point","coordinates":[-112.9435,43.529389]},"properties":{"OBJECTID":465,"F_Site_Name":"IDAHO NATIONAL ENGINEERING LABORATORY (USDOE)","Identifier":"ID4890008952","City":"IDAHO FALLS","State":" ID","EPA_Region":"10","Link":"https://www.epa.gov/superfund/idaho-national-laboratory","Latitude":43.529389,"Longitude":-112.9435,"Data_System":"SEMS","Programs":null,"Site_Type":"Federal","NPL_Site":"Yes","NPL_Status":"Final","Superfund_Alternative_Approach":"No","Address":"AEC TESTING RESERVATION","County":"-","ZIP_Code":"83401"}},{"type":"Feature","id":466,"geometry":{"type":"Point","coordinates":[-122.695972,47.5886100000001]},"properties":{"OBJECTID":466,"F_Site_Name":"JACKSON PARK HOUSING COMPLEX (USNAVY)","Identifier":"WA3170090044","City":"KITSAP COUNTY","State":" WA","EPA_Region":"10","Link":"https://www.epa.gov/superfund/jackson-park","Latitude":47.58861,"Longitude":-122.695972,"Data_System":"SEMS","Programs":null,"Site_Type":"Federal","NPL_Site":"Yes","NPL_Status":"Final","Superfund_Alternative_Approach":"No","Address":"Postal Address is unavailable for the Site","County":"KITSAP","ZIP_Code":"98312"}},{"type":"Feature","id":467,"geometry":{"type":"Point","coordinates":[-122.4889,47.1411110000001]},"properties":{"OBJECTID":467,"F_Site_Name":"MCCHORD AIR FORCE BASE (WASH RACK/TREATMENT AREA)","Identifier":"WA8570024200","City":"TACOMA","State":" WA","EPA_Region":"10","Link":"https://www.epa.gov/superfund/mcchord-afb","Latitude":47.141111,"Longitude":-122.4889,"Data_System":"SEMS","Programs":null,"Site_Type":"Federal","NPL_Site":"Yes","NPL_Status":"Deleted","Superfund_Alternative_Approach":"No","Address":"MERIDIAN ST - 62ABG/DEEV","County":"PIERCE","ZIP_Code":"98438"}},{"type":"Feature","id":468,"geometry":{"type":"Point","coordinates":[-119.315556,47.2047220000001]},"properties":{"OBJECTID":468,"F_Site_Name":"MOSES LAKE WELLFIELD CONTAMINATION","Identifier":"WAD988466355","City":"MOSES LAKE","State":" WA","EPA_Region":"10","Link":"https://www.epa.gov/superfund/moses-lake-wellfield","Latitude":47.204722,"Longitude":-119.315556,"Data_System":"SEMS","Programs":null,"Site_Type":"Private","NPL_Site":"Yes","NPL_Status":"Final","Superfund_Alternative_Approach":"No","Address":"GRANT CO. AIRPORT","County":"GRANT","ZIP_Code":"98837"}},{"type":"Feature","id":469,"geometry":{"type":"Point","coordinates":[-115.8647,43.04805]},"properties":{"OBJECTID":469,"F_Site_Name":"MOUNTAIN HOME AIR FORCE BASE","Identifier":"ID3572124557","City":"MOUNTAIN HOME","State":" ID","EPA_Region":"10","Link":"https://www.epa.gov/superfund/mountain-home-afb","Latitude":43.04805,"Longitude":-115.8647,"Data_System":"SEMS","Programs":null,"Site_Type":"Federal","NPL_Site":"Yes","NPL_Status":"Final","Superfund_Alternative_Approach":"No","Address":"HWY 67, 10 MI W OF CY","County":"ELMORE","ZIP_Code":"83648"}},{"type":"Feature","id":470,"geometry":{"type":"Point","coordinates":[-122.6637,48.3442190000001]},"properties":{"OBJECTID":470,"F_Site_Name":"NAVAL AIR STATION, WHIDBEY ISLAND (AULT FIELD)","Identifier":"WA5170090059","City":"WHIDBEY ISLAND","State":" WA","EPA_Region":"10","Link":"https://www.epa.gov/superfund/whidbey-nas-ault","Latitude":48.344219,"Longitude":-122.6637,"Data_System":"SEMS","Programs":null,"Site_Type":"Federal","NPL_Site":"Yes","NPL_Status":"Final","Superfund_Alternative_Approach":"No","Address":"UNSPECIFIED","County":"ISLAND","ZIP_Code":"98278"}},{"type":"Feature","id":471,"geometry":{"type":"Point","coordinates":[-122.6133,48.29945]},"properties":{"OBJECTID":471,"F_Site_Name":"NAVAL AIR STATION, WHIDBEY ISLAND (SEAPLANE BASE)","Identifier":"WA6170090058","City":"WHIDBEY ISLAND","State":" WA","EPA_Region":"10","Link":"https://www.epa.gov/superfund/whidbey-nas-seaplane","Latitude":48.29945,"Longitude":-122.6133,"Data_System":"SEMS","Programs":null,"Site_Type":"Federal","NPL_Site":"Yes","NPL_Status":"Deleted","Superfund_Alternative_Approach":"No","Address":"1 MI NE OF E PIONEER WAY \u0026 TORPEDO INTSC","County":"ISLAND","ZIP_Code":"98278"}},{"type":"Feature","id":472,"geometry":{"type":"Point","coordinates":[-122.622,47.6946]},"properties":{"OBJECTID":472,"F_Site_Name":"NAVAL UNDERSEA WARFARE ENGINEERING STATION (4 WASTE AREAS)","Identifier":"WA1170023419","City":"KEYPORT","State":" WA","EPA_Region":"10","Link":"https://www.epa.gov/superfund/undersea-warfare-station","Latitude":47.6946,"Longitude":-122.622,"Data_System":"SEMS","Programs":null,"Site_Type":"Federal","NPL_Site":"Yes","NPL_Status":"Final","Superfund_Alternative_Approach":"No","Address":"HWY 308, E END","County":"KITSAP","ZIP_Code":"98345"}},{"type":"Feature","id":473,"geometry":{"type":"Point","coordinates":[-122.548055,47.574443]},"properties":{"OBJECTID":473,"F_Site_Name":"OLD NAVY DUMP/MANCHESTER LABORATORY (USEPA/NOAA)","Identifier":"WA8680030931","City":"MANCHESTER","State":" WA","EPA_Region":"10","Link":"https://www.epa.gov/superfund/old-navy-dump","Latitude":47.574443,"Longitude":-122.548055,"Data_System":"SEMS","Programs":null,"Site_Type":"Federal","NPL_Site":"Yes","NPL_Status":"Final","Superfund_Alternative_Approach":"No","Address":"7411 Beach Dr E","County":"KITSAP","ZIP_Code":"98352"}},{"type":"Feature","id":474,"geometry":{"type":"Point","coordinates":[-122.729583,48.083471]},"properties":{"OBJECTID":474,"F_Site_Name":"PORT HADLOCK DETACHMENT (USNAVY)","Identifier":"WA4170090001","City":"INDIAN ISLAND","State":" WA","EPA_Region":"10","Link":"https://www.epa.gov/superfund/port-hadlock-detachment","Latitude":48.083471,"Longitude":-122.729583,"Data_System":"SEMS","Programs":null,"Site_Type":"Federal","NPL_Site":"Yes","NPL_Status":"Deleted","Superfund_Alternative_Approach":"No","Address":"Postal Address is unavailable for the Site","County":"JEFFERSON","ZIP_Code":"98358"}},{"type":"Feature","id":475,"geometry":{"type":"Point","coordinates":[-122.647222,47.5591660000001]},"properties":{"OBJECTID":475,"F_Site_Name":"PUGET SOUND NAVAL SHIPYARD COMPLEX","Identifier":"WA2170023418","City":"BREMERTON","State":" WA","EPA_Region":"10","Link":"https://www.epa.gov/superfund/puget-sound-naval-shipyard","Latitude":47.559166,"Longitude":-122.647222,"Data_System":"SEMS","Programs":null,"Site_Type":"Federal","NPL_Site":"Yes","NPL_Status":"Final","Superfund_Alternative_Approach":"No","Address":"Postal Address is unavailable for the Site","County":"KITSAP","ZIP_Code":"98310"}},{"type":"Feature","id":476,"geometry":{"type":"Point","coordinates":[-119.45,45.8361110000001]},"properties":{"OBJECTID":476,"F_Site_Name":"UMATILLA ARMY DEPOT (LAGOONS)","Identifier":"OR6213820917","City":"HERMISTON","State":" OR","EPA_Region":"10","Link":"https://www.epa.gov/superfund/umatilla-army-depot","Latitude":45.836111,"Longitude":-119.45,"Data_System":"SEMS","Programs":null,"Site_Type":"Federal","NPL_Site":"Yes","NPL_Status":"Final","Superfund_Alternative_Approach":"No","Address":"I-84 \u0026 EXIT 178","County":"MORROW","ZIP_Code":"97844"}}]}
