{"type":"FeatureCollection","name":"EPA Water Quality Portal PFAS detections in Air","metadata":{"source":"EPA PFAS Analytic Tools layer: Water Quality Portal","source_url":"https://services.arcgis.com/cJ9YHowT8TU7DUyn/ArcGIS/rest/services/PFAS_Analytic_Tools_Layers/FeatureServer/17","selection":"Records marked PFAS Detected with Environmental Media Name = Air, downloaded 2026-08-16","caveat":"Results reflect different sampling programs, analytical methods, units, and repeated locations. Compare only compatible samples."},"features":[{"type":"Feature","geometry":{"type":"Point","coordinates":[-81.6785,41.4921000000001]},"properties":{"F_Monitoring_Location_Identifier":"EPA_GLNPO-CLV","Location_Name":"Cleveland (IADN CLV)","State":" OH","EPA_Region":"05","Organization":"EPA Great Lakes National Program","Environmental_Media_Name":"Air","Activity_Media_Subdivision_Name":"Air moisture","Project_Name":"IADN-US 2021","PFAS_Chemical_Name":"Sodium perfluoro-1-hexane[18O2]sulfonate","Result_Measure_Value":111.94,"Result_Unit_of_Measure":"%"}},{"type":"Feature","geometry":{"type":"Point","coordinates":[-81.6785,41.4921000000001]},"properties":{"F_Monitoring_Location_Identifier":"EPA_GLNPO-CLV","Location_Name":"Cleveland (IADN CLV)","State":" OH","EPA_Region":"05","Organization":"EPA Great Lakes National Program","Environmental_Media_Name":"Air","Activity_Media_Subdivision_Name":"Air moisture","Project_Name":"IADN-US 2021","PFAS_Chemical_Name":"Heptafluorobutyric acid***retired***use Perfluorobutanoic acid","Result_Measure_Value__ppt_":1.261673518411,"Result_Measure_Value":1261.673518411,"Result_Unit_of_Measure":"pg/L"}},{"type":"Feature","geometry":{"type":"Point","coordinates":[-81.6785,41.4921000000001]},"properties":{"F_Monitoring_Location_Identifier":"EPA_GLNPO-CLV","Location_Name":"Cleveland (IADN CLV)","State":" OH","EPA_Region":"05","Organization":"EPA Great Lakes National Program","Environmental_Media_Name":"Air","Activity_Media_Subdivision_Name":"Air moisture","Project_Name":"IADN-US 2021","PFAS_Chemical_Name":"6:2 Fluorotelomer sulfonate acid","Result_Measure_Value__ppt_":0.47942318637952,"Result_Measure_Value":479.42318637952,"Result_Unit_of_Measure":"pg/L"}},{"type":"Feature","geometry":{"type":"Point","coordinates":[-81.6785,41.4921000000001]},"properties":{"F_Monitoring_Location_Identifier":"EPA_GLNPO-CLV","Location_Name":"Cleveland (IADN CLV)","State":" OH","EPA_Region":"05","Organization":"EPA Great Lakes National Program","Environmental_Media_Name":"Air","Activity_Media_Subdivision_Name":"Air moisture","Project_Name":"IADN-US 2021","PFAS_Chemical_Name":"Perfluorononanoic acid","CAS_Number":"375-95-1","Result_Measure_Value__ppt_":0.21681111112316,"Result_Measure_Value":216.811111123156,"Result_Unit_of_Measure":"pg/L"}},{"type":"Feature","geometry":{"type":"Point","coordinates":[-81.6785,41.4921000000001]},"properties":{"F_Monitoring_Location_Identifier":"EPA_GLNPO-CLV","Location_Name":"Cleveland (IADN CLV)","State":" OH","EPA_Region":"05","Organization":"EPA Great Lakes National Program","Environmental_Media_Name":"Air","Activity_Media_Subdivision_Name":"Air moisture","Project_Name":"IADN-US 2021","PFAS_Chemical_Name":"Perfluoro[1,2-13C2]tetradecanoic acid","Result_Measure_Value":79.56,"Result_Unit_of_Measure":"%"}},{"type":"Feature","geometry":{"type":"Point","coordinates":[-81.6785,41.4921000000001]},"properties":{"F_Monitoring_Location_Identifier":"EPA_GLNPO-CLV","Location_Name":"Cleveland (IADN CLV)","State":" OH","EPA_Region":"05","Organization":"EPA Great Lakes National Program","Environmental_Media_Name":"Air","Activity_Media_Subdivision_Name":"Air moisture","Project_Name":"IADN-US 2021","PFAS_Chemical_Name":"Perfluoroheptanoic acid","CAS_Number":"375-85-9","Result_Measure_Value__ppt_":0.31941111112886,"Result_Measure_Value":319.411111128856,"Result_Unit_of_Measure":"pg/L"}},{"type":"Feature","geometry":{"type":"Point","coordinates":[-81.6785,41.4921000000001]},"properties":{"F_Monitoring_Location_Identifier":"EPA_GLNPO-CLV","Location_Name":"Cleveland (IADN CLV)","State":" OH","EPA_Region":"05","Organization":"EPA Great Lakes National Program","Environmental_Media_Name":"Air","Activity_Media_Subdivision_Name":"Air moisture","Project_Name":"IADN-US 2021","PFAS_Chemical_Name":"Perfluorononanoic acid","CAS_Number":"375-95-1","Result_Measure_Value__ppt_":0.20802588849677,"Result_Measure_Value":208.025888496769,"Result_Unit_of_Measure":"pg/L"}},{"type":"Feature","geometry":{"type":"Point","coordinates":[-81.6785,41.4921000000001]},"properties":{"F_Monitoring_Location_Identifier":"EPA_GLNPO-CLV","Location_Name":"Cleveland (IADN CLV)","State":" OH","EPA_Region":"05","Organization":"EPA Great Lakes National Program","Environmental_Media_Name":"Air","Activity_Media_Subdivision_Name":"Air moisture","Project_Name":"IADN-US 2021","PFAS_Chemical_Name":"Perfluoro[1,2-13C2]hexanoic acid","Result_Measure_Value":70.54,"Result_Unit_of_Measure":"%"}},{"type":"Feature","geometry":{"type":"Point","coordinates":[-81.6785,41.4921000000001]},"properties":{"F_Monitoring_Location_Identifier":"EPA_GLNPO-CLV","Location_Name":"Cleveland (IADN CLV)","State":" OH","EPA_Region":"05","Organization":"EPA Great Lakes National Program","Environmental_Media_Name":"Air","Activity_Media_Subdivision_Name":"Air moisture","Project_Name":"IADN-US 2021","PFAS_Chemical_Name":"Perfluorohexanoic acid","CAS_Number":"307-24-4","Result_Measure_Value__ppt_":0.4525,"Result_Measure_Value":452.5,"Result_Unit_of_Measure":"pg/L"}},{"type":"Feature","geometry":{"type":"Point","coordinates":[-81.6785,41.4921000000001]},"properties":{"F_Monitoring_Location_Identifier":"EPA_GLNPO-CLV","Location_Name":"Cleveland (IADN CLV)","State":" OH","EPA_Region":"05","Organization":"EPA Great Lakes National Program","Environmental_Media_Name":"Air","Activity_Media_Subdivision_Name":"Air moisture","Project_Name":"IADN-US 2021","PFAS_Chemical_Name":"Sodium perfluoro-1-hexane[18O2]sulfonate","Result_Measure_Value":97.02,"Result_Unit_of_Measure":"%"}},{"type":"Feature","geometry":{"type":"Point","coordinates":[-81.6785,41.4921000000001]},"properties":{"F_Monitoring_Location_Identifier":"EPA_GLNPO-CLV","Location_Name":"Cleveland (IADN CLV)","State":" OH","EPA_Region":"05","Organization":"EPA Great Lakes National Program","Environmental_Media_Name":"Air","Activity_Media_Subdivision_Name":"Air moisture","Project_Name":"IADN-US 2021","PFAS_Chemical_Name":"Perfluoro[1,2-13C2]undecanoic acid","CAS_Number":"960315-51-9","Result_Measure_Value":78.075,"Result_Unit_of_Measure":"%"}},{"type":"Feature","geometry":{"type":"Point","coordinates":[-81.6785,41.4921000000001]},"properties":{"F_Monitoring_Location_Identifier":"EPA_GLNPO-CLV","Location_Name":"Cleveland (IADN CLV)","State":" OH","EPA_Region":"05","Organization":"EPA Great Lakes National Program","Environmental_Media_Name":"Air","Activity_Media_Subdivision_Name":"Air moisture","Project_Name":"IADN-US 2021","PFAS_Chemical_Name":"Perfluorovaleric acid","CAS_Number":"2706-90-3","Result_Measure_Value__ppt_":0.79138827397045,"Result_Measure_Value":791.388273970448,"Result_Unit_of_Measure":"pg/L"}},{"type":"Feature","geometry":{"type":"Point","coordinates":[-81.6785,41.4921000000001]},"properties":{"F_Monitoring_Location_Identifier":"EPA_GLNPO-CLV","Location_Name":"Cleveland (IADN CLV)","State":" OH","EPA_Region":"05","Organization":"EPA Great Lakes National Program","Environmental_Media_Name":"Air","Activity_Media_Subdivision_Name":"Air moisture","Project_Name":"IADN-US 2021","PFAS_Chemical_Name":"Perfluoroheptanoic acid","CAS_Number":"375-85-9","Result_Measure_Value__ppt_":0.43151760523358,"Result_Measure_Value":431.51760523358,"Result_Unit_of_Measure":"pg/L"}},{"type":"Feature","geometry":{"type":"Point","coordinates":[-81.6785,41.4921000000001]},"properties":{"F_Monitoring_Location_Identifier":"EPA_GLNPO-CLV","Location_Name":"Cleveland (IADN CLV)","State":" OH","EPA_Region":"05","Organization":"EPA Great Lakes National Program","Environmental_Media_Name":"Air","Activity_Media_Subdivision_Name":"Air moisture","Project_Name":"IADN-US 2021","PFAS_Chemical_Name":"Perfluoro[1,2-13C2]tetradecanoic acid","Result_Measure_Value":97.41,"Result_Unit_of_Measure":"%"}},{"type":"Feature","geometry":{"type":"Point","coordinates":[-81.6785,41.4921000000001]},"properties":{"F_Monitoring_Location_Identifier":"EPA_GLNPO-CLV","Location_Name":"Cleveland (IADN CLV)","State":" OH","EPA_Region":"05","Organization":"EPA Great Lakes National Program","Environmental_Media_Name":"Air","Activity_Media_Subdivision_Name":"Air moisture","Project_Name":"IADN-US 2021","PFAS_Chemical_Name":"Perfluoro[1,2-13C2]undecanoic acid","CAS_Number":"960315-51-9","Result_Measure_Value":89.11,"Result_Unit_of_Measure":"%"}},{"type":"Feature","geometry":{"type":"Point","coordinates":[-81.6785,41.4921000000001]},"properties":{"F_Monitoring_Location_Identifier":"EPA_GLNPO-CLV","Location_Name":"Cleveland (IADN CLV)","State":" OH","EPA_Region":"05","Organization":"EPA Great Lakes National Program","Environmental_Media_Name":"Air","Activity_Media_Subdivision_Name":"Air moisture","Project_Name":"IADN-US 2021","PFAS_Chemical_Name":"Perfluorooctane sulfonic acid","CAS_Number":"1763-23-1","Result_Measure_Value__ppt_":0.36169458130359,"Result_Measure_Value":361.694581303594,"Result_Unit_of_Measure":"pg/L"}},{"type":"Feature","geometry":{"type":"Point","coordinates":[-81.6785,41.4921000000001]},"properties":{"F_Monitoring_Location_Identifier":"EPA_GLNPO-CLV","Location_Name":"Cleveland (IADN CLV)","State":" OH","EPA_Region":"05","Organization":"EPA Great Lakes National Program","Environmental_Media_Name":"Air","Activity_Media_Subdivision_Name":"Air moisture","Project_Name":"IADN-US 2021","PFAS_Chemical_Name":"Sodium perfluoro-1-hexane[18O2]sulfonate","Result_Measure_Value":102.915,"Result_Unit_of_Measure":"%"}},{"type":"Feature","geometry":{"type":"Point","coordinates":[-81.6785,41.4921000000001]},"properties":{"F_Monitoring_Location_Identifier":"EPA_GLNPO-CLV","Location_Name":"Cleveland (IADN CLV)","State":" OH","EPA_Region":"05","Organization":"EPA Great Lakes National Program","Environmental_Media_Name":"Air","Activity_Media_Subdivision_Name":"Air moisture","Project_Name":"IADN-US 2021","PFAS_Chemical_Name":"Perfluoro[1,2-13C2]undecanoic acid","CAS_Number":"960315-51-9","Result_Measure_Value":87.5,"Result_Unit_of_Measure":"%"}},{"type":"Feature","geometry":{"type":"Point","coordinates":[-81.6785,41.4921000000001]},"properties":{"F_Monitoring_Location_Identifier":"EPA_GLNPO-CLV","Location_Name":"Cleveland (IADN CLV)","State":" OH","EPA_Region":"05","Organization":"EPA Great Lakes National Program","Environmental_Media_Name":"Air","Activity_Media_Subdivision_Name":"Air moisture","Project_Name":"IADN-US 2021","PFAS_Chemical_Name":"Perfluorohexanoic acid","CAS_Number":"307-24-4","Result_Measure_Value__ppt_":0.72916240186009,"Result_Measure_Value":729.162401860093,"Result_Unit_of_Measure":"pg/L"}},{"type":"Feature","geometry":{"type":"Point","coordinates":[-81.6785,41.4921000000001]},"properties":{"F_Monitoring_Location_Identifier":"EPA_GLNPO-CLV","Location_Name":"Cleveland (IADN CLV)","State":" OH","EPA_Region":"05","Organization":"EPA Great Lakes National Program","Environmental_Media_Name":"Air","Activity_Media_Subdivision_Name":"Air moisture","Project_Name":"IADN-US 2021","PFAS_Chemical_Name":"Perfluorooctanoic acid","CAS_Number":"335-67-1","Result_Measure_Value__ppt_":0.41998906711024,"Result_Measure_Value":419.989067110239,"Result_Unit_of_Measure":"pg/L"}},{"type":"Feature","geometry":{"type":"Point","coordinates":[-81.6785,41.4921000000001]},"properties":{"F_Monitoring_Location_Identifier":"EPA_GLNPO-CLV","Location_Name":"Cleveland (IADN CLV)","State":" OH","EPA_Region":"05","Organization":"EPA Great Lakes National Program","Environmental_Media_Name":"Air","Activity_Media_Subdivision_Name":"Air moisture","Project_Name":"IADN-US 2021","PFAS_Chemical_Name":"Perfluoro[1,2-13C2]undecanoic acid","CAS_Number":"960315-51-9","Result_Measure_Value":97.615,"Result_Unit_of_Measure":"%"}},{"type":"Feature","geometry":{"type":"Point","coordinates":[-81.6785,41.4921000000001]},"properties":{"F_Monitoring_Location_Identifier":"EPA_GLNPO-CLV","Location_Name":"Cleveland (IADN CLV)","State":" OH","EPA_Region":"05","Organization":"EPA Great Lakes National Program","Environmental_Media_Name":"Air","Activity_Media_Subdivision_Name":"Air moisture","Project_Name":"IADN-US 2021","PFAS_Chemical_Name":"Perfluorovaleric acid","CAS_Number":"2706-90-3","Result_Measure_Value__ppt_":0.22827817648593,"Result_Measure_Value":228.278176485932,"Result_Unit_of_Measure":"pg/L"}},{"type":"Feature","geometry":{"type":"Point","coordinates":[-81.6785,41.4921000000001]},"properties":{"F_Monitoring_Location_Identifier":"EPA_GLNPO-CLV","Location_Name":"Cleveland (IADN CLV)","State":" OH","EPA_Region":"05","Organization":"EPA Great Lakes National Program","Environmental_Media_Name":"Air","Activity_Media_Subdivision_Name":"Air moisture","Project_Name":"IADN-US 2021","PFAS_Chemical_Name":"Perfluorooctanoic acid","CAS_Number":"335-67-1","Result_Measure_Value__ppt_":1.545,"Result_Measure_Value":1545,"Result_Unit_of_Measure":"pg/L"}},{"type":"Feature","geometry":{"type":"Point","coordinates":[-81.6785,41.4921000000001]},"properties":{"F_Monitoring_Location_Identifier":"EPA_GLNPO-CLV","Location_Name":"Cleveland (IADN CLV)","State":" OH","EPA_Region":"05","Organization":"EPA Great Lakes National Program","Environmental_Media_Name":"Air","Activity_Media_Subdivision_Name":"Air moisture","Project_Name":"IADN-US 2021","PFAS_Chemical_Name":"Perfluoro[1,2-13C2]tetradecanoic acid","Result_Measure_Value":81.955,"Result_Unit_of_Measure":"%"}},{"type":"Feature","geometry":{"type":"Point","coordinates":[-81.6785,41.4921000000001]},"properties":{"F_Monitoring_Location_Identifier":"EPA_GLNPO-CLV","Location_Name":"Cleveland (IADN CLV)","State":" OH","EPA_Region":"05","Organization":"EPA Great Lakes National Program","Environmental_Media_Name":"Air","Activity_Media_Subdivision_Name":"Air moisture","Project_Name":"IADN-US 2021","PFAS_Chemical_Name":"Perfluoro[1,2-13C2]undecanoic acid","CAS_Number":"960315-51-9","Result_Measure_Value":84.915,"Result_Unit_of_Measure":"%"}},{"type":"Feature","geometry":{"type":"Point","coordinates":[-81.6785,41.4921000000001]},"properties":{"F_Monitoring_Location_Identifier":"EPA_GLNPO-CLV","Location_Name":"Cleveland (IADN CLV)","State":" OH","EPA_Region":"05","Organization":"EPA Great Lakes National Program","Environmental_Media_Name":"Air","Activity_Media_Subdivision_Name":"Air moisture","Project_Name":"IADN-US 2021","PFAS_Chemical_Name":"Perfluoro[1,2-13C2]tetradecanoic acid","Result_Measure_Value":69.675,"Result_Unit_of_Measure":"%"}},{"type":"Feature","geometry":{"type":"Point","coordinates":[-81.6785,41.4921000000001]},"properties":{"F_Monitoring_Location_Identifier":"EPA_GLNPO-CLV","Location_Name":"Cleveland (IADN CLV)","State":" OH","EPA_Region":"05","Organization":"EPA Great Lakes National Program","Environmental_Media_Name":"Air","Activity_Media_Subdivision_Name":"Air moisture","Project_Name":"IADN-US 2021","PFAS_Chemical_Name":"1-Propanesulfonic acid, 1,1,2,2,3,3,3-heptafluoro-","CAS_Number":"423-41-6","Result_Measure_Value__ppt_":0.57641739126425,"Result_Measure_Value":576.417391264249,"Result_Unit_of_Measure":"pg/L"}},{"type":"Feature","geometry":{"type":"Point","coordinates":[-81.6785,41.4921000000001]},"properties":{"F_Monitoring_Location_Identifier":"EPA_GLNPO-CLV","Location_Name":"Cleveland (IADN CLV)","State":" OH","EPA_Region":"05","Organization":"EPA Great Lakes National Program","Environmental_Media_Name":"Air","Activity_Media_Subdivision_Name":"Air moisture","Project_Name":"IADN-US 2021","PFAS_Chemical_Name":"6:2 Fluorotelomer sulfonate acid","Result_Measure_Value__ppt_":0.63030404644486,"Result_Measure_Value":630.304046444864,"Result_Unit_of_Measure":"pg/L"}},{"type":"Feature","geometry":{"type":"Point","coordinates":[-81.6785,41.4921000000001]},"properties":{"F_Monitoring_Location_Identifier":"EPA_GLNPO-CLV","Location_Name":"Cleveland (IADN CLV)","State":" OH","EPA_Region":"05","Organization":"EPA Great Lakes National Program","Environmental_Media_Name":"Air","Activity_Media_Subdivision_Name":"Air moisture","Project_Name":"IADN-US 2021","PFAS_Chemical_Name":"Perfluorohexanoic acid","CAS_Number":"307-24-4","Result_Measure_Value__ppt_":0.69828220861038,"Result_Measure_Value":698.282208610377,"Result_Unit_of_Measure":"pg/L"}},{"type":"Feature","geometry":{"type":"Point","coordinates":[-81.6785,41.4921000000001]},"properties":{"F_Monitoring_Location_Identifier":"EPA_GLNPO-CLV","Location_Name":"Cleveland (IADN CLV)","State":" OH","EPA_Region":"05","Organization":"EPA Great Lakes National Program","Environmental_Media_Name":"Air","Activity_Media_Subdivision_Name":"Air moisture","Project_Name":"IADN-US 2021","PFAS_Chemical_Name":"Perfluorobutylsulfonamide","CAS_Number":"30334-69-1","Result_Measure_Value__ppt_":0.12561970444142,"Result_Measure_Value":125.619704441418,"Result_Unit_of_Measure":"pg/L"}},{"type":"Feature","geometry":{"type":"Point","coordinates":[-81.6785,41.4921000000001]},"properties":{"F_Monitoring_Location_Identifier":"EPA_GLNPO-CLV","Location_Name":"Cleveland (IADN CLV)","State":" OH","EPA_Region":"05","Organization":"EPA Great Lakes National Program","Environmental_Media_Name":"Air","Activity_Media_Subdivision_Name":"Air moisture","Project_Name":"IADN-US 2021","PFAS_Chemical_Name":"Perfluorobutylsulfonamide","CAS_Number":"30334-69-1","Result_Measure_Value__ppt_":0.33220066889632,"Result_Measure_Value":332.200668896321,"Result_Unit_of_Measure":"pg/L"}},{"type":"Feature","geometry":{"type":"Point","coordinates":[-81.6785,41.4921000000001]},"properties":{"F_Monitoring_Location_Identifier":"EPA_GLNPO-CLV","Location_Name":"Cleveland (IADN CLV)","State":" OH","EPA_Region":"05","Organization":"EPA Great Lakes National Program","Environmental_Media_Name":"Air","Activity_Media_Subdivision_Name":"Air moisture","Project_Name":"IADN-US 2021","PFAS_Chemical_Name":"Perfluorodecanoic acid","CAS_Number":"335-76-2","Result_Measure_Value__ppt_":0.19894366195404,"Result_Measure_Value":198.94366195404,"Result_Unit_of_Measure":"pg/L"}},{"type":"Feature","geometry":{"type":"Point","coordinates":[-81.6785,41.4921000000001]},"properties":{"F_Monitoring_Location_Identifier":"EPA_GLNPO-CLV","Location_Name":"Cleveland (IADN CLV)","State":" OH","EPA_Region":"05","Organization":"EPA Great Lakes National Program","Environmental_Media_Name":"Air","Activity_Media_Subdivision_Name":"Air moisture","Project_Name":"IADN-US 2021","PFAS_Chemical_Name":"Heptafluorobutyric acid***retired***use Perfluorobutanoic acid","Result_Measure_Value__ppt_":3.1726777331153,"Result_Measure_Value":3172.6777331153,"Result_Unit_of_Measure":"pg/L"}},{"type":"Feature","geometry":{"type":"Point","coordinates":[-81.6785,41.4921000000001]},"properties":{"F_Monitoring_Location_Identifier":"EPA_GLNPO-CLV","Location_Name":"Cleveland (IADN CLV)","State":" OH","EPA_Region":"05","Organization":"EPA Great Lakes National Program","Environmental_Media_Name":"Air","Activity_Media_Subdivision_Name":"Air moisture","Project_Name":"IADN-US 2021","PFAS_Chemical_Name":"Heptafluorobutyric acid***retired***use Perfluorobutanoic acid","Result_Measure_Value__ppt_":0.0404,"Result_Measure_Value":40.4,"Result_Unit_of_Measure":"pg/L"}},{"type":"Feature","geometry":{"type":"Point","coordinates":[-81.6785,41.4921000000001]},"properties":{"F_Monitoring_Location_Identifier":"EPA_GLNPO-CLV","Location_Name":"Cleveland (IADN CLV)","State":" OH","EPA_Region":"05","Organization":"EPA Great Lakes National Program","Environmental_Media_Name":"Air","Activity_Media_Subdivision_Name":"Air moisture","Project_Name":"IADN-US 2021","PFAS_Chemical_Name":"Perfluoro[1,2-13C2]hexanoic acid","Result_Measure_Value":76.88,"Result_Unit_of_Measure":"%"}},{"type":"Feature","geometry":{"type":"Point","coordinates":[-81.6785,41.4921000000001]},"properties":{"F_Monitoring_Location_Identifier":"EPA_GLNPO-CLV","Location_Name":"Cleveland (IADN CLV)","State":" OH","EPA_Region":"05","Organization":"EPA Great Lakes National Program","Environmental_Media_Name":"Air","Activity_Media_Subdivision_Name":"Air moisture","Project_Name":"IADN-US 2021","PFAS_Chemical_Name":"Perfluoro[1,2-13C2]tetradecanoic acid","Result_Measure_Value":61.545,"Result_Unit_of_Measure":"%"}},{"type":"Feature","geometry":{"type":"Point","coordinates":[-81.6785,41.4921000000001]},"properties":{"F_Monitoring_Location_Identifier":"EPA_GLNPO-CLV","Location_Name":"Cleveland (IADN CLV)","State":" OH","EPA_Region":"05","Organization":"EPA Great Lakes National Program","Environmental_Media_Name":"Air","Activity_Media_Subdivision_Name":"Air moisture","Project_Name":"IADN-US 2021","PFAS_Chemical_Name":"Perfluorobutylsulfonamide","CAS_Number":"30334-69-1","Result_Measure_Value__ppt_":0.15675173228361,"Result_Measure_Value":156.751732283614,"Result_Unit_of_Measure":"pg/L"}},{"type":"Feature","geometry":{"type":"Point","coordinates":[-81.6785,41.4921000000001]},"properties":{"F_Monitoring_Location_Identifier":"EPA_GLNPO-CLV","Location_Name":"Cleveland (IADN CLV)","State":" OH","EPA_Region":"05","Organization":"EPA Great Lakes National Program","Environmental_Media_Name":"Air","Activity_Media_Subdivision_Name":"Air moisture","Project_Name":"IADN-US 2021","PFAS_Chemical_Name":"Perfluorooctane sulfonic acid","CAS_Number":"1763-23-1","Result_Measure_Value__ppt_":0.63380952380952,"Result_Measure_Value":633.809523809524,"Result_Unit_of_Measure":"pg/L"}},{"type":"Feature","geometry":{"type":"Point","coordinates":[-81.6785,41.4921000000001]},"properties":{"F_Monitoring_Location_Identifier":"EPA_GLNPO-CLV","Location_Name":"Cleveland (IADN CLV)","State":" OH","EPA_Region":"05","Organization":"EPA Great Lakes National Program","Environmental_Media_Name":"Air","Activity_Media_Subdivision_Name":"Air moisture","Project_Name":"IADN-US 2021","PFAS_Chemical_Name":"Perfluorovaleric acid","CAS_Number":"2706-90-3","Result_Measure_Value__ppt_":0.26049564472535,"Result_Measure_Value":260.495644725346,"Result_Unit_of_Measure":"pg/L"}},{"type":"Feature","geometry":{"type":"Point","coordinates":[-81.6785,41.4921000000001]},"properties":{"F_Monitoring_Location_Identifier":"EPA_GLNPO-CLV","Location_Name":"Cleveland (IADN CLV)","State":" OH","EPA_Region":"05","Organization":"EPA Great Lakes National Program","Environmental_Media_Name":"Air","Activity_Media_Subdivision_Name":"Air moisture","Project_Name":"IADN-US 2021","PFAS_Chemical_Name":"Perfluorovaleric acid","CAS_Number":"2706-90-3","Result_Measure_Value__ppt_":0.51799331103679,"Result_Measure_Value":517.993311036789,"Result_Unit_of_Measure":"pg/L"}},{"type":"Feature","geometry":{"type":"Point","coordinates":[-81.6785,41.4921000000001]},"properties":{"F_Monitoring_Location_Identifier":"EPA_GLNPO-CLV","Location_Name":"Cleveland (IADN CLV)","State":" OH","EPA_Region":"05","Organization":"EPA Great Lakes National Program","Environmental_Media_Name":"Air","Activity_Media_Subdivision_Name":"Air moisture","Project_Name":"IADN-US 2021","PFAS_Chemical_Name":"Perfluorononanoic acid","CAS_Number":"375-95-1","Result_Measure_Value__ppt_":0.5724358974359,"Result_Measure_Value":572.435897435897,"Result_Unit_of_Measure":"pg/L"}},{"type":"Feature","geometry":{"type":"Point","coordinates":[-81.6785,41.4921000000001]},"properties":{"F_Monitoring_Location_Identifier":"EPA_GLNPO-CLV","Location_Name":"Cleveland (IADN CLV)","State":" OH","EPA_Region":"05","Organization":"EPA Great Lakes National Program","Environmental_Media_Name":"Air","Activity_Media_Subdivision_Name":"Air moisture","Project_Name":"IADN-US 2021","PFAS_Chemical_Name":"6:2 Fluorotelomer sulfonate acid","Result_Measure_Value__ppt_":0.38656856187291,"Result_Measure_Value":386.56856187291,"Result_Unit_of_Measure":"pg/L"}},{"type":"Feature","geometry":{"type":"Point","coordinates":[-81.6785,41.4921000000001]},"properties":{"F_Monitoring_Location_Identifier":"EPA_GLNPO-CLV","Location_Name":"Cleveland (IADN CLV)","State":" OH","EPA_Region":"05","Organization":"EPA Great Lakes National Program","Environmental_Media_Name":"Air","Activity_Media_Subdivision_Name":"Air moisture","Project_Name":"IADN-US 2021","PFAS_Chemical_Name":"Perfluorohexanoic acid","CAS_Number":"307-24-4","Result_Measure_Value__ppt_":0.9345055880715,"Result_Measure_Value":934.505588071501,"Result_Unit_of_Measure":"pg/L"}},{"type":"Feature","geometry":{"type":"Point","coordinates":[-81.6785,41.4921000000001]},"properties":{"F_Monitoring_Location_Identifier":"EPA_GLNPO-CLV","Location_Name":"Cleveland (IADN CLV)","State":" OH","EPA_Region":"05","Organization":"EPA Great Lakes National Program","Environmental_Media_Name":"Air","Activity_Media_Subdivision_Name":"Air moisture","Project_Name":"IADN-US 2021","PFAS_Chemical_Name":"Perfluoro[1,2-13C2]hexanoic acid","Result_Measure_Value":81.305,"Result_Unit_of_Measure":"%"}},{"type":"Feature","geometry":{"type":"Point","coordinates":[-81.6785,41.4921000000001]},"properties":{"F_Monitoring_Location_Identifier":"EPA_GLNPO-CLV","Location_Name":"Cleveland (IADN CLV)","State":" OH","EPA_Region":"05","Organization":"EPA Great Lakes National Program","Environmental_Media_Name":"Air","Activity_Media_Subdivision_Name":"Air moisture","Project_Name":"IADN-US 2021","PFAS_Chemical_Name":"6:2 Fluorotelomer sulfonate acid","Result_Measure_Value__ppt_":0.30101472994576,"Result_Measure_Value":301.014729945759,"Result_Unit_of_Measure":"pg/L"}},{"type":"Feature","geometry":{"type":"Point","coordinates":[-81.6785,41.4921000000001]},"properties":{"F_Monitoring_Location_Identifier":"EPA_GLNPO-CLV","Location_Name":"Cleveland (IADN CLV)","State":" OH","EPA_Region":"05","Organization":"EPA Great Lakes National Program","Environmental_Media_Name":"Air","Activity_Media_Subdivision_Name":"Air moisture","Project_Name":"IADN-US 2021","PFAS_Chemical_Name":"Sodium perfluoro-1-hexane[18O2]sulfonate","Result_Measure_Value":104.275,"Result_Unit_of_Measure":"%"}},{"type":"Feature","geometry":{"type":"Point","coordinates":[-81.6785,41.4921000000001]},"properties":{"F_Monitoring_Location_Identifier":"EPA_GLNPO-CLV","Location_Name":"Cleveland (IADN CLV)","State":" OH","EPA_Region":"05","Organization":"EPA Great Lakes National Program","Environmental_Media_Name":"Air","Activity_Media_Subdivision_Name":"Air moisture","Project_Name":"IADN-US 2021","PFAS_Chemical_Name":"Sodium perfluoro-1-hexane[18O2]sulfonate","Result_Measure_Value":89.935,"Result_Unit_of_Measure":"%"}},{"type":"Feature","geometry":{"type":"Point","coordinates":[-81.6785,41.4921000000001]},"properties":{"F_Monitoring_Location_Identifier":"EPA_GLNPO-CLV","Location_Name":"Cleveland (IADN CLV)","State":" OH","EPA_Region":"05","Organization":"EPA Great Lakes National Program","Environmental_Media_Name":"Air","Activity_Media_Subdivision_Name":"Air moisture","Project_Name":"IADN-US 2021","PFAS_Chemical_Name":"Heptafluorobutyric acid***retired***use Perfluorobutanoic acid","Result_Measure_Value__ppt_":1.2390260868703,"Result_Measure_Value":1239.02608687033,"Result_Unit_of_Measure":"pg/L"}},{"type":"Feature","geometry":{"type":"Point","coordinates":[-81.6785,41.4921000000001]},"properties":{"F_Monitoring_Location_Identifier":"EPA_GLNPO-CLV","Location_Name":"Cleveland (IADN CLV)","State":" OH","EPA_Region":"05","Organization":"EPA Great Lakes National Program","Environmental_Media_Name":"Air","Activity_Media_Subdivision_Name":"Air moisture","Project_Name":"IADN-US 2021","PFAS_Chemical_Name":"Perfluorobutylsulfonamide","CAS_Number":"30334-69-1","Result_Measure_Value__ppt_":0.090453216367958,"Result_Measure_Value":90.4532163679575,"Result_Unit_of_Measure":"pg/L"}},{"type":"Feature","geometry":{"type":"Point","coordinates":[-81.6785,41.4921000000001]},"properties":{"F_Monitoring_Location_Identifier":"EPA_GLNPO-CLV","Location_Name":"Cleveland (IADN CLV)","State":" OH","EPA_Region":"05","Organization":"EPA Great Lakes National Program","Environmental_Media_Name":"Air","Activity_Media_Subdivision_Name":"Air moisture","Project_Name":"IADN-US 2021","PFAS_Chemical_Name":"Perfluoro[1,2-13C2]hexanoic acid","Result_Measure_Value":71.855,"Result_Unit_of_Measure":"%"}},{"type":"Feature","geometry":{"type":"Point","coordinates":[-81.6785,41.4921000000001]},"properties":{"F_Monitoring_Location_Identifier":"EPA_GLNPO-CLV","Location_Name":"Cleveland (IADN CLV)","State":" OH","EPA_Region":"05","Organization":"EPA Great Lakes National Program","Environmental_Media_Name":"Air","Activity_Media_Subdivision_Name":"Air moisture","Project_Name":"IADN-US 2021","PFAS_Chemical_Name":"Heptafluorobutyric acid***retired***use Perfluorobutanoic acid","Result_Measure_Value__ppt_":1.4412393162393,"Result_Measure_Value":1441.23931623932,"Result_Unit_of_Measure":"pg/L"}},{"type":"Feature","geometry":{"type":"Point","coordinates":[-81.6785,41.4921000000001]},"properties":{"F_Monitoring_Location_Identifier":"EPA_GLNPO-CLV","Location_Name":"Cleveland (IADN CLV)","State":" OH","EPA_Region":"05","Organization":"EPA Great Lakes National Program","Environmental_Media_Name":"Air","Activity_Media_Subdivision_Name":"Air moisture","Project_Name":"IADN-US 2021","PFAS_Chemical_Name":"6:2 Fluorotelomer sulfonate acid","Result_Measure_Value__ppt_":1.1277672854833,"Result_Measure_Value":1127.76728548332,"Result_Unit_of_Measure":"pg/L"}},{"type":"Feature","geometry":{"type":"Point","coordinates":[-81.6785,41.4921000000001]},"properties":{"F_Monitoring_Location_Identifier":"EPA_GLNPO-CLV","Location_Name":"Cleveland (IADN CLV)","State":" OH","EPA_Region":"05","Organization":"EPA Great Lakes National Program","Environmental_Media_Name":"Air","Activity_Media_Subdivision_Name":"Air moisture","Project_Name":"IADN-US 2021","PFAS_Chemical_Name":"Sodium perfluoro-1-hexane[18O2]sulfonate","Result_Measure_Value":116.79,"Result_Unit_of_Measure":"%"}},{"type":"Feature","geometry":{"type":"Point","coordinates":[-81.6785,41.4921000000001]},"properties":{"F_Monitoring_Location_Identifier":"EPA_GLNPO-CLV","Location_Name":"Cleveland (IADN CLV)","State":" OH","EPA_Region":"05","Organization":"EPA Great Lakes National Program","Environmental_Media_Name":"Air","Activity_Media_Subdivision_Name":"Air moisture","Project_Name":"IADN-US 2021","PFAS_Chemical_Name":"Perfluorohexanoic acid","CAS_Number":"307-24-4","Result_Measure_Value__ppt_":0.50730000002818,"Result_Measure_Value":507.300000028183,"Result_Unit_of_Measure":"pg/L"}},{"type":"Feature","geometry":{"type":"Point","coordinates":[-81.6785,41.4921000000001]},"properties":{"F_Monitoring_Location_Identifier":"EPA_GLNPO-CLV","Location_Name":"Cleveland (IADN CLV)","State":" OH","EPA_Region":"05","Organization":"EPA Great Lakes National Program","Environmental_Media_Name":"Air","Activity_Media_Subdivision_Name":"Air moisture","Project_Name":"IADN-US 2021","PFAS_Chemical_Name":"Heptafluorobutyric acid***retired***use Perfluorobutanoic acid","Result_Measure_Value__ppt_":2.6658375427026,"Result_Measure_Value":2665.83754270255,"Result_Unit_of_Measure":"pg/L"}},{"type":"Feature","geometry":{"type":"Point","coordinates":[-81.6785,41.4921000000001]},"properties":{"F_Monitoring_Location_Identifier":"EPA_GLNPO-CLV","Location_Name":"Cleveland (IADN CLV)","State":" OH","EPA_Region":"05","Organization":"EPA Great Lakes National Program","Environmental_Media_Name":"Air","Activity_Media_Subdivision_Name":"Air moisture","Project_Name":"IADN-US 2021","PFAS_Chemical_Name":"6:2 Fluorotelomer sulfonate acid","Result_Measure_Value__ppt_":0.2308,"Result_Measure_Value":230.8,"Result_Unit_of_Measure":"pg/L"}},{"type":"Feature","geometry":{"type":"Point","coordinates":[-81.6785,41.4921000000001]},"properties":{"F_Monitoring_Location_Identifier":"EPA_GLNPO-CLV","Location_Name":"Cleveland (IADN CLV)","State":" OH","EPA_Region":"05","Organization":"EPA Great Lakes National Program","Environmental_Media_Name":"Air","Activity_Media_Subdivision_Name":"Air moisture","Project_Name":"IADN-US 2021","PFAS_Chemical_Name":"Perfluorooctane sulfonic acid","CAS_Number":"1763-23-1","Result_Measure_Value__ppt_":0.2392030783533,"Result_Measure_Value":239.203078353305,"Result_Unit_of_Measure":"pg/L"}},{"type":"Feature","geometry":{"type":"Point","coordinates":[-81.6785,41.4921000000001]},"properties":{"F_Monitoring_Location_Identifier":"EPA_GLNPO-CLV","Location_Name":"Cleveland (IADN CLV)","State":" OH","EPA_Region":"05","Organization":"EPA Great Lakes National Program","Environmental_Media_Name":"Air","Activity_Media_Subdivision_Name":"Air moisture","Project_Name":"IADN-US 2021","PFAS_Chemical_Name":"6:2 Fluorotelomer sulfonate acid","Result_Measure_Value__ppt_":0.72493386244534,"Result_Measure_Value":724.933862445342,"Result_Unit_of_Measure":"pg/L"}},{"type":"Feature","geometry":{"type":"Point","coordinates":[-81.6785,41.4921000000001]},"properties":{"F_Monitoring_Location_Identifier":"EPA_GLNPO-CLV","Location_Name":"Cleveland (IADN CLV)","State":" OH","EPA_Region":"05","Organization":"EPA Great Lakes National Program","Environmental_Media_Name":"Air","Activity_Media_Subdivision_Name":"Air moisture","Project_Name":"IADN-US 2021","PFAS_Chemical_Name":"Perfluoro[1,2-13C2]tetradecanoic acid","Result_Measure_Value":56.125,"Result_Unit_of_Measure":"%"}},{"type":"Feature","geometry":{"type":"Point","coordinates":[-81.6785,41.4921000000001]},"properties":{"F_Monitoring_Location_Identifier":"EPA_GLNPO-CLV","Location_Name":"Cleveland (IADN CLV)","State":" OH","EPA_Region":"05","Organization":"EPA Great Lakes National Program","Environmental_Media_Name":"Air","Activity_Media_Subdivision_Name":"Air moisture","Project_Name":"IADN-US 2021","PFAS_Chemical_Name":"Heptafluorobutyric acid***retired***use Perfluorobutanoic acid","Result_Measure_Value__ppt_":1.599599177544,"Result_Measure_Value":1599.59917754402,"Result_Unit_of_Measure":"pg/L"}},{"type":"Feature","geometry":{"type":"Point","coordinates":[-81.6785,41.4921000000001]},"properties":{"F_Monitoring_Location_Identifier":"EPA_GLNPO-CLV","Location_Name":"Cleveland (IADN CLV)","State":" OH","EPA_Region":"05","Organization":"EPA Great Lakes National Program","Environmental_Media_Name":"Air","Activity_Media_Subdivision_Name":"Air moisture","Project_Name":"IADN-US 2021","PFAS_Chemical_Name":"Perfluorodecanoic acid","CAS_Number":"335-76-2","Result_Measure_Value__ppt_":0.089903932883462,"Result_Measure_Value":89.9039328834618,"Result_Unit_of_Measure":"pg/L"}},{"type":"Feature","geometry":{"type":"Point","coordinates":[-81.6785,41.4921000000001]},"properties":{"F_Monitoring_Location_Identifier":"EPA_GLNPO-CLV","Location_Name":"Cleveland (IADN CLV)","State":" OH","EPA_Region":"05","Organization":"EPA Great Lakes National Program","Environmental_Media_Name":"Air","Activity_Media_Subdivision_Name":"Air moisture","Project_Name":"IADN-US 2021","PFAS_Chemical_Name":"Perfluoro[1,2-13C2]undecanoic acid","CAS_Number":"960315-51-9","Result_Measure_Value":72.57,"Result_Unit_of_Measure":"%"}},{"type":"Feature","geometry":{"type":"Point","coordinates":[-81.6785,41.4921000000001]},"properties":{"F_Monitoring_Location_Identifier":"EPA_GLNPO-CLV","Location_Name":"Cleveland (IADN CLV)","State":" OH","EPA_Region":"05","Organization":"EPA Great Lakes National Program","Environmental_Media_Name":"Air","Activity_Media_Subdivision_Name":"Air moisture","Project_Name":"IADN-US 2021","PFAS_Chemical_Name":"Sodium perfluoro-1-hexane[18O2]sulfonate","Result_Measure_Value":89.27,"Result_Unit_of_Measure":"%"}},{"type":"Feature","geometry":{"type":"Point","coordinates":[-81.6785,41.4921000000001]},"properties":{"F_Monitoring_Location_Identifier":"EPA_GLNPO-CLV","Location_Name":"Cleveland (IADN CLV)","State":" OH","EPA_Region":"05","Organization":"EPA Great Lakes National Program","Environmental_Media_Name":"Air","Activity_Media_Subdivision_Name":"Air moisture","Project_Name":"IADN-US 2021","PFAS_Chemical_Name":"Perfluorohexanoic acid","CAS_Number":"307-24-4","Result_Measure_Value__ppt_":0.72461807885491,"Result_Measure_Value":724.618078854906,"Result_Unit_of_Measure":"pg/L"}},{"type":"Feature","geometry":{"type":"Point","coordinates":[-81.6785,41.4921000000001]},"properties":{"F_Monitoring_Location_Identifier":"EPA_GLNPO-CLV","Location_Name":"Cleveland (IADN CLV)","State":" OH","EPA_Region":"05","Organization":"EPA Great Lakes National Program","Environmental_Media_Name":"Air","Activity_Media_Subdivision_Name":"Air moisture","Project_Name":"IADN-US 2021","PFAS_Chemical_Name":"Heptafluorobutyric acid***retired***use Perfluorobutanoic acid","Result_Measure_Value__ppt_":1.2675963582316,"Result_Measure_Value":1267.59635823159,"Result_Unit_of_Measure":"pg/L"}},{"type":"Feature","geometry":{"type":"Point","coordinates":[-81.6785,41.4921000000001]},"properties":{"F_Monitoring_Location_Identifier":"EPA_GLNPO-CLV","Location_Name":"Cleveland (IADN CLV)","State":" OH","EPA_Region":"05","Organization":"EPA Great Lakes National Program","Environmental_Media_Name":"Air","Activity_Media_Subdivision_Name":"Air moisture","Project_Name":"IADN-US 2021","PFAS_Chemical_Name":"Perfluoroheptanoic acid","CAS_Number":"375-85-9","Result_Measure_Value__ppt_":0.22540420750007,"Result_Measure_Value":225.404207500072,"Result_Unit_of_Measure":"pg/L"}},{"type":"Feature","geometry":{"type":"Point","coordinates":[-81.6785,41.4921000000001]},"properties":{"F_Monitoring_Location_Identifier":"EPA_GLNPO-CLV","Location_Name":"Cleveland (IADN CLV)","State":" OH","EPA_Region":"05","Organization":"EPA Great Lakes National Program","Environmental_Media_Name":"Air","Activity_Media_Subdivision_Name":"Air moisture","Project_Name":"IADN-US 2021","PFAS_Chemical_Name":"Perfluoroheptanoic acid","CAS_Number":"375-85-9","Result_Measure_Value__ppt_":0.33204263852733,"Result_Measure_Value":332.042638527326,"Result_Unit_of_Measure":"pg/L"}},{"type":"Feature","geometry":{"type":"Point","coordinates":[-81.6785,41.4921000000001]},"properties":{"F_Monitoring_Location_Identifier":"EPA_GLNPO-CLV","Location_Name":"Cleveland (IADN CLV)","State":" OH","EPA_Region":"05","Organization":"EPA Great Lakes National Program","Environmental_Media_Name":"Air","Activity_Media_Subdivision_Name":"Air moisture","Project_Name":"IADN-US 2021","PFAS_Chemical_Name":"Heptafluorobutyric acid***retired***use Perfluorobutanoic acid","Result_Measure_Value__ppt_":2.2174457123458,"Result_Measure_Value":2217.44571234578,"Result_Unit_of_Measure":"pg/L"}},{"type":"Feature","geometry":{"type":"Point","coordinates":[-81.6785,41.4921000000001]},"properties":{"F_Monitoring_Location_Identifier":"EPA_GLNPO-CLV","Location_Name":"Cleveland (IADN CLV)","State":" OH","EPA_Region":"05","Organization":"EPA Great Lakes National Program","Environmental_Media_Name":"Air","Activity_Media_Subdivision_Name":"Air moisture","Project_Name":"IADN-US 2021","PFAS_Chemical_Name":"Perfluoroheptanoic acid","CAS_Number":"375-85-9","Result_Measure_Value__ppt_":0.21151033742802,"Result_Measure_Value":211.510337428024,"Result_Unit_of_Measure":"pg/L"}},{"type":"Feature","geometry":{"type":"Point","coordinates":[-81.6785,41.4921000000001]},"properties":{"F_Monitoring_Location_Identifier":"EPA_GLNPO-CLV","Location_Name":"Cleveland (IADN CLV)","State":" OH","EPA_Region":"05","Organization":"EPA Great Lakes National Program","Environmental_Media_Name":"Air","Activity_Media_Subdivision_Name":"Air moisture","Project_Name":"IADN-US 2021","PFAS_Chemical_Name":"Perfluorononanoic acid","CAS_Number":"375-95-1","Result_Measure_Value__ppt_":0.17805791086895,"Result_Measure_Value":178.057910868949,"Result_Unit_of_Measure":"pg/L"}},{"type":"Feature","geometry":{"type":"Point","coordinates":[-81.6785,41.4921000000001]},"properties":{"F_Monitoring_Location_Identifier":"EPA_GLNPO-CLV","Location_Name":"Cleveland (IADN CLV)","State":" OH","EPA_Region":"05","Organization":"EPA Great Lakes National Program","Environmental_Media_Name":"Air","Activity_Media_Subdivision_Name":"Air moisture","Project_Name":"IADN-US 2021","PFAS_Chemical_Name":"Perfluorodecanoic acid","CAS_Number":"335-76-2","Result_Measure_Value__ppt_":0.10636731690146,"Result_Measure_Value":106.367316901462,"Result_Unit_of_Measure":"pg/L"}},{"type":"Feature","geometry":{"type":"Point","coordinates":[-81.6785,41.4921000000001]},"properties":{"F_Monitoring_Location_Identifier":"EPA_GLNPO-CLV","Location_Name":"Cleveland (IADN CLV)","State":" OH","EPA_Region":"05","Organization":"EPA Great Lakes National Program","Environmental_Media_Name":"Air","Activity_Media_Subdivision_Name":"Air moisture","Project_Name":"IADN-US 2021","PFAS_Chemical_Name":"Perfluorooctanoic acid","CAS_Number":"335-67-1","Result_Measure_Value__ppt_":0.22059144070763,"Result_Measure_Value":220.591440707628,"Result_Unit_of_Measure":"pg/L"}},{"type":"Feature","geometry":{"type":"Point","coordinates":[-81.6785,41.4921000000001]},"properties":{"F_Monitoring_Location_Identifier":"EPA_GLNPO-CLV","Location_Name":"Cleveland (IADN CLV)","State":" OH","EPA_Region":"05","Organization":"EPA Great Lakes National Program","Environmental_Media_Name":"Air","Activity_Media_Subdivision_Name":"Air moisture","Project_Name":"IADN-US 2021","PFAS_Chemical_Name":"Perfluoro[1,2-13C2]undecanoic acid","CAS_Number":"960315-51-9","Result_Measure_Value":85.06,"Result_Unit_of_Measure":"%"}},{"type":"Feature","geometry":{"type":"Point","coordinates":[-81.6785,41.4921000000001]},"properties":{"F_Monitoring_Location_Identifier":"EPA_GLNPO-CLV","Location_Name":"Cleveland (IADN CLV)","State":" OH","EPA_Region":"05","Organization":"EPA Great Lakes National Program","Environmental_Media_Name":"Air","Activity_Media_Subdivision_Name":"Air moisture","Project_Name":"IADN-US 2021","PFAS_Chemical_Name":"Heptafluorobutyric acid***retired***use Perfluorobutanoic acid","Result_Measure_Value__ppt_":1.115300000062,"Result_Measure_Value":1115.30000006196,"Result_Unit_of_Measure":"pg/L"}},{"type":"Feature","geometry":{"type":"Point","coordinates":[-81.6785,41.4921000000001]},"properties":{"F_Monitoring_Location_Identifier":"EPA_GLNPO-CLV","Location_Name":"Cleveland (IADN CLV)","State":" OH","EPA_Region":"05","Organization":"EPA Great Lakes National Program","Environmental_Media_Name":"Air","Activity_Media_Subdivision_Name":"Air moisture","Project_Name":"IADN-US 2021","PFAS_Chemical_Name":"Heptafluorobutyric acid***retired***use Perfluorobutanoic acid","Result_Measure_Value__ppt_":2.0789464187942,"Result_Measure_Value":2078.94641879421,"Result_Unit_of_Measure":"pg/L"}},{"type":"Feature","geometry":{"type":"Point","coordinates":[-81.6785,41.4921000000001]},"properties":{"F_Monitoring_Location_Identifier":"EPA_GLNPO-CLV","Location_Name":"Cleveland (IADN CLV)","State":" OH","EPA_Region":"05","Organization":"EPA Great Lakes National Program","Environmental_Media_Name":"Air","Activity_Media_Subdivision_Name":"Air moisture","Project_Name":"IADN-US 2021","PFAS_Chemical_Name":"Perfluorodecanoic acid","CAS_Number":"335-76-2","Result_Measure_Value__ppt_":0.14515519040397,"Result_Measure_Value":145.155190403968,"Result_Unit_of_Measure":"pg/L"}},{"type":"Feature","geometry":{"type":"Point","coordinates":[-81.6785,41.4921000000001]},"properties":{"F_Monitoring_Location_Identifier":"EPA_GLNPO-CLV","Location_Name":"Cleveland (IADN CLV)","State":" OH","EPA_Region":"05","Organization":"EPA Great Lakes National Program","Environmental_Media_Name":"Air","Activity_Media_Subdivision_Name":"Air moisture","Project_Name":"IADN-US 2021","PFAS_Chemical_Name":"Perfluoro[1,2-13C2]hexanoic acid","Result_Measure_Value":77.83,"Result_Unit_of_Measure":"%"}},{"type":"Feature","geometry":{"type":"Point","coordinates":[-81.6785,41.4921000000001]},"properties":{"F_Monitoring_Location_Identifier":"EPA_GLNPO-CLV","Location_Name":"Cleveland (IADN CLV)","State":" OH","EPA_Region":"05","Organization":"EPA Great Lakes National Program","Environmental_Media_Name":"Air","Activity_Media_Subdivision_Name":"Air moisture","Project_Name":"IADN-US 2021","PFAS_Chemical_Name":"Perfluorovaleric acid","CAS_Number":"2706-90-3","Result_Measure_Value__ppt_":0.388,"Result_Measure_Value":388,"Result_Unit_of_Measure":"pg/L"}},{"type":"Feature","geometry":{"type":"Point","coordinates":[-81.6785,41.4921000000001]},"properties":{"F_Monitoring_Location_Identifier":"EPA_GLNPO-CLV","Location_Name":"Cleveland (IADN CLV)","State":" OH","EPA_Region":"05","Organization":"EPA Great Lakes National Program","Environmental_Media_Name":"Air","Activity_Media_Subdivision_Name":"Air moisture","Project_Name":"IADN-US 2021","PFAS_Chemical_Name":"Perfluorohexanoic acid","CAS_Number":"307-24-4","Result_Measure_Value__ppt_":0.28623423423183,"Result_Measure_Value":286.234234231827,"Result_Unit_of_Measure":"pg/L"}},{"type":"Feature","geometry":{"type":"Point","coordinates":[-81.6785,41.4921000000001]},"properties":{"F_Monitoring_Location_Identifier":"EPA_GLNPO-CLV","Location_Name":"Cleveland (IADN CLV)","State":" OH","EPA_Region":"05","Organization":"EPA Great Lakes National Program","Environmental_Media_Name":"Air","Activity_Media_Subdivision_Name":"Air moisture","Project_Name":"IADN-US 2021","PFAS_Chemical_Name":"Sodium perfluoro-1-hexane[18O2]sulfonate","Result_Measure_Value":85.835,"Result_Unit_of_Measure":"%"}},{"type":"Feature","geometry":{"type":"Point","coordinates":[-81.6785,41.4921000000001]},"properties":{"F_Monitoring_Location_Identifier":"EPA_GLNPO-CLV","Location_Name":"Cleveland (IADN CLV)","State":" OH","EPA_Region":"05","Organization":"EPA Great Lakes National Program","Environmental_Media_Name":"Air","Activity_Media_Subdivision_Name":"Air moisture","Project_Name":"IADN-US 2021","PFAS_Chemical_Name":"Perfluorononanoic acid","CAS_Number":"375-95-1","Result_Measure_Value__ppt_":0.28862620165894,"Result_Measure_Value":288.626201658941,"Result_Unit_of_Measure":"pg/L"}},{"type":"Feature","geometry":{"type":"Point","coordinates":[-81.6785,41.4921000000001]},"properties":{"F_Monitoring_Location_Identifier":"EPA_GLNPO-CLV","Location_Name":"Cleveland (IADN CLV)","State":" OH","EPA_Region":"05","Organization":"EPA Great Lakes National Program","Environmental_Media_Name":"Air","Activity_Media_Subdivision_Name":"Air moisture","Project_Name":"IADN-US 2021","PFAS_Chemical_Name":"Perfluoro[1,2-13C2]tetradecanoic acid","Result_Measure_Value":60.435,"Result_Unit_of_Measure":"%"}},{"type":"Feature","geometry":{"type":"Point","coordinates":[-81.6785,41.4921000000001]},"properties":{"F_Monitoring_Location_Identifier":"EPA_GLNPO-CLV","Location_Name":"Cleveland (IADN CLV)","State":" OH","EPA_Region":"05","Organization":"EPA Great Lakes National Program","Environmental_Media_Name":"Air","Activity_Media_Subdivision_Name":"Air moisture","Project_Name":"IADN-US 2021","PFAS_Chemical_Name":"Sodium perfluoro-1-hexane[18O2]sulfonate","Result_Measure_Value":77.205,"Result_Unit_of_Measure":"%"}},{"type":"Feature","geometry":{"type":"Point","coordinates":[-81.6785,41.4921000000001]},"properties":{"F_Monitoring_Location_Identifier":"EPA_GLNPO-CLV","Location_Name":"Cleveland (IADN CLV)","State":" OH","EPA_Region":"05","Organization":"EPA Great Lakes National Program","Environmental_Media_Name":"Air","Activity_Media_Subdivision_Name":"Air moisture","Project_Name":"IADN-US 2021","PFAS_Chemical_Name":"Heptafluorobutyric acid***retired***use Perfluorobutanoic acid","Result_Measure_Value__ppt_":1.3584325039067,"Result_Measure_Value":1358.43250390672,"Result_Unit_of_Measure":"pg/L"}},{"type":"Feature","geometry":{"type":"Point","coordinates":[-81.6785,41.4921000000001]},"properties":{"F_Monitoring_Location_Identifier":"EPA_GLNPO-CLV","Location_Name":"Cleveland (IADN CLV)","State":" OH","EPA_Region":"05","Organization":"EPA Great Lakes National Program","Environmental_Media_Name":"Air","Activity_Media_Subdivision_Name":"Air moisture","Project_Name":"IADN-US 2021","PFAS_Chemical_Name":"Heptafluorobutyric acid***retired***use Perfluorobutanoic acid","Result_Measure_Value__ppt_":2.3131871669154,"Result_Measure_Value":2313.18716691542,"Result_Unit_of_Measure":"pg/L"}},{"type":"Feature","geometry":{"type":"Point","coordinates":[-81.6785,41.4921000000001]},"properties":{"F_Monitoring_Location_Identifier":"EPA_GLNPO-CLV","Location_Name":"Cleveland (IADN CLV)","State":" OH","EPA_Region":"05","Organization":"EPA Great Lakes National Program","Environmental_Media_Name":"Air","Activity_Media_Subdivision_Name":"Air moisture","Project_Name":"IADN-US 2021","PFAS_Chemical_Name":"Perfluorooctanoic acid","CAS_Number":"335-67-1","Result_Measure_Value__ppt_":0.3803964459473,"Result_Measure_Value":380.396445947299,"Result_Unit_of_Measure":"pg/L"}},{"type":"Feature","geometry":{"type":"Point","coordinates":[-81.6785,41.4921000000001]},"properties":{"F_Monitoring_Location_Identifier":"EPA_GLNPO-CLV","Location_Name":"Cleveland (IADN CLV)","State":" OH","EPA_Region":"05","Organization":"EPA Great Lakes National Program","Environmental_Media_Name":"Air","Activity_Media_Subdivision_Name":"Air moisture","Project_Name":"IADN-US 2021","PFAS_Chemical_Name":"Sodium perfluoro-1-hexane[18O2]sulfonate","Result_Measure_Value":95.655,"Result_Unit_of_Measure":"%"}},{"type":"Feature","geometry":{"type":"Point","coordinates":[-81.6785,41.4921000000001]},"properties":{"F_Monitoring_Location_Identifier":"EPA_GLNPO-CLV","Location_Name":"Cleveland (IADN CLV)","State":" OH","EPA_Region":"05","Organization":"EPA Great Lakes National Program","Environmental_Media_Name":"Air","Activity_Media_Subdivision_Name":"Air moisture","Project_Name":"IADN-US 2021","PFAS_Chemical_Name":"Heptafluorobutyric acid***retired***use Perfluorobutanoic acid","Result_Measure_Value__ppt_":2.1811556865794,"Result_Measure_Value":2181.1556865794,"Result_Unit_of_Measure":"pg/L"}},{"type":"Feature","geometry":{"type":"Point","coordinates":[-81.6785,41.4921000000001]},"properties":{"F_Monitoring_Location_Identifier":"EPA_GLNPO-CLV","Location_Name":"Cleveland (IADN CLV)","State":" OH","EPA_Region":"05","Organization":"EPA Great Lakes National Program","Environmental_Media_Name":"Air","Activity_Media_Subdivision_Name":"Air moisture","Project_Name":"IADN-US 2021","PFAS_Chemical_Name":"Perfluorobutylsulfonamide","CAS_Number":"30334-69-1","Result_Measure_Value__ppt_":0.18875577018986,"Result_Measure_Value":188.755770189858,"Result_Unit_of_Measure":"pg/L"}},{"type":"Feature","geometry":{"type":"Point","coordinates":[-81.6785,41.4921000000001]},"properties":{"F_Monitoring_Location_Identifier":"EPA_GLNPO-CLV","Location_Name":"Cleveland (IADN CLV)","State":" OH","EPA_Region":"05","Organization":"EPA Great Lakes National Program","Environmental_Media_Name":"Air","Activity_Media_Subdivision_Name":"Air moisture","Project_Name":"IADN-US 2021","PFAS_Chemical_Name":"Perfluorooctanoic acid","CAS_Number":"335-67-1","Result_Measure_Value__ppt_":0.34098159510248,"Result_Measure_Value":340.981595102484,"Result_Unit_of_Measure":"pg/L"}},{"type":"Feature","geometry":{"type":"Point","coordinates":[-81.6785,41.4921000000001]},"properties":{"F_Monitoring_Location_Identifier":"EPA_GLNPO-CLV","Location_Name":"Cleveland (IADN CLV)","State":" OH","EPA_Region":"05","Organization":"EPA Great Lakes National Program","Environmental_Media_Name":"Air","Activity_Media_Subdivision_Name":"Air moisture","Project_Name":"IADN-US 2021","PFAS_Chemical_Name":"Heptafluorobutyric acid***retired***use Perfluorobutanoic acid","Result_Measure_Value__ppt_":0.936,"Result_Measure_Value":936,"Result_Unit_of_Measure":"pg/L"}},{"type":"Feature","geometry":{"type":"Point","coordinates":[-81.6785,41.4921000000001]},"properties":{"F_Monitoring_Location_Identifier":"EPA_GLNPO-CLV","Location_Name":"Cleveland (IADN CLV)","State":" OH","EPA_Region":"05","Organization":"EPA Great Lakes National Program","Environmental_Media_Name":"Air","Activity_Media_Subdivision_Name":"Air moisture","Project_Name":"IADN-US 2021","PFAS_Chemical_Name":"Perfluoro[1,2-13C2]undecanoic acid","CAS_Number":"960315-51-9","Result_Measure_Value":100.385,"Result_Unit_of_Measure":"%"}},{"type":"Feature","geometry":{"type":"Point","coordinates":[-81.6785,41.4921000000001]},"properties":{"F_Monitoring_Location_Identifier":"EPA_GLNPO-CLV","Location_Name":"Cleveland (IADN CLV)","State":" OH","EPA_Region":"05","Organization":"EPA Great Lakes National Program","Environmental_Media_Name":"Air","Activity_Media_Subdivision_Name":"Air moisture","Project_Name":"IADN-US 2021","PFAS_Chemical_Name":"Perfluorovaleric acid","CAS_Number":"2706-90-3","Result_Measure_Value__ppt_":0.46690690695894,"Result_Measure_Value":466.906906958937,"Result_Unit_of_Measure":"pg/L"}},{"type":"Feature","geometry":{"type":"Point","coordinates":[-81.6785,41.4921000000001]},"properties":{"F_Monitoring_Location_Identifier":"EPA_GLNPO-CLV","Location_Name":"Cleveland (IADN CLV)","State":" OH","EPA_Region":"05","Organization":"EPA Great Lakes National Program","Environmental_Media_Name":"Air","Activity_Media_Subdivision_Name":"Air moisture","Project_Name":"IADN-US 2021","PFAS_Chemical_Name":"Perfluoro[1,2-13C2]hexanoic acid","Result_Measure_Value":73.685,"Result_Unit_of_Measure":"%"}},{"type":"Feature","geometry":{"type":"Point","coordinates":[-81.6785,41.4921000000001]},"properties":{"F_Monitoring_Location_Identifier":"EPA_GLNPO-CLV","Location_Name":"Cleveland (IADN CLV)","State":" OH","EPA_Region":"05","Organization":"EPA Great Lakes National Program","Environmental_Media_Name":"Air","Activity_Media_Subdivision_Name":"Air moisture","Project_Name":"IADN-US 2021","PFAS_Chemical_Name":"Perfluorohexanoic acid","CAS_Number":"307-24-4","Result_Measure_Value__ppt_":0.56630136992197,"Result_Measure_Value":566.301369921971,"Result_Unit_of_Measure":"pg/L"}},{"type":"Feature","geometry":{"type":"Point","coordinates":[-81.6785,41.4921000000001]},"properties":{"F_Monitoring_Location_Identifier":"EPA_GLNPO-CLV","Location_Name":"Cleveland (IADN CLV)","State":" OH","EPA_Region":"05","Organization":"EPA Great Lakes National Program","Environmental_Media_Name":"Air","Activity_Media_Subdivision_Name":"Air moisture","Project_Name":"IADN-US 2021","PFAS_Chemical_Name":"6:2 Fluorotelomer sulfonate acid","Result_Measure_Value__ppt_":0.88569064044994,"Result_Measure_Value":885.690640449935,"Result_Unit_of_Measure":"pg/L"}},{"type":"Feature","geometry":{"type":"Point","coordinates":[-81.6785,41.4921000000001]},"properties":{"F_Monitoring_Location_Identifier":"EPA_GLNPO-CLV","Location_Name":"Cleveland (IADN CLV)","State":" OH","EPA_Region":"05","Organization":"EPA Great Lakes National Program","Environmental_Media_Name":"Air","Activity_Media_Subdivision_Name":"Air moisture","Project_Name":"IADN-US 2021","PFAS_Chemical_Name":"Perfluoro[1,2-13C2]hexanoic acid","Result_Measure_Value":74.54,"Result_Unit_of_Measure":"%"}},{"type":"Feature","geometry":{"type":"Point","coordinates":[-81.6785,41.4921000000001]},"properties":{"F_Monitoring_Location_Identifier":"EPA_GLNPO-CLV","Location_Name":"Cleveland (IADN CLV)","State":" OH","EPA_Region":"05","Organization":"EPA Great Lakes National Program","Environmental_Media_Name":"Air","Activity_Media_Subdivision_Name":"Air moisture","Project_Name":"IADN-US 2021","PFAS_Chemical_Name":"Perfluorovaleric acid","CAS_Number":"2706-90-3","Result_Measure_Value__ppt_":0.42747674635702,"Result_Measure_Value":427.476746357022,"Result_Unit_of_Measure":"pg/L"}},{"type":"Feature","geometry":{"type":"Point","coordinates":[-81.6785,41.4921000000001]},"properties":{"F_Monitoring_Location_Identifier":"EPA_GLNPO-CLV","Location_Name":"Cleveland (IADN CLV)","State":" OH","EPA_Region":"05","Organization":"EPA Great Lakes National Program","Environmental_Media_Name":"Air","Activity_Media_Subdivision_Name":"Air moisture","Project_Name":"IADN-US 2021","PFAS_Chemical_Name":"Heptafluorobutyric acid***retired***use Perfluorobutanoic acid","Result_Measure_Value__ppt_":2.3723919807484,"Result_Measure_Value":2372.39198074838,"Result_Unit_of_Measure":"pg/L"}},{"type":"Feature","geometry":{"type":"Point","coordinates":[-81.6785,41.4921000000001]},"properties":{"F_Monitoring_Location_Identifier":"EPA_GLNPO-CLV","Location_Name":"Cleveland (IADN CLV)","State":" OH","EPA_Region":"05","Organization":"EPA Great Lakes National Program","Environmental_Media_Name":"Air","Activity_Media_Subdivision_Name":"Air moisture","Project_Name":"IADN-US 2021","PFAS_Chemical_Name":"Sodium perfluoro-1-hexane[18O2]sulfonate","Result_Measure_Value":75.16,"Result_Unit_of_Measure":"%"}},{"type":"Feature","geometry":{"type":"Point","coordinates":[-81.6785,41.4921000000001]},"properties":{"F_Monitoring_Location_Identifier":"EPA_GLNPO-CLV","Location_Name":"Cleveland (IADN CLV)","State":" OH","EPA_Region":"05","Organization":"EPA Great Lakes National Program","Environmental_Media_Name":"Air","Activity_Media_Subdivision_Name":"Air moisture","Project_Name":"IADN-US 2021","PFAS_Chemical_Name":"Heptafluorobutyric acid***retired***use Perfluorobutanoic acid","Result_Measure_Value__ppt_":1.8676276278358,"Result_Measure_Value":1867.62762783575,"Result_Unit_of_Measure":"pg/L"}},{"type":"Feature","geometry":{"type":"Point","coordinates":[-81.6785,41.4921000000001]},"properties":{"F_Monitoring_Location_Identifier":"EPA_GLNPO-CLV","Location_Name":"Cleveland (IADN CLV)","State":" OH","EPA_Region":"05","Organization":"EPA Great Lakes National Program","Environmental_Media_Name":"Air","Activity_Media_Subdivision_Name":"Air moisture","Project_Name":"IADN-US 2021","PFAS_Chemical_Name":"Perfluorobutylsulfonamide","CAS_Number":"30334-69-1","Result_Measure_Value__ppt_":0.1445250971806,"Result_Measure_Value":144.525097180596,"Result_Unit_of_Measure":"pg/L"}},{"type":"Feature","geometry":{"type":"Point","coordinates":[-81.6785,41.4921000000001]},"properties":{"F_Monitoring_Location_Identifier":"EPA_GLNPO-CLV","Location_Name":"Cleveland (IADN CLV)","State":" OH","EPA_Region":"05","Organization":"EPA Great Lakes National Program","Environmental_Media_Name":"Air","Activity_Media_Subdivision_Name":"Air moisture","Project_Name":"IADN-US 2021","PFAS_Chemical_Name":"Perfluorooctanoic acid","CAS_Number":"335-67-1","Result_Measure_Value__ppt_":0.23463378728264,"Result_Measure_Value":234.633787282638,"Result_Unit_of_Measure":"pg/L"}},{"type":"Feature","geometry":{"type":"Point","coordinates":[-81.6785,41.4921000000001]},"properties":{"F_Monitoring_Location_Identifier":"EPA_GLNPO-CLV","Location_Name":"Cleveland (IADN CLV)","State":" OH","EPA_Region":"05","Organization":"EPA Great Lakes National Program","Environmental_Media_Name":"Air","Activity_Media_Subdivision_Name":"Air moisture","Project_Name":"IADN-US 2021","PFAS_Chemical_Name":"Perfluoroheptanoic acid","CAS_Number":"375-85-9","Result_Measure_Value__ppt_":0.32724156592131,"Result_Measure_Value":327.241565921311,"Result_Unit_of_Measure":"pg/L"}},{"type":"Feature","geometry":{"type":"Point","coordinates":[-81.6785,41.4921000000001]},"properties":{"F_Monitoring_Location_Identifier":"EPA_GLNPO-CLV","Location_Name":"Cleveland (IADN CLV)","State":" OH","EPA_Region":"05","Organization":"EPA Great Lakes National Program","Environmental_Media_Name":"Air","Activity_Media_Subdivision_Name":"Air moisture","Project_Name":"IADN-US 2021","PFAS_Chemical_Name":"Perfluoroheptanoic acid","CAS_Number":"375-85-9","Result_Measure_Value__ppt_":0.38978630141044,"Result_Measure_Value":389.786301410444,"Result_Unit_of_Measure":"pg/L"}},{"type":"Feature","geometry":{"type":"Point","coordinates":[-81.6785,41.4921000000001]},"properties":{"F_Monitoring_Location_Identifier":"EPA_GLNPO-CLV","Location_Name":"Cleveland (IADN CLV)","State":" OH","EPA_Region":"05","Organization":"EPA Great Lakes National Program","Environmental_Media_Name":"Air","Activity_Media_Subdivision_Name":"Air moisture","Project_Name":"IADN-US 2021","PFAS_Chemical_Name":"Perfluorooctanoic acid","CAS_Number":"335-67-1","Result_Measure_Value__ppt_":0.40272933896093,"Result_Measure_Value":402.72933896093,"Result_Unit_of_Measure":"pg/L"}},{"type":"Feature","geometry":{"type":"Point","coordinates":[-81.6785,41.4921000000001]},"properties":{"F_Monitoring_Location_Identifier":"EPA_GLNPO-CLV","Location_Name":"Cleveland (IADN CLV)","State":" OH","EPA_Region":"05","Organization":"EPA Great Lakes National Program","Environmental_Media_Name":"Air","Activity_Media_Subdivision_Name":"Air moisture","Project_Name":"IADN-US 2021","PFAS_Chemical_Name":"Perfluorohexanoic acid","CAS_Number":"307-24-4","Result_Measure_Value__ppt_":0.25540082246744,"Result_Measure_Value":255.400822467436,"Result_Unit_of_Measure":"pg/L"}},{"type":"Feature","geometry":{"type":"Point","coordinates":[-81.6785,41.4921000000001]},"properties":{"F_Monitoring_Location_Identifier":"EPA_GLNPO-CLV","Location_Name":"Cleveland (IADN CLV)","State":" OH","EPA_Region":"05","Organization":"EPA Great Lakes National Program","Environmental_Media_Name":"Air","Activity_Media_Subdivision_Name":"Air moisture","Project_Name":"IADN-US 2021","PFAS_Chemical_Name":"Perfluorohexanoic acid","CAS_Number":"307-24-4","Result_Measure_Value__ppt_":0.37432111866574,"Result_Measure_Value":374.321118665736,"Result_Unit_of_Measure":"pg/L"}},{"type":"Feature","geometry":{"type":"Point","coordinates":[-81.6785,41.4921000000001]},"properties":{"F_Monitoring_Location_Identifier":"EPA_GLNPO-CLV","Location_Name":"Cleveland (IADN CLV)","State":" OH","EPA_Region":"05","Organization":"EPA Great Lakes National Program","Environmental_Media_Name":"Air","Activity_Media_Subdivision_Name":"Air moisture","Project_Name":"IADN-US 2021","PFAS_Chemical_Name":"Perfluorooctanoic acid","CAS_Number":"335-67-1","Result_Measure_Value__ppt_":0.2416206600343,"Result_Measure_Value":241.620660034302,"Result_Unit_of_Measure":"pg/L"}},{"type":"Feature","geometry":{"type":"Point","coordinates":[-81.6785,41.4921000000001]},"properties":{"F_Monitoring_Location_Identifier":"EPA_GLNPO-CLV","Location_Name":"Cleveland (IADN CLV)","State":" OH","EPA_Region":"05","Organization":"EPA Great Lakes National Program","Environmental_Media_Name":"Air","Activity_Media_Subdivision_Name":"Air moisture","Project_Name":"IADN-US 2021","PFAS_Chemical_Name":"Perfluoro[1,2-13C2]hexanoic acid","Result_Measure_Value":86.07,"Result_Unit_of_Measure":"%"}},{"type":"Feature","geometry":{"type":"Point","coordinates":[-81.6785,41.4921000000001]},"properties":{"F_Monitoring_Location_Identifier":"EPA_GLNPO-CLV","Location_Name":"Cleveland (IADN CLV)","State":" OH","EPA_Region":"05","Organization":"EPA Great Lakes National Program","Environmental_Media_Name":"Air","Activity_Media_Subdivision_Name":"Air moisture","Project_Name":"IADN-US 2021","PFAS_Chemical_Name":"Perfluorobutylsulfonamide","CAS_Number":"30334-69-1","Result_Measure_Value__ppt_":0.14308042984336,"Result_Measure_Value":143.080429843362,"Result_Unit_of_Measure":"pg/L"}},{"type":"Feature","geometry":{"type":"Point","coordinates":[-81.6785,41.4921000000001]},"properties":{"F_Monitoring_Location_Identifier":"EPA_GLNPO-CLV","Location_Name":"Cleveland (IADN CLV)","State":" OH","EPA_Region":"05","Organization":"EPA Great Lakes National Program","Environmental_Media_Name":"Air","Activity_Media_Subdivision_Name":"Air moisture","Project_Name":"IADN-US 2021","PFAS_Chemical_Name":"Perfluorooctanoic acid","CAS_Number":"335-67-1","Result_Measure_Value__ppt_":0.50020120725138,"Result_Measure_Value":500.201207251382,"Result_Unit_of_Measure":"pg/L"}},{"type":"Feature","geometry":{"type":"Point","coordinates":[-81.6785,41.4921000000001]},"properties":{"F_Monitoring_Location_Identifier":"EPA_GLNPO-CLV","Location_Name":"Cleveland (IADN CLV)","State":" OH","EPA_Region":"05","Organization":"EPA Great Lakes National Program","Environmental_Media_Name":"Air","Activity_Media_Subdivision_Name":"Air moisture","Project_Name":"IADN-US 2021","PFAS_Chemical_Name":"Perfluorononanoic acid","CAS_Number":"375-95-1","Result_Measure_Value__ppt_":0.20983831895033,"Result_Measure_Value":209.838318950332,"Result_Unit_of_Measure":"pg/L"}},{"type":"Feature","geometry":{"type":"Point","coordinates":[-81.6785,41.4921000000001]},"properties":{"F_Monitoring_Location_Identifier":"EPA_GLNPO-CLV","Location_Name":"Cleveland (IADN CLV)","State":" OH","EPA_Region":"05","Organization":"EPA Great Lakes National Program","Environmental_Media_Name":"Air","Activity_Media_Subdivision_Name":"Air moisture","Project_Name":"IADN-US 2021","PFAS_Chemical_Name":"Perfluorodecanoic acid","CAS_Number":"335-76-2","Result_Measure_Value__ppt_":0.12705418720013,"Result_Measure_Value":127.05418720013,"Result_Unit_of_Measure":"pg/L"}},{"type":"Feature","geometry":{"type":"Point","coordinates":[-81.6785,41.4921000000001]},"properties":{"F_Monitoring_Location_Identifier":"EPA_GLNPO-CLV","Location_Name":"Cleveland (IADN CLV)","State":" OH","EPA_Region":"05","Organization":"EPA Great Lakes National Program","Environmental_Media_Name":"Air","Activity_Media_Subdivision_Name":"Air moisture","Project_Name":"IADN-US 2021","PFAS_Chemical_Name":"Perfluoro[1,2-13C2]undecanoic acid","CAS_Number":"960315-51-9","Result_Measure_Value":101.49,"Result_Unit_of_Measure":"%"}},{"type":"Feature","geometry":{"type":"Point","coordinates":[-81.6785,41.4921000000001]},"properties":{"F_Monitoring_Location_Identifier":"EPA_GLNPO-CLV","Location_Name":"Cleveland (IADN CLV)","State":" OH","EPA_Region":"05","Organization":"EPA Great Lakes National Program","Environmental_Media_Name":"Air","Activity_Media_Subdivision_Name":"Air moisture","Project_Name":"IADN-US 2021","PFAS_Chemical_Name":"Perfluorotetradecanoic acid","CAS_Number":"376-06-7","Result_Measure_Value__ppt_":0.077227638225394,"Result_Measure_Value":77.2276382253943,"Result_Unit_of_Measure":"pg/L"}},{"type":"Feature","geometry":{"type":"Point","coordinates":[-81.6785,41.4921000000001]},"properties":{"F_Monitoring_Location_Identifier":"EPA_GLNPO-CLV","Location_Name":"Cleveland (IADN CLV)","State":" OH","EPA_Region":"05","Organization":"EPA Great Lakes National Program","Environmental_Media_Name":"Air","Activity_Media_Subdivision_Name":"Air moisture","Project_Name":"IADN-US 2021","PFAS_Chemical_Name":"Perfluoro[1,2-13C2]hexanoic acid","Result_Measure_Value":59.325,"Result_Unit_of_Measure":"%"}},{"type":"Feature","geometry":{"type":"Point","coordinates":[-81.6785,41.4921000000001]},"properties":{"F_Monitoring_Location_Identifier":"EPA_GLNPO-CLV","Location_Name":"Cleveland (IADN CLV)","State":" OH","EPA_Region":"05","Organization":"EPA Great Lakes National Program","Environmental_Media_Name":"Air","Activity_Media_Subdivision_Name":"Air moisture","Project_Name":"IADN-US 2021","PFAS_Chemical_Name":"Sodium perfluoro-1-hexane[18O2]sulfonate","Result_Measure_Value":91.635,"Result_Unit_of_Measure":"%"}},{"type":"Feature","geometry":{"type":"Point","coordinates":[-81.6785,41.4921000000001]},"properties":{"F_Monitoring_Location_Identifier":"EPA_GLNPO-CLV","Location_Name":"Cleveland (IADN CLV)","State":" OH","EPA_Region":"05","Organization":"EPA Great Lakes National Program","Environmental_Media_Name":"Air","Activity_Media_Subdivision_Name":"Air moisture","Project_Name":"IADN-US 2021","PFAS_Chemical_Name":"Perfluorobutylsulfonamide","CAS_Number":"30334-69-1","Result_Measure_Value__ppt_":0.22107716843881,"Result_Measure_Value":221.077168438809,"Result_Unit_of_Measure":"pg/L"}},{"type":"Feature","geometry":{"type":"Point","coordinates":[-81.6785,41.4921000000001]},"properties":{"F_Monitoring_Location_Identifier":"EPA_GLNPO-CLV","Location_Name":"Cleveland (IADN CLV)","State":" OH","EPA_Region":"05","Organization":"EPA Great Lakes National Program","Environmental_Media_Name":"Air","Activity_Media_Subdivision_Name":"Air moisture","Project_Name":"IADN-US 2021","PFAS_Chemical_Name":"Perfluorooctane sulfonic acid","CAS_Number":"1763-23-1","Result_Measure_Value__ppt_":0.93175560771164,"Result_Measure_Value":931.755607711635,"Result_Unit_of_Measure":"pg/L"}},{"type":"Feature","geometry":{"type":"Point","coordinates":[-81.6785,41.4921000000001]},"properties":{"F_Monitoring_Location_Identifier":"EPA_GLNPO-CLV","Location_Name":"Cleveland (IADN CLV)","State":" OH","EPA_Region":"05","Organization":"EPA Great Lakes National Program","Environmental_Media_Name":"Air","Activity_Media_Subdivision_Name":"Air moisture","Project_Name":"IADN-US 2021","PFAS_Chemical_Name":"Perfluoro[1,2-13C2]hexanoic acid","Result_Measure_Value":79.165,"Result_Unit_of_Measure":"%"}},{"type":"Feature","geometry":{"type":"Point","coordinates":[-81.6785,41.4921000000001]},"properties":{"F_Monitoring_Location_Identifier":"EPA_GLNPO-CLV","Location_Name":"Cleveland (IADN CLV)","State":" OH","EPA_Region":"05","Organization":"EPA Great Lakes National Program","Environmental_Media_Name":"Air","Activity_Media_Subdivision_Name":"Air moisture","Project_Name":"IADN-US 2021","PFAS_Chemical_Name":"Perfluoropalmitic acid","CAS_Number":"67905-19-5","Result_Measure_Value__ppt_":0.0528,"Result_Measure_Value":52.8,"Result_Unit_of_Measure":"pg/L"}},{"type":"Feature","geometry":{"type":"Point","coordinates":[-81.6785,41.4921000000001]},"properties":{"F_Monitoring_Location_Identifier":"EPA_GLNPO-CLV","Location_Name":"Cleveland (IADN CLV)","State":" OH","EPA_Region":"05","Organization":"EPA Great Lakes National Program","Environmental_Media_Name":"Air","Activity_Media_Subdivision_Name":"Air moisture","Project_Name":"IADN-US 2021","PFAS_Chemical_Name":"Sodium perfluoro-1-hexane[18O2]sulfonate","Result_Measure_Value":82.36,"Result_Unit_of_Measure":"%"}},{"type":"Feature","geometry":{"type":"Point","coordinates":[-81.6785,41.4921000000001]},"properties":{"F_Monitoring_Location_Identifier":"EPA_GLNPO-CLV","Location_Name":"Cleveland (IADN CLV)","State":" OH","EPA_Region":"05","Organization":"EPA Great Lakes National Program","Environmental_Media_Name":"Air","Activity_Media_Subdivision_Name":"Air moisture","Project_Name":"IADN-US 2021","PFAS_Chemical_Name":"Perfluorooctanoic acid","CAS_Number":"335-67-1","Result_Measure_Value__ppt_":0.31210930320189,"Result_Measure_Value":312.109303201892,"Result_Unit_of_Measure":"pg/L"}},{"type":"Feature","geometry":{"type":"Point","coordinates":[-81.6785,41.4921000000001]},"properties":{"F_Monitoring_Location_Identifier":"EPA_GLNPO-CLV","Location_Name":"Cleveland (IADN CLV)","State":" OH","EPA_Region":"05","Organization":"EPA Great Lakes National Program","Environmental_Media_Name":"Air","Activity_Media_Subdivision_Name":"Air moisture","Project_Name":"IADN-US 2021","PFAS_Chemical_Name":"Perfluoro[1,2-13C2]tetradecanoic acid","Result_Measure_Value":47.81,"Result_Unit_of_Measure":"%"}},{"type":"Feature","geometry":{"type":"Point","coordinates":[-81.6785,41.4921000000001]},"properties":{"F_Monitoring_Location_Identifier":"EPA_GLNPO-CLV","Location_Name":"Cleveland (IADN CLV)","State":" OH","EPA_Region":"05","Organization":"EPA Great Lakes National Program","Environmental_Media_Name":"Air","Activity_Media_Subdivision_Name":"Air moisture","Project_Name":"IADN-US 2021","PFAS_Chemical_Name":"Perfluorohexanesulfonic acid","CAS_Number":"355-46-4","Result_Measure_Value__ppt_":0.086103658992347,"Result_Measure_Value":86.1036589923465,"Result_Unit_of_Measure":"pg/L"}},{"type":"Feature","geometry":{"type":"Point","coordinates":[-81.6785,41.4921000000001]},"properties":{"F_Monitoring_Location_Identifier":"EPA_GLNPO-CLV","Location_Name":"Cleveland (IADN CLV)","State":" OH","EPA_Region":"05","Organization":"EPA Great Lakes National Program","Environmental_Media_Name":"Air","Activity_Media_Subdivision_Name":"Air moisture","Project_Name":"IADN-US 2021","PFAS_Chemical_Name":"Perfluoro[1,2-13C2]hexanoic acid","Result_Measure_Value":75.86,"Result_Unit_of_Measure":"%"}},{"type":"Feature","geometry":{"type":"Point","coordinates":[-81.6785,41.4921000000001]},"properties":{"F_Monitoring_Location_Identifier":"EPA_GLNPO-CLV","Location_Name":"Cleveland (IADN CLV)","State":" OH","EPA_Region":"05","Organization":"EPA Great Lakes National Program","Environmental_Media_Name":"Air","Activity_Media_Subdivision_Name":"Air moisture","Project_Name":"IADN-US 2021","PFAS_Chemical_Name":"Perfluoro[1,2-13C2]hexanoic acid","Result_Measure_Value":94.51,"Result_Unit_of_Measure":"%"}},{"type":"Feature","geometry":{"type":"Point","coordinates":[-81.6785,41.4921000000001]},"properties":{"F_Monitoring_Location_Identifier":"EPA_GLNPO-CLV","Location_Name":"Cleveland (IADN CLV)","State":" OH","EPA_Region":"05","Organization":"EPA Great Lakes National Program","Environmental_Media_Name":"Air","Activity_Media_Subdivision_Name":"Air moisture","Project_Name":"IADN-US 2021","PFAS_Chemical_Name":"Perfluorobutylsulfonamide","CAS_Number":"30334-69-1","Result_Measure_Value__ppt_":0.17832167833481,"Result_Measure_Value":178.321678334805,"Result_Unit_of_Measure":"pg/L"}},{"type":"Feature","geometry":{"type":"Point","coordinates":[-81.6785,41.4921000000001]},"properties":{"F_Monitoring_Location_Identifier":"EPA_GLNPO-CLV","Location_Name":"Cleveland (IADN CLV)","State":" OH","EPA_Region":"05","Organization":"EPA Great Lakes National Program","Environmental_Media_Name":"Air","Activity_Media_Subdivision_Name":"Air moisture","Project_Name":"IADN-US 2021","PFAS_Chemical_Name":"Perfluorooctanoic acid","CAS_Number":"335-67-1","Result_Measure_Value__ppt_":0.296,"Result_Measure_Value":296,"Result_Unit_of_Measure":"pg/L"}},{"type":"Feature","geometry":{"type":"Point","coordinates":[-81.6785,41.4921000000001]},"properties":{"F_Monitoring_Location_Identifier":"EPA_GLNPO-CLV","Location_Name":"Cleveland (IADN CLV)","State":" OH","EPA_Region":"05","Organization":"EPA Great Lakes National Program","Environmental_Media_Name":"Air","Activity_Media_Subdivision_Name":"Air moisture","Project_Name":"IADN-US 2021","PFAS_Chemical_Name":"Perfluorooctane sulfonic acid","CAS_Number":"1763-23-1","Result_Measure_Value__ppt_":0.29322706894824,"Result_Measure_Value":293.227068948241,"Result_Unit_of_Measure":"pg/L"}},{"type":"Feature","geometry":{"type":"Point","coordinates":[-81.6785,41.4921000000001]},"properties":{"F_Monitoring_Location_Identifier":"EPA_GLNPO-CLV","Location_Name":"Cleveland (IADN CLV)","State":" OH","EPA_Region":"05","Organization":"EPA Great Lakes National Program","Environmental_Media_Name":"Air","Activity_Media_Subdivision_Name":"Air moisture","Project_Name":"IADN-US 2021","PFAS_Chemical_Name":"Perfluoro[1,2-13C2]hexanoic acid","Result_Measure_Value":75.175,"Result_Unit_of_Measure":"%"}},{"type":"Feature","geometry":{"type":"Point","coordinates":[-81.6785,41.4921000000001]},"properties":{"F_Monitoring_Location_Identifier":"EPA_GLNPO-CLV","Location_Name":"Cleveland (IADN CLV)","State":" OH","EPA_Region":"05","Organization":"EPA Great Lakes National Program","Environmental_Media_Name":"Air","Activity_Media_Subdivision_Name":"Air moisture","Project_Name":"IADN-US 2021","PFAS_Chemical_Name":"Perfluoroheptanoic acid","CAS_Number":"375-85-9","Result_Measure_Value__ppt_":0.39005435646595,"Result_Measure_Value":390.054356465953,"Result_Unit_of_Measure":"pg/L"}},{"type":"Feature","geometry":{"type":"Point","coordinates":[-81.6785,41.4921000000001]},"properties":{"F_Monitoring_Location_Identifier":"EPA_GLNPO-CLV","Location_Name":"Cleveland (IADN CLV)","State":" OH","EPA_Region":"05","Organization":"EPA Great Lakes National Program","Environmental_Media_Name":"Air","Activity_Media_Subdivision_Name":"Air moisture","Project_Name":"IADN-US 2021","PFAS_Chemical_Name":"Perfluoroheptanoic acid","CAS_Number":"375-85-9","Result_Measure_Value__ppt_":0.29709698996656,"Result_Measure_Value":297.096989966555,"Result_Unit_of_Measure":"pg/L"}},{"type":"Feature","geometry":{"type":"Point","coordinates":[-81.6785,41.4921000000001]},"properties":{"F_Monitoring_Location_Identifier":"EPA_GLNPO-CLV","Location_Name":"Cleveland (IADN CLV)","State":" OH","EPA_Region":"05","Organization":"EPA Great Lakes National Program","Environmental_Media_Name":"Air","Activity_Media_Subdivision_Name":"Air moisture","Project_Name":"IADN-US 2021","PFAS_Chemical_Name":"Perfluorononanoic acid","CAS_Number":"375-95-1","Result_Measure_Value__ppt_":0.21683989634833,"Result_Measure_Value":216.839896348327,"Result_Unit_of_Measure":"pg/L"}},{"type":"Feature","geometry":{"type":"Point","coordinates":[-81.6785,41.4921000000001]},"properties":{"F_Monitoring_Location_Identifier":"EPA_GLNPO-CLV","Location_Name":"Cleveland (IADN CLV)","State":" OH","EPA_Region":"05","Organization":"EPA Great Lakes National Program","Environmental_Media_Name":"Air","Activity_Media_Subdivision_Name":"Air moisture","Project_Name":"IADN-US 2021","PFAS_Chemical_Name":"Perfluoroheptanoic acid","CAS_Number":"375-85-9","Result_Measure_Value__ppt_":0.388,"Result_Measure_Value":388,"Result_Unit_of_Measure":"pg/L"}},{"type":"Feature","geometry":{"type":"Point","coordinates":[-81.6785,41.4921000000001]},"properties":{"F_Monitoring_Location_Identifier":"EPA_GLNPO-CLV","Location_Name":"Cleveland (IADN CLV)","State":" OH","EPA_Region":"05","Organization":"EPA Great Lakes National Program","Environmental_Media_Name":"Air","Activity_Media_Subdivision_Name":"Air moisture","Project_Name":"IADN-US 2021","PFAS_Chemical_Name":"Perfluoro[1,2-13C2]undecanoic acid","CAS_Number":"960315-51-9","Result_Measure_Value":74.81,"Result_Unit_of_Measure":"%"}},{"type":"Feature","geometry":{"type":"Point","coordinates":[-81.6785,41.4921000000001]},"properties":{"F_Monitoring_Location_Identifier":"EPA_GLNPO-CLV","Location_Name":"Cleveland (IADN CLV)","State":" OH","EPA_Region":"05","Organization":"EPA Great Lakes National Program","Environmental_Media_Name":"Air","Activity_Media_Subdivision_Name":"Air moisture","Project_Name":"IADN-US 2021","PFAS_Chemical_Name":"6:2 Fluorotelomer sulfonate acid","Result_Measure_Value__ppt_":3.3764285714286,"Result_Measure_Value":3376.42857142857,"Result_Unit_of_Measure":"pg/L"}},{"type":"Feature","geometry":{"type":"Point","coordinates":[-81.6785,41.4921000000001]},"properties":{"F_Monitoring_Location_Identifier":"EPA_GLNPO-CLV","Location_Name":"Cleveland (IADN CLV)","State":" OH","EPA_Region":"05","Organization":"EPA Great Lakes National Program","Environmental_Media_Name":"Air","Activity_Media_Subdivision_Name":"Air moisture","Project_Name":"IADN-US 2021","PFAS_Chemical_Name":"Perfluorobutylsulfonamide","CAS_Number":"30334-69-1","Result_Measure_Value__ppt_":0.17412051234851,"Result_Measure_Value":174.120512348505,"Result_Unit_of_Measure":"pg/L"}},{"type":"Feature","geometry":{"type":"Point","coordinates":[-81.6785,41.4921000000001]},"properties":{"F_Monitoring_Location_Identifier":"EPA_GLNPO-CLV","Location_Name":"Cleveland (IADN CLV)","State":" OH","EPA_Region":"05","Organization":"EPA Great Lakes National Program","Environmental_Media_Name":"Air","Activity_Media_Subdivision_Name":"Air moisture","Project_Name":"IADN-US 2021","PFAS_Chemical_Name":"Perfluorooctanoic acid","CAS_Number":"335-67-1","Result_Measure_Value__ppt_":0.50022742474916,"Result_Measure_Value":500.227424749164,"Result_Unit_of_Measure":"pg/L"}},{"type":"Feature","geometry":{"type":"Point","coordinates":[-81.6785,41.4921000000001]},"properties":{"F_Monitoring_Location_Identifier":"EPA_GLNPO-CLV","Location_Name":"Cleveland (IADN CLV)","State":" OH","EPA_Region":"05","Organization":"EPA Great Lakes National Program","Environmental_Media_Name":"Air","Activity_Media_Subdivision_Name":"Air moisture","Project_Name":"IADN-US 2021","PFAS_Chemical_Name":"Heptafluorobutyric acid***retired***use Perfluorobutanoic acid","Result_Measure_Value__ppt_":1.5683763080697,"Result_Measure_Value":1568.37630806971,"Result_Unit_of_Measure":"pg/L"}},{"type":"Feature","geometry":{"type":"Point","coordinates":[-81.6785,41.4921000000001]},"properties":{"F_Monitoring_Location_Identifier":"EPA_GLNPO-CLV","Location_Name":"Cleveland (IADN CLV)","State":" OH","EPA_Region":"05","Organization":"EPA Great Lakes National Program","Environmental_Media_Name":"Air","Activity_Media_Subdivision_Name":"Air moisture","Project_Name":"IADN-US 2021","PFAS_Chemical_Name":"Perfluoro[1,2-13C2]hexanoic acid","Result_Measure_Value":82.66,"Result_Unit_of_Measure":"%"}},{"type":"Feature","geometry":{"type":"Point","coordinates":[-81.6785,41.4921000000001]},"properties":{"F_Monitoring_Location_Identifier":"EPA_GLNPO-CLV","Location_Name":"Cleveland (IADN CLV)","State":" OH","EPA_Region":"05","Organization":"EPA Great Lakes National Program","Environmental_Media_Name":"Air","Activity_Media_Subdivision_Name":"Air moisture","Project_Name":"IADN-US 2021","PFAS_Chemical_Name":"Perfluorohexanoic acid","CAS_Number":"307-24-4","Result_Measure_Value__ppt_":0.30042507281302,"Result_Measure_Value":300.425072813018,"Result_Unit_of_Measure":"pg/L"}},{"type":"Feature","geometry":{"type":"Point","coordinates":[-81.6785,41.4921000000001]},"properties":{"F_Monitoring_Location_Identifier":"EPA_GLNPO-CLV","Location_Name":"Cleveland (IADN CLV)","State":" OH","EPA_Region":"05","Organization":"EPA Great Lakes National Program","Environmental_Media_Name":"Air","Activity_Media_Subdivision_Name":"Air moisture","Project_Name":"IADN-US 2021","PFAS_Chemical_Name":"6:2 Fluorotelomer sulfonate acid","Result_Measure_Value__ppt_":0.29853136627369,"Result_Measure_Value":298.531366273694,"Result_Unit_of_Measure":"pg/L"}},{"type":"Feature","geometry":{"type":"Point","coordinates":[-81.6785,41.4921000000001]},"properties":{"F_Monitoring_Location_Identifier":"EPA_GLNPO-CLV","Location_Name":"Cleveland (IADN CLV)","State":" OH","EPA_Region":"05","Organization":"EPA Great Lakes National Program","Environmental_Media_Name":"Air","Activity_Media_Subdivision_Name":"Air moisture","Project_Name":"IADN-US 2021","PFAS_Chemical_Name":"Perfluorononanoic acid","CAS_Number":"375-95-1","Result_Measure_Value__ppt_":0.11967123288917,"Result_Measure_Value":119.671232889171,"Result_Unit_of_Measure":"pg/L"}},{"type":"Feature","geometry":{"type":"Point","coordinates":[-81.6785,41.4921000000001]},"properties":{"F_Monitoring_Location_Identifier":"EPA_GLNPO-CLV","Location_Name":"Cleveland (IADN CLV)","State":" OH","EPA_Region":"05","Organization":"EPA Great Lakes National Program","Environmental_Media_Name":"Air","Activity_Media_Subdivision_Name":"Air moisture","Project_Name":"IADN-US 2021","PFAS_Chemical_Name":"Perfluoroheptanoic acid","CAS_Number":"375-85-9","Result_Measure_Value__ppt_":0.31914802451818,"Result_Measure_Value":319.148024518177,"Result_Unit_of_Measure":"pg/L"}},{"type":"Feature","geometry":{"type":"Point","coordinates":[-81.6785,41.4921000000001]},"properties":{"F_Monitoring_Location_Identifier":"EPA_GLNPO-CLV","Location_Name":"Cleveland (IADN CLV)","State":" OH","EPA_Region":"05","Organization":"EPA Great Lakes National Program","Environmental_Media_Name":"Air","Activity_Media_Subdivision_Name":"Air moisture","Project_Name":"IADN-US 2021","PFAS_Chemical_Name":"Sodium perfluoro-1-hexane[18O2]sulfonate","Result_Measure_Value":120.39,"Result_Unit_of_Measure":"%"}},{"type":"Feature","geometry":{"type":"Point","coordinates":[-81.6785,41.4921000000001]},"properties":{"F_Monitoring_Location_Identifier":"EPA_GLNPO-CLV","Location_Name":"Cleveland (IADN CLV)","State":" OH","EPA_Region":"05","Organization":"EPA Great Lakes National Program","Environmental_Media_Name":"Air","Activity_Media_Subdivision_Name":"Air moisture","Project_Name":"IADN-US 2021","PFAS_Chemical_Name":"Perfluorononanoic acid","CAS_Number":"375-95-1","Result_Measure_Value__ppt_":0.094687768369075,"Result_Measure_Value":94.6877683690747,"Result_Unit_of_Measure":"pg/L"}},{"type":"Feature","geometry":{"type":"Point","coordinates":[-81.6785,41.4921000000001]},"properties":{"F_Monitoring_Location_Identifier":"EPA_GLNPO-CLV","Location_Name":"Cleveland (IADN CLV)","State":" OH","EPA_Region":"05","Organization":"EPA Great Lakes National Program","Environmental_Media_Name":"Air","Activity_Media_Subdivision_Name":"Air moisture","Project_Name":"IADN-US 2021","PFAS_Chemical_Name":"Sodium perfluoro-1-hexane[18O2]sulfonate","Result_Measure_Value":79.805,"Result_Unit_of_Measure":"%"}},{"type":"Feature","geometry":{"type":"Point","coordinates":[-81.6785,41.4921000000001]},"properties":{"F_Monitoring_Location_Identifier":"EPA_GLNPO-CLV","Location_Name":"Cleveland (IADN CLV)","State":" OH","EPA_Region":"05","Organization":"EPA Great Lakes National Program","Environmental_Media_Name":"Air","Activity_Media_Subdivision_Name":"Air moisture","Project_Name":"IADN-US 2021","PFAS_Chemical_Name":"Perfluorononanoic acid","CAS_Number":"375-95-1","Result_Measure_Value__ppt_":0.19959802956924,"Result_Measure_Value":199.598029569236,"Result_Unit_of_Measure":"pg/L"}},{"type":"Feature","geometry":{"type":"Point","coordinates":[-81.6785,41.4921000000001]},"properties":{"F_Monitoring_Location_Identifier":"EPA_GLNPO-CLV","Location_Name":"Cleveland (IADN CLV)","State":" OH","EPA_Region":"05","Organization":"EPA Great Lakes National Program","Environmental_Media_Name":"Air","Activity_Media_Subdivision_Name":"Air moisture","Project_Name":"IADN-US 2021","PFAS_Chemical_Name":"6:2 Fluorotelomer sulfonate acid","Result_Measure_Value__ppt_":0.48883871119328,"Result_Measure_Value":488.838711193282,"Result_Unit_of_Measure":"pg/L"}},{"type":"Feature","geometry":{"type":"Point","coordinates":[-81.6785,41.4921000000001]},"properties":{"F_Monitoring_Location_Identifier":"EPA_GLNPO-CLV","Location_Name":"Cleveland (IADN CLV)","State":" OH","EPA_Region":"05","Organization":"EPA Great Lakes National Program","Environmental_Media_Name":"Air","Activity_Media_Subdivision_Name":"Air moisture","Project_Name":"IADN-US 2021","PFAS_Chemical_Name":"Perfluorohexanoic acid","CAS_Number":"307-24-4","Result_Measure_Value__ppt_":0.44448854408563,"Result_Measure_Value":444.488544085631,"Result_Unit_of_Measure":"pg/L"}},{"type":"Feature","geometry":{"type":"Point","coordinates":[-81.6785,41.4921000000001]},"properties":{"F_Monitoring_Location_Identifier":"EPA_GLNPO-CLV","Location_Name":"Cleveland (IADN CLV)","State":" OH","EPA_Region":"05","Organization":"EPA Great Lakes National Program","Environmental_Media_Name":"Air","Activity_Media_Subdivision_Name":"Air moisture","Project_Name":"IADN-US 2021","PFAS_Chemical_Name":"Perfluoro[1,2-13C2]tetradecanoic acid","Result_Measure_Value":48.57,"Result_Unit_of_Measure":"%"}},{"type":"Feature","geometry":{"type":"Point","coordinates":[-81.6785,41.4921000000001]},"properties":{"F_Monitoring_Location_Identifier":"EPA_GLNPO-CLV","Location_Name":"Cleveland (IADN CLV)","State":" OH","EPA_Region":"05","Organization":"EPA Great Lakes National Program","Environmental_Media_Name":"Air","Activity_Media_Subdivision_Name":"Air moisture","Project_Name":"IADN-US 2021","PFAS_Chemical_Name":"Perfluoro[1,2-13C2]tetradecanoic acid","Result_Measure_Value":79.865,"Result_Unit_of_Measure":"%"}},{"type":"Feature","geometry":{"type":"Point","coordinates":[-81.6785,41.4921000000001]},"properties":{"F_Monitoring_Location_Identifier":"EPA_GLNPO-CLV","Location_Name":"Cleveland (IADN CLV)","State":" OH","EPA_Region":"05","Organization":"EPA Great Lakes National Program","Environmental_Media_Name":"Air","Activity_Media_Subdivision_Name":"Air moisture","Project_Name":"IADN-US 2021","PFAS_Chemical_Name":"Perfluoro[1,2-13C2]undecanoic acid","CAS_Number":"960315-51-9","Result_Measure_Value":89.165,"Result_Unit_of_Measure":"%"}},{"type":"Feature","geometry":{"type":"Point","coordinates":[-81.6785,41.4921000000001]},"properties":{"F_Monitoring_Location_Identifier":"EPA_GLNPO-CLV","Location_Name":"Cleveland (IADN CLV)","State":" OH","EPA_Region":"05","Organization":"EPA Great Lakes National Program","Environmental_Media_Name":"Air","Activity_Media_Subdivision_Name":"Air moisture","Project_Name":"IADN-US 2021","PFAS_Chemical_Name":"6:2 Fluorotelomer sulfonate acid","Result_Measure_Value__ppt_":0.38813004928556,"Result_Measure_Value":388.130049285557,"Result_Unit_of_Measure":"pg/L"}},{"type":"Feature","geometry":{"type":"Point","coordinates":[-81.6785,41.4921000000001]},"properties":{"F_Monitoring_Location_Identifier":"EPA_GLNPO-CLV","Location_Name":"Cleveland (IADN CLV)","State":" OH","EPA_Region":"05","Organization":"EPA Great Lakes National Program","Environmental_Media_Name":"Air","Activity_Media_Subdivision_Name":"Air moisture","Project_Name":"IADN-US 2021","PFAS_Chemical_Name":"Sodium perfluoro-1-hexane[18O2]sulfonate","Result_Measure_Value":88.41,"Result_Unit_of_Measure":"%"}},{"type":"Feature","geometry":{"type":"Point","coordinates":[-81.6785,41.4921000000001]},"properties":{"F_Monitoring_Location_Identifier":"EPA_GLNPO-CLV","Location_Name":"Cleveland (IADN CLV)","State":" OH","EPA_Region":"05","Organization":"EPA Great Lakes National Program","Environmental_Media_Name":"Air","Activity_Media_Subdivision_Name":"Air moisture","Project_Name":"IADN-US 2021","PFAS_Chemical_Name":"Perfluorooctanoic acid","CAS_Number":"335-67-1","Result_Measure_Value__ppt_":0.51054770379796,"Result_Measure_Value":510.54770379796,"Result_Unit_of_Measure":"pg/L"}},{"type":"Feature","geometry":{"type":"Point","coordinates":[-81.6785,41.4921000000001]},"properties":{"F_Monitoring_Location_Identifier":"EPA_GLNPO-CLV","Location_Name":"Cleveland (IADN CLV)","State":" OH","EPA_Region":"05","Organization":"EPA Great Lakes National Program","Environmental_Media_Name":"Air","Activity_Media_Subdivision_Name":"Air moisture","Project_Name":"IADN-US 2021","PFAS_Chemical_Name":"Perfluorobutylsulfonamide","CAS_Number":"30334-69-1","Result_Measure_Value__ppt_":0.26383265858892,"Result_Measure_Value":263.832658588922,"Result_Unit_of_Measure":"pg/L"}},{"type":"Feature","geometry":{"type":"Point","coordinates":[-81.6785,41.4921000000001]},"properties":{"F_Monitoring_Location_Identifier":"EPA_GLNPO-CLV","Location_Name":"Cleveland (IADN CLV)","State":" OH","EPA_Region":"05","Organization":"EPA Great Lakes National Program","Environmental_Media_Name":"Air","Activity_Media_Subdivision_Name":"Air moisture","Project_Name":"IADN-US 2021","PFAS_Chemical_Name":"Perfluoro[1,2-13C2]tetradecanoic acid","Result_Measure_Value":44.885,"Result_Unit_of_Measure":"%"}},{"type":"Feature","geometry":{"type":"Point","coordinates":[-81.6785,41.4921000000001]},"properties":{"F_Monitoring_Location_Identifier":"EPA_GLNPO-CLV","Location_Name":"Cleveland (IADN CLV)","State":" OH","EPA_Region":"05","Organization":"EPA Great Lakes National Program","Environmental_Media_Name":"Air","Activity_Media_Subdivision_Name":"Air moisture","Project_Name":"IADN-US 2021","PFAS_Chemical_Name":"Perfluoro[1,2-13C2]hexanoic acid","Result_Measure_Value":77.215,"Result_Unit_of_Measure":"%"}},{"type":"Feature","geometry":{"type":"Point","coordinates":[-81.6785,41.4921000000001]},"properties":{"F_Monitoring_Location_Identifier":"EPA_GLNPO-CLV","Location_Name":"Cleveland (IADN CLV)","State":" OH","EPA_Region":"05","Organization":"EPA Great Lakes National Program","Environmental_Media_Name":"Air","Activity_Media_Subdivision_Name":"Air moisture","Project_Name":"IADN-US 2021","PFAS_Chemical_Name":"6:2 Fluorotelomer sulfonate acid","Result_Measure_Value__ppt_":0.49899615372643,"Result_Measure_Value":498.996153726433,"Result_Unit_of_Measure":"pg/L"}},{"type":"Feature","geometry":{"type":"Point","coordinates":[-81.6785,41.4921000000001]},"properties":{"F_Monitoring_Location_Identifier":"EPA_GLNPO-CLV","Location_Name":"Cleveland (IADN CLV)","State":" OH","EPA_Region":"05","Organization":"EPA Great Lakes National Program","Environmental_Media_Name":"Air","Activity_Media_Subdivision_Name":"Air moisture","Project_Name":"IADN-US 2021","PFAS_Chemical_Name":"Perfluoro[1,2-13C2]hexanoic acid","Result_Measure_Value":85.105,"Result_Unit_of_Measure":"%"}},{"type":"Feature","geometry":{"type":"Point","coordinates":[-81.6785,41.4921000000001]},"properties":{"F_Monitoring_Location_Identifier":"EPA_GLNPO-CLV","Location_Name":"Cleveland (IADN CLV)","State":" OH","EPA_Region":"05","Organization":"EPA Great Lakes National Program","Environmental_Media_Name":"Air","Activity_Media_Subdivision_Name":"Air moisture","Project_Name":"IADN-US 2021","PFAS_Chemical_Name":"Perfluorodecanoic acid","CAS_Number":"335-76-2","Result_Measure_Value__ppt_":0.14576639165672,"Result_Measure_Value":145.766391656719,"Result_Unit_of_Measure":"pg/L"}},{"type":"Feature","geometry":{"type":"Point","coordinates":[-81.6785,41.4921000000001]},"properties":{"F_Monitoring_Location_Identifier":"EPA_GLNPO-CLV","Location_Name":"Cleveland (IADN CLV)","State":" OH","EPA_Region":"05","Organization":"EPA Great Lakes National Program","Environmental_Media_Name":"Air","Activity_Media_Subdivision_Name":"Air moisture","Project_Name":"IADN-US 2021","PFAS_Chemical_Name":"Perfluorohexanoic acid","CAS_Number":"307-24-4","Result_Measure_Value__ppt_":0.3256255985305,"Result_Measure_Value":325.625598530495,"Result_Unit_of_Measure":"pg/L"}},{"type":"Feature","geometry":{"type":"Point","coordinates":[-81.6785,41.4921000000001]},"properties":{"F_Monitoring_Location_Identifier":"EPA_GLNPO-CLV","Location_Name":"Cleveland (IADN CLV)","State":" OH","EPA_Region":"05","Organization":"EPA Great Lakes National Program","Environmental_Media_Name":"Air","Activity_Media_Subdivision_Name":"Air moisture","Project_Name":"IADN-US 2021","PFAS_Chemical_Name":"Perfluorobutylsulfonamide","CAS_Number":"30334-69-1","Result_Measure_Value__ppt_":0.13115545121414,"Result_Measure_Value":131.155451214145,"Result_Unit_of_Measure":"pg/L"}},{"type":"Feature","geometry":{"type":"Point","coordinates":[-81.6785,41.4921000000001]},"properties":{"F_Monitoring_Location_Identifier":"EPA_GLNPO-CLV","Location_Name":"Cleveland (IADN CLV)","State":" OH","EPA_Region":"05","Organization":"EPA Great Lakes National Program","Environmental_Media_Name":"Air","Activity_Media_Subdivision_Name":"Air moisture","Project_Name":"IADN-US 2021","PFAS_Chemical_Name":"Perfluorooctane sulfonic acid","CAS_Number":"1763-23-1","Result_Measure_Value__ppt_":0.34423076923077,"Result_Measure_Value":344.230769230769,"Result_Unit_of_Measure":"pg/L"}},{"type":"Feature","geometry":{"type":"Point","coordinates":[-81.6785,41.4921000000001]},"properties":{"F_Monitoring_Location_Identifier":"EPA_GLNPO-CLV","Location_Name":"Cleveland (IADN CLV)","State":" OH","EPA_Region":"05","Organization":"EPA Great Lakes National Program","Environmental_Media_Name":"Air","Activity_Media_Subdivision_Name":"Air moisture","Project_Name":"IADN-US 2021","PFAS_Chemical_Name":"Perfluoro[1,2-13C2]undecanoic acid","CAS_Number":"960315-51-9","Result_Measure_Value":82.25,"Result_Unit_of_Measure":"%"}},{"type":"Feature","geometry":{"type":"Point","coordinates":[-81.6785,41.4921000000001]},"properties":{"F_Monitoring_Location_Identifier":"EPA_GLNPO-CLV","Location_Name":"Cleveland (IADN CLV)","State":" OH","EPA_Region":"05","Organization":"EPA Great Lakes National Program","Environmental_Media_Name":"Air","Activity_Media_Subdivision_Name":"Air moisture","Project_Name":"IADN-US 2021","PFAS_Chemical_Name":"Perfluorobutylsulfonamide","CAS_Number":"30334-69-1","Result_Measure_Value__ppt_":0.13064347825178,"Result_Measure_Value":130.643478251781,"Result_Unit_of_Measure":"pg/L"}},{"type":"Feature","geometry":{"type":"Point","coordinates":[-81.6785,41.4921000000001]},"properties":{"F_Monitoring_Location_Identifier":"EPA_GLNPO-CLV","Location_Name":"Cleveland (IADN CLV)","State":" OH","EPA_Region":"05","Organization":"EPA Great Lakes National Program","Environmental_Media_Name":"Air","Activity_Media_Subdivision_Name":"Air moisture","Project_Name":"IADN-US 2021","PFAS_Chemical_Name":"Perfluorobutylsulfonamide","CAS_Number":"30334-69-1","Result_Measure_Value__ppt_":0.27981498611918,"Result_Measure_Value":279.814986119181,"Result_Unit_of_Measure":"pg/L"}},{"type":"Feature","geometry":{"type":"Point","coordinates":[-81.6785,41.4921000000001]},"properties":{"F_Monitoring_Location_Identifier":"EPA_GLNPO-CLV","Location_Name":"Cleveland (IADN CLV)","State":" OH","EPA_Region":"05","Organization":"EPA Great Lakes National Program","Environmental_Media_Name":"Air","Activity_Media_Subdivision_Name":"Air moisture","Project_Name":"IADN-US 2021","PFAS_Chemical_Name":"Perfluorovaleric acid","CAS_Number":"2706-90-3","Result_Measure_Value__ppt_":0.19041835359027,"Result_Measure_Value":190.418353590265,"Result_Unit_of_Measure":"pg/L"}},{"type":"Feature","geometry":{"type":"Point","coordinates":[-81.6785,41.4921000000001]},"properties":{"F_Monitoring_Location_Identifier":"EPA_GLNPO-CLV","Location_Name":"Cleveland (IADN CLV)","State":" OH","EPA_Region":"05","Organization":"EPA Great Lakes National Program","Environmental_Media_Name":"Air","Activity_Media_Subdivision_Name":"Air moisture","Project_Name":"IADN-US 2021","PFAS_Chemical_Name":"Perfluorooctanoic acid","CAS_Number":"335-67-1","Result_Measure_Value__ppt_":0.90701298710722,"Result_Measure_Value":907.012987107222,"Result_Unit_of_Measure":"pg/L"}},{"type":"Feature","geometry":{"type":"Point","coordinates":[-81.6785,41.4921000000001]},"properties":{"F_Monitoring_Location_Identifier":"EPA_GLNPO-CLV","Location_Name":"Cleveland (IADN CLV)","State":" OH","EPA_Region":"05","Organization":"EPA Great Lakes National Program","Environmental_Media_Name":"Air","Activity_Media_Subdivision_Name":"Air moisture","Project_Name":"IADN-US 2021","PFAS_Chemical_Name":"Perfluoro[1,2-13C2]hexanoic acid","Result_Measure_Value":80.57,"Result_Unit_of_Measure":"%"}},{"type":"Feature","geometry":{"type":"Point","coordinates":[-81.6785,41.4921000000001]},"properties":{"F_Monitoring_Location_Identifier":"EPA_GLNPO-CLV","Location_Name":"Cleveland (IADN CLV)","State":" OH","EPA_Region":"05","Organization":"EPA Great Lakes National Program","Environmental_Media_Name":"Air","Activity_Media_Subdivision_Name":"Air moisture","Project_Name":"IADN-US 2021","PFAS_Chemical_Name":"Fluorotelomer sulfonate 8:2","CAS_Number":"39108-34-4","Result_Measure_Value__ppt_":0.57542735042735,"Result_Measure_Value":575.42735042735,"Result_Unit_of_Measure":"pg/L"}},{"type":"Feature","geometry":{"type":"Point","coordinates":[-81.6785,41.4921000000001]},"properties":{"F_Monitoring_Location_Identifier":"EPA_GLNPO-CLV","Location_Name":"Cleveland (IADN CLV)","State":" OH","EPA_Region":"05","Organization":"EPA Great Lakes National Program","Environmental_Media_Name":"Air","Activity_Media_Subdivision_Name":"Air moisture","Project_Name":"IADN-US 2021","PFAS_Chemical_Name":"Perfluorohexanoic acid","CAS_Number":"307-24-4","Result_Measure_Value__ppt_":0.25455158875431,"Result_Measure_Value":254.551588754308,"Result_Unit_of_Measure":"pg/L"}},{"type":"Feature","geometry":{"type":"Point","coordinates":[-81.6785,41.4921000000001]},"properties":{"F_Monitoring_Location_Identifier":"EPA_GLNPO-CLV","Location_Name":"Cleveland (IADN CLV)","State":" OH","EPA_Region":"05","Organization":"EPA Great Lakes National Program","Environmental_Media_Name":"Air","Activity_Media_Subdivision_Name":"Air moisture","Project_Name":"IADN-US 2021","PFAS_Chemical_Name":"Perfluoroheptanoic acid","CAS_Number":"375-85-9","Result_Measure_Value__ppt_":0.27466306306075,"Result_Measure_Value":274.663063060754,"Result_Unit_of_Measure":"pg/L"}},{"type":"Feature","geometry":{"type":"Point","coordinates":[-81.6785,41.4921000000001]},"properties":{"F_Monitoring_Location_Identifier":"EPA_GLNPO-CLV","Location_Name":"Cleveland (IADN CLV)","State":" OH","EPA_Region":"05","Organization":"EPA Great Lakes National Program","Environmental_Media_Name":"Air","Activity_Media_Subdivision_Name":"Air moisture","Project_Name":"IADN-US 2021","PFAS_Chemical_Name":"Perfluoro[1,2-13C2]hexanoic acid","Result_Measure_Value":82.065,"Result_Unit_of_Measure":"%"}},{"type":"Feature","geometry":{"type":"Point","coordinates":[-81.6785,41.4921000000001]},"properties":{"F_Monitoring_Location_Identifier":"EPA_GLNPO-CLV","Location_Name":"Cleveland (IADN CLV)","State":" OH","EPA_Region":"05","Organization":"EPA Great Lakes National Program","Environmental_Media_Name":"Air","Activity_Media_Subdivision_Name":"Air moisture","Project_Name":"IADN-US 2021","PFAS_Chemical_Name":"Perfluoro[1,2-13C2]tetradecanoic acid","Result_Measure_Value":69.5,"Result_Unit_of_Measure":"%"}},{"type":"Feature","geometry":{"type":"Point","coordinates":[-81.6785,41.4921000000001]},"properties":{"F_Monitoring_Location_Identifier":"EPA_GLNPO-CLV","Location_Name":"Cleveland (IADN CLV)","State":" OH","EPA_Region":"05","Organization":"EPA Great Lakes National Program","Environmental_Media_Name":"Air","Activity_Media_Subdivision_Name":"Air moisture","Project_Name":"IADN-US 2021","PFAS_Chemical_Name":"Perfluorohexanoic acid","CAS_Number":"307-24-4","Result_Measure_Value__ppt_":0.85261569408874,"Result_Measure_Value":852.615694088744,"Result_Unit_of_Measure":"pg/L"}},{"type":"Feature","geometry":{"type":"Point","coordinates":[-81.6785,41.4921000000001]},"properties":{"F_Monitoring_Location_Identifier":"EPA_GLNPO-CLV","Location_Name":"Cleveland (IADN CLV)","State":" OH","EPA_Region":"05","Organization":"EPA Great Lakes National Program","Environmental_Media_Name":"Air","Activity_Media_Subdivision_Name":"Air moisture","Project_Name":"IADN-US 2021","PFAS_Chemical_Name":"Perfluorobutylsulfonamide","CAS_Number":"30334-69-1","Result_Measure_Value__ppt_":0.12741918052133,"Result_Measure_Value":127.419180521326,"Result_Unit_of_Measure":"pg/L"}},{"type":"Feature","geometry":{"type":"Point","coordinates":[-81.6785,41.4921000000001]},"properties":{"F_Monitoring_Location_Identifier":"EPA_GLNPO-CLV","Location_Name":"Cleveland (IADN CLV)","State":" OH","EPA_Region":"05","Organization":"EPA Great Lakes National Program","Environmental_Media_Name":"Air","Activity_Media_Subdivision_Name":"Air moisture","Project_Name":"IADN-US 2021","PFAS_Chemical_Name":"Perfluorodecanoic acid","CAS_Number":"335-76-2","Result_Measure_Value__ppt_":0.085091556914031,"Result_Measure_Value":85.0915569140308,"Result_Unit_of_Measure":"pg/L"}},{"type":"Feature","geometry":{"type":"Point","coordinates":[-81.6785,41.4921000000001]},"properties":{"F_Monitoring_Location_Identifier":"EPA_GLNPO-CLV","Location_Name":"Cleveland (IADN CLV)","State":" OH","EPA_Region":"05","Organization":"EPA Great Lakes National Program","Environmental_Media_Name":"Air","Activity_Media_Subdivision_Name":"Air moisture","Project_Name":"IADN-US 2021","PFAS_Chemical_Name":"Perfluorohexanoic acid","CAS_Number":"307-24-4","Result_Measure_Value__ppt_":0.2876088823669,"Result_Measure_Value":287.608882366896,"Result_Unit_of_Measure":"pg/L"}},{"type":"Feature","geometry":{"type":"Point","coordinates":[-81.6785,41.4921000000001]},"properties":{"F_Monitoring_Location_Identifier":"EPA_GLNPO-CLV","Location_Name":"Cleveland (IADN CLV)","State":" OH","EPA_Region":"05","Organization":"EPA Great Lakes National Program","Environmental_Media_Name":"Air","Activity_Media_Subdivision_Name":"Air moisture","Project_Name":"IADN-US 2021","PFAS_Chemical_Name":"Perfluorobutylsulfonamide","CAS_Number":"30334-69-1","Result_Measure_Value__ppt_":0.41797402601745,"Result_Measure_Value":417.974026017452,"Result_Unit_of_Measure":"pg/L"}},{"type":"Feature","geometry":{"type":"Point","coordinates":[-81.6785,41.4921000000001]},"properties":{"F_Monitoring_Location_Identifier":"EPA_GLNPO-CLV","Location_Name":"Cleveland (IADN CLV)","State":" OH","EPA_Region":"05","Organization":"EPA Great Lakes National Program","Environmental_Media_Name":"Air","Activity_Media_Subdivision_Name":"Air moisture","Project_Name":"IADN-US 2021","PFAS_Chemical_Name":"Perfluoroheptanoic acid","CAS_Number":"375-85-9","Result_Measure_Value__ppt_":0.41295546561744,"Result_Measure_Value":412.955465617442,"Result_Unit_of_Measure":"pg/L"}},{"type":"Feature","geometry":{"type":"Point","coordinates":[-81.6785,41.4921000000001]},"properties":{"F_Monitoring_Location_Identifier":"EPA_GLNPO-CLV","Location_Name":"Cleveland (IADN CLV)","State":" OH","EPA_Region":"05","Organization":"EPA Great Lakes National Program","Environmental_Media_Name":"Air","Activity_Media_Subdivision_Name":"Air moisture","Project_Name":"IADN-US 2021","PFAS_Chemical_Name":"Heptafluorobutyric acid***retired***use Perfluorobutanoic acid","Result_Measure_Value__ppt_":1.7904394089799,"Result_Measure_Value":1790.43940897989,"Result_Unit_of_Measure":"pg/L"}},{"type":"Feature","geometry":{"type":"Point","coordinates":[-81.6785,41.4921000000001]},"properties":{"F_Monitoring_Location_Identifier":"EPA_GLNPO-CLV","Location_Name":"Cleveland (IADN CLV)","State":" OH","EPA_Region":"05","Organization":"EPA Great Lakes National Program","Environmental_Media_Name":"Air","Activity_Media_Subdivision_Name":"Air moisture","Project_Name":"IADN-US 2021","PFAS_Chemical_Name":"Perfluoro[1,2-13C2]hexanoic acid","Result_Measure_Value":80.245,"Result_Unit_of_Measure":"%"}},{"type":"Feature","geometry":{"type":"Point","coordinates":[-81.6785,41.4921000000001]},"properties":{"F_Monitoring_Location_Identifier":"EPA_GLNPO-CLV","Location_Name":"Cleveland (IADN CLV)","State":" OH","EPA_Region":"05","Organization":"EPA Great Lakes National Program","Environmental_Media_Name":"Air","Activity_Media_Subdivision_Name":"Air moisture","Project_Name":"IADN-US 2021","PFAS_Chemical_Name":"Perfluoroheptanoic acid","CAS_Number":"375-85-9","Result_Measure_Value__ppt_":0.35124334977584,"Result_Measure_Value":351.243349775842,"Result_Unit_of_Measure":"pg/L"}},{"type":"Feature","geometry":{"type":"Point","coordinates":[-81.6785,41.4921000000001]},"properties":{"F_Monitoring_Location_Identifier":"EPA_GLNPO-CLV","Location_Name":"Cleveland (IADN CLV)","State":" OH","EPA_Region":"05","Organization":"EPA Great Lakes National Program","Environmental_Media_Name":"Air","Activity_Media_Subdivision_Name":"Air moisture","Project_Name":"IADN-US 2021","PFAS_Chemical_Name":"Perfluorooctanoic acid","CAS_Number":"335-67-1","Result_Measure_Value__ppt_":0.19332713648312,"Result_Measure_Value":193.327136483124,"Result_Unit_of_Measure":"pg/L"}},{"type":"Feature","geometry":{"type":"Point","coordinates":[-81.6785,41.4921000000001]},"properties":{"F_Monitoring_Location_Identifier":"EPA_GLNPO-CLV","Location_Name":"Cleveland (IADN CLV)","State":" OH","EPA_Region":"05","Organization":"EPA Great Lakes National Program","Environmental_Media_Name":"Air","Activity_Media_Subdivision_Name":"Air moisture","Project_Name":"IADN-US 2021","PFAS_Chemical_Name":"Perfluoro[1,2-13C2]tetradecanoic acid","Result_Measure_Value":65.94,"Result_Unit_of_Measure":"%"}},{"type":"Feature","geometry":{"type":"Point","coordinates":[-81.6785,41.4921000000001]},"properties":{"F_Monitoring_Location_Identifier":"EPA_GLNPO-CLV","Location_Name":"Cleveland (IADN CLV)","State":" OH","EPA_Region":"05","Organization":"EPA Great Lakes National Program","Environmental_Media_Name":"Air","Activity_Media_Subdivision_Name":"Air moisture","Project_Name":"IADN-US 2021","PFAS_Chemical_Name":"6:2 Fluorotelomer sulfonate acid","Result_Measure_Value__ppt_":0.44607777780256,"Result_Measure_Value":446.07777780256,"Result_Unit_of_Measure":"pg/L"}},{"type":"Feature","geometry":{"type":"Point","coordinates":[-81.6785,41.4921000000001]},"properties":{"F_Monitoring_Location_Identifier":"EPA_GLNPO-CLV","Location_Name":"Cleveland (IADN CLV)","State":" OH","EPA_Region":"05","Organization":"EPA Great Lakes National Program","Environmental_Media_Name":"Air","Activity_Media_Subdivision_Name":"Air moisture","Project_Name":"IADN-US 2021","PFAS_Chemical_Name":"Perfluoroheptanoic acid","CAS_Number":"375-85-9","Result_Measure_Value__ppt_":0.74742857150623,"Result_Measure_Value":747.428571506226,"Result_Unit_of_Measure":"pg/L"}},{"type":"Feature","geometry":{"type":"Point","coordinates":[-81.6785,41.4921000000001]},"properties":{"F_Monitoring_Location_Identifier":"EPA_GLNPO-CLV","Location_Name":"Cleveland (IADN CLV)","State":" OH","EPA_Region":"05","Organization":"EPA Great Lakes National Program","Environmental_Media_Name":"Air","Activity_Media_Subdivision_Name":"Air moisture","Project_Name":"IADN-US 2021","PFAS_Chemical_Name":"Perfluoro[1,2-13C2]tetradecanoic acid","Result_Measure_Value":64.88,"Result_Unit_of_Measure":"%"}},{"type":"Feature","geometry":{"type":"Point","coordinates":[-81.6785,41.4921000000001]},"properties":{"F_Monitoring_Location_Identifier":"EPA_GLNPO-CLV","Location_Name":"Cleveland (IADN CLV)","State":" OH","EPA_Region":"05","Organization":"EPA Great Lakes National Program","Environmental_Media_Name":"Air","Activity_Media_Subdivision_Name":"Air moisture","Project_Name":"IADN-US 2021","PFAS_Chemical_Name":"Perfluorohexanoic acid","CAS_Number":"307-24-4","Result_Measure_Value__ppt_":0.28297913341991,"Result_Measure_Value":282.979133419914,"Result_Unit_of_Measure":"pg/L"}},{"type":"Feature","geometry":{"type":"Point","coordinates":[-81.6785,41.4921000000001]},"properties":{"F_Monitoring_Location_Identifier":"EPA_GLNPO-CLV","Location_Name":"Cleveland (IADN CLV)","State":" OH","EPA_Region":"05","Organization":"EPA Great Lakes National Program","Environmental_Media_Name":"Air","Activity_Media_Subdivision_Name":"Air moisture","Project_Name":"IADN-US 2021","PFAS_Chemical_Name":"Perfluoroheptanoic acid","CAS_Number":"375-85-9","Result_Measure_Value__ppt_":1.4595238095238,"Result_Measure_Value":1459.52380952381,"Result_Unit_of_Measure":"pg/L"}},{"type":"Feature","geometry":{"type":"Point","coordinates":[-81.6785,41.4921000000001]},"properties":{"F_Monitoring_Location_Identifier":"EPA_GLNPO-CLV","Location_Name":"Cleveland (IADN CLV)","State":" OH","EPA_Region":"05","Organization":"EPA Great Lakes National Program","Environmental_Media_Name":"Air","Activity_Media_Subdivision_Name":"Air moisture","Project_Name":"IADN-US 2021","PFAS_Chemical_Name":"Perfluoroheptanoic acid","CAS_Number":"375-85-9","Result_Measure_Value__ppt_":0.3256756564379,"Result_Measure_Value":325.675656437902,"Result_Unit_of_Measure":"pg/L"}},{"type":"Feature","geometry":{"type":"Point","coordinates":[-81.6785,41.4921000000001]},"properties":{"F_Monitoring_Location_Identifier":"EPA_GLNPO-CLV","Location_Name":"Cleveland (IADN CLV)","State":" OH","EPA_Region":"05","Organization":"EPA Great Lakes National Program","Environmental_Media_Name":"Air","Activity_Media_Subdivision_Name":"Air moisture","Project_Name":"IADN-US 2021","PFAS_Chemical_Name":"Perfluoroheptanoic acid","CAS_Number":"375-85-9","Result_Measure_Value__ppt_":0.42544557585629,"Result_Measure_Value":425.445575856294,"Result_Unit_of_Measure":"pg/L"}},{"type":"Feature","geometry":{"type":"Point","coordinates":[-81.6785,41.4921000000001]},"properties":{"F_Monitoring_Location_Identifier":"EPA_GLNPO-CLV","Location_Name":"Cleveland (IADN CLV)","State":" OH","EPA_Region":"05","Organization":"EPA Great Lakes National Program","Environmental_Media_Name":"Air","Activity_Media_Subdivision_Name":"Air moisture","Project_Name":"IADN-US 2021","PFAS_Chemical_Name":"Perfluorononanoic acid","CAS_Number":"375-95-1","Result_Measure_Value__ppt_":0.21627642131104,"Result_Measure_Value":216.276421311042,"Result_Unit_of_Measure":"pg/L"}},{"type":"Feature","geometry":{"type":"Point","coordinates":[-81.6785,41.4921000000001]},"properties":{"F_Monitoring_Location_Identifier":"EPA_GLNPO-CLV","Location_Name":"Cleveland (IADN CLV)","State":" OH","EPA_Region":"05","Organization":"EPA Great Lakes National Program","Environmental_Media_Name":"Air","Activity_Media_Subdivision_Name":"Air moisture","Project_Name":"IADN-US 2021","PFAS_Chemical_Name":"Perfluorobutylsulfonamide","CAS_Number":"30334-69-1","Result_Measure_Value__ppt_":0.44452380952381,"Result_Measure_Value":444.52380952381,"Result_Unit_of_Measure":"pg/L"}},{"type":"Feature","geometry":{"type":"Point","coordinates":[-81.6785,41.4921000000001]},"properties":{"F_Monitoring_Location_Identifier":"EPA_GLNPO-CLV","Location_Name":"Cleveland (IADN CLV)","State":" OH","EPA_Region":"05","Organization":"EPA Great Lakes National Program","Environmental_Media_Name":"Air","Activity_Media_Subdivision_Name":"Air moisture","Project_Name":"IADN-US 2021","PFAS_Chemical_Name":"Perfluoro[1,2-13C2]hexanoic acid","Result_Measure_Value":77.73,"Result_Unit_of_Measure":"%"}},{"type":"Feature","geometry":{"type":"Point","coordinates":[-81.6785,41.4921000000001]},"properties":{"F_Monitoring_Location_Identifier":"EPA_GLNPO-CLV","Location_Name":"Cleveland (IADN CLV)","State":" OH","EPA_Region":"05","Organization":"EPA Great Lakes National Program","Environmental_Media_Name":"Air","Activity_Media_Subdivision_Name":"Air moisture","Project_Name":"IADN-US 2021","PFAS_Chemical_Name":"Perfluorooctane sulfonic acid","CAS_Number":"1763-23-1","Result_Measure_Value__ppt_":0.23603478259228,"Result_Measure_Value":236.034782592276,"Result_Unit_of_Measure":"pg/L"}},{"type":"Feature","geometry":{"type":"Point","coordinates":[-81.6785,41.4921000000001]},"properties":{"F_Monitoring_Location_Identifier":"EPA_GLNPO-CLV","Location_Name":"Cleveland (IADN CLV)","State":" OH","EPA_Region":"05","Organization":"EPA Great Lakes National Program","Environmental_Media_Name":"Air","Activity_Media_Subdivision_Name":"Air moisture","Project_Name":"IADN-US 2021","PFAS_Chemical_Name":"Perfluorononanoic acid","CAS_Number":"375-95-1","Result_Measure_Value__ppt_":0.22866105875193,"Result_Measure_Value":228.661058751934,"Result_Unit_of_Measure":"pg/L"}},{"type":"Feature","geometry":{"type":"Point","coordinates":[-81.6785,41.4921000000001]},"properties":{"F_Monitoring_Location_Identifier":"EPA_GLNPO-CLV","Location_Name":"Cleveland (IADN CLV)","State":" OH","EPA_Region":"05","Organization":"EPA Great Lakes National Program","Environmental_Media_Name":"Air","Activity_Media_Subdivision_Name":"Air moisture","Project_Name":"IADN-US 2021","PFAS_Chemical_Name":"Perfluoroheptanoic acid","CAS_Number":"375-85-9","Result_Measure_Value__ppt_":0.33533510732445,"Result_Measure_Value":335.335107324445,"Result_Unit_of_Measure":"pg/L"}},{"type":"Feature","geometry":{"type":"Point","coordinates":[-81.6785,41.4921000000001]},"properties":{"F_Monitoring_Location_Identifier":"EPA_GLNPO-CLV","Location_Name":"Cleveland (IADN CLV)","State":" OH","EPA_Region":"05","Organization":"EPA Great Lakes National Program","Environmental_Media_Name":"Air","Activity_Media_Subdivision_Name":"Air moisture","Project_Name":"IADN-US 2021","PFAS_Chemical_Name":"6:2 Fluorotelomer sulfonate acid","Result_Measure_Value__ppt_":0.28458641528317,"Result_Measure_Value":284.586415283172,"Result_Unit_of_Measure":"pg/L"}},{"type":"Feature","geometry":{"type":"Point","coordinates":[-81.6785,41.4921000000001]},"properties":{"F_Monitoring_Location_Identifier":"EPA_GLNPO-CLV","Location_Name":"Cleveland (IADN CLV)","State":" OH","EPA_Region":"05","Organization":"EPA Great Lakes National Program","Environmental_Media_Name":"Air","Activity_Media_Subdivision_Name":"Air moisture","Project_Name":"IADN-US 2021","PFAS_Chemical_Name":"Perfluorobutylsulfonamide","CAS_Number":"30334-69-1","Result_Measure_Value__ppt_":0.17991013974377,"Result_Measure_Value":179.910139743766,"Result_Unit_of_Measure":"pg/L"}},{"type":"Feature","geometry":{"type":"Point","coordinates":[-81.6785,41.4921000000001]},"properties":{"F_Monitoring_Location_Identifier":"EPA_GLNPO-CLV","Location_Name":"Cleveland (IADN CLV)","State":" OH","EPA_Region":"05","Organization":"EPA Great Lakes National Program","Environmental_Media_Name":"Air","Activity_Media_Subdivision_Name":"Air moisture","Project_Name":"IADN-US 2021","PFAS_Chemical_Name":"Perfluoro[1,2-13C2]undecanoic acid","CAS_Number":"960315-51-9","Result_Measure_Value":78.415,"Result_Unit_of_Measure":"%"}},{"type":"Feature","geometry":{"type":"Point","coordinates":[-81.6785,41.4921000000001]},"properties":{"F_Monitoring_Location_Identifier":"EPA_GLNPO-CLV","Location_Name":"Cleveland (IADN CLV)","State":" OH","EPA_Region":"05","Organization":"EPA Great Lakes National Program","Environmental_Media_Name":"Air","Activity_Media_Subdivision_Name":"Air moisture","Project_Name":"IADN-US 2021","PFAS_Chemical_Name":"Heptafluorobutyric acid***retired***use Perfluorobutanoic acid","Result_Measure_Value__ppt_":5.9931428577655,"Result_Measure_Value":5993.14285776552,"Result_Unit_of_Measure":"pg/L"}},{"type":"Feature","geometry":{"type":"Point","coordinates":[-81.6785,41.4921000000001]},"properties":{"F_Monitoring_Location_Identifier":"EPA_GLNPO-CLV","Location_Name":"Cleveland (IADN CLV)","State":" OH","EPA_Region":"05","Organization":"EPA Great Lakes National Program","Environmental_Media_Name":"Air","Activity_Media_Subdivision_Name":"Air moisture","Project_Name":"IADN-US 2021","PFAS_Chemical_Name":"Perfluoro[1,2-13C2]hexanoic acid","Result_Measure_Value":82.75,"Result_Unit_of_Measure":"%"}},{"type":"Feature","geometry":{"type":"Point","coordinates":[-81.6785,41.4921000000001]},"properties":{"F_Monitoring_Location_Identifier":"EPA_GLNPO-CLV","Location_Name":"Cleveland (IADN CLV)","State":" OH","EPA_Region":"05","Organization":"EPA Great Lakes National Program","Environmental_Media_Name":"Air","Activity_Media_Subdivision_Name":"Air moisture","Project_Name":"IADN-US 2021","PFAS_Chemical_Name":"Perfluoro[1,2-13C2]tetradecanoic acid","Result_Measure_Value":71.83,"Result_Unit_of_Measure":"%"}},{"type":"Feature","geometry":{"type":"Point","coordinates":[-81.6785,41.4921000000001]},"properties":{"F_Monitoring_Location_Identifier":"EPA_GLNPO-CLV","Location_Name":"Cleveland (IADN CLV)","State":" OH","EPA_Region":"05","Organization":"EPA Great Lakes National Program","Environmental_Media_Name":"Air","Activity_Media_Subdivision_Name":"Air moisture","Project_Name":"IADN-US 2021","PFAS_Chemical_Name":"Perfluorovaleric acid","CAS_Number":"2706-90-3","Result_Measure_Value__ppt_":0.48744714105162,"Result_Measure_Value":487.447141051617,"Result_Unit_of_Measure":"pg/L"}},{"type":"Feature","geometry":{"type":"Point","coordinates":[-81.6785,41.4921000000001]},"properties":{"F_Monitoring_Location_Identifier":"EPA_GLNPO-CLV","Location_Name":"Cleveland (IADN CLV)","State":" OH","EPA_Region":"05","Organization":"EPA Great Lakes National Program","Environmental_Media_Name":"Air","Activity_Media_Subdivision_Name":"Air moisture","Project_Name":"IADN-US 2021","PFAS_Chemical_Name":"Perfluorovaleric acid","CAS_Number":"2706-90-3","Result_Measure_Value__ppt_":1.5760746851248,"Result_Measure_Value":1576.07468512479,"Result_Unit_of_Measure":"pg/L"}},{"type":"Feature","geometry":{"type":"Point","coordinates":[-81.6785,41.4921000000001]},"properties":{"F_Monitoring_Location_Identifier":"EPA_GLNPO-CLV","Location_Name":"Cleveland (IADN CLV)","State":" OH","EPA_Region":"05","Organization":"EPA Great Lakes National Program","Environmental_Media_Name":"Air","Activity_Media_Subdivision_Name":"Air moisture","Project_Name":"IADN-US 2021","PFAS_Chemical_Name":"Perfluorobutylsulfonamide","CAS_Number":"30334-69-1","Result_Measure_Value__ppt_":0.18987010643028,"Result_Measure_Value":189.870106430279,"Result_Unit_of_Measure":"pg/L"}},{"type":"Feature","geometry":{"type":"Point","coordinates":[-81.6785,41.4921000000001]},"properties":{"F_Monitoring_Location_Identifier":"EPA_GLNPO-CLV","Location_Name":"Cleveland (IADN CLV)","State":" OH","EPA_Region":"05","Organization":"EPA Great Lakes National Program","Environmental_Media_Name":"Air","Activity_Media_Subdivision_Name":"Air moisture","Project_Name":"IADN-US 2021","PFAS_Chemical_Name":"Perfluoroheptanoic acid","CAS_Number":"375-85-9","Result_Measure_Value__ppt_":0.48504359485938,"Result_Measure_Value":485.043594859375,"Result_Unit_of_Measure":"pg/L"}},{"type":"Feature","geometry":{"type":"Point","coordinates":[-81.6785,41.4921000000001]},"properties":{"F_Monitoring_Location_Identifier":"EPA_GLNPO-CLV","Location_Name":"Cleveland (IADN CLV)","State":" OH","EPA_Region":"05","Organization":"EPA Great Lakes National Program","Environmental_Media_Name":"Air","Activity_Media_Subdivision_Name":"Air moisture","Project_Name":"IADN-US 2021","PFAS_Chemical_Name":"Perfluorovaleric acid","CAS_Number":"2706-90-3","Result_Measure_Value__ppt_":0.55064102564103,"Result_Measure_Value":550.641025641026,"Result_Unit_of_Measure":"pg/L"}},{"type":"Feature","geometry":{"type":"Point","coordinates":[-81.6785,41.4921000000001]},"properties":{"F_Monitoring_Location_Identifier":"EPA_GLNPO-CLV","Location_Name":"Cleveland (IADN CLV)","State":" OH","EPA_Region":"05","Organization":"EPA Great Lakes National Program","Environmental_Media_Name":"Air","Activity_Media_Subdivision_Name":"Air moisture","Project_Name":"IADN-US 2021","PFAS_Chemical_Name":"Perfluoro[1,2-13C2]hexanoic acid","Result_Measure_Value":85.24,"Result_Unit_of_Measure":"%"}},{"type":"Feature","geometry":{"type":"Point","coordinates":[-81.6785,41.4921000000001]},"properties":{"F_Monitoring_Location_Identifier":"EPA_GLNPO-CLV","Location_Name":"Cleveland (IADN CLV)","State":" OH","EPA_Region":"05","Organization":"EPA Great Lakes National Program","Environmental_Media_Name":"Air","Activity_Media_Subdivision_Name":"Air moisture","Project_Name":"IADN-US 2021","PFAS_Chemical_Name":"Perfluoro[1,2-13C2]undecanoic acid","CAS_Number":"960315-51-9","Result_Measure_Value":85.245,"Result_Unit_of_Measure":"%"}},{"type":"Feature","geometry":{"type":"Point","coordinates":[-81.6785,41.4921000000001]},"properties":{"F_Monitoring_Location_Identifier":"EPA_GLNPO-CLV","Location_Name":"Cleveland (IADN CLV)","State":" OH","EPA_Region":"05","Organization":"EPA Great Lakes National Program","Environmental_Media_Name":"Air","Activity_Media_Subdivision_Name":"Air moisture","Project_Name":"IADN-US 2021","PFAS_Chemical_Name":"Perfluorovaleric acid","CAS_Number":"2706-90-3","Result_Measure_Value__ppt_":0.53131945191822,"Result_Measure_Value":531.31945191822,"Result_Unit_of_Measure":"pg/L"}},{"type":"Feature","geometry":{"type":"Point","coordinates":[-81.6785,41.4921000000001]},"properties":{"F_Monitoring_Location_Identifier":"EPA_GLNPO-CLV","Location_Name":"Cleveland (IADN CLV)","State":" OH","EPA_Region":"05","Organization":"EPA Great Lakes National Program","Environmental_Media_Name":"Air","Activity_Media_Subdivision_Name":"Air moisture","Project_Name":"IADN-US 2021","PFAS_Chemical_Name":"Perfluorohexanoic acid","CAS_Number":"307-24-4","Result_Measure_Value__ppt_":0.46855042393279,"Result_Measure_Value":468.550423932786,"Result_Unit_of_Measure":"pg/L"}},{"type":"Feature","geometry":{"type":"Point","coordinates":[-81.6785,41.4921000000001]},"properties":{"F_Monitoring_Location_Identifier":"EPA_GLNPO-CLV","Location_Name":"Cleveland (IADN CLV)","State":" OH","EPA_Region":"05","Organization":"EPA Great Lakes National Program","Environmental_Media_Name":"Air","Activity_Media_Subdivision_Name":"Air moisture","Project_Name":"IADN-US 2021","PFAS_Chemical_Name":"Perfluoroundecanoate","CAS_Number":"196859-54-8","Result_Measure_Value__ppt_":0.092440016553427,"Result_Measure_Value":92.4400165534266,"Result_Unit_of_Measure":"pg/L"}},{"type":"Feature","geometry":{"type":"Point","coordinates":[-81.6785,41.4921000000001]},"properties":{"F_Monitoring_Location_Identifier":"EPA_GLNPO-CLV","Location_Name":"Cleveland (IADN CLV)","State":" OH","EPA_Region":"05","Organization":"EPA Great Lakes National Program","Environmental_Media_Name":"Air","Activity_Media_Subdivision_Name":"Air moisture","Project_Name":"IADN-US 2021","PFAS_Chemical_Name":"6:2 Fluorotelomer sulfonate acid","Result_Measure_Value__ppt_":0.83535735735033,"Result_Measure_Value":835.357357350333,"Result_Unit_of_Measure":"pg/L"}},{"type":"Feature","geometry":{"type":"Point","coordinates":[-81.6785,41.4921000000001]},"properties":{"F_Monitoring_Location_Identifier":"EPA_GLNPO-CLV","Location_Name":"Cleveland (IADN CLV)","State":" OH","EPA_Region":"05","Organization":"EPA Great Lakes National Program","Environmental_Media_Name":"Air","Activity_Media_Subdivision_Name":"Air moisture","Project_Name":"IADN-US 2021","PFAS_Chemical_Name":"Perfluoro[1,2-13C2]undecanoic acid","CAS_Number":"960315-51-9","Result_Measure_Value":80.495,"Result_Unit_of_Measure":"%"}},{"type":"Feature","geometry":{"type":"Point","coordinates":[-81.6785,41.4921000000001]},"properties":{"F_Monitoring_Location_Identifier":"EPA_GLNPO-CLV","Location_Name":"Cleveland (IADN CLV)","State":" OH","EPA_Region":"05","Organization":"EPA Great Lakes National Program","Environmental_Media_Name":"Air","Activity_Media_Subdivision_Name":"Air moisture","Project_Name":"IADN-US 2021","PFAS_Chemical_Name":"Perfluorohexanoic acid","CAS_Number":"307-24-4","Result_Measure_Value__ppt_":0.29599711503787,"Result_Measure_Value":295.997115037865,"Result_Unit_of_Measure":"pg/L"}},{"type":"Feature","geometry":{"type":"Point","coordinates":[-81.6785,41.4921000000001]},"properties":{"F_Monitoring_Location_Identifier":"EPA_GLNPO-CLV","Location_Name":"Cleveland (IADN CLV)","State":" OH","EPA_Region":"05","Organization":"EPA Great Lakes National Program","Environmental_Media_Name":"Air","Activity_Media_Subdivision_Name":"Air moisture","Project_Name":"IADN-US 2021","PFAS_Chemical_Name":"Perfluorooctanoic acid","CAS_Number":"335-67-1","Result_Measure_Value__ppt_":0.41845911332688,"Result_Measure_Value":418.459113326878,"Result_Unit_of_Measure":"pg/L"}},{"type":"Feature","geometry":{"type":"Point","coordinates":[-81.6785,41.4921000000001]},"properties":{"F_Monitoring_Location_Identifier":"EPA_GLNPO-CLV","Location_Name":"Cleveland (IADN CLV)","State":" OH","EPA_Region":"05","Organization":"EPA Great Lakes National Program","Environmental_Media_Name":"Air","Activity_Media_Subdivision_Name":"Air moisture","Project_Name":"IADN-US 2021","PFAS_Chemical_Name":"Perfluoro[1,2-13C2]tetradecanoic acid","Result_Measure_Value":66.125,"Result_Unit_of_Measure":"%"}},{"type":"Feature","geometry":{"type":"Point","coordinates":[-81.6785,41.4921000000001]},"properties":{"F_Monitoring_Location_Identifier":"EPA_GLNPO-CLV","Location_Name":"Cleveland (IADN CLV)","State":" OH","EPA_Region":"05","Organization":"EPA Great Lakes National Program","Environmental_Media_Name":"Air","Activity_Media_Subdivision_Name":"Air moisture","Project_Name":"IADN-US 2021","PFAS_Chemical_Name":"Perfluoro[1,2-13C2]tetradecanoic acid","Result_Measure_Value":68.5,"Result_Unit_of_Measure":"%"}},{"type":"Feature","geometry":{"type":"Point","coordinates":[-81.6785,41.4921000000001]},"properties":{"F_Monitoring_Location_Identifier":"EPA_GLNPO-CLV","Location_Name":"Cleveland (IADN CLV)","State":" OH","EPA_Region":"05","Organization":"EPA Great Lakes National Program","Environmental_Media_Name":"Air","Activity_Media_Subdivision_Name":"Air moisture","Project_Name":"IADN-US 2021","PFAS_Chemical_Name":"Perfluorononanoic acid","CAS_Number":"375-95-1","Result_Measure_Value__ppt_":0.25223368675297,"Result_Measure_Value":252.233686752968,"Result_Unit_of_Measure":"pg/L"}},{"type":"Feature","geometry":{"type":"Point","coordinates":[-81.6785,41.4921000000001]},"properties":{"F_Monitoring_Location_Identifier":"EPA_GLNPO-CLV","Location_Name":"Cleveland (IADN CLV)","State":" OH","EPA_Region":"05","Organization":"EPA Great Lakes National Program","Environmental_Media_Name":"Air","Activity_Media_Subdivision_Name":"Air moisture","Project_Name":"IADN-US 2021","PFAS_Chemical_Name":"Perfluorononanoic acid","CAS_Number":"375-95-1","Result_Measure_Value__ppt_":0.13550106325477,"Result_Measure_Value":135.501063254766,"Result_Unit_of_Measure":"pg/L"}},{"type":"Feature","geometry":{"type":"Point","coordinates":[-81.6785,41.4921000000001]},"properties":{"F_Monitoring_Location_Identifier":"EPA_GLNPO-CLV","Location_Name":"Cleveland (IADN CLV)","State":" OH","EPA_Region":"05","Organization":"EPA Great Lakes National Program","Environmental_Media_Name":"Air","Activity_Media_Subdivision_Name":"Air moisture","Project_Name":"IADN-US 2021","PFAS_Chemical_Name":"Perfluorohexanoic acid","CAS_Number":"307-24-4","Result_Measure_Value__ppt_":1.295484151051,"Result_Measure_Value":1295.484151051,"Result_Unit_of_Measure":"pg/L"}},{"type":"Feature","geometry":{"type":"Point","coordinates":[-81.6785,41.4921000000001]},"properties":{"F_Monitoring_Location_Identifier":"EPA_GLNPO-CLV","Location_Name":"Cleveland (IADN CLV)","State":" OH","EPA_Region":"05","Organization":"EPA Great Lakes National Program","Environmental_Media_Name":"Air","Activity_Media_Subdivision_Name":"Air moisture","Project_Name":"IADN-US 2021","PFAS_Chemical_Name":"Perfluorooctane sulfonic acid","CAS_Number":"1763-23-1","Result_Measure_Value__ppt_":0.34611371237458,"Result_Measure_Value":346.113712374582,"Result_Unit_of_Measure":"pg/L"}},{"type":"Feature","geometry":{"type":"Point","coordinates":[-81.6785,41.4921000000001]},"properties":{"F_Monitoring_Location_Identifier":"EPA_GLNPO-CLV","Location_Name":"Cleveland (IADN CLV)","State":" OH","EPA_Region":"05","Organization":"EPA Great Lakes National Program","Environmental_Media_Name":"Air","Activity_Media_Subdivision_Name":"Air moisture","Project_Name":"IADN-US 2021","PFAS_Chemical_Name":"Perfluoro[1,2-13C2]hexanoic acid","Result_Measure_Value":79.75,"Result_Unit_of_Measure":"%"}},{"type":"Feature","geometry":{"type":"Point","coordinates":[-81.6785,41.4921000000001]},"properties":{"F_Monitoring_Location_Identifier":"EPA_GLNPO-CLV","Location_Name":"Cleveland (IADN CLV)","State":" OH","EPA_Region":"05","Organization":"EPA Great Lakes National Program","Environmental_Media_Name":"Air","Activity_Media_Subdivision_Name":"Air moisture","Project_Name":"IADN-US 2021","PFAS_Chemical_Name":"Perfluorooctanoic acid","CAS_Number":"335-67-1","Result_Measure_Value__ppt_":0.28394444446022,"Result_Measure_Value":283.944444460219,"Result_Unit_of_Measure":"pg/L"}},{"type":"Feature","geometry":{"type":"Point","coordinates":[-81.6785,41.4921000000001]},"properties":{"F_Monitoring_Location_Identifier":"EPA_GLNPO-CLV","Location_Name":"Cleveland (IADN CLV)","State":" OH","EPA_Region":"05","Organization":"EPA Great Lakes National Program","Environmental_Media_Name":"Air","Activity_Media_Subdivision_Name":"Air moisture","Project_Name":"IADN-US 2021","PFAS_Chemical_Name":"Perfluoro[1,2-13C2]undecanoic acid","CAS_Number":"960315-51-9","Result_Measure_Value":77.875,"Result_Unit_of_Measure":"%"}},{"type":"Feature","geometry":{"type":"Point","coordinates":[-81.6785,41.4921000000001]},"properties":{"F_Monitoring_Location_Identifier":"EPA_GLNPO-CLV","Location_Name":"Cleveland (IADN CLV)","State":" OH","EPA_Region":"05","Organization":"EPA Great Lakes National Program","Environmental_Media_Name":"Air","Activity_Media_Subdivision_Name":"Air moisture","Project_Name":"IADN-US 2021","PFAS_Chemical_Name":"Perfluorotetradecanoic acid","CAS_Number":"376-06-7","Result_Measure_Value__ppt_":0.15282943143813,"Result_Measure_Value":152.829431438127,"Result_Unit_of_Measure":"pg/L"}},{"type":"Feature","geometry":{"type":"Point","coordinates":[-81.6785,41.4921000000001]},"properties":{"F_Monitoring_Location_Identifier":"EPA_GLNPO-CLV","Location_Name":"Cleveland (IADN CLV)","State":" OH","EPA_Region":"05","Organization":"EPA Great Lakes National Program","Environmental_Media_Name":"Air","Activity_Media_Subdivision_Name":"Air moisture","Project_Name":"IADN-US 2021","PFAS_Chemical_Name":"Perfluorononanoic acid","CAS_Number":"375-95-1","Result_Measure_Value__ppt_":0.26042241222578,"Result_Measure_Value":260.422412225782,"Result_Unit_of_Measure":"pg/L"}},{"type":"Feature","geometry":{"type":"Point","coordinates":[-81.6785,41.4921000000001]},"properties":{"F_Monitoring_Location_Identifier":"EPA_GLNPO-CLV","Location_Name":"Cleveland (IADN CLV)","State":" OH","EPA_Region":"05","Organization":"EPA Great Lakes National Program","Environmental_Media_Name":"Air","Activity_Media_Subdivision_Name":"Air moisture","Project_Name":"IADN-US 2021","PFAS_Chemical_Name":"Perfluorooctanoic acid","CAS_Number":"335-67-1","Result_Measure_Value__ppt_":0.41036442357512,"Result_Measure_Value":410.36442357512,"Result_Unit_of_Measure":"pg/L"}},{"type":"Feature","geometry":{"type":"Point","coordinates":[-81.6785,41.4921000000001]},"properties":{"F_Monitoring_Location_Identifier":"EPA_GLNPO-CLV","Location_Name":"Cleveland (IADN CLV)","State":" OH","EPA_Region":"05","Organization":"EPA Great Lakes National Program","Environmental_Media_Name":"Air","Activity_Media_Subdivision_Name":"Air moisture","Project_Name":"IADN-US 2021","PFAS_Chemical_Name":"Perfluorohexanoic acid","CAS_Number":"307-24-4","Result_Measure_Value__ppt_":0.439156650274,"Result_Measure_Value":439.156650273996,"Result_Unit_of_Measure":"pg/L"}},{"type":"Feature","geometry":{"type":"Point","coordinates":[-81.6785,41.4921000000001]},"properties":{"F_Monitoring_Location_Identifier":"EPA_GLNPO-CLV","Location_Name":"Cleveland (IADN CLV)","State":" OH","EPA_Region":"05","Organization":"EPA Great Lakes National Program","Environmental_Media_Name":"Air","Activity_Media_Subdivision_Name":"Air moisture","Project_Name":"IADN-US 2021","PFAS_Chemical_Name":"Perfluorodecanoic acid","CAS_Number":"335-76-2","Result_Measure_Value__ppt_":0.13955852842809,"Result_Measure_Value":139.558528428094,"Result_Unit_of_Measure":"pg/L"}},{"type":"Feature","geometry":{"type":"Point","coordinates":[-81.6785,41.4921000000001]},"properties":{"F_Monitoring_Location_Identifier":"EPA_GLNPO-CLV","Location_Name":"Cleveland (IADN CLV)","State":" OH","EPA_Region":"05","Organization":"EPA Great Lakes National Program","Environmental_Media_Name":"Air","Activity_Media_Subdivision_Name":"Air moisture","Project_Name":"IADN-US 2021","PFAS_Chemical_Name":"Perfluorononanoic acid","CAS_Number":"375-95-1","Result_Measure_Value__ppt_":0.15889570552635,"Result_Measure_Value":158.895705526346,"Result_Unit_of_Measure":"pg/L"}},{"type":"Feature","geometry":{"type":"Point","coordinates":[-81.6785,41.4921000000001]},"properties":{"F_Monitoring_Location_Identifier":"EPA_GLNPO-CLV","Location_Name":"Cleveland (IADN CLV)","State":" OH","EPA_Region":"05","Organization":"EPA Great Lakes National Program","Environmental_Media_Name":"Air","Activity_Media_Subdivision_Name":"Air moisture","Project_Name":"IADN-US 2021","PFAS_Chemical_Name":"Perfluoro[1,2-13C2]undecanoic acid","CAS_Number":"960315-51-9","Result_Measure_Value":74.57,"Result_Unit_of_Measure":"%"}},{"type":"Feature","geometry":{"type":"Point","coordinates":[-81.6785,41.4921000000001]},"properties":{"F_Monitoring_Location_Identifier":"EPA_GLNPO-CLV","Location_Name":"Cleveland (IADN CLV)","State":" OH","EPA_Region":"05","Organization":"EPA Great Lakes National Program","Environmental_Media_Name":"Air","Activity_Media_Subdivision_Name":"Air moisture","Project_Name":"IADN-US 2021","PFAS_Chemical_Name":"Perfluorodecanoic acid","CAS_Number":"335-76-2","Result_Measure_Value__ppt_":0.094716308852893,"Result_Measure_Value":94.7163088528929,"Result_Unit_of_Measure":"pg/L"}},{"type":"Feature","geometry":{"type":"Point","coordinates":[-81.6785,41.4921000000001]},"properties":{"F_Monitoring_Location_Identifier":"EPA_GLNPO-CLV","Location_Name":"Cleveland (IADN CLV)","State":" OH","EPA_Region":"05","Organization":"EPA Great Lakes National Program","Environmental_Media_Name":"Air","Activity_Media_Subdivision_Name":"Air moisture","Project_Name":"IADN-US 2021","PFAS_Chemical_Name":"Perfluorohexanoic acid","CAS_Number":"307-24-4","Result_Measure_Value__ppt_":0.31965811965812,"Result_Measure_Value":319.65811965812,"Result_Unit_of_Measure":"pg/L"}},{"type":"Feature","geometry":{"type":"Point","coordinates":[-81.6785,41.4921000000001]},"properties":{"F_Monitoring_Location_Identifier":"EPA_GLNPO-CLV","Location_Name":"Cleveland (IADN CLV)","State":" OH","EPA_Region":"05","Organization":"EPA Great Lakes National Program","Environmental_Media_Name":"Air","Activity_Media_Subdivision_Name":"Air moisture","Project_Name":"IADN-US 2021","PFAS_Chemical_Name":"Perfluorohexanoic acid","CAS_Number":"307-24-4","Result_Measure_Value__ppt_":0.29051321052932,"Result_Measure_Value":290.513210529324,"Result_Unit_of_Measure":"pg/L"}},{"type":"Feature","geometry":{"type":"Point","coordinates":[-81.6785,41.4921000000001]},"properties":{"F_Monitoring_Location_Identifier":"EPA_GLNPO-CLV","Location_Name":"Cleveland (IADN CLV)","State":" OH","EPA_Region":"05","Organization":"EPA Great Lakes National Program","Environmental_Media_Name":"Air","Activity_Media_Subdivision_Name":"Air moisture","Project_Name":"IADN-US 2021","PFAS_Chemical_Name":"Perfluoro[1,2-13C2]undecanoic acid","CAS_Number":"960315-51-9","Result_Measure_Value":70.995,"Result_Unit_of_Measure":"%"}},{"type":"Feature","geometry":{"type":"Point","coordinates":[-81.6785,41.4921000000001]},"properties":{"F_Monitoring_Location_Identifier":"EPA_GLNPO-CLV","Location_Name":"Cleveland (IADN CLV)","State":" OH","EPA_Region":"05","Organization":"EPA Great Lakes National Program","Environmental_Media_Name":"Air","Activity_Media_Subdivision_Name":"Air moisture","Project_Name":"IADN-US 2021","PFAS_Chemical_Name":"Perfluoro[1,2-13C2]tetradecanoic acid","Result_Measure_Value":84.565,"Result_Unit_of_Measure":"%"}},{"type":"Feature","geometry":{"type":"Point","coordinates":[-81.6785,41.4921000000001]},"properties":{"F_Monitoring_Location_Identifier":"EPA_GLNPO-CLV","Location_Name":"Cleveland (IADN CLV)","State":" OH","EPA_Region":"05","Organization":"EPA Great Lakes National Program","Environmental_Media_Name":"Air","Activity_Media_Subdivision_Name":"Air moisture","Project_Name":"IADN-US 2021","PFAS_Chemical_Name":"Perfluorooctanoic acid","CAS_Number":"335-67-1","Result_Measure_Value__ppt_":0.37152112675428,"Result_Measure_Value":371.521126754284,"Result_Unit_of_Measure":"pg/L"}},{"type":"Feature","geometry":{"type":"Point","coordinates":[-81.6785,41.4921000000001]},"properties":{"F_Monitoring_Location_Identifier":"EPA_GLNPO-CLV","Location_Name":"Cleveland (IADN CLV)","State":" OH","EPA_Region":"05","Organization":"EPA Great Lakes National Program","Environmental_Media_Name":"Air","Activity_Media_Subdivision_Name":"Air moisture","Project_Name":"IADN-US 2021","PFAS_Chemical_Name":"Perfluorodecanoic acid","CAS_Number":"335-76-2","Result_Measure_Value__ppt_":0.070521596810864,"Result_Measure_Value":70.5215968108642,"Result_Unit_of_Measure":"pg/L"}},{"type":"Feature","geometry":{"type":"Point","coordinates":[-81.6785,41.4921000000001]},"properties":{"F_Monitoring_Location_Identifier":"EPA_GLNPO-CLV","Location_Name":"Cleveland (IADN CLV)","State":" OH","EPA_Region":"05","Organization":"EPA Great Lakes National Program","Environmental_Media_Name":"Air","Activity_Media_Subdivision_Name":"Air moisture","Project_Name":"IADN-US 2021","PFAS_Chemical_Name":"Perfluoro[1,2-13C2]hexanoic acid","Result_Measure_Value":72.675,"Result_Unit_of_Measure":"%"}},{"type":"Feature","geometry":{"type":"Point","coordinates":[-81.6785,41.4921000000001]},"properties":{"F_Monitoring_Location_Identifier":"EPA_GLNPO-CLV","Location_Name":"Cleveland (IADN CLV)","State":" OH","EPA_Region":"05","Organization":"EPA Great Lakes National Program","Environmental_Media_Name":"Air","Activity_Media_Subdivision_Name":"Air moisture","Project_Name":"IADN-US 2021","PFAS_Chemical_Name":"Sodium perfluoro-1-hexane[18O2]sulfonate","Result_Measure_Value":125.185,"Result_Unit_of_Measure":"%"}},{"type":"Feature","geometry":{"type":"Point","coordinates":[-81.6785,41.4921000000001]},"properties":{"F_Monitoring_Location_Identifier":"EPA_GLNPO-CLV","Location_Name":"Cleveland (IADN CLV)","State":" OH","EPA_Region":"05","Organization":"EPA Great Lakes National Program","Environmental_Media_Name":"Air","Activity_Media_Subdivision_Name":"Air moisture","Project_Name":"IADN-US 2021","PFAS_Chemical_Name":"Perfluoro[1,2-13C2]undecanoic acid","CAS_Number":"960315-51-9","Result_Measure_Value":96.905,"Result_Unit_of_Measure":"%"}},{"type":"Feature","geometry":{"type":"Point","coordinates":[-81.6785,41.4921000000001]},"properties":{"F_Monitoring_Location_Identifier":"EPA_GLNPO-CLV","Location_Name":"Cleveland (IADN CLV)","State":" OH","EPA_Region":"05","Organization":"EPA Great Lakes National Program","Environmental_Media_Name":"Air","Activity_Media_Subdivision_Name":"Air moisture","Project_Name":"IADN-US 2021","PFAS_Chemical_Name":"Perfluoro[1,2-13C2]undecanoic acid","CAS_Number":"960315-51-9","Result_Measure_Value":75.585,"Result_Unit_of_Measure":"%"}},{"type":"Feature","geometry":{"type":"Point","coordinates":[-81.6785,41.4921000000001]},"properties":{"F_Monitoring_Location_Identifier":"EPA_GLNPO-CLV","Location_Name":"Cleveland (IADN CLV)","State":" OH","EPA_Region":"05","Organization":"EPA Great Lakes National Program","Environmental_Media_Name":"Air","Activity_Media_Subdivision_Name":"Air moisture","Project_Name":"IADN-US 2021","PFAS_Chemical_Name":"Sodium perfluoro-1-hexane[18O2]sulfonate","Result_Measure_Value":132.56,"Result_Unit_of_Measure":"%"}},{"type":"Feature","geometry":{"type":"Point","coordinates":[-81.6785,41.4921000000001]},"properties":{"F_Monitoring_Location_Identifier":"EPA_GLNPO-CLV","Location_Name":"Cleveland (IADN CLV)","State":" OH","EPA_Region":"05","Organization":"EPA Great Lakes National Program","Environmental_Media_Name":"Air","Activity_Media_Subdivision_Name":"Air moisture","Project_Name":"IADN-US 2021","PFAS_Chemical_Name":"Perfluorooctanoic acid","CAS_Number":"335-67-1","Result_Measure_Value__ppt_":0.11449369369273,"Result_Measure_Value":114.493693692731,"Result_Unit_of_Measure":"pg/L"}},{"type":"Feature","geometry":{"type":"Point","coordinates":[-81.6785,41.4921000000001]},"properties":{"F_Monitoring_Location_Identifier":"EPA_GLNPO-CLV","Location_Name":"Cleveland (IADN CLV)","State":" OH","EPA_Region":"05","Organization":"EPA Great Lakes National Program","Environmental_Media_Name":"Air","Activity_Media_Subdivision_Name":"Air moisture","Project_Name":"IADN-US 2021","PFAS_Chemical_Name":"Perfluoroheptanoic acid","CAS_Number":"375-85-9","Result_Measure_Value__ppt_":0.59893620979814,"Result_Measure_Value":598.936209798143,"Result_Unit_of_Measure":"pg/L"}},{"type":"Feature","geometry":{"type":"Point","coordinates":[-81.6785,41.4921000000001]},"properties":{"F_Monitoring_Location_Identifier":"EPA_GLNPO-CLV","Location_Name":"Cleveland (IADN CLV)","State":" OH","EPA_Region":"05","Organization":"EPA Great Lakes National Program","Environmental_Media_Name":"Air","Activity_Media_Subdivision_Name":"Air moisture","Project_Name":"IADN-US 2021","PFAS_Chemical_Name":"Heptafluorobutyric acid***retired***use Perfluorobutanoic acid","Result_Measure_Value__ppt_":2.1395390861787,"Result_Measure_Value":2139.53908617874,"Result_Unit_of_Measure":"pg/L"}},{"type":"Feature","geometry":{"type":"Point","coordinates":[-81.6785,41.4921000000001]},"properties":{"F_Monitoring_Location_Identifier":"EPA_GLNPO-CLV","Location_Name":"Cleveland (IADN CLV)","State":" OH","EPA_Region":"05","Organization":"EPA Great Lakes National Program","Environmental_Media_Name":"Air","Activity_Media_Subdivision_Name":"Air moisture","Project_Name":"IADN-US 2021","PFAS_Chemical_Name":"Perfluorodecanoic acid","CAS_Number":"335-76-2","Result_Measure_Value__ppt_":0.10230033124456,"Result_Measure_Value":102.300331244562,"Result_Unit_of_Measure":"pg/L"}},{"type":"Feature","geometry":{"type":"Point","coordinates":[-81.6785,41.4921000000001]},"properties":{"F_Monitoring_Location_Identifier":"EPA_GLNPO-CLV","Location_Name":"Cleveland (IADN CLV)","State":" OH","EPA_Region":"05","Organization":"EPA Great Lakes National Program","Environmental_Media_Name":"Air","Activity_Media_Subdivision_Name":"Air moisture","Project_Name":"IADN-US 2021","PFAS_Chemical_Name":"Perfluorohexanoic acid","CAS_Number":"307-24-4","Result_Measure_Value__ppt_":0.50518685445156,"Result_Measure_Value":505.186854451556,"Result_Unit_of_Measure":"pg/L"}},{"type":"Feature","geometry":{"type":"Point","coordinates":[-81.6785,41.4921000000001]},"properties":{"F_Monitoring_Location_Identifier":"EPA_GLNPO-CLV","Location_Name":"Cleveland (IADN CLV)","State":" OH","EPA_Region":"05","Organization":"EPA Great Lakes National Program","Environmental_Media_Name":"Air","Activity_Media_Subdivision_Name":"Air moisture","Project_Name":"IADN-US 2021","PFAS_Chemical_Name":"Heptafluorobutyric acid***retired***use Perfluorobutanoic acid","Result_Measure_Value__ppt_":1.4197633802577,"Result_Measure_Value":1419.76338025769,"Result_Unit_of_Measure":"pg/L"}},{"type":"Feature","geometry":{"type":"Point","coordinates":[-81.6785,41.4921000000001]},"properties":{"F_Monitoring_Location_Identifier":"EPA_GLNPO-CLV","Location_Name":"Cleveland (IADN CLV)","State":" OH","EPA_Region":"05","Organization":"EPA Great Lakes National Program","Environmental_Media_Name":"Air","Activity_Media_Subdivision_Name":"Air moisture","Project_Name":"IADN-US 2021","PFAS_Chemical_Name":"Perfluorooctane sulfonic acid","CAS_Number":"1763-23-1","Result_Measure_Value__ppt_":0.13158460218128,"Result_Measure_Value":131.584602181285,"Result_Unit_of_Measure":"pg/L"}},{"type":"Feature","geometry":{"type":"Point","coordinates":[-81.6785,41.4921000000001]},"properties":{"F_Monitoring_Location_Identifier":"EPA_GLNPO-CLV","Location_Name":"Cleveland (IADN CLV)","State":" OH","EPA_Region":"05","Organization":"EPA Great Lakes National Program","Environmental_Media_Name":"Air","Activity_Media_Subdivision_Name":"Air moisture","Project_Name":"IADN-US 2021","PFAS_Chemical_Name":"Sodium perfluoro-1-hexane[18O2]sulfonate","Result_Measure_Value":110.59,"Result_Unit_of_Measure":"%"}},{"type":"Feature","geometry":{"type":"Point","coordinates":[-81.6785,41.4921000000001]},"properties":{"F_Monitoring_Location_Identifier":"EPA_GLNPO-CLV","Location_Name":"Cleveland (IADN CLV)","State":" OH","EPA_Region":"05","Organization":"EPA Great Lakes National Program","Environmental_Media_Name":"Air","Activity_Media_Subdivision_Name":"Air moisture","Project_Name":"IADN-US 2021","PFAS_Chemical_Name":"Heptafluorobutyric acid***retired***use Perfluorobutanoic acid","Result_Measure_Value__ppt_":1.4287396293661,"Result_Measure_Value":1428.73962936611,"Result_Unit_of_Measure":"pg/L"}},{"type":"Feature","geometry":{"type":"Point","coordinates":[-81.6785,41.4921000000001]},"properties":{"F_Monitoring_Location_Identifier":"EPA_GLNPO-CLV","Location_Name":"Cleveland (IADN CLV)","State":" OH","EPA_Region":"05","Organization":"EPA Great Lakes National Program","Environmental_Media_Name":"Air","Activity_Media_Subdivision_Name":"Air moisture","Project_Name":"IADN-US 2021","PFAS_Chemical_Name":"Perfluorononanoic acid","CAS_Number":"375-95-1","Result_Measure_Value__ppt_":0.295,"Result_Measure_Value":295,"Result_Unit_of_Measure":"pg/L"}},{"type":"Feature","geometry":{"type":"Point","coordinates":[-81.6785,41.4921000000001]},"properties":{"F_Monitoring_Location_Identifier":"EPA_GLNPO-CLV","Location_Name":"Cleveland (IADN CLV)","State":" OH","EPA_Region":"05","Organization":"EPA Great Lakes National Program","Environmental_Media_Name":"Air","Activity_Media_Subdivision_Name":"Air moisture","Project_Name":"IADN-US 2021","PFAS_Chemical_Name":"Perfluorooctane sulfonic acid","CAS_Number":"1763-23-1","Result_Measure_Value__ppt_":0.15585535810089,"Result_Measure_Value":155.855358100892,"Result_Unit_of_Measure":"pg/L"}},{"type":"Feature","geometry":{"type":"Point","coordinates":[-81.6785,41.4921000000001]},"properties":{"F_Monitoring_Location_Identifier":"EPA_GLNPO-CLV","Location_Name":"Cleveland (IADN CLV)","State":" OH","EPA_Region":"05","Organization":"EPA Great Lakes National Program","Environmental_Media_Name":"Air","Activity_Media_Subdivision_Name":"Air moisture","Project_Name":"IADN-US 2021","PFAS_Chemical_Name":"6:2 Fluorotelomer sulfonate acid","Result_Measure_Value__ppt_":0.51877300615088,"Result_Measure_Value":518.773006150883,"Result_Unit_of_Measure":"pg/L"}},{"type":"Feature","geometry":{"type":"Point","coordinates":[-81.6785,41.4921000000001]},"properties":{"F_Monitoring_Location_Identifier":"EPA_GLNPO-CLV","Location_Name":"Cleveland (IADN CLV)","State":" OH","EPA_Region":"05","Organization":"EPA Great Lakes National Program","Environmental_Media_Name":"Air","Activity_Media_Subdivision_Name":"Air moisture","Project_Name":"IADN-US 2021","PFAS_Chemical_Name":"Perfluorooctanoic acid","CAS_Number":"335-67-1","Result_Measure_Value__ppt_":0.35544931498321,"Result_Measure_Value":355.449314983212,"Result_Unit_of_Measure":"pg/L"}},{"type":"Feature","geometry":{"type":"Point","coordinates":[-81.6785,41.4921000000001]},"properties":{"F_Monitoring_Location_Identifier":"EPA_GLNPO-CLV","Location_Name":"Cleveland (IADN CLV)","State":" OH","EPA_Region":"05","Organization":"EPA Great Lakes National Program","Environmental_Media_Name":"Air","Activity_Media_Subdivision_Name":"Air moisture","Project_Name":"IADN-US 2021","PFAS_Chemical_Name":"Perfluoro[1,2-13C2]undecanoic acid","CAS_Number":"960315-51-9","Result_Measure_Value":89.245,"Result_Unit_of_Measure":"%"}},{"type":"Feature","geometry":{"type":"Point","coordinates":[-81.6785,41.4921000000001]},"properties":{"F_Monitoring_Location_Identifier":"EPA_GLNPO-CLV","Location_Name":"Cleveland (IADN CLV)","State":" OH","EPA_Region":"05","Organization":"EPA Great Lakes National Program","Environmental_Media_Name":"Air","Activity_Media_Subdivision_Name":"Air moisture","Project_Name":"IADN-US 2021","PFAS_Chemical_Name":"Perfluorononanoic acid","CAS_Number":"375-95-1","Result_Measure_Value__ppt_":0.43378202342884,"Result_Measure_Value":433.782023428841,"Result_Unit_of_Measure":"pg/L"}},{"type":"Feature","geometry":{"type":"Point","coordinates":[-81.6785,41.4921000000001]},"properties":{"F_Monitoring_Location_Identifier":"EPA_GLNPO-CLV","Location_Name":"Cleveland (IADN CLV)","State":" OH","EPA_Region":"05","Organization":"EPA Great Lakes National Program","Environmental_Media_Name":"Air","Activity_Media_Subdivision_Name":"Air moisture","Project_Name":"IADN-US 2021","PFAS_Chemical_Name":"Perfluorodecanoic acid","CAS_Number":"335-76-2","Result_Measure_Value__ppt_":0.088538659150935,"Result_Measure_Value":88.5386591509352,"Result_Unit_of_Measure":"pg/L"}},{"type":"Feature","geometry":{"type":"Point","coordinates":[-81.6785,41.4921000000001]},"properties":{"F_Monitoring_Location_Identifier":"EPA_GLNPO-CLV","Location_Name":"Cleveland (IADN CLV)","State":" OH","EPA_Region":"05","Organization":"EPA Great Lakes National Program","Environmental_Media_Name":"Air","Activity_Media_Subdivision_Name":"Air moisture","Project_Name":"IADN-US 2021","PFAS_Chemical_Name":"Heptafluorobutyric acid***retired***use Perfluorobutanoic acid","Result_Measure_Value__ppt_":3.1560876876612,"Result_Measure_Value":3156.08768766115,"Result_Unit_of_Measure":"pg/L"}},{"type":"Feature","geometry":{"type":"Point","coordinates":[-81.6785,41.4921000000001]},"properties":{"F_Monitoring_Location_Identifier":"EPA_GLNPO-CLV","Location_Name":"Cleveland (IADN CLV)","State":" OH","EPA_Region":"05","Organization":"EPA Great Lakes National Program","Environmental_Media_Name":"Air","Activity_Media_Subdivision_Name":"Air moisture","Project_Name":"IADN-US 2021","PFAS_Chemical_Name":"Perfluorovaleric acid","CAS_Number":"2706-90-3","Result_Measure_Value__ppt_":0.51480751172839,"Result_Measure_Value":514.807511728388,"Result_Unit_of_Measure":"pg/L"}},{"type":"Feature","geometry":{"type":"Point","coordinates":[-81.6785,41.4921000000001]},"properties":{"F_Monitoring_Location_Identifier":"EPA_GLNPO-CLV","Location_Name":"Cleveland (IADN CLV)","State":" OH","EPA_Region":"05","Organization":"EPA Great Lakes National Program","Environmental_Media_Name":"Air","Activity_Media_Subdivision_Name":"Air moisture","Project_Name":"IADN-US 2021","PFAS_Chemical_Name":"Sodium perfluoro-1-hexane[18O2]sulfonate","Result_Measure_Value":77.43,"Result_Unit_of_Measure":"%"}},{"type":"Feature","geometry":{"type":"Point","coordinates":[-81.6785,41.4921000000001]},"properties":{"F_Monitoring_Location_Identifier":"EPA_GLNPO-CLV","Location_Name":"Cleveland (IADN CLV)","State":" OH","EPA_Region":"05","Organization":"EPA Great Lakes National Program","Environmental_Media_Name":"Air","Activity_Media_Subdivision_Name":"Air moisture","Project_Name":"IADN-US 2021","PFAS_Chemical_Name":"Perfluoro[1,2-13C2]undecanoic acid","CAS_Number":"960315-51-9","Result_Measure_Value":92.155,"Result_Unit_of_Measure":"%"}},{"type":"Feature","geometry":{"type":"Point","coordinates":[-81.6785,41.4921000000001]},"properties":{"F_Monitoring_Location_Identifier":"EPA_GLNPO-CLV","Location_Name":"Cleveland (IADN CLV)","State":" OH","EPA_Region":"05","Organization":"EPA Great Lakes National Program","Environmental_Media_Name":"Air","Activity_Media_Subdivision_Name":"Air moisture","Project_Name":"IADN-US 2021","PFAS_Chemical_Name":"Perfluoroheptanoic acid","CAS_Number":"375-85-9","Result_Measure_Value__ppt_":0.39997370891343,"Result_Measure_Value":399.973708913428,"Result_Unit_of_Measure":"pg/L"}},{"type":"Feature","geometry":{"type":"Point","coordinates":[-81.6785,41.4921000000001]},"properties":{"F_Monitoring_Location_Identifier":"EPA_GLNPO-CLV","Location_Name":"Cleveland (IADN CLV)","State":" OH","EPA_Region":"05","Organization":"EPA Great Lakes National Program","Environmental_Media_Name":"Air","Activity_Media_Subdivision_Name":"Air moisture","Project_Name":"IADN-US 2021","PFAS_Chemical_Name":"Perfluorovaleric acid","CAS_Number":"2706-90-3","Result_Measure_Value__ppt_":1.0855700317258,"Result_Measure_Value":1085.57003172582,"Result_Unit_of_Measure":"pg/L"}},{"type":"Feature","geometry":{"type":"Point","coordinates":[-81.6785,41.4921000000001]},"properties":{"F_Monitoring_Location_Identifier":"EPA_GLNPO-CLV","Location_Name":"Cleveland (IADN CLV)","State":" OH","EPA_Region":"05","Organization":"EPA Great Lakes National Program","Environmental_Media_Name":"Air","Activity_Media_Subdivision_Name":"Air moisture","Project_Name":"IADN-US 2021","PFAS_Chemical_Name":"6:2 Fluorotelomer sulfonate acid","Result_Measure_Value__ppt_":0.31629627317067,"Result_Measure_Value":316.296273170668,"Result_Unit_of_Measure":"pg/L"}},{"type":"Feature","geometry":{"type":"Point","coordinates":[-81.6785,41.4921000000001]},"properties":{"F_Monitoring_Location_Identifier":"EPA_GLNPO-CLV","Location_Name":"Cleveland (IADN CLV)","State":" OH","EPA_Region":"05","Organization":"EPA Great Lakes National Program","Environmental_Media_Name":"Air","Activity_Media_Subdivision_Name":"Air moisture","Project_Name":"IADN-US 2021","PFAS_Chemical_Name":"Perfluorobutylsulfonamide","CAS_Number":"30334-69-1","Result_Measure_Value__ppt_":0.22294321482469,"Result_Measure_Value":222.943214824686,"Result_Unit_of_Measure":"pg/L"}},{"type":"Feature","geometry":{"type":"Point","coordinates":[-81.6785,41.4921000000001]},"properties":{"F_Monitoring_Location_Identifier":"EPA_GLNPO-CLV","Location_Name":"Cleveland (IADN CLV)","State":" OH","EPA_Region":"05","Organization":"EPA Great Lakes National Program","Environmental_Media_Name":"Air","Activity_Media_Subdivision_Name":"Air moisture","Project_Name":"IADN-US 2021","PFAS_Chemical_Name":"Perfluoro[1,2-13C2]hexanoic acid","Result_Measure_Value":78.05,"Result_Unit_of_Measure":"%"}},{"type":"Feature","geometry":{"type":"Point","coordinates":[-81.6785,41.4921000000001]},"properties":{"F_Monitoring_Location_Identifier":"EPA_GLNPO-CLV","Location_Name":"Cleveland (IADN CLV)","State":" OH","EPA_Region":"05","Organization":"EPA Great Lakes National Program","Environmental_Media_Name":"Air","Activity_Media_Subdivision_Name":"Air moisture","Project_Name":"IADN-US 2021","PFAS_Chemical_Name":"Perfluoroheptanoic acid","CAS_Number":"375-85-9","Result_Measure_Value__ppt_":0.25624770180079,"Result_Measure_Value":256.247701800789,"Result_Unit_of_Measure":"pg/L"}},{"type":"Feature","geometry":{"type":"Point","coordinates":[-81.6785,41.4921000000001]},"properties":{"F_Monitoring_Location_Identifier":"EPA_GLNPO-CLV","Location_Name":"Cleveland (IADN CLV)","State":" OH","EPA_Region":"05","Organization":"EPA Great Lakes National Program","Environmental_Media_Name":"Air","Activity_Media_Subdivision_Name":"Air moisture","Project_Name":"IADN-US 2021","PFAS_Chemical_Name":"Perfluorooctane sulfonic acid","CAS_Number":"1763-23-1","Result_Measure_Value__ppt_":0.23677808221643,"Result_Measure_Value":236.778082216432,"Result_Unit_of_Measure":"pg/L"}},{"type":"Feature","geometry":{"type":"Point","coordinates":[-81.6785,41.4921000000001]},"properties":{"F_Monitoring_Location_Identifier":"EPA_GLNPO-CLV","Location_Name":"Cleveland (IADN CLV)","State":" OH","EPA_Region":"05","Organization":"EPA Great Lakes National Program","Environmental_Media_Name":"Air","Activity_Media_Subdivision_Name":"Air moisture","Project_Name":"IADN-US 2021","PFAS_Chemical_Name":"6:2 Fluorotelomer sulfonate acid","Result_Measure_Value__ppt_":0.66763636370573,"Result_Measure_Value":667.636363705728,"Result_Unit_of_Measure":"pg/L"}},{"type":"Feature","geometry":{"type":"Point","coordinates":[-81.6785,41.4921000000001]},"properties":{"F_Monitoring_Location_Identifier":"EPA_GLNPO-CLV","Location_Name":"Cleveland (IADN CLV)","State":" OH","EPA_Region":"05","Organization":"EPA Great Lakes National Program","Environmental_Media_Name":"Air","Activity_Media_Subdivision_Name":"Air moisture","Project_Name":"IADN-US 2021","PFAS_Chemical_Name":"Perfluorobutylsulfonamide","CAS_Number":"30334-69-1","Result_Measure_Value__ppt_":0.18199530938939,"Result_Measure_Value":181.995309389392,"Result_Unit_of_Measure":"pg/L"}},{"type":"Feature","geometry":{"type":"Point","coordinates":[-81.6785,41.4921000000001]},"properties":{"F_Monitoring_Location_Identifier":"EPA_GLNPO-CLV","Location_Name":"Cleveland (IADN CLV)","State":" OH","EPA_Region":"05","Organization":"EPA Great Lakes National Program","Environmental_Media_Name":"Air","Activity_Media_Subdivision_Name":"Air moisture","Project_Name":"IADN-US 2021","PFAS_Chemical_Name":"Perfluorodecanoic acid","CAS_Number":"335-76-2","Result_Measure_Value__ppt_":0.12206058099743,"Result_Measure_Value":122.060580997428,"Result_Unit_of_Measure":"pg/L"}},{"type":"Feature","geometry":{"type":"Point","coordinates":[-81.6785,41.4921000000001]},"properties":{"F_Monitoring_Location_Identifier":"EPA_GLNPO-CLV","Location_Name":"Cleveland (IADN CLV)","State":" OH","EPA_Region":"05","Organization":"EPA Great Lakes National Program","Environmental_Media_Name":"Air","Activity_Media_Subdivision_Name":"Air moisture","Project_Name":"IADN-US 2021","PFAS_Chemical_Name":"Perfluoro[1,2-13C2]tetradecanoic acid","Result_Measure_Value":60.305,"Result_Unit_of_Measure":"%"}},{"type":"Feature","geometry":{"type":"Point","coordinates":[-81.6785,41.4921000000001]},"properties":{"F_Monitoring_Location_Identifier":"EPA_GLNPO-CLV","Location_Name":"Cleveland (IADN CLV)","State":" OH","EPA_Region":"05","Organization":"EPA Great Lakes National Program","Environmental_Media_Name":"Air","Activity_Media_Subdivision_Name":"Air moisture","Project_Name":"IADN-US 2021","PFAS_Chemical_Name":"Sodium perfluoro-1-hexane[18O2]sulfonate","Result_Measure_Value":77.73,"Result_Unit_of_Measure":"%"}},{"type":"Feature","geometry":{"type":"Point","coordinates":[-81.6785,41.4921000000001]},"properties":{"F_Monitoring_Location_Identifier":"EPA_GLNPO-CLV","Location_Name":"Cleveland (IADN CLV)","State":" OH","EPA_Region":"05","Organization":"EPA Great Lakes National Program","Environmental_Media_Name":"Air","Activity_Media_Subdivision_Name":"Air moisture","Project_Name":"IADN-US 2021","PFAS_Chemical_Name":"Perfluoro[1,2-13C2]tetradecanoic acid","Result_Measure_Value":78.855,"Result_Unit_of_Measure":"%"}},{"type":"Feature","geometry":{"type":"Point","coordinates":[-81.6785,41.4921000000001]},"properties":{"F_Monitoring_Location_Identifier":"EPA_GLNPO-CLV","Location_Name":"Cleveland (IADN CLV)","State":" OH","EPA_Region":"05","Organization":"EPA Great Lakes National Program","Environmental_Media_Name":"Air","Activity_Media_Subdivision_Name":"Air moisture","Project_Name":"IADN-US 2021","PFAS_Chemical_Name":"Perfluoro[1,2-13C2]tetradecanoic acid","Result_Measure_Value":48.455,"Result_Unit_of_Measure":"%"}},{"type":"Feature","geometry":{"type":"Point","coordinates":[-81.6785,41.4921000000001]},"properties":{"F_Monitoring_Location_Identifier":"EPA_GLNPO-CLV","Location_Name":"Cleveland (IADN CLV)","State":" OH","EPA_Region":"05","Organization":"EPA Great Lakes National Program","Environmental_Media_Name":"Air","Activity_Media_Subdivision_Name":"Air moisture","Project_Name":"IADN-US 2021","PFAS_Chemical_Name":"Perfluorobutylsulfonamide","CAS_Number":"30334-69-1","Result_Measure_Value__ppt_":0.27121146329695,"Result_Measure_Value":271.211463296951,"Result_Unit_of_Measure":"pg/L"}},{"type":"Feature","geometry":{"type":"Point","coordinates":[-81.6785,41.4921000000001]},"properties":{"F_Monitoring_Location_Identifier":"EPA_GLNPO-CLV","Location_Name":"Cleveland (IADN CLV)","State":" OH","EPA_Region":"05","Organization":"EPA Great Lakes National Program","Environmental_Media_Name":"Air","Activity_Media_Subdivision_Name":"Air moisture","Project_Name":"IADN-US 2021","PFAS_Chemical_Name":"Perfluoro[1,2-13C2]hexanoic acid","Result_Measure_Value":72.255,"Result_Unit_of_Measure":"%"}},{"type":"Feature","geometry":{"type":"Point","coordinates":[-81.6785,41.4921000000001]},"properties":{"F_Monitoring_Location_Identifier":"EPA_GLNPO-CLV","Location_Name":"Cleveland (IADN CLV)","State":" OH","EPA_Region":"05","Organization":"EPA Great Lakes National Program","Environmental_Media_Name":"Air","Activity_Media_Subdivision_Name":"Air moisture","Project_Name":"IADN-US 2021","PFAS_Chemical_Name":"Perfluoroheptanoic acid","CAS_Number":"375-85-9","Result_Measure_Value__ppt_":0.35429447853848,"Result_Measure_Value":354.294478538475,"Result_Unit_of_Measure":"pg/L"}},{"type":"Feature","geometry":{"type":"Point","coordinates":[-81.6785,41.4921000000001]},"properties":{"F_Monitoring_Location_Identifier":"EPA_GLNPO-CLV","Location_Name":"Cleveland (IADN CLV)","State":" OH","EPA_Region":"05","Organization":"EPA Great Lakes National Program","Environmental_Media_Name":"Air","Activity_Media_Subdivision_Name":"Air moisture","Project_Name":"IADN-US 2021","PFAS_Chemical_Name":"Sodium perfluoro-1-hexane[18O2]sulfonate","Result_Measure_Value":95.95,"Result_Unit_of_Measure":"%"}},{"type":"Feature","geometry":{"type":"Point","coordinates":[-81.6785,41.4921000000001]},"properties":{"F_Monitoring_Location_Identifier":"EPA_GLNPO-CLV","Location_Name":"Cleveland (IADN CLV)","State":" OH","EPA_Region":"05","Organization":"EPA Great Lakes National Program","Environmental_Media_Name":"Air","Activity_Media_Subdivision_Name":"Air moisture","Project_Name":"IADN-US 2021","PFAS_Chemical_Name":"Perfluorohexanoic acid","CAS_Number":"307-24-4","Result_Measure_Value__ppt_":0.27067826085074,"Result_Measure_Value":270.678260850735,"Result_Unit_of_Measure":"pg/L"}},{"type":"Feature","geometry":{"type":"Point","coordinates":[-81.6785,41.4921000000001]},"properties":{"F_Monitoring_Location_Identifier":"EPA_GLNPO-CLV","Location_Name":"Cleveland (IADN CLV)","State":" OH","EPA_Region":"05","Organization":"EPA Great Lakes National Program","Environmental_Media_Name":"Air","Activity_Media_Subdivision_Name":"Air moisture","Project_Name":"IADN-US 2021","PFAS_Chemical_Name":"Perfluoro[1,2-13C2]undecanoic acid","CAS_Number":"960315-51-9","Result_Measure_Value":80.185,"Result_Unit_of_Measure":"%"}},{"type":"Feature","geometry":{"type":"Point","coordinates":[-81.6785,41.4921000000001]},"properties":{"F_Monitoring_Location_Identifier":"EPA_GLNPO-CLV","Location_Name":"Cleveland (IADN CLV)","State":" OH","EPA_Region":"05","Organization":"EPA Great Lakes National Program","Environmental_Media_Name":"Air","Activity_Media_Subdivision_Name":"Air moisture","Project_Name":"IADN-US 2021","PFAS_Chemical_Name":"Sodium perfluoro-1-hexane[18O2]sulfonate","Result_Measure_Value":84.895,"Result_Unit_of_Measure":"%"}},{"type":"Feature","geometry":{"type":"Point","coordinates":[-81.6785,41.4921000000001]},"properties":{"F_Monitoring_Location_Identifier":"EPA_GLNPO-CLV","Location_Name":"Cleveland (IADN CLV)","State":" OH","EPA_Region":"05","Organization":"EPA Great Lakes National Program","Environmental_Media_Name":"Air","Activity_Media_Subdivision_Name":"Air moisture","Project_Name":"IADN-US 2021","PFAS_Chemical_Name":"Perfluorovaleric acid","CAS_Number":"2706-90-3","Result_Measure_Value__ppt_":0.22545699913429,"Result_Measure_Value":225.456999134295,"Result_Unit_of_Measure":"pg/L"}},{"type":"Feature","geometry":{"type":"Point","coordinates":[-81.6785,41.4921000000001]},"properties":{"F_Monitoring_Location_Identifier":"EPA_GLNPO-CLV","Location_Name":"Cleveland (IADN CLV)","State":" OH","EPA_Region":"05","Organization":"EPA Great Lakes National Program","Environmental_Media_Name":"Air","Activity_Media_Subdivision_Name":"Air moisture","Project_Name":"IADN-US 2021","PFAS_Chemical_Name":"Heptafluorobutyric acid***retired***use Perfluorobutanoic acid","Result_Measure_Value__ppt_":1.5136184444344,"Result_Measure_Value":1513.61844443441,"Result_Unit_of_Measure":"pg/L"}},{"type":"Feature","geometry":{"type":"Point","coordinates":[-81.6785,41.4921000000001]},"properties":{"F_Monitoring_Location_Identifier":"EPA_GLNPO-CLV","Location_Name":"Cleveland (IADN CLV)","State":" OH","EPA_Region":"05","Organization":"EPA Great Lakes National Program","Environmental_Media_Name":"Air","Activity_Media_Subdivision_Name":"Air moisture","Project_Name":"IADN-US 2021","PFAS_Chemical_Name":"Perfluoro[1,2-13C2]undecanoic acid","CAS_Number":"960315-51-9","Result_Measure_Value":76.21,"Result_Unit_of_Measure":"%"}},{"type":"Feature","geometry":{"type":"Point","coordinates":[-81.6785,41.4921000000001]},"properties":{"F_Monitoring_Location_Identifier":"EPA_GLNPO-CLV","Location_Name":"Cleveland (IADN CLV)","State":" OH","EPA_Region":"05","Organization":"EPA Great Lakes National Program","Environmental_Media_Name":"Air","Activity_Media_Subdivision_Name":"Air moisture","Project_Name":"IADN-US 2021","PFAS_Chemical_Name":"Perfluorobutylsulfonamide","CAS_Number":"30334-69-1","Result_Measure_Value__ppt_":0.22630272952072,"Result_Measure_Value":226.302729520723,"Result_Unit_of_Measure":"pg/L"}},{"type":"Feature","geometry":{"type":"Point","coordinates":[-81.6785,41.4921000000001]},"properties":{"F_Monitoring_Location_Identifier":"EPA_GLNPO-CLV","Location_Name":"Cleveland (IADN CLV)","State":" OH","EPA_Region":"05","Organization":"EPA Great Lakes National Program","Environmental_Media_Name":"Air","Activity_Media_Subdivision_Name":"Air moisture","Project_Name":"IADN-US 2021","PFAS_Chemical_Name":"Perfluorooctanoic acid","CAS_Number":"335-67-1","Result_Measure_Value__ppt_":0.24860753283636,"Result_Measure_Value":248.607532836359,"Result_Unit_of_Measure":"pg/L"}},{"type":"Feature","geometry":{"type":"Point","coordinates":[-81.6785,41.4921000000001]},"properties":{"F_Monitoring_Location_Identifier":"EPA_GLNPO-CLV","Location_Name":"Cleveland (IADN CLV)","State":" OH","EPA_Region":"05","Organization":"EPA Great Lakes National Program","Environmental_Media_Name":"Air","Activity_Media_Subdivision_Name":"Air moisture","Project_Name":"IADN-US 2021","PFAS_Chemical_Name":"Perfluoro[1,2-13C2]tetradecanoic acid","Result_Measure_Value":48.025,"Result_Unit_of_Measure":"%"}},{"type":"Feature","geometry":{"type":"Point","coordinates":[-81.6785,41.4921000000001]},"properties":{"F_Monitoring_Location_Identifier":"EPA_GLNPO-CLV","Location_Name":"Cleveland (IADN CLV)","State":" OH","EPA_Region":"05","Organization":"EPA Great Lakes National Program","Environmental_Media_Name":"Air","Activity_Media_Subdivision_Name":"Air moisture","Project_Name":"IADN-US 2021","PFAS_Chemical_Name":"Perfluorobutylsulfonamide","CAS_Number":"30334-69-1","Result_Measure_Value__ppt_":0.13607093596917,"Result_Measure_Value":136.070935969171,"Result_Unit_of_Measure":"pg/L"}},{"type":"Feature","geometry":{"type":"Point","coordinates":[-81.6785,41.4921000000001]},"properties":{"F_Monitoring_Location_Identifier":"EPA_GLNPO-CLV","Location_Name":"Cleveland (IADN CLV)","State":" OH","EPA_Region":"05","Organization":"EPA Great Lakes National Program","Environmental_Media_Name":"Air","Activity_Media_Subdivision_Name":"Air moisture","Project_Name":"IADN-US 2021","PFAS_Chemical_Name":"Sodium perfluoro-1-hexane[18O2]sulfonate","Result_Measure_Value":115.455,"Result_Unit_of_Measure":"%"}},{"type":"Feature","geometry":{"type":"Point","coordinates":[-81.6785,41.4921000000001]},"properties":{"F_Monitoring_Location_Identifier":"EPA_GLNPO-CLV","Location_Name":"Cleveland (IADN CLV)","State":" OH","EPA_Region":"05","Organization":"EPA Great Lakes National Program","Environmental_Media_Name":"Air","Activity_Media_Subdivision_Name":"Air moisture","Project_Name":"IADN-US 2021","PFAS_Chemical_Name":"Perfluorooctanoic acid","CAS_Number":"335-67-1","Result_Measure_Value__ppt_":0.19867826085574,"Result_Measure_Value":198.678260855744,"Result_Unit_of_Measure":"pg/L"}},{"type":"Feature","geometry":{"type":"Point","coordinates":[-81.6785,41.4921000000001]},"properties":{"F_Monitoring_Location_Identifier":"EPA_GLNPO-CLV","Location_Name":"Cleveland (IADN CLV)","State":" OH","EPA_Region":"05","Organization":"EPA Great Lakes National Program","Environmental_Media_Name":"Air","Activity_Media_Subdivision_Name":"Air moisture","Project_Name":"IADN-US 2021","PFAS_Chemical_Name":"Perfluorononanoic acid","CAS_Number":"375-95-1","Result_Measure_Value__ppt_":0.28104347826087,"Result_Measure_Value":281.04347826087,"Result_Unit_of_Measure":"pg/L"}},{"type":"Feature","geometry":{"type":"Point","coordinates":[-81.6785,41.4921000000001]},"properties":{"F_Monitoring_Location_Identifier":"EPA_GLNPO-CLV","Location_Name":"Cleveland (IADN CLV)","State":" OH","EPA_Region":"05","Organization":"EPA Great Lakes National Program","Environmental_Media_Name":"Air","Activity_Media_Subdivision_Name":"Air moisture","Project_Name":"IADN-US 2021","PFAS_Chemical_Name":"Perfluorohexanoic acid","CAS_Number":"307-24-4","Result_Measure_Value__ppt_":0.22149429519481,"Result_Measure_Value":221.49429519481,"Result_Unit_of_Measure":"pg/L"}},{"type":"Feature","geometry":{"type":"Point","coordinates":[-81.6785,41.4921000000001]},"properties":{"F_Monitoring_Location_Identifier":"EPA_GLNPO-CLV","Location_Name":"Cleveland (IADN CLV)","State":" OH","EPA_Region":"05","Organization":"EPA Great Lakes National Program","Environmental_Media_Name":"Air","Activity_Media_Subdivision_Name":"Air moisture","Project_Name":"IADN-US 2021","PFAS_Chemical_Name":"Perfluoro[1,2-13C2]tetradecanoic acid","Result_Measure_Value":74.235,"Result_Unit_of_Measure":"%"}},{"type":"Feature","geometry":{"type":"Point","coordinates":[-81.6785,41.4921000000001]},"properties":{"F_Monitoring_Location_Identifier":"EPA_GLNPO-CLV","Location_Name":"Cleveland (IADN CLV)","State":" OH","EPA_Region":"05","Organization":"EPA Great Lakes National Program","Environmental_Media_Name":"Air","Activity_Media_Subdivision_Name":"Air moisture","Project_Name":"IADN-US 2021","PFAS_Chemical_Name":"Perfluorobutylsulfonamide","CAS_Number":"30334-69-1","Result_Measure_Value__ppt_":0.17704933303805,"Result_Measure_Value":177.049333038052,"Result_Unit_of_Measure":"pg/L"}},{"type":"Feature","geometry":{"type":"Point","coordinates":[-81.6785,41.4921000000001]},"properties":{"F_Monitoring_Location_Identifier":"EPA_GLNPO-CLV","Location_Name":"Cleveland (IADN CLV)","State":" OH","EPA_Region":"05","Organization":"EPA Great Lakes National Program","Environmental_Media_Name":"Air","Activity_Media_Subdivision_Name":"Air moisture","Project_Name":"IADN-US 2021","PFAS_Chemical_Name":"Perfluorononanoic acid","CAS_Number":"375-95-1","Result_Measure_Value__ppt_":0.45412987017705,"Result_Measure_Value":454.129870177052,"Result_Unit_of_Measure":"pg/L"}},{"type":"Feature","geometry":{"type":"Point","coordinates":[-81.6785,41.4921000000001]},"properties":{"F_Monitoring_Location_Identifier":"EPA_GLNPO-CLV","Location_Name":"Cleveland (IADN CLV)","State":" OH","EPA_Region":"05","Organization":"EPA Great Lakes National Program","Environmental_Media_Name":"Air","Activity_Media_Subdivision_Name":"Air moisture","Project_Name":"IADN-US 2021","PFAS_Chemical_Name":"Perfluorovaleric acid","CAS_Number":"2706-90-3","Result_Measure_Value__ppt_":0.28603123122883,"Result_Measure_Value":286.031231228826,"Result_Unit_of_Measure":"pg/L"}},{"type":"Feature","geometry":{"type":"Point","coordinates":[-81.6785,41.4921000000001]},"properties":{"F_Monitoring_Location_Identifier":"EPA_GLNPO-CLV","Location_Name":"Cleveland (IADN CLV)","State":" OH","EPA_Region":"05","Organization":"EPA Great Lakes National Program","Environmental_Media_Name":"Air","Activity_Media_Subdivision_Name":"Air moisture","Project_Name":"IADN-US 2021","PFAS_Chemical_Name":"Perfluoro[1,2-13C2]tetradecanoic acid","Result_Measure_Value":53.49,"Result_Unit_of_Measure":"%"}},{"type":"Feature","geometry":{"type":"Point","coordinates":[-81.6785,41.4921000000001]},"properties":{"F_Monitoring_Location_Identifier":"EPA_GLNPO-CLV","Location_Name":"Cleveland (IADN CLV)","State":" OH","EPA_Region":"05","Organization":"EPA Great Lakes National Program","Environmental_Media_Name":"Air","Activity_Media_Subdivision_Name":"Air moisture","Project_Name":"IADN-US 2021","PFAS_Chemical_Name":"Perfluoroheptanoic acid","CAS_Number":"375-85-9","Result_Measure_Value__ppt_":0.24293660285386,"Result_Measure_Value":242.936602853862,"Result_Unit_of_Measure":"pg/L"}},{"type":"Feature","geometry":{"type":"Point","coordinates":[-81.6785,41.4921000000001]},"properties":{"F_Monitoring_Location_Identifier":"EPA_GLNPO-CLV","Location_Name":"Cleveland (IADN CLV)","State":" OH","EPA_Region":"05","Organization":"EPA Great Lakes National Program","Environmental_Media_Name":"Air","Activity_Media_Subdivision_Name":"Air moisture","Project_Name":"IADN-US 2021","PFAS_Chemical_Name":"Sodium perfluoro-1-hexane[18O2]sulfonate","Result_Measure_Value":89.31,"Result_Unit_of_Measure":"%"}},{"type":"Feature","geometry":{"type":"Point","coordinates":[-81.6785,41.4921000000001]},"properties":{"F_Monitoring_Location_Identifier":"EPA_GLNPO-CLV","Location_Name":"Cleveland (IADN CLV)","State":" OH","EPA_Region":"05","Organization":"EPA Great Lakes National Program","Environmental_Media_Name":"Air","Activity_Media_Subdivision_Name":"Air moisture","Project_Name":"IADN-US 2021","PFAS_Chemical_Name":"Perfluorodecanoic acid","CAS_Number":"335-76-2","Result_Measure_Value__ppt_":0.16737662339401,"Result_Measure_Value":167.376623394013,"Result_Unit_of_Measure":"pg/L"}},{"type":"Feature","geometry":{"type":"Point","coordinates":[-81.6785,41.4921000000001]},"properties":{"F_Monitoring_Location_Identifier":"EPA_GLNPO-CLV","Location_Name":"Cleveland (IADN CLV)","State":" OH","EPA_Region":"05","Organization":"EPA Great Lakes National Program","Environmental_Media_Name":"Air","Activity_Media_Subdivision_Name":"Air moisture","Project_Name":"IADN-US 2021","PFAS_Chemical_Name":"6:2 Fluorotelomer sulfonate acid","Result_Measure_Value__ppt_":0.59669979148056,"Result_Measure_Value":596.699791480557,"Result_Unit_of_Measure":"pg/L"}},{"type":"Feature","geometry":{"type":"Point","coordinates":[-81.6785,41.4921000000001]},"properties":{"F_Monitoring_Location_Identifier":"EPA_GLNPO-CLV","Location_Name":"Cleveland (IADN CLV)","State":" OH","EPA_Region":"05","Organization":"EPA Great Lakes National Program","Environmental_Media_Name":"Air","Activity_Media_Subdivision_Name":"Air moisture","Project_Name":"IADN-US 2021","PFAS_Chemical_Name":"Perfluorononanoic acid","CAS_Number":"375-95-1","Result_Measure_Value__ppt_":0.10962856112514,"Result_Measure_Value":109.628561125135,"Result_Unit_of_Measure":"pg/L"}},{"type":"Feature","geometry":{"type":"Point","coordinates":[-81.6785,41.4921000000001]},"properties":{"F_Monitoring_Location_Identifier":"EPA_GLNPO-CLV","Location_Name":"Cleveland (IADN CLV)","State":" OH","EPA_Region":"05","Organization":"EPA Great Lakes National Program","Environmental_Media_Name":"Air","Activity_Media_Subdivision_Name":"Air moisture","Project_Name":"IADN-US 2021","PFAS_Chemical_Name":"Perfluoroheptanoic acid","CAS_Number":"375-85-9","Result_Measure_Value__ppt_":0.35486891788612,"Result_Measure_Value":354.86891788612,"Result_Unit_of_Measure":"pg/L"}},{"type":"Feature","geometry":{"type":"Point","coordinates":[-81.6785,41.4921000000001]},"properties":{"F_Monitoring_Location_Identifier":"EPA_GLNPO-CLV","Location_Name":"Cleveland (IADN CLV)","State":" OH","EPA_Region":"05","Organization":"EPA Great Lakes National Program","Environmental_Media_Name":"Air","Activity_Media_Subdivision_Name":"Air moisture","Project_Name":"IADN-US 2021","PFAS_Chemical_Name":"Perfluorohexanoic acid","CAS_Number":"307-24-4","Result_Measure_Value__ppt_":0.36238127090301,"Result_Measure_Value":362.38127090301,"Result_Unit_of_Measure":"pg/L"}},{"type":"Feature","geometry":{"type":"Point","coordinates":[-81.6785,41.4921000000001]},"properties":{"F_Monitoring_Location_Identifier":"EPA_GLNPO-CLV","Location_Name":"Cleveland (IADN CLV)","State":" OH","EPA_Region":"05","Organization":"EPA Great Lakes National Program","Environmental_Media_Name":"Air","Activity_Media_Subdivision_Name":"Air moisture","Project_Name":"IADN-US 2021","PFAS_Chemical_Name":"Perfluorooctane sulfonic acid","CAS_Number":"1763-23-1","Result_Measure_Value__ppt_":0.39220321932211,"Result_Measure_Value":392.203219322106,"Result_Unit_of_Measure":"pg/L"}},{"type":"Feature","geometry":{"type":"Point","coordinates":[-81.6785,41.4921000000001]},"properties":{"F_Monitoring_Location_Identifier":"EPA_GLNPO-CLV","Location_Name":"Cleveland (IADN CLV)","State":" OH","EPA_Region":"05","Organization":"EPA Great Lakes National Program","Environmental_Media_Name":"Air","Activity_Media_Subdivision_Name":"Air moisture","Project_Name":"IADN-US 2021","PFAS_Chemical_Name":"Perfluorooctanoic acid","CAS_Number":"335-67-1","Result_Measure_Value__ppt_":0.50533266917233,"Result_Measure_Value":505.332669172328,"Result_Unit_of_Measure":"pg/L"}},{"type":"Feature","geometry":{"type":"Point","coordinates":[-81.6785,41.4921000000001]},"properties":{"F_Monitoring_Location_Identifier":"EPA_GLNPO-CLV","Location_Name":"Cleveland (IADN CLV)","State":" OH","EPA_Region":"05","Organization":"EPA Great Lakes National Program","Environmental_Media_Name":"Air","Activity_Media_Subdivision_Name":"Air moisture","Project_Name":"IADN-US 2021","PFAS_Chemical_Name":"Perfluorobutylsulfonamide","CAS_Number":"30334-69-1","Result_Measure_Value__ppt_":0.10393753753666,"Result_Measure_Value":103.937537536664,"Result_Unit_of_Measure":"pg/L"}},{"type":"Feature","geometry":{"type":"Point","coordinates":[-81.6785,41.4921000000001]},"properties":{"F_Monitoring_Location_Identifier":"EPA_GLNPO-CLV","Location_Name":"Cleveland (IADN CLV)","State":" OH","EPA_Region":"05","Organization":"EPA Great Lakes National Program","Environmental_Media_Name":"Air","Activity_Media_Subdivision_Name":"Air moisture","Project_Name":"IADN-US 2021","PFAS_Chemical_Name":"Perfluorohexanoic acid","CAS_Number":"307-24-4","Result_Measure_Value__ppt_":2.0254761904762,"Result_Measure_Value":2025.47619047619,"Result_Unit_of_Measure":"pg/L"}},{"type":"Feature","geometry":{"type":"Point","coordinates":[-81.6785,41.4921000000001]},"properties":{"F_Monitoring_Location_Identifier":"EPA_GLNPO-CLV","Location_Name":"Cleveland (IADN CLV)","State":" OH","EPA_Region":"05","Organization":"EPA Great Lakes National Program","Environmental_Media_Name":"Air","Activity_Media_Subdivision_Name":"Air moisture","Project_Name":"IADN-US 2021","PFAS_Chemical_Name":"Perfluorononanoic acid","CAS_Number":"375-95-1","Result_Measure_Value__ppt_":0.19395912139709,"Result_Measure_Value":193.959121397089,"Result_Unit_of_Measure":"pg/L"}},{"type":"Feature","geometry":{"type":"Point","coordinates":[-81.6785,41.4921000000001]},"properties":{"F_Monitoring_Location_Identifier":"EPA_GLNPO-CLV","Location_Name":"Cleveland (IADN CLV)","State":" OH","EPA_Region":"05","Organization":"EPA Great Lakes National Program","Environmental_Media_Name":"Air","Activity_Media_Subdivision_Name":"Air moisture","Project_Name":"IADN-US 2021","PFAS_Chemical_Name":"Perfluorononanoic acid","CAS_Number":"375-95-1","Result_Measure_Value__ppt_":0.37157202470781,"Result_Measure_Value":371.572024707811,"Result_Unit_of_Measure":"pg/L"}},{"type":"Feature","geometry":{"type":"Point","coordinates":[-81.6785,41.4921000000001]},"properties":{"F_Monitoring_Location_Identifier":"EPA_GLNPO-CLV","Location_Name":"Cleveland (IADN CLV)","State":" OH","EPA_Region":"05","Organization":"EPA Great Lakes National Program","Environmental_Media_Name":"Air","Activity_Media_Subdivision_Name":"Air moisture","Project_Name":"IADN-US 2021","PFAS_Chemical_Name":"Perfluorooctanoic acid","CAS_Number":"335-67-1","Result_Measure_Value__ppt_":0.36976788311186,"Result_Measure_Value":369.767883111863,"Result_Unit_of_Measure":"pg/L"}},{"type":"Feature","geometry":{"type":"Point","coordinates":[-81.6785,41.4921000000001]},"properties":{"F_Monitoring_Location_Identifier":"EPA_GLNPO-CLV","Location_Name":"Cleveland (IADN CLV)","State":" OH","EPA_Region":"05","Organization":"EPA Great Lakes National Program","Environmental_Media_Name":"Air","Activity_Media_Subdivision_Name":"Air moisture","Project_Name":"IADN-US 2021","PFAS_Chemical_Name":"Perfluorooctane sulfonic acid","CAS_Number":"1763-23-1","Result_Measure_Value__ppt_":0.45367575821265,"Result_Measure_Value":453.675758212653,"Result_Unit_of_Measure":"pg/L"}},{"type":"Feature","geometry":{"type":"Point","coordinates":[-81.6785,41.4921000000001]},"properties":{"F_Monitoring_Location_Identifier":"EPA_GLNPO-CLV","Location_Name":"Cleveland (IADN CLV)","State":" OH","EPA_Region":"05","Organization":"EPA Great Lakes National Program","Environmental_Media_Name":"Air","Activity_Media_Subdivision_Name":"Air moisture","Project_Name":"IADN-US 2021","PFAS_Chemical_Name":"Heptafluorobutyric acid***retired***use Perfluorobutanoic acid","Result_Measure_Value__ppt_":4.2058163793839,"Result_Measure_Value":4205.81637938393,"Result_Unit_of_Measure":"pg/L"}},{"type":"Feature","geometry":{"type":"Point","coordinates":[-81.6785,41.4921000000001]},"properties":{"F_Monitoring_Location_Identifier":"EPA_GLNPO-CLV","Location_Name":"Cleveland (IADN CLV)","State":" OH","EPA_Region":"05","Organization":"EPA Great Lakes National Program","Environmental_Media_Name":"Air","Activity_Media_Subdivision_Name":"Air moisture","Project_Name":"IADN-US 2021","PFAS_Chemical_Name":"Perfluorodecanoic acid","CAS_Number":"335-76-2","Result_Measure_Value__ppt_":0.11696276726503,"Result_Measure_Value":116.962767265031,"Result_Unit_of_Measure":"pg/L"}},{"type":"Feature","geometry":{"type":"Point","coordinates":[-81.6785,41.4921000000001]},"properties":{"F_Monitoring_Location_Identifier":"EPA_GLNPO-CLV","Location_Name":"Cleveland (IADN CLV)","State":" OH","EPA_Region":"05","Organization":"EPA Great Lakes National Program","Environmental_Media_Name":"Air","Activity_Media_Subdivision_Name":"Air moisture","Project_Name":"IADN-US 2021","PFAS_Chemical_Name":"Perfluorooctane sulfonic acid","CAS_Number":"1763-23-1","Result_Measure_Value__ppt_":0.26735495495271,"Result_Measure_Value":267.354954952707,"Result_Unit_of_Measure":"pg/L"}},{"type":"Feature","geometry":{"type":"Point","coordinates":[-81.6785,41.4921000000001]},"properties":{"F_Monitoring_Location_Identifier":"EPA_GLNPO-CLV","Location_Name":"Cleveland (IADN CLV)","State":" OH","EPA_Region":"05","Organization":"EPA Great Lakes National Program","Environmental_Media_Name":"Air","Activity_Media_Subdivision_Name":"Air moisture","Project_Name":"IADN-US 2021","PFAS_Chemical_Name":"Heptafluorobutyric acid***retired***use Perfluorobutanoic acid","Result_Measure_Value__ppt_":2.227,"Result_Measure_Value":2227,"Result_Unit_of_Measure":"pg/L"}},{"type":"Feature","geometry":{"type":"Point","coordinates":[-81.6785,41.4921000000001]},"properties":{"F_Monitoring_Location_Identifier":"EPA_GLNPO-CLV","Location_Name":"Cleveland (IADN CLV)","State":" OH","EPA_Region":"05","Organization":"EPA Great Lakes National Program","Environmental_Media_Name":"Air","Activity_Media_Subdivision_Name":"Air moisture","Project_Name":"IADN-US 2021","PFAS_Chemical_Name":"Sodium perfluoro-1-hexane[18O2]sulfonate","Result_Measure_Value":99.56,"Result_Unit_of_Measure":"%"}},{"type":"Feature","geometry":{"type":"Point","coordinates":[-81.6785,41.4921000000001]},"properties":{"F_Monitoring_Location_Identifier":"EPA_GLNPO-CLV","Location_Name":"Cleveland (IADN CLV)","State":" OH","EPA_Region":"05","Organization":"EPA Great Lakes National Program","Environmental_Media_Name":"Air","Activity_Media_Subdivision_Name":"Air moisture","Project_Name":"IADN-US 2021","PFAS_Chemical_Name":"Perfluorohexanoic acid","CAS_Number":"307-24-4","Result_Measure_Value__ppt_":0.75972424260052,"Result_Measure_Value":759.724242600524,"Result_Unit_of_Measure":"pg/L"}},{"type":"Feature","geometry":{"type":"Point","coordinates":[-81.6785,41.4921000000001]},"properties":{"F_Monitoring_Location_Identifier":"EPA_GLNPO-CLV","Location_Name":"Cleveland (IADN CLV)","State":" OH","EPA_Region":"05","Organization":"EPA Great Lakes National Program","Environmental_Media_Name":"Air","Activity_Media_Subdivision_Name":"Air moisture","Project_Name":"IADN-US 2021","PFAS_Chemical_Name":"Perfluoro[1,2-13C2]tetradecanoic acid","Result_Measure_Value":63.855,"Result_Unit_of_Measure":"%"}},{"type":"Feature","geometry":{"type":"Point","coordinates":[-81.6785,41.4921000000001]},"properties":{"F_Monitoring_Location_Identifier":"EPA_GLNPO-CLV","Location_Name":"Cleveland (IADN CLV)","State":" OH","EPA_Region":"05","Organization":"EPA Great Lakes National Program","Environmental_Media_Name":"Air","Activity_Media_Subdivision_Name":"Air moisture","Project_Name":"IADN-US 2021","PFAS_Chemical_Name":"Perfluoro[1,2-13C2]undecanoic acid","CAS_Number":"960315-51-9","Result_Measure_Value":116.84,"Result_Unit_of_Measure":"%"}},{"type":"Feature","geometry":{"type":"Point","coordinates":[-81.6785,41.4921000000001]},"properties":{"F_Monitoring_Location_Identifier":"EPA_GLNPO-CLV","Location_Name":"Cleveland (IADN CLV)","State":" OH","EPA_Region":"05","Organization":"EPA Great Lakes National Program","Environmental_Media_Name":"Air","Activity_Media_Subdivision_Name":"Air moisture","Project_Name":"IADN-US 2021","PFAS_Chemical_Name":"Perfluorohexanoic acid","CAS_Number":"307-24-4","Result_Measure_Value__ppt_":0.42042666423848,"Result_Measure_Value":420.426664238476,"Result_Unit_of_Measure":"pg/L"}},{"type":"Feature","geometry":{"type":"Point","coordinates":[-81.6785,41.4921000000001]},"properties":{"F_Monitoring_Location_Identifier":"EPA_GLNPO-CLV","Location_Name":"Cleveland (IADN CLV)","State":" OH","EPA_Region":"05","Organization":"EPA Great Lakes National Program","Environmental_Media_Name":"Air","Activity_Media_Subdivision_Name":"Air moisture","Project_Name":"IADN-US 2021","PFAS_Chemical_Name":"Perfluoroundecanoate","CAS_Number":"196859-54-8","Result_Measure_Value__ppt_":0.14465811965812,"Result_Measure_Value":144.65811965812,"Result_Unit_of_Measure":"pg/L"}},{"type":"Feature","geometry":{"type":"Point","coordinates":[-81.6785,41.4921000000001]},"properties":{"F_Monitoring_Location_Identifier":"EPA_GLNPO-CLV","Location_Name":"Cleveland (IADN CLV)","State":" OH","EPA_Region":"05","Organization":"EPA Great Lakes National Program","Environmental_Media_Name":"Air","Activity_Media_Subdivision_Name":"Air moisture","Project_Name":"IADN-US 2021","PFAS_Chemical_Name":"Perfluorovaleric acid","CAS_Number":"2706-90-3","Result_Measure_Value__ppt_":0.35235004207236,"Result_Measure_Value":352.350042072364,"Result_Unit_of_Measure":"pg/L"}},{"type":"Feature","geometry":{"type":"Point","coordinates":[-81.6785,41.4921000000001]},"properties":{"F_Monitoring_Location_Identifier":"EPA_GLNPO-CLV","Location_Name":"Cleveland (IADN CLV)","State":" OH","EPA_Region":"05","Organization":"EPA Great Lakes National Program","Environmental_Media_Name":"Air","Activity_Media_Subdivision_Name":"Air moisture","Project_Name":"IADN-US 2021","PFAS_Chemical_Name":"Perfluorooctanoic acid","CAS_Number":"335-67-1","Result_Measure_Value__ppt_":0.35042846831948,"Result_Measure_Value":350.428468319479,"Result_Unit_of_Measure":"pg/L"}},{"type":"Feature","geometry":{"type":"Point","coordinates":[-81.6785,41.4921000000001]},"properties":{"F_Monitoring_Location_Identifier":"EPA_GLNPO-CLV","Location_Name":"Cleveland (IADN CLV)","State":" OH","EPA_Region":"05","Organization":"EPA Great Lakes National Program","Environmental_Media_Name":"Air","Activity_Media_Subdivision_Name":"Air moisture","Project_Name":"IADN-US 2021","PFAS_Chemical_Name":"6:2 Fluorotelomer sulfonate acid","Result_Measure_Value__ppt_":0.60525088950597,"Result_Measure_Value":605.250889505969,"Result_Unit_of_Measure":"pg/L"}},{"type":"Feature","geometry":{"type":"Point","coordinates":[-81.6785,41.4921000000001]},"properties":{"F_Monitoring_Location_Identifier":"EPA_GLNPO-CLV","Location_Name":"Cleveland (IADN CLV)","State":" OH","EPA_Region":"05","Organization":"EPA Great Lakes National Program","Environmental_Media_Name":"Air","Activity_Media_Subdivision_Name":"Air moisture","Project_Name":"IADN-US 2021","PFAS_Chemical_Name":"Perfluorodecanoic acid","CAS_Number":"335-76-2","Result_Measure_Value__ppt_":0.24897391302616,"Result_Measure_Value":248.973913026158,"Result_Unit_of_Measure":"pg/L"}},{"type":"Feature","geometry":{"type":"Point","coordinates":[-81.6785,41.4921000000001]},"properties":{"F_Monitoring_Location_Identifier":"EPA_GLNPO-CLV","Location_Name":"Cleveland (IADN CLV)","State":" OH","EPA_Region":"05","Organization":"EPA Great Lakes National Program","Environmental_Media_Name":"Air","Activity_Media_Subdivision_Name":"Air moisture","Project_Name":"IADN-US 2021","PFAS_Chemical_Name":"Perfluorotetradecanoic acid","CAS_Number":"376-06-7","Result_Measure_Value__ppt_":0.14332501177472,"Result_Measure_Value":143.325011774718,"Result_Unit_of_Measure":"pg/L"}},{"type":"Feature","geometry":{"type":"Point","coordinates":[-81.6785,41.4921000000001]},"properties":{"F_Monitoring_Location_Identifier":"EPA_GLNPO-CLV","Location_Name":"Cleveland (IADN CLV)","State":" OH","EPA_Region":"05","Organization":"EPA Great Lakes National Program","Environmental_Media_Name":"Air","Activity_Media_Subdivision_Name":"Air moisture","Project_Name":"IADN-US 2021","PFAS_Chemical_Name":"Perfluorooctanoic acid","CAS_Number":"335-67-1","Result_Measure_Value__ppt_":0.17053150686707,"Result_Measure_Value":170.531506867069,"Result_Unit_of_Measure":"pg/L"}},{"type":"Feature","geometry":{"type":"Point","coordinates":[-81.6785,41.4921000000001]},"properties":{"F_Monitoring_Location_Identifier":"EPA_GLNPO-CLV","Location_Name":"Cleveland (IADN CLV)","State":" OH","EPA_Region":"05","Organization":"EPA Great Lakes National Program","Environmental_Media_Name":"Air","Activity_Media_Subdivision_Name":"Air moisture","Project_Name":"IADN-US 2021","PFAS_Chemical_Name":"Perfluorononanoic acid","CAS_Number":"375-95-1","Result_Measure_Value__ppt_":0.93071428571429,"Result_Measure_Value":930.714285714286,"Result_Unit_of_Measure":"pg/L"}},{"type":"Feature","geometry":{"type":"Point","coordinates":[-81.6785,41.4921000000001]},"properties":{"F_Monitoring_Location_Identifier":"EPA_GLNPO-CLV","Location_Name":"Cleveland (IADN CLV)","State":" OH","EPA_Region":"05","Organization":"EPA Great Lakes National Program","Environmental_Media_Name":"Air","Activity_Media_Subdivision_Name":"Air moisture","Project_Name":"IADN-US 2021","PFAS_Chemical_Name":"Perfluoroheptanoic acid","CAS_Number":"375-85-9","Result_Measure_Value__ppt_":0.90781589227495,"Result_Measure_Value":907.815892274954,"Result_Unit_of_Measure":"pg/L"}},{"type":"Feature","geometry":{"type":"Point","coordinates":[-81.6785,41.4921000000001]},"properties":{"F_Monitoring_Location_Identifier":"EPA_GLNPO-CLV","Location_Name":"Cleveland (IADN CLV)","State":" OH","EPA_Region":"05","Organization":"EPA Great Lakes National Program","Environmental_Media_Name":"Air","Activity_Media_Subdivision_Name":"Air moisture","Project_Name":"IADN-US 2021","PFAS_Chemical_Name":"Sodium perfluoro-1-hexane[18O2]sulfonate","Result_Measure_Value":69.415,"Result_Unit_of_Measure":"%"}},{"type":"Feature","geometry":{"type":"Point","coordinates":[-81.6785,41.4921000000001]},"properties":{"F_Monitoring_Location_Identifier":"EPA_GLNPO-CLV","Location_Name":"Cleveland (IADN CLV)","State":" OH","EPA_Region":"05","Organization":"EPA Great Lakes National Program","Environmental_Media_Name":"Air","Activity_Media_Subdivision_Name":"Air moisture","Project_Name":"IADN-US 2021","PFAS_Chemical_Name":"Perfluorooctanoic acid","CAS_Number":"335-67-1","Result_Measure_Value__ppt_":0.21120232223904,"Result_Measure_Value":211.202322239041,"Result_Unit_of_Measure":"pg/L"}},{"type":"Feature","geometry":{"type":"Point","coordinates":[-81.6785,41.4921000000001]},"properties":{"F_Monitoring_Location_Identifier":"EPA_GLNPO-CLV","Location_Name":"Cleveland (IADN CLV)","State":" OH","EPA_Region":"05","Organization":"EPA Great Lakes National Program","Environmental_Media_Name":"Air","Activity_Media_Subdivision_Name":"Air moisture","Project_Name":"IADN-US 2021","PFAS_Chemical_Name":"Heptafluorobutyric acid***retired***use Perfluorobutanoic acid","Result_Measure_Value__ppt_":1.5907165792141,"Result_Measure_Value":1590.71657921412,"Result_Unit_of_Measure":"pg/L"}},{"type":"Feature","geometry":{"type":"Point","coordinates":[-81.6785,41.4921000000001]},"properties":{"F_Monitoring_Location_Identifier":"EPA_GLNPO-CLV","Location_Name":"Cleveland (IADN CLV)","State":" OH","EPA_Region":"05","Organization":"EPA Great Lakes National Program","Environmental_Media_Name":"Air","Activity_Media_Subdivision_Name":"Air moisture","Project_Name":"IADN-US 2021","PFAS_Chemical_Name":"Perfluorovaleric acid","CAS_Number":"2706-90-3","Result_Measure_Value__ppt_":0.39858128081331,"Result_Measure_Value":398.58128081331,"Result_Unit_of_Measure":"pg/L"}},{"type":"Feature","geometry":{"type":"Point","coordinates":[-81.6785,41.4921000000001]},"properties":{"F_Monitoring_Location_Identifier":"EPA_GLNPO-CLV","Location_Name":"Cleveland (IADN CLV)","State":" OH","EPA_Region":"05","Organization":"EPA Great Lakes National Program","Environmental_Media_Name":"Air","Activity_Media_Subdivision_Name":"Air moisture","Project_Name":"IADN-US 2021","PFAS_Chemical_Name":"Perfluoroundecanoate","CAS_Number":"196859-54-8","Result_Measure_Value__ppt_":0.059147653654532,"Result_Measure_Value":59.1476536545315,"Result_Unit_of_Measure":"pg/L"}},{"type":"Feature","geometry":{"type":"Point","coordinates":[-81.6785,41.4921000000001]},"properties":{"F_Monitoring_Location_Identifier":"EPA_GLNPO-CLV","Location_Name":"Cleveland (IADN CLV)","State":" OH","EPA_Region":"05","Organization":"EPA Great Lakes National Program","Environmental_Media_Name":"Air","Activity_Media_Subdivision_Name":"Air moisture","Project_Name":"IADN-US 2021","PFAS_Chemical_Name":"Perfluorooctanoic acid","CAS_Number":"335-67-1","Result_Measure_Value__ppt_":0.32708861469848,"Result_Measure_Value":327.088614698476,"Result_Unit_of_Measure":"pg/L"}},{"type":"Feature","geometry":{"type":"Point","coordinates":[-81.6785,41.4921000000001]},"properties":{"F_Monitoring_Location_Identifier":"EPA_GLNPO-CLV","Location_Name":"Cleveland (IADN CLV)","State":" OH","EPA_Region":"05","Organization":"EPA Great Lakes National Program","Environmental_Media_Name":"Air","Activity_Media_Subdivision_Name":"Air moisture","Project_Name":"IADN-US 2021","PFAS_Chemical_Name":"Perfluoro[1,2-13C2]hexanoic acid","Result_Measure_Value":72.4,"Result_Unit_of_Measure":"%"}},{"type":"Feature","geometry":{"type":"Point","coordinates":[-81.6785,41.4921000000001]},"properties":{"F_Monitoring_Location_Identifier":"EPA_GLNPO-CLV","Location_Name":"Cleveland (IADN CLV)","State":" OH","EPA_Region":"05","Organization":"EPA Great Lakes National Program","Environmental_Media_Name":"Air","Activity_Media_Subdivision_Name":"Air moisture","Project_Name":"IADN-US 2021","PFAS_Chemical_Name":"Perfluoroheptanoic acid","CAS_Number":"375-85-9","Result_Measure_Value__ppt_":0.40698325125719,"Result_Measure_Value":406.983251257189,"Result_Unit_of_Measure":"pg/L"}},{"type":"Feature","geometry":{"type":"Point","coordinates":[-81.6785,41.4921000000001]},"properties":{"F_Monitoring_Location_Identifier":"EPA_GLNPO-CLV","Location_Name":"Cleveland (IADN CLV)","State":" OH","EPA_Region":"05","Organization":"EPA Great Lakes National Program","Environmental_Media_Name":"Air","Activity_Media_Subdivision_Name":"Air moisture","Project_Name":"IADN-US 2021","PFAS_Chemical_Name":"Perfluoro[1,2-13C2]tetradecanoic acid","Result_Measure_Value":50.34,"Result_Unit_of_Measure":"%"}},{"type":"Feature","geometry":{"type":"Point","coordinates":[-81.6785,41.4921000000001]},"properties":{"F_Monitoring_Location_Identifier":"EPA_GLNPO-CLV","Location_Name":"Cleveland (IADN CLV)","State":" OH","EPA_Region":"05","Organization":"EPA Great Lakes National Program","Environmental_Media_Name":"Air","Activity_Media_Subdivision_Name":"Air moisture","Project_Name":"IADN-US 2021","PFAS_Chemical_Name":"Perfluoro[1,2-13C2]undecanoic acid","CAS_Number":"960315-51-9","Result_Measure_Value":88.62,"Result_Unit_of_Measure":"%"}},{"type":"Feature","geometry":{"type":"Point","coordinates":[-81.6785,41.4921000000001]},"properties":{"F_Monitoring_Location_Identifier":"EPA_GLNPO-CLV","Location_Name":"Cleveland (IADN CLV)","State":" OH","EPA_Region":"05","Organization":"EPA Great Lakes National Program","Environmental_Media_Name":"Air","Activity_Media_Subdivision_Name":"Air moisture","Project_Name":"IADN-US 2021","PFAS_Chemical_Name":"Perfluorohexanoic acid","CAS_Number":"307-24-4","Result_Measure_Value__ppt_":0.65904236457358,"Result_Measure_Value":659.042364573575,"Result_Unit_of_Measure":"pg/L"}},{"type":"Feature","geometry":{"type":"Point","coordinates":[-81.6785,41.4921000000001]},"properties":{"F_Monitoring_Location_Identifier":"EPA_GLNPO-CLV","Location_Name":"Cleveland (IADN CLV)","State":" OH","EPA_Region":"05","Organization":"EPA Great Lakes National Program","Environmental_Media_Name":"Air","Activity_Media_Subdivision_Name":"Air moisture","Project_Name":"IADN-US 2021","PFAS_Chemical_Name":"Perfluoroheptanoic acid","CAS_Number":"375-85-9","Result_Measure_Value__ppt_":0.19238662610953,"Result_Measure_Value":192.386626109527,"Result_Unit_of_Measure":"pg/L"}},{"type":"Feature","geometry":{"type":"Point","coordinates":[-81.6785,41.4921000000001]},"properties":{"F_Monitoring_Location_Identifier":"EPA_GLNPO-CLV","Location_Name":"Cleveland (IADN CLV)","State":" OH","EPA_Region":"05","Organization":"EPA Great Lakes National Program","Environmental_Media_Name":"Air","Activity_Media_Subdivision_Name":"Air moisture","Project_Name":"IADN-US 2021","PFAS_Chemical_Name":"Perfluoro[1,2-13C2]undecanoic acid","CAS_Number":"960315-51-9","Result_Measure_Value":79.36,"Result_Unit_of_Measure":"%"}},{"type":"Feature","geometry":{"type":"Point","coordinates":[-81.6785,41.4921000000001]},"properties":{"F_Monitoring_Location_Identifier":"EPA_GLNPO-CLV","Location_Name":"Cleveland (IADN CLV)","State":" OH","EPA_Region":"05","Organization":"EPA Great Lakes National Program","Environmental_Media_Name":"Air","Activity_Media_Subdivision_Name":"Air moisture","Project_Name":"IADN-US 2021","PFAS_Chemical_Name":"Perfluorodecanoic acid","CAS_Number":"335-76-2","Result_Measure_Value__ppt_":0.098233345608998,"Result_Measure_Value":98.2333456089977,"Result_Unit_of_Measure":"pg/L"}},{"type":"Feature","geometry":{"type":"Point","coordinates":[-81.6785,41.4921000000001]},"properties":{"F_Monitoring_Location_Identifier":"EPA_GLNPO-CLV","Location_Name":"Cleveland (IADN CLV)","State":" OH","EPA_Region":"05","Organization":"EPA Great Lakes National Program","Environmental_Media_Name":"Air","Activity_Media_Subdivision_Name":"Air moisture","Project_Name":"IADN-US 2021","PFAS_Chemical_Name":"Perfluoro[1,2-13C2]undecanoic acid","CAS_Number":"960315-51-9","Result_Measure_Value":81.085,"Result_Unit_of_Measure":"%"}},{"type":"Feature","geometry":{"type":"Point","coordinates":[-81.6785,41.4921000000001]},"properties":{"F_Monitoring_Location_Identifier":"EPA_GLNPO-CLV","Location_Name":"Cleveland (IADN CLV)","State":" OH","EPA_Region":"05","Organization":"EPA Great Lakes National Program","Environmental_Media_Name":"Air","Activity_Media_Subdivision_Name":"Air moisture","Project_Name":"IADN-US 2021","PFAS_Chemical_Name":"Perfluoro[1,2-13C2]undecanoic acid","CAS_Number":"960315-51-9","Result_Measure_Value":86.695,"Result_Unit_of_Measure":"%"}},{"type":"Feature","geometry":{"type":"Point","coordinates":[-81.6785,41.4921000000001]},"properties":{"F_Monitoring_Location_Identifier":"EPA_GLNPO-CLV","Location_Name":"Cleveland (IADN CLV)","State":" OH","EPA_Region":"05","Organization":"EPA Great Lakes National Program","Environmental_Media_Name":"Air","Activity_Media_Subdivision_Name":"Air moisture","Project_Name":"IADN-US 2021","PFAS_Chemical_Name":"Perfluorohexanoic acid","CAS_Number":"307-24-4","Result_Measure_Value__ppt_":0.87927272736408,"Result_Measure_Value":879.27272736408,"Result_Unit_of_Measure":"pg/L"}},{"type":"Feature","geometry":{"type":"Point","coordinates":[-81.6785,41.4921000000001]},"properties":{"F_Monitoring_Location_Identifier":"EPA_GLNPO-CLV","Location_Name":"Cleveland (IADN CLV)","State":" OH","EPA_Region":"05","Organization":"EPA Great Lakes National Program","Environmental_Media_Name":"Air","Activity_Media_Subdivision_Name":"Air moisture","Project_Name":"IADN-US 2021","PFAS_Chemical_Name":"Perfluorodecanoic acid","CAS_Number":"335-76-2","Result_Measure_Value__ppt_":0.10200493327224,"Result_Measure_Value":102.004933272238,"Result_Unit_of_Measure":"pg/L"}},{"type":"Feature","geometry":{"type":"Point","coordinates":[-81.6785,41.4921000000001]},"properties":{"F_Monitoring_Location_Identifier":"EPA_GLNPO-CLV","Location_Name":"Cleveland (IADN CLV)","State":" OH","EPA_Region":"05","Organization":"EPA Great Lakes National Program","Environmental_Media_Name":"Air","Activity_Media_Subdivision_Name":"Air moisture","Project_Name":"IADN-US 2021","PFAS_Chemical_Name":"Perfluorodecanoic acid","CAS_Number":"335-76-2","Result_Measure_Value__ppt_":0.1025641025641,"Result_Measure_Value":102.564102564103,"Result_Unit_of_Measure":"pg/L"}},{"type":"Feature","geometry":{"type":"Point","coordinates":[-81.6785,41.4921000000001]},"properties":{"F_Monitoring_Location_Identifier":"EPA_GLNPO-CLV","Location_Name":"Cleveland (IADN CLV)","State":" OH","EPA_Region":"05","Organization":"EPA Great Lakes National Program","Environmental_Media_Name":"Air","Activity_Media_Subdivision_Name":"Air moisture","Project_Name":"IADN-US 2021","PFAS_Chemical_Name":"Perfluoro[1,2-13C2]tetradecanoic acid","Result_Measure_Value":72.315,"Result_Unit_of_Measure":"%"}},{"type":"Feature","geometry":{"type":"Point","coordinates":[-81.6785,41.4921000000001]},"properties":{"F_Monitoring_Location_Identifier":"EPA_GLNPO-CLV","Location_Name":"Cleveland (IADN CLV)","State":" OH","EPA_Region":"05","Organization":"EPA Great Lakes National Program","Environmental_Media_Name":"Air","Activity_Media_Subdivision_Name":"Air moisture","Project_Name":"IADN-US 2021","PFAS_Chemical_Name":"Perfluorononanoic acid","CAS_Number":"375-95-1","Result_Measure_Value__ppt_":0.22280432983731,"Result_Measure_Value":222.804329837311,"Result_Unit_of_Measure":"pg/L"}},{"type":"Feature","geometry":{"type":"Point","coordinates":[-81.6785,41.4921000000001]},"properties":{"F_Monitoring_Location_Identifier":"EPA_GLNPO-CLV","Location_Name":"Cleveland (IADN CLV)","State":" OH","EPA_Region":"05","Organization":"EPA Great Lakes National Program","Environmental_Media_Name":"Air","Activity_Media_Subdivision_Name":"Air moisture","Project_Name":"IADN-US 2021","PFAS_Chemical_Name":"Perfluorovaleric acid","CAS_Number":"2706-90-3","Result_Measure_Value__ppt_":0.51468888891748,"Result_Measure_Value":514.688888917483,"Result_Unit_of_Measure":"pg/L"}},{"type":"Feature","geometry":{"type":"Point","coordinates":[-81.6785,41.4921000000001]},"properties":{"F_Monitoring_Location_Identifier":"EPA_GLNPO-CLV","Location_Name":"Cleveland (IADN CLV)","State":" OH","EPA_Region":"05","Organization":"EPA Great Lakes National Program","Environmental_Media_Name":"Air","Activity_Media_Subdivision_Name":"Air moisture","Project_Name":"IADN-US 2021","PFAS_Chemical_Name":"Perfluorononanoic acid","CAS_Number":"375-95-1","Result_Measure_Value__ppt_":0.19304189968286,"Result_Measure_Value":193.041899682859,"Result_Unit_of_Measure":"pg/L"}},{"type":"Feature","geometry":{"type":"Point","coordinates":[-81.6785,41.4921000000001]},"properties":{"F_Monitoring_Location_Identifier":"EPA_GLNPO-CLV","Location_Name":"Cleveland (IADN CLV)","State":" OH","EPA_Region":"05","Organization":"EPA Great Lakes National Program","Environmental_Media_Name":"Air","Activity_Media_Subdivision_Name":"Air moisture","Project_Name":"IADN-US 2021","PFAS_Chemical_Name":"Heptafluorobutyric acid***retired***use Perfluorobutanoic acid","Result_Measure_Value__ppt_":2.1993006992332,"Result_Measure_Value":2199.30069923324,"Result_Unit_of_Measure":"pg/L"}},{"type":"Feature","geometry":{"type":"Point","coordinates":[-81.6785,41.4921000000001]},"properties":{"F_Monitoring_Location_Identifier":"EPA_GLNPO-CLV","Location_Name":"Cleveland (IADN CLV)","State":" OH","EPA_Region":"05","Organization":"EPA Great Lakes National Program","Environmental_Media_Name":"Air","Activity_Media_Subdivision_Name":"Air moisture","Project_Name":"IADN-US 2021","PFAS_Chemical_Name":"Perfluorononanoic acid","CAS_Number":"375-95-1","Result_Measure_Value__ppt_":0.223841473701,"Result_Measure_Value":223.841473701001,"Result_Unit_of_Measure":"pg/L"}},{"type":"Feature","geometry":{"type":"Point","coordinates":[-81.6785,41.4921000000001]},"properties":{"F_Monitoring_Location_Identifier":"EPA_GLNPO-CLV","Location_Name":"Cleveland (IADN CLV)","State":" OH","EPA_Region":"05","Organization":"EPA Great Lakes National Program","Environmental_Media_Name":"Air","Activity_Media_Subdivision_Name":"Air moisture","Project_Name":"IADN-US 2021","PFAS_Chemical_Name":"Perfluorooctanoic acid","CAS_Number":"335-67-1","Result_Measure_Value__ppt_":0.26020787561799,"Result_Measure_Value":260.207875617992,"Result_Unit_of_Measure":"pg/L"}},{"type":"Feature","geometry":{"type":"Point","coordinates":[-81.6785,41.4921000000001]},"properties":{"F_Monitoring_Location_Identifier":"EPA_GLNPO-CLV","Location_Name":"Cleveland (IADN CLV)","State":" OH","EPA_Region":"05","Organization":"EPA Great Lakes National Program","Environmental_Media_Name":"Air","Activity_Media_Subdivision_Name":"Air moisture","Project_Name":"IADN-US 2021","PFAS_Chemical_Name":"Perfluoro[1,2-13C2]undecanoic acid","CAS_Number":"960315-51-9","Result_Measure_Value":82.755,"Result_Unit_of_Measure":"%"}},{"type":"Feature","geometry":{"type":"Point","coordinates":[-81.6785,41.4921000000001]},"properties":{"F_Monitoring_Location_Identifier":"EPA_GLNPO-CLV","Location_Name":"Cleveland (IADN CLV)","State":" OH","EPA_Region":"05","Organization":"EPA Great Lakes National Program","Environmental_Media_Name":"Air","Activity_Media_Subdivision_Name":"Air moisture","Project_Name":"IADN-US 2021","PFAS_Chemical_Name":"Heptafluorobutyric acid***retired***use Perfluorobutanoic acid","Result_Measure_Value__ppt_":7.2980952380952,"Result_Measure_Value":7298.09523809524,"Result_Unit_of_Measure":"pg/L"}},{"type":"Feature","geometry":{"type":"Point","coordinates":[-81.6785,41.4921000000001]},"properties":{"F_Monitoring_Location_Identifier":"EPA_GLNPO-CLV","Location_Name":"Cleveland (IADN CLV)","State":" OH","EPA_Region":"05","Organization":"EPA Great Lakes National Program","Environmental_Media_Name":"Air","Activity_Media_Subdivision_Name":"Air moisture","Project_Name":"IADN-US 2021","PFAS_Chemical_Name":"Perfluoroheptanoic acid","CAS_Number":"375-85-9","Result_Measure_Value__ppt_":0.42223653538148,"Result_Measure_Value":422.23653538148,"Result_Unit_of_Measure":"pg/L"}},{"type":"Feature","geometry":{"type":"Point","coordinates":[-81.6785,41.4921000000001]},"properties":{"F_Monitoring_Location_Identifier":"EPA_GLNPO-CLV","Location_Name":"Cleveland (IADN CLV)","State":" OH","EPA_Region":"05","Organization":"EPA Great Lakes National Program","Environmental_Media_Name":"Air","Activity_Media_Subdivision_Name":"Air moisture","Project_Name":"IADN-US 2021","PFAS_Chemical_Name":"Perfluoro[1,2-13C2]undecanoic acid","CAS_Number":"960315-51-9","Result_Measure_Value":118.96,"Result_Unit_of_Measure":"%"}},{"type":"Feature","geometry":{"type":"Point","coordinates":[-81.6785,41.4921000000001]},"properties":{"F_Monitoring_Location_Identifier":"EPA_GLNPO-CLV","Location_Name":"Cleveland (IADN CLV)","State":" OH","EPA_Region":"05","Organization":"EPA Great Lakes National Program","Environmental_Media_Name":"Air","Activity_Media_Subdivision_Name":"Air moisture","Project_Name":"IADN-US 2021","PFAS_Chemical_Name":"Heptafluorobutyric acid***retired***use Perfluorobutanoic acid","Result_Measure_Value__ppt_":1.4600133779264,"Result_Measure_Value":1460.01337792642,"Result_Unit_of_Measure":"pg/L"}},{"type":"Feature","geometry":{"type":"Point","coordinates":[-81.6785,41.4921000000001]},"properties":{"F_Monitoring_Location_Identifier":"EPA_GLNPO-CLV","Location_Name":"Cleveland (IADN CLV)","State":" OH","EPA_Region":"05","Organization":"EPA Great Lakes National Program","Environmental_Media_Name":"Air","Activity_Media_Subdivision_Name":"Air moisture","Project_Name":"IADN-US 2021","PFAS_Chemical_Name":"Perfluorovaleric acid","CAS_Number":"2706-90-3","Result_Measure_Value__ppt_":0.70940335039618,"Result_Measure_Value":709.403350396183,"Result_Unit_of_Measure":"pg/L"}},{"type":"Feature","geometry":{"type":"Point","coordinates":[-81.6785,41.4921000000001]},"properties":{"F_Monitoring_Location_Identifier":"EPA_GLNPO-CLV","Location_Name":"Cleveland (IADN CLV)","State":" OH","EPA_Region":"05","Organization":"EPA Great Lakes National Program","Environmental_Media_Name":"Air","Activity_Media_Subdivision_Name":"Air moisture","Project_Name":"IADN-US 2021","PFAS_Chemical_Name":"6:2 Fluorotelomer sulfonate acid","Result_Measure_Value__ppt_":0.26107139634163,"Result_Measure_Value":261.071396341634,"Result_Unit_of_Measure":"pg/L"}},{"type":"Feature","geometry":{"type":"Point","coordinates":[-81.6785,41.4921000000001]},"properties":{"F_Monitoring_Location_Identifier":"EPA_GLNPO-CLV","Location_Name":"Cleveland (IADN CLV)","State":" OH","EPA_Region":"05","Organization":"EPA Great Lakes National Program","Environmental_Media_Name":"Air","Activity_Media_Subdivision_Name":"Air moisture","Project_Name":"IADN-US 2021","PFAS_Chemical_Name":"Heptafluorobutyric acid***retired***use Perfluorobutanoic acid","Result_Measure_Value__ppt_":4.7547980892421,"Result_Measure_Value":4754.79808924208,"Result_Unit_of_Measure":"pg/L"}},{"type":"Feature","geometry":{"type":"Point","coordinates":[-81.6785,41.4921000000001]},"properties":{"F_Monitoring_Location_Identifier":"EPA_GLNPO-CLV","Location_Name":"Cleveland (IADN CLV)","State":" OH","EPA_Region":"05","Organization":"EPA Great Lakes National Program","Environmental_Media_Name":"Air","Activity_Media_Subdivision_Name":"Air moisture","Project_Name":"IADN-US 2021","PFAS_Chemical_Name":"Perfluorodecanoic acid","CAS_Number":"335-76-2","Result_Measure_Value__ppt_":0.051266728122579,"Result_Measure_Value":51.2667281225787,"Result_Unit_of_Measure":"pg/L"}},{"type":"Feature","geometry":{"type":"Point","coordinates":[-81.6785,41.4921000000001]},"properties":{"F_Monitoring_Location_Identifier":"EPA_GLNPO-CLV","Location_Name":"Cleveland (IADN CLV)","State":" OH","EPA_Region":"05","Organization":"EPA Great Lakes National Program","Environmental_Media_Name":"Air","Activity_Media_Subdivision_Name":"Air moisture","Project_Name":"IADN-US 2021","PFAS_Chemical_Name":"Sodium perfluoro-1-hexane[18O2]sulfonate","Result_Measure_Value":94.44,"Result_Unit_of_Measure":"%"}},{"type":"Feature","geometry":{"type":"Point","coordinates":[-81.6785,41.4921000000001]},"properties":{"F_Monitoring_Location_Identifier":"EPA_GLNPO-CLV","Location_Name":"Cleveland (IADN CLV)","State":" OH","EPA_Region":"05","Organization":"EPA Great Lakes National Program","Environmental_Media_Name":"Air","Activity_Media_Subdivision_Name":"Air moisture","Project_Name":"IADN-US 2021","PFAS_Chemical_Name":"Heptafluorobutyric acid***retired***use Perfluorobutanoic acid","Result_Measure_Value__ppt_":1.041606841859,"Result_Measure_Value":1041.60684185902,"Result_Unit_of_Measure":"pg/L"}},{"type":"Feature","geometry":{"type":"Point","coordinates":[-81.6785,41.4921000000001]},"properties":{"F_Monitoring_Location_Identifier":"EPA_GLNPO-CLV","Location_Name":"Cleveland (IADN CLV)","State":" OH","EPA_Region":"05","Organization":"EPA Great Lakes National Program","Environmental_Media_Name":"Air","Activity_Media_Subdivision_Name":"Air moisture","Project_Name":"IADN-US 2021","PFAS_Chemical_Name":"Perfluoroundecanoate","CAS_Number":"196859-54-8","Result_Measure_Value__ppt_":0.08135566502976,"Result_Measure_Value":81.3556650297604,"Result_Unit_of_Measure":"pg/L"}},{"type":"Feature","geometry":{"type":"Point","coordinates":[-81.6785,41.4921000000001]},"properties":{"F_Monitoring_Location_Identifier":"EPA_GLNPO-CLV","Location_Name":"Cleveland (IADN CLV)","State":" OH","EPA_Region":"05","Organization":"EPA Great Lakes National Program","Environmental_Media_Name":"Air","Activity_Media_Subdivision_Name":"Air moisture","Project_Name":"IADN-US 2021","PFAS_Chemical_Name":"Perfluoro[1,2-13C2]tetradecanoic acid","Result_Measure_Value":55.51,"Result_Unit_of_Measure":"%"}},{"type":"Feature","geometry":{"type":"Point","coordinates":[-81.6785,41.4921000000001]},"properties":{"F_Monitoring_Location_Identifier":"EPA_GLNPO-CLV","Location_Name":"Cleveland (IADN CLV)","State":" OH","EPA_Region":"05","Organization":"EPA Great Lakes National Program","Environmental_Media_Name":"Air","Activity_Media_Subdivision_Name":"Air moisture","Project_Name":"IADN-US 2021","PFAS_Chemical_Name":"Perfluoro[1,2-13C2]tetradecanoic acid","Result_Measure_Value":52.205,"Result_Unit_of_Measure":"%"}},{"type":"Feature","geometry":{"type":"Point","coordinates":[-81.6785,41.4921000000001]},"properties":{"F_Monitoring_Location_Identifier":"EPA_GLNPO-CLV","Location_Name":"Cleveland (IADN CLV)","State":" OH","EPA_Region":"05","Organization":"EPA Great Lakes National Program","Environmental_Media_Name":"Air","Activity_Media_Subdivision_Name":"Air moisture","Project_Name":"IADN-US 2021","PFAS_Chemical_Name":"Sodium perfluoro-1-hexane[18O2]sulfonate","Result_Measure_Value":90.26,"Result_Unit_of_Measure":"%"}},{"type":"Feature","geometry":{"type":"Point","coordinates":[-81.6785,41.4921000000001]},"properties":{"F_Monitoring_Location_Identifier":"EPA_GLNPO-CLV","Location_Name":"Cleveland (IADN CLV)","State":" OH","EPA_Region":"05","Organization":"EPA Great Lakes National Program","Environmental_Media_Name":"Air","Activity_Media_Subdivision_Name":"Air moisture","Project_Name":"IADN-US 2021","PFAS_Chemical_Name":"Sodium perfluoro-1-hexane[18O2]sulfonate","Result_Measure_Value":74.485,"Result_Unit_of_Measure":"%"}},{"type":"Feature","geometry":{"type":"Point","coordinates":[-81.6785,41.4921000000001]},"properties":{"F_Monitoring_Location_Identifier":"EPA_GLNPO-CLV","Location_Name":"Cleveland (IADN CLV)","State":" OH","EPA_Region":"05","Organization":"EPA Great Lakes National Program","Environmental_Media_Name":"Air","Activity_Media_Subdivision_Name":"Air moisture","Project_Name":"IADN-US 2021","PFAS_Chemical_Name":"Perfluoro[1,2-13C2]hexanoic acid","Result_Measure_Value":68.795,"Result_Unit_of_Measure":"%"}},{"type":"Feature","geometry":{"type":"Point","coordinates":[-81.6785,41.4921000000001]},"properties":{"F_Monitoring_Location_Identifier":"EPA_GLNPO-CLV","Location_Name":"Cleveland (IADN CLV)","State":" OH","EPA_Region":"05","Organization":"EPA Great Lakes National Program","Environmental_Media_Name":"Air","Activity_Media_Subdivision_Name":"Air moisture","Project_Name":"IADN-US 2021","PFAS_Chemical_Name":"Perfluoroheptanoic acid","CAS_Number":"375-85-9","Result_Measure_Value__ppt_":0.31657651159995,"Result_Measure_Value":316.576511599952,"Result_Unit_of_Measure":"pg/L"}},{"type":"Feature","geometry":{"type":"Point","coordinates":[-81.6785,41.4921000000001]},"properties":{"F_Monitoring_Location_Identifier":"EPA_GLNPO-CLV","Location_Name":"Cleveland (IADN CLV)","State":" OH","EPA_Region":"05","Organization":"EPA Great Lakes National Program","Environmental_Media_Name":"Air","Activity_Media_Subdivision_Name":"Air moisture","Project_Name":"IADN-US 2021","PFAS_Chemical_Name":"Perfluoro[1,2-13C2]tetradecanoic acid","Result_Measure_Value":55.985,"Result_Unit_of_Measure":"%"}},{"type":"Feature","geometry":{"type":"Point","coordinates":[-81.6785,41.4921000000001]},"properties":{"F_Monitoring_Location_Identifier":"EPA_GLNPO-CLV","Location_Name":"Cleveland (IADN CLV)","State":" OH","EPA_Region":"05","Organization":"EPA Great Lakes National Program","Environmental_Media_Name":"Air","Activity_Media_Subdivision_Name":"Air moisture","Project_Name":"IADN-US 2021","PFAS_Chemical_Name":"Perfluorononanoic acid","CAS_Number":"375-95-1","Result_Measure_Value__ppt_":0.19386009853439,"Result_Measure_Value":193.860098534391,"Result_Unit_of_Measure":"pg/L"}},{"type":"Feature","geometry":{"type":"Point","coordinates":[-81.6785,41.4921000000001]},"properties":{"F_Monitoring_Location_Identifier":"EPA_GLNPO-CLV","Location_Name":"Cleveland (IADN CLV)","State":" OH","EPA_Region":"05","Organization":"EPA Great Lakes National Program","Environmental_Media_Name":"Air","Activity_Media_Subdivision_Name":"Air moisture","Project_Name":"IADN-US 2021","PFAS_Chemical_Name":"Sodium perfluoro-1-hexane[18O2]sulfonate","Result_Measure_Value":79.6,"Result_Unit_of_Measure":"%"}},{"type":"Feature","geometry":{"type":"Point","coordinates":[-81.6785,41.4921000000001]},"properties":{"F_Monitoring_Location_Identifier":"EPA_GLNPO-CLV","Location_Name":"Cleveland (IADN CLV)","State":" OH","EPA_Region":"05","Organization":"EPA Great Lakes National Program","Environmental_Media_Name":"Air","Activity_Media_Subdivision_Name":"Air moisture","Project_Name":"IADN-US 2021","PFAS_Chemical_Name":"Perfluorovaleric acid","CAS_Number":"2706-90-3","Result_Measure_Value__ppt_":0.52458549774953,"Result_Measure_Value":524.585497749527,"Result_Unit_of_Measure":"pg/L"}},{"type":"Feature","geometry":{"type":"Point","coordinates":[-81.6785,41.4921000000001]},"properties":{"F_Monitoring_Location_Identifier":"EPA_GLNPO-CLV","Location_Name":"Cleveland (IADN CLV)","State":" OH","EPA_Region":"05","Organization":"EPA Great Lakes National Program","Environmental_Media_Name":"Air","Activity_Media_Subdivision_Name":"Air moisture","Project_Name":"IADN-US 2021","PFAS_Chemical_Name":"Perfluorooctanoic acid","CAS_Number":"335-67-1","Result_Measure_Value__ppt_":0.67799145299145,"Result_Measure_Value":677.991452991453,"Result_Unit_of_Measure":"pg/L"}},{"type":"Feature","geometry":{"type":"Point","coordinates":[-81.6785,41.4921000000001]},"properties":{"F_Monitoring_Location_Identifier":"EPA_GLNPO-CLV","Location_Name":"Cleveland (IADN CLV)","State":" OH","EPA_Region":"05","Organization":"EPA Great Lakes National Program","Environmental_Media_Name":"Air","Activity_Media_Subdivision_Name":"Air moisture","Project_Name":"IADN-US 2021","PFAS_Chemical_Name":"Perfluorononanoic acid","CAS_Number":"375-95-1","Result_Measure_Value__ppt_":0.20568037854931,"Result_Measure_Value":205.680378549309,"Result_Unit_of_Measure":"pg/L"}},{"type":"Feature","geometry":{"type":"Point","coordinates":[-81.6785,41.4921000000001]},"properties":{"F_Monitoring_Location_Identifier":"EPA_GLNPO-CLV","Location_Name":"Cleveland (IADN CLV)","State":" OH","EPA_Region":"05","Organization":"EPA Great Lakes National Program","Environmental_Media_Name":"Air","Activity_Media_Subdivision_Name":"Air moisture","Project_Name":"IADN-US 2021","PFAS_Chemical_Name":"Sodium perfluoro-1-hexane[18O2]sulfonate","Result_Measure_Value":79.555,"Result_Unit_of_Measure":"%"}},{"type":"Feature","geometry":{"type":"Point","coordinates":[-81.6785,41.4921000000001]},"properties":{"F_Monitoring_Location_Identifier":"EPA_GLNPO-CLV","Location_Name":"Cleveland (IADN CLV)","State":" OH","EPA_Region":"05","Organization":"EPA Great Lakes National Program","Environmental_Media_Name":"Air","Activity_Media_Subdivision_Name":"Air moisture","Project_Name":"IADN-US 2021","PFAS_Chemical_Name":"Perfluorovaleric acid","CAS_Number":"2706-90-3","Result_Measure_Value__ppt_":0.51723349756956,"Result_Measure_Value":517.23349756956,"Result_Unit_of_Measure":"pg/L"}},{"type":"Feature","geometry":{"type":"Point","coordinates":[-81.6785,41.4921000000001]},"properties":{"F_Monitoring_Location_Identifier":"EPA_GLNPO-CLV","Location_Name":"Cleveland (IADN CLV)","State":" OH","EPA_Region":"05","Organization":"EPA Great Lakes National Program","Environmental_Media_Name":"Air","Activity_Media_Subdivision_Name":"Air moisture","Project_Name":"IADN-US 2021","PFAS_Chemical_Name":"Perfluoro[1,2-13C2]hexanoic acid","Result_Measure_Value":58.12,"Result_Unit_of_Measure":"%"}},{"type":"Feature","geometry":{"type":"Point","coordinates":[-81.6785,41.4921000000001]},"properties":{"F_Monitoring_Location_Identifier":"EPA_GLNPO-CLV","Location_Name":"Cleveland (IADN CLV)","State":" OH","EPA_Region":"05","Organization":"EPA Great Lakes National Program","Environmental_Media_Name":"Air","Activity_Media_Subdivision_Name":"Air moisture","Project_Name":"IADN-US 2021","PFAS_Chemical_Name":"Fluorotelomer sulfonate 8:2","CAS_Number":"39108-34-4","Result_Measure_Value__ppt_":0.66190476190476,"Result_Measure_Value":661.904761904762,"Result_Unit_of_Measure":"pg/L"}},{"type":"Feature","geometry":{"type":"Point","coordinates":[-81.6785,41.4921000000001]},"properties":{"F_Monitoring_Location_Identifier":"EPA_GLNPO-CLV","Location_Name":"Cleveland (IADN CLV)","State":" OH","EPA_Region":"05","Organization":"EPA Great Lakes National Program","Environmental_Media_Name":"Air","Activity_Media_Subdivision_Name":"Air moisture","Project_Name":"IADN-US 2021","PFAS_Chemical_Name":"Heptafluorobutyric acid***retired***use Perfluorobutanoic acid","Result_Measure_Value__ppt_":1.6397095892118,"Result_Measure_Value":1639.70958921181,"Result_Unit_of_Measure":"pg/L"}},{"type":"Feature","geometry":{"type":"Point","coordinates":[-81.6785,41.4921000000001]},"properties":{"F_Monitoring_Location_Identifier":"EPA_GLNPO-CLV","Location_Name":"Cleveland (IADN CLV)","State":" OH","EPA_Region":"05","Organization":"EPA Great Lakes National Program","Environmental_Media_Name":"Air","Activity_Media_Subdivision_Name":"Air moisture","Project_Name":"IADN-US 2021","PFAS_Chemical_Name":"Perfluoro[1,2-13C2]hexanoic acid","Result_Measure_Value":83.485,"Result_Unit_of_Measure":"%"}},{"type":"Feature","geometry":{"type":"Point","coordinates":[-81.6785,41.4921000000001]},"properties":{"F_Monitoring_Location_Identifier":"EPA_GLNPO-CLV","Location_Name":"Cleveland (IADN CLV)","State":" OH","EPA_Region":"05","Organization":"EPA Great Lakes National Program","Environmental_Media_Name":"Air","Activity_Media_Subdivision_Name":"Air moisture","Project_Name":"IADN-US 2021","PFAS_Chemical_Name":"Perfluoroundecanoate","CAS_Number":"196859-54-8","Result_Measure_Value__ppt_":0.053756493274539,"Result_Measure_Value":53.7564932745391,"Result_Unit_of_Measure":"pg/L"}},{"type":"Feature","geometry":{"type":"Point","coordinates":[-81.6785,41.4921000000001]},"properties":{"F_Monitoring_Location_Identifier":"EPA_GLNPO-CLV","Location_Name":"Cleveland (IADN CLV)","State":" OH","EPA_Region":"05","Organization":"EPA Great Lakes National Program","Environmental_Media_Name":"Air","Activity_Media_Subdivision_Name":"Air moisture","Project_Name":"IADN-US 2021","PFAS_Chemical_Name":"Heptafluorobutyric acid***retired***use Perfluorobutanoic acid","Result_Measure_Value__ppt_":1.5975460123189,"Result_Measure_Value":1597.54601231894,"Result_Unit_of_Measure":"pg/L"}},{"type":"Feature","geometry":{"type":"Point","coordinates":[-81.6785,41.4921000000001]},"properties":{"F_Monitoring_Location_Identifier":"EPA_GLNPO-CLV","Location_Name":"Cleveland (IADN CLV)","State":" OH","EPA_Region":"05","Organization":"EPA Great Lakes National Program","Environmental_Media_Name":"Air","Activity_Media_Subdivision_Name":"Air moisture","Project_Name":"IADN-US 2021","PFAS_Chemical_Name":"Perfluorohexanoic acid","CAS_Number":"307-24-4","Result_Measure_Value__ppt_":0.33173272610264,"Result_Measure_Value":331.732726102639,"Result_Unit_of_Measure":"pg/L"}},{"type":"Feature","geometry":{"type":"Point","coordinates":[-81.6785,41.4921000000001]},"properties":{"F_Monitoring_Location_Identifier":"EPA_GLNPO-CLV","Location_Name":"Cleveland (IADN CLV)","State":" OH","EPA_Region":"05","Organization":"EPA Great Lakes National Program","Environmental_Media_Name":"Air","Activity_Media_Subdivision_Name":"Air moisture","Project_Name":"IADN-US 2021","PFAS_Chemical_Name":"Perfluorooctanoic acid","CAS_Number":"335-67-1","Result_Measure_Value__ppt_":0.44407487687529,"Result_Measure_Value":444.074876875291,"Result_Unit_of_Measure":"pg/L"}},{"type":"Feature","geometry":{"type":"Point","coordinates":[-81.6785,41.4921000000001]},"properties":{"F_Monitoring_Location_Identifier":"EPA_GLNPO-CLV","Location_Name":"Cleveland (IADN CLV)","State":" OH","EPA_Region":"05","Organization":"EPA Great Lakes National Program","Environmental_Media_Name":"Air","Activity_Media_Subdivision_Name":"Air moisture","Project_Name":"IADN-US 2021","PFAS_Chemical_Name":"Perfluoro[1,2-13C2]tetradecanoic acid","Result_Measure_Value":89.62,"Result_Unit_of_Measure":"%"}},{"type":"Feature","geometry":{"type":"Point","coordinates":[-81.6785,41.4921000000001]},"properties":{"F_Monitoring_Location_Identifier":"EPA_GLNPO-CLV","Location_Name":"Cleveland (IADN CLV)","State":" OH","EPA_Region":"05","Organization":"EPA Great Lakes National Program","Environmental_Media_Name":"Air","Activity_Media_Subdivision_Name":"Air moisture","Project_Name":"IADN-US 2021","PFAS_Chemical_Name":"Sodium perfluoro-1-hexane[18O2]sulfonate","Result_Measure_Value":87.86,"Result_Unit_of_Measure":"%"}},{"type":"Feature","geometry":{"type":"Point","coordinates":[-81.6785,41.4921000000001]},"properties":{"F_Monitoring_Location_Identifier":"EPA_GLNPO-CLV","Location_Name":"Cleveland (IADN CLV)","State":" OH","EPA_Region":"05","Organization":"EPA Great Lakes National Program","Environmental_Media_Name":"Air","Activity_Media_Subdivision_Name":"Air moisture","Project_Name":"IADN-US 2021","PFAS_Chemical_Name":"Perfluorovaleric acid","CAS_Number":"2706-90-3","Result_Measure_Value__ppt_":0.84467532476308,"Result_Measure_Value":844.675324763083,"Result_Unit_of_Measure":"pg/L"}},{"type":"Feature","geometry":{"type":"Point","coordinates":[-81.6785,41.4921000000001]},"properties":{"F_Monitoring_Location_Identifier":"EPA_GLNPO-CLV","Location_Name":"Cleveland (IADN CLV)","State":" OH","EPA_Region":"05","Organization":"EPA Great Lakes National Program","Environmental_Media_Name":"Air","Activity_Media_Subdivision_Name":"Air moisture","Project_Name":"IADN-US 2021","PFAS_Chemical_Name":"6:2 Fluorotelomer sulfonate acid","Result_Measure_Value__ppt_":0.60097534043059,"Result_Measure_Value":600.975340430592,"Result_Unit_of_Measure":"pg/L"}},{"type":"Feature","geometry":{"type":"Point","coordinates":[-81.6785,41.4921000000001]},"properties":{"F_Monitoring_Location_Identifier":"EPA_GLNPO-CLV","Location_Name":"Cleveland (IADN CLV)","State":" OH","EPA_Region":"05","Organization":"EPA Great Lakes National Program","Environmental_Media_Name":"Air","Activity_Media_Subdivision_Name":"Air moisture","Project_Name":"IADN-US 2021","PFAS_Chemical_Name":"Perfluorooctanoic acid","CAS_Number":"335-67-1","Result_Measure_Value__ppt_":0.8011289621884,"Result_Measure_Value":801.128962188401,"Result_Unit_of_Measure":"pg/L"}},{"type":"Feature","geometry":{"type":"Point","coordinates":[-81.6785,41.4921000000001]},"properties":{"F_Monitoring_Location_Identifier":"EPA_GLNPO-CLV","Location_Name":"Cleveland (IADN CLV)","State":" OH","EPA_Region":"05","Organization":"EPA Great Lakes National Program","Environmental_Media_Name":"Air","Activity_Media_Subdivision_Name":"Air moisture","Project_Name":"IADN-US 2021","PFAS_Chemical_Name":"Perfluoro[1,2-13C2]undecanoic acid","CAS_Number":"960315-51-9","Result_Measure_Value":84.305,"Result_Unit_of_Measure":"%"}},{"type":"Feature","geometry":{"type":"Point","coordinates":[-81.6785,41.4921000000001]},"properties":{"F_Monitoring_Location_Identifier":"EPA_GLNPO-CLV","Location_Name":"Cleveland (IADN CLV)","State":" OH","EPA_Region":"05","Organization":"EPA Great Lakes National Program","Environmental_Media_Name":"Air","Activity_Media_Subdivision_Name":"Air moisture","Project_Name":"IADN-US 2021","PFAS_Chemical_Name":"Perfluorohexanoic acid","CAS_Number":"307-24-4","Result_Measure_Value__ppt_":0.59662046346852,"Result_Measure_Value":596.620463468519,"Result_Unit_of_Measure":"pg/L"}},{"type":"Feature","geometry":{"type":"Point","coordinates":[-81.6785,41.4921000000001]},"properties":{"F_Monitoring_Location_Identifier":"EPA_GLNPO-CLV","Location_Name":"Cleveland (IADN CLV)","State":" OH","EPA_Region":"05","Organization":"EPA Great Lakes National Program","Environmental_Media_Name":"Air","Activity_Media_Subdivision_Name":"Air moisture","Project_Name":"IADN-US 2021","PFAS_Chemical_Name":"Perfluorodecanoic acid","CAS_Number":"335-76-2","Result_Measure_Value__ppt_":0.57571428571429,"Result_Measure_Value":575.714285714286,"Result_Unit_of_Measure":"pg/L"}},{"type":"Feature","geometry":{"type":"Point","coordinates":[-81.6785,41.4921000000001]},"properties":{"F_Monitoring_Location_Identifier":"EPA_GLNPO-CLV","Location_Name":"Cleveland (IADN CLV)","State":" OH","EPA_Region":"05","Organization":"EPA Great Lakes National Program","Environmental_Media_Name":"Air","Activity_Media_Subdivision_Name":"Air moisture","Project_Name":"IADN-US 2021","PFAS_Chemical_Name":"Perfluorobutylsulfonamide","CAS_Number":"30334-69-1","Result_Measure_Value__ppt_":0.13229846204737,"Result_Measure_Value":132.298462047371,"Result_Unit_of_Measure":"pg/L"}},{"type":"Feature","geometry":{"type":"Point","coordinates":[-81.6785,41.4921000000001]},"properties":{"F_Monitoring_Location_Identifier":"EPA_GLNPO-CLV","Location_Name":"Cleveland (IADN CLV)","State":" OH","EPA_Region":"05","Organization":"EPA Great Lakes National Program","Environmental_Media_Name":"Air","Activity_Media_Subdivision_Name":"Air moisture","Project_Name":"IADN-US 2021","PFAS_Chemical_Name":"Perfluoro[1,2-13C2]hexanoic acid","Result_Measure_Value":84.44,"Result_Unit_of_Measure":"%"}},{"type":"Feature","geometry":{"type":"Point","coordinates":[-81.6785,41.4921000000001]},"properties":{"F_Monitoring_Location_Identifier":"EPA_GLNPO-CLV","Location_Name":"Cleveland (IADN CLV)","State":" OH","EPA_Region":"05","Organization":"EPA Great Lakes National Program","Environmental_Media_Name":"Air","Activity_Media_Subdivision_Name":"Air moisture","Project_Name":"IADN-US 2021","PFAS_Chemical_Name":"Perfluorooctane sulfonic acid","CAS_Number":"1763-23-1","Result_Measure_Value__ppt_":0.33073068034899,"Result_Measure_Value":330.730680348992,"Result_Unit_of_Measure":"pg/L"}},{"type":"Feature","geometry":{"type":"Point","coordinates":[-81.6785,41.4921000000001]},"properties":{"F_Monitoring_Location_Identifier":"EPA_GLNPO-CLV","Location_Name":"Cleveland (IADN CLV)","State":" OH","EPA_Region":"05","Organization":"EPA Great Lakes National Program","Environmental_Media_Name":"Air","Activity_Media_Subdivision_Name":"Air moisture","Project_Name":"IADN-US 2021","PFAS_Chemical_Name":"Perfluorovaleric acid","CAS_Number":"2706-90-3","Result_Measure_Value__ppt_":0.62656441719713,"Result_Measure_Value":626.564417197134,"Result_Unit_of_Measure":"pg/L"}},{"type":"Feature","geometry":{"type":"Point","coordinates":[-81.6785,41.4921000000001]},"properties":{"F_Monitoring_Location_Identifier":"EPA_GLNPO-CLV","Location_Name":"Cleveland (IADN CLV)","State":" OH","EPA_Region":"05","Organization":"EPA Great Lakes National Program","Environmental_Media_Name":"Air","Activity_Media_Subdivision_Name":"Air moisture","Project_Name":"IADN-US 2021","PFAS_Chemical_Name":"Heptafluorobutyric acid***retired***use Perfluorobutanoic acid","Result_Measure_Value__ppt_":1.5998581281797,"Result_Measure_Value":1599.8581281797,"Result_Unit_of_Measure":"pg/L"}},{"type":"Feature","geometry":{"type":"Point","coordinates":[-81.6785,41.4921000000001]},"properties":{"F_Monitoring_Location_Identifier":"EPA_GLNPO-CLV","Location_Name":"Cleveland (IADN CLV)","State":" OH","EPA_Region":"05","Organization":"EPA Great Lakes National Program","Environmental_Media_Name":"Air","Activity_Media_Subdivision_Name":"Air moisture","Project_Name":"IADN-US 2021","PFAS_Chemical_Name":"6:2 Fluorotelomer sulfonate acid","Result_Measure_Value__ppt_":0.15842375077786,"Result_Measure_Value":158.423750777862,"Result_Unit_of_Measure":"pg/L"}},{"type":"Feature","geometry":{"type":"Point","coordinates":[-81.6785,41.4921000000001]},"properties":{"F_Monitoring_Location_Identifier":"EPA_GLNPO-CLV","Location_Name":"Cleveland (IADN CLV)","State":" OH","EPA_Region":"05","Organization":"EPA Great Lakes National Program","Environmental_Media_Name":"Air","Activity_Media_Subdivision_Name":"Air moisture","Project_Name":"IADN-US 2021","PFAS_Chemical_Name":"Perfluoro[1,2-13C2]hexanoic acid","Result_Measure_Value":90.04,"Result_Unit_of_Measure":"%"}},{"type":"Feature","geometry":{"type":"Point","coordinates":[-81.6785,41.4921000000001]},"properties":{"F_Monitoring_Location_Identifier":"EPA_GLNPO-CLV","Location_Name":"Cleveland (IADN CLV)","State":" OH","EPA_Region":"05","Organization":"EPA Great Lakes National Program","Environmental_Media_Name":"Air","Activity_Media_Subdivision_Name":"Air moisture","Project_Name":"IADN-US 2021","PFAS_Chemical_Name":"Perfluoro[1,2-13C2]tetradecanoic acid","Result_Measure_Value":97.26,"Result_Unit_of_Measure":"%"}},{"type":"Feature","geometry":{"type":"Point","coordinates":[-81.6785,41.4921000000001]},"properties":{"F_Monitoring_Location_Identifier":"EPA_GLNPO-CLV","Location_Name":"Cleveland (IADN CLV)","State":" OH","EPA_Region":"05","Organization":"EPA Great Lakes National Program","Environmental_Media_Name":"Air","Activity_Media_Subdivision_Name":"Air moisture","Project_Name":"IADN-US 2021","PFAS_Chemical_Name":"Perfluorobutylsulfonamide","CAS_Number":"30334-69-1","Result_Measure_Value__ppt_":0.11559081620387,"Result_Measure_Value":115.590816203871,"Result_Unit_of_Measure":"pg/L"}},{"type":"Feature","geometry":{"type":"Point","coordinates":[-81.6785,41.4921000000001]},"properties":{"F_Monitoring_Location_Identifier":"EPA_GLNPO-CLV","Location_Name":"Cleveland (IADN CLV)","State":" OH","EPA_Region":"05","Organization":"EPA Great Lakes National Program","Environmental_Media_Name":"Air","Activity_Media_Subdivision_Name":"Air moisture","Project_Name":"IADN-US 2021","PFAS_Chemical_Name":"Perfluoro[1,2-13C2]undecanoic acid","CAS_Number":"960315-51-9","Result_Measure_Value":96.2,"Result_Unit_of_Measure":"%"}},{"type":"Feature","geometry":{"type":"Point","coordinates":[-81.6785,41.4921000000001]},"properties":{"F_Monitoring_Location_Identifier":"EPA_GLNPO-CLV","Location_Name":"Cleveland (IADN CLV)","State":" OH","EPA_Region":"05","Organization":"EPA Great Lakes National Program","Environmental_Media_Name":"Air","Activity_Media_Subdivision_Name":"Air moisture","Project_Name":"IADN-US 2021","PFAS_Chemical_Name":"Perfluorohexanoic acid","CAS_Number":"307-24-4","Result_Measure_Value__ppt_":0.44828438135049,"Result_Measure_Value":448.284381350488,"Result_Unit_of_Measure":"pg/L"}},{"type":"Feature","geometry":{"type":"Point","coordinates":[-81.6785,41.4921000000001]},"properties":{"F_Monitoring_Location_Identifier":"EPA_GLNPO-CLV","Location_Name":"Cleveland (IADN CLV)","State":" OH","EPA_Region":"05","Organization":"EPA Great Lakes National Program","Environmental_Media_Name":"Air","Activity_Media_Subdivision_Name":"Air moisture","Project_Name":"IADN-US 2021","PFAS_Chemical_Name":"Perfluoro[1,2-13C2]tetradecanoic acid","Result_Measure_Value":54.755,"Result_Unit_of_Measure":"%"}},{"type":"Feature","geometry":{"type":"Point","coordinates":[-81.6785,41.4921000000001]},"properties":{"F_Monitoring_Location_Identifier":"EPA_GLNPO-CLV","Location_Name":"Cleveland (IADN CLV)","State":" OH","EPA_Region":"05","Organization":"EPA Great Lakes National Program","Environmental_Media_Name":"Air","Activity_Media_Subdivision_Name":"Air moisture","Project_Name":"IADN-US 2021","PFAS_Chemical_Name":"Heptafluorobutyric acid***retired***use Perfluorobutanoic acid","Result_Measure_Value__ppt_":1.6084817755396,"Result_Measure_Value":1608.4817755396,"Result_Unit_of_Measure":"pg/L"}},{"type":"Feature","geometry":{"type":"Point","coordinates":[-81.6785,41.4921000000001]},"properties":{"F_Monitoring_Location_Identifier":"EPA_GLNPO-CLV","Location_Name":"Cleveland (IADN CLV)","State":" OH","EPA_Region":"05","Organization":"EPA Great Lakes National Program","Environmental_Media_Name":"Air","Activity_Media_Subdivision_Name":"Air moisture","Project_Name":"IADN-US 2021","PFAS_Chemical_Name":"Perfluorooctanoic acid","CAS_Number":"335-67-1","Result_Measure_Value__ppt_":0.23368193292463,"Result_Measure_Value":233.68193292463,"Result_Unit_of_Measure":"pg/L"}},{"type":"Feature","geometry":{"type":"Point","coordinates":[-81.6785,41.4921000000001]},"properties":{"F_Monitoring_Location_Identifier":"EPA_GLNPO-CLV","Location_Name":"Cleveland (IADN CLV)","State":" OH","EPA_Region":"05","Organization":"EPA Great Lakes National Program","Environmental_Media_Name":"Air","Activity_Media_Subdivision_Name":"Air moisture","Project_Name":"IADN-US 2021","PFAS_Chemical_Name":"Perfluorooctanoic acid","CAS_Number":"335-67-1","Result_Measure_Value__ppt_":0.59767307543653,"Result_Measure_Value":597.67307543653,"Result_Unit_of_Measure":"pg/L"}},{"type":"Feature","geometry":{"type":"Point","coordinates":[-81.6785,41.4921000000001]},"properties":{"F_Monitoring_Location_Identifier":"EPA_GLNPO-CLV","Location_Name":"Cleveland (IADN CLV)","State":" OH","EPA_Region":"05","Organization":"EPA Great Lakes National Program","Environmental_Media_Name":"Air","Activity_Media_Subdivision_Name":"Air moisture","Project_Name":"IADN-US 2021","PFAS_Chemical_Name":"6:2 Fluorotelomer sulfonate acid","Result_Measure_Value__ppt_":0.81956367829321,"Result_Measure_Value":819.563678293205,"Result_Unit_of_Measure":"pg/L"}},{"type":"Feature","geometry":{"type":"Point","coordinates":[-81.6785,41.4921000000001]},"properties":{"F_Monitoring_Location_Identifier":"EPA_GLNPO-CLV","Location_Name":"Cleveland (IADN CLV)","State":" OH","EPA_Region":"05","Organization":"EPA Great Lakes National Program","Environmental_Media_Name":"Air","Activity_Media_Subdivision_Name":"Air moisture","Project_Name":"IADN-US 2021","PFAS_Chemical_Name":"Perfluorodecanoic acid","CAS_Number":"335-76-2","Result_Measure_Value__ppt_":0.094949747173748,"Result_Measure_Value":94.9497471737476,"Result_Unit_of_Measure":"pg/L"}},{"type":"Feature","geometry":{"type":"Point","coordinates":[-81.6785,41.4921000000001]},"properties":{"F_Monitoring_Location_Identifier":"EPA_GLNPO-CLV","Location_Name":"Cleveland (IADN CLV)","State":" OH","EPA_Region":"05","Organization":"EPA Great Lakes National Program","Environmental_Media_Name":"Air","Activity_Media_Subdivision_Name":"Air moisture","Project_Name":"IADN-US 2021","PFAS_Chemical_Name":"Perfluoroheptanoic acid","CAS_Number":"375-85-9","Result_Measure_Value__ppt_":0.54198990238581,"Result_Measure_Value":541.989902385809,"Result_Unit_of_Measure":"pg/L"}},{"type":"Feature","geometry":{"type":"Point","coordinates":[-81.6785,41.4921000000001]},"properties":{"F_Monitoring_Location_Identifier":"EPA_GLNPO-CLV","Location_Name":"Cleveland (IADN CLV)","State":" OH","EPA_Region":"05","Organization":"EPA Great Lakes National Program","Environmental_Media_Name":"Air","Activity_Media_Subdivision_Name":"Air moisture","Project_Name":"IADN-US 2021","PFAS_Chemical_Name":"Perfluorohexanoic acid","CAS_Number":"307-24-4","Result_Measure_Value__ppt_":0.32798436994863,"Result_Measure_Value":327.98436994863,"Result_Unit_of_Measure":"pg/L"}},{"type":"Feature","geometry":{"type":"Point","coordinates":[-81.6785,41.4921000000001]},"properties":{"F_Monitoring_Location_Identifier":"EPA_GLNPO-CLV","Location_Name":"Cleveland (IADN CLV)","State":" OH","EPA_Region":"05","Organization":"EPA Great Lakes National Program","Environmental_Media_Name":"Air","Activity_Media_Subdivision_Name":"Air moisture","Project_Name":"IADN-US 2021","PFAS_Chemical_Name":"Perfluorodecanoic acid","CAS_Number":"335-76-2","Result_Measure_Value__ppt_":0.091366718823337,"Result_Measure_Value":91.3667188233371,"Result_Unit_of_Measure":"pg/L"}},{"type":"Feature","geometry":{"type":"Point","coordinates":[-81.6785,41.4921000000001]},"properties":{"F_Monitoring_Location_Identifier":"EPA_GLNPO-CLV","Location_Name":"Cleveland (IADN CLV)","State":" OH","EPA_Region":"05","Organization":"EPA Great Lakes National Program","Environmental_Media_Name":"Air","Activity_Media_Subdivision_Name":"Air moisture","Project_Name":"IADN-US 2021","PFAS_Chemical_Name":"Perfluoro[1,2-13C2]hexanoic acid","Result_Measure_Value":93.195,"Result_Unit_of_Measure":"%"}},{"type":"Feature","geometry":{"type":"Point","coordinates":[-81.6785,41.4921000000001]},"properties":{"F_Monitoring_Location_Identifier":"EPA_GLNPO-CLV","Location_Name":"Cleveland (IADN CLV)","State":" OH","EPA_Region":"05","Organization":"EPA Great Lakes National Program","Environmental_Media_Name":"Air","Activity_Media_Subdivision_Name":"Air moisture","Project_Name":"IADN-US 2021","PFAS_Chemical_Name":"Perfluorobutylsulfonamide","CAS_Number":"30334-69-1","Result_Measure_Value__ppt_":0.1729833660075,"Result_Measure_Value":172.983366007504,"Result_Unit_of_Measure":"pg/L"}},{"type":"Feature","geometry":{"type":"Point","coordinates":[-88.1497219999999,47.4630560000001]},"properties":{"F_Monitoring_Location_Identifier":"EPA_GLNPO-E","Location_Name":"Eagle Harbor (IADN EGH)","State":" MI","EPA_Region":"05","HUC":"04020103","Organization":"EPA Great Lakes National Program","Environmental_Media_Name":"Air","Activity_Media_Subdivision_Name":"Air moisture","Project_Name":"IADN-US 2021","PFAS_Chemical_Name":"Perfluorotridecanoic acid","CAS_Number":"72629-94-8","Result_Measure_Value__ppt_":0.15117857141305,"Result_Measure_Value":151.178571413049,"Result_Unit_of_Measure":"pg/L"}},{"type":"Feature","geometry":{"type":"Point","coordinates":[-88.1497219999999,47.4630560000001]},"properties":{"F_Monitoring_Location_Identifier":"EPA_GLNPO-E","Location_Name":"Eagle Harbor (IADN EGH)","State":" MI","EPA_Region":"05","HUC":"04020103","Organization":"EPA Great Lakes National Program","Environmental_Media_Name":"Air","Activity_Media_Subdivision_Name":"Air moisture","Project_Name":"IADN-US 2021","PFAS_Chemical_Name":"Perfluoro[1,2-13C2]hexanoic acid","Result_Measure_Value":87.975,"Result_Unit_of_Measure":"%"}},{"type":"Feature","geometry":{"type":"Point","coordinates":[-88.1497219999999,47.4630560000001]},"properties":{"F_Monitoring_Location_Identifier":"EPA_GLNPO-E","Location_Name":"Eagle Harbor (IADN EGH)","State":" MI","EPA_Region":"05","HUC":"04020103","Organization":"EPA Great Lakes National Program","Environmental_Media_Name":"Air","Activity_Media_Subdivision_Name":"Air moisture","Project_Name":"IADN-US 2021","PFAS_Chemical_Name":"Perfluorotetradecanoic acid","CAS_Number":"376-06-7","Result_Measure_Value__ppt_":0.15542419356092,"Result_Measure_Value":155.424193560921,"Result_Unit_of_Measure":"pg/L"}},{"type":"Feature","geometry":{"type":"Point","coordinates":[-88.1497219999999,47.4630560000001]},"properties":{"F_Monitoring_Location_Identifier":"EPA_GLNPO-E","Location_Name":"Eagle Harbor (IADN EGH)","State":" MI","EPA_Region":"05","HUC":"04020103","Organization":"EPA Great Lakes National Program","Environmental_Media_Name":"Air","Activity_Media_Subdivision_Name":"Air moisture","Project_Name":"IADN-US 2021","PFAS_Chemical_Name":"Perfluoro[1,2-13C2]tetradecanoic acid","Result_Measure_Value":35.43,"Result_Unit_of_Measure":"%"}},{"type":"Feature","geometry":{"type":"Point","coordinates":[-88.1497219999999,47.4630560000001]},"properties":{"F_Monitoring_Location_Identifier":"EPA_GLNPO-E","Location_Name":"Eagle Harbor (IADN EGH)","State":" MI","EPA_Region":"05","HUC":"04020103","Organization":"EPA Great Lakes National Program","Environmental_Media_Name":"Air","Activity_Media_Subdivision_Name":"Air moisture","Project_Name":"IADN-US 2021","PFAS_Chemical_Name":"Perfluoro[1,2-13C2]hexanoic acid","Result_Measure_Value":75.915,"Result_Unit_of_Measure":"%"}},{"type":"Feature","geometry":{"type":"Point","coordinates":[-88.1497219999999,47.4630560000001]},"properties":{"F_Monitoring_Location_Identifier":"EPA_GLNPO-E","Location_Name":"Eagle Harbor (IADN EGH)","State":" MI","EPA_Region":"05","HUC":"04020103","Organization":"EPA Great Lakes National Program","Environmental_Media_Name":"Air","Activity_Media_Subdivision_Name":"Air moisture","Project_Name":"IADN-US 2021","PFAS_Chemical_Name":"6:2 Fluorotelomer sulfonate acid","Result_Measure_Value__ppt_":0.35859184588376,"Result_Measure_Value":358.591845883759,"Result_Unit_of_Measure":"pg/L"}},{"type":"Feature","geometry":{"type":"Point","coordinates":[-88.1497219999999,47.4630560000001]},"properties":{"F_Monitoring_Location_Identifier":"EPA_GLNPO-E","Location_Name":"Eagle Harbor (IADN EGH)","State":" MI","EPA_Region":"05","HUC":"04020103","Organization":"EPA Great Lakes National Program","Environmental_Media_Name":"Air","Activity_Media_Subdivision_Name":"Air moisture","Project_Name":"IADN-US 2021","PFAS_Chemical_Name":"Perfluoro[1,2-13C2]tetradecanoic acid","Result_Measure_Value":57.345,"Result_Unit_of_Measure":"%"}},{"type":"Feature","geometry":{"type":"Point","coordinates":[-88.1497219999999,47.4630560000001]},"properties":{"F_Monitoring_Location_Identifier":"EPA_GLNPO-E","Location_Name":"Eagle Harbor (IADN EGH)","State":" MI","EPA_Region":"05","HUC":"04020103","Organization":"EPA Great Lakes National Program","Environmental_Media_Name":"Air","Activity_Media_Subdivision_Name":"Air moisture","Project_Name":"IADN-US 2021","PFAS_Chemical_Name":"Perfluoroheptanoic acid","CAS_Number":"375-85-9","Result_Measure_Value__ppt_":0.52162337663185,"Result_Measure_Value":521.623376631845,"Result_Unit_of_Measure":"pg/L"}},{"type":"Feature","geometry":{"type":"Point","coordinates":[-88.1497219999999,47.4630560000001]},"properties":{"F_Monitoring_Location_Identifier":"EPA_GLNPO-E","Location_Name":"Eagle Harbor (IADN EGH)","State":" MI","EPA_Region":"05","HUC":"04020103","Organization":"EPA Great Lakes National Program","Environmental_Media_Name":"Air","Activity_Media_Subdivision_Name":"Air moisture","Project_Name":"IADN-US 2021","PFAS_Chemical_Name":"Perfluoro[1,2-13C2]hexanoic acid","Result_Measure_Value":72.875,"Result_Unit_of_Measure":"%"}},{"type":"Feature","geometry":{"type":"Point","coordinates":[-88.1497219999999,47.4630560000001]},"properties":{"F_Monitoring_Location_Identifier":"EPA_GLNPO-E","Location_Name":"Eagle Harbor (IADN EGH)","State":" MI","EPA_Region":"05","HUC":"04020103","Organization":"EPA Great Lakes National Program","Environmental_Media_Name":"Air","Activity_Media_Subdivision_Name":"Air moisture","Project_Name":"IADN-US 2021","PFAS_Chemical_Name":"Perfluorodecanoic acid","CAS_Number":"335-76-2","Result_Measure_Value__ppt_":0.0684637939776,"Result_Measure_Value":68.4637939775996,"Result_Unit_of_Measure":"pg/L"}},{"type":"Feature","geometry":{"type":"Point","coordinates":[-88.1497219999999,47.4630560000001]},"properties":{"F_Monitoring_Location_Identifier":"EPA_GLNPO-E","Location_Name":"Eagle Harbor (IADN EGH)","State":" MI","EPA_Region":"05","HUC":"04020103","Organization":"EPA Great Lakes National Program","Environmental_Media_Name":"Air","Activity_Media_Subdivision_Name":"Air moisture","Project_Name":"IADN-US 2021","PFAS_Chemical_Name":"Sodium perfluoro-1-hexane[18O2]sulfonate","Result_Measure_Value":87.95,"Result_Unit_of_Measure":"%"}},{"type":"Feature","geometry":{"type":"Point","coordinates":[-88.1497219999999,47.4630560000001]},"properties":{"F_Monitoring_Location_Identifier":"EPA_GLNPO-E","Location_Name":"Eagle Harbor (IADN EGH)","State":" MI","EPA_Region":"05","HUC":"04020103","Organization":"EPA Great Lakes National Program","Environmental_Media_Name":"Air","Activity_Media_Subdivision_Name":"Air moisture","Project_Name":"IADN-US 2021","PFAS_Chemical_Name":"Perfluoro[1,2-13C2]undecanoic acid","CAS_Number":"960315-51-9","Result_Measure_Value":86.18,"Result_Unit_of_Measure":"%"}},{"type":"Feature","geometry":{"type":"Point","coordinates":[-88.1497219999999,47.4630560000001]},"properties":{"F_Monitoring_Location_Identifier":"EPA_GLNPO-E","Location_Name":"Eagle Harbor (IADN EGH)","State":" MI","EPA_Region":"05","HUC":"04020103","Organization":"EPA Great Lakes National Program","Environmental_Media_Name":"Air","Activity_Media_Subdivision_Name":"Air moisture","Project_Name":"IADN-US 2021","PFAS_Chemical_Name":"Perfluoro[1,2-13C2]hexanoic acid","Result_Measure_Value":110.595,"Result_Unit_of_Measure":"%"}},{"type":"Feature","geometry":{"type":"Point","coordinates":[-88.1497219999999,47.4630560000001]},"properties":{"F_Monitoring_Location_Identifier":"EPA_GLNPO-E","Location_Name":"Eagle Harbor (IADN EGH)","State":" MI","EPA_Region":"05","HUC":"04020103","Organization":"EPA Great Lakes National Program","Environmental_Media_Name":"Air","Activity_Media_Subdivision_Name":"Air moisture","Project_Name":"IADN-US 2021","PFAS_Chemical_Name":"Perfluorohexanoic acid","CAS_Number":"307-24-4","Result_Measure_Value__ppt_":0.28254432275865,"Result_Measure_Value":282.544322758646,"Result_Unit_of_Measure":"pg/L"}},{"type":"Feature","geometry":{"type":"Point","coordinates":[-88.1497219999999,47.4630560000001]},"properties":{"F_Monitoring_Location_Identifier":"EPA_GLNPO-E","Location_Name":"Eagle Harbor (IADN EGH)","State":" MI","EPA_Region":"05","HUC":"04020103","Organization":"EPA Great Lakes National Program","Environmental_Media_Name":"Air","Activity_Media_Subdivision_Name":"Air moisture","Project_Name":"IADN-US 2021","PFAS_Chemical_Name":"Perfluoro[1,2-13C2]hexanoic acid","Result_Measure_Value":63.57,"Result_Unit_of_Measure":"%"}},{"type":"Feature","geometry":{"type":"Point","coordinates":[-88.1497219999999,47.4630560000001]},"properties":{"F_Monitoring_Location_Identifier":"EPA_GLNPO-E","Location_Name":"Eagle Harbor (IADN EGH)","State":" MI","EPA_Region":"05","HUC":"04020103","Organization":"EPA Great Lakes National Program","Environmental_Media_Name":"Air","Activity_Media_Subdivision_Name":"Air moisture","Project_Name":"IADN-US 2021","PFAS_Chemical_Name":"Perfluoro[1,2-13C2]tetradecanoic acid","Result_Measure_Value":56.515,"Result_Unit_of_Measure":"%"}},{"type":"Feature","geometry":{"type":"Point","coordinates":[-88.1497219999999,47.4630560000001]},"properties":{"F_Monitoring_Location_Identifier":"EPA_GLNPO-E","Location_Name":"Eagle Harbor (IADN EGH)","State":" MI","EPA_Region":"05","HUC":"04020103","Organization":"EPA Great Lakes National Program","Environmental_Media_Name":"Air","Activity_Media_Subdivision_Name":"Air moisture","Project_Name":"IADN-US 2021","PFAS_Chemical_Name":"Heptafluorobutyric acid***retired***use Perfluorobutanoic acid","Result_Measure_Value__ppt_":4.8931539684015,"Result_Measure_Value":4893.15396840154,"Result_Unit_of_Measure":"pg/L"}},{"type":"Feature","geometry":{"type":"Point","coordinates":[-88.1497219999999,47.4630560000001]},"properties":{"F_Monitoring_Location_Identifier":"EPA_GLNPO-E","Location_Name":"Eagle Harbor (IADN EGH)","State":" MI","EPA_Region":"05","HUC":"04020103","Organization":"EPA Great Lakes National Program","Environmental_Media_Name":"Air","Activity_Media_Subdivision_Name":"Air moisture","Project_Name":"IADN-US 2021","PFAS_Chemical_Name":"Perfluorobutylsulfonamide","CAS_Number":"30334-69-1","Result_Measure_Value__ppt_":0.36347936507937,"Result_Measure_Value":363.479365079365,"Result_Unit_of_Measure":"pg/L"}},{"type":"Feature","geometry":{"type":"Point","coordinates":[-88.1497219999999,47.4630560000001]},"properties":{"F_Monitoring_Location_Identifier":"EPA_GLNPO-E","Location_Name":"Eagle Harbor (IADN EGH)","State":" MI","EPA_Region":"05","HUC":"04020103","Organization":"EPA Great Lakes National Program","Environmental_Media_Name":"Air","Activity_Media_Subdivision_Name":"Air moisture","Project_Name":"IADN-US 2021","PFAS_Chemical_Name":"Perfluorooctanoic acid","CAS_Number":"335-67-1","Result_Measure_Value__ppt_":0.22369780405698,"Result_Measure_Value":223.697804056984,"Result_Unit_of_Measure":"pg/L"}},{"type":"Feature","geometry":{"type":"Point","coordinates":[-88.1497219999999,47.4630560000001]},"properties":{"F_Monitoring_Location_Identifier":"EPA_GLNPO-E","Location_Name":"Eagle Harbor (IADN EGH)","State":" MI","EPA_Region":"05","HUC":"04020103","Organization":"EPA Great Lakes National Program","Environmental_Media_Name":"Air","Activity_Media_Subdivision_Name":"Air moisture","Project_Name":"IADN-US 2021","PFAS_Chemical_Name":"Perfluorooctanoic acid","CAS_Number":"335-67-1","Result_Measure_Value__ppt_":0.37897727273343,"Result_Measure_Value":378.977272733425,"Result_Unit_of_Measure":"pg/L"}},{"type":"Feature","geometry":{"type":"Point","coordinates":[-88.1497219999999,47.4630560000001]},"properties":{"F_Monitoring_Location_Identifier":"EPA_GLNPO-E","Location_Name":"Eagle Harbor (IADN EGH)","State":" MI","EPA_Region":"05","HUC":"04020103","Organization":"EPA Great Lakes National Program","Environmental_Media_Name":"Air","Activity_Media_Subdivision_Name":"Air moisture","Project_Name":"IADN-US 2021","PFAS_Chemical_Name":"Perfluorobutylsulfonamide","CAS_Number":"30334-69-1","Result_Measure_Value__ppt_":0.12908439051764,"Result_Measure_Value":129.084390517641,"Result_Unit_of_Measure":"pg/L"}},{"type":"Feature","geometry":{"type":"Point","coordinates":[-88.1497219999999,47.4630560000001]},"properties":{"F_Monitoring_Location_Identifier":"EPA_GLNPO-E","Location_Name":"Eagle Harbor (IADN EGH)","State":" MI","EPA_Region":"05","HUC":"04020103","Organization":"EPA Great Lakes National Program","Environmental_Media_Name":"Air","Activity_Media_Subdivision_Name":"Air moisture","Project_Name":"IADN-US 2021","PFAS_Chemical_Name":"Perfluoro[1,2-13C2]hexanoic acid","Result_Measure_Value":148.995,"Result_Unit_of_Measure":"%"}},{"type":"Feature","geometry":{"type":"Point","coordinates":[-88.1497219999999,47.4630560000001]},"properties":{"F_Monitoring_Location_Identifier":"EPA_GLNPO-E","Location_Name":"Eagle Harbor (IADN EGH)","State":" MI","EPA_Region":"05","HUC":"04020103","Organization":"EPA Great Lakes National Program","Environmental_Media_Name":"Air","Activity_Media_Subdivision_Name":"Air moisture","Project_Name":"IADN-US 2021","PFAS_Chemical_Name":"Perfluoro[1,2-13C2]undecanoic acid","CAS_Number":"960315-51-9","Result_Measure_Value":79.585,"Result_Unit_of_Measure":"%"}},{"type":"Feature","geometry":{"type":"Point","coordinates":[-88.1497219999999,47.4630560000001]},"properties":{"F_Monitoring_Location_Identifier":"EPA_GLNPO-E","Location_Name":"Eagle Harbor (IADN EGH)","State":" MI","EPA_Region":"05","HUC":"04020103","Organization":"EPA Great Lakes National Program","Environmental_Media_Name":"Air","Activity_Media_Subdivision_Name":"Air moisture","Project_Name":"IADN-US 2021","PFAS_Chemical_Name":"Perfluorovaleric acid","CAS_Number":"2706-90-3","Result_Measure_Value__ppt_":0.18315527790589,"Result_Measure_Value":183.155277905886,"Result_Unit_of_Measure":"pg/L"}},{"type":"Feature","geometry":{"type":"Point","coordinates":[-88.1497219999999,47.4630560000001]},"properties":{"F_Monitoring_Location_Identifier":"EPA_GLNPO-E","Location_Name":"Eagle Harbor (IADN EGH)","State":" MI","EPA_Region":"05","HUC":"04020103","Organization":"EPA Great Lakes National Program","Environmental_Media_Name":"Air","Activity_Media_Subdivision_Name":"Air moisture","Project_Name":"IADN-US 2021","PFAS_Chemical_Name":"Perfluorovaleric acid","CAS_Number":"2706-90-3","Result_Measure_Value__ppt_":0.3145,"Result_Measure_Value":314.5,"Result_Unit_of_Measure":"pg/L"}},{"type":"Feature","geometry":{"type":"Point","coordinates":[-88.1497219999999,47.4630560000001]},"properties":{"F_Monitoring_Location_Identifier":"EPA_GLNPO-E","Location_Name":"Eagle Harbor (IADN EGH)","State":" MI","EPA_Region":"05","HUC":"04020103","Organization":"EPA Great Lakes National Program","Environmental_Media_Name":"Air","Activity_Media_Subdivision_Name":"Air moisture","Project_Name":"IADN-US 2021","PFAS_Chemical_Name":"Perfluoro[1,2-13C2]tetradecanoic acid","Result_Measure_Value":60.06,"Result_Unit_of_Measure":"%"}},{"type":"Feature","geometry":{"type":"Point","coordinates":[-88.1497219999999,47.4630560000001]},"properties":{"F_Monitoring_Location_Identifier":"EPA_GLNPO-E","Location_Name":"Eagle Harbor (IADN EGH)","State":" MI","EPA_Region":"05","HUC":"04020103","Organization":"EPA Great Lakes National Program","Environmental_Media_Name":"Air","Activity_Media_Subdivision_Name":"Air moisture","Project_Name":"IADN-US 2021","PFAS_Chemical_Name":"Perfluorobutanesulfonic acid","CAS_Number":"375-73-5","Result_Measure_Value__ppt_":0.23275,"Result_Measure_Value":232.75,"Result_Unit_of_Measure":"pg/L"}},{"type":"Feature","geometry":{"type":"Point","coordinates":[-88.1497219999999,47.4630560000001]},"properties":{"F_Monitoring_Location_Identifier":"EPA_GLNPO-E","Location_Name":"Eagle Harbor (IADN EGH)","State":" MI","EPA_Region":"05","HUC":"04020103","Organization":"EPA Great Lakes National Program","Environmental_Media_Name":"Air","Activity_Media_Subdivision_Name":"Air moisture","Project_Name":"IADN-US 2021","PFAS_Chemical_Name":"Perfluorohexanoic acid","CAS_Number":"307-24-4","Result_Measure_Value__ppt_":0.22332206572393,"Result_Measure_Value":223.322065723925,"Result_Unit_of_Measure":"pg/L"}},{"type":"Feature","geometry":{"type":"Point","coordinates":[-88.1497219999999,47.4630560000001]},"properties":{"F_Monitoring_Location_Identifier":"EPA_GLNPO-E","Location_Name":"Eagle Harbor (IADN EGH)","State":" MI","EPA_Region":"05","HUC":"04020103","Organization":"EPA Great Lakes National Program","Environmental_Media_Name":"Air","Activity_Media_Subdivision_Name":"Air moisture","Project_Name":"IADN-US 2021","PFAS_Chemical_Name":"Perfluorooctanoic acid","CAS_Number":"335-67-1","Result_Measure_Value__ppt_":0.81015012106538,"Result_Measure_Value":810.150121065375,"Result_Unit_of_Measure":"pg/L"}},{"type":"Feature","geometry":{"type":"Point","coordinates":[-88.1497219999999,47.4630560000001]},"properties":{"F_Monitoring_Location_Identifier":"EPA_GLNPO-E","Location_Name":"Eagle Harbor (IADN EGH)","State":" MI","EPA_Region":"05","HUC":"04020103","Organization":"EPA Great Lakes National Program","Environmental_Media_Name":"Air","Activity_Media_Subdivision_Name":"Air moisture","Project_Name":"IADN-US 2021","PFAS_Chemical_Name":"Perfluoro[1,2-13C2]undecanoic acid","CAS_Number":"960315-51-9","Result_Measure_Value":82.57,"Result_Unit_of_Measure":"%"}},{"type":"Feature","geometry":{"type":"Point","coordinates":[-88.1497219999999,47.4630560000001]},"properties":{"F_Monitoring_Location_Identifier":"EPA_GLNPO-E","Location_Name":"Eagle Harbor (IADN EGH)","State":" MI","EPA_Region":"05","HUC":"04020103","Organization":"EPA Great Lakes National Program","Environmental_Media_Name":"Air","Activity_Media_Subdivision_Name":"Air moisture","Project_Name":"IADN-US 2021","PFAS_Chemical_Name":"Perfluoro[1,2-13C2]tetradecanoic acid","Result_Measure_Value":64.11,"Result_Unit_of_Measure":"%"}},{"type":"Feature","geometry":{"type":"Point","coordinates":[-88.1497219999999,47.4630560000001]},"properties":{"F_Monitoring_Location_Identifier":"EPA_GLNPO-E","Location_Name":"Eagle Harbor (IADN EGH)","State":" MI","EPA_Region":"05","HUC":"04020103","Organization":"EPA Great Lakes National Program","Environmental_Media_Name":"Air","Activity_Media_Subdivision_Name":"Air moisture","Project_Name":"IADN-US 2021","PFAS_Chemical_Name":"Perfluoro[1,2-13C2]hexanoic acid","Result_Measure_Value":86.31,"Result_Unit_of_Measure":"%"}},{"type":"Feature","geometry":{"type":"Point","coordinates":[-88.1497219999999,47.4630560000001]},"properties":{"F_Monitoring_Location_Identifier":"EPA_GLNPO-E","Location_Name":"Eagle Harbor (IADN EGH)","State":" MI","EPA_Region":"05","HUC":"04020103","Organization":"EPA Great Lakes National Program","Environmental_Media_Name":"Air","Activity_Media_Subdivision_Name":"Air moisture","Project_Name":"IADN-US 2021","PFAS_Chemical_Name":"Perfluorononanoic acid","CAS_Number":"375-95-1","Result_Measure_Value__ppt_":0.16205853658379,"Result_Measure_Value":162.058536583785,"Result_Unit_of_Measure":"pg/L"}},{"type":"Feature","geometry":{"type":"Point","coordinates":[-88.1497219999999,47.4630560000001]},"properties":{"F_Monitoring_Location_Identifier":"EPA_GLNPO-E","Location_Name":"Eagle Harbor (IADN EGH)","State":" MI","EPA_Region":"05","HUC":"04020103","Organization":"EPA Great Lakes National Program","Environmental_Media_Name":"Air","Activity_Media_Subdivision_Name":"Air moisture","Project_Name":"IADN-US 2021","PFAS_Chemical_Name":"Sodium perfluoro-1-hexane[18O2]sulfonate","Result_Measure_Value":96,"Result_Unit_of_Measure":"%"}},{"type":"Feature","geometry":{"type":"Point","coordinates":[-88.1497219999999,47.4630560000001]},"properties":{"F_Monitoring_Location_Identifier":"EPA_GLNPO-E","Location_Name":"Eagle Harbor (IADN EGH)","State":" MI","EPA_Region":"05","HUC":"04020103","Organization":"EPA Great Lakes National Program","Environmental_Media_Name":"Air","Activity_Media_Subdivision_Name":"Air moisture","Project_Name":"IADN-US 2021","PFAS_Chemical_Name":"Perfluorodecanoic acid","CAS_Number":"335-76-2","Result_Measure_Value__ppt_":0.083895064477576,"Result_Measure_Value":83.8950644775756,"Result_Unit_of_Measure":"pg/L"}},{"type":"Feature","geometry":{"type":"Point","coordinates":[-88.1497219999999,47.4630560000001]},"properties":{"F_Monitoring_Location_Identifier":"EPA_GLNPO-E","Location_Name":"Eagle Harbor (IADN EGH)","State":" MI","EPA_Region":"05","HUC":"04020103","Organization":"EPA Great Lakes National Program","Environmental_Media_Name":"Air","Activity_Media_Subdivision_Name":"Air moisture","Project_Name":"IADN-US 2021","PFAS_Chemical_Name":"Perfluorooctanoic acid","CAS_Number":"335-67-1","Result_Measure_Value__ppt_":0.26788846152919,"Result_Measure_Value":267.888461529188,"Result_Unit_of_Measure":"pg/L"}},{"type":"Feature","geometry":{"type":"Point","coordinates":[-88.1497219999999,47.4630560000001]},"properties":{"F_Monitoring_Location_Identifier":"EPA_GLNPO-E","Location_Name":"Eagle Harbor (IADN EGH)","State":" MI","EPA_Region":"05","HUC":"04020103","Organization":"EPA Great Lakes National Program","Environmental_Media_Name":"Air","Activity_Media_Subdivision_Name":"Air moisture","Project_Name":"IADN-US 2021","PFAS_Chemical_Name":"Perfluorotridecanoic acid","CAS_Number":"72629-94-8","Result_Measure_Value__ppt_":0.24776538460681,"Result_Measure_Value":247.765384606808,"Result_Unit_of_Measure":"pg/L"}},{"type":"Feature","geometry":{"type":"Point","coordinates":[-88.1497219999999,47.4630560000001]},"properties":{"F_Monitoring_Location_Identifier":"EPA_GLNPO-E","Location_Name":"Eagle Harbor (IADN EGH)","State":" MI","EPA_Region":"05","HUC":"04020103","Organization":"EPA Great Lakes National Program","Environmental_Media_Name":"Air","Activity_Media_Subdivision_Name":"Air moisture","Project_Name":"IADN-US 2021","PFAS_Chemical_Name":"Perfluorotetradecanoic acid","CAS_Number":"376-06-7","Result_Measure_Value__ppt_":0.221598062954,"Result_Measure_Value":221.598062953995,"Result_Unit_of_Measure":"pg/L"}},{"type":"Feature","geometry":{"type":"Point","coordinates":[-88.1497219999999,47.4630560000001]},"properties":{"F_Monitoring_Location_Identifier":"EPA_GLNPO-E","Location_Name":"Eagle Harbor (IADN EGH)","State":" MI","EPA_Region":"05","HUC":"04020103","Organization":"EPA Great Lakes National Program","Environmental_Media_Name":"Air","Activity_Media_Subdivision_Name":"Air moisture","Project_Name":"IADN-US 2021","PFAS_Chemical_Name":"Perfluoro[1,2-13C2]tetradecanoic acid","Result_Measure_Value":69.22,"Result_Unit_of_Measure":"%"}},{"type":"Feature","geometry":{"type":"Point","coordinates":[-88.1497219999999,47.4630560000001]},"properties":{"F_Monitoring_Location_Identifier":"EPA_GLNPO-E","Location_Name":"Eagle Harbor (IADN EGH)","State":" MI","EPA_Region":"05","HUC":"04020103","Organization":"EPA Great Lakes National Program","Environmental_Media_Name":"Air","Activity_Media_Subdivision_Name":"Air moisture","Project_Name":"IADN-US 2021","PFAS_Chemical_Name":"Perfluorooctanoic acid","CAS_Number":"335-67-1","Result_Measure_Value__ppt_":0.31459354841247,"Result_Measure_Value":314.593548412467,"Result_Unit_of_Measure":"pg/L"}},{"type":"Feature","geometry":{"type":"Point","coordinates":[-88.1497219999999,47.4630560000001]},"properties":{"F_Monitoring_Location_Identifier":"EPA_GLNPO-E","Location_Name":"Eagle Harbor (IADN EGH)","State":" MI","EPA_Region":"05","HUC":"04020103","Organization":"EPA Great Lakes National Program","Environmental_Media_Name":"Air","Activity_Media_Subdivision_Name":"Air moisture","Project_Name":"IADN-US 2021","PFAS_Chemical_Name":"Perfluoro[1,2-13C2]undecanoic acid","CAS_Number":"960315-51-9","Result_Measure_Value":111.23,"Result_Unit_of_Measure":"%"}},{"type":"Feature","geometry":{"type":"Point","coordinates":[-88.1497219999999,47.4630560000001]},"properties":{"F_Monitoring_Location_Identifier":"EPA_GLNPO-E","Location_Name":"Eagle Harbor (IADN EGH)","State":" MI","EPA_Region":"05","HUC":"04020103","Organization":"EPA Great Lakes National Program","Environmental_Media_Name":"Air","Activity_Media_Subdivision_Name":"Air moisture","Project_Name":"IADN-US 2021","PFAS_Chemical_Name":"Sodium perfluoro-1-hexane[18O2]sulfonate","Result_Measure_Value":78.35,"Result_Unit_of_Measure":"%"}},{"type":"Feature","geometry":{"type":"Point","coordinates":[-88.1497219999999,47.4630560000001]},"properties":{"F_Monitoring_Location_Identifier":"EPA_GLNPO-E","Location_Name":"Eagle Harbor (IADN EGH)","State":" MI","EPA_Region":"05","HUC":"04020103","Organization":"EPA Great Lakes National Program","Environmental_Media_Name":"Air","Activity_Media_Subdivision_Name":"Air moisture","Project_Name":"IADN-US 2021","PFAS_Chemical_Name":"Perfluoro[1,2-13C2]tetradecanoic acid","Result_Measure_Value":96.76,"Result_Unit_of_Measure":"%"}},{"type":"Feature","geometry":{"type":"Point","coordinates":[-88.1497219999999,47.4630560000001]},"properties":{"F_Monitoring_Location_Identifier":"EPA_GLNPO-E","Location_Name":"Eagle Harbor (IADN EGH)","State":" MI","EPA_Region":"05","HUC":"04020103","Organization":"EPA Great Lakes National Program","Environmental_Media_Name":"Air","Activity_Media_Subdivision_Name":"Air moisture","Project_Name":"IADN-US 2021","PFAS_Chemical_Name":"Perfluoro[1,2-13C2]tetradecanoic acid","Result_Measure_Value":68.525,"Result_Unit_of_Measure":"%"}},{"type":"Feature","geometry":{"type":"Point","coordinates":[-88.1497219999999,47.4630560000001]},"properties":{"F_Monitoring_Location_Identifier":"EPA_GLNPO-E","Location_Name":"Eagle Harbor (IADN EGH)","State":" MI","EPA_Region":"05","HUC":"04020103","Organization":"EPA Great Lakes National Program","Environmental_Media_Name":"Air","Activity_Media_Subdivision_Name":"Air moisture","Project_Name":"IADN-US 2021","PFAS_Chemical_Name":"Perfluoro[1,2-13C2]tetradecanoic acid","Result_Measure_Value":87.72,"Result_Unit_of_Measure":"%"}},{"type":"Feature","geometry":{"type":"Point","coordinates":[-88.1497219999999,47.4630560000001]},"properties":{"F_Monitoring_Location_Identifier":"EPA_GLNPO-E","Location_Name":"Eagle Harbor (IADN EGH)","State":" MI","EPA_Region":"05","HUC":"04020103","Organization":"EPA Great Lakes National Program","Environmental_Media_Name":"Air","Activity_Media_Subdivision_Name":"Air moisture","Project_Name":"IADN-US 2021","PFAS_Chemical_Name":"Perfluorononanoic acid","CAS_Number":"375-95-1","Result_Measure_Value__ppt_":0.13247692307234,"Result_Measure_Value":132.476923072337,"Result_Unit_of_Measure":"pg/L"}},{"type":"Feature","geometry":{"type":"Point","coordinates":[-88.1497219999999,47.4630560000001]},"properties":{"F_Monitoring_Location_Identifier":"EPA_GLNPO-E","Location_Name":"Eagle Harbor (IADN EGH)","State":" MI","EPA_Region":"05","HUC":"04020103","Organization":"EPA Great Lakes National Program","Environmental_Media_Name":"Air","Activity_Media_Subdivision_Name":"Air moisture","Project_Name":"IADN-US 2021","PFAS_Chemical_Name":"Heptafluorobutyric acid***retired***use Perfluorobutanoic acid","Result_Measure_Value__ppt_":1.1607919355775,"Result_Measure_Value":1160.79193557748,"Result_Unit_of_Measure":"pg/L"}},{"type":"Feature","geometry":{"type":"Point","coordinates":[-88.1497219999999,47.4630560000001]},"properties":{"F_Monitoring_Location_Identifier":"EPA_GLNPO-E","Location_Name":"Eagle Harbor (IADN EGH)","State":" MI","EPA_Region":"05","HUC":"04020103","Organization":"EPA Great Lakes National Program","Environmental_Media_Name":"Air","Activity_Media_Subdivision_Name":"Air moisture","Project_Name":"IADN-US 2021","PFAS_Chemical_Name":"Perfluorodecanoic acid","CAS_Number":"335-76-2","Result_Measure_Value__ppt_":0.1625,"Result_Measure_Value":162.5,"Result_Unit_of_Measure":"pg/L"}},{"type":"Feature","geometry":{"type":"Point","coordinates":[-88.1497219999999,47.4630560000001]},"properties":{"F_Monitoring_Location_Identifier":"EPA_GLNPO-E","Location_Name":"Eagle Harbor (IADN EGH)","State":" MI","EPA_Region":"05","HUC":"04020103","Organization":"EPA Great Lakes National Program","Environmental_Media_Name":"Air","Activity_Media_Subdivision_Name":"Air moisture","Project_Name":"IADN-US 2021","PFAS_Chemical_Name":"Perfluoro[1,2-13C2]hexanoic acid","Result_Measure_Value":76.11,"Result_Unit_of_Measure":"%"}},{"type":"Feature","geometry":{"type":"Point","coordinates":[-88.1497219999999,47.4630560000001]},"properties":{"F_Monitoring_Location_Identifier":"EPA_GLNPO-E","Location_Name":"Eagle Harbor (IADN EGH)","State":" MI","EPA_Region":"05","HUC":"04020103","Organization":"EPA Great Lakes National Program","Environmental_Media_Name":"Air","Activity_Media_Subdivision_Name":"Air moisture","Project_Name":"IADN-US 2021","PFAS_Chemical_Name":"Sodium perfluoro-1-hexane[18O2]sulfonate","Result_Measure_Value":98.2,"Result_Unit_of_Measure":"%"}},{"type":"Feature","geometry":{"type":"Point","coordinates":[-88.1497219999999,47.4630560000001]},"properties":{"F_Monitoring_Location_Identifier":"EPA_GLNPO-E","Location_Name":"Eagle Harbor (IADN EGH)","State":" MI","EPA_Region":"05","HUC":"04020103","Organization":"EPA Great Lakes National Program","Environmental_Media_Name":"Air","Activity_Media_Subdivision_Name":"Air moisture","Project_Name":"IADN-US 2021","PFAS_Chemical_Name":"Perfluoroheptanoic acid","CAS_Number":"375-85-9","Result_Measure_Value__ppt_":0.23710476190476,"Result_Measure_Value":237.104761904762,"Result_Unit_of_Measure":"pg/L"}},{"type":"Feature","geometry":{"type":"Point","coordinates":[-88.1497219999999,47.4630560000001]},"properties":{"F_Monitoring_Location_Identifier":"EPA_GLNPO-E","Location_Name":"Eagle Harbor (IADN EGH)","State":" MI","EPA_Region":"05","HUC":"04020103","Organization":"EPA Great Lakes National Program","Environmental_Media_Name":"Air","Activity_Media_Subdivision_Name":"Air moisture","Project_Name":"IADN-US 2021","PFAS_Chemical_Name":"Perfluorovaleric acid","CAS_Number":"2706-90-3","Result_Measure_Value__ppt_":0.59952267303103,"Result_Measure_Value":599.522673031026,"Result_Unit_of_Measure":"pg/L"}},{"type":"Feature","geometry":{"type":"Point","coordinates":[-88.1497219999999,47.4630560000001]},"properties":{"F_Monitoring_Location_Identifier":"EPA_GLNPO-E","Location_Name":"Eagle Harbor (IADN EGH)","State":" MI","EPA_Region":"05","HUC":"04020103","Organization":"EPA Great Lakes National Program","Environmental_Media_Name":"Air","Activity_Media_Subdivision_Name":"Air moisture","Project_Name":"IADN-US 2021","PFAS_Chemical_Name":"Sodium perfluoro-1-hexane[18O2]sulfonate","Result_Measure_Value":81.835,"Result_Unit_of_Measure":"%"}},{"type":"Feature","geometry":{"type":"Point","coordinates":[-88.1497219999999,47.4630560000001]},"properties":{"F_Monitoring_Location_Identifier":"EPA_GLNPO-E","Location_Name":"Eagle Harbor (IADN EGH)","State":" MI","EPA_Region":"05","HUC":"04020103","Organization":"EPA Great Lakes National Program","Environmental_Media_Name":"Air","Activity_Media_Subdivision_Name":"Air moisture","Project_Name":"IADN-US 2021","PFAS_Chemical_Name":"Perfluorodecanoic acid","CAS_Number":"335-76-2","Result_Measure_Value__ppt_":0.12241666666531,"Result_Measure_Value":122.416666665306,"Result_Unit_of_Measure":"pg/L"}},{"type":"Feature","geometry":{"type":"Point","coordinates":[-88.1497219999999,47.4630560000001]},"properties":{"F_Monitoring_Location_Identifier":"EPA_GLNPO-E","Location_Name":"Eagle Harbor (IADN EGH)","State":" MI","EPA_Region":"05","HUC":"04020103","Organization":"EPA Great Lakes National Program","Environmental_Media_Name":"Air","Activity_Media_Subdivision_Name":"Air moisture","Project_Name":"IADN-US 2021","PFAS_Chemical_Name":"Perfluoro[1,2-13C2]hexanoic acid","Result_Measure_Value":100.005,"Result_Unit_of_Measure":"%"}},{"type":"Feature","geometry":{"type":"Point","coordinates":[-88.1497219999999,47.4630560000001]},"properties":{"F_Monitoring_Location_Identifier":"EPA_GLNPO-E","Location_Name":"Eagle Harbor (IADN EGH)","State":" MI","EPA_Region":"05","HUC":"04020103","Organization":"EPA Great Lakes National Program","Environmental_Media_Name":"Air","Activity_Media_Subdivision_Name":"Air moisture","Project_Name":"IADN-US 2021","PFAS_Chemical_Name":"Perfluoro[1,2-13C2]undecanoic acid","CAS_Number":"960315-51-9","Result_Measure_Value":94.59,"Result_Unit_of_Measure":"%"}},{"type":"Feature","geometry":{"type":"Point","coordinates":[-88.1497219999999,47.4630560000001]},"properties":{"F_Monitoring_Location_Identifier":"EPA_GLNPO-E","Location_Name":"Eagle Harbor (IADN EGH)","State":" MI","EPA_Region":"05","HUC":"04020103","Organization":"EPA Great Lakes National Program","Environmental_Media_Name":"Air","Activity_Media_Subdivision_Name":"Air moisture","Project_Name":"IADN-US 2021","PFAS_Chemical_Name":"Perfluorononanoic acid","CAS_Number":"375-95-1","Result_Measure_Value__ppt_":0.16321014893035,"Result_Measure_Value":163.21014893035,"Result_Unit_of_Measure":"pg/L"}},{"type":"Feature","geometry":{"type":"Point","coordinates":[-88.1497219999999,47.4630560000001]},"properties":{"F_Monitoring_Location_Identifier":"EPA_GLNPO-E","Location_Name":"Eagle Harbor (IADN EGH)","State":" MI","EPA_Region":"05","HUC":"04020103","Organization":"EPA Great Lakes National Program","Environmental_Media_Name":"Air","Activity_Media_Subdivision_Name":"Air moisture","Project_Name":"IADN-US 2021","PFAS_Chemical_Name":"Sodium perfluoro-1-hexane[18O2]sulfonate","Result_Measure_Value":91.73,"Result_Unit_of_Measure":"%"}},{"type":"Feature","geometry":{"type":"Point","coordinates":[-88.1497219999999,47.4630560000001]},"properties":{"F_Monitoring_Location_Identifier":"EPA_GLNPO-E","Location_Name":"Eagle Harbor (IADN EGH)","State":" MI","EPA_Region":"05","HUC":"04020103","Organization":"EPA Great Lakes National Program","Environmental_Media_Name":"Air","Activity_Media_Subdivision_Name":"Air moisture","Project_Name":"IADN-US 2021","PFAS_Chemical_Name":"Perfluorovaleric acid","CAS_Number":"2706-90-3","Result_Measure_Value__ppt_":6.8299301589361,"Result_Measure_Value":6829.93015893614,"Result_Unit_of_Measure":"pg/L"}},{"type":"Feature","geometry":{"type":"Point","coordinates":[-88.1497219999999,47.4630560000001]},"properties":{"F_Monitoring_Location_Identifier":"EPA_GLNPO-E","Location_Name":"Eagle Harbor (IADN EGH)","State":" MI","EPA_Region":"05","HUC":"04020103","Organization":"EPA Great Lakes National Program","Environmental_Media_Name":"Air","Activity_Media_Subdivision_Name":"Air moisture","Project_Name":"IADN-US 2021","PFAS_Chemical_Name":"Perfluorooctanoic acid","CAS_Number":"335-67-1","Result_Measure_Value__ppt_":0.22025281078479,"Result_Measure_Value":220.252810784794,"Result_Unit_of_Measure":"pg/L"}},{"type":"Feature","geometry":{"type":"Point","coordinates":[-88.1497219999999,47.4630560000001]},"properties":{"F_Monitoring_Location_Identifier":"EPA_GLNPO-E","Location_Name":"Eagle Harbor (IADN EGH)","State":" MI","EPA_Region":"05","HUC":"04020103","Organization":"EPA Great Lakes National Program","Environmental_Media_Name":"Air","Activity_Media_Subdivision_Name":"Air moisture","Project_Name":"IADN-US 2021","PFAS_Chemical_Name":"Heptafluorobutyric acid***retired***use Perfluorobutanoic acid","Result_Measure_Value__ppt_":2.6386175116423,"Result_Measure_Value":2638.61751164233,"Result_Unit_of_Measure":"pg/L"}},{"type":"Feature","geometry":{"type":"Point","coordinates":[-88.1497219999999,47.4630560000001]},"properties":{"F_Monitoring_Location_Identifier":"EPA_GLNPO-E","Location_Name":"Eagle Harbor (IADN EGH)","State":" MI","EPA_Region":"05","HUC":"04020103","Organization":"EPA Great Lakes National Program","Environmental_Media_Name":"Air","Activity_Media_Subdivision_Name":"Air moisture","Project_Name":"IADN-US 2021","PFAS_Chemical_Name":"Heptafluorobutyric acid***retired***use Perfluorobutanoic acid","Result_Measure_Value__ppt_":2.3780865383792,"Result_Measure_Value":2378.08653837922,"Result_Unit_of_Measure":"pg/L"}},{"type":"Feature","geometry":{"type":"Point","coordinates":[-88.1497219999999,47.4630560000001]},"properties":{"F_Monitoring_Location_Identifier":"EPA_GLNPO-E","Location_Name":"Eagle Harbor (IADN EGH)","State":" MI","EPA_Region":"05","HUC":"04020103","Organization":"EPA Great Lakes National Program","Environmental_Media_Name":"Air","Activity_Media_Subdivision_Name":"Air moisture","Project_Name":"IADN-US 2021","PFAS_Chemical_Name":"Heptafluorobutyric acid***retired***use Perfluorobutanoic acid","Result_Measure_Value__ppt_":0.87675,"Result_Measure_Value":876.75,"Result_Unit_of_Measure":"pg/L"}},{"type":"Feature","geometry":{"type":"Point","coordinates":[-88.1497219999999,47.4630560000001]},"properties":{"F_Monitoring_Location_Identifier":"EPA_GLNPO-E","Location_Name":"Eagle Harbor (IADN EGH)","State":" MI","EPA_Region":"05","HUC":"04020103","Organization":"EPA Great Lakes National Program","Environmental_Media_Name":"Air","Activity_Media_Subdivision_Name":"Air moisture","Project_Name":"IADN-US 2021","PFAS_Chemical_Name":"Perfluorooctanoic acid","CAS_Number":"335-67-1","Result_Measure_Value__ppt_":0.25453920251295,"Result_Measure_Value":254.539202512952,"Result_Unit_of_Measure":"pg/L"}},{"type":"Feature","geometry":{"type":"Point","coordinates":[-88.1497219999999,47.4630560000001]},"properties":{"F_Monitoring_Location_Identifier":"EPA_GLNPO-E","Location_Name":"Eagle Harbor (IADN EGH)","State":" MI","EPA_Region":"05","HUC":"04020103","Organization":"EPA Great Lakes National Program","Environmental_Media_Name":"Air","Activity_Media_Subdivision_Name":"Air moisture","Project_Name":"IADN-US 2021","PFAS_Chemical_Name":"Perfluoro[1,2-13C2]hexanoic acid","Result_Measure_Value":42.48,"Result_Unit_of_Measure":"%"}},{"type":"Feature","geometry":{"type":"Point","coordinates":[-88.1497219999999,47.4630560000001]},"properties":{"F_Monitoring_Location_Identifier":"EPA_GLNPO-E","Location_Name":"Eagle Harbor (IADN EGH)","State":" MI","EPA_Region":"05","HUC":"04020103","Organization":"EPA Great Lakes National Program","Environmental_Media_Name":"Air","Activity_Media_Subdivision_Name":"Air moisture","Project_Name":"IADN-US 2021","PFAS_Chemical_Name":"Perfluoro[1,2-13C2]tetradecanoic acid","Result_Measure_Value":72.855,"Result_Unit_of_Measure":"%"}},{"type":"Feature","geometry":{"type":"Point","coordinates":[-88.1497219999999,47.4630560000001]},"properties":{"F_Monitoring_Location_Identifier":"EPA_GLNPO-E","Location_Name":"Eagle Harbor (IADN EGH)","State":" MI","EPA_Region":"05","HUC":"04020103","Organization":"EPA Great Lakes National Program","Environmental_Media_Name":"Air","Activity_Media_Subdivision_Name":"Air moisture","Project_Name":"IADN-US 2021","PFAS_Chemical_Name":"Perfluorovaleric acid","CAS_Number":"2706-90-3","Result_Measure_Value__ppt_":0.60425915491937,"Result_Measure_Value":604.259154919365,"Result_Unit_of_Measure":"pg/L"}},{"type":"Feature","geometry":{"type":"Point","coordinates":[-88.1497219999999,47.4630560000001]},"properties":{"F_Monitoring_Location_Identifier":"EPA_GLNPO-E","Location_Name":"Eagle Harbor (IADN EGH)","State":" MI","EPA_Region":"05","HUC":"04020103","Organization":"EPA Great Lakes National Program","Environmental_Media_Name":"Air","Activity_Media_Subdivision_Name":"Air moisture","Project_Name":"IADN-US 2021","PFAS_Chemical_Name":"Perfluoro[1,2-13C2]undecanoic acid","CAS_Number":"960315-51-9","Result_Measure_Value":101.79,"Result_Unit_of_Measure":"%"}},{"type":"Feature","geometry":{"type":"Point","coordinates":[-88.1497219999999,47.4630560000001]},"properties":{"F_Monitoring_Location_Identifier":"EPA_GLNPO-E","Location_Name":"Eagle Harbor (IADN EGH)","State":" MI","EPA_Region":"05","HUC":"04020103","Organization":"EPA Great Lakes National Program","Environmental_Media_Name":"Air","Activity_Media_Subdivision_Name":"Air moisture","Project_Name":"IADN-US 2021","PFAS_Chemical_Name":"Sodium perfluoro-1-hexane[18O2]sulfonate","Result_Measure_Value":72.9,"Result_Unit_of_Measure":"%"}},{"type":"Feature","geometry":{"type":"Point","coordinates":[-88.1497219999999,47.4630560000001]},"properties":{"F_Monitoring_Location_Identifier":"EPA_GLNPO-E","Location_Name":"Eagle Harbor (IADN EGH)","State":" MI","EPA_Region":"05","HUC":"04020103","Organization":"EPA Great Lakes National Program","Environmental_Media_Name":"Air","Activity_Media_Subdivision_Name":"Air moisture","Project_Name":"IADN-US 2021","PFAS_Chemical_Name":"Perfluorohexanoic acid","CAS_Number":"307-24-4","Result_Measure_Value__ppt_":0.17473148147954,"Result_Measure_Value":174.73148147954,"Result_Unit_of_Measure":"pg/L"}},{"type":"Feature","geometry":{"type":"Point","coordinates":[-88.1497219999999,47.4630560000001]},"properties":{"F_Monitoring_Location_Identifier":"EPA_GLNPO-E","Location_Name":"Eagle Harbor (IADN EGH)","State":" MI","EPA_Region":"05","HUC":"04020103","Organization":"EPA Great Lakes National Program","Environmental_Media_Name":"Air","Activity_Media_Subdivision_Name":"Air moisture","Project_Name":"IADN-US 2021","PFAS_Chemical_Name":"Perfluorodecanoic acid","CAS_Number":"335-76-2","Result_Measure_Value__ppt_":0.10337538356631,"Result_Measure_Value":103.375383566314,"Result_Unit_of_Measure":"pg/L"}},{"type":"Feature","geometry":{"type":"Point","coordinates":[-88.1497219999999,47.4630560000001]},"properties":{"F_Monitoring_Location_Identifier":"EPA_GLNPO-E","Location_Name":"Eagle Harbor (IADN EGH)","State":" MI","EPA_Region":"05","HUC":"04020103","Organization":"EPA Great Lakes National Program","Environmental_Media_Name":"Air","Activity_Media_Subdivision_Name":"Air moisture","Project_Name":"IADN-US 2021","PFAS_Chemical_Name":"Perfluoro[1,2-13C2]hexanoic acid","Result_Measure_Value":68.99,"Result_Unit_of_Measure":"%"}},{"type":"Feature","geometry":{"type":"Point","coordinates":[-88.1497219999999,47.4630560000001]},"properties":{"F_Monitoring_Location_Identifier":"EPA_GLNPO-E","Location_Name":"Eagle Harbor (IADN EGH)","State":" MI","EPA_Region":"05","HUC":"04020103","Organization":"EPA Great Lakes National Program","Environmental_Media_Name":"Air","Activity_Media_Subdivision_Name":"Air moisture","Project_Name":"IADN-US 2021","PFAS_Chemical_Name":"Heptafluorobutyric acid***retired***use Perfluorobutanoic acid","Result_Measure_Value__ppt_":10.218100368189,"Result_Measure_Value":10218.1003681893,"Result_Unit_of_Measure":"pg/L"}},{"type":"Feature","geometry":{"type":"Point","coordinates":[-88.1497219999999,47.4630560000001]},"properties":{"F_Monitoring_Location_Identifier":"EPA_GLNPO-E","Location_Name":"Eagle Harbor (IADN EGH)","State":" MI","EPA_Region":"05","HUC":"04020103","Organization":"EPA Great Lakes National Program","Environmental_Media_Name":"Air","Activity_Media_Subdivision_Name":"Air moisture","Project_Name":"IADN-US 2021","PFAS_Chemical_Name":"Perfluorononanoic acid","CAS_Number":"375-95-1","Result_Measure_Value__ppt_":0.14356451614061,"Result_Measure_Value":143.56451614061,"Result_Unit_of_Measure":"pg/L"}},{"type":"Feature","geometry":{"type":"Point","coordinates":[-88.1497219999999,47.4630560000001]},"properties":{"F_Monitoring_Location_Identifier":"EPA_GLNPO-E","Location_Name":"Eagle Harbor (IADN EGH)","State":" MI","EPA_Region":"05","HUC":"04020103","Organization":"EPA Great Lakes National Program","Environmental_Media_Name":"Air","Activity_Media_Subdivision_Name":"Air moisture","Project_Name":"IADN-US 2021","PFAS_Chemical_Name":"Perfluoro[1,2-13C2]hexanoic acid","Result_Measure_Value":74.335,"Result_Unit_of_Measure":"%"}},{"type":"Feature","geometry":{"type":"Point","coordinates":[-88.1497219999999,47.4630560000001]},"properties":{"F_Monitoring_Location_Identifier":"EPA_GLNPO-E","Location_Name":"Eagle Harbor (IADN EGH)","State":" MI","EPA_Region":"05","HUC":"04020103","Organization":"EPA Great Lakes National Program","Environmental_Media_Name":"Air","Activity_Media_Subdivision_Name":"Air moisture","Project_Name":"IADN-US 2021","PFAS_Chemical_Name":"Perfluorohexanoic acid","CAS_Number":"307-24-4","Result_Measure_Value__ppt_":0.18111148994204,"Result_Measure_Value":181.111489942039,"Result_Unit_of_Measure":"pg/L"}},{"type":"Feature","geometry":{"type":"Point","coordinates":[-88.1497219999999,47.4630560000001]},"properties":{"F_Monitoring_Location_Identifier":"EPA_GLNPO-E","Location_Name":"Eagle Harbor (IADN EGH)","State":" MI","EPA_Region":"05","HUC":"04020103","Organization":"EPA Great Lakes National Program","Environmental_Media_Name":"Air","Activity_Media_Subdivision_Name":"Air moisture","Project_Name":"IADN-US 2021","PFAS_Chemical_Name":"Perfluoro[1,2-13C2]undecanoic acid","CAS_Number":"960315-51-9","Result_Measure_Value":79.225,"Result_Unit_of_Measure":"%"}},{"type":"Feature","geometry":{"type":"Point","coordinates":[-88.1497219999999,47.4630560000001]},"properties":{"F_Monitoring_Location_Identifier":"EPA_GLNPO-E","Location_Name":"Eagle Harbor (IADN EGH)","State":" MI","EPA_Region":"05","HUC":"04020103","Organization":"EPA Great Lakes National Program","Environmental_Media_Name":"Air","Activity_Media_Subdivision_Name":"Air moisture","Project_Name":"IADN-US 2021","PFAS_Chemical_Name":"Heptafluorobutyric acid***retired***use Perfluorobutanoic acid","Result_Measure_Value__ppt_":3.5789206349206,"Result_Measure_Value":3578.92063492063,"Result_Unit_of_Measure":"pg/L"}},{"type":"Feature","geometry":{"type":"Point","coordinates":[-88.1497219999999,47.4630560000001]},"properties":{"F_Monitoring_Location_Identifier":"EPA_GLNPO-E","Location_Name":"Eagle Harbor (IADN EGH)","State":" MI","EPA_Region":"05","HUC":"04020103","Organization":"EPA Great Lakes National Program","Environmental_Media_Name":"Air","Activity_Media_Subdivision_Name":"Air moisture","Project_Name":"IADN-US 2021","PFAS_Chemical_Name":"Perfluoro[1,2-13C2]undecanoic acid","CAS_Number":"960315-51-9","Result_Measure_Value":83.835,"Result_Unit_of_Measure":"%"}},{"type":"Feature","geometry":{"type":"Point","coordinates":[-88.1497219999999,47.4630560000001]},"properties":{"F_Monitoring_Location_Identifier":"EPA_GLNPO-E","Location_Name":"Eagle Harbor (IADN EGH)","State":" MI","EPA_Region":"05","HUC":"04020103","Organization":"EPA Great Lakes National Program","Environmental_Media_Name":"Air","Activity_Media_Subdivision_Name":"Air moisture","Project_Name":"IADN-US 2021","PFAS_Chemical_Name":"Perfluorobutylsulfonamide","CAS_Number":"30334-69-1","Result_Measure_Value__ppt_":0.33656682029201,"Result_Measure_Value":336.566820292008,"Result_Unit_of_Measure":"pg/L"}},{"type":"Feature","geometry":{"type":"Point","coordinates":[-88.1497219999999,47.4630560000001]},"properties":{"F_Monitoring_Location_Identifier":"EPA_GLNPO-E","Location_Name":"Eagle Harbor (IADN EGH)","State":" MI","EPA_Region":"05","HUC":"04020103","Organization":"EPA Great Lakes National Program","Environmental_Media_Name":"Air","Activity_Media_Subdivision_Name":"Air moisture","Project_Name":"IADN-US 2021","PFAS_Chemical_Name":"Perfluorohexanoic acid","CAS_Number":"307-24-4","Result_Measure_Value__ppt_":0.2736601223663,"Result_Measure_Value":273.660122366303,"Result_Unit_of_Measure":"pg/L"}},{"type":"Feature","geometry":{"type":"Point","coordinates":[-88.1497219999999,47.4630560000001]},"properties":{"F_Monitoring_Location_Identifier":"EPA_GLNPO-E","Location_Name":"Eagle Harbor (IADN EGH)","State":" MI","EPA_Region":"05","HUC":"04020103","Organization":"EPA Great Lakes National Program","Environmental_Media_Name":"Air","Activity_Media_Subdivision_Name":"Air moisture","Project_Name":"IADN-US 2021","PFAS_Chemical_Name":"Perfluoro[1,2-13C2]tetradecanoic acid","Result_Measure_Value":82.23,"Result_Unit_of_Measure":"%"}},{"type":"Feature","geometry":{"type":"Point","coordinates":[-88.1497219999999,47.4630560000001]},"properties":{"F_Monitoring_Location_Identifier":"EPA_GLNPO-E","Location_Name":"Eagle Harbor (IADN EGH)","State":" MI","EPA_Region":"05","HUC":"04020103","Organization":"EPA Great Lakes National Program","Environmental_Media_Name":"Air","Activity_Media_Subdivision_Name":"Air moisture","Project_Name":"IADN-US 2021","PFAS_Chemical_Name":"Perfluorooctanoic acid","CAS_Number":"335-67-1","Result_Measure_Value__ppt_":0.2395161290433,"Result_Measure_Value":239.516129043296,"Result_Unit_of_Measure":"pg/L"}},{"type":"Feature","geometry":{"type":"Point","coordinates":[-88.1497219999999,47.4630560000001]},"properties":{"F_Monitoring_Location_Identifier":"EPA_GLNPO-E","Location_Name":"Eagle Harbor (IADN EGH)","State":" MI","EPA_Region":"05","HUC":"04020103","Organization":"EPA Great Lakes National Program","Environmental_Media_Name":"Air","Activity_Media_Subdivision_Name":"Air moisture","Project_Name":"IADN-US 2021","PFAS_Chemical_Name":"Perfluoroheptanoic acid","CAS_Number":"375-85-9","Result_Measure_Value__ppt_":0.22694349539799,"Result_Measure_Value":226.943495397985,"Result_Unit_of_Measure":"pg/L"}},{"type":"Feature","geometry":{"type":"Point","coordinates":[-88.1497219999999,47.4630560000001]},"properties":{"F_Monitoring_Location_Identifier":"EPA_GLNPO-E","Location_Name":"Eagle Harbor (IADN EGH)","State":" MI","EPA_Region":"05","HUC":"04020103","Organization":"EPA Great Lakes National Program","Environmental_Media_Name":"Air","Activity_Media_Subdivision_Name":"Air moisture","Project_Name":"IADN-US 2021","PFAS_Chemical_Name":"Perfluorooctanoic acid","CAS_Number":"335-67-1","Result_Measure_Value__ppt_":1.1139784956884,"Result_Measure_Value":1113.97849568839,"Result_Unit_of_Measure":"pg/L"}},{"type":"Feature","geometry":{"type":"Point","coordinates":[-88.1497219999999,47.4630560000001]},"properties":{"F_Monitoring_Location_Identifier":"EPA_GLNPO-E","Location_Name":"Eagle Harbor (IADN EGH)","State":" MI","EPA_Region":"05","HUC":"04020103","Organization":"EPA Great Lakes National Program","Environmental_Media_Name":"Air","Activity_Media_Subdivision_Name":"Air moisture","Project_Name":"IADN-US 2021","PFAS_Chemical_Name":"Heptafluorobutyric acid***retired***use Perfluorobutanoic acid","Result_Measure_Value__ppt_":1.7416705838444,"Result_Measure_Value":1741.67058384444,"Result_Unit_of_Measure":"pg/L"}},{"type":"Feature","geometry":{"type":"Point","coordinates":[-88.1497219999999,47.4630560000001]},"properties":{"F_Monitoring_Location_Identifier":"EPA_GLNPO-E","Location_Name":"Eagle Harbor (IADN EGH)","State":" MI","EPA_Region":"05","HUC":"04020103","Organization":"EPA Great Lakes National Program","Environmental_Media_Name":"Air","Activity_Media_Subdivision_Name":"Air moisture","Project_Name":"IADN-US 2021","PFAS_Chemical_Name":"Sodium perfluoro-1-hexane[18O2]sulfonate","Result_Measure_Value":86.105,"Result_Unit_of_Measure":"%"}},{"type":"Feature","geometry":{"type":"Point","coordinates":[-88.1497219999999,47.4630560000001]},"properties":{"F_Monitoring_Location_Identifier":"EPA_GLNPO-E","Location_Name":"Eagle Harbor (IADN EGH)","State":" MI","EPA_Region":"05","HUC":"04020103","Organization":"EPA Great Lakes National Program","Environmental_Media_Name":"Air","Activity_Media_Subdivision_Name":"Air moisture","Project_Name":"IADN-US 2021","PFAS_Chemical_Name":"Perfluoro[1,2-13C2]undecanoic acid","CAS_Number":"960315-51-9","Result_Measure_Value":102.715,"Result_Unit_of_Measure":"%"}},{"type":"Feature","geometry":{"type":"Point","coordinates":[-88.1497219999999,47.4630560000001]},"properties":{"F_Monitoring_Location_Identifier":"EPA_GLNPO-E","Location_Name":"Eagle Harbor (IADN EGH)","State":" MI","EPA_Region":"05","HUC":"04020103","Organization":"EPA Great Lakes National Program","Environmental_Media_Name":"Air","Activity_Media_Subdivision_Name":"Air moisture","Project_Name":"IADN-US 2021","PFAS_Chemical_Name":"Heptafluorobutyric acid***retired***use Perfluorobutanoic acid","Result_Measure_Value__ppt_":4.952,"Result_Measure_Value":4952,"Result_Unit_of_Measure":"pg/L"}},{"type":"Feature","geometry":{"type":"Point","coordinates":[-88.1497219999999,47.4630560000001]},"properties":{"F_Monitoring_Location_Identifier":"EPA_GLNPO-E","Location_Name":"Eagle Harbor (IADN EGH)","State":" MI","EPA_Region":"05","HUC":"04020103","Organization":"EPA Great Lakes National Program","Environmental_Media_Name":"Air","Activity_Media_Subdivision_Name":"Air moisture","Project_Name":"IADN-US 2021","PFAS_Chemical_Name":"Perfluoro[1,2-13C2]tetradecanoic acid","Result_Measure_Value":46.175,"Result_Unit_of_Measure":"%"}},{"type":"Feature","geometry":{"type":"Point","coordinates":[-88.1497219999999,47.4630560000001]},"properties":{"F_Monitoring_Location_Identifier":"EPA_GLNPO-E","Location_Name":"Eagle Harbor (IADN EGH)","State":" MI","EPA_Region":"05","HUC":"04020103","Organization":"EPA Great Lakes National Program","Environmental_Media_Name":"Air","Activity_Media_Subdivision_Name":"Air moisture","Project_Name":"IADN-US 2021","PFAS_Chemical_Name":"Perfluorohexanoic acid","CAS_Number":"307-24-4","Result_Measure_Value__ppt_":0.28696182431818,"Result_Measure_Value":286.961824318176,"Result_Unit_of_Measure":"pg/L"}},{"type":"Feature","geometry":{"type":"Point","coordinates":[-88.1497219999999,47.4630560000001]},"properties":{"F_Monitoring_Location_Identifier":"EPA_GLNPO-E","Location_Name":"Eagle Harbor (IADN EGH)","State":" MI","EPA_Region":"05","HUC":"04020103","Organization":"EPA Great Lakes National Program","Environmental_Media_Name":"Air","Activity_Media_Subdivision_Name":"Air moisture","Project_Name":"IADN-US 2021","PFAS_Chemical_Name":"Perfluoro[1,2-13C2]tetradecanoic acid","Result_Measure_Value":78.155,"Result_Unit_of_Measure":"%"}},{"type":"Feature","geometry":{"type":"Point","coordinates":[-88.1497219999999,47.4630560000001]},"properties":{"F_Monitoring_Location_Identifier":"EPA_GLNPO-E","Location_Name":"Eagle Harbor (IADN EGH)","State":" MI","EPA_Region":"05","HUC":"04020103","Organization":"EPA Great Lakes National Program","Environmental_Media_Name":"Air","Activity_Media_Subdivision_Name":"Air moisture","Project_Name":"IADN-US 2021","PFAS_Chemical_Name":"Perfluorobutylsulfonamide","CAS_Number":"30334-69-1","Result_Measure_Value__ppt_":0.089962009287125,"Result_Measure_Value":89.9620092871252,"Result_Unit_of_Measure":"pg/L"}},{"type":"Feature","geometry":{"type":"Point","coordinates":[-88.1497219999999,47.4630560000001]},"properties":{"F_Monitoring_Location_Identifier":"EPA_GLNPO-E","Location_Name":"Eagle Harbor (IADN EGH)","State":" MI","EPA_Region":"05","HUC":"04020103","Organization":"EPA Great Lakes National Program","Environmental_Media_Name":"Air","Activity_Media_Subdivision_Name":"Air moisture","Project_Name":"IADN-US 2021","PFAS_Chemical_Name":"Heptafluorobutyric acid***retired***use Perfluorobutanoic acid","Result_Measure_Value__ppt_":1.2566996057663,"Result_Measure_Value":1256.69960576634,"Result_Unit_of_Measure":"pg/L"}},{"type":"Feature","geometry":{"type":"Point","coordinates":[-88.1497219999999,47.4630560000001]},"properties":{"F_Monitoring_Location_Identifier":"EPA_GLNPO-E","Location_Name":"Eagle Harbor (IADN EGH)","State":" MI","EPA_Region":"05","HUC":"04020103","Organization":"EPA Great Lakes National Program","Environmental_Media_Name":"Air","Activity_Media_Subdivision_Name":"Air moisture","Project_Name":"IADN-US 2021","PFAS_Chemical_Name":"Perfluorovaleric acid","CAS_Number":"2706-90-3","Result_Measure_Value__ppt_":0.4616126984127,"Result_Measure_Value":461.612698412698,"Result_Unit_of_Measure":"pg/L"}},{"type":"Feature","geometry":{"type":"Point","coordinates":[-88.1497219999999,47.4630560000001]},"properties":{"F_Monitoring_Location_Identifier":"EPA_GLNPO-E","Location_Name":"Eagle Harbor (IADN EGH)","State":" MI","EPA_Region":"05","HUC":"04020103","Organization":"EPA Great Lakes National Program","Environmental_Media_Name":"Air","Activity_Media_Subdivision_Name":"Air moisture","Project_Name":"IADN-US 2021","PFAS_Chemical_Name":"Perfluorooctane sulfonic acid","CAS_Number":"1763-23-1","Result_Measure_Value__ppt_":0.29128888888565,"Result_Measure_Value":291.288888885652,"Result_Unit_of_Measure":"pg/L"}},{"type":"Feature","geometry":{"type":"Point","coordinates":[-88.1497219999999,47.4630560000001]},"properties":{"F_Monitoring_Location_Identifier":"EPA_GLNPO-E","Location_Name":"Eagle Harbor (IADN EGH)","State":" MI","EPA_Region":"05","HUC":"04020103","Organization":"EPA Great Lakes National Program","Environmental_Media_Name":"Air","Activity_Media_Subdivision_Name":"Air moisture","Project_Name":"IADN-US 2021","PFAS_Chemical_Name":"Perfluorohexanoic acid","CAS_Number":"307-24-4","Result_Measure_Value__ppt_":0.21670909091697,"Result_Measure_Value":216.709090916971,"Result_Unit_of_Measure":"pg/L"}},{"type":"Feature","geometry":{"type":"Point","coordinates":[-88.1497219999999,47.4630560000001]},"properties":{"F_Monitoring_Location_Identifier":"EPA_GLNPO-E","Location_Name":"Eagle Harbor (IADN EGH)","State":" MI","EPA_Region":"05","HUC":"04020103","Organization":"EPA Great Lakes National Program","Environmental_Media_Name":"Air","Activity_Media_Subdivision_Name":"Air moisture","Project_Name":"IADN-US 2021","PFAS_Chemical_Name":"Perfluoroundecanoate","CAS_Number":"196859-54-8","Result_Measure_Value__ppt_":0.096003846150523,"Result_Measure_Value":96.0038461505229,"Result_Unit_of_Measure":"pg/L"}},{"type":"Feature","geometry":{"type":"Point","coordinates":[-88.1497219999999,47.4630560000001]},"properties":{"F_Monitoring_Location_Identifier":"EPA_GLNPO-E","Location_Name":"Eagle Harbor (IADN EGH)","State":" MI","EPA_Region":"05","HUC":"04020103","Organization":"EPA Great Lakes National Program","Environmental_Media_Name":"Air","Activity_Media_Subdivision_Name":"Air moisture","Project_Name":"IADN-US 2021","PFAS_Chemical_Name":"Perfluorobutylsulfonamide","CAS_Number":"30334-69-1","Result_Measure_Value__ppt_":0.12137037036902,"Result_Measure_Value":121.370370369022,"Result_Unit_of_Measure":"pg/L"}},{"type":"Feature","geometry":{"type":"Point","coordinates":[-88.1497219999999,47.4630560000001]},"properties":{"F_Monitoring_Location_Identifier":"EPA_GLNPO-E","Location_Name":"Eagle Harbor (IADN EGH)","State":" MI","EPA_Region":"05","HUC":"04020103","Organization":"EPA Great Lakes National Program","Environmental_Media_Name":"Air","Activity_Media_Subdivision_Name":"Air moisture","Project_Name":"IADN-US 2021","PFAS_Chemical_Name":"Perfluoro[1,2-13C2]tetradecanoic acid","Result_Measure_Value":68.81,"Result_Unit_of_Measure":"%"}},{"type":"Feature","geometry":{"type":"Point","coordinates":[-88.1497219999999,47.4630560000001]},"properties":{"F_Monitoring_Location_Identifier":"EPA_GLNPO-E","Location_Name":"Eagle Harbor (IADN EGH)","State":" MI","EPA_Region":"05","HUC":"04020103","Organization":"EPA Great Lakes National Program","Environmental_Media_Name":"Air","Activity_Media_Subdivision_Name":"Air moisture","Project_Name":"IADN-US 2021","PFAS_Chemical_Name":"Perfluorooctanoic acid","CAS_Number":"335-67-1","Result_Measure_Value__ppt_":0.498,"Result_Measure_Value":498,"Result_Unit_of_Measure":"pg/L"}},{"type":"Feature","geometry":{"type":"Point","coordinates":[-88.1497219999999,47.4630560000001]},"properties":{"F_Monitoring_Location_Identifier":"EPA_GLNPO-E","Location_Name":"Eagle Harbor (IADN EGH)","State":" MI","EPA_Region":"05","HUC":"04020103","Organization":"EPA Great Lakes National Program","Environmental_Media_Name":"Air","Activity_Media_Subdivision_Name":"Air moisture","Project_Name":"IADN-US 2021","PFAS_Chemical_Name":"Perfluoro[1,2-13C2]undecanoic acid","CAS_Number":"960315-51-9","Result_Measure_Value":86.145,"Result_Unit_of_Measure":"%"}},{"type":"Feature","geometry":{"type":"Point","coordinates":[-88.1497219999999,47.4630560000001]},"properties":{"F_Monitoring_Location_Identifier":"EPA_GLNPO-E","Location_Name":"Eagle Harbor (IADN EGH)","State":" MI","EPA_Region":"05","HUC":"04020103","Organization":"EPA Great Lakes National Program","Environmental_Media_Name":"Air","Activity_Media_Subdivision_Name":"Air moisture","Project_Name":"IADN-US 2021","PFAS_Chemical_Name":"Sodium perfluoro-1-hexane[18O2]sulfonate","Result_Measure_Value":64.53,"Result_Unit_of_Measure":"%"}},{"type":"Feature","geometry":{"type":"Point","coordinates":[-88.1497219999999,47.4630560000001]},"properties":{"F_Monitoring_Location_Identifier":"EPA_GLNPO-E","Location_Name":"Eagle Harbor (IADN EGH)","State":" MI","EPA_Region":"05","HUC":"04020103","Organization":"EPA Great Lakes National Program","Environmental_Media_Name":"Air","Activity_Media_Subdivision_Name":"Air moisture","Project_Name":"IADN-US 2021","PFAS_Chemical_Name":"Sodium perfluoro-1-hexane[18O2]sulfonate","Result_Measure_Value":89.015,"Result_Unit_of_Measure":"%"}},{"type":"Feature","geometry":{"type":"Point","coordinates":[-88.1497219999999,47.4630560000001]},"properties":{"F_Monitoring_Location_Identifier":"EPA_GLNPO-E","Location_Name":"Eagle Harbor (IADN EGH)","State":" MI","EPA_Region":"05","HUC":"04020103","Organization":"EPA Great Lakes National Program","Environmental_Media_Name":"Air","Activity_Media_Subdivision_Name":"Air moisture","Project_Name":"IADN-US 2021","PFAS_Chemical_Name":"Heptafluorobutyric acid***retired***use Perfluorobutanoic acid","Result_Measure_Value__ppt_":1.4490863636891,"Result_Measure_Value":1449.08636368906,"Result_Unit_of_Measure":"pg/L"}},{"type":"Feature","geometry":{"type":"Point","coordinates":[-88.1497219999999,47.4630560000001]},"properties":{"F_Monitoring_Location_Identifier":"EPA_GLNPO-E","Location_Name":"Eagle Harbor (IADN EGH)","State":" MI","EPA_Region":"05","HUC":"04020103","Organization":"EPA Great Lakes National Program","Environmental_Media_Name":"Air","Activity_Media_Subdivision_Name":"Air moisture","Project_Name":"IADN-US 2021","PFAS_Chemical_Name":"Perfluorobutylsulfonamide","CAS_Number":"30334-69-1","Result_Measure_Value__ppt_":0.29968699079788,"Result_Measure_Value":299.686990797875,"Result_Unit_of_Measure":"pg/L"}},{"type":"Feature","geometry":{"type":"Point","coordinates":[-88.1497219999999,47.4630560000001]},"properties":{"F_Monitoring_Location_Identifier":"EPA_GLNPO-E","Location_Name":"Eagle Harbor (IADN EGH)","State":" MI","EPA_Region":"05","HUC":"04020103","Organization":"EPA Great Lakes National Program","Environmental_Media_Name":"Air","Activity_Media_Subdivision_Name":"Air moisture","Project_Name":"IADN-US 2021","PFAS_Chemical_Name":"Perfluorohexanoic acid","CAS_Number":"307-24-4","Result_Measure_Value__ppt_":0.33722926828939,"Result_Measure_Value":337.229268289393,"Result_Unit_of_Measure":"pg/L"}},{"type":"Feature","geometry":{"type":"Point","coordinates":[-88.1497219999999,47.4630560000001]},"properties":{"F_Monitoring_Location_Identifier":"EPA_GLNPO-E","Location_Name":"Eagle Harbor (IADN EGH)","State":" MI","EPA_Region":"05","HUC":"04020103","Organization":"EPA Great Lakes National Program","Environmental_Media_Name":"Air","Activity_Media_Subdivision_Name":"Air moisture","Project_Name":"IADN-US 2021","PFAS_Chemical_Name":"Perfluorooctanoic acid","CAS_Number":"335-67-1","Result_Measure_Value__ppt_":0.095792880259439,"Result_Measure_Value":95.7928802594388,"Result_Unit_of_Measure":"pg/L"}},{"type":"Feature","geometry":{"type":"Point","coordinates":[-88.1497219999999,47.4630560000001]},"properties":{"F_Monitoring_Location_Identifier":"EPA_GLNPO-E","Location_Name":"Eagle Harbor (IADN EGH)","State":" MI","EPA_Region":"05","HUC":"04020103","Organization":"EPA Great Lakes National Program","Environmental_Media_Name":"Air","Activity_Media_Subdivision_Name":"Air moisture","Project_Name":"IADN-US 2021","PFAS_Chemical_Name":"Sodium perfluoro-1-hexane[18O2]sulfonate","Result_Measure_Value":94.03,"Result_Unit_of_Measure":"%"}},{"type":"Feature","geometry":{"type":"Point","coordinates":[-88.1497219999999,47.4630560000001]},"properties":{"F_Monitoring_Location_Identifier":"EPA_GLNPO-E","Location_Name":"Eagle Harbor (IADN EGH)","State":" MI","EPA_Region":"05","HUC":"04020103","Organization":"EPA Great Lakes National Program","Environmental_Media_Name":"Air","Activity_Media_Subdivision_Name":"Air moisture","Project_Name":"IADN-US 2021","PFAS_Chemical_Name":"Perfluorooctanoic acid","CAS_Number":"335-67-1","Result_Measure_Value__ppt_":0.17292874190249,"Result_Measure_Value":172.928741902489,"Result_Unit_of_Measure":"pg/L"}},{"type":"Feature","geometry":{"type":"Point","coordinates":[-88.1497219999999,47.4630560000001]},"properties":{"F_Monitoring_Location_Identifier":"EPA_GLNPO-E","Location_Name":"Eagle Harbor (IADN EGH)","State":" MI","EPA_Region":"05","HUC":"04020103","Organization":"EPA Great Lakes National Program","Environmental_Media_Name":"Air","Activity_Media_Subdivision_Name":"Air moisture","Project_Name":"IADN-US 2021","PFAS_Chemical_Name":"Perfluoroheptanoic acid","CAS_Number":"375-85-9","Result_Measure_Value__ppt_":0.22228304861749,"Result_Measure_Value":222.283048617491,"Result_Unit_of_Measure":"pg/L"}},{"type":"Feature","geometry":{"type":"Point","coordinates":[-88.1497219999999,47.4630560000001]},"properties":{"F_Monitoring_Location_Identifier":"EPA_GLNPO-E","Location_Name":"Eagle Harbor (IADN EGH)","State":" MI","EPA_Region":"05","HUC":"04020103","Organization":"EPA Great Lakes National Program","Environmental_Media_Name":"Air","Activity_Media_Subdivision_Name":"Air moisture","Project_Name":"IADN-US 2021","PFAS_Chemical_Name":"Perfluoro[1,2-13C2]tetradecanoic acid","Result_Measure_Value":74.435,"Result_Unit_of_Measure":"%"}},{"type":"Feature","geometry":{"type":"Point","coordinates":[-88.1497219999999,47.4630560000001]},"properties":{"F_Monitoring_Location_Identifier":"EPA_GLNPO-E","Location_Name":"Eagle Harbor (IADN EGH)","State":" MI","EPA_Region":"05","HUC":"04020103","Organization":"EPA Great Lakes National Program","Environmental_Media_Name":"Air","Activity_Media_Subdivision_Name":"Air moisture","Project_Name":"IADN-US 2021","PFAS_Chemical_Name":"Sodium perfluoro-1-hexane[18O2]sulfonate","Result_Measure_Value":87.37,"Result_Unit_of_Measure":"%"}},{"type":"Feature","geometry":{"type":"Point","coordinates":[-88.1497219999999,47.4630560000001]},"properties":{"F_Monitoring_Location_Identifier":"EPA_GLNPO-E","Location_Name":"Eagle Harbor (IADN EGH)","State":" MI","EPA_Region":"05","HUC":"04020103","Organization":"EPA Great Lakes National Program","Environmental_Media_Name":"Air","Activity_Media_Subdivision_Name":"Air moisture","Project_Name":"IADN-US 2021","PFAS_Chemical_Name":"Perfluoro[1,2-13C2]tetradecanoic acid","Result_Measure_Value":74.435,"Result_Unit_of_Measure":"%"}},{"type":"Feature","geometry":{"type":"Point","coordinates":[-88.1497219999999,47.4630560000001]},"properties":{"F_Monitoring_Location_Identifier":"EPA_GLNPO-E","Location_Name":"Eagle Harbor (IADN EGH)","State":" MI","EPA_Region":"05","HUC":"04020103","Organization":"EPA Great Lakes National Program","Environmental_Media_Name":"Air","Activity_Media_Subdivision_Name":"Air moisture","Project_Name":"IADN-US 2021","PFAS_Chemical_Name":"Perfluorovaleric acid","CAS_Number":"2706-90-3","Result_Measure_Value__ppt_":0.36497745031484,"Result_Measure_Value":364.977450314843,"Result_Unit_of_Measure":"pg/L"}},{"type":"Feature","geometry":{"type":"Point","coordinates":[-88.1497219999999,47.4630560000001]},"properties":{"F_Monitoring_Location_Identifier":"EPA_GLNPO-E","Location_Name":"Eagle Harbor (IADN EGH)","State":" MI","EPA_Region":"05","HUC":"04020103","Organization":"EPA Great Lakes National Program","Environmental_Media_Name":"Air","Activity_Media_Subdivision_Name":"Air moisture","Project_Name":"IADN-US 2021","PFAS_Chemical_Name":"Perfluoro[1,2-13C2]undecanoic acid","CAS_Number":"960315-51-9","Result_Measure_Value":79.035,"Result_Unit_of_Measure":"%"}},{"type":"Feature","geometry":{"type":"Point","coordinates":[-88.1497219999999,47.4630560000001]},"properties":{"F_Monitoring_Location_Identifier":"EPA_GLNPO-E","Location_Name":"Eagle Harbor (IADN EGH)","State":" MI","EPA_Region":"05","HUC":"04020103","Organization":"EPA Great Lakes National Program","Environmental_Media_Name":"Air","Activity_Media_Subdivision_Name":"Air moisture","Project_Name":"IADN-US 2021","PFAS_Chemical_Name":"Perfluorohexanoic acid","CAS_Number":"307-24-4","Result_Measure_Value__ppt_":0.50420454546273,"Result_Measure_Value":504.204545462731,"Result_Unit_of_Measure":"pg/L"}},{"type":"Feature","geometry":{"type":"Point","coordinates":[-88.1497219999999,47.4630560000001]},"properties":{"F_Monitoring_Location_Identifier":"EPA_GLNPO-E","Location_Name":"Eagle Harbor (IADN EGH)","State":" MI","EPA_Region":"05","HUC":"04020103","Organization":"EPA Great Lakes National Program","Environmental_Media_Name":"Air","Activity_Media_Subdivision_Name":"Air moisture","Project_Name":"IADN-US 2021","PFAS_Chemical_Name":"Perfluorobutylsulfonamide","CAS_Number":"30334-69-1","Result_Measure_Value__ppt_":0.26098501970768,"Result_Measure_Value":260.985019707683,"Result_Unit_of_Measure":"pg/L"}},{"type":"Feature","geometry":{"type":"Point","coordinates":[-88.1497219999999,47.4630560000001]},"properties":{"F_Monitoring_Location_Identifier":"EPA_GLNPO-E","Location_Name":"Eagle Harbor (IADN EGH)","State":" MI","EPA_Region":"05","HUC":"04020103","Organization":"EPA Great Lakes National Program","Environmental_Media_Name":"Air","Activity_Media_Subdivision_Name":"Air moisture","Project_Name":"IADN-US 2021","PFAS_Chemical_Name":"Perfluorovaleric acid","CAS_Number":"2706-90-3","Result_Measure_Value__ppt_":1.6626818182423,"Result_Measure_Value":1662.68181824228,"Result_Unit_of_Measure":"pg/L"}},{"type":"Feature","geometry":{"type":"Point","coordinates":[-88.1497219999999,47.4630560000001]},"properties":{"F_Monitoring_Location_Identifier":"EPA_GLNPO-E","Location_Name":"Eagle Harbor (IADN EGH)","State":" MI","EPA_Region":"05","HUC":"04020103","Organization":"EPA Great Lakes National Program","Environmental_Media_Name":"Air","Activity_Media_Subdivision_Name":"Air moisture","Project_Name":"IADN-US 2021","PFAS_Chemical_Name":"Perfluorohexanoic acid","CAS_Number":"307-24-4","Result_Measure_Value__ppt_":0.18891705069995,"Result_Measure_Value":188.91705069995,"Result_Unit_of_Measure":"pg/L"}},{"type":"Feature","geometry":{"type":"Point","coordinates":[-88.1497219999999,47.4630560000001]},"properties":{"F_Monitoring_Location_Identifier":"EPA_GLNPO-E","Location_Name":"Eagle Harbor (IADN EGH)","State":" MI","EPA_Region":"05","HUC":"04020103","Organization":"EPA Great Lakes National Program","Environmental_Media_Name":"Air","Activity_Media_Subdivision_Name":"Air moisture","Project_Name":"IADN-US 2021","PFAS_Chemical_Name":"Perfluoropalmitic acid","CAS_Number":"67905-19-5","Result_Measure_Value__ppt_":0.27173225808643,"Result_Measure_Value":271.73225808643,"Result_Unit_of_Measure":"pg/L"}},{"type":"Feature","geometry":{"type":"Point","coordinates":[-88.1497219999999,47.4630560000001]},"properties":{"F_Monitoring_Location_Identifier":"EPA_GLNPO-E","Location_Name":"Eagle Harbor (IADN EGH)","State":" MI","EPA_Region":"05","HUC":"04020103","Organization":"EPA Great Lakes National Program","Environmental_Media_Name":"Air","Activity_Media_Subdivision_Name":"Air moisture","Project_Name":"IADN-US 2021","PFAS_Chemical_Name":"Perfluoro[1,2-13C2]undecanoic acid","CAS_Number":"960315-51-9","Result_Measure_Value":90.63,"Result_Unit_of_Measure":"%"}},{"type":"Feature","geometry":{"type":"Point","coordinates":[-88.1497219999999,47.4630560000001]},"properties":{"F_Monitoring_Location_Identifier":"EPA_GLNPO-E","Location_Name":"Eagle Harbor (IADN EGH)","State":" MI","EPA_Region":"05","HUC":"04020103","Organization":"EPA Great Lakes National Program","Environmental_Media_Name":"Air","Activity_Media_Subdivision_Name":"Air moisture","Project_Name":"IADN-US 2021","PFAS_Chemical_Name":"Perfluoro[1,2-13C2]hexanoic acid","Result_Measure_Value":132.755,"Result_Unit_of_Measure":"%"}},{"type":"Feature","geometry":{"type":"Point","coordinates":[-88.1497219999999,47.4630560000001]},"properties":{"F_Monitoring_Location_Identifier":"EPA_GLNPO-E","Location_Name":"Eagle Harbor (IADN EGH)","State":" MI","EPA_Region":"05","HUC":"04020103","Organization":"EPA Great Lakes National Program","Environmental_Media_Name":"Air","Activity_Media_Subdivision_Name":"Air moisture","Project_Name":"IADN-US 2021","PFAS_Chemical_Name":"Perfluorononanoic acid","CAS_Number":"375-95-1","Result_Measure_Value__ppt_":0.4635,"Result_Measure_Value":463.5,"Result_Unit_of_Measure":"pg/L"}},{"type":"Feature","geometry":{"type":"Point","coordinates":[-88.1497219999999,47.4630560000001]},"properties":{"F_Monitoring_Location_Identifier":"EPA_GLNPO-E","Location_Name":"Eagle Harbor (IADN EGH)","State":" MI","EPA_Region":"05","HUC":"04020103","Organization":"EPA Great Lakes National Program","Environmental_Media_Name":"Air","Activity_Media_Subdivision_Name":"Air moisture","Project_Name":"IADN-US 2021","PFAS_Chemical_Name":"Perfluorononanoic acid","CAS_Number":"375-95-1","Result_Measure_Value__ppt_":0.16448730159226,"Result_Measure_Value":164.487301592262,"Result_Unit_of_Measure":"pg/L"}},{"type":"Feature","geometry":{"type":"Point","coordinates":[-88.1497219999999,47.4630560000001]},"properties":{"F_Monitoring_Location_Identifier":"EPA_GLNPO-E","Location_Name":"Eagle Harbor (IADN EGH)","State":" MI","EPA_Region":"05","HUC":"04020103","Organization":"EPA Great Lakes National Program","Environmental_Media_Name":"Air","Activity_Media_Subdivision_Name":"Air moisture","Project_Name":"IADN-US 2021","PFAS_Chemical_Name":"Perfluorononanoic acid","CAS_Number":"375-95-1","Result_Measure_Value__ppt_":0.22723737887152,"Result_Measure_Value":227.23737887152,"Result_Unit_of_Measure":"pg/L"}},{"type":"Feature","geometry":{"type":"Point","coordinates":[-88.1497219999999,47.4630560000001]},"properties":{"F_Monitoring_Location_Identifier":"EPA_GLNPO-E","Location_Name":"Eagle Harbor (IADN EGH)","State":" MI","EPA_Region":"05","HUC":"04020103","Organization":"EPA Great Lakes National Program","Environmental_Media_Name":"Air","Activity_Media_Subdivision_Name":"Air moisture","Project_Name":"IADN-US 2021","PFAS_Chemical_Name":"Perfluorononanoic acid","CAS_Number":"375-95-1","Result_Measure_Value__ppt_":0.12124246215979,"Result_Measure_Value":121.242462159791,"Result_Unit_of_Measure":"pg/L"}},{"type":"Feature","geometry":{"type":"Point","coordinates":[-88.1497219999999,47.4630560000001]},"properties":{"F_Monitoring_Location_Identifier":"EPA_GLNPO-E","Location_Name":"Eagle Harbor (IADN EGH)","State":" MI","EPA_Region":"05","HUC":"04020103","Organization":"EPA Great Lakes National Program","Environmental_Media_Name":"Air","Activity_Media_Subdivision_Name":"Air moisture","Project_Name":"IADN-US 2021","PFAS_Chemical_Name":"Sodium perfluoro-1-hexane[18O2]sulfonate","Result_Measure_Value":91.235,"Result_Unit_of_Measure":"%"}},{"type":"Feature","geometry":{"type":"Point","coordinates":[-88.1497219999999,47.4630560000001]},"properties":{"F_Monitoring_Location_Identifier":"EPA_GLNPO-E","Location_Name":"Eagle Harbor (IADN EGH)","State":" MI","EPA_Region":"05","HUC":"04020103","Organization":"EPA Great Lakes National Program","Environmental_Media_Name":"Air","Activity_Media_Subdivision_Name":"Air moisture","Project_Name":"IADN-US 2021","PFAS_Chemical_Name":"Perfluoro[1,2-13C2]undecanoic acid","CAS_Number":"960315-51-9","Result_Measure_Value":92.34,"Result_Unit_of_Measure":"%"}},{"type":"Feature","geometry":{"type":"Point","coordinates":[-88.1497219999999,47.4630560000001]},"properties":{"F_Monitoring_Location_Identifier":"EPA_GLNPO-E","Location_Name":"Eagle Harbor (IADN EGH)","State":" MI","EPA_Region":"05","HUC":"04020103","Organization":"EPA Great Lakes National Program","Environmental_Media_Name":"Air","Activity_Media_Subdivision_Name":"Air moisture","Project_Name":"IADN-US 2021","PFAS_Chemical_Name":"Sodium perfluoro-1-hexane[18O2]sulfonate","Result_Measure_Value":103.255,"Result_Unit_of_Measure":"%"}},{"type":"Feature","geometry":{"type":"Point","coordinates":[-88.1497219999999,47.4630560000001]},"properties":{"F_Monitoring_Location_Identifier":"EPA_GLNPO-E","Location_Name":"Eagle Harbor (IADN EGH)","State":" MI","EPA_Region":"05","HUC":"04020103","Organization":"EPA Great Lakes National Program","Environmental_Media_Name":"Air","Activity_Media_Subdivision_Name":"Air moisture","Project_Name":"IADN-US 2021","PFAS_Chemical_Name":"Perfluorodecanoic acid","CAS_Number":"335-76-2","Result_Measure_Value__ppt_":0.17485207100592,"Result_Measure_Value":174.852071005917,"Result_Unit_of_Measure":"pg/L"}},{"type":"Feature","geometry":{"type":"Point","coordinates":[-88.1497219999999,47.4630560000001]},"properties":{"F_Monitoring_Location_Identifier":"EPA_GLNPO-E","Location_Name":"Eagle Harbor (IADN EGH)","State":" MI","EPA_Region":"05","HUC":"04020103","Organization":"EPA Great Lakes National Program","Environmental_Media_Name":"Air","Activity_Media_Subdivision_Name":"Air moisture","Project_Name":"IADN-US 2021","PFAS_Chemical_Name":"Perfluoro[1,2-13C2]hexanoic acid","Result_Measure_Value":73.205,"Result_Unit_of_Measure":"%"}},{"type":"Feature","geometry":{"type":"Point","coordinates":[-88.1497219999999,47.4630560000001]},"properties":{"F_Monitoring_Location_Identifier":"EPA_GLNPO-E","Location_Name":"Eagle Harbor (IADN EGH)","State":" MI","EPA_Region":"05","HUC":"04020103","Organization":"EPA Great Lakes National Program","Environmental_Media_Name":"Air","Activity_Media_Subdivision_Name":"Air moisture","Project_Name":"IADN-US 2021","PFAS_Chemical_Name":"Perfluoroheptanoic acid","CAS_Number":"375-85-9","Result_Measure_Value__ppt_":0.549,"Result_Measure_Value":549,"Result_Unit_of_Measure":"pg/L"}},{"type":"Feature","geometry":{"type":"Point","coordinates":[-88.1497219999999,47.4630560000001]},"properties":{"F_Monitoring_Location_Identifier":"EPA_GLNPO-E","Location_Name":"Eagle Harbor (IADN EGH)","State":" MI","EPA_Region":"05","HUC":"04020103","Organization":"EPA Great Lakes National Program","Environmental_Media_Name":"Air","Activity_Media_Subdivision_Name":"Air moisture","Project_Name":"IADN-US 2021","PFAS_Chemical_Name":"Perfluoro[1,2-13C2]undecanoic acid","CAS_Number":"960315-51-9","Result_Measure_Value":87.285,"Result_Unit_of_Measure":"%"}},{"type":"Feature","geometry":{"type":"Point","coordinates":[-88.1497219999999,47.4630560000001]},"properties":{"F_Monitoring_Location_Identifier":"EPA_GLNPO-E","Location_Name":"Eagle Harbor (IADN EGH)","State":" MI","EPA_Region":"05","HUC":"04020103","Organization":"EPA Great Lakes National Program","Environmental_Media_Name":"Air","Activity_Media_Subdivision_Name":"Air moisture","Project_Name":"IADN-US 2021","PFAS_Chemical_Name":"Perfluoro[1,2-13C2]hexanoic acid","Result_Measure_Value":69.365,"Result_Unit_of_Measure":"%"}},{"type":"Feature","geometry":{"type":"Point","coordinates":[-88.1497219999999,47.4630560000001]},"properties":{"F_Monitoring_Location_Identifier":"EPA_GLNPO-E","Location_Name":"Eagle Harbor (IADN EGH)","State":" MI","EPA_Region":"05","HUC":"04020103","Organization":"EPA Great Lakes National Program","Environmental_Media_Name":"Air","Activity_Media_Subdivision_Name":"Air moisture","Project_Name":"IADN-US 2021","PFAS_Chemical_Name":"Perfluorovaleric acid","CAS_Number":"2706-90-3","Result_Measure_Value__ppt_":1.4188865384124,"Result_Measure_Value":1418.88653841242,"Result_Unit_of_Measure":"pg/L"}},{"type":"Feature","geometry":{"type":"Point","coordinates":[-88.1497219999999,47.4630560000001]},"properties":{"F_Monitoring_Location_Identifier":"EPA_GLNPO-E","Location_Name":"Eagle Harbor (IADN EGH)","State":" MI","EPA_Region":"05","HUC":"04020103","Organization":"EPA Great Lakes National Program","Environmental_Media_Name":"Air","Activity_Media_Subdivision_Name":"Air moisture","Project_Name":"IADN-US 2021","PFAS_Chemical_Name":"Perfluoro[1,2-13C2]undecanoic acid","CAS_Number":"960315-51-9","Result_Measure_Value":89.96,"Result_Unit_of_Measure":"%"}},{"type":"Feature","geometry":{"type":"Point","coordinates":[-88.1497219999999,47.4630560000001]},"properties":{"F_Monitoring_Location_Identifier":"EPA_GLNPO-E","Location_Name":"Eagle Harbor (IADN EGH)","State":" MI","EPA_Region":"05","HUC":"04020103","Organization":"EPA Great Lakes National Program","Environmental_Media_Name":"Air","Activity_Media_Subdivision_Name":"Air moisture","Project_Name":"IADN-US 2021","PFAS_Chemical_Name":"Perfluoro[1,2-13C2]undecanoic acid","CAS_Number":"960315-51-9","Result_Measure_Value":78.255,"Result_Unit_of_Measure":"%"}},{"type":"Feature","geometry":{"type":"Point","coordinates":[-88.1497219999999,47.4630560000001]},"properties":{"F_Monitoring_Location_Identifier":"EPA_GLNPO-E","Location_Name":"Eagle Harbor (IADN EGH)","State":" MI","EPA_Region":"05","HUC":"04020103","Organization":"EPA Great Lakes National Program","Environmental_Media_Name":"Air","Activity_Media_Subdivision_Name":"Air moisture","Project_Name":"IADN-US 2021","PFAS_Chemical_Name":"Perfluorooctanoic acid","CAS_Number":"335-67-1","Result_Measure_Value__ppt_":0.25137424243338,"Result_Measure_Value":251.374242433383,"Result_Unit_of_Measure":"pg/L"}},{"type":"Feature","geometry":{"type":"Point","coordinates":[-88.1497219999999,47.4630560000001]},"properties":{"F_Monitoring_Location_Identifier":"EPA_GLNPO-E","Location_Name":"Eagle Harbor (IADN EGH)","State":" MI","EPA_Region":"05","HUC":"04020103","Organization":"EPA Great Lakes National Program","Environmental_Media_Name":"Air","Activity_Media_Subdivision_Name":"Air moisture","Project_Name":"IADN-US 2021","PFAS_Chemical_Name":"Heptafluorobutyric acid***retired***use Perfluorobutanoic acid","Result_Measure_Value__ppt_":3.8627435065562,"Result_Measure_Value":3862.74350655621,"Result_Unit_of_Measure":"pg/L"}},{"type":"Feature","geometry":{"type":"Point","coordinates":[-88.1497219999999,47.4630560000001]},"properties":{"F_Monitoring_Location_Identifier":"EPA_GLNPO-E","Location_Name":"Eagle Harbor (IADN EGH)","State":" MI","EPA_Region":"05","HUC":"04020103","Organization":"EPA Great Lakes National Program","Environmental_Media_Name":"Air","Activity_Media_Subdivision_Name":"Air moisture","Project_Name":"IADN-US 2021","PFAS_Chemical_Name":"Perfluoro[1,2-13C2]undecanoic acid","CAS_Number":"960315-51-9","Result_Measure_Value":64.815,"Result_Unit_of_Measure":"%"}},{"type":"Feature","geometry":{"type":"Point","coordinates":[-88.1497219999999,47.4630560000001]},"properties":{"F_Monitoring_Location_Identifier":"EPA_GLNPO-E","Location_Name":"Eagle Harbor (IADN EGH)","State":" MI","EPA_Region":"05","HUC":"04020103","Organization":"EPA Great Lakes National Program","Environmental_Media_Name":"Air","Activity_Media_Subdivision_Name":"Air moisture","Project_Name":"IADN-US 2021","PFAS_Chemical_Name":"Perfluorohexanoic acid","CAS_Number":"307-24-4","Result_Measure_Value__ppt_":0.32690793650794,"Result_Measure_Value":326.907936507936,"Result_Unit_of_Measure":"pg/L"}},{"type":"Feature","geometry":{"type":"Point","coordinates":[-88.1497219999999,47.4630560000001]},"properties":{"F_Monitoring_Location_Identifier":"EPA_GLNPO-E","Location_Name":"Eagle Harbor (IADN EGH)","State":" MI","EPA_Region":"05","HUC":"04020103","Organization":"EPA Great Lakes National Program","Environmental_Media_Name":"Air","Activity_Media_Subdivision_Name":"Air moisture","Project_Name":"IADN-US 2021","PFAS_Chemical_Name":"Sodium perfluoro-1-hexane[18O2]sulfonate","Result_Measure_Value":82.46,"Result_Unit_of_Measure":"%"}},{"type":"Feature","geometry":{"type":"Point","coordinates":[-88.1497219999999,47.4630560000001]},"properties":{"F_Monitoring_Location_Identifier":"EPA_GLNPO-E","Location_Name":"Eagle Harbor (IADN EGH)","State":" MI","EPA_Region":"05","HUC":"04020103","Organization":"EPA Great Lakes National Program","Environmental_Media_Name":"Air","Activity_Media_Subdivision_Name":"Air moisture","Project_Name":"IADN-US 2021","PFAS_Chemical_Name":"Perfluoro[1,2-13C2]hexanoic acid","Result_Measure_Value":84.88,"Result_Unit_of_Measure":"%"}},{"type":"Feature","geometry":{"type":"Point","coordinates":[-88.1497219999999,47.4630560000001]},"properties":{"F_Monitoring_Location_Identifier":"EPA_GLNPO-E","Location_Name":"Eagle Harbor (IADN EGH)","State":" MI","EPA_Region":"05","HUC":"04020103","Organization":"EPA Great Lakes National Program","Environmental_Media_Name":"Air","Activity_Media_Subdivision_Name":"Air moisture","Project_Name":"IADN-US 2021","PFAS_Chemical_Name":"Perfluorodecanoic acid","CAS_Number":"335-76-2","Result_Measure_Value__ppt_":0.10075,"Result_Measure_Value":100.75,"Result_Unit_of_Measure":"pg/L"}},{"type":"Feature","geometry":{"type":"Point","coordinates":[-88.1497219999999,47.4630560000001]},"properties":{"F_Monitoring_Location_Identifier":"EPA_GLNPO-E","Location_Name":"Eagle Harbor (IADN EGH)","State":" MI","EPA_Region":"05","HUC":"04020103","Organization":"EPA Great Lakes National Program","Environmental_Media_Name":"Air","Activity_Media_Subdivision_Name":"Air moisture","Project_Name":"IADN-US 2021","PFAS_Chemical_Name":"Perfluorononanoic acid","CAS_Number":"375-95-1","Result_Measure_Value__ppt_":0.17787981220357,"Result_Measure_Value":177.879812203566,"Result_Unit_of_Measure":"pg/L"}},{"type":"Feature","geometry":{"type":"Point","coordinates":[-88.1497219999999,47.4630560000001]},"properties":{"F_Monitoring_Location_Identifier":"EPA_GLNPO-E","Location_Name":"Eagle Harbor (IADN EGH)","State":" MI","EPA_Region":"05","HUC":"04020103","Organization":"EPA Great Lakes National Program","Environmental_Media_Name":"Air","Activity_Media_Subdivision_Name":"Air moisture","Project_Name":"IADN-US 2021","PFAS_Chemical_Name":"Perfluoro[1,2-13C2]hexanoic acid","Result_Measure_Value":89.185,"Result_Unit_of_Measure":"%"}},{"type":"Feature","geometry":{"type":"Point","coordinates":[-88.1497219999999,47.4630560000001]},"properties":{"F_Monitoring_Location_Identifier":"EPA_GLNPO-E","Location_Name":"Eagle Harbor (IADN EGH)","State":" MI","EPA_Region":"05","HUC":"04020103","Organization":"EPA Great Lakes National Program","Environmental_Media_Name":"Air","Activity_Media_Subdivision_Name":"Air moisture","Project_Name":"IADN-US 2021","PFAS_Chemical_Name":"Perfluoro[1,2-13C2]undecanoic acid","CAS_Number":"960315-51-9","Result_Measure_Value":92.47,"Result_Unit_of_Measure":"%"}},{"type":"Feature","geometry":{"type":"Point","coordinates":[-88.1497219999999,47.4630560000001]},"properties":{"F_Monitoring_Location_Identifier":"EPA_GLNPO-E","Location_Name":"Eagle Harbor (IADN EGH)","State":" MI","EPA_Region":"05","HUC":"04020103","Organization":"EPA Great Lakes National Program","Environmental_Media_Name":"Air","Activity_Media_Subdivision_Name":"Air moisture","Project_Name":"IADN-US 2021","PFAS_Chemical_Name":"Perfluorovaleric acid","CAS_Number":"2706-90-3","Result_Measure_Value__ppt_":3.89,"Result_Measure_Value":3890,"Result_Unit_of_Measure":"pg/L"}},{"type":"Feature","geometry":{"type":"Point","coordinates":[-88.1497219999999,47.4630560000001]},"properties":{"F_Monitoring_Location_Identifier":"EPA_GLNPO-E","Location_Name":"Eagle Harbor (IADN EGH)","State":" MI","EPA_Region":"05","HUC":"04020103","Organization":"EPA Great Lakes National Program","Environmental_Media_Name":"Air","Activity_Media_Subdivision_Name":"Air moisture","Project_Name":"IADN-US 2021","PFAS_Chemical_Name":"Perfluorononanoic acid","CAS_Number":"375-95-1","Result_Measure_Value__ppt_":0.172765038439,"Result_Measure_Value":172.765038438997,"Result_Unit_of_Measure":"pg/L"}},{"type":"Feature","geometry":{"type":"Point","coordinates":[-88.1497219999999,47.4630560000001]},"properties":{"F_Monitoring_Location_Identifier":"EPA_GLNPO-E","Location_Name":"Eagle Harbor (IADN EGH)","State":" MI","EPA_Region":"05","HUC":"04020103","Organization":"EPA Great Lakes National Program","Environmental_Media_Name":"Air","Activity_Media_Subdivision_Name":"Air moisture","Project_Name":"IADN-US 2021","PFAS_Chemical_Name":"Perfluoro[1,2-13C2]undecanoic acid","CAS_Number":"960315-51-9","Result_Measure_Value":88.88,"Result_Unit_of_Measure":"%"}},{"type":"Feature","geometry":{"type":"Point","coordinates":[-88.1497219999999,47.4630560000001]},"properties":{"F_Monitoring_Location_Identifier":"EPA_GLNPO-E","Location_Name":"Eagle Harbor (IADN EGH)","State":" MI","EPA_Region":"05","HUC":"04020103","Organization":"EPA Great Lakes National Program","Environmental_Media_Name":"Air","Activity_Media_Subdivision_Name":"Air moisture","Project_Name":"IADN-US 2021","PFAS_Chemical_Name":"Perfluorooctane sulfonic acid","CAS_Number":"1763-23-1","Result_Measure_Value__ppt_":0.41437450722221,"Result_Measure_Value":414.374507222214,"Result_Unit_of_Measure":"pg/L"}},{"type":"Feature","geometry":{"type":"Point","coordinates":[-88.1497219999999,47.4630560000001]},"properties":{"F_Monitoring_Location_Identifier":"EPA_GLNPO-E","Location_Name":"Eagle Harbor (IADN EGH)","State":" MI","EPA_Region":"05","HUC":"04020103","Organization":"EPA Great Lakes National Program","Environmental_Media_Name":"Air","Activity_Media_Subdivision_Name":"Air moisture","Project_Name":"IADN-US 2021","PFAS_Chemical_Name":"Perfluoroheptanoic acid","CAS_Number":"375-85-9","Result_Measure_Value__ppt_":0.25859270350004,"Result_Measure_Value":258.592703500036,"Result_Unit_of_Measure":"pg/L"}},{"type":"Feature","geometry":{"type":"Point","coordinates":[-88.1497219999999,47.4630560000001]},"properties":{"F_Monitoring_Location_Identifier":"EPA_GLNPO-E","Location_Name":"Eagle Harbor (IADN EGH)","State":" MI","EPA_Region":"05","HUC":"04020103","Organization":"EPA Great Lakes National Program","Environmental_Media_Name":"Air","Activity_Media_Subdivision_Name":"Air moisture","Project_Name":"IADN-US 2021","PFAS_Chemical_Name":"Perfluoro[1,2-13C2]hexanoic acid","Result_Measure_Value":74.395,"Result_Unit_of_Measure":"%"}},{"type":"Feature","geometry":{"type":"Point","coordinates":[-88.1497219999999,47.4630560000001]},"properties":{"F_Monitoring_Location_Identifier":"EPA_GLNPO-E","Location_Name":"Eagle Harbor (IADN EGH)","State":" MI","EPA_Region":"05","HUC":"04020103","Organization":"EPA Great Lakes National Program","Environmental_Media_Name":"Air","Activity_Media_Subdivision_Name":"Air moisture","Project_Name":"IADN-US 2021","PFAS_Chemical_Name":"Perfluoro[1,2-13C2]hexanoic acid","Result_Measure_Value":67.935,"Result_Unit_of_Measure":"%"}},{"type":"Feature","geometry":{"type":"Point","coordinates":[-88.1497219999999,47.4630560000001]},"properties":{"F_Monitoring_Location_Identifier":"EPA_GLNPO-E","Location_Name":"Eagle Harbor (IADN EGH)","State":" MI","EPA_Region":"05","HUC":"04020103","Organization":"EPA Great Lakes National Program","Environmental_Media_Name":"Air","Activity_Media_Subdivision_Name":"Air moisture","Project_Name":"IADN-US 2021","PFAS_Chemical_Name":"Perfluorooctanoic acid","CAS_Number":"335-67-1","Result_Measure_Value__ppt_":0.27103333334151,"Result_Measure_Value":271.033333341507,"Result_Unit_of_Measure":"pg/L"}},{"type":"Feature","geometry":{"type":"Point","coordinates":[-88.1497219999999,47.4630560000001]},"properties":{"F_Monitoring_Location_Identifier":"EPA_GLNPO-E","Location_Name":"Eagle Harbor (IADN EGH)","State":" MI","EPA_Region":"05","HUC":"04020103","Organization":"EPA Great Lakes National Program","Environmental_Media_Name":"Air","Activity_Media_Subdivision_Name":"Air moisture","Project_Name":"IADN-US 2021","PFAS_Chemical_Name":"Sodium perfluoro-1-hexane[18O2]sulfonate","Result_Measure_Value":108.42,"Result_Unit_of_Measure":"%"}},{"type":"Feature","geometry":{"type":"Point","coordinates":[-88.1497219999999,47.4630560000001]},"properties":{"F_Monitoring_Location_Identifier":"EPA_GLNPO-E","Location_Name":"Eagle Harbor (IADN EGH)","State":" MI","EPA_Region":"05","HUC":"04020103","Organization":"EPA Great Lakes National Program","Environmental_Media_Name":"Air","Activity_Media_Subdivision_Name":"Air moisture","Project_Name":"IADN-US 2021","PFAS_Chemical_Name":"Perfluorohexanoic acid","CAS_Number":"307-24-4","Result_Measure_Value__ppt_":0.24558528251996,"Result_Measure_Value":245.585282519963,"Result_Unit_of_Measure":"pg/L"}},{"type":"Feature","geometry":{"type":"Point","coordinates":[-88.1497219999999,47.4630560000001]},"properties":{"F_Monitoring_Location_Identifier":"EPA_GLNPO-E","Location_Name":"Eagle Harbor (IADN EGH)","State":" MI","EPA_Region":"05","HUC":"04020103","Organization":"EPA Great Lakes National Program","Environmental_Media_Name":"Air","Activity_Media_Subdivision_Name":"Air moisture","Project_Name":"IADN-US 2021","PFAS_Chemical_Name":"Perfluorooctanoic acid","CAS_Number":"335-67-1","Result_Measure_Value__ppt_":0.2524458277611,"Result_Measure_Value":252.4458277611,"Result_Unit_of_Measure":"pg/L"}},{"type":"Feature","geometry":{"type":"Point","coordinates":[-88.1497219999999,47.4630560000001]},"properties":{"F_Monitoring_Location_Identifier":"EPA_GLNPO-E","Location_Name":"Eagle Harbor (IADN EGH)","State":" MI","EPA_Region":"05","HUC":"04020103","Organization":"EPA Great Lakes National Program","Environmental_Media_Name":"Air","Activity_Media_Subdivision_Name":"Air moisture","Project_Name":"IADN-US 2021","PFAS_Chemical_Name":"Perfluoro[1,2-13C2]tetradecanoic acid","Result_Measure_Value":54.125,"Result_Unit_of_Measure":"%"}},{"type":"Feature","geometry":{"type":"Point","coordinates":[-88.1497219999999,47.4630560000001]},"properties":{"F_Monitoring_Location_Identifier":"EPA_GLNPO-E","Location_Name":"Eagle Harbor (IADN EGH)","State":" MI","EPA_Region":"05","HUC":"04020103","Organization":"EPA Great Lakes National Program","Environmental_Media_Name":"Air","Activity_Media_Subdivision_Name":"Air moisture","Project_Name":"IADN-US 2021","PFAS_Chemical_Name":"Perfluorobutylsulfonamide","CAS_Number":"30334-69-1","Result_Measure_Value__ppt_":0.081922488520205,"Result_Measure_Value":81.9224885202046,"Result_Unit_of_Measure":"pg/L"}},{"type":"Feature","geometry":{"type":"Point","coordinates":[-88.1497219999999,47.4630560000001]},"properties":{"F_Monitoring_Location_Identifier":"EPA_GLNPO-E","Location_Name":"Eagle Harbor (IADN EGH)","State":" MI","EPA_Region":"05","HUC":"04020103","Organization":"EPA Great Lakes National Program","Environmental_Media_Name":"Air","Activity_Media_Subdivision_Name":"Air moisture","Project_Name":"IADN-US 2021","PFAS_Chemical_Name":"Perfluoro[1,2-13C2]hexanoic acid","Result_Measure_Value":73.725,"Result_Unit_of_Measure":"%"}},{"type":"Feature","geometry":{"type":"Point","coordinates":[-88.1497219999999,47.4630560000001]},"properties":{"F_Monitoring_Location_Identifier":"EPA_GLNPO-E","Location_Name":"Eagle Harbor (IADN EGH)","State":" MI","EPA_Region":"05","HUC":"04020103","Organization":"EPA Great Lakes National Program","Environmental_Media_Name":"Air","Activity_Media_Subdivision_Name":"Air moisture","Project_Name":"IADN-US 2021","PFAS_Chemical_Name":"Sodium perfluoro-1-hexane[18O2]sulfonate","Result_Measure_Value":87.77,"Result_Unit_of_Measure":"%"}},{"type":"Feature","geometry":{"type":"Point","coordinates":[-88.1497219999999,47.4630560000001]},"properties":{"F_Monitoring_Location_Identifier":"EPA_GLNPO-E","Location_Name":"Eagle Harbor (IADN EGH)","State":" MI","EPA_Region":"05","HUC":"04020103","Organization":"EPA Great Lakes National Program","Environmental_Media_Name":"Air","Activity_Media_Subdivision_Name":"Air moisture","Project_Name":"IADN-US 2021","PFAS_Chemical_Name":"Sodium perfluoro-1-hexane[18O2]sulfonate","Result_Measure_Value":103.73,"Result_Unit_of_Measure":"%"}},{"type":"Feature","geometry":{"type":"Point","coordinates":[-88.1497219999999,47.4630560000001]},"properties":{"F_Monitoring_Location_Identifier":"EPA_GLNPO-E","Location_Name":"Eagle Harbor (IADN EGH)","State":" MI","EPA_Region":"05","HUC":"04020103","Organization":"EPA Great Lakes National Program","Environmental_Media_Name":"Air","Activity_Media_Subdivision_Name":"Air moisture","Project_Name":"IADN-US 2021","PFAS_Chemical_Name":"Perfluorovaleric acid","CAS_Number":"2706-90-3","Result_Measure_Value__ppt_":0.38053561103341,"Result_Measure_Value":380.535611033407,"Result_Unit_of_Measure":"pg/L"}},{"type":"Feature","geometry":{"type":"Point","coordinates":[-88.1497219999999,47.4630560000001]},"properties":{"F_Monitoring_Location_Identifier":"EPA_GLNPO-E","Location_Name":"Eagle Harbor (IADN EGH)","State":" MI","EPA_Region":"05","HUC":"04020103","Organization":"EPA Great Lakes National Program","Environmental_Media_Name":"Air","Activity_Media_Subdivision_Name":"Air moisture","Project_Name":"IADN-US 2021","PFAS_Chemical_Name":"Perfluoro[1,2-13C2]tetradecanoic acid","Result_Measure_Value":69.22,"Result_Unit_of_Measure":"%"}},{"type":"Feature","geometry":{"type":"Point","coordinates":[-88.1497219999999,47.4630560000001]},"properties":{"F_Monitoring_Location_Identifier":"EPA_GLNPO-E","Location_Name":"Eagle Harbor (IADN EGH)","State":" MI","EPA_Region":"05","HUC":"04020103","Organization":"EPA Great Lakes National Program","Environmental_Media_Name":"Air","Activity_Media_Subdivision_Name":"Air moisture","Project_Name":"IADN-US 2021","PFAS_Chemical_Name":"Perfluoro[1,2-13C2]hexanoic acid","Result_Measure_Value":84.785,"Result_Unit_of_Measure":"%"}},{"type":"Feature","geometry":{"type":"Point","coordinates":[-88.1497219999999,47.4630560000001]},"properties":{"F_Monitoring_Location_Identifier":"EPA_GLNPO-E","Location_Name":"Eagle Harbor (IADN EGH)","State":" MI","EPA_Region":"05","HUC":"04020103","Organization":"EPA Great Lakes National Program","Environmental_Media_Name":"Air","Activity_Media_Subdivision_Name":"Air moisture","Project_Name":"IADN-US 2021","PFAS_Chemical_Name":"Perfluorooctanoic acid","CAS_Number":"335-67-1","Result_Measure_Value__ppt_":0.27739789749986,"Result_Measure_Value":277.397897499859,"Result_Unit_of_Measure":"pg/L"}},{"type":"Feature","geometry":{"type":"Point","coordinates":[-88.1497219999999,47.4630560000001]},"properties":{"F_Monitoring_Location_Identifier":"EPA_GLNPO-E","Location_Name":"Eagle Harbor (IADN EGH)","State":" MI","EPA_Region":"05","HUC":"04020103","Organization":"EPA Great Lakes National Program","Environmental_Media_Name":"Air","Activity_Media_Subdivision_Name":"Air moisture","Project_Name":"IADN-US 2021","PFAS_Chemical_Name":"Heptafluorobutyric acid***retired***use Perfluorobutanoic acid","Result_Measure_Value__ppt_":1.8434268379835,"Result_Measure_Value":1843.42683798345,"Result_Unit_of_Measure":"pg/L"}},{"type":"Feature","geometry":{"type":"Point","coordinates":[-88.1497219999999,47.4630560000001]},"properties":{"F_Monitoring_Location_Identifier":"EPA_GLNPO-E","Location_Name":"Eagle Harbor (IADN EGH)","State":" MI","EPA_Region":"05","HUC":"04020103","Organization":"EPA Great Lakes National Program","Environmental_Media_Name":"Air","Activity_Media_Subdivision_Name":"Air moisture","Project_Name":"IADN-US 2021","PFAS_Chemical_Name":"Perfluoro[1,2-13C2]tetradecanoic acid","Result_Measure_Value":69.195,"Result_Unit_of_Measure":"%"}},{"type":"Feature","geometry":{"type":"Point","coordinates":[-88.1497219999999,47.4630560000001]},"properties":{"F_Monitoring_Location_Identifier":"EPA_GLNPO-E","Location_Name":"Eagle Harbor (IADN EGH)","State":" MI","EPA_Region":"05","HUC":"04020103","Organization":"EPA Great Lakes National Program","Environmental_Media_Name":"Air","Activity_Media_Subdivision_Name":"Air moisture","Project_Name":"IADN-US 2021","PFAS_Chemical_Name":"Heptafluorobutyric acid***retired***use Perfluorobutanoic acid","Result_Measure_Value__ppt_":0.91969389669807,"Result_Measure_Value":919.693896698071,"Result_Unit_of_Measure":"pg/L"}},{"type":"Feature","geometry":{"type":"Point","coordinates":[-88.1497219999999,47.4630560000001]},"properties":{"F_Monitoring_Location_Identifier":"EPA_GLNPO-E","Location_Name":"Eagle Harbor (IADN EGH)","State":" MI","EPA_Region":"05","HUC":"04020103","Organization":"EPA Great Lakes National Program","Environmental_Media_Name":"Air","Activity_Media_Subdivision_Name":"Air moisture","Project_Name":"IADN-US 2021","PFAS_Chemical_Name":"Sodium perfluoro-1-hexane[18O2]sulfonate","Result_Measure_Value":79.31,"Result_Unit_of_Measure":"%"}},{"type":"Feature","geometry":{"type":"Point","coordinates":[-88.1497219999999,47.4630560000001]},"properties":{"F_Monitoring_Location_Identifier":"EPA_GLNPO-E","Location_Name":"Eagle Harbor (IADN EGH)","State":" MI","EPA_Region":"05","HUC":"04020103","Organization":"EPA Great Lakes National Program","Environmental_Media_Name":"Air","Activity_Media_Subdivision_Name":"Air moisture","Project_Name":"IADN-US 2021","PFAS_Chemical_Name":"Perfluorooctanoic acid","CAS_Number":"335-67-1","Result_Measure_Value__ppt_":0.67075,"Result_Measure_Value":670.75,"Result_Unit_of_Measure":"pg/L"}},{"type":"Feature","geometry":{"type":"Point","coordinates":[-88.1497219999999,47.4630560000001]},"properties":{"F_Monitoring_Location_Identifier":"EPA_GLNPO-E","Location_Name":"Eagle Harbor (IADN EGH)","State":" MI","EPA_Region":"05","HUC":"04020103","Organization":"EPA Great Lakes National Program","Environmental_Media_Name":"Air","Activity_Media_Subdivision_Name":"Air moisture","Project_Name":"IADN-US 2021","PFAS_Chemical_Name":"Perfluorovaleric acid","CAS_Number":"2706-90-3","Result_Measure_Value__ppt_":1.5904682926674,"Result_Measure_Value":1590.46829266741,"Result_Unit_of_Measure":"pg/L"}},{"type":"Feature","geometry":{"type":"Point","coordinates":[-88.1497219999999,47.4630560000001]},"properties":{"F_Monitoring_Location_Identifier":"EPA_GLNPO-E","Location_Name":"Eagle Harbor (IADN EGH)","State":" MI","EPA_Region":"05","HUC":"04020103","Organization":"EPA Great Lakes National Program","Environmental_Media_Name":"Air","Activity_Media_Subdivision_Name":"Air moisture","Project_Name":"IADN-US 2021","PFAS_Chemical_Name":"Perfluorovaleric acid","CAS_Number":"2706-90-3","Result_Measure_Value__ppt_":0.46122764165252,"Result_Measure_Value":461.227641652523,"Result_Unit_of_Measure":"pg/L"}},{"type":"Feature","geometry":{"type":"Point","coordinates":[-88.1497219999999,47.4630560000001]},"properties":{"F_Monitoring_Location_Identifier":"EPA_GLNPO-E","Location_Name":"Eagle Harbor (IADN EGH)","State":" MI","EPA_Region":"05","HUC":"04020103","Organization":"EPA Great Lakes National Program","Environmental_Media_Name":"Air","Activity_Media_Subdivision_Name":"Air moisture","Project_Name":"IADN-US 2021","PFAS_Chemical_Name":"Perfluorododecanoic acid","CAS_Number":"307-55-1","Result_Measure_Value__ppt_":0.075,"Result_Measure_Value":75,"Result_Unit_of_Measure":"pg/L"}},{"type":"Feature","geometry":{"type":"Point","coordinates":[-88.1497219999999,47.4630560000001]},"properties":{"F_Monitoring_Location_Identifier":"EPA_GLNPO-E","Location_Name":"Eagle Harbor (IADN EGH)","State":" MI","EPA_Region":"05","HUC":"04020103","Organization":"EPA Great Lakes National Program","Environmental_Media_Name":"Air","Activity_Media_Subdivision_Name":"Air moisture","Project_Name":"IADN-US 2021","PFAS_Chemical_Name":"Heptafluorobutyric acid***retired***use Perfluorobutanoic acid","Result_Measure_Value__ppt_":2.0195843955671,"Result_Measure_Value":2019.58439556714,"Result_Unit_of_Measure":"pg/L"}},{"type":"Feature","geometry":{"type":"Point","coordinates":[-88.1497219999999,47.4630560000001]},"properties":{"F_Monitoring_Location_Identifier":"EPA_GLNPO-E","Location_Name":"Eagle Harbor (IADN EGH)","State":" MI","EPA_Region":"05","HUC":"04020103","Organization":"EPA Great Lakes National Program","Environmental_Media_Name":"Air","Activity_Media_Subdivision_Name":"Air moisture","Project_Name":"IADN-US 2021","PFAS_Chemical_Name":"Sodium perfluoro-1-hexane[18O2]sulfonate","Result_Measure_Value":106.405,"Result_Unit_of_Measure":"%"}},{"type":"Feature","geometry":{"type":"Point","coordinates":[-88.1497219999999,47.4630560000001]},"properties":{"F_Monitoring_Location_Identifier":"EPA_GLNPO-E","Location_Name":"Eagle Harbor (IADN EGH)","State":" MI","EPA_Region":"05","HUC":"04020103","Organization":"EPA Great Lakes National Program","Environmental_Media_Name":"Air","Activity_Media_Subdivision_Name":"Air moisture","Project_Name":"IADN-US 2021","PFAS_Chemical_Name":"Heptafluorobutyric acid***retired***use Perfluorobutanoic acid","Result_Measure_Value__ppt_":2.3972881355932,"Result_Measure_Value":2397.28813559322,"Result_Unit_of_Measure":"pg/L"}},{"type":"Feature","geometry":{"type":"Point","coordinates":[-88.1497219999999,47.4630560000001]},"properties":{"F_Monitoring_Location_Identifier":"EPA_GLNPO-E","Location_Name":"Eagle Harbor (IADN EGH)","State":" MI","EPA_Region":"05","HUC":"04020103","Organization":"EPA Great Lakes National Program","Environmental_Media_Name":"Air","Activity_Media_Subdivision_Name":"Air moisture","Project_Name":"IADN-US 2021","PFAS_Chemical_Name":"Perfluoro[1,2-13C2]undecanoic acid","CAS_Number":"960315-51-9","Result_Measure_Value":85.06,"Result_Unit_of_Measure":"%"}},{"type":"Feature","geometry":{"type":"Point","coordinates":[-88.1497219999999,47.4630560000001]},"properties":{"F_Monitoring_Location_Identifier":"EPA_GLNPO-E","Location_Name":"Eagle Harbor (IADN EGH)","State":" MI","EPA_Region":"05","HUC":"04020103","Organization":"EPA Great Lakes National Program","Environmental_Media_Name":"Air","Activity_Media_Subdivision_Name":"Air moisture","Project_Name":"IADN-US 2021","PFAS_Chemical_Name":"Perfluorotetradecanoic acid","CAS_Number":"376-06-7","Result_Measure_Value__ppt_":0.26013269229869,"Result_Measure_Value":260.132692298688,"Result_Unit_of_Measure":"pg/L"}},{"type":"Feature","geometry":{"type":"Point","coordinates":[-88.1497219999999,47.4630560000001]},"properties":{"F_Monitoring_Location_Identifier":"EPA_GLNPO-E","Location_Name":"Eagle Harbor (IADN EGH)","State":" MI","EPA_Region":"05","HUC":"04020103","Organization":"EPA Great Lakes National Program","Environmental_Media_Name":"Air","Activity_Media_Subdivision_Name":"Air moisture","Project_Name":"IADN-US 2021","PFAS_Chemical_Name":"Heptafluorobutyric acid***retired***use Perfluorobutanoic acid","Result_Measure_Value__ppt_":2.8073877688612,"Result_Measure_Value":2807.38776886123,"Result_Unit_of_Measure":"pg/L"}},{"type":"Feature","geometry":{"type":"Point","coordinates":[-88.1497219999999,47.4630560000001]},"properties":{"F_Monitoring_Location_Identifier":"EPA_GLNPO-E","Location_Name":"Eagle Harbor (IADN EGH)","State":" MI","EPA_Region":"05","HUC":"04020103","Organization":"EPA Great Lakes National Program","Environmental_Media_Name":"Air","Activity_Media_Subdivision_Name":"Air moisture","Project_Name":"IADN-US 2021","PFAS_Chemical_Name":"Perfluorovaleric acid","CAS_Number":"2706-90-3","Result_Measure_Value__ppt_":0.45788144267914,"Result_Measure_Value":457.881442679139,"Result_Unit_of_Measure":"pg/L"}},{"type":"Feature","geometry":{"type":"Point","coordinates":[-88.1497219999999,47.4630560000001]},"properties":{"F_Monitoring_Location_Identifier":"EPA_GLNPO-E","Location_Name":"Eagle Harbor (IADN EGH)","State":" MI","EPA_Region":"05","HUC":"04020103","Organization":"EPA Great Lakes National Program","Environmental_Media_Name":"Air","Activity_Media_Subdivision_Name":"Air moisture","Project_Name":"IADN-US 2021","PFAS_Chemical_Name":"Perfluoro[1,2-13C2]tetradecanoic acid","Result_Measure_Value":98.54,"Result_Unit_of_Measure":"%"}},{"type":"Feature","geometry":{"type":"Point","coordinates":[-88.1497219999999,47.4630560000001]},"properties":{"F_Monitoring_Location_Identifier":"EPA_GLNPO-E","Location_Name":"Eagle Harbor (IADN EGH)","State":" MI","EPA_Region":"05","HUC":"04020103","Organization":"EPA Great Lakes National Program","Environmental_Media_Name":"Air","Activity_Media_Subdivision_Name":"Air moisture","Project_Name":"IADN-US 2021","PFAS_Chemical_Name":"Perfluoro[1,2-13C2]tetradecanoic acid","Result_Measure_Value":87.565,"Result_Unit_of_Measure":"%"}},{"type":"Feature","geometry":{"type":"Point","coordinates":[-88.1497219999999,47.4630560000001]},"properties":{"F_Monitoring_Location_Identifier":"EPA_GLNPO-E","Location_Name":"Eagle Harbor (IADN EGH)","State":" MI","EPA_Region":"05","HUC":"04020103","Organization":"EPA Great Lakes National Program","Environmental_Media_Name":"Air","Activity_Media_Subdivision_Name":"Air moisture","Project_Name":"IADN-US 2021","PFAS_Chemical_Name":"Perfluorohexanoic acid","CAS_Number":"307-24-4","Result_Measure_Value__ppt_":0.44293492064828,"Result_Measure_Value":442.934920648279,"Result_Unit_of_Measure":"pg/L"}},{"type":"Feature","geometry":{"type":"Point","coordinates":[-88.1497219999999,47.4630560000001]},"properties":{"F_Monitoring_Location_Identifier":"EPA_GLNPO-E","Location_Name":"Eagle Harbor (IADN EGH)","State":" MI","EPA_Region":"05","HUC":"04020103","Organization":"EPA Great Lakes National Program","Environmental_Media_Name":"Air","Activity_Media_Subdivision_Name":"Air moisture","Project_Name":"IADN-US 2021","PFAS_Chemical_Name":"Perfluorohexanoic acid","CAS_Number":"307-24-4","Result_Measure_Value__ppt_":0.10278387097603,"Result_Measure_Value":102.783870976031,"Result_Unit_of_Measure":"pg/L"}},{"type":"Feature","geometry":{"type":"Point","coordinates":[-88.1497219999999,47.4630560000001]},"properties":{"F_Monitoring_Location_Identifier":"EPA_GLNPO-E","Location_Name":"Eagle Harbor (IADN EGH)","State":" MI","EPA_Region":"05","HUC":"04020103","Organization":"EPA Great Lakes National Program","Environmental_Media_Name":"Air","Activity_Media_Subdivision_Name":"Air moisture","Project_Name":"IADN-US 2021","PFAS_Chemical_Name":"Perfluorohexanoic acid","CAS_Number":"307-24-4","Result_Measure_Value__ppt_":2.4755077681964,"Result_Measure_Value":2475.50776819642,"Result_Unit_of_Measure":"pg/L"}},{"type":"Feature","geometry":{"type":"Point","coordinates":[-88.1497219999999,47.4630560000001]},"properties":{"F_Monitoring_Location_Identifier":"EPA_GLNPO-E","Location_Name":"Eagle Harbor (IADN EGH)","State":" MI","EPA_Region":"05","HUC":"04020103","Organization":"EPA Great Lakes National Program","Environmental_Media_Name":"Air","Activity_Media_Subdivision_Name":"Air moisture","Project_Name":"IADN-US 2021","PFAS_Chemical_Name":"Perfluoro[1,2-13C2]undecanoic acid","CAS_Number":"960315-51-9","Result_Measure_Value":73.1,"Result_Unit_of_Measure":"%"}},{"type":"Feature","geometry":{"type":"Point","coordinates":[-88.1497219999999,47.4630560000001]},"properties":{"F_Monitoring_Location_Identifier":"EPA_GLNPO-E","Location_Name":"Eagle Harbor (IADN EGH)","State":" MI","EPA_Region":"05","HUC":"04020103","Organization":"EPA Great Lakes National Program","Environmental_Media_Name":"Air","Activity_Media_Subdivision_Name":"Air moisture","Project_Name":"IADN-US 2021","PFAS_Chemical_Name":"Heptafluorobutyric acid***retired***use Perfluorobutanoic acid","Result_Measure_Value__ppt_":1.5384615384615,"Result_Measure_Value":1538.46153846154,"Result_Unit_of_Measure":"pg/L"}},{"type":"Feature","geometry":{"type":"Point","coordinates":[-88.1497219999999,47.4630560000001]},"properties":{"F_Monitoring_Location_Identifier":"EPA_GLNPO-E","Location_Name":"Eagle Harbor (IADN EGH)","State":" MI","EPA_Region":"05","HUC":"04020103","Organization":"EPA Great Lakes National Program","Environmental_Media_Name":"Air","Activity_Media_Subdivision_Name":"Air moisture","Project_Name":"IADN-US 2021","PFAS_Chemical_Name":"Perfluorohexanoic acid","CAS_Number":"307-24-4","Result_Measure_Value__ppt_":0.21998407098182,"Result_Measure_Value":219.984070981819,"Result_Unit_of_Measure":"pg/L"}},{"type":"Feature","geometry":{"type":"Point","coordinates":[-88.1497219999999,47.4630560000001]},"properties":{"F_Monitoring_Location_Identifier":"EPA_GLNPO-E","Location_Name":"Eagle Harbor (IADN EGH)","State":" MI","EPA_Region":"05","HUC":"04020103","Organization":"EPA Great Lakes National Program","Environmental_Media_Name":"Air","Activity_Media_Subdivision_Name":"Air moisture","Project_Name":"IADN-US 2021","PFAS_Chemical_Name":"Perfluoro[1,2-13C2]undecanoic acid","CAS_Number":"960315-51-9","Result_Measure_Value":124.1,"Result_Unit_of_Measure":"%"}},{"type":"Feature","geometry":{"type":"Point","coordinates":[-88.1497219999999,47.4630560000001]},"properties":{"F_Monitoring_Location_Identifier":"EPA_GLNPO-E","Location_Name":"Eagle Harbor (IADN EGH)","State":" MI","EPA_Region":"05","HUC":"04020103","Organization":"EPA Great Lakes National Program","Environmental_Media_Name":"Air","Activity_Media_Subdivision_Name":"Air moisture","Project_Name":"IADN-US 2021","PFAS_Chemical_Name":"Perfluorooctanoic acid","CAS_Number":"335-67-1","Result_Measure_Value__ppt_":0.19999395531947,"Result_Measure_Value":199.993955319474,"Result_Unit_of_Measure":"pg/L"}},{"type":"Feature","geometry":{"type":"Point","coordinates":[-88.1497219999999,47.4630560000001]},"properties":{"F_Monitoring_Location_Identifier":"EPA_GLNPO-E","Location_Name":"Eagle Harbor (IADN EGH)","State":" MI","EPA_Region":"05","HUC":"04020103","Organization":"EPA Great Lakes National Program","Environmental_Media_Name":"Air","Activity_Media_Subdivision_Name":"Air moisture","Project_Name":"IADN-US 2021","PFAS_Chemical_Name":"Perfluorotetradecanoic acid","CAS_Number":"376-06-7","Result_Measure_Value__ppt_":0.0262,"Result_Measure_Value":26.2,"Result_Unit_of_Measure":"pg/L"}},{"type":"Feature","geometry":{"type":"Point","coordinates":[-88.1497219999999,47.4630560000001]},"properties":{"F_Monitoring_Location_Identifier":"EPA_GLNPO-E","Location_Name":"Eagle Harbor (IADN EGH)","State":" MI","EPA_Region":"05","HUC":"04020103","Organization":"EPA Great Lakes National Program","Environmental_Media_Name":"Air","Activity_Media_Subdivision_Name":"Air moisture","Project_Name":"IADN-US 2021","PFAS_Chemical_Name":"Sodium perfluoro-1-hexane[18O2]sulfonate","Result_Measure_Value":87.835,"Result_Unit_of_Measure":"%"}},{"type":"Feature","geometry":{"type":"Point","coordinates":[-88.1497219999999,47.4630560000001]},"properties":{"F_Monitoring_Location_Identifier":"EPA_GLNPO-E","Location_Name":"Eagle Harbor (IADN EGH)","State":" MI","EPA_Region":"05","HUC":"04020103","Organization":"EPA Great Lakes National Program","Environmental_Media_Name":"Air","Activity_Media_Subdivision_Name":"Air moisture","Project_Name":"IADN-US 2021","PFAS_Chemical_Name":"Perfluoro[1,2-13C2]hexanoic acid","Result_Measure_Value":72.71,"Result_Unit_of_Measure":"%"}},{"type":"Feature","geometry":{"type":"Point","coordinates":[-88.1497219999999,47.4630560000001]},"properties":{"F_Monitoring_Location_Identifier":"EPA_GLNPO-E","Location_Name":"Eagle Harbor (IADN EGH)","State":" MI","EPA_Region":"05","HUC":"04020103","Organization":"EPA Great Lakes National Program","Environmental_Media_Name":"Air","Activity_Media_Subdivision_Name":"Air moisture","Project_Name":"IADN-US 2021","PFAS_Chemical_Name":"Perfluorohexanoic acid","CAS_Number":"307-24-4","Result_Measure_Value__ppt_":0.80725,"Result_Measure_Value":807.25,"Result_Unit_of_Measure":"pg/L"}},{"type":"Feature","geometry":{"type":"Point","coordinates":[-88.1497219999999,47.4630560000001]},"properties":{"F_Monitoring_Location_Identifier":"EPA_GLNPO-E","Location_Name":"Eagle Harbor (IADN EGH)","State":" MI","EPA_Region":"05","HUC":"04020103","Organization":"EPA Great Lakes National Program","Environmental_Media_Name":"Air","Activity_Media_Subdivision_Name":"Air moisture","Project_Name":"IADN-US 2021","PFAS_Chemical_Name":"Perfluorobutylsulfonamide","CAS_Number":"30334-69-1","Result_Measure_Value__ppt_":0.14341463414494,"Result_Measure_Value":143.414634144942,"Result_Unit_of_Measure":"pg/L"}},{"type":"Feature","geometry":{"type":"Point","coordinates":[-88.1497219999999,47.4630560000001]},"properties":{"F_Monitoring_Location_Identifier":"EPA_GLNPO-E","Location_Name":"Eagle Harbor (IADN EGH)","State":" MI","EPA_Region":"05","HUC":"04020103","Organization":"EPA Great Lakes National Program","Environmental_Media_Name":"Air","Activity_Media_Subdivision_Name":"Air moisture","Project_Name":"IADN-US 2021","PFAS_Chemical_Name":"Perfluoro[1,2-13C2]undecanoic acid","CAS_Number":"960315-51-9","Result_Measure_Value":113.83,"Result_Unit_of_Measure":"%"}},{"type":"Feature","geometry":{"type":"Point","coordinates":[-88.1497219999999,47.4630560000001]},"properties":{"F_Monitoring_Location_Identifier":"EPA_GLNPO-E","Location_Name":"Eagle Harbor (IADN EGH)","State":" MI","EPA_Region":"05","HUC":"04020103","Organization":"EPA Great Lakes National Program","Environmental_Media_Name":"Air","Activity_Media_Subdivision_Name":"Air moisture","Project_Name":"IADN-US 2021","PFAS_Chemical_Name":"Sodium perfluoro-1-hexane[18O2]sulfonate","Result_Measure_Value":102.175,"Result_Unit_of_Measure":"%"}},{"type":"Feature","geometry":{"type":"Point","coordinates":[-88.1497219999999,47.4630560000001]},"properties":{"F_Monitoring_Location_Identifier":"EPA_GLNPO-E","Location_Name":"Eagle Harbor (IADN EGH)","State":" MI","EPA_Region":"05","HUC":"04020103","Organization":"EPA Great Lakes National Program","Environmental_Media_Name":"Air","Activity_Media_Subdivision_Name":"Air moisture","Project_Name":"IADN-US 2021","PFAS_Chemical_Name":"Heptafluorobutyric acid***retired***use Perfluorobutanoic acid","Result_Measure_Value__ppt_":1.9329277777563,"Result_Measure_Value":1932.9277777563,"Result_Unit_of_Measure":"pg/L"}},{"type":"Feature","geometry":{"type":"Point","coordinates":[-88.1497219999999,47.4630560000001]},"properties":{"F_Monitoring_Location_Identifier":"EPA_GLNPO-E","Location_Name":"Eagle Harbor (IADN EGH)","State":" MI","EPA_Region":"05","HUC":"04020103","Organization":"EPA Great Lakes National Program","Environmental_Media_Name":"Air","Activity_Media_Subdivision_Name":"Air moisture","Project_Name":"IADN-US 2021","PFAS_Chemical_Name":"Perfluorohexanoic acid","CAS_Number":"307-24-4","Result_Measure_Value__ppt_":0.39723028674458,"Result_Measure_Value":397.23028674458,"Result_Unit_of_Measure":"pg/L"}},{"type":"Feature","geometry":{"type":"Point","coordinates":[-88.1497219999999,47.4630560000001]},"properties":{"F_Monitoring_Location_Identifier":"EPA_GLNPO-E","Location_Name":"Eagle Harbor (IADN EGH)","State":" MI","EPA_Region":"05","HUC":"04020103","Organization":"EPA Great Lakes National Program","Environmental_Media_Name":"Air","Activity_Media_Subdivision_Name":"Air moisture","Project_Name":"IADN-US 2021","PFAS_Chemical_Name":"Heptafluorobutyric acid***retired***use Perfluorobutanoic acid","Result_Measure_Value__ppt_":1.5389021479714,"Result_Measure_Value":1538.90214797136,"Result_Unit_of_Measure":"pg/L"}},{"type":"Feature","geometry":{"type":"Point","coordinates":[-88.1497219999999,47.4630560000001]},"properties":{"F_Monitoring_Location_Identifier":"EPA_GLNPO-E","Location_Name":"Eagle Harbor (IADN EGH)","State":" MI","EPA_Region":"05","HUC":"04020103","Organization":"EPA Great Lakes National Program","Environmental_Media_Name":"Air","Activity_Media_Subdivision_Name":"Air moisture","Project_Name":"IADN-US 2021","PFAS_Chemical_Name":"Perfluoro[1,2-13C2]tetradecanoic acid","Result_Measure_Value":82.945,"Result_Unit_of_Measure":"%"}},{"type":"Feature","geometry":{"type":"Point","coordinates":[-88.1497219999999,47.4630560000001]},"properties":{"F_Monitoring_Location_Identifier":"EPA_GLNPO-E","Location_Name":"Eagle Harbor (IADN EGH)","State":" MI","EPA_Region":"05","HUC":"04020103","Organization":"EPA Great Lakes National Program","Environmental_Media_Name":"Air","Activity_Media_Subdivision_Name":"Air moisture","Project_Name":"IADN-US 2021","PFAS_Chemical_Name":"Perfluorobutylsulfonamide","CAS_Number":"30334-69-1","Result_Measure_Value__ppt_":0.52449206350788,"Result_Measure_Value":524.492063507882,"Result_Unit_of_Measure":"pg/L"}},{"type":"Feature","geometry":{"type":"Point","coordinates":[-88.1497219999999,47.4630560000001]},"properties":{"F_Monitoring_Location_Identifier":"EPA_GLNPO-E","Location_Name":"Eagle Harbor (IADN EGH)","State":" MI","EPA_Region":"05","HUC":"04020103","Organization":"EPA Great Lakes National Program","Environmental_Media_Name":"Air","Activity_Media_Subdivision_Name":"Air moisture","Project_Name":"IADN-US 2021","PFAS_Chemical_Name":"Heptafluorobutyric acid***retired***use Perfluorobutanoic acid","Result_Measure_Value__ppt_":3.8285560975236,"Result_Measure_Value":3828.55609752362,"Result_Unit_of_Measure":"pg/L"}},{"type":"Feature","geometry":{"type":"Point","coordinates":[-88.1497219999999,47.4630560000001]},"properties":{"F_Monitoring_Location_Identifier":"EPA_GLNPO-E","Location_Name":"Eagle Harbor (IADN EGH)","State":" MI","EPA_Region":"05","HUC":"04020103","Organization":"EPA Great Lakes National Program","Environmental_Media_Name":"Air","Activity_Media_Subdivision_Name":"Air moisture","Project_Name":"IADN-US 2021","PFAS_Chemical_Name":"Perfluoro[1,2-13C2]hexanoic acid","Result_Measure_Value":73.61,"Result_Unit_of_Measure":"%"}},{"type":"Feature","geometry":{"type":"Point","coordinates":[-88.1497219999999,47.4630560000001]},"properties":{"F_Monitoring_Location_Identifier":"EPA_GLNPO-E","Location_Name":"Eagle Harbor (IADN EGH)","State":" MI","EPA_Region":"05","HUC":"04020103","Organization":"EPA Great Lakes National Program","Environmental_Media_Name":"Air","Activity_Media_Subdivision_Name":"Air moisture","Project_Name":"IADN-US 2021","PFAS_Chemical_Name":"Perfluoro[1,2-13C2]undecanoic acid","CAS_Number":"960315-51-9","Result_Measure_Value":53.59,"Result_Unit_of_Measure":"%"}},{"type":"Feature","geometry":{"type":"Point","coordinates":[-88.1497219999999,47.4630560000001]},"properties":{"F_Monitoring_Location_Identifier":"EPA_GLNPO-E","Location_Name":"Eagle Harbor (IADN EGH)","State":" MI","EPA_Region":"05","HUC":"04020103","Organization":"EPA Great Lakes National Program","Environmental_Media_Name":"Air","Activity_Media_Subdivision_Name":"Air moisture","Project_Name":"IADN-US 2021","PFAS_Chemical_Name":"Heptafluorobutyric acid***retired***use Perfluorobutanoic acid","Result_Measure_Value__ppt_":1.259829332028,"Result_Measure_Value":1259.82933202796,"Result_Unit_of_Measure":"pg/L"}},{"type":"Feature","geometry":{"type":"Point","coordinates":[-88.1497219999999,47.4630560000001]},"properties":{"F_Monitoring_Location_Identifier":"EPA_GLNPO-E","Location_Name":"Eagle Harbor (IADN EGH)","State":" MI","EPA_Region":"05","HUC":"04020103","Organization":"EPA Great Lakes National Program","Environmental_Media_Name":"Air","Activity_Media_Subdivision_Name":"Air moisture","Project_Name":"IADN-US 2021","PFAS_Chemical_Name":"Sodium perfluoro-1-hexane[18O2]sulfonate","Result_Measure_Value":46.09,"Result_Unit_of_Measure":"%"}},{"type":"Feature","geometry":{"type":"Point","coordinates":[-88.1497219999999,47.4630560000001]},"properties":{"F_Monitoring_Location_Identifier":"EPA_GLNPO-E","Location_Name":"Eagle Harbor (IADN EGH)","State":" MI","EPA_Region":"05","HUC":"04020103","Organization":"EPA Great Lakes National Program","Environmental_Media_Name":"Air","Activity_Media_Subdivision_Name":"Air moisture","Project_Name":"IADN-US 2021","PFAS_Chemical_Name":"Perfluorooctanoic acid","CAS_Number":"335-67-1","Result_Measure_Value__ppt_":0.33000185184819,"Result_Measure_Value":330.001851848185,"Result_Unit_of_Measure":"pg/L"}},{"type":"Feature","geometry":{"type":"Point","coordinates":[-88.1497219999999,47.4630560000001]},"properties":{"F_Monitoring_Location_Identifier":"EPA_GLNPO-E","Location_Name":"Eagle Harbor (IADN EGH)","State":" MI","EPA_Region":"05","HUC":"04020103","Organization":"EPA Great Lakes National Program","Environmental_Media_Name":"Air","Activity_Media_Subdivision_Name":"Air moisture","Project_Name":"IADN-US 2021","PFAS_Chemical_Name":"Heptafluorobutyric acid***retired***use Perfluorobutanoic acid","Result_Measure_Value__ppt_":1.3527453350687,"Result_Measure_Value":1352.7453350687,"Result_Unit_of_Measure":"pg/L"}},{"type":"Feature","geometry":{"type":"Point","coordinates":[-88.1497219999999,47.4630560000001]},"properties":{"F_Monitoring_Location_Identifier":"EPA_GLNPO-E","Location_Name":"Eagle Harbor (IADN EGH)","State":" MI","EPA_Region":"05","HUC":"04020103","Organization":"EPA Great Lakes National Program","Environmental_Media_Name":"Air","Activity_Media_Subdivision_Name":"Air moisture","Project_Name":"IADN-US 2021","PFAS_Chemical_Name":"Perfluorononanoic acid","CAS_Number":"375-95-1","Result_Measure_Value__ppt_":0.14456188203205,"Result_Measure_Value":144.561882032049,"Result_Unit_of_Measure":"pg/L"}},{"type":"Feature","geometry":{"type":"Point","coordinates":[-88.1497219999999,47.4630560000001]},"properties":{"F_Monitoring_Location_Identifier":"EPA_GLNPO-E","Location_Name":"Eagle Harbor (IADN EGH)","State":" MI","EPA_Region":"05","HUC":"04020103","Organization":"EPA Great Lakes National Program","Environmental_Media_Name":"Air","Activity_Media_Subdivision_Name":"Air moisture","Project_Name":"IADN-US 2021","PFAS_Chemical_Name":"Perfluorohexanoic acid","CAS_Number":"307-24-4","Result_Measure_Value__ppt_":0.21108269230039,"Result_Measure_Value":211.082692300386,"Result_Unit_of_Measure":"pg/L"}},{"type":"Feature","geometry":{"type":"Point","coordinates":[-88.1497219999999,47.4630560000001]},"properties":{"F_Monitoring_Location_Identifier":"EPA_GLNPO-E","Location_Name":"Eagle Harbor (IADN EGH)","State":" MI","EPA_Region":"05","HUC":"04020103","Organization":"EPA Great Lakes National Program","Environmental_Media_Name":"Air","Activity_Media_Subdivision_Name":"Air moisture","Project_Name":"IADN-US 2021","PFAS_Chemical_Name":"Perfluorononanoic acid","CAS_Number":"375-95-1","Result_Measure_Value__ppt_":0.12836405530546,"Result_Measure_Value":128.364055305455,"Result_Unit_of_Measure":"pg/L"}},{"type":"Feature","geometry":{"type":"Point","coordinates":[-88.1497219999999,47.4630560000001]},"properties":{"F_Monitoring_Location_Identifier":"EPA_GLNPO-E","Location_Name":"Eagle Harbor (IADN EGH)","State":" MI","EPA_Region":"05","HUC":"04020103","Organization":"EPA Great Lakes National Program","Environmental_Media_Name":"Air","Activity_Media_Subdivision_Name":"Air moisture","Project_Name":"IADN-US 2021","PFAS_Chemical_Name":"Perfluorooctanoic acid","CAS_Number":"335-67-1","Result_Measure_Value__ppt_":0.1895121951201,"Result_Measure_Value":189.512195120102,"Result_Unit_of_Measure":"pg/L"}},{"type":"Feature","geometry":{"type":"Point","coordinates":[-88.1497219999999,47.4630560000001]},"properties":{"F_Monitoring_Location_Identifier":"EPA_GLNPO-E","Location_Name":"Eagle Harbor (IADN EGH)","State":" MI","EPA_Region":"05","HUC":"04020103","Organization":"EPA Great Lakes National Program","Environmental_Media_Name":"Air","Activity_Media_Subdivision_Name":"Air moisture","Project_Name":"IADN-US 2021","PFAS_Chemical_Name":"Perfluorododecanoic acid","CAS_Number":"307-55-1","Result_Measure_Value__ppt_":0.17817307691691,"Result_Measure_Value":178.173076916909,"Result_Unit_of_Measure":"pg/L"}},{"type":"Feature","geometry":{"type":"Point","coordinates":[-88.1497219999999,47.4630560000001]},"properties":{"F_Monitoring_Location_Identifier":"EPA_GLNPO-E","Location_Name":"Eagle Harbor (IADN EGH)","State":" MI","EPA_Region":"05","HUC":"04020103","Organization":"EPA Great Lakes National Program","Environmental_Media_Name":"Air","Activity_Media_Subdivision_Name":"Air moisture","Project_Name":"IADN-US 2021","PFAS_Chemical_Name":"Perfluorooctanoic acid","CAS_Number":"335-67-1","Result_Measure_Value__ppt_":0.2184126984127,"Result_Measure_Value":218.412698412698,"Result_Unit_of_Measure":"pg/L"}},{"type":"Feature","geometry":{"type":"Point","coordinates":[-88.1497219999999,47.4630560000001]},"properties":{"F_Monitoring_Location_Identifier":"EPA_GLNPO-E","Location_Name":"Eagle Harbor (IADN EGH)","State":" MI","EPA_Region":"05","HUC":"04020103","Organization":"EPA Great Lakes National Program","Environmental_Media_Name":"Air","Activity_Media_Subdivision_Name":"Air moisture","Project_Name":"IADN-US 2021","PFAS_Chemical_Name":"Perfluoro[1,2-13C2]undecanoic acid","CAS_Number":"960315-51-9","Result_Measure_Value":77.725,"Result_Unit_of_Measure":"%"}},{"type":"Feature","geometry":{"type":"Point","coordinates":[-88.1497219999999,47.4630560000001]},"properties":{"F_Monitoring_Location_Identifier":"EPA_GLNPO-E","Location_Name":"Eagle Harbor (IADN EGH)","State":" MI","EPA_Region":"05","HUC":"04020103","Organization":"EPA Great Lakes National Program","Environmental_Media_Name":"Air","Activity_Media_Subdivision_Name":"Air moisture","Project_Name":"IADN-US 2021","PFAS_Chemical_Name":"Sodium perfluoro-1-hexane[18O2]sulfonate","Result_Measure_Value":102.64,"Result_Unit_of_Measure":"%"}},{"type":"Feature","geometry":{"type":"Point","coordinates":[-88.1497219999999,47.4630560000001]},"properties":{"F_Monitoring_Location_Identifier":"EPA_GLNPO-E","Location_Name":"Eagle Harbor (IADN EGH)","State":" MI","EPA_Region":"05","HUC":"04020103","Organization":"EPA Great Lakes National Program","Environmental_Media_Name":"Air","Activity_Media_Subdivision_Name":"Air moisture","Project_Name":"IADN-US 2021","PFAS_Chemical_Name":"Perfluoroundecanoate","CAS_Number":"196859-54-8","Result_Measure_Value__ppt_":0.1655,"Result_Measure_Value":165.5,"Result_Unit_of_Measure":"pg/L"}},{"type":"Feature","geometry":{"type":"Point","coordinates":[-88.1497219999999,47.4630560000001]},"properties":{"F_Monitoring_Location_Identifier":"EPA_GLNPO-E","Location_Name":"Eagle Harbor (IADN EGH)","State":" MI","EPA_Region":"05","HUC":"04020103","Organization":"EPA Great Lakes National Program","Environmental_Media_Name":"Air","Activity_Media_Subdivision_Name":"Air moisture","Project_Name":"IADN-US 2021","PFAS_Chemical_Name":"Perfluorohexanoic acid","CAS_Number":"307-24-4","Result_Measure_Value__ppt_":0.27901892246699,"Result_Measure_Value":279.018922466987,"Result_Unit_of_Measure":"pg/L"}},{"type":"Feature","geometry":{"type":"Point","coordinates":[-88.1497219999999,47.4630560000001]},"properties":{"F_Monitoring_Location_Identifier":"EPA_GLNPO-E","Location_Name":"Eagle Harbor (IADN EGH)","State":" MI","EPA_Region":"05","HUC":"04020103","Organization":"EPA Great Lakes National Program","Environmental_Media_Name":"Air","Activity_Media_Subdivision_Name":"Air moisture","Project_Name":"IADN-US 2021","PFAS_Chemical_Name":"Perfluoro[1,2-13C2]tetradecanoic acid","Result_Measure_Value":98.89,"Result_Unit_of_Measure":"%"}},{"type":"Feature","geometry":{"type":"Point","coordinates":[-88.1497219999999,47.4630560000001]},"properties":{"F_Monitoring_Location_Identifier":"EPA_GLNPO-E","Location_Name":"Eagle Harbor (IADN EGH)","State":" MI","EPA_Region":"05","HUC":"04020103","Organization":"EPA Great Lakes National Program","Environmental_Media_Name":"Air","Activity_Media_Subdivision_Name":"Air moisture","Project_Name":"IADN-US 2021","PFAS_Chemical_Name":"Perfluorooctanoic acid","CAS_Number":"335-67-1","Result_Measure_Value__ppt_":0.16005917159763,"Result_Measure_Value":160.059171597633,"Result_Unit_of_Measure":"pg/L"}},{"type":"Feature","geometry":{"type":"Point","coordinates":[-88.1497219999999,47.4630560000001]},"properties":{"F_Monitoring_Location_Identifier":"EPA_GLNPO-E","Location_Name":"Eagle Harbor (IADN EGH)","State":" MI","EPA_Region":"05","HUC":"04020103","Organization":"EPA Great Lakes National Program","Environmental_Media_Name":"Air","Activity_Media_Subdivision_Name":"Air moisture","Project_Name":"IADN-US 2021","PFAS_Chemical_Name":"Perfluoropalmitic acid","CAS_Number":"67905-19-5","Result_Measure_Value__ppt_":0.0944,"Result_Measure_Value":94.4,"Result_Unit_of_Measure":"pg/L"}},{"type":"Feature","geometry":{"type":"Point","coordinates":[-88.1497219999999,47.4630560000001]},"properties":{"F_Monitoring_Location_Identifier":"EPA_GLNPO-E","Location_Name":"Eagle Harbor (IADN EGH)","State":" MI","EPA_Region":"05","HUC":"04020103","Organization":"EPA Great Lakes National Program","Environmental_Media_Name":"Air","Activity_Media_Subdivision_Name":"Air moisture","Project_Name":"IADN-US 2021","PFAS_Chemical_Name":"Sodium perfluoro-1-hexane[18O2]sulfonate","Result_Measure_Value":85.22,"Result_Unit_of_Measure":"%"}},{"type":"Feature","geometry":{"type":"Point","coordinates":[-88.1497219999999,47.4630560000001]},"properties":{"F_Monitoring_Location_Identifier":"EPA_GLNPO-E","Location_Name":"Eagle Harbor (IADN EGH)","State":" MI","EPA_Region":"05","HUC":"04020103","Organization":"EPA Great Lakes National Program","Environmental_Media_Name":"Air","Activity_Media_Subdivision_Name":"Air moisture","Project_Name":"IADN-US 2021","PFAS_Chemical_Name":"Perfluoro[1,2-13C2]tetradecanoic acid","Result_Measure_Value":45.135,"Result_Unit_of_Measure":"%"}},{"type":"Feature","geometry":{"type":"Point","coordinates":[-88.1497219999999,47.4630560000001]},"properties":{"F_Monitoring_Location_Identifier":"EPA_GLNPO-E","Location_Name":"Eagle Harbor (IADN EGH)","State":" MI","EPA_Region":"05","HUC":"04020103","Organization":"EPA Great Lakes National Program","Environmental_Media_Name":"Air","Activity_Media_Subdivision_Name":"Air moisture","Project_Name":"IADN-US 2021","PFAS_Chemical_Name":"Sodium perfluoro-1-hexane[18O2]sulfonate","Result_Measure_Value":98.83,"Result_Unit_of_Measure":"%"}},{"type":"Feature","geometry":{"type":"Point","coordinates":[-88.1497219999999,47.4630560000001]},"properties":{"F_Monitoring_Location_Identifier":"EPA_GLNPO-E","Location_Name":"Eagle Harbor (IADN EGH)","State":" MI","EPA_Region":"05","HUC":"04020103","Organization":"EPA Great Lakes National Program","Environmental_Media_Name":"Air","Activity_Media_Subdivision_Name":"Air moisture","Project_Name":"IADN-US 2021","PFAS_Chemical_Name":"Perfluorooctanoic acid","CAS_Number":"335-67-1","Result_Measure_Value__ppt_":0.29336053031997,"Result_Measure_Value":293.360530319971,"Result_Unit_of_Measure":"pg/L"}},{"type":"Feature","geometry":{"type":"Point","coordinates":[-88.1497219999999,47.4630560000001]},"properties":{"F_Monitoring_Location_Identifier":"EPA_GLNPO-E","Location_Name":"Eagle Harbor (IADN EGH)","State":" MI","EPA_Region":"05","HUC":"04020103","Organization":"EPA Great Lakes National Program","Environmental_Media_Name":"Air","Activity_Media_Subdivision_Name":"Air moisture","Project_Name":"IADN-US 2021","PFAS_Chemical_Name":"Perfluorovaleric acid","CAS_Number":"2706-90-3","Result_Measure_Value__ppt_":7.2519115959397,"Result_Measure_Value":7251.9115959397,"Result_Unit_of_Measure":"pg/L"}},{"type":"Feature","geometry":{"type":"Point","coordinates":[-88.1497219999999,47.4630560000001]},"properties":{"F_Monitoring_Location_Identifier":"EPA_GLNPO-E","Location_Name":"Eagle Harbor (IADN EGH)","State":" MI","EPA_Region":"05","HUC":"04020103","Organization":"EPA Great Lakes National Program","Environmental_Media_Name":"Air","Activity_Media_Subdivision_Name":"Air moisture","Project_Name":"IADN-US 2021","PFAS_Chemical_Name":"Perfluorooctanoic acid","CAS_Number":"335-67-1","Result_Measure_Value__ppt_":0.21925,"Result_Measure_Value":219.25,"Result_Unit_of_Measure":"pg/L"}},{"type":"Feature","geometry":{"type":"Point","coordinates":[-88.1497219999999,47.4630560000001]},"properties":{"F_Monitoring_Location_Identifier":"EPA_GLNPO-E","Location_Name":"Eagle Harbor (IADN EGH)","State":" MI","EPA_Region":"05","HUC":"04020103","Organization":"EPA Great Lakes National Program","Environmental_Media_Name":"Air","Activity_Media_Subdivision_Name":"Air moisture","Project_Name":"IADN-US 2021","PFAS_Chemical_Name":"Perfluoro[1,2-13C2]hexanoic acid","Result_Measure_Value":79.69,"Result_Unit_of_Measure":"%"}},{"type":"Feature","geometry":{"type":"Point","coordinates":[-88.1497219999999,47.4630560000001]},"properties":{"F_Monitoring_Location_Identifier":"EPA_GLNPO-E","Location_Name":"Eagle Harbor (IADN EGH)","State":" MI","EPA_Region":"05","HUC":"04020103","Organization":"EPA Great Lakes National Program","Environmental_Media_Name":"Air","Activity_Media_Subdivision_Name":"Air moisture","Project_Name":"IADN-US 2021","PFAS_Chemical_Name":"Heptafluorobutyric acid***retired***use Perfluorobutanoic acid","Result_Measure_Value__ppt_":0.2232,"Result_Measure_Value":223.2,"Result_Unit_of_Measure":"pg/L"}},{"type":"Feature","geometry":{"type":"Point","coordinates":[-88.1497219999999,47.4630560000001]},"properties":{"F_Monitoring_Location_Identifier":"EPA_GLNPO-E","Location_Name":"Eagle Harbor (IADN EGH)","State":" MI","EPA_Region":"05","HUC":"04020103","Organization":"EPA Great Lakes National Program","Environmental_Media_Name":"Air","Activity_Media_Subdivision_Name":"Air moisture","Project_Name":"IADN-US 2021","PFAS_Chemical_Name":"Perfluorovaleric acid","CAS_Number":"2706-90-3","Result_Measure_Value__ppt_":0.40198703703257,"Result_Measure_Value":401.98703703257,"Result_Unit_of_Measure":"pg/L"}},{"type":"Feature","geometry":{"type":"Point","coordinates":[-88.1497219999999,47.4630560000001]},"properties":{"F_Monitoring_Location_Identifier":"EPA_GLNPO-E","Location_Name":"Eagle Harbor (IADN EGH)","State":" MI","EPA_Region":"05","HUC":"04020103","Organization":"EPA Great Lakes National Program","Environmental_Media_Name":"Air","Activity_Media_Subdivision_Name":"Air moisture","Project_Name":"IADN-US 2021","PFAS_Chemical_Name":"Perfluoro[1,2-13C2]tetradecanoic acid","Result_Measure_Value":97.015,"Result_Unit_of_Measure":"%"}},{"type":"Feature","geometry":{"type":"Point","coordinates":[-88.1497219999999,47.4630560000001]},"properties":{"F_Monitoring_Location_Identifier":"EPA_GLNPO-E","Location_Name":"Eagle Harbor (IADN EGH)","State":" MI","EPA_Region":"05","HUC":"04020103","Organization":"EPA Great Lakes National Program","Environmental_Media_Name":"Air","Activity_Media_Subdivision_Name":"Air moisture","Project_Name":"IADN-US 2021","PFAS_Chemical_Name":"Perfluoro[1,2-13C2]hexanoic acid","Result_Measure_Value":76.005,"Result_Unit_of_Measure":"%"}},{"type":"Feature","geometry":{"type":"Point","coordinates":[-88.1497219999999,47.4630560000001]},"properties":{"F_Monitoring_Location_Identifier":"EPA_GLNPO-E","Location_Name":"Eagle Harbor (IADN EGH)","State":" MI","EPA_Region":"05","HUC":"04020103","Organization":"EPA Great Lakes National Program","Environmental_Media_Name":"Air","Activity_Media_Subdivision_Name":"Air moisture","Project_Name":"IADN-US 2021","PFAS_Chemical_Name":"Perfluorovaleric acid","CAS_Number":"2706-90-3","Result_Measure_Value__ppt_":1.8103686636779,"Result_Measure_Value":1810.3686636779,"Result_Unit_of_Measure":"pg/L"}},{"type":"Feature","geometry":{"type":"Point","coordinates":[-88.1497219999999,47.4630560000001]},"properties":{"F_Monitoring_Location_Identifier":"EPA_GLNPO-E","Location_Name":"Eagle Harbor (IADN EGH)","State":" MI","EPA_Region":"05","HUC":"04020103","Organization":"EPA Great Lakes National Program","Environmental_Media_Name":"Air","Activity_Media_Subdivision_Name":"Air moisture","Project_Name":"IADN-US 2021","PFAS_Chemical_Name":"Heptafluorobutyric acid***retired***use Perfluorobutanoic acid","Result_Measure_Value__ppt_":0.29,"Result_Measure_Value":290,"Result_Unit_of_Measure":"pg/L"}},{"type":"Feature","geometry":{"type":"Point","coordinates":[-88.1497219999999,47.4630560000001]},"properties":{"F_Monitoring_Location_Identifier":"EPA_GLNPO-E","Location_Name":"Eagle Harbor (IADN EGH)","State":" MI","EPA_Region":"05","HUC":"04020103","Organization":"EPA Great Lakes National Program","Environmental_Media_Name":"Air","Activity_Media_Subdivision_Name":"Air moisture","Project_Name":"IADN-US 2021","PFAS_Chemical_Name":"Perfluorobutylsulfonamide","CAS_Number":"30334-69-1","Result_Measure_Value__ppt_":0.11155868544412,"Result_Measure_Value":111.558685444124,"Result_Unit_of_Measure":"pg/L"}},{"type":"Feature","geometry":{"type":"Point","coordinates":[-88.1497219999999,47.4630560000001]},"properties":{"F_Monitoring_Location_Identifier":"EPA_GLNPO-E","Location_Name":"Eagle Harbor (IADN EGH)","State":" MI","EPA_Region":"05","HUC":"04020103","Organization":"EPA Great Lakes National Program","Environmental_Media_Name":"Air","Activity_Media_Subdivision_Name":"Air moisture","Project_Name":"IADN-US 2021","PFAS_Chemical_Name":"Perfluoro[1,2-13C2]hexanoic acid","Result_Measure_Value":80.63,"Result_Unit_of_Measure":"%"}},{"type":"Feature","geometry":{"type":"Point","coordinates":[-88.1497219999999,47.4630560000001]},"properties":{"F_Monitoring_Location_Identifier":"EPA_GLNPO-E","Location_Name":"Eagle Harbor (IADN EGH)","State":" MI","EPA_Region":"05","HUC":"04020103","Organization":"EPA Great Lakes National Program","Environmental_Media_Name":"Air","Activity_Media_Subdivision_Name":"Air moisture","Project_Name":"IADN-US 2021","PFAS_Chemical_Name":"Perfluoro[1,2-13C2]hexanoic acid","Result_Measure_Value":91.935,"Result_Unit_of_Measure":"%"}},{"type":"Feature","geometry":{"type":"Point","coordinates":[-88.1497219999999,47.4630560000001]},"properties":{"F_Monitoring_Location_Identifier":"EPA_GLNPO-E","Location_Name":"Eagle Harbor (IADN EGH)","State":" MI","EPA_Region":"05","HUC":"04020103","Organization":"EPA Great Lakes National Program","Environmental_Media_Name":"Air","Activity_Media_Subdivision_Name":"Air moisture","Project_Name":"IADN-US 2021","PFAS_Chemical_Name":"Perfluoro[1,2-13C2]hexanoic acid","Result_Measure_Value":79.805,"Result_Unit_of_Measure":"%"}},{"type":"Feature","geometry":{"type":"Point","coordinates":[-88.1497219999999,47.4630560000001]},"properties":{"F_Monitoring_Location_Identifier":"EPA_GLNPO-E","Location_Name":"Eagle Harbor (IADN EGH)","State":" MI","EPA_Region":"05","HUC":"04020103","Organization":"EPA Great Lakes National Program","Environmental_Media_Name":"Air","Activity_Media_Subdivision_Name":"Air moisture","Project_Name":"IADN-US 2021","PFAS_Chemical_Name":"Perfluorononanoic acid","CAS_Number":"375-95-1","Result_Measure_Value__ppt_":0.1992148148126,"Result_Measure_Value":199.214814812601,"Result_Unit_of_Measure":"pg/L"}},{"type":"Feature","geometry":{"type":"Point","coordinates":[-88.1497219999999,47.4630560000001]},"properties":{"F_Monitoring_Location_Identifier":"EPA_GLNPO-E","Location_Name":"Eagle Harbor (IADN EGH)","State":" MI","EPA_Region":"05","HUC":"04020103","Organization":"EPA Great Lakes National Program","Environmental_Media_Name":"Air","Activity_Media_Subdivision_Name":"Air moisture","Project_Name":"IADN-US 2021","PFAS_Chemical_Name":"Perfluorovaleric acid","CAS_Number":"2706-90-3","Result_Measure_Value__ppt_":0.42795059132192,"Result_Measure_Value":427.950591321915,"Result_Unit_of_Measure":"pg/L"}},{"type":"Feature","geometry":{"type":"Point","coordinates":[-88.1497219999999,47.4630560000001]},"properties":{"F_Monitoring_Location_Identifier":"EPA_GLNPO-E","Location_Name":"Eagle Harbor (IADN EGH)","State":" MI","EPA_Region":"05","HUC":"04020103","Organization":"EPA Great Lakes National Program","Environmental_Media_Name":"Air","Activity_Media_Subdivision_Name":"Air moisture","Project_Name":"IADN-US 2021","PFAS_Chemical_Name":"Perfluoropalmitic acid","CAS_Number":"67905-19-5","Result_Measure_Value__ppt_":0.18718653845506,"Result_Measure_Value":187.186538455059,"Result_Unit_of_Measure":"pg/L"}},{"type":"Feature","geometry":{"type":"Point","coordinates":[-88.1497219999999,47.4630560000001]},"properties":{"F_Monitoring_Location_Identifier":"EPA_GLNPO-E","Location_Name":"Eagle Harbor (IADN EGH)","State":" MI","EPA_Region":"05","HUC":"04020103","Organization":"EPA Great Lakes National Program","Environmental_Media_Name":"Air","Activity_Media_Subdivision_Name":"Air moisture","Project_Name":"IADN-US 2021","PFAS_Chemical_Name":"Perfluoro[1,2-13C2]tetradecanoic acid","Result_Measure_Value":43.53,"Result_Unit_of_Measure":"%"}},{"type":"Feature","geometry":{"type":"Point","coordinates":[-88.1497219999999,47.4630560000001]},"properties":{"F_Monitoring_Location_Identifier":"EPA_GLNPO-E","Location_Name":"Eagle Harbor (IADN EGH)","State":" MI","EPA_Region":"05","HUC":"04020103","Organization":"EPA Great Lakes National Program","Environmental_Media_Name":"Air","Activity_Media_Subdivision_Name":"Air moisture","Project_Name":"IADN-US 2021","PFAS_Chemical_Name":"Sodium perfluoro-1-hexane[18O2]sulfonate","Result_Measure_Value":63.24,"Result_Unit_of_Measure":"%"}},{"type":"Feature","geometry":{"type":"Point","coordinates":[-88.1497219999999,47.4630560000001]},"properties":{"F_Monitoring_Location_Identifier":"EPA_GLNPO-E","Location_Name":"Eagle Harbor (IADN EGH)","State":" MI","EPA_Region":"05","HUC":"04020103","Organization":"EPA Great Lakes National Program","Environmental_Media_Name":"Air","Activity_Media_Subdivision_Name":"Air moisture","Project_Name":"IADN-US 2021","PFAS_Chemical_Name":"Perfluoro[1,2-13C2]tetradecanoic acid","Result_Measure_Value":49.93,"Result_Unit_of_Measure":"%"}},{"type":"Feature","geometry":{"type":"Point","coordinates":[-88.1497219999999,47.4630560000001]},"properties":{"F_Monitoring_Location_Identifier":"EPA_GLNPO-E","Location_Name":"Eagle Harbor (IADN EGH)","State":" MI","EPA_Region":"05","HUC":"04020103","Organization":"EPA Great Lakes National Program","Environmental_Media_Name":"Air","Activity_Media_Subdivision_Name":"Air moisture","Project_Name":"IADN-US 2021","PFAS_Chemical_Name":"Perfluoro[1,2-13C2]undecanoic acid","CAS_Number":"960315-51-9","Result_Measure_Value":78.835,"Result_Unit_of_Measure":"%"}},{"type":"Feature","geometry":{"type":"Point","coordinates":[-88.1497219999999,47.4630560000001]},"properties":{"F_Monitoring_Location_Identifier":"EPA_GLNPO-E","Location_Name":"Eagle Harbor (IADN EGH)","State":" MI","EPA_Region":"05","HUC":"04020103","Organization":"EPA Great Lakes National Program","Environmental_Media_Name":"Air","Activity_Media_Subdivision_Name":"Air moisture","Project_Name":"IADN-US 2021","PFAS_Chemical_Name":"Perfluorohexanoic acid","CAS_Number":"307-24-4","Result_Measure_Value__ppt_":0.1657633319272,"Result_Measure_Value":165.763331927203,"Result_Unit_of_Measure":"pg/L"}},{"type":"Feature","geometry":{"type":"Point","coordinates":[-88.1497219999999,47.4630560000001]},"properties":{"F_Monitoring_Location_Identifier":"EPA_GLNPO-E","Location_Name":"Eagle Harbor (IADN EGH)","State":" MI","EPA_Region":"05","HUC":"04020103","Organization":"EPA Great Lakes National Program","Environmental_Media_Name":"Air","Activity_Media_Subdivision_Name":"Air moisture","Project_Name":"IADN-US 2021","PFAS_Chemical_Name":"Perfluoro[1,2-13C2]tetradecanoic acid","Result_Measure_Value":58.41,"Result_Unit_of_Measure":"%"}},{"type":"Feature","geometry":{"type":"Point","coordinates":[-88.1497219999999,47.4630560000001]},"properties":{"F_Monitoring_Location_Identifier":"EPA_GLNPO-E","Location_Name":"Eagle Harbor (IADN EGH)","State":" MI","EPA_Region":"05","HUC":"04020103","Organization":"EPA Great Lakes National Program","Environmental_Media_Name":"Air","Activity_Media_Subdivision_Name":"Air moisture","Project_Name":"IADN-US 2021","PFAS_Chemical_Name":"Heptafluorobutyric acid***retired***use Perfluorobutanoic acid","Result_Measure_Value__ppt_":0.76467707894056,"Result_Measure_Value":764.677078940564,"Result_Unit_of_Measure":"pg/L"}},{"type":"Feature","geometry":{"type":"Point","coordinates":[-88.1497219999999,47.4630560000001]},"properties":{"F_Monitoring_Location_Identifier":"EPA_GLNPO-E","Location_Name":"Eagle Harbor (IADN EGH)","State":" MI","EPA_Region":"05","HUC":"04020103","Organization":"EPA Great Lakes National Program","Environmental_Media_Name":"Air","Activity_Media_Subdivision_Name":"Air moisture","Project_Name":"IADN-US 2021","PFAS_Chemical_Name":"Perfluorohexanoic acid","CAS_Number":"307-24-4","Result_Measure_Value__ppt_":0.13425,"Result_Measure_Value":134.25,"Result_Unit_of_Measure":"pg/L"}},{"type":"Feature","geometry":{"type":"Point","coordinates":[-88.1497219999999,47.4630560000001]},"properties":{"F_Monitoring_Location_Identifier":"EPA_GLNPO-E","Location_Name":"Eagle Harbor (IADN EGH)","State":" MI","EPA_Region":"05","HUC":"04020103","Organization":"EPA Great Lakes National Program","Environmental_Media_Name":"Air","Activity_Media_Subdivision_Name":"Air moisture","Project_Name":"IADN-US 2021","PFAS_Chemical_Name":"Perfluorooctanoic acid","CAS_Number":"335-67-1","Result_Measure_Value__ppt_":0.31870985914954,"Result_Measure_Value":318.709859149543,"Result_Unit_of_Measure":"pg/L"}},{"type":"Feature","geometry":{"type":"Point","coordinates":[-88.1497219999999,47.4630560000001]},"properties":{"F_Monitoring_Location_Identifier":"EPA_GLNPO-E","Location_Name":"Eagle Harbor (IADN EGH)","State":" MI","EPA_Region":"05","HUC":"04020103","Organization":"EPA Great Lakes National Program","Environmental_Media_Name":"Air","Activity_Media_Subdivision_Name":"Air moisture","Project_Name":"IADN-US 2021","PFAS_Chemical_Name":"Perfluorovaleric acid","CAS_Number":"2706-90-3","Result_Measure_Value__ppt_":0.18742085268151,"Result_Measure_Value":187.420852681511,"Result_Unit_of_Measure":"pg/L"}},{"type":"Feature","geometry":{"type":"Point","coordinates":[-88.1497219999999,47.4630560000001]},"properties":{"F_Monitoring_Location_Identifier":"EPA_GLNPO-E","Location_Name":"Eagle Harbor (IADN EGH)","State":" MI","EPA_Region":"05","HUC":"04020103","Organization":"EPA Great Lakes National Program","Environmental_Media_Name":"Air","Activity_Media_Subdivision_Name":"Air moisture","Project_Name":"IADN-US 2021","PFAS_Chemical_Name":"Perfluoro[1,2-13C2]undecanoic acid","CAS_Number":"960315-51-9","Result_Measure_Value":65.765,"Result_Unit_of_Measure":"%"}},{"type":"Feature","geometry":{"type":"Point","coordinates":[-88.1497219999999,47.4630560000001]},"properties":{"F_Monitoring_Location_Identifier":"EPA_GLNPO-E","Location_Name":"Eagle Harbor (IADN EGH)","State":" MI","EPA_Region":"05","HUC":"04020103","Organization":"EPA Great Lakes National Program","Environmental_Media_Name":"Air","Activity_Media_Subdivision_Name":"Air moisture","Project_Name":"IADN-US 2021","PFAS_Chemical_Name":"Perfluorononanoic acid","CAS_Number":"375-95-1","Result_Measure_Value__ppt_":0.16233650793651,"Result_Measure_Value":162.336507936508,"Result_Unit_of_Measure":"pg/L"}},{"type":"Feature","geometry":{"type":"Point","coordinates":[-88.1497219999999,47.4630560000001]},"properties":{"F_Monitoring_Location_Identifier":"EPA_GLNPO-E","Location_Name":"Eagle Harbor (IADN EGH)","State":" MI","EPA_Region":"05","HUC":"04020103","Organization":"EPA Great Lakes National Program","Environmental_Media_Name":"Air","Activity_Media_Subdivision_Name":"Air moisture","Project_Name":"IADN-US 2021","PFAS_Chemical_Name":"Sodium perfluoro-1-hexane[18O2]sulfonate","Result_Measure_Value":75.81,"Result_Unit_of_Measure":"%"}},{"type":"Feature","geometry":{"type":"Point","coordinates":[-88.1497219999999,47.4630560000001]},"properties":{"F_Monitoring_Location_Identifier":"EPA_GLNPO-E","Location_Name":"Eagle Harbor (IADN EGH)","State":" MI","EPA_Region":"05","HUC":"04020103","Organization":"EPA Great Lakes National Program","Environmental_Media_Name":"Air","Activity_Media_Subdivision_Name":"Air moisture","Project_Name":"IADN-US 2021","PFAS_Chemical_Name":"Perfluoro[1,2-13C2]undecanoic acid","CAS_Number":"960315-51-9","Result_Measure_Value":89.44,"Result_Unit_of_Measure":"%"}},{"type":"Feature","geometry":{"type":"Point","coordinates":[-87.624722,41.8344440000001]},"properties":{"F_Monitoring_Location_Identifier":"EPA_GLNPO-J","Location_Name":"IIT-Chicago (IADN IIT)","State":" IL","EPA_Region":"05","HUC":"04040002","Organization":"EPA Great Lakes National Program","Environmental_Media_Name":"Air","Activity_Media_Subdivision_Name":"Air moisture","Project_Name":"IADN-US 2021","PFAS_Chemical_Name":"Perfluoroundecanoate","CAS_Number":"196859-54-8","Result_Measure_Value__ppt_":0.017817531307178,"Result_Measure_Value":17.8175313071784,"Result_Unit_of_Measure":"pg/L"}},{"type":"Feature","geometry":{"type":"Point","coordinates":[-87.624722,41.8344440000001]},"properties":{"F_Monitoring_Location_Identifier":"EPA_GLNPO-J","Location_Name":"IIT-Chicago (IADN IIT)","State":" IL","EPA_Region":"05","HUC":"04040002","Organization":"EPA Great Lakes National Program","Environmental_Media_Name":"Air","Activity_Media_Subdivision_Name":"Air moisture","Project_Name":"IADN-US 2021","PFAS_Chemical_Name":"Perfluorononanoic acid","CAS_Number":"375-95-1","Result_Measure_Value__ppt_":0.16625946967875,"Result_Measure_Value":166.259469678751,"Result_Unit_of_Measure":"pg/L"}},{"type":"Feature","geometry":{"type":"Point","coordinates":[-87.624722,41.8344440000001]},"properties":{"F_Monitoring_Location_Identifier":"EPA_GLNPO-J","Location_Name":"IIT-Chicago (IADN IIT)","State":" IL","EPA_Region":"05","HUC":"04040002","Organization":"EPA Great Lakes National Program","Environmental_Media_Name":"Air","Activity_Media_Subdivision_Name":"Air moisture","Project_Name":"IADN-US 2021","PFAS_Chemical_Name":"Perfluoroheptanoic acid","CAS_Number":"375-85-9","Result_Measure_Value__ppt_":0.29554484657169,"Result_Measure_Value":295.544846571685,"Result_Unit_of_Measure":"pg/L"}},{"type":"Feature","geometry":{"type":"Point","coordinates":[-87.624722,41.8344440000001]},"properties":{"F_Monitoring_Location_Identifier":"EPA_GLNPO-J","Location_Name":"IIT-Chicago (IADN IIT)","State":" IL","EPA_Region":"05","HUC":"04040002","Organization":"EPA Great Lakes National Program","Environmental_Media_Name":"Air","Activity_Media_Subdivision_Name":"Air moisture","Project_Name":"IADN-US 2021","PFAS_Chemical_Name":"Perfluoro[1,2-13C2]tetradecanoic acid","Result_Measure_Value":89.765,"Result_Unit_of_Measure":"%"}},{"type":"Feature","geometry":{"type":"Point","coordinates":[-87.624722,41.8344440000001]},"properties":{"F_Monitoring_Location_Identifier":"EPA_GLNPO-J","Location_Name":"IIT-Chicago (IADN IIT)","State":" IL","EPA_Region":"05","HUC":"04040002","Organization":"EPA Great Lakes National Program","Environmental_Media_Name":"Air","Activity_Media_Subdivision_Name":"Air moisture","Project_Name":"IADN-US 2021","PFAS_Chemical_Name":"Perfluorovaleric acid","CAS_Number":"2706-90-3","Result_Measure_Value__ppt_":0.40105064241252,"Result_Measure_Value":401.050642412524,"Result_Unit_of_Measure":"pg/L"}},{"type":"Feature","geometry":{"type":"Point","coordinates":[-87.624722,41.8344440000001]},"properties":{"F_Monitoring_Location_Identifier":"EPA_GLNPO-J","Location_Name":"IIT-Chicago (IADN IIT)","State":" IL","EPA_Region":"05","HUC":"04040002","Organization":"EPA Great Lakes National Program","Environmental_Media_Name":"Air","Activity_Media_Subdivision_Name":"Air moisture","Project_Name":"IADN-US 2021","PFAS_Chemical_Name":"Perfluorohexanoic acid","CAS_Number":"307-24-4","Result_Measure_Value__ppt_":0.30824645947466,"Result_Measure_Value":308.246459474661,"Result_Unit_of_Measure":"pg/L"}},{"type":"Feature","geometry":{"type":"Point","coordinates":[-87.624722,41.8344440000001]},"properties":{"F_Monitoring_Location_Identifier":"EPA_GLNPO-J","Location_Name":"IIT-Chicago (IADN IIT)","State":" IL","EPA_Region":"05","HUC":"04040002","Organization":"EPA Great Lakes National Program","Environmental_Media_Name":"Air","Activity_Media_Subdivision_Name":"Air moisture","Project_Name":"IADN-US 2021","PFAS_Chemical_Name":"Perfluoroheptanoic acid","CAS_Number":"375-85-9","Result_Measure_Value__ppt_":1.0244,"Result_Measure_Value":1024.4,"Result_Unit_of_Measure":"pg/L"}},{"type":"Feature","geometry":{"type":"Point","coordinates":[-87.624722,41.8344440000001]},"properties":{"F_Monitoring_Location_Identifier":"EPA_GLNPO-J","Location_Name":"IIT-Chicago (IADN IIT)","State":" IL","EPA_Region":"05","HUC":"04040002","Organization":"EPA Great Lakes National Program","Environmental_Media_Name":"Air","Activity_Media_Subdivision_Name":"Air moisture","Project_Name":"IADN-US 2021","PFAS_Chemical_Name":"Perfluorooctane sulfonic acid","CAS_Number":"1763-23-1","Result_Measure_Value__ppt_":0.421,"Result_Measure_Value":421,"Result_Unit_of_Measure":"pg/L"}},{"type":"Feature","geometry":{"type":"Point","coordinates":[-87.624722,41.8344440000001]},"properties":{"F_Monitoring_Location_Identifier":"EPA_GLNPO-J","Location_Name":"IIT-Chicago (IADN IIT)","State":" IL","EPA_Region":"05","HUC":"04040002","Organization":"EPA Great Lakes National Program","Environmental_Media_Name":"Air","Activity_Media_Subdivision_Name":"Air moisture","Project_Name":"IADN-US 2021","PFAS_Chemical_Name":"Perfluoro[1,2-13C2]undecanoic acid","CAS_Number":"960315-51-9","Result_Measure_Value":99.565,"Result_Unit_of_Measure":"%"}},{"type":"Feature","geometry":{"type":"Point","coordinates":[-87.624722,41.8344440000001]},"properties":{"F_Monitoring_Location_Identifier":"EPA_GLNPO-J","Location_Name":"IIT-Chicago (IADN IIT)","State":" IL","EPA_Region":"05","HUC":"04040002","Organization":"EPA Great Lakes National Program","Environmental_Media_Name":"Air","Activity_Media_Subdivision_Name":"Air moisture","Project_Name":"IADN-US 2021","PFAS_Chemical_Name":"Sodium perfluoro-1-hexane[18O2]sulfonate","Result_Measure_Value":91.935,"Result_Unit_of_Measure":"%"}},{"type":"Feature","geometry":{"type":"Point","coordinates":[-87.624722,41.8344440000001]},"properties":{"F_Monitoring_Location_Identifier":"EPA_GLNPO-J","Location_Name":"IIT-Chicago (IADN IIT)","State":" IL","EPA_Region":"05","HUC":"04040002","Organization":"EPA Great Lakes National Program","Environmental_Media_Name":"Air","Activity_Media_Subdivision_Name":"Air moisture","Project_Name":"IADN-US 2021","PFAS_Chemical_Name":"Sodium perfluoro-1-hexane[18O2]sulfonate","Result_Measure_Value":108.125,"Result_Unit_of_Measure":"%"}},{"type":"Feature","geometry":{"type":"Point","coordinates":[-87.624722,41.8344440000001]},"properties":{"F_Monitoring_Location_Identifier":"EPA_GLNPO-J","Location_Name":"IIT-Chicago (IADN IIT)","State":" IL","EPA_Region":"05","HUC":"04040002","Organization":"EPA Great Lakes National Program","Environmental_Media_Name":"Air","Activity_Media_Subdivision_Name":"Air moisture","Project_Name":"IADN-US 2021","PFAS_Chemical_Name":"Perfluorooctane sulfonic acid","CAS_Number":"1763-23-1","Result_Measure_Value__ppt_":0.49361904765263,"Result_Measure_Value":493.619047652627,"Result_Unit_of_Measure":"pg/L"}},{"type":"Feature","geometry":{"type":"Point","coordinates":[-87.624722,41.8344440000001]},"properties":{"F_Monitoring_Location_Identifier":"EPA_GLNPO-J","Location_Name":"IIT-Chicago (IADN IIT)","State":" IL","EPA_Region":"05","HUC":"04040002","Organization":"EPA Great Lakes National Program","Environmental_Media_Name":"Air","Activity_Media_Subdivision_Name":"Air moisture","Project_Name":"IADN-US 2021","PFAS_Chemical_Name":"Perfluorobutylsulfonamide","CAS_Number":"30334-69-1","Result_Measure_Value__ppt_":0.12206035511547,"Result_Measure_Value":122.060355115473,"Result_Unit_of_Measure":"pg/L"}},{"type":"Feature","geometry":{"type":"Point","coordinates":[-87.624722,41.8344440000001]},"properties":{"F_Monitoring_Location_Identifier":"EPA_GLNPO-J","Location_Name":"IIT-Chicago (IADN IIT)","State":" IL","EPA_Region":"05","HUC":"04040002","Organization":"EPA Great Lakes National Program","Environmental_Media_Name":"Air","Activity_Media_Subdivision_Name":"Air moisture","Project_Name":"IADN-US 2021","PFAS_Chemical_Name":"Perfluoroheptanoic acid","CAS_Number":"375-85-9","Result_Measure_Value__ppt_":0.10909941521489,"Result_Measure_Value":109.099415214886,"Result_Unit_of_Measure":"pg/L"}},{"type":"Feature","geometry":{"type":"Point","coordinates":[-87.624722,41.8344440000001]},"properties":{"F_Monitoring_Location_Identifier":"EPA_GLNPO-J","Location_Name":"IIT-Chicago (IADN IIT)","State":" IL","EPA_Region":"05","HUC":"04040002","Organization":"EPA Great Lakes National Program","Environmental_Media_Name":"Air","Activity_Media_Subdivision_Name":"Air moisture","Project_Name":"IADN-US 2021","PFAS_Chemical_Name":"Perfluorohexanoic acid","CAS_Number":"307-24-4","Result_Measure_Value__ppt_":0.34500676403146,"Result_Measure_Value":345.006764031459,"Result_Unit_of_Measure":"pg/L"}},{"type":"Feature","geometry":{"type":"Point","coordinates":[-87.624722,41.8344440000001]},"properties":{"F_Monitoring_Location_Identifier":"EPA_GLNPO-J","Location_Name":"IIT-Chicago (IADN IIT)","State":" IL","EPA_Region":"05","HUC":"04040002","Organization":"EPA Great Lakes National Program","Environmental_Media_Name":"Air","Activity_Media_Subdivision_Name":"Air moisture","Project_Name":"IADN-US 2021","PFAS_Chemical_Name":"Sodium perfluoro-1-hexane[18O2]sulfonate","Result_Measure_Value":110.21,"Result_Unit_of_Measure":"%"}},{"type":"Feature","geometry":{"type":"Point","coordinates":[-87.624722,41.8344440000001]},"properties":{"F_Monitoring_Location_Identifier":"EPA_GLNPO-J","Location_Name":"IIT-Chicago (IADN IIT)","State":" IL","EPA_Region":"05","HUC":"04040002","Organization":"EPA Great Lakes National Program","Environmental_Media_Name":"Air","Activity_Media_Subdivision_Name":"Air moisture","Project_Name":"IADN-US 2021","PFAS_Chemical_Name":"Perfluorohexanesulfonic acid","CAS_Number":"355-46-4","Result_Measure_Value__ppt_":0.095647520790924,"Result_Measure_Value":95.6475207909239,"Result_Unit_of_Measure":"pg/L"}},{"type":"Feature","geometry":{"type":"Point","coordinates":[-87.624722,41.8344440000001]},"properties":{"F_Monitoring_Location_Identifier":"EPA_GLNPO-J","Location_Name":"IIT-Chicago (IADN IIT)","State":" IL","EPA_Region":"05","HUC":"04040002","Organization":"EPA Great Lakes National Program","Environmental_Media_Name":"Air","Activity_Media_Subdivision_Name":"Air moisture","Project_Name":"IADN-US 2021","PFAS_Chemical_Name":"Perfluoro[1,2-13C2]undecanoic acid","CAS_Number":"960315-51-9","Result_Measure_Value":74.61,"Result_Unit_of_Measure":"%"}},{"type":"Feature","geometry":{"type":"Point","coordinates":[-87.624722,41.8344440000001]},"properties":{"F_Monitoring_Location_Identifier":"EPA_GLNPO-J","Location_Name":"IIT-Chicago (IADN IIT)","State":" IL","EPA_Region":"05","HUC":"04040002","Organization":"EPA Great Lakes National Program","Environmental_Media_Name":"Air","Activity_Media_Subdivision_Name":"Air moisture","Project_Name":"IADN-US 2021","PFAS_Chemical_Name":"Perfluorohexanoic acid","CAS_Number":"307-24-4","Result_Measure_Value__ppt_":0.416,"Result_Measure_Value":416,"Result_Unit_of_Measure":"pg/L"}},{"type":"Feature","geometry":{"type":"Point","coordinates":[-87.624722,41.8344440000001]},"properties":{"F_Monitoring_Location_Identifier":"EPA_GLNPO-J","Location_Name":"IIT-Chicago (IADN IIT)","State":" IL","EPA_Region":"05","HUC":"04040002","Organization":"EPA Great Lakes National Program","Environmental_Media_Name":"Air","Activity_Media_Subdivision_Name":"Air moisture","Project_Name":"IADN-US 2021","PFAS_Chemical_Name":"Perfluorooctanoic acid","CAS_Number":"335-67-1","Result_Measure_Value__ppt_":0.46883720933587,"Result_Measure_Value":468.837209335874,"Result_Unit_of_Measure":"pg/L"}},{"type":"Feature","geometry":{"type":"Point","coordinates":[-87.624722,41.8344440000001]},"properties":{"F_Monitoring_Location_Identifier":"EPA_GLNPO-J","Location_Name":"IIT-Chicago (IADN IIT)","State":" IL","EPA_Region":"05","HUC":"04040002","Organization":"EPA Great Lakes National Program","Environmental_Media_Name":"Air","Activity_Media_Subdivision_Name":"Air moisture","Project_Name":"IADN-US 2021","PFAS_Chemical_Name":"Perfluoro[1,2-13C2]undecanoic acid","CAS_Number":"960315-51-9","Result_Measure_Value":90.305,"Result_Unit_of_Measure":"%"}},{"type":"Feature","geometry":{"type":"Point","coordinates":[-87.624722,41.8344440000001]},"properties":{"F_Monitoring_Location_Identifier":"EPA_GLNPO-J","Location_Name":"IIT-Chicago (IADN IIT)","State":" IL","EPA_Region":"05","HUC":"04040002","Organization":"EPA Great Lakes National Program","Environmental_Media_Name":"Air","Activity_Media_Subdivision_Name":"Air moisture","Project_Name":"IADN-US 2021","PFAS_Chemical_Name":"Perfluorohexanoic acid","CAS_Number":"307-24-4","Result_Measure_Value__ppt_":0.28470200628866,"Result_Measure_Value":284.702006288656,"Result_Unit_of_Measure":"pg/L"}},{"type":"Feature","geometry":{"type":"Point","coordinates":[-87.624722,41.8344440000001]},"properties":{"F_Monitoring_Location_Identifier":"EPA_GLNPO-J","Location_Name":"IIT-Chicago (IADN IIT)","State":" IL","EPA_Region":"05","HUC":"04040002","Organization":"EPA Great Lakes National Program","Environmental_Media_Name":"Air","Activity_Media_Subdivision_Name":"Air moisture","Project_Name":"IADN-US 2021","PFAS_Chemical_Name":"Perfluoro[1,2-13C2]tetradecanoic acid","Result_Measure_Value":63.095,"Result_Unit_of_Measure":"%"}},{"type":"Feature","geometry":{"type":"Point","coordinates":[-87.624722,41.8344440000001]},"properties":{"F_Monitoring_Location_Identifier":"EPA_GLNPO-J","Location_Name":"IIT-Chicago (IADN IIT)","State":" IL","EPA_Region":"05","HUC":"04040002","Organization":"EPA Great Lakes National Program","Environmental_Media_Name":"Air","Activity_Media_Subdivision_Name":"Air moisture","Project_Name":"IADN-US 2021","PFAS_Chemical_Name":"Perfluorobutylsulfonamide","CAS_Number":"30334-69-1","Result_Measure_Value__ppt_":0.2076439108197,"Result_Measure_Value":207.643910819698,"Result_Unit_of_Measure":"pg/L"}},{"type":"Feature","geometry":{"type":"Point","coordinates":[-87.624722,41.8344440000001]},"properties":{"F_Monitoring_Location_Identifier":"EPA_GLNPO-J","Location_Name":"IIT-Chicago (IADN IIT)","State":" IL","EPA_Region":"05","HUC":"04040002","Organization":"EPA Great Lakes National Program","Environmental_Media_Name":"Air","Activity_Media_Subdivision_Name":"Air moisture","Project_Name":"IADN-US 2021","PFAS_Chemical_Name":"Perfluoropalmitic acid","CAS_Number":"67905-19-5","Result_Measure_Value__ppt_":0.74105263157895,"Result_Measure_Value":741.052631578947,"Result_Unit_of_Measure":"pg/L"}},{"type":"Feature","geometry":{"type":"Point","coordinates":[-87.624722,41.8344440000001]},"properties":{"F_Monitoring_Location_Identifier":"EPA_GLNPO-J","Location_Name":"IIT-Chicago (IADN IIT)","State":" IL","EPA_Region":"05","HUC":"04040002","Organization":"EPA Great Lakes National Program","Environmental_Media_Name":"Air","Activity_Media_Subdivision_Name":"Air moisture","Project_Name":"IADN-US 2021","PFAS_Chemical_Name":"Sodium perfluoro-1-hexane[18O2]sulfonate","Result_Measure_Value":76.78,"Result_Unit_of_Measure":"%"}},{"type":"Feature","geometry":{"type":"Point","coordinates":[-87.624722,41.8344440000001]},"properties":{"F_Monitoring_Location_Identifier":"EPA_GLNPO-J","Location_Name":"IIT-Chicago (IADN IIT)","State":" IL","EPA_Region":"05","HUC":"04040002","Organization":"EPA Great Lakes National Program","Environmental_Media_Name":"Air","Activity_Media_Subdivision_Name":"Air moisture","Project_Name":"IADN-US 2021","PFAS_Chemical_Name":"Perfluorooctanoic acid","CAS_Number":"335-67-1","Result_Measure_Value__ppt_":1.0252631578947,"Result_Measure_Value":1025.26315789474,"Result_Unit_of_Measure":"pg/L"}},{"type":"Feature","geometry":{"type":"Point","coordinates":[-87.624722,41.8344440000001]},"properties":{"F_Monitoring_Location_Identifier":"EPA_GLNPO-J","Location_Name":"IIT-Chicago (IADN IIT)","State":" IL","EPA_Region":"05","HUC":"04040002","Organization":"EPA Great Lakes National Program","Environmental_Media_Name":"Air","Activity_Media_Subdivision_Name":"Air moisture","Project_Name":"IADN-US 2021","PFAS_Chemical_Name":"Perfluoro[1,2-13C2]hexanoic acid","Result_Measure_Value":81.705,"Result_Unit_of_Measure":"%"}},{"type":"Feature","geometry":{"type":"Point","coordinates":[-87.624722,41.8344440000001]},"properties":{"F_Monitoring_Location_Identifier":"EPA_GLNPO-J","Location_Name":"IIT-Chicago (IADN IIT)","State":" IL","EPA_Region":"05","HUC":"04040002","Organization":"EPA Great Lakes National Program","Environmental_Media_Name":"Air","Activity_Media_Subdivision_Name":"Air moisture","Project_Name":"IADN-US 2021","PFAS_Chemical_Name":"Perfluorododecanoic acid","CAS_Number":"307-55-1","Result_Measure_Value__ppt_":0.27780350874464,"Result_Measure_Value":277.803508744637,"Result_Unit_of_Measure":"pg/L"}},{"type":"Feature","geometry":{"type":"Point","coordinates":[-87.624722,41.8344440000001]},"properties":{"F_Monitoring_Location_Identifier":"EPA_GLNPO-J","Location_Name":"IIT-Chicago (IADN IIT)","State":" IL","EPA_Region":"05","HUC":"04040002","Organization":"EPA Great Lakes National Program","Environmental_Media_Name":"Air","Activity_Media_Subdivision_Name":"Air moisture","Project_Name":"IADN-US 2021","PFAS_Chemical_Name":"Perfluorononanoic acid","CAS_Number":"375-95-1","Result_Measure_Value__ppt_":0.1871164437414,"Result_Measure_Value":187.116443741402,"Result_Unit_of_Measure":"pg/L"}},{"type":"Feature","geometry":{"type":"Point","coordinates":[-87.624722,41.8344440000001]},"properties":{"F_Monitoring_Location_Identifier":"EPA_GLNPO-J","Location_Name":"IIT-Chicago (IADN IIT)","State":" IL","EPA_Region":"05","HUC":"04040002","Organization":"EPA Great Lakes National Program","Environmental_Media_Name":"Air","Activity_Media_Subdivision_Name":"Air moisture","Project_Name":"IADN-US 2021","PFAS_Chemical_Name":"Perfluorohexanoic acid","CAS_Number":"307-24-4","Result_Measure_Value__ppt_":0.0904,"Result_Measure_Value":90.4,"Result_Unit_of_Measure":"pg/L"}},{"type":"Feature","geometry":{"type":"Point","coordinates":[-87.624722,41.8344440000001]},"properties":{"F_Monitoring_Location_Identifier":"EPA_GLNPO-J","Location_Name":"IIT-Chicago (IADN IIT)","State":" IL","EPA_Region":"05","HUC":"04040002","Organization":"EPA Great Lakes National Program","Environmental_Media_Name":"Air","Activity_Media_Subdivision_Name":"Air moisture","Project_Name":"IADN-US 2021","PFAS_Chemical_Name":"Perfluoro[1,2-13C2]tetradecanoic acid","Result_Measure_Value":68.235,"Result_Unit_of_Measure":"%"}},{"type":"Feature","geometry":{"type":"Point","coordinates":[-87.624722,41.8344440000001]},"properties":{"F_Monitoring_Location_Identifier":"EPA_GLNPO-J","Location_Name":"IIT-Chicago (IADN IIT)","State":" IL","EPA_Region":"05","HUC":"04040002","Organization":"EPA Great Lakes National Program","Environmental_Media_Name":"Air","Activity_Media_Subdivision_Name":"Air moisture","Project_Name":"IADN-US 2021","PFAS_Chemical_Name":"Perfluorodecanoic acid","CAS_Number":"335-76-2","Result_Measure_Value__ppt_":0.22620741579421,"Result_Measure_Value":226.207415794205,"Result_Unit_of_Measure":"pg/L"}},{"type":"Feature","geometry":{"type":"Point","coordinates":[-87.624722,41.8344440000001]},"properties":{"F_Monitoring_Location_Identifier":"EPA_GLNPO-J","Location_Name":"IIT-Chicago (IADN IIT)","State":" IL","EPA_Region":"05","HUC":"04040002","Organization":"EPA Great Lakes National Program","Environmental_Media_Name":"Air","Activity_Media_Subdivision_Name":"Air moisture","Project_Name":"IADN-US 2021","PFAS_Chemical_Name":"Heptafluorobutyric acid***retired***use Perfluorobutanoic acid","Result_Measure_Value__ppt_":1.867178947185,"Result_Measure_Value":1867.17894718498,"Result_Unit_of_Measure":"pg/L"}},{"type":"Feature","geometry":{"type":"Point","coordinates":[-87.624722,41.8344440000001]},"properties":{"F_Monitoring_Location_Identifier":"EPA_GLNPO-J","Location_Name":"IIT-Chicago (IADN IIT)","State":" IL","EPA_Region":"05","HUC":"04040002","Organization":"EPA Great Lakes National Program","Environmental_Media_Name":"Air","Activity_Media_Subdivision_Name":"Air moisture","Project_Name":"IADN-US 2021","PFAS_Chemical_Name":"Perfluorooctanoic acid","CAS_Number":"335-67-1","Result_Measure_Value__ppt_":0.21676141965172,"Result_Measure_Value":216.761419651724,"Result_Unit_of_Measure":"pg/L"}},{"type":"Feature","geometry":{"type":"Point","coordinates":[-87.624722,41.8344440000001]},"properties":{"F_Monitoring_Location_Identifier":"EPA_GLNPO-J","Location_Name":"IIT-Chicago (IADN IIT)","State":" IL","EPA_Region":"05","HUC":"04040002","Organization":"EPA Great Lakes National Program","Environmental_Media_Name":"Air","Activity_Media_Subdivision_Name":"Air moisture","Project_Name":"IADN-US 2021","PFAS_Chemical_Name":"Sodium perfluoro-1-hexane[18O2]sulfonate","Result_Measure_Value":100.3,"Result_Unit_of_Measure":"%"}},{"type":"Feature","geometry":{"type":"Point","coordinates":[-87.624722,41.8344440000001]},"properties":{"F_Monitoring_Location_Identifier":"EPA_GLNPO-J","Location_Name":"IIT-Chicago (IADN IIT)","State":" IL","EPA_Region":"05","HUC":"04040002","Organization":"EPA Great Lakes National Program","Environmental_Media_Name":"Air","Activity_Media_Subdivision_Name":"Air moisture","Project_Name":"IADN-US 2021","PFAS_Chemical_Name":"Perfluorovaleric acid","CAS_Number":"2706-90-3","Result_Measure_Value__ppt_":0.238,"Result_Measure_Value":238,"Result_Unit_of_Measure":"pg/L"}},{"type":"Feature","geometry":{"type":"Point","coordinates":[-87.624722,41.8344440000001]},"properties":{"F_Monitoring_Location_Identifier":"EPA_GLNPO-J","Location_Name":"IIT-Chicago (IADN IIT)","State":" IL","EPA_Region":"05","HUC":"04040002","Organization":"EPA Great Lakes National Program","Environmental_Media_Name":"Air","Activity_Media_Subdivision_Name":"Air moisture","Project_Name":"IADN-US 2021","PFAS_Chemical_Name":"Perfluoro[1,2-13C2]hexanoic acid","Result_Measure_Value":74.745,"Result_Unit_of_Measure":"%"}},{"type":"Feature","geometry":{"type":"Point","coordinates":[-87.624722,41.8344440000001]},"properties":{"F_Monitoring_Location_Identifier":"EPA_GLNPO-J","Location_Name":"IIT-Chicago (IADN IIT)","State":" IL","EPA_Region":"05","HUC":"04040002","Organization":"EPA Great Lakes National Program","Environmental_Media_Name":"Air","Activity_Media_Subdivision_Name":"Air moisture","Project_Name":"IADN-US 2021","PFAS_Chemical_Name":"Perfluorooctanoic acid","CAS_Number":"335-67-1","Result_Measure_Value__ppt_":0.42510394960063,"Result_Measure_Value":425.103949600626,"Result_Unit_of_Measure":"pg/L"}},{"type":"Feature","geometry":{"type":"Point","coordinates":[-87.624722,41.8344440000001]},"properties":{"F_Monitoring_Location_Identifier":"EPA_GLNPO-J","Location_Name":"IIT-Chicago (IADN IIT)","State":" IL","EPA_Region":"05","HUC":"04040002","Organization":"EPA Great Lakes National Program","Environmental_Media_Name":"Air","Activity_Media_Subdivision_Name":"Air moisture","Project_Name":"IADN-US 2021","PFAS_Chemical_Name":"Perfluoroundecanoate","CAS_Number":"196859-54-8","Result_Measure_Value__ppt_":0.072182336741303,"Result_Measure_Value":72.1823367413025,"Result_Unit_of_Measure":"pg/L"}},{"type":"Feature","geometry":{"type":"Point","coordinates":[-87.624722,41.8344440000001]},"properties":{"F_Monitoring_Location_Identifier":"EPA_GLNPO-J","Location_Name":"IIT-Chicago (IADN IIT)","State":" IL","EPA_Region":"05","HUC":"04040002","Organization":"EPA Great Lakes National Program","Environmental_Media_Name":"Air","Activity_Media_Subdivision_Name":"Air moisture","Project_Name":"IADN-US 2021","PFAS_Chemical_Name":"Perfluorohexanoic acid","CAS_Number":"307-24-4","Result_Measure_Value__ppt_":0.99052631578947,"Result_Measure_Value":990.526315789474,"Result_Unit_of_Measure":"pg/L"}},{"type":"Feature","geometry":{"type":"Point","coordinates":[-87.624722,41.8344440000001]},"properties":{"F_Monitoring_Location_Identifier":"EPA_GLNPO-J","Location_Name":"IIT-Chicago (IADN IIT)","State":" IL","EPA_Region":"05","HUC":"04040002","Organization":"EPA Great Lakes National Program","Environmental_Media_Name":"Air","Activity_Media_Subdivision_Name":"Air moisture","Project_Name":"IADN-US 2021","PFAS_Chemical_Name":"Perfluorovaleric acid","CAS_Number":"2706-90-3","Result_Measure_Value__ppt_":0.19793817561141,"Result_Measure_Value":197.938175611412,"Result_Unit_of_Measure":"pg/L"}},{"type":"Feature","geometry":{"type":"Point","coordinates":[-87.624722,41.8344440000001]},"properties":{"F_Monitoring_Location_Identifier":"EPA_GLNPO-J","Location_Name":"IIT-Chicago (IADN IIT)","State":" IL","EPA_Region":"05","HUC":"04040002","Organization":"EPA Great Lakes National Program","Environmental_Media_Name":"Air","Activity_Media_Subdivision_Name":"Air moisture","Project_Name":"IADN-US 2021","PFAS_Chemical_Name":"Perfluoro[1,2-13C2]undecanoic acid","CAS_Number":"960315-51-9","Result_Measure_Value":85.35,"Result_Unit_of_Measure":"%"}},{"type":"Feature","geometry":{"type":"Point","coordinates":[-87.624722,41.8344440000001]},"properties":{"F_Monitoring_Location_Identifier":"EPA_GLNPO-J","Location_Name":"IIT-Chicago (IADN IIT)","State":" IL","EPA_Region":"05","HUC":"04040002","Organization":"EPA Great Lakes National Program","Environmental_Media_Name":"Air","Activity_Media_Subdivision_Name":"Air moisture","Project_Name":"IADN-US 2021","PFAS_Chemical_Name":"Perfluorobutylsulfonamide","CAS_Number":"30334-69-1","Result_Measure_Value__ppt_":0.10071296581724,"Result_Measure_Value":100.712965817235,"Result_Unit_of_Measure":"pg/L"}},{"type":"Feature","geometry":{"type":"Point","coordinates":[-87.624722,41.8344440000001]},"properties":{"F_Monitoring_Location_Identifier":"EPA_GLNPO-J","Location_Name":"IIT-Chicago (IADN IIT)","State":" IL","EPA_Region":"05","HUC":"04040002","Organization":"EPA Great Lakes National Program","Environmental_Media_Name":"Air","Activity_Media_Subdivision_Name":"Air moisture","Project_Name":"IADN-US 2021","PFAS_Chemical_Name":"Heptafluorobutyric acid***retired***use Perfluorobutanoic acid","Result_Measure_Value__ppt_":0.2142,"Result_Measure_Value":214.2,"Result_Unit_of_Measure":"pg/L"}},{"type":"Feature","geometry":{"type":"Point","coordinates":[-87.624722,41.8344440000001]},"properties":{"F_Monitoring_Location_Identifier":"EPA_GLNPO-J","Location_Name":"IIT-Chicago (IADN IIT)","State":" IL","EPA_Region":"05","HUC":"04040002","Organization":"EPA Great Lakes National Program","Environmental_Media_Name":"Air","Activity_Media_Subdivision_Name":"Air moisture","Project_Name":"IADN-US 2021","PFAS_Chemical_Name":"Perfluorobutanesulfonic acid","CAS_Number":"375-73-5","Result_Measure_Value__ppt_":0.36830175434978,"Result_Measure_Value":368.301754349781,"Result_Unit_of_Measure":"pg/L"}},{"type":"Feature","geometry":{"type":"Point","coordinates":[-87.624722,41.8344440000001]},"properties":{"F_Monitoring_Location_Identifier":"EPA_GLNPO-J","Location_Name":"IIT-Chicago (IADN IIT)","State":" IL","EPA_Region":"05","HUC":"04040002","Organization":"EPA Great Lakes National Program","Environmental_Media_Name":"Air","Activity_Media_Subdivision_Name":"Air moisture","Project_Name":"IADN-US 2021","PFAS_Chemical_Name":"Perfluoro[1,2-13C2]tetradecanoic acid","Result_Measure_Value":70.025,"Result_Unit_of_Measure":"%"}},{"type":"Feature","geometry":{"type":"Point","coordinates":[-87.624722,41.8344440000001]},"properties":{"F_Monitoring_Location_Identifier":"EPA_GLNPO-J","Location_Name":"IIT-Chicago (IADN IIT)","State":" IL","EPA_Region":"05","HUC":"04040002","Organization":"EPA Great Lakes National Program","Environmental_Media_Name":"Air","Activity_Media_Subdivision_Name":"Air moisture","Project_Name":"IADN-US 2021","PFAS_Chemical_Name":"Heptafluorobutyric acid***retired***use Perfluorobutanoic acid","Result_Measure_Value__ppt_":0.48211117956298,"Result_Measure_Value":482.111179562975,"Result_Unit_of_Measure":"pg/L"}},{"type":"Feature","geometry":{"type":"Point","coordinates":[-87.624722,41.8344440000001]},"properties":{"F_Monitoring_Location_Identifier":"EPA_GLNPO-J","Location_Name":"IIT-Chicago (IADN IIT)","State":" IL","EPA_Region":"05","HUC":"04040002","Organization":"EPA Great Lakes National Program","Environmental_Media_Name":"Air","Activity_Media_Subdivision_Name":"Air moisture","Project_Name":"IADN-US 2021","PFAS_Chemical_Name":"Perfluorobutylsulfonamide","CAS_Number":"30334-69-1","Result_Measure_Value__ppt_":0.18633793288001,"Result_Measure_Value":186.337932880014,"Result_Unit_of_Measure":"pg/L"}},{"type":"Feature","geometry":{"type":"Point","coordinates":[-87.624722,41.8344440000001]},"properties":{"F_Monitoring_Location_Identifier":"EPA_GLNPO-J","Location_Name":"IIT-Chicago (IADN IIT)","State":" IL","EPA_Region":"05","HUC":"04040002","Organization":"EPA Great Lakes National Program","Environmental_Media_Name":"Air","Activity_Media_Subdivision_Name":"Air moisture","Project_Name":"IADN-US 2021","PFAS_Chemical_Name":"Perfluoro[1,2-13C2]tetradecanoic acid","Result_Measure_Value":67.245,"Result_Unit_of_Measure":"%"}},{"type":"Feature","geometry":{"type":"Point","coordinates":[-87.624722,41.8344440000001]},"properties":{"F_Monitoring_Location_Identifier":"EPA_GLNPO-J","Location_Name":"IIT-Chicago (IADN IIT)","State":" IL","EPA_Region":"05","HUC":"04040002","Organization":"EPA Great Lakes National Program","Environmental_Media_Name":"Air","Activity_Media_Subdivision_Name":"Air moisture","Project_Name":"IADN-US 2021","PFAS_Chemical_Name":"Perfluorodecanoic acid","CAS_Number":"335-76-2","Result_Measure_Value__ppt_":0.082133333341018,"Result_Measure_Value":82.1333333410183,"Result_Unit_of_Measure":"pg/L"}},{"type":"Feature","geometry":{"type":"Point","coordinates":[-87.624722,41.8344440000001]},"properties":{"F_Monitoring_Location_Identifier":"EPA_GLNPO-J","Location_Name":"IIT-Chicago (IADN IIT)","State":" IL","EPA_Region":"05","HUC":"04040002","Organization":"EPA Great Lakes National Program","Environmental_Media_Name":"Air","Activity_Media_Subdivision_Name":"Air moisture","Project_Name":"IADN-US 2021","PFAS_Chemical_Name":"Perfluorohexanoic acid","CAS_Number":"307-24-4","Result_Measure_Value__ppt_":0.26115755310265,"Result_Measure_Value":261.157553102652,"Result_Unit_of_Measure":"pg/L"}},{"type":"Feature","geometry":{"type":"Point","coordinates":[-87.624722,41.8344440000001]},"properties":{"F_Monitoring_Location_Identifier":"EPA_GLNPO-J","Location_Name":"IIT-Chicago (IADN IIT)","State":" IL","EPA_Region":"05","HUC":"04040002","Organization":"EPA Great Lakes National Program","Environmental_Media_Name":"Air","Activity_Media_Subdivision_Name":"Air moisture","Project_Name":"IADN-US 2021","PFAS_Chemical_Name":"Perfluorohexanoic acid","CAS_Number":"307-24-4","Result_Measure_Value__ppt_":1.2432631577726,"Result_Measure_Value":1243.26315777259,"Result_Unit_of_Measure":"pg/L"}},{"type":"Feature","geometry":{"type":"Point","coordinates":[-87.624722,41.8344440000001]},"properties":{"F_Monitoring_Location_Identifier":"EPA_GLNPO-J","Location_Name":"IIT-Chicago (IADN IIT)","State":" IL","EPA_Region":"05","HUC":"04040002","Organization":"EPA Great Lakes National Program","Environmental_Media_Name":"Air","Activity_Media_Subdivision_Name":"Air moisture","Project_Name":"IADN-US 2021","PFAS_Chemical_Name":"Perfluorohexanoic acid","CAS_Number":"307-24-4","Result_Measure_Value__ppt_":0.39112701255035,"Result_Measure_Value":391.127012550349,"Result_Unit_of_Measure":"pg/L"}},{"type":"Feature","geometry":{"type":"Point","coordinates":[-87.624722,41.8344440000001]},"properties":{"F_Monitoring_Location_Identifier":"EPA_GLNPO-J","Location_Name":"IIT-Chicago (IADN IIT)","State":" IL","EPA_Region":"05","HUC":"04040002","Organization":"EPA Great Lakes National Program","Environmental_Media_Name":"Air","Activity_Media_Subdivision_Name":"Air moisture","Project_Name":"IADN-US 2021","PFAS_Chemical_Name":"Perfluorooctane sulfonic acid","CAS_Number":"1763-23-1","Result_Measure_Value__ppt_":0.48588543271983,"Result_Measure_Value":485.885432719834,"Result_Unit_of_Measure":"pg/L"}},{"type":"Feature","geometry":{"type":"Point","coordinates":[-87.624722,41.8344440000001]},"properties":{"F_Monitoring_Location_Identifier":"EPA_GLNPO-J","Location_Name":"IIT-Chicago (IADN IIT)","State":" IL","EPA_Region":"05","HUC":"04040002","Organization":"EPA Great Lakes National Program","Environmental_Media_Name":"Air","Activity_Media_Subdivision_Name":"Air moisture","Project_Name":"IADN-US 2021","PFAS_Chemical_Name":"Perfluoro[1,2-13C2]tetradecanoic acid","Result_Measure_Value":60.255,"Result_Unit_of_Measure":"%"}},{"type":"Feature","geometry":{"type":"Point","coordinates":[-87.624722,41.8344440000001]},"properties":{"F_Monitoring_Location_Identifier":"EPA_GLNPO-J","Location_Name":"IIT-Chicago (IADN IIT)","State":" IL","EPA_Region":"05","HUC":"04040002","Organization":"EPA Great Lakes National Program","Environmental_Media_Name":"Air","Activity_Media_Subdivision_Name":"Air moisture","Project_Name":"IADN-US 2021","PFAS_Chemical_Name":"Perfluorohexanoic acid","CAS_Number":"307-24-4","Result_Measure_Value__ppt_":0.30070588235294,"Result_Measure_Value":300.705882352941,"Result_Unit_of_Measure":"pg/L"}},{"type":"Feature","geometry":{"type":"Point","coordinates":[-87.624722,41.8344440000001]},"properties":{"F_Monitoring_Location_Identifier":"EPA_GLNPO-J","Location_Name":"IIT-Chicago (IADN IIT)","State":" IL","EPA_Region":"05","HUC":"04040002","Organization":"EPA Great Lakes National Program","Environmental_Media_Name":"Air","Activity_Media_Subdivision_Name":"Air moisture","Project_Name":"IADN-US 2021","PFAS_Chemical_Name":"Heptafluorobutyric acid***retired***use Perfluorobutanoic acid","Result_Measure_Value__ppt_":3.7413264422062,"Result_Measure_Value":3741.32644220619,"Result_Unit_of_Measure":"pg/L"}},{"type":"Feature","geometry":{"type":"Point","coordinates":[-87.624722,41.8344440000001]},"properties":{"F_Monitoring_Location_Identifier":"EPA_GLNPO-J","Location_Name":"IIT-Chicago (IADN IIT)","State":" IL","EPA_Region":"05","HUC":"04040002","Organization":"EPA Great Lakes National Program","Environmental_Media_Name":"Air","Activity_Media_Subdivision_Name":"Air moisture","Project_Name":"IADN-US 2021","PFAS_Chemical_Name":"Heptafluorobutyric acid***retired***use Perfluorobutanoic acid","Result_Measure_Value__ppt_":2.2689473684211,"Result_Measure_Value":2268.94736842105,"Result_Unit_of_Measure":"pg/L"}},{"type":"Feature","geometry":{"type":"Point","coordinates":[-87.624722,41.8344440000001]},"properties":{"F_Monitoring_Location_Identifier":"EPA_GLNPO-J","Location_Name":"IIT-Chicago (IADN IIT)","State":" IL","EPA_Region":"05","HUC":"04040002","Organization":"EPA Great Lakes National Program","Environmental_Media_Name":"Air","Activity_Media_Subdivision_Name":"Air moisture","Project_Name":"IADN-US 2021","PFAS_Chemical_Name":"Heptafluorobutyric acid***retired***use Perfluorobutanoic acid","Result_Measure_Value__ppt_":2.381011904501,"Result_Measure_Value":2381.011904501,"Result_Unit_of_Measure":"pg/L"}},{"type":"Feature","geometry":{"type":"Point","coordinates":[-87.624722,41.8344440000001]},"properties":{"F_Monitoring_Location_Identifier":"EPA_GLNPO-J","Location_Name":"IIT-Chicago (IADN IIT)","State":" IL","EPA_Region":"05","HUC":"04040002","Organization":"EPA Great Lakes National Program","Environmental_Media_Name":"Air","Activity_Media_Subdivision_Name":"Air moisture","Project_Name":"IADN-US 2021","PFAS_Chemical_Name":"Perfluorovaleric acid","CAS_Number":"2706-90-3","Result_Measure_Value__ppt_":0.12839147789031,"Result_Measure_Value":128.391477890313,"Result_Unit_of_Measure":"pg/L"}},{"type":"Feature","geometry":{"type":"Point","coordinates":[-87.624722,41.8344440000001]},"properties":{"F_Monitoring_Location_Identifier":"EPA_GLNPO-J","Location_Name":"IIT-Chicago (IADN IIT)","State":" IL","EPA_Region":"05","HUC":"04040002","Organization":"EPA Great Lakes National Program","Environmental_Media_Name":"Air","Activity_Media_Subdivision_Name":"Air moisture","Project_Name":"IADN-US 2021","PFAS_Chemical_Name":"Perfluorononanoic acid","CAS_Number":"375-95-1","Result_Measure_Value__ppt_":0.35231690136875,"Result_Measure_Value":352.316901368753,"Result_Unit_of_Measure":"pg/L"}},{"type":"Feature","geometry":{"type":"Point","coordinates":[-87.624722,41.8344440000001]},"properties":{"F_Monitoring_Location_Identifier":"EPA_GLNPO-J","Location_Name":"IIT-Chicago (IADN IIT)","State":" IL","EPA_Region":"05","HUC":"04040002","Organization":"EPA Great Lakes National Program","Environmental_Media_Name":"Air","Activity_Media_Subdivision_Name":"Air moisture","Project_Name":"IADN-US 2021","PFAS_Chemical_Name":"Perfluorovaleric acid","CAS_Number":"2706-90-3","Result_Measure_Value__ppt_":1.2225402505347,"Result_Measure_Value":1222.54025053471,"Result_Unit_of_Measure":"pg/L"}},{"type":"Feature","geometry":{"type":"Point","coordinates":[-87.624722,41.8344440000001]},"properties":{"F_Monitoring_Location_Identifier":"EPA_GLNPO-J","Location_Name":"IIT-Chicago (IADN IIT)","State":" IL","EPA_Region":"05","HUC":"04040002","Organization":"EPA Great Lakes National Program","Environmental_Media_Name":"Air","Activity_Media_Subdivision_Name":"Air moisture","Project_Name":"IADN-US 2021","PFAS_Chemical_Name":"Perfluoro[1,2-13C2]undecanoic acid","CAS_Number":"960315-51-9","Result_Measure_Value":74.815,"Result_Unit_of_Measure":"%"}},{"type":"Feature","geometry":{"type":"Point","coordinates":[-87.624722,41.8344440000001]},"properties":{"F_Monitoring_Location_Identifier":"EPA_GLNPO-J","Location_Name":"IIT-Chicago (IADN IIT)","State":" IL","EPA_Region":"05","HUC":"04040002","Organization":"EPA Great Lakes National Program","Environmental_Media_Name":"Air","Activity_Media_Subdivision_Name":"Air moisture","Project_Name":"IADN-US 2021","PFAS_Chemical_Name":"Perfluorooctanoic acid","CAS_Number":"335-67-1","Result_Measure_Value__ppt_":0.51314384144522,"Result_Measure_Value":513.143841445217,"Result_Unit_of_Measure":"pg/L"}},{"type":"Feature","geometry":{"type":"Point","coordinates":[-87.624722,41.8344440000001]},"properties":{"F_Monitoring_Location_Identifier":"EPA_GLNPO-J","Location_Name":"IIT-Chicago (IADN IIT)","State":" IL","EPA_Region":"05","HUC":"04040002","Organization":"EPA Great Lakes National Program","Environmental_Media_Name":"Air","Activity_Media_Subdivision_Name":"Air moisture","Project_Name":"IADN-US 2021","PFAS_Chemical_Name":"Heptafluorobutyric acid***retired***use Perfluorobutanoic acid","Result_Measure_Value__ppt_":1.5445009098656,"Result_Measure_Value":1544.50090986559,"Result_Unit_of_Measure":"pg/L"}},{"type":"Feature","geometry":{"type":"Point","coordinates":[-87.624722,41.8344440000001]},"properties":{"F_Monitoring_Location_Identifier":"EPA_GLNPO-J","Location_Name":"IIT-Chicago (IADN IIT)","State":" IL","EPA_Region":"05","HUC":"04040002","Organization":"EPA Great Lakes National Program","Environmental_Media_Name":"Air","Activity_Media_Subdivision_Name":"Air moisture","Project_Name":"IADN-US 2021","PFAS_Chemical_Name":"Perfluoro[1,2-13C2]hexanoic acid","Result_Measure_Value":69.06,"Result_Unit_of_Measure":"%"}},{"type":"Feature","geometry":{"type":"Point","coordinates":[-87.624722,41.8344440000001]},"properties":{"F_Monitoring_Location_Identifier":"EPA_GLNPO-J","Location_Name":"IIT-Chicago (IADN IIT)","State":" IL","EPA_Region":"05","HUC":"04040002","Organization":"EPA Great Lakes National Program","Environmental_Media_Name":"Air","Activity_Media_Subdivision_Name":"Air moisture","Project_Name":"IADN-US 2021","PFAS_Chemical_Name":"Perfluoro[1,2-13C2]tetradecanoic acid","Result_Measure_Value":70.51,"Result_Unit_of_Measure":"%"}},{"type":"Feature","geometry":{"type":"Point","coordinates":[-87.624722,41.8344440000001]},"properties":{"F_Monitoring_Location_Identifier":"EPA_GLNPO-J","Location_Name":"IIT-Chicago (IADN IIT)","State":" IL","EPA_Region":"05","HUC":"04040002","Organization":"EPA Great Lakes National Program","Environmental_Media_Name":"Air","Activity_Media_Subdivision_Name":"Air moisture","Project_Name":"IADN-US 2021","PFAS_Chemical_Name":"Perfluoro[1,2-13C2]undecanoic acid","CAS_Number":"960315-51-9","Result_Measure_Value":87.36,"Result_Unit_of_Measure":"%"}},{"type":"Feature","geometry":{"type":"Point","coordinates":[-87.624722,41.8344440000001]},"properties":{"F_Monitoring_Location_Identifier":"EPA_GLNPO-J","Location_Name":"IIT-Chicago (IADN IIT)","State":" IL","EPA_Region":"05","HUC":"04040002","Organization":"EPA Great Lakes National Program","Environmental_Media_Name":"Air","Activity_Media_Subdivision_Name":"Air moisture","Project_Name":"IADN-US 2021","PFAS_Chemical_Name":"Perfluorononanoic acid","CAS_Number":"375-95-1","Result_Measure_Value__ppt_":0.19599284437896,"Result_Measure_Value":195.992844378962,"Result_Unit_of_Measure":"pg/L"}},{"type":"Feature","geometry":{"type":"Point","coordinates":[-87.624722,41.8344440000001]},"properties":{"F_Monitoring_Location_Identifier":"EPA_GLNPO-J","Location_Name":"IIT-Chicago (IADN IIT)","State":" IL","EPA_Region":"05","HUC":"04040002","Organization":"EPA Great Lakes National Program","Environmental_Media_Name":"Air","Activity_Media_Subdivision_Name":"Air moisture","Project_Name":"IADN-US 2021","PFAS_Chemical_Name":"Perfluoro[1,2-13C2]hexanoic acid","Result_Measure_Value":72.735,"Result_Unit_of_Measure":"%"}},{"type":"Feature","geometry":{"type":"Point","coordinates":[-87.624722,41.8344440000001]},"properties":{"F_Monitoring_Location_Identifier":"EPA_GLNPO-J","Location_Name":"IIT-Chicago (IADN IIT)","State":" IL","EPA_Region":"05","HUC":"04040002","Organization":"EPA Great Lakes National Program","Environmental_Media_Name":"Air","Activity_Media_Subdivision_Name":"Air moisture","Project_Name":"IADN-US 2021","PFAS_Chemical_Name":"Perfluoro[1,2-13C2]hexanoic acid","Result_Measure_Value":125.12,"Result_Unit_of_Measure":"%"}},{"type":"Feature","geometry":{"type":"Point","coordinates":[-87.624722,41.8344440000001]},"properties":{"F_Monitoring_Location_Identifier":"EPA_GLNPO-J","Location_Name":"IIT-Chicago (IADN IIT)","State":" IL","EPA_Region":"05","HUC":"04040002","Organization":"EPA Great Lakes National Program","Environmental_Media_Name":"Air","Activity_Media_Subdivision_Name":"Air moisture","Project_Name":"IADN-US 2021","PFAS_Chemical_Name":"Perfluoro[1,2-13C2]undecanoic acid","CAS_Number":"960315-51-9","Result_Measure_Value":77.235,"Result_Unit_of_Measure":"%"}},{"type":"Feature","geometry":{"type":"Point","coordinates":[-87.624722,41.8344440000001]},"properties":{"F_Monitoring_Location_Identifier":"EPA_GLNPO-J","Location_Name":"IIT-Chicago (IADN IIT)","State":" IL","EPA_Region":"05","HUC":"04040002","Organization":"EPA Great Lakes National Program","Environmental_Media_Name":"Air","Activity_Media_Subdivision_Name":"Air moisture","Project_Name":"IADN-US 2021","PFAS_Chemical_Name":"Perfluorovaleric acid","CAS_Number":"2706-90-3","Result_Measure_Value__ppt_":0.089543859657501,"Result_Measure_Value":89.5438596575012,"Result_Unit_of_Measure":"pg/L"}},{"type":"Feature","geometry":{"type":"Point","coordinates":[-87.624722,41.8344440000001]},"properties":{"F_Monitoring_Location_Identifier":"EPA_GLNPO-J","Location_Name":"IIT-Chicago (IADN IIT)","State":" IL","EPA_Region":"05","HUC":"04040002","Organization":"EPA Great Lakes National Program","Environmental_Media_Name":"Air","Activity_Media_Subdivision_Name":"Air moisture","Project_Name":"IADN-US 2021","PFAS_Chemical_Name":"Perfluoroheptanoic acid","CAS_Number":"375-85-9","Result_Measure_Value__ppt_":1.2386947367204,"Result_Measure_Value":1238.69473672041,"Result_Unit_of_Measure":"pg/L"}},{"type":"Feature","geometry":{"type":"Point","coordinates":[-87.624722,41.8344440000001]},"properties":{"F_Monitoring_Location_Identifier":"EPA_GLNPO-J","Location_Name":"IIT-Chicago (IADN IIT)","State":" IL","EPA_Region":"05","HUC":"04040002","Organization":"EPA Great Lakes National Program","Environmental_Media_Name":"Air","Activity_Media_Subdivision_Name":"Air moisture","Project_Name":"IADN-US 2021","PFAS_Chemical_Name":"Sodium perfluoro-1-hexane[18O2]sulfonate","Result_Measure_Value":98.235,"Result_Unit_of_Measure":"%"}},{"type":"Feature","geometry":{"type":"Point","coordinates":[-87.624722,41.8344440000001]},"properties":{"F_Monitoring_Location_Identifier":"EPA_GLNPO-J","Location_Name":"IIT-Chicago (IADN IIT)","State":" IL","EPA_Region":"05","HUC":"04040002","Organization":"EPA Great Lakes National Program","Environmental_Media_Name":"Air","Activity_Media_Subdivision_Name":"Air moisture","Project_Name":"IADN-US 2021","PFAS_Chemical_Name":"Perfluorooctanoic acid","CAS_Number":"335-67-1","Result_Measure_Value__ppt_":0.34384842672499,"Result_Measure_Value":343.848426724994,"Result_Unit_of_Measure":"pg/L"}},{"type":"Feature","geometry":{"type":"Point","coordinates":[-87.624722,41.8344440000001]},"properties":{"F_Monitoring_Location_Identifier":"EPA_GLNPO-J","Location_Name":"IIT-Chicago (IADN IIT)","State":" IL","EPA_Region":"05","HUC":"04040002","Organization":"EPA Great Lakes National Program","Environmental_Media_Name":"Air","Activity_Media_Subdivision_Name":"Air moisture","Project_Name":"IADN-US 2021","PFAS_Chemical_Name":"Perfluoro[1,2-13C2]hexanoic acid","Result_Measure_Value":83.235,"Result_Unit_of_Measure":"%"}},{"type":"Feature","geometry":{"type":"Point","coordinates":[-87.624722,41.8344440000001]},"properties":{"F_Monitoring_Location_Identifier":"EPA_GLNPO-J","Location_Name":"IIT-Chicago (IADN IIT)","State":" IL","EPA_Region":"05","HUC":"04040002","Organization":"EPA Great Lakes National Program","Environmental_Media_Name":"Air","Activity_Media_Subdivision_Name":"Air moisture","Project_Name":"IADN-US 2021","PFAS_Chemical_Name":"Perfluoroundecanoate","CAS_Number":"196859-54-8","Result_Measure_Value__ppt_":0.1465,"Result_Measure_Value":146.5,"Result_Unit_of_Measure":"pg/L"}},{"type":"Feature","geometry":{"type":"Point","coordinates":[-87.624722,41.8344440000001]},"properties":{"F_Monitoring_Location_Identifier":"EPA_GLNPO-J","Location_Name":"IIT-Chicago (IADN IIT)","State":" IL","EPA_Region":"05","HUC":"04040002","Organization":"EPA Great Lakes National Program","Environmental_Media_Name":"Air","Activity_Media_Subdivision_Name":"Air moisture","Project_Name":"IADN-US 2021","PFAS_Chemical_Name":"Perfluorovaleric acid","CAS_Number":"2706-90-3","Result_Measure_Value__ppt_":0.17131687647185,"Result_Measure_Value":171.316876471847,"Result_Unit_of_Measure":"pg/L"}},{"type":"Feature","geometry":{"type":"Point","coordinates":[-87.624722,41.8344440000001]},"properties":{"F_Monitoring_Location_Identifier":"EPA_GLNPO-J","Location_Name":"IIT-Chicago (IADN IIT)","State":" IL","EPA_Region":"05","HUC":"04040002","Organization":"EPA Great Lakes National Program","Environmental_Media_Name":"Air","Activity_Media_Subdivision_Name":"Air moisture","Project_Name":"IADN-US 2021","PFAS_Chemical_Name":"Perfluoro[1,2-13C2]tetradecanoic acid","Result_Measure_Value":56.765,"Result_Unit_of_Measure":"%"}},{"type":"Feature","geometry":{"type":"Point","coordinates":[-87.624722,41.8344440000001]},"properties":{"F_Monitoring_Location_Identifier":"EPA_GLNPO-J","Location_Name":"IIT-Chicago (IADN IIT)","State":" IL","EPA_Region":"05","HUC":"04040002","Organization":"EPA Great Lakes National Program","Environmental_Media_Name":"Air","Activity_Media_Subdivision_Name":"Air moisture","Project_Name":"IADN-US 2021","PFAS_Chemical_Name":"Perfluoro[1,2-13C2]undecanoic acid","CAS_Number":"960315-51-9","Result_Measure_Value":90.725,"Result_Unit_of_Measure":"%"}},{"type":"Feature","geometry":{"type":"Point","coordinates":[-87.624722,41.8344440000001]},"properties":{"F_Monitoring_Location_Identifier":"EPA_GLNPO-J","Location_Name":"IIT-Chicago (IADN IIT)","State":" IL","EPA_Region":"05","HUC":"04040002","Organization":"EPA Great Lakes National Program","Environmental_Media_Name":"Air","Activity_Media_Subdivision_Name":"Air moisture","Project_Name":"IADN-US 2021","PFAS_Chemical_Name":"Sodium perfluoro-1-hexane[18O2]sulfonate","Result_Measure_Value":96.4,"Result_Unit_of_Measure":"%"}},{"type":"Feature","geometry":{"type":"Point","coordinates":[-87.624722,41.8344440000001]},"properties":{"F_Monitoring_Location_Identifier":"EPA_GLNPO-J","Location_Name":"IIT-Chicago (IADN IIT)","State":" IL","EPA_Region":"05","HUC":"04040002","Organization":"EPA Great Lakes National Program","Environmental_Media_Name":"Air","Activity_Media_Subdivision_Name":"Air moisture","Project_Name":"IADN-US 2021","PFAS_Chemical_Name":"Perfluorononanoic acid","CAS_Number":"375-95-1","Result_Measure_Value__ppt_":0.4205,"Result_Measure_Value":420.5,"Result_Unit_of_Measure":"pg/L"}},{"type":"Feature","geometry":{"type":"Point","coordinates":[-87.624722,41.8344440000001]},"properties":{"F_Monitoring_Location_Identifier":"EPA_GLNPO-J","Location_Name":"IIT-Chicago (IADN IIT)","State":" IL","EPA_Region":"05","HUC":"04040002","Organization":"EPA Great Lakes National Program","Environmental_Media_Name":"Air","Activity_Media_Subdivision_Name":"Air moisture","Project_Name":"IADN-US 2021","PFAS_Chemical_Name":"Perfluoro[1,2-13C2]hexanoic acid","Result_Measure_Value":75.635,"Result_Unit_of_Measure":"%"}},{"type":"Feature","geometry":{"type":"Point","coordinates":[-87.624722,41.8344440000001]},"properties":{"F_Monitoring_Location_Identifier":"EPA_GLNPO-J","Location_Name":"IIT-Chicago (IADN IIT)","State":" IL","EPA_Region":"05","HUC":"04040002","Organization":"EPA Great Lakes National Program","Environmental_Media_Name":"Air","Activity_Media_Subdivision_Name":"Air moisture","Project_Name":"IADN-US 2021","PFAS_Chemical_Name":"Perfluorooctanoic acid","CAS_Number":"335-67-1","Result_Measure_Value__ppt_":0.34071329964384,"Result_Measure_Value":340.71329964384,"Result_Unit_of_Measure":"pg/L"}},{"type":"Feature","geometry":{"type":"Point","coordinates":[-87.624722,41.8344440000001]},"properties":{"F_Monitoring_Location_Identifier":"EPA_GLNPO-J","Location_Name":"IIT-Chicago (IADN IIT)","State":" IL","EPA_Region":"05","HUC":"04040002","Organization":"EPA Great Lakes National Program","Environmental_Media_Name":"Air","Activity_Media_Subdivision_Name":"Air moisture","Project_Name":"IADN-US 2021","PFAS_Chemical_Name":"Heptafluorobutyric acid***retired***use Perfluorobutanoic acid","Result_Measure_Value__ppt_":2.018,"Result_Measure_Value":2018,"Result_Unit_of_Measure":"pg/L"}},{"type":"Feature","geometry":{"type":"Point","coordinates":[-87.624722,41.8344440000001]},"properties":{"F_Monitoring_Location_Identifier":"EPA_GLNPO-J","Location_Name":"IIT-Chicago (IADN IIT)","State":" IL","EPA_Region":"05","HUC":"04040002","Organization":"EPA Great Lakes National Program","Environmental_Media_Name":"Air","Activity_Media_Subdivision_Name":"Air moisture","Project_Name":"IADN-US 2021","PFAS_Chemical_Name":"6:2 Fluorotelomer sulfonate acid","Result_Measure_Value__ppt_":0.1202,"Result_Measure_Value":120.2,"Result_Unit_of_Measure":"pg/L"}},{"type":"Feature","geometry":{"type":"Point","coordinates":[-87.624722,41.8344440000001]},"properties":{"F_Monitoring_Location_Identifier":"EPA_GLNPO-J","Location_Name":"IIT-Chicago (IADN IIT)","State":" IL","EPA_Region":"05","HUC":"04040002","Organization":"EPA Great Lakes National Program","Environmental_Media_Name":"Air","Activity_Media_Subdivision_Name":"Air moisture","Project_Name":"IADN-US 2021","PFAS_Chemical_Name":"Perfluorovaleric acid","CAS_Number":"2706-90-3","Result_Measure_Value__ppt_":0.40235294117647,"Result_Measure_Value":402.352941176471,"Result_Unit_of_Measure":"pg/L"}},{"type":"Feature","geometry":{"type":"Point","coordinates":[-87.624722,41.8344440000001]},"properties":{"F_Monitoring_Location_Identifier":"EPA_GLNPO-J","Location_Name":"IIT-Chicago (IADN IIT)","State":" IL","EPA_Region":"05","HUC":"04040002","Organization":"EPA Great Lakes National Program","Environmental_Media_Name":"Air","Activity_Media_Subdivision_Name":"Air moisture","Project_Name":"IADN-US 2021","PFAS_Chemical_Name":"Perfluorononanoic acid","CAS_Number":"375-95-1","Result_Measure_Value__ppt_":0.18942857142857,"Result_Measure_Value":189.428571428571,"Result_Unit_of_Measure":"pg/L"}},{"type":"Feature","geometry":{"type":"Point","coordinates":[-87.624722,41.8344440000001]},"properties":{"F_Monitoring_Location_Identifier":"EPA_GLNPO-J","Location_Name":"IIT-Chicago (IADN IIT)","State":" IL","EPA_Region":"05","HUC":"04040002","Organization":"EPA Great Lakes National Program","Environmental_Media_Name":"Air","Activity_Media_Subdivision_Name":"Air moisture","Project_Name":"IADN-US 2021","PFAS_Chemical_Name":"Perfluorohexanoic acid","CAS_Number":"307-24-4","Result_Measure_Value__ppt_":0.56375,"Result_Measure_Value":563.75,"Result_Unit_of_Measure":"pg/L"}},{"type":"Feature","geometry":{"type":"Point","coordinates":[-87.624722,41.8344440000001]},"properties":{"F_Monitoring_Location_Identifier":"EPA_GLNPO-J","Location_Name":"IIT-Chicago (IADN IIT)","State":" IL","EPA_Region":"05","HUC":"04040002","Organization":"EPA Great Lakes National Program","Environmental_Media_Name":"Air","Activity_Media_Subdivision_Name":"Air moisture","Project_Name":"IADN-US 2021","PFAS_Chemical_Name":"Perfluorovaleric acid","CAS_Number":"2706-90-3","Result_Measure_Value__ppt_":0.93583098581005,"Result_Measure_Value":935.830985810047,"Result_Unit_of_Measure":"pg/L"}},{"type":"Feature","geometry":{"type":"Point","coordinates":[-87.624722,41.8344440000001]},"properties":{"F_Monitoring_Location_Identifier":"EPA_GLNPO-J","Location_Name":"IIT-Chicago (IADN IIT)","State":" IL","EPA_Region":"05","HUC":"04040002","Organization":"EPA Great Lakes National Program","Environmental_Media_Name":"Air","Activity_Media_Subdivision_Name":"Air moisture","Project_Name":"IADN-US 2021","PFAS_Chemical_Name":"Perfluorooctanoic acid","CAS_Number":"335-67-1","Result_Measure_Value__ppt_":0.18339889850151,"Result_Measure_Value":183.398898501507,"Result_Unit_of_Measure":"pg/L"}},{"type":"Feature","geometry":{"type":"Point","coordinates":[-87.624722,41.8344440000001]},"properties":{"F_Monitoring_Location_Identifier":"EPA_GLNPO-J","Location_Name":"IIT-Chicago (IADN IIT)","State":" IL","EPA_Region":"05","HUC":"04040002","Organization":"EPA Great Lakes National Program","Environmental_Media_Name":"Air","Activity_Media_Subdivision_Name":"Air moisture","Project_Name":"IADN-US 2021","PFAS_Chemical_Name":"Perfluoroheptanoic acid","CAS_Number":"375-85-9","Result_Measure_Value__ppt_":0.40486583187155,"Result_Measure_Value":404.865831871547,"Result_Unit_of_Measure":"pg/L"}},{"type":"Feature","geometry":{"type":"Point","coordinates":[-87.624722,41.8344440000001]},"properties":{"F_Monitoring_Location_Identifier":"EPA_GLNPO-J","Location_Name":"IIT-Chicago (IADN IIT)","State":" IL","EPA_Region":"05","HUC":"04040002","Organization":"EPA Great Lakes National Program","Environmental_Media_Name":"Air","Activity_Media_Subdivision_Name":"Air moisture","Project_Name":"IADN-US 2021","PFAS_Chemical_Name":"Perfluorobutylsulfonamide","CAS_Number":"30334-69-1","Result_Measure_Value__ppt_":0.74149729004825,"Result_Measure_Value":741.497290048255,"Result_Unit_of_Measure":"pg/L"}},{"type":"Feature","geometry":{"type":"Point","coordinates":[-87.624722,41.8344440000001]},"properties":{"F_Monitoring_Location_Identifier":"EPA_GLNPO-J","Location_Name":"IIT-Chicago (IADN IIT)","State":" IL","EPA_Region":"05","HUC":"04040002","Organization":"EPA Great Lakes National Program","Environmental_Media_Name":"Air","Activity_Media_Subdivision_Name":"Air moisture","Project_Name":"IADN-US 2021","PFAS_Chemical_Name":"Perfluoro[1,2-13C2]undecanoic acid","CAS_Number":"960315-51-9","Result_Measure_Value":89.365,"Result_Unit_of_Measure":"%"}},{"type":"Feature","geometry":{"type":"Point","coordinates":[-87.624722,41.8344440000001]},"properties":{"F_Monitoring_Location_Identifier":"EPA_GLNPO-J","Location_Name":"IIT-Chicago (IADN IIT)","State":" IL","EPA_Region":"05","HUC":"04040002","Organization":"EPA Great Lakes National Program","Environmental_Media_Name":"Air","Activity_Media_Subdivision_Name":"Air moisture","Project_Name":"IADN-US 2021","PFAS_Chemical_Name":"Perfluoro[1,2-13C2]tetradecanoic acid","Result_Measure_Value":48.715,"Result_Unit_of_Measure":"%"}},{"type":"Feature","geometry":{"type":"Point","coordinates":[-87.624722,41.8344440000001]},"properties":{"F_Monitoring_Location_Identifier":"EPA_GLNPO-J","Location_Name":"IIT-Chicago (IADN IIT)","State":" IL","EPA_Region":"05","HUC":"04040002","Organization":"EPA Great Lakes National Program","Environmental_Media_Name":"Air","Activity_Media_Subdivision_Name":"Air moisture","Project_Name":"IADN-US 2021","PFAS_Chemical_Name":"Perfluoro[1,2-13C2]tetradecanoic acid","Result_Measure_Value":79.41,"Result_Unit_of_Measure":"%"}},{"type":"Feature","geometry":{"type":"Point","coordinates":[-87.624722,41.8344440000001]},"properties":{"F_Monitoring_Location_Identifier":"EPA_GLNPO-J","Location_Name":"IIT-Chicago (IADN IIT)","State":" IL","EPA_Region":"05","HUC":"04040002","Organization":"EPA Great Lakes National Program","Environmental_Media_Name":"Air","Activity_Media_Subdivision_Name":"Air moisture","Project_Name":"IADN-US 2021","PFAS_Chemical_Name":"Heptafluorobutyric acid***retired***use Perfluorobutanoic acid","Result_Measure_Value__ppt_":0.0634,"Result_Measure_Value":63.4,"Result_Unit_of_Measure":"pg/L"}},{"type":"Feature","geometry":{"type":"Point","coordinates":[-87.624722,41.8344440000001]},"properties":{"F_Monitoring_Location_Identifier":"EPA_GLNPO-J","Location_Name":"IIT-Chicago (IADN IIT)","State":" IL","EPA_Region":"05","HUC":"04040002","Organization":"EPA Great Lakes National Program","Environmental_Media_Name":"Air","Activity_Media_Subdivision_Name":"Air moisture","Project_Name":"IADN-US 2021","PFAS_Chemical_Name":"Perfluoro[1,2-13C2]hexanoic acid","Result_Measure_Value":92.195,"Result_Unit_of_Measure":"%"}},{"type":"Feature","geometry":{"type":"Point","coordinates":[-87.624722,41.8344440000001]},"properties":{"F_Monitoring_Location_Identifier":"EPA_GLNPO-J","Location_Name":"IIT-Chicago (IADN IIT)","State":" IL","EPA_Region":"05","HUC":"04040002","Organization":"EPA Great Lakes National Program","Environmental_Media_Name":"Air","Activity_Media_Subdivision_Name":"Air moisture","Project_Name":"IADN-US 2021","PFAS_Chemical_Name":"Perfluoro[1,2-13C2]hexanoic acid","Result_Measure_Value":113.67,"Result_Unit_of_Measure":"%"}},{"type":"Feature","geometry":{"type":"Point","coordinates":[-87.624722,41.8344440000001]},"properties":{"F_Monitoring_Location_Identifier":"EPA_GLNPO-J","Location_Name":"IIT-Chicago (IADN IIT)","State":" IL","EPA_Region":"05","HUC":"04040002","Organization":"EPA Great Lakes National Program","Environmental_Media_Name":"Air","Activity_Media_Subdivision_Name":"Air moisture","Project_Name":"IADN-US 2021","PFAS_Chemical_Name":"Perfluorononanoic acid","CAS_Number":"375-95-1","Result_Measure_Value__ppt_":0.13934939944929,"Result_Measure_Value":139.34939944929,"Result_Unit_of_Measure":"pg/L"}},{"type":"Feature","geometry":{"type":"Point","coordinates":[-87.624722,41.8344440000001]},"properties":{"F_Monitoring_Location_Identifier":"EPA_GLNPO-J","Location_Name":"IIT-Chicago (IADN IIT)","State":" IL","EPA_Region":"05","HUC":"04040002","Organization":"EPA Great Lakes National Program","Environmental_Media_Name":"Air","Activity_Media_Subdivision_Name":"Air moisture","Project_Name":"IADN-US 2021","PFAS_Chemical_Name":"Perfluoroheptanoic acid","CAS_Number":"375-85-9","Result_Measure_Value__ppt_":0.26756244613022,"Result_Measure_Value":267.562446130224,"Result_Unit_of_Measure":"pg/L"}},{"type":"Feature","geometry":{"type":"Point","coordinates":[-87.624722,41.8344440000001]},"properties":{"F_Monitoring_Location_Identifier":"EPA_GLNPO-J","Location_Name":"IIT-Chicago (IADN IIT)","State":" IL","EPA_Region":"05","HUC":"04040002","Organization":"EPA Great Lakes National Program","Environmental_Media_Name":"Air","Activity_Media_Subdivision_Name":"Air moisture","Project_Name":"IADN-US 2021","PFAS_Chemical_Name":"Heptafluorobutyric acid***retired***use Perfluorobutanoic acid","Result_Measure_Value__ppt_":3.10425,"Result_Measure_Value":3104.25,"Result_Unit_of_Measure":"pg/L"}},{"type":"Feature","geometry":{"type":"Point","coordinates":[-87.624722,41.8344440000001]},"properties":{"F_Monitoring_Location_Identifier":"EPA_GLNPO-J","Location_Name":"IIT-Chicago (IADN IIT)","State":" IL","EPA_Region":"05","HUC":"04040002","Organization":"EPA Great Lakes National Program","Environmental_Media_Name":"Air","Activity_Media_Subdivision_Name":"Air moisture","Project_Name":"IADN-US 2021","PFAS_Chemical_Name":"Perfluorodecanoic acid","CAS_Number":"335-76-2","Result_Measure_Value__ppt_":0.1764,"Result_Measure_Value":176.4,"Result_Unit_of_Measure":"pg/L"}},{"type":"Feature","geometry":{"type":"Point","coordinates":[-87.624722,41.8344440000001]},"properties":{"F_Monitoring_Location_Identifier":"EPA_GLNPO-J","Location_Name":"IIT-Chicago (IADN IIT)","State":" IL","EPA_Region":"05","HUC":"04040002","Organization":"EPA Great Lakes National Program","Environmental_Media_Name":"Air","Activity_Media_Subdivision_Name":"Air moisture","Project_Name":"IADN-US 2021","PFAS_Chemical_Name":"Perfluorohexanoic acid","CAS_Number":"307-24-4","Result_Measure_Value__ppt_":0.17834378725701,"Result_Measure_Value":178.343787257013,"Result_Unit_of_Measure":"pg/L"}},{"type":"Feature","geometry":{"type":"Point","coordinates":[-87.624722,41.8344440000001]},"properties":{"F_Monitoring_Location_Identifier":"EPA_GLNPO-J","Location_Name":"IIT-Chicago (IADN IIT)","State":" IL","EPA_Region":"05","HUC":"04040002","Organization":"EPA Great Lakes National Program","Environmental_Media_Name":"Air","Activity_Media_Subdivision_Name":"Air moisture","Project_Name":"IADN-US 2021","PFAS_Chemical_Name":"Perfluorononanoic acid","CAS_Number":"375-95-1","Result_Measure_Value__ppt_":0.16847058823529,"Result_Measure_Value":168.470588235294,"Result_Unit_of_Measure":"pg/L"}},{"type":"Feature","geometry":{"type":"Point","coordinates":[-87.624722,41.8344440000001]},"properties":{"F_Monitoring_Location_Identifier":"EPA_GLNPO-J","Location_Name":"IIT-Chicago (IADN IIT)","State":" IL","EPA_Region":"05","HUC":"04040002","Organization":"EPA Great Lakes National Program","Environmental_Media_Name":"Air","Activity_Media_Subdivision_Name":"Air moisture","Project_Name":"IADN-US 2021","PFAS_Chemical_Name":"Perfluorononanoic acid","CAS_Number":"375-95-1","Result_Measure_Value__ppt_":0.4176,"Result_Measure_Value":417.6,"Result_Unit_of_Measure":"pg/L"}},{"type":"Feature","geometry":{"type":"Point","coordinates":[-87.624722,41.8344440000001]},"properties":{"F_Monitoring_Location_Identifier":"EPA_GLNPO-J","Location_Name":"IIT-Chicago (IADN IIT)","State":" IL","EPA_Region":"05","HUC":"04040002","Organization":"EPA Great Lakes National Program","Environmental_Media_Name":"Air","Activity_Media_Subdivision_Name":"Air moisture","Project_Name":"IADN-US 2021","PFAS_Chemical_Name":"Perfluorobutylsulfonamide","CAS_Number":"30334-69-1","Result_Measure_Value__ppt_":0.12668530473984,"Result_Measure_Value":126.685304739844,"Result_Unit_of_Measure":"pg/L"}},{"type":"Feature","geometry":{"type":"Point","coordinates":[-87.624722,41.8344440000001]},"properties":{"F_Monitoring_Location_Identifier":"EPA_GLNPO-J","Location_Name":"IIT-Chicago (IADN IIT)","State":" IL","EPA_Region":"05","HUC":"04040002","Organization":"EPA Great Lakes National Program","Environmental_Media_Name":"Air","Activity_Media_Subdivision_Name":"Air moisture","Project_Name":"IADN-US 2021","PFAS_Chemical_Name":"Sodium perfluoro-1-hexane[18O2]sulfonate","Result_Measure_Value":92.315,"Result_Unit_of_Measure":"%"}},{"type":"Feature","geometry":{"type":"Point","coordinates":[-87.624722,41.8344440000001]},"properties":{"F_Monitoring_Location_Identifier":"EPA_GLNPO-J","Location_Name":"IIT-Chicago (IADN IIT)","State":" IL","EPA_Region":"05","HUC":"04040002","Organization":"EPA Great Lakes National Program","Environmental_Media_Name":"Air","Activity_Media_Subdivision_Name":"Air moisture","Project_Name":"IADN-US 2021","PFAS_Chemical_Name":"Perfluorooctane sulfonic acid","CAS_Number":"1763-23-1","Result_Measure_Value__ppt_":0.6806384385091,"Result_Measure_Value":680.638438509101,"Result_Unit_of_Measure":"pg/L"}},{"type":"Feature","geometry":{"type":"Point","coordinates":[-87.624722,41.8344440000001]},"properties":{"F_Monitoring_Location_Identifier":"EPA_GLNPO-J","Location_Name":"IIT-Chicago (IADN IIT)","State":" IL","EPA_Region":"05","HUC":"04040002","Organization":"EPA Great Lakes National Program","Environmental_Media_Name":"Air","Activity_Media_Subdivision_Name":"Air moisture","Project_Name":"IADN-US 2021","PFAS_Chemical_Name":"Perfluorooctanoic acid","CAS_Number":"335-67-1","Result_Measure_Value__ppt_":1.044,"Result_Measure_Value":1044,"Result_Unit_of_Measure":"pg/L"}},{"type":"Feature","geometry":{"type":"Point","coordinates":[-87.624722,41.8344440000001]},"properties":{"F_Monitoring_Location_Identifier":"EPA_GLNPO-J","Location_Name":"IIT-Chicago (IADN IIT)","State":" IL","EPA_Region":"05","HUC":"04040002","Organization":"EPA Great Lakes National Program","Environmental_Media_Name":"Air","Activity_Media_Subdivision_Name":"Air moisture","Project_Name":"IADN-US 2021","PFAS_Chemical_Name":"Perfluorovaleric acid","CAS_Number":"2706-90-3","Result_Measure_Value__ppt_":0.063566368957623,"Result_Measure_Value":63.5663689576234,"Result_Unit_of_Measure":"pg/L"}},{"type":"Feature","geometry":{"type":"Point","coordinates":[-87.624722,41.8344440000001]},"properties":{"F_Monitoring_Location_Identifier":"EPA_GLNPO-J","Location_Name":"IIT-Chicago (IADN IIT)","State":" IL","EPA_Region":"05","HUC":"04040002","Organization":"EPA Great Lakes National Program","Environmental_Media_Name":"Air","Activity_Media_Subdivision_Name":"Air moisture","Project_Name":"IADN-US 2021","PFAS_Chemical_Name":"Perfluorovaleric acid","CAS_Number":"2706-90-3","Result_Measure_Value__ppt_":0.354,"Result_Measure_Value":354,"Result_Unit_of_Measure":"pg/L"}},{"type":"Feature","geometry":{"type":"Point","coordinates":[-87.624722,41.8344440000001]},"properties":{"F_Monitoring_Location_Identifier":"EPA_GLNPO-J","Location_Name":"IIT-Chicago (IADN IIT)","State":" IL","EPA_Region":"05","HUC":"04040002","Organization":"EPA Great Lakes National Program","Environmental_Media_Name":"Air","Activity_Media_Subdivision_Name":"Air moisture","Project_Name":"IADN-US 2021","PFAS_Chemical_Name":"Perfluoro[1,2-13C2]undecanoic acid","CAS_Number":"960315-51-9","Result_Measure_Value":72.145,"Result_Unit_of_Measure":"%"}},{"type":"Feature","geometry":{"type":"Point","coordinates":[-87.624722,41.8344440000001]},"properties":{"F_Monitoring_Location_Identifier":"EPA_GLNPO-J","Location_Name":"IIT-Chicago (IADN IIT)","State":" IL","EPA_Region":"05","HUC":"04040002","Organization":"EPA Great Lakes National Program","Environmental_Media_Name":"Air","Activity_Media_Subdivision_Name":"Air moisture","Project_Name":"IADN-US 2021","PFAS_Chemical_Name":"Perfluoro[1,2-13C2]undecanoic acid","CAS_Number":"960315-51-9","Result_Measure_Value":95.16,"Result_Unit_of_Measure":"%"}},{"type":"Feature","geometry":{"type":"Point","coordinates":[-87.624722,41.8344440000001]},"properties":{"F_Monitoring_Location_Identifier":"EPA_GLNPO-J","Location_Name":"IIT-Chicago (IADN IIT)","State":" IL","EPA_Region":"05","HUC":"04040002","Organization":"EPA Great Lakes National Program","Environmental_Media_Name":"Air","Activity_Media_Subdivision_Name":"Air moisture","Project_Name":"IADN-US 2021","PFAS_Chemical_Name":"Perfluoro[1,2-13C2]hexanoic acid","Result_Measure_Value":65.03,"Result_Unit_of_Measure":"%"}},{"type":"Feature","geometry":{"type":"Point","coordinates":[-87.624722,41.8344440000001]},"properties":{"F_Monitoring_Location_Identifier":"EPA_GLNPO-J","Location_Name":"IIT-Chicago (IADN IIT)","State":" IL","EPA_Region":"05","HUC":"04040002","Organization":"EPA Great Lakes National Program","Environmental_Media_Name":"Air","Activity_Media_Subdivision_Name":"Air moisture","Project_Name":"IADN-US 2021","PFAS_Chemical_Name":"6:2 Fluorotelomer sulfonate acid","Result_Measure_Value__ppt_":29.298,"Result_Measure_Value":29298,"Result_Unit_of_Measure":"pg/L"}},{"type":"Feature","geometry":{"type":"Point","coordinates":[-87.624722,41.8344440000001]},"properties":{"F_Monitoring_Location_Identifier":"EPA_GLNPO-J","Location_Name":"IIT-Chicago (IADN IIT)","State":" IL","EPA_Region":"05","HUC":"04040002","Organization":"EPA Great Lakes National Program","Environmental_Media_Name":"Air","Activity_Media_Subdivision_Name":"Air moisture","Project_Name":"IADN-US 2021","PFAS_Chemical_Name":"Perfluorooctanoic acid","CAS_Number":"335-67-1","Result_Measure_Value__ppt_":1.6896631577287,"Result_Measure_Value":1689.66315772873,"Result_Unit_of_Measure":"pg/L"}},{"type":"Feature","geometry":{"type":"Point","coordinates":[-87.624722,41.8344440000001]},"properties":{"F_Monitoring_Location_Identifier":"EPA_GLNPO-J","Location_Name":"IIT-Chicago (IADN IIT)","State":" IL","EPA_Region":"05","HUC":"04040002","Organization":"EPA Great Lakes National Program","Environmental_Media_Name":"Air","Activity_Media_Subdivision_Name":"Air moisture","Project_Name":"IADN-US 2021","PFAS_Chemical_Name":"Perfluoro[1,2-13C2]undecanoic acid","CAS_Number":"960315-51-9","Result_Measure_Value":111.27,"Result_Unit_of_Measure":"%"}},{"type":"Feature","geometry":{"type":"Point","coordinates":[-87.624722,41.8344440000001]},"properties":{"F_Monitoring_Location_Identifier":"EPA_GLNPO-J","Location_Name":"IIT-Chicago (IADN IIT)","State":" IL","EPA_Region":"05","HUC":"04040002","Organization":"EPA Great Lakes National Program","Environmental_Media_Name":"Air","Activity_Media_Subdivision_Name":"Air moisture","Project_Name":"IADN-US 2021","PFAS_Chemical_Name":"Perfluorobutylsulfonamide","CAS_Number":"30334-69-1","Result_Measure_Value__ppt_":0.12546715184647,"Result_Measure_Value":125.46715184647,"Result_Unit_of_Measure":"pg/L"}},{"type":"Feature","geometry":{"type":"Point","coordinates":[-87.624722,41.8344440000001]},"properties":{"F_Monitoring_Location_Identifier":"EPA_GLNPO-J","Location_Name":"IIT-Chicago (IADN IIT)","State":" IL","EPA_Region":"05","HUC":"04040002","Organization":"EPA Great Lakes National Program","Environmental_Media_Name":"Air","Activity_Media_Subdivision_Name":"Air moisture","Project_Name":"IADN-US 2021","PFAS_Chemical_Name":"Perfluoro[1,2-13C2]undecanoic acid","CAS_Number":"960315-51-9","Result_Measure_Value":83.76,"Result_Unit_of_Measure":"%"}},{"type":"Feature","geometry":{"type":"Point","coordinates":[-87.624722,41.8344440000001]},"properties":{"F_Monitoring_Location_Identifier":"EPA_GLNPO-J","Location_Name":"IIT-Chicago (IADN IIT)","State":" IL","EPA_Region":"05","HUC":"04040002","Organization":"EPA Great Lakes National Program","Environmental_Media_Name":"Air","Activity_Media_Subdivision_Name":"Air moisture","Project_Name":"IADN-US 2021","PFAS_Chemical_Name":"Sodium perfluoro-1-hexane[18O2]sulfonate","Result_Measure_Value":69.105,"Result_Unit_of_Measure":"%"}},{"type":"Feature","geometry":{"type":"Point","coordinates":[-87.624722,41.8344440000001]},"properties":{"F_Monitoring_Location_Identifier":"EPA_GLNPO-J","Location_Name":"IIT-Chicago (IADN IIT)","State":" IL","EPA_Region":"05","HUC":"04040002","Organization":"EPA Great Lakes National Program","Environmental_Media_Name":"Air","Activity_Media_Subdivision_Name":"Air moisture","Project_Name":"IADN-US 2021","PFAS_Chemical_Name":"Perfluoroheptanoic acid","CAS_Number":"375-85-9","Result_Measure_Value__ppt_":0.30806700548769,"Result_Measure_Value":308.067005487688,"Result_Unit_of_Measure":"pg/L"}},{"type":"Feature","geometry":{"type":"Point","coordinates":[-87.624722,41.8344440000001]},"properties":{"F_Monitoring_Location_Identifier":"EPA_GLNPO-J","Location_Name":"IIT-Chicago (IADN IIT)","State":" IL","EPA_Region":"05","HUC":"04040002","Organization":"EPA Great Lakes National Program","Environmental_Media_Name":"Air","Activity_Media_Subdivision_Name":"Air moisture","Project_Name":"IADN-US 2021","PFAS_Chemical_Name":"Perfluoro[1,2-13C2]tetradecanoic acid","Result_Measure_Value":70.995,"Result_Unit_of_Measure":"%"}},{"type":"Feature","geometry":{"type":"Point","coordinates":[-87.624722,41.8344440000001]},"properties":{"F_Monitoring_Location_Identifier":"EPA_GLNPO-J","Location_Name":"IIT-Chicago (IADN IIT)","State":" IL","EPA_Region":"05","HUC":"04040002","Organization":"EPA Great Lakes National Program","Environmental_Media_Name":"Air","Activity_Media_Subdivision_Name":"Air moisture","Project_Name":"IADN-US 2021","PFAS_Chemical_Name":"Perfluorodecanoic acid","CAS_Number":"335-76-2","Result_Measure_Value__ppt_":0.22776386405923,"Result_Measure_Value":227.763864059232,"Result_Unit_of_Measure":"pg/L"}},{"type":"Feature","geometry":{"type":"Point","coordinates":[-87.624722,41.8344440000001]},"properties":{"F_Monitoring_Location_Identifier":"EPA_GLNPO-J","Location_Name":"IIT-Chicago (IADN IIT)","State":" IL","EPA_Region":"05","HUC":"04040002","Organization":"EPA Great Lakes National Program","Environmental_Media_Name":"Air","Activity_Media_Subdivision_Name":"Air moisture","Project_Name":"IADN-US 2021","PFAS_Chemical_Name":"Perfluorovaleric acid","CAS_Number":"2706-90-3","Result_Measure_Value__ppt_":0.48898412701739,"Result_Measure_Value":488.984127017391,"Result_Unit_of_Measure":"pg/L"}},{"type":"Feature","geometry":{"type":"Point","coordinates":[-87.624722,41.8344440000001]},"properties":{"F_Monitoring_Location_Identifier":"EPA_GLNPO-J","Location_Name":"IIT-Chicago (IADN IIT)","State":" IL","EPA_Region":"05","HUC":"04040002","Organization":"EPA Great Lakes National Program","Environmental_Media_Name":"Air","Activity_Media_Subdivision_Name":"Air moisture","Project_Name":"IADN-US 2021","PFAS_Chemical_Name":"Perfluorononanoic acid","CAS_Number":"375-95-1","Result_Measure_Value__ppt_":1.0657473683164,"Result_Measure_Value":1065.74736831635,"Result_Unit_of_Measure":"pg/L"}},{"type":"Feature","geometry":{"type":"Point","coordinates":[-87.624722,41.8344440000001]},"properties":{"F_Monitoring_Location_Identifier":"EPA_GLNPO-J","Location_Name":"IIT-Chicago (IADN IIT)","State":" IL","EPA_Region":"05","HUC":"04040002","Organization":"EPA Great Lakes National Program","Environmental_Media_Name":"Air","Activity_Media_Subdivision_Name":"Air moisture","Project_Name":"IADN-US 2021","PFAS_Chemical_Name":"Perfluoroheptanoic acid","CAS_Number":"375-85-9","Result_Measure_Value__ppt_":0.26705882352941,"Result_Measure_Value":267.058823529412,"Result_Unit_of_Measure":"pg/L"}},{"type":"Feature","geometry":{"type":"Point","coordinates":[-87.624722,41.8344440000001]},"properties":{"F_Monitoring_Location_Identifier":"EPA_GLNPO-J","Location_Name":"IIT-Chicago (IADN IIT)","State":" IL","EPA_Region":"05","HUC":"04040002","Organization":"EPA Great Lakes National Program","Environmental_Media_Name":"Air","Activity_Media_Subdivision_Name":"Air moisture","Project_Name":"IADN-US 2021","PFAS_Chemical_Name":"Perfluorononanoic acid","CAS_Number":"375-95-1","Result_Measure_Value__ppt_":0.24845594019968,"Result_Measure_Value":248.455940199676,"Result_Unit_of_Measure":"pg/L"}},{"type":"Feature","geometry":{"type":"Point","coordinates":[-87.624722,41.8344440000001]},"properties":{"F_Monitoring_Location_Identifier":"EPA_GLNPO-J","Location_Name":"IIT-Chicago (IADN IIT)","State":" IL","EPA_Region":"05","HUC":"04040002","Organization":"EPA Great Lakes National Program","Environmental_Media_Name":"Air","Activity_Media_Subdivision_Name":"Air moisture","Project_Name":"IADN-US 2021","PFAS_Chemical_Name":"Sodium perfluoro-1-hexane[18O2]sulfonate","Result_Measure_Value":89.345,"Result_Unit_of_Measure":"%"}},{"type":"Feature","geometry":{"type":"Point","coordinates":[-87.624722,41.8344440000001]},"properties":{"F_Monitoring_Location_Identifier":"EPA_GLNPO-J","Location_Name":"IIT-Chicago (IADN IIT)","State":" IL","EPA_Region":"05","HUC":"04040002","Organization":"EPA Great Lakes National Program","Environmental_Media_Name":"Air","Activity_Media_Subdivision_Name":"Air moisture","Project_Name":"IADN-US 2021","PFAS_Chemical_Name":"Perfluoroundecanoate","CAS_Number":"196859-54-8","Result_Measure_Value__ppt_":0.46467368416487,"Result_Measure_Value":464.673684164874,"Result_Unit_of_Measure":"pg/L"}},{"type":"Feature","geometry":{"type":"Point","coordinates":[-87.624722,41.8344440000001]},"properties":{"F_Monitoring_Location_Identifier":"EPA_GLNPO-J","Location_Name":"IIT-Chicago (IADN IIT)","State":" IL","EPA_Region":"05","HUC":"04040002","Organization":"EPA Great Lakes National Program","Environmental_Media_Name":"Air","Activity_Media_Subdivision_Name":"Air moisture","Project_Name":"IADN-US 2021","PFAS_Chemical_Name":"Perfluorovaleric acid","CAS_Number":"2706-90-3","Result_Measure_Value__ppt_":0.23668771927499,"Result_Measure_Value":236.687719274992,"Result_Unit_of_Measure":"pg/L"}},{"type":"Feature","geometry":{"type":"Point","coordinates":[-87.624722,41.8344440000001]},"properties":{"F_Monitoring_Location_Identifier":"EPA_GLNPO-J","Location_Name":"IIT-Chicago (IADN IIT)","State":" IL","EPA_Region":"05","HUC":"04040002","Organization":"EPA Great Lakes National Program","Environmental_Media_Name":"Air","Activity_Media_Subdivision_Name":"Air moisture","Project_Name":"IADN-US 2021","PFAS_Chemical_Name":"Heptafluorobutyric acid***retired***use Perfluorobutanoic acid","Result_Measure_Value__ppt_":3.3005366728659,"Result_Measure_Value":3300.53667286587,"Result_Unit_of_Measure":"pg/L"}},{"type":"Feature","geometry":{"type":"Point","coordinates":[-87.624722,41.8344440000001]},"properties":{"F_Monitoring_Location_Identifier":"EPA_GLNPO-J","Location_Name":"IIT-Chicago (IADN IIT)","State":" IL","EPA_Region":"05","HUC":"04040002","Organization":"EPA Great Lakes National Program","Environmental_Media_Name":"Air","Activity_Media_Subdivision_Name":"Air moisture","Project_Name":"IADN-US 2021","PFAS_Chemical_Name":"Sodium perfluoro-1-hexane[18O2]sulfonate","Result_Measure_Value":83.82,"Result_Unit_of_Measure":"%"}},{"type":"Feature","geometry":{"type":"Point","coordinates":[-87.624722,41.8344440000001]},"properties":{"F_Monitoring_Location_Identifier":"EPA_GLNPO-J","Location_Name":"IIT-Chicago (IADN IIT)","State":" IL","EPA_Region":"05","HUC":"04040002","Organization":"EPA Great Lakes National Program","Environmental_Media_Name":"Air","Activity_Media_Subdivision_Name":"Air moisture","Project_Name":"IADN-US 2021","PFAS_Chemical_Name":"Heptafluorobutyric acid***retired***use Perfluorobutanoic acid","Result_Measure_Value__ppt_":5.154505420578,"Result_Measure_Value":5154.50542057803,"Result_Unit_of_Measure":"pg/L"}},{"type":"Feature","geometry":{"type":"Point","coordinates":[-87.624722,41.8344440000001]},"properties":{"F_Monitoring_Location_Identifier":"EPA_GLNPO-J","Location_Name":"IIT-Chicago (IADN IIT)","State":" IL","EPA_Region":"05","HUC":"04040002","Organization":"EPA Great Lakes National Program","Environmental_Media_Name":"Air","Activity_Media_Subdivision_Name":"Air moisture","Project_Name":"IADN-US 2021","PFAS_Chemical_Name":"Perfluorododecanoic acid","CAS_Number":"307-55-1","Result_Measure_Value__ppt_":0.0080803571419717,"Result_Measure_Value":8.08035714197171,"Result_Unit_of_Measure":"pg/L"}},{"type":"Feature","geometry":{"type":"Point","coordinates":[-87.624722,41.8344440000001]},"properties":{"F_Monitoring_Location_Identifier":"EPA_GLNPO-J","Location_Name":"IIT-Chicago (IADN IIT)","State":" IL","EPA_Region":"05","HUC":"04040002","Organization":"EPA Great Lakes National Program","Environmental_Media_Name":"Air","Activity_Media_Subdivision_Name":"Air moisture","Project_Name":"IADN-US 2021","PFAS_Chemical_Name":"Sodium perfluoro-1-hexane[18O2]sulfonate","Result_Measure_Value":100.71,"Result_Unit_of_Measure":"%"}},{"type":"Feature","geometry":{"type":"Point","coordinates":[-87.624722,41.8344440000001]},"properties":{"F_Monitoring_Location_Identifier":"EPA_GLNPO-J","Location_Name":"IIT-Chicago (IADN IIT)","State":" IL","EPA_Region":"05","HUC":"04040002","Organization":"EPA Great Lakes National Program","Environmental_Media_Name":"Air","Activity_Media_Subdivision_Name":"Air moisture","Project_Name":"IADN-US 2021","PFAS_Chemical_Name":"Perfluoro[1,2-13C2]hexanoic acid","Result_Measure_Value":64.8,"Result_Unit_of_Measure":"%"}},{"type":"Feature","geometry":{"type":"Point","coordinates":[-87.624722,41.8344440000001]},"properties":{"F_Monitoring_Location_Identifier":"EPA_GLNPO-J","Location_Name":"IIT-Chicago (IADN IIT)","State":" IL","EPA_Region":"05","HUC":"04040002","Organization":"EPA Great Lakes National Program","Environmental_Media_Name":"Air","Activity_Media_Subdivision_Name":"Air moisture","Project_Name":"IADN-US 2021","PFAS_Chemical_Name":"Heptafluorobutyric acid***retired***use Perfluorobutanoic acid","Result_Measure_Value__ppt_":2.4210839003915,"Result_Measure_Value":2421.08390039146,"Result_Unit_of_Measure":"pg/L"}},{"type":"Feature","geometry":{"type":"Point","coordinates":[-87.624722,41.8344440000001]},"properties":{"F_Monitoring_Location_Identifier":"EPA_GLNPO-J","Location_Name":"IIT-Chicago (IADN IIT)","State":" IL","EPA_Region":"05","HUC":"04040002","Organization":"EPA Great Lakes National Program","Environmental_Media_Name":"Air","Activity_Media_Subdivision_Name":"Air moisture","Project_Name":"IADN-US 2021","PFAS_Chemical_Name":"Perfluoro[1,2-13C2]undecanoic acid","CAS_Number":"960315-51-9","Result_Measure_Value":66.29,"Result_Unit_of_Measure":"%"}},{"type":"Feature","geometry":{"type":"Point","coordinates":[-87.624722,41.8344440000001]},"properties":{"F_Monitoring_Location_Identifier":"EPA_GLNPO-J","Location_Name":"IIT-Chicago (IADN IIT)","State":" IL","EPA_Region":"05","HUC":"04040002","Organization":"EPA Great Lakes National Program","Environmental_Media_Name":"Air","Activity_Media_Subdivision_Name":"Air moisture","Project_Name":"IADN-US 2021","PFAS_Chemical_Name":"Perfluoro[1,2-13C2]hexanoic acid","Result_Measure_Value":83.96,"Result_Unit_of_Measure":"%"}},{"type":"Feature","geometry":{"type":"Point","coordinates":[-87.624722,41.8344440000001]},"properties":{"F_Monitoring_Location_Identifier":"EPA_GLNPO-J","Location_Name":"IIT-Chicago (IADN IIT)","State":" IL","EPA_Region":"05","HUC":"04040002","Organization":"EPA Great Lakes National Program","Environmental_Media_Name":"Air","Activity_Media_Subdivision_Name":"Air moisture","Project_Name":"IADN-US 2021","PFAS_Chemical_Name":"Heptafluorobutyric acid***retired***use Perfluorobutanoic acid","Result_Measure_Value__ppt_":1.4537142857143,"Result_Measure_Value":1453.71428571429,"Result_Unit_of_Measure":"pg/L"}},{"type":"Feature","geometry":{"type":"Point","coordinates":[-87.624722,41.8344440000001]},"properties":{"F_Monitoring_Location_Identifier":"EPA_GLNPO-J","Location_Name":"IIT-Chicago (IADN IIT)","State":" IL","EPA_Region":"05","HUC":"04040002","Organization":"EPA Great Lakes National Program","Environmental_Media_Name":"Air","Activity_Media_Subdivision_Name":"Air moisture","Project_Name":"IADN-US 2021","PFAS_Chemical_Name":"Heptafluorobutyric acid***retired***use Perfluorobutanoic acid","Result_Measure_Value__ppt_":1.1961201809364,"Result_Measure_Value":1196.12018093635,"Result_Unit_of_Measure":"pg/L"}},{"type":"Feature","geometry":{"type":"Point","coordinates":[-87.624722,41.8344440000001]},"properties":{"F_Monitoring_Location_Identifier":"EPA_GLNPO-J","Location_Name":"IIT-Chicago (IADN IIT)","State":" IL","EPA_Region":"05","HUC":"04040002","Organization":"EPA Great Lakes National Program","Environmental_Media_Name":"Air","Activity_Media_Subdivision_Name":"Air moisture","Project_Name":"IADN-US 2021","PFAS_Chemical_Name":"Perfluorohexanoic acid","CAS_Number":"307-24-4","Result_Measure_Value__ppt_":0.13888171606573,"Result_Measure_Value":138.88171606573,"Result_Unit_of_Measure":"pg/L"}},{"type":"Feature","geometry":{"type":"Point","coordinates":[-87.624722,41.8344440000001]},"properties":{"F_Monitoring_Location_Identifier":"EPA_GLNPO-J","Location_Name":"IIT-Chicago (IADN IIT)","State":" IL","EPA_Region":"05","HUC":"04040002","Organization":"EPA Great Lakes National Program","Environmental_Media_Name":"Air","Activity_Media_Subdivision_Name":"Air moisture","Project_Name":"IADN-US 2021","PFAS_Chemical_Name":"Perfluorovaleric acid","CAS_Number":"2706-90-3","Result_Measure_Value__ppt_":0.26469291122641,"Result_Measure_Value":264.692911226407,"Result_Unit_of_Measure":"pg/L"}},{"type":"Feature","geometry":{"type":"Point","coordinates":[-87.624722,41.8344440000001]},"properties":{"F_Monitoring_Location_Identifier":"EPA_GLNPO-J","Location_Name":"IIT-Chicago (IADN IIT)","State":" IL","EPA_Region":"05","HUC":"04040002","Organization":"EPA Great Lakes National Program","Environmental_Media_Name":"Air","Activity_Media_Subdivision_Name":"Air moisture","Project_Name":"IADN-US 2021","PFAS_Chemical_Name":"Perfluoro[1,2-13C2]undecanoic acid","CAS_Number":"960315-51-9","Result_Measure_Value":83.255,"Result_Unit_of_Measure":"%"}},{"type":"Feature","geometry":{"type":"Point","coordinates":[-87.624722,41.8344440000001]},"properties":{"F_Monitoring_Location_Identifier":"EPA_GLNPO-J","Location_Name":"IIT-Chicago (IADN IIT)","State":" IL","EPA_Region":"05","HUC":"04040002","Organization":"EPA Great Lakes National Program","Environmental_Media_Name":"Air","Activity_Media_Subdivision_Name":"Air moisture","Project_Name":"IADN-US 2021","PFAS_Chemical_Name":"Perfluoro[1,2-13C2]tetradecanoic acid","Result_Measure_Value":66.61,"Result_Unit_of_Measure":"%"}},{"type":"Feature","geometry":{"type":"Point","coordinates":[-87.624722,41.8344440000001]},"properties":{"F_Monitoring_Location_Identifier":"EPA_GLNPO-J","Location_Name":"IIT-Chicago (IADN IIT)","State":" IL","EPA_Region":"05","HUC":"04040002","Organization":"EPA Great Lakes National Program","Environmental_Media_Name":"Air","Activity_Media_Subdivision_Name":"Air moisture","Project_Name":"IADN-US 2021","PFAS_Chemical_Name":"Perfluoro[1,2-13C2]undecanoic acid","CAS_Number":"960315-51-9","Result_Measure_Value":67.99,"Result_Unit_of_Measure":"%"}},{"type":"Feature","geometry":{"type":"Point","coordinates":[-87.624722,41.8344440000001]},"properties":{"F_Monitoring_Location_Identifier":"EPA_GLNPO-J","Location_Name":"IIT-Chicago (IADN IIT)","State":" IL","EPA_Region":"05","HUC":"04040002","Organization":"EPA Great Lakes National Program","Environmental_Media_Name":"Air","Activity_Media_Subdivision_Name":"Air moisture","Project_Name":"IADN-US 2021","PFAS_Chemical_Name":"Perfluoro[1,2-13C2]hexanoic acid","Result_Measure_Value":86.185,"Result_Unit_of_Measure":"%"}},{"type":"Feature","geometry":{"type":"Point","coordinates":[-87.624722,41.8344440000001]},"properties":{"F_Monitoring_Location_Identifier":"EPA_GLNPO-J","Location_Name":"IIT-Chicago (IADN IIT)","State":" IL","EPA_Region":"05","HUC":"04040002","Organization":"EPA Great Lakes National Program","Environmental_Media_Name":"Air","Activity_Media_Subdivision_Name":"Air moisture","Project_Name":"IADN-US 2021","PFAS_Chemical_Name":"Perfluorooctanoic acid","CAS_Number":"335-67-1","Result_Measure_Value__ppt_":0.35490249435521,"Result_Measure_Value":354.902494355209,"Result_Unit_of_Measure":"pg/L"}},{"type":"Feature","geometry":{"type":"Point","coordinates":[-87.624722,41.8344440000001]},"properties":{"F_Monitoring_Location_Identifier":"EPA_GLNPO-J","Location_Name":"IIT-Chicago (IADN IIT)","State":" IL","EPA_Region":"05","HUC":"04040002","Organization":"EPA Great Lakes National Program","Environmental_Media_Name":"Air","Activity_Media_Subdivision_Name":"Air moisture","Project_Name":"IADN-US 2021","PFAS_Chemical_Name":"Perfluorodecanoic acid","CAS_Number":"335-76-2","Result_Measure_Value__ppt_":0.15342857142857,"Result_Measure_Value":153.428571428571,"Result_Unit_of_Measure":"pg/L"}},{"type":"Feature","geometry":{"type":"Point","coordinates":[-87.624722,41.8344440000001]},"properties":{"F_Monitoring_Location_Identifier":"EPA_GLNPO-J","Location_Name":"IIT-Chicago (IADN IIT)","State":" IL","EPA_Region":"05","HUC":"04040002","Organization":"EPA Great Lakes National Program","Environmental_Media_Name":"Air","Activity_Media_Subdivision_Name":"Air moisture","Project_Name":"IADN-US 2021","PFAS_Chemical_Name":"Perfluoro[1,2-13C2]tetradecanoic acid","Result_Measure_Value":57.435,"Result_Unit_of_Measure":"%"}},{"type":"Feature","geometry":{"type":"Point","coordinates":[-87.624722,41.8344440000001]},"properties":{"F_Monitoring_Location_Identifier":"EPA_GLNPO-J","Location_Name":"IIT-Chicago (IADN IIT)","State":" IL","EPA_Region":"05","HUC":"04040002","Organization":"EPA Great Lakes National Program","Environmental_Media_Name":"Air","Activity_Media_Subdivision_Name":"Air moisture","Project_Name":"IADN-US 2021","PFAS_Chemical_Name":"Perfluoro[1,2-13C2]hexanoic acid","Result_Measure_Value":91.34,"Result_Unit_of_Measure":"%"}},{"type":"Feature","geometry":{"type":"Point","coordinates":[-87.624722,41.8344440000001]},"properties":{"F_Monitoring_Location_Identifier":"EPA_GLNPO-J","Location_Name":"IIT-Chicago (IADN IIT)","State":" IL","EPA_Region":"05","HUC":"04040002","Organization":"EPA Great Lakes National Program","Environmental_Media_Name":"Air","Activity_Media_Subdivision_Name":"Air moisture","Project_Name":"IADN-US 2021","PFAS_Chemical_Name":"Perfluoro[1,2-13C2]tetradecanoic acid","Result_Measure_Value":70.64,"Result_Unit_of_Measure":"%"}},{"type":"Feature","geometry":{"type":"Point","coordinates":[-87.624722,41.8344440000001]},"properties":{"F_Monitoring_Location_Identifier":"EPA_GLNPO-J","Location_Name":"IIT-Chicago (IADN IIT)","State":" IL","EPA_Region":"05","HUC":"04040002","Organization":"EPA Great Lakes National Program","Environmental_Media_Name":"Air","Activity_Media_Subdivision_Name":"Air moisture","Project_Name":"IADN-US 2021","PFAS_Chemical_Name":"Perfluorodecanoic acid","CAS_Number":"335-76-2","Result_Measure_Value__ppt_":0.31275,"Result_Measure_Value":312.75,"Result_Unit_of_Measure":"pg/L"}},{"type":"Feature","geometry":{"type":"Point","coordinates":[-87.624722,41.8344440000001]},"properties":{"F_Monitoring_Location_Identifier":"EPA_GLNPO-J","Location_Name":"IIT-Chicago (IADN IIT)","State":" IL","EPA_Region":"05","HUC":"04040002","Organization":"EPA Great Lakes National Program","Environmental_Media_Name":"Air","Activity_Media_Subdivision_Name":"Air moisture","Project_Name":"IADN-US 2021","PFAS_Chemical_Name":"Perfluorovaleric acid","CAS_Number":"2706-90-3","Result_Measure_Value__ppt_":2.2744914868116,"Result_Measure_Value":2274.49148681158,"Result_Unit_of_Measure":"pg/L"}},{"type":"Feature","geometry":{"type":"Point","coordinates":[-87.624722,41.8344440000001]},"properties":{"F_Monitoring_Location_Identifier":"EPA_GLNPO-J","Location_Name":"IIT-Chicago (IADN IIT)","State":" IL","EPA_Region":"05","HUC":"04040002","Organization":"EPA Great Lakes National Program","Environmental_Media_Name":"Air","Activity_Media_Subdivision_Name":"Air moisture","Project_Name":"IADN-US 2021","PFAS_Chemical_Name":"Heptafluorobutyric acid***retired***use Perfluorobutanoic acid","Result_Measure_Value__ppt_":1.493523800128,"Result_Measure_Value":1493.52380012798,"Result_Unit_of_Measure":"pg/L"}},{"type":"Feature","geometry":{"type":"Point","coordinates":[-87.624722,41.8344440000001]},"properties":{"F_Monitoring_Location_Identifier":"EPA_GLNPO-J","Location_Name":"IIT-Chicago (IADN IIT)","State":" IL","EPA_Region":"05","HUC":"04040002","Organization":"EPA Great Lakes National Program","Environmental_Media_Name":"Air","Activity_Media_Subdivision_Name":"Air moisture","Project_Name":"IADN-US 2021","PFAS_Chemical_Name":"Sodium perfluoro-1-hexane[18O2]sulfonate","Result_Measure_Value":86.38,"Result_Unit_of_Measure":"%"}},{"type":"Feature","geometry":{"type":"Point","coordinates":[-87.624722,41.8344440000001]},"properties":{"F_Monitoring_Location_Identifier":"EPA_GLNPO-J","Location_Name":"IIT-Chicago (IADN IIT)","State":" IL","EPA_Region":"05","HUC":"04040002","Organization":"EPA Great Lakes National Program","Environmental_Media_Name":"Air","Activity_Media_Subdivision_Name":"Air moisture","Project_Name":"IADN-US 2021","PFAS_Chemical_Name":"Perfluorobutylsulfonamide","CAS_Number":"30334-69-1","Result_Measure_Value__ppt_":0.11885714285714,"Result_Measure_Value":118.857142857143,"Result_Unit_of_Measure":"pg/L"}},{"type":"Feature","geometry":{"type":"Point","coordinates":[-87.624722,41.8344440000001]},"properties":{"F_Monitoring_Location_Identifier":"EPA_GLNPO-J","Location_Name":"IIT-Chicago (IADN IIT)","State":" IL","EPA_Region":"05","HUC":"04040002","Organization":"EPA Great Lakes National Program","Environmental_Media_Name":"Air","Activity_Media_Subdivision_Name":"Air moisture","Project_Name":"IADN-US 2021","PFAS_Chemical_Name":"Perfluorohexanoic acid","CAS_Number":"307-24-4","Result_Measure_Value__ppt_":0.15841931013658,"Result_Measure_Value":158.419310136577,"Result_Unit_of_Measure":"pg/L"}},{"type":"Feature","geometry":{"type":"Point","coordinates":[-87.624722,41.8344440000001]},"properties":{"F_Monitoring_Location_Identifier":"EPA_GLNPO-J","Location_Name":"IIT-Chicago (IADN IIT)","State":" IL","EPA_Region":"05","HUC":"04040002","Organization":"EPA Great Lakes National Program","Environmental_Media_Name":"Air","Activity_Media_Subdivision_Name":"Air moisture","Project_Name":"IADN-US 2021","PFAS_Chemical_Name":"Perfluoroheptanoic acid","CAS_Number":"375-85-9","Result_Measure_Value__ppt_":0.12538230262726,"Result_Measure_Value":125.382302627259,"Result_Unit_of_Measure":"pg/L"}},{"type":"Feature","geometry":{"type":"Point","coordinates":[-87.624722,41.8344440000001]},"properties":{"F_Monitoring_Location_Identifier":"EPA_GLNPO-J","Location_Name":"IIT-Chicago (IADN IIT)","State":" IL","EPA_Region":"05","HUC":"04040002","Organization":"EPA Great Lakes National Program","Environmental_Media_Name":"Air","Activity_Media_Subdivision_Name":"Air moisture","Project_Name":"IADN-US 2021","PFAS_Chemical_Name":"Perfluoroheptanoic acid","CAS_Number":"375-85-9","Result_Measure_Value__ppt_":0.4995782313265,"Result_Measure_Value":499.578231326502,"Result_Unit_of_Measure":"pg/L"}},{"type":"Feature","geometry":{"type":"Point","coordinates":[-87.624722,41.8344440000001]},"properties":{"F_Monitoring_Location_Identifier":"EPA_GLNPO-J","Location_Name":"IIT-Chicago (IADN IIT)","State":" IL","EPA_Region":"05","HUC":"04040002","Organization":"EPA Great Lakes National Program","Environmental_Media_Name":"Air","Activity_Media_Subdivision_Name":"Air moisture","Project_Name":"IADN-US 2021","PFAS_Chemical_Name":"Perfluoro[1,2-13C2]hexanoic acid","Result_Measure_Value":83.535,"Result_Unit_of_Measure":"%"}},{"type":"Feature","geometry":{"type":"Point","coordinates":[-87.624722,41.8344440000001]},"properties":{"F_Monitoring_Location_Identifier":"EPA_GLNPO-J","Location_Name":"IIT-Chicago (IADN IIT)","State":" IL","EPA_Region":"05","HUC":"04040002","Organization":"EPA Great Lakes National Program","Environmental_Media_Name":"Air","Activity_Media_Subdivision_Name":"Air moisture","Project_Name":"IADN-US 2021","PFAS_Chemical_Name":"Perfluorooctanoic acid","CAS_Number":"335-67-1","Result_Measure_Value__ppt_":0.30117694801895,"Result_Measure_Value":301.176948018946,"Result_Unit_of_Measure":"pg/L"}},{"type":"Feature","geometry":{"type":"Point","coordinates":[-87.624722,41.8344440000001]},"properties":{"F_Monitoring_Location_Identifier":"EPA_GLNPO-J","Location_Name":"IIT-Chicago (IADN IIT)","State":" IL","EPA_Region":"05","HUC":"04040002","Organization":"EPA Great Lakes National Program","Environmental_Media_Name":"Air","Activity_Media_Subdivision_Name":"Air moisture","Project_Name":"IADN-US 2021","PFAS_Chemical_Name":"Perfluoro[1,2-13C2]tetradecanoic acid","Result_Measure_Value":78.535,"Result_Unit_of_Measure":"%"}},{"type":"Feature","geometry":{"type":"Point","coordinates":[-87.624722,41.8344440000001]},"properties":{"F_Monitoring_Location_Identifier":"EPA_GLNPO-J","Location_Name":"IIT-Chicago (IADN IIT)","State":" IL","EPA_Region":"05","HUC":"04040002","Organization":"EPA Great Lakes National Program","Environmental_Media_Name":"Air","Activity_Media_Subdivision_Name":"Air moisture","Project_Name":"IADN-US 2021","PFAS_Chemical_Name":"Perfluorononanoic acid","CAS_Number":"375-95-1","Result_Measure_Value__ppt_":0.52368421052632,"Result_Measure_Value":523.684210526316,"Result_Unit_of_Measure":"pg/L"}},{"type":"Feature","geometry":{"type":"Point","coordinates":[-87.624722,41.8344440000001]},"properties":{"F_Monitoring_Location_Identifier":"EPA_GLNPO-J","Location_Name":"IIT-Chicago (IADN IIT)","State":" IL","EPA_Region":"05","HUC":"04040002","Organization":"EPA Great Lakes National Program","Environmental_Media_Name":"Air","Activity_Media_Subdivision_Name":"Air moisture","Project_Name":"IADN-US 2021","PFAS_Chemical_Name":"Perfluoro[1,2-13C2]tetradecanoic acid","Result_Measure_Value":87.87,"Result_Unit_of_Measure":"%"}},{"type":"Feature","geometry":{"type":"Point","coordinates":[-87.624722,41.8344440000001]},"properties":{"F_Monitoring_Location_Identifier":"EPA_GLNPO-J","Location_Name":"IIT-Chicago (IADN IIT)","State":" IL","EPA_Region":"05","HUC":"04040002","Organization":"EPA Great Lakes National Program","Environmental_Media_Name":"Air","Activity_Media_Subdivision_Name":"Air moisture","Project_Name":"IADN-US 2021","PFAS_Chemical_Name":"Perfluorooctanoic acid","CAS_Number":"335-67-1","Result_Measure_Value__ppt_":0.84921830976347,"Result_Measure_Value":849.218309763468,"Result_Unit_of_Measure":"pg/L"}},{"type":"Feature","geometry":{"type":"Point","coordinates":[-87.624722,41.8344440000001]},"properties":{"F_Monitoring_Location_Identifier":"EPA_GLNPO-J","Location_Name":"IIT-Chicago (IADN IIT)","State":" IL","EPA_Region":"05","HUC":"04040002","Organization":"EPA Great Lakes National Program","Environmental_Media_Name":"Air","Activity_Media_Subdivision_Name":"Air moisture","Project_Name":"IADN-US 2021","PFAS_Chemical_Name":"Perfluoro[1,2-13C2]undecanoic acid","CAS_Number":"960315-51-9","Result_Measure_Value":70.295,"Result_Unit_of_Measure":"%"}},{"type":"Feature","geometry":{"type":"Point","coordinates":[-87.624722,41.8344440000001]},"properties":{"F_Monitoring_Location_Identifier":"EPA_GLNPO-J","Location_Name":"IIT-Chicago (IADN IIT)","State":" IL","EPA_Region":"05","HUC":"04040002","Organization":"EPA Great Lakes National Program","Environmental_Media_Name":"Air","Activity_Media_Subdivision_Name":"Air moisture","Project_Name":"IADN-US 2021","PFAS_Chemical_Name":"Perfluorodecanoic acid","CAS_Number":"335-76-2","Result_Measure_Value__ppt_":0.83232280693577,"Result_Measure_Value":832.322806935772,"Result_Unit_of_Measure":"pg/L"}},{"type":"Feature","geometry":{"type":"Point","coordinates":[-87.624722,41.8344440000001]},"properties":{"F_Monitoring_Location_Identifier":"EPA_GLNPO-J","Location_Name":"IIT-Chicago (IADN IIT)","State":" IL","EPA_Region":"05","HUC":"04040002","Organization":"EPA Great Lakes National Program","Environmental_Media_Name":"Air","Activity_Media_Subdivision_Name":"Air moisture","Project_Name":"IADN-US 2021","PFAS_Chemical_Name":"Sodium perfluoro-1-hexane[18O2]sulfonate","Result_Measure_Value":98.05,"Result_Unit_of_Measure":"%"}},{"type":"Feature","geometry":{"type":"Point","coordinates":[-87.624722,41.8344440000001]},"properties":{"F_Monitoring_Location_Identifier":"EPA_GLNPO-J","Location_Name":"IIT-Chicago (IADN IIT)","State":" IL","EPA_Region":"05","HUC":"04040002","Organization":"EPA Great Lakes National Program","Environmental_Media_Name":"Air","Activity_Media_Subdivision_Name":"Air moisture","Project_Name":"IADN-US 2021","PFAS_Chemical_Name":"Perfluorododecanoic acid","CAS_Number":"307-55-1","Result_Measure_Value__ppt_":0.076636851526056,"Result_Measure_Value":76.6368515260563,"Result_Unit_of_Measure":"pg/L"}},{"type":"Feature","geometry":{"type":"Point","coordinates":[-87.624722,41.8344440000001]},"properties":{"F_Monitoring_Location_Identifier":"EPA_GLNPO-J","Location_Name":"IIT-Chicago (IADN IIT)","State":" IL","EPA_Region":"05","HUC":"04040002","Organization":"EPA Great Lakes National Program","Environmental_Media_Name":"Air","Activity_Media_Subdivision_Name":"Air moisture","Project_Name":"IADN-US 2021","PFAS_Chemical_Name":"Perfluorovaleric acid","CAS_Number":"2706-90-3","Result_Measure_Value__ppt_":0.61592571685402,"Result_Measure_Value":615.925716854019,"Result_Unit_of_Measure":"pg/L"}},{"type":"Feature","geometry":{"type":"Point","coordinates":[-87.624722,41.8344440000001]},"properties":{"F_Monitoring_Location_Identifier":"EPA_GLNPO-J","Location_Name":"IIT-Chicago (IADN IIT)","State":" IL","EPA_Region":"05","HUC":"04040002","Organization":"EPA Great Lakes National Program","Environmental_Media_Name":"Air","Activity_Media_Subdivision_Name":"Air moisture","Project_Name":"IADN-US 2021","PFAS_Chemical_Name":"Perfluoro[1,2-13C2]undecanoic acid","CAS_Number":"960315-51-9","Result_Measure_Value":74.26,"Result_Unit_of_Measure":"%"}},{"type":"Feature","geometry":{"type":"Point","coordinates":[-87.624722,41.8344440000001]},"properties":{"F_Monitoring_Location_Identifier":"EPA_GLNPO-J","Location_Name":"IIT-Chicago (IADN IIT)","State":" IL","EPA_Region":"05","HUC":"04040002","Organization":"EPA Great Lakes National Program","Environmental_Media_Name":"Air","Activity_Media_Subdivision_Name":"Air moisture","Project_Name":"IADN-US 2021","PFAS_Chemical_Name":"Perfluorobutylsulfonamide","CAS_Number":"30334-69-1","Result_Measure_Value__ppt_":0.51262969592219,"Result_Measure_Value":512.629695922192,"Result_Unit_of_Measure":"pg/L"}},{"type":"Feature","geometry":{"type":"Point","coordinates":[-87.624722,41.8344440000001]},"properties":{"F_Monitoring_Location_Identifier":"EPA_GLNPO-J","Location_Name":"IIT-Chicago (IADN IIT)","State":" IL","EPA_Region":"05","HUC":"04040002","Organization":"EPA Great Lakes National Program","Environmental_Media_Name":"Air","Activity_Media_Subdivision_Name":"Air moisture","Project_Name":"IADN-US 2021","PFAS_Chemical_Name":"Sodium perfluoro-1-hexane[18O2]sulfonate","Result_Measure_Value":75.44,"Result_Unit_of_Measure":"%"}},{"type":"Feature","geometry":{"type":"Point","coordinates":[-87.624722,41.8344440000001]},"properties":{"F_Monitoring_Location_Identifier":"EPA_GLNPO-J","Location_Name":"IIT-Chicago (IADN IIT)","State":" IL","EPA_Region":"05","HUC":"04040002","Organization":"EPA Great Lakes National Program","Environmental_Media_Name":"Air","Activity_Media_Subdivision_Name":"Air moisture","Project_Name":"IADN-US 2021","PFAS_Chemical_Name":"Perfluorooctane sulfonic acid","CAS_Number":"1763-23-1","Result_Measure_Value__ppt_":0.90302456131479,"Result_Measure_Value":903.024561314791,"Result_Unit_of_Measure":"pg/L"}},{"type":"Feature","geometry":{"type":"Point","coordinates":[-87.624722,41.8344440000001]},"properties":{"F_Monitoring_Location_Identifier":"EPA_GLNPO-J","Location_Name":"IIT-Chicago (IADN IIT)","State":" IL","EPA_Region":"05","HUC":"04040002","Organization":"EPA Great Lakes National Program","Environmental_Media_Name":"Air","Activity_Media_Subdivision_Name":"Air moisture","Project_Name":"IADN-US 2021","PFAS_Chemical_Name":"Heptafluorobutyric acid***retired***use Perfluorobutanoic acid","Result_Measure_Value__ppt_":3.688191441033,"Result_Measure_Value":3688.19144103296,"Result_Unit_of_Measure":"pg/L"}},{"type":"Feature","geometry":{"type":"Point","coordinates":[-87.624722,41.8344440000001]},"properties":{"F_Monitoring_Location_Identifier":"EPA_GLNPO-J","Location_Name":"IIT-Chicago (IADN IIT)","State":" IL","EPA_Region":"05","HUC":"04040002","Organization":"EPA Great Lakes National Program","Environmental_Media_Name":"Air","Activity_Media_Subdivision_Name":"Air moisture","Project_Name":"IADN-US 2021","PFAS_Chemical_Name":"Heptafluorobutyric acid***retired***use Perfluorobutanoic acid","Result_Measure_Value__ppt_":2.3687058823529,"Result_Measure_Value":2368.70588235294,"Result_Unit_of_Measure":"pg/L"}},{"type":"Feature","geometry":{"type":"Point","coordinates":[-87.624722,41.8344440000001]},"properties":{"F_Monitoring_Location_Identifier":"EPA_GLNPO-J","Location_Name":"IIT-Chicago (IADN IIT)","State":" IL","EPA_Region":"05","HUC":"04040002","Organization":"EPA Great Lakes National Program","Environmental_Media_Name":"Air","Activity_Media_Subdivision_Name":"Air moisture","Project_Name":"IADN-US 2021","PFAS_Chemical_Name":"Perfluoro[1,2-13C2]tetradecanoic acid","Result_Measure_Value":50.17,"Result_Unit_of_Measure":"%"}},{"type":"Feature","geometry":{"type":"Point","coordinates":[-87.624722,41.8344440000001]},"properties":{"F_Monitoring_Location_Identifier":"EPA_GLNPO-J","Location_Name":"IIT-Chicago (IADN IIT)","State":" IL","EPA_Region":"05","HUC":"04040002","Organization":"EPA Great Lakes National Program","Environmental_Media_Name":"Air","Activity_Media_Subdivision_Name":"Air moisture","Project_Name":"IADN-US 2021","PFAS_Chemical_Name":"Perfluorovaleric acid","CAS_Number":"2706-90-3","Result_Measure_Value__ppt_":0.61957994586242,"Result_Measure_Value":619.579945862424,"Result_Unit_of_Measure":"pg/L"}},{"type":"Feature","geometry":{"type":"Point","coordinates":[-87.624722,41.8344440000001]},"properties":{"F_Monitoring_Location_Identifier":"EPA_GLNPO-J","Location_Name":"IIT-Chicago (IADN IIT)","State":" IL","EPA_Region":"05","HUC":"04040002","Organization":"EPA Great Lakes National Program","Environmental_Media_Name":"Air","Activity_Media_Subdivision_Name":"Air moisture","Project_Name":"IADN-US 2021","PFAS_Chemical_Name":"Heptafluorobutyric acid***retired***use Perfluorobutanoic acid","Result_Measure_Value__ppt_":2.6599848823997,"Result_Measure_Value":2659.9848823997,"Result_Unit_of_Measure":"pg/L"}},{"type":"Feature","geometry":{"type":"Point","coordinates":[-87.624722,41.8344440000001]},"properties":{"F_Monitoring_Location_Identifier":"EPA_GLNPO-J","Location_Name":"IIT-Chicago (IADN IIT)","State":" IL","EPA_Region":"05","HUC":"04040002","Organization":"EPA Great Lakes National Program","Environmental_Media_Name":"Air","Activity_Media_Subdivision_Name":"Air moisture","Project_Name":"IADN-US 2021","PFAS_Chemical_Name":"Perfluorooctanoic acid","CAS_Number":"335-67-1","Result_Measure_Value__ppt_":0.38487449954811,"Result_Measure_Value":384.87449954811,"Result_Unit_of_Measure":"pg/L"}},{"type":"Feature","geometry":{"type":"Point","coordinates":[-87.624722,41.8344440000001]},"properties":{"F_Monitoring_Location_Identifier":"EPA_GLNPO-J","Location_Name":"IIT-Chicago (IADN IIT)","State":" IL","EPA_Region":"05","HUC":"04040002","Organization":"EPA Great Lakes National Program","Environmental_Media_Name":"Air","Activity_Media_Subdivision_Name":"Air moisture","Project_Name":"IADN-US 2021","PFAS_Chemical_Name":"Perfluorodecanoic acid","CAS_Number":"335-76-2","Result_Measure_Value__ppt_":0.092311958864344,"Result_Measure_Value":92.3119588643435,"Result_Unit_of_Measure":"pg/L"}},{"type":"Feature","geometry":{"type":"Point","coordinates":[-87.624722,41.8344440000001]},"properties":{"F_Monitoring_Location_Identifier":"EPA_GLNPO-J","Location_Name":"IIT-Chicago (IADN IIT)","State":" IL","EPA_Region":"05","HUC":"04040002","Organization":"EPA Great Lakes National Program","Environmental_Media_Name":"Air","Activity_Media_Subdivision_Name":"Air moisture","Project_Name":"IADN-US 2021","PFAS_Chemical_Name":"Perfluorohexanoic acid","CAS_Number":"307-24-4","Result_Measure_Value__ppt_":0.45653968257074,"Result_Measure_Value":456.53968257074,"Result_Unit_of_Measure":"pg/L"}},{"type":"Feature","geometry":{"type":"Point","coordinates":[-87.624722,41.8344440000001]},"properties":{"F_Monitoring_Location_Identifier":"EPA_GLNPO-J","Location_Name":"IIT-Chicago (IADN IIT)","State":" IL","EPA_Region":"05","HUC":"04040002","Organization":"EPA Great Lakes National Program","Environmental_Media_Name":"Air","Activity_Media_Subdivision_Name":"Air moisture","Project_Name":"IADN-US 2021","PFAS_Chemical_Name":"Perfluorooctane sulfonic acid","CAS_Number":"1763-23-1","Result_Measure_Value__ppt_":0.55364577456814,"Result_Measure_Value":553.645774568137,"Result_Unit_of_Measure":"pg/L"}},{"type":"Feature","geometry":{"type":"Point","coordinates":[-87.624722,41.8344440000001]},"properties":{"F_Monitoring_Location_Identifier":"EPA_GLNPO-J","Location_Name":"IIT-Chicago (IADN IIT)","State":" IL","EPA_Region":"05","HUC":"04040002","Organization":"EPA Great Lakes National Program","Environmental_Media_Name":"Air","Activity_Media_Subdivision_Name":"Air moisture","Project_Name":"IADN-US 2021","PFAS_Chemical_Name":"Perfluorohexanoic acid","CAS_Number":"307-24-4","Result_Measure_Value__ppt_":0.29387022554475,"Result_Measure_Value":293.870225544745,"Result_Unit_of_Measure":"pg/L"}},{"type":"Feature","geometry":{"type":"Point","coordinates":[-87.624722,41.8344440000001]},"properties":{"F_Monitoring_Location_Identifier":"EPA_GLNPO-J","Location_Name":"IIT-Chicago (IADN IIT)","State":" IL","EPA_Region":"05","HUC":"04040002","Organization":"EPA Great Lakes National Program","Environmental_Media_Name":"Air","Activity_Media_Subdivision_Name":"Air moisture","Project_Name":"IADN-US 2021","PFAS_Chemical_Name":"Perfluoro[1,2-13C2]tetradecanoic acid","Result_Measure_Value":53.45,"Result_Unit_of_Measure":"%"}},{"type":"Feature","geometry":{"type":"Point","coordinates":[-87.624722,41.8344440000001]},"properties":{"F_Monitoring_Location_Identifier":"EPA_GLNPO-J","Location_Name":"IIT-Chicago (IADN IIT)","State":" IL","EPA_Region":"05","HUC":"04040002","Organization":"EPA Great Lakes National Program","Environmental_Media_Name":"Air","Activity_Media_Subdivision_Name":"Air moisture","Project_Name":"IADN-US 2021","PFAS_Chemical_Name":"Perfluoro[1,2-13C2]tetradecanoic acid","Result_Measure_Value":76.62,"Result_Unit_of_Measure":"%"}},{"type":"Feature","geometry":{"type":"Point","coordinates":[-87.624722,41.8344440000001]},"properties":{"F_Monitoring_Location_Identifier":"EPA_GLNPO-J","Location_Name":"IIT-Chicago (IADN IIT)","State":" IL","EPA_Region":"05","HUC":"04040002","Organization":"EPA Great Lakes National Program","Environmental_Media_Name":"Air","Activity_Media_Subdivision_Name":"Air moisture","Project_Name":"IADN-US 2021","PFAS_Chemical_Name":"Sodium perfluoro-1-hexane[18O2]sulfonate","Result_Measure_Value":103.11,"Result_Unit_of_Measure":"%"}},{"type":"Feature","geometry":{"type":"Point","coordinates":[-87.624722,41.8344440000001]},"properties":{"F_Monitoring_Location_Identifier":"EPA_GLNPO-J","Location_Name":"IIT-Chicago (IADN IIT)","State":" IL","EPA_Region":"05","HUC":"04040002","Organization":"EPA Great Lakes National Program","Environmental_Media_Name":"Air","Activity_Media_Subdivision_Name":"Air moisture","Project_Name":"IADN-US 2021","PFAS_Chemical_Name":"Perfluoro[1,2-13C2]undecanoic acid","CAS_Number":"960315-51-9","Result_Measure_Value":87.935,"Result_Unit_of_Measure":"%"}},{"type":"Feature","geometry":{"type":"Point","coordinates":[-87.624722,41.8344440000001]},"properties":{"F_Monitoring_Location_Identifier":"EPA_GLNPO-J","Location_Name":"IIT-Chicago (IADN IIT)","State":" IL","EPA_Region":"05","HUC":"04040002","Organization":"EPA Great Lakes National Program","Environmental_Media_Name":"Air","Activity_Media_Subdivision_Name":"Air moisture","Project_Name":"IADN-US 2021","PFAS_Chemical_Name":"Perfluoro[1,2-13C2]undecanoic acid","CAS_Number":"960315-51-9","Result_Measure_Value":80.685,"Result_Unit_of_Measure":"%"}},{"type":"Feature","geometry":{"type":"Point","coordinates":[-87.624722,41.8344440000001]},"properties":{"F_Monitoring_Location_Identifier":"EPA_GLNPO-J","Location_Name":"IIT-Chicago (IADN IIT)","State":" IL","EPA_Region":"05","HUC":"04040002","Organization":"EPA Great Lakes National Program","Environmental_Media_Name":"Air","Activity_Media_Subdivision_Name":"Air moisture","Project_Name":"IADN-US 2021","PFAS_Chemical_Name":"Perfluorooctane sulfonic acid","CAS_Number":"1763-23-1","Result_Measure_Value__ppt_":0.29628571428571,"Result_Measure_Value":296.285714285714,"Result_Unit_of_Measure":"pg/L"}},{"type":"Feature","geometry":{"type":"Point","coordinates":[-87.624722,41.8344440000001]},"properties":{"F_Monitoring_Location_Identifier":"EPA_GLNPO-J","Location_Name":"IIT-Chicago (IADN IIT)","State":" IL","EPA_Region":"05","HUC":"04040002","Organization":"EPA Great Lakes National Program","Environmental_Media_Name":"Air","Activity_Media_Subdivision_Name":"Air moisture","Project_Name":"IADN-US 2021","PFAS_Chemical_Name":"Perfluoro[1,2-13C2]tetradecanoic acid","Result_Measure_Value":46.13,"Result_Unit_of_Measure":"%"}},{"type":"Feature","geometry":{"type":"Point","coordinates":[-87.624722,41.8344440000001]},"properties":{"F_Monitoring_Location_Identifier":"EPA_GLNPO-J","Location_Name":"IIT-Chicago (IADN IIT)","State":" IL","EPA_Region":"05","HUC":"04040002","Organization":"EPA Great Lakes National Program","Environmental_Media_Name":"Air","Activity_Media_Subdivision_Name":"Air moisture","Project_Name":"IADN-US 2021","PFAS_Chemical_Name":"Perfluorovaleric acid","CAS_Number":"2706-90-3","Result_Measure_Value__ppt_":0.19114378441796,"Result_Measure_Value":191.143784417955,"Result_Unit_of_Measure":"pg/L"}},{"type":"Feature","geometry":{"type":"Point","coordinates":[-87.624722,41.8344440000001]},"properties":{"F_Monitoring_Location_Identifier":"EPA_GLNPO-J","Location_Name":"IIT-Chicago (IADN IIT)","State":" IL","EPA_Region":"05","HUC":"04040002","Organization":"EPA Great Lakes National Program","Environmental_Media_Name":"Air","Activity_Media_Subdivision_Name":"Air moisture","Project_Name":"IADN-US 2021","PFAS_Chemical_Name":"Perfluorohexanoic acid","CAS_Number":"307-24-4","Result_Measure_Value__ppt_":1.0546183379572,"Result_Measure_Value":1054.61833795722,"Result_Unit_of_Measure":"pg/L"}},{"type":"Feature","geometry":{"type":"Point","coordinates":[-87.624722,41.8344440000001]},"properties":{"F_Monitoring_Location_Identifier":"EPA_GLNPO-J","Location_Name":"IIT-Chicago (IADN IIT)","State":" IL","EPA_Region":"05","HUC":"04040002","Organization":"EPA Great Lakes National Program","Environmental_Media_Name":"Air","Activity_Media_Subdivision_Name":"Air moisture","Project_Name":"IADN-US 2021","PFAS_Chemical_Name":"Perfluorobutylsulfonamide","CAS_Number":"30334-69-1","Result_Measure_Value__ppt_":0.24565079366751,"Result_Measure_Value":245.650793667505,"Result_Unit_of_Measure":"pg/L"}},{"type":"Feature","geometry":{"type":"Point","coordinates":[-87.624722,41.8344440000001]},"properties":{"F_Monitoring_Location_Identifier":"EPA_GLNPO-J","Location_Name":"IIT-Chicago (IADN IIT)","State":" IL","EPA_Region":"05","HUC":"04040002","Organization":"EPA Great Lakes National Program","Environmental_Media_Name":"Air","Activity_Media_Subdivision_Name":"Air moisture","Project_Name":"IADN-US 2021","PFAS_Chemical_Name":"Perfluoro[1,2-13C2]hexanoic acid","Result_Measure_Value":65.85,"Result_Unit_of_Measure":"%"}},{"type":"Feature","geometry":{"type":"Point","coordinates":[-87.624722,41.8344440000001]},"properties":{"F_Monitoring_Location_Identifier":"EPA_GLNPO-J","Location_Name":"IIT-Chicago (IADN IIT)","State":" IL","EPA_Region":"05","HUC":"04040002","Organization":"EPA Great Lakes National Program","Environmental_Media_Name":"Air","Activity_Media_Subdivision_Name":"Air moisture","Project_Name":"IADN-US 2021","PFAS_Chemical_Name":"Sodium perfluoro-1-hexane[18O2]sulfonate","Result_Measure_Value":95.235,"Result_Unit_of_Measure":"%"}},{"type":"Feature","geometry":{"type":"Point","coordinates":[-87.624722,41.8344440000001]},"properties":{"F_Monitoring_Location_Identifier":"EPA_GLNPO-J","Location_Name":"IIT-Chicago (IADN IIT)","State":" IL","EPA_Region":"05","HUC":"04040002","Organization":"EPA Great Lakes National Program","Environmental_Media_Name":"Air","Activity_Media_Subdivision_Name":"Air moisture","Project_Name":"IADN-US 2021","PFAS_Chemical_Name":"Perfluorooctanoic acid","CAS_Number":"335-67-1","Result_Measure_Value__ppt_":0.28611764705882,"Result_Measure_Value":286.117647058824,"Result_Unit_of_Measure":"pg/L"}},{"type":"Feature","geometry":{"type":"Point","coordinates":[-87.624722,41.8344440000001]},"properties":{"F_Monitoring_Location_Identifier":"EPA_GLNPO-J","Location_Name":"IIT-Chicago (IADN IIT)","State":" IL","EPA_Region":"05","HUC":"04040002","Organization":"EPA Great Lakes National Program","Environmental_Media_Name":"Air","Activity_Media_Subdivision_Name":"Air moisture","Project_Name":"IADN-US 2021","PFAS_Chemical_Name":"Perfluorooctanoic acid","CAS_Number":"335-67-1","Result_Measure_Value__ppt_":0.21298436270234,"Result_Measure_Value":212.984362702341,"Result_Unit_of_Measure":"pg/L"}},{"type":"Feature","geometry":{"type":"Point","coordinates":[-87.624722,41.8344440000001]},"properties":{"F_Monitoring_Location_Identifier":"EPA_GLNPO-J","Location_Name":"IIT-Chicago (IADN IIT)","State":" IL","EPA_Region":"05","HUC":"04040002","Organization":"EPA Great Lakes National Program","Environmental_Media_Name":"Air","Activity_Media_Subdivision_Name":"Air moisture","Project_Name":"IADN-US 2021","PFAS_Chemical_Name":"Sodium perfluoro-1-hexane[18O2]sulfonate","Result_Measure_Value":95.53,"Result_Unit_of_Measure":"%"}},{"type":"Feature","geometry":{"type":"Point","coordinates":[-87.624722,41.8344440000001]},"properties":{"F_Monitoring_Location_Identifier":"EPA_GLNPO-J","Location_Name":"IIT-Chicago (IADN IIT)","State":" IL","EPA_Region":"05","HUC":"04040002","Organization":"EPA Great Lakes National Program","Environmental_Media_Name":"Air","Activity_Media_Subdivision_Name":"Air moisture","Project_Name":"IADN-US 2021","PFAS_Chemical_Name":"Perfluoro[1,2-13C2]hexanoic acid","Result_Measure_Value":83.19,"Result_Unit_of_Measure":"%"}},{"type":"Feature","geometry":{"type":"Point","coordinates":[-87.624722,41.8344440000001]},"properties":{"F_Monitoring_Location_Identifier":"EPA_GLNPO-J","Location_Name":"IIT-Chicago (IADN IIT)","State":" IL","EPA_Region":"05","HUC":"04040002","Organization":"EPA Great Lakes National Program","Environmental_Media_Name":"Air","Activity_Media_Subdivision_Name":"Air moisture","Project_Name":"IADN-US 2021","PFAS_Chemical_Name":"Perfluorohexanoic acid","CAS_Number":"307-24-4","Result_Measure_Value__ppt_":0.16179649124321,"Result_Measure_Value":161.796491243209,"Result_Unit_of_Measure":"pg/L"}},{"type":"Feature","geometry":{"type":"Point","coordinates":[-87.624722,41.8344440000001]},"properties":{"F_Monitoring_Location_Identifier":"EPA_GLNPO-J","Location_Name":"IIT-Chicago (IADN IIT)","State":" IL","EPA_Region":"05","HUC":"04040002","Organization":"EPA Great Lakes National Program","Environmental_Media_Name":"Air","Activity_Media_Subdivision_Name":"Air moisture","Project_Name":"IADN-US 2021","PFAS_Chemical_Name":"Perfluorooctanoic acid","CAS_Number":"335-67-1","Result_Measure_Value__ppt_":0.43551020400921,"Result_Measure_Value":435.510204009212,"Result_Unit_of_Measure":"pg/L"}},{"type":"Feature","geometry":{"type":"Point","coordinates":[-87.624722,41.8344440000001]},"properties":{"F_Monitoring_Location_Identifier":"EPA_GLNPO-J","Location_Name":"IIT-Chicago (IADN IIT)","State":" IL","EPA_Region":"05","HUC":"04040002","Organization":"EPA Great Lakes National Program","Environmental_Media_Name":"Air","Activity_Media_Subdivision_Name":"Air moisture","Project_Name":"IADN-US 2021","PFAS_Chemical_Name":"Perfluoro[1,2-13C2]undecanoic acid","CAS_Number":"960315-51-9","Result_Measure_Value":80.9,"Result_Unit_of_Measure":"%"}},{"type":"Feature","geometry":{"type":"Point","coordinates":[-87.624722,41.8344440000001]},"properties":{"F_Monitoring_Location_Identifier":"EPA_GLNPO-J","Location_Name":"IIT-Chicago (IADN IIT)","State":" IL","EPA_Region":"05","HUC":"04040002","Organization":"EPA Great Lakes National Program","Environmental_Media_Name":"Air","Activity_Media_Subdivision_Name":"Air moisture","Project_Name":"IADN-US 2021","PFAS_Chemical_Name":"Perfluoro[1,2-13C2]hexanoic acid","Result_Measure_Value":84.41,"Result_Unit_of_Measure":"%"}},{"type":"Feature","geometry":{"type":"Point","coordinates":[-87.624722,41.8344440000001]},"properties":{"F_Monitoring_Location_Identifier":"EPA_GLNPO-J","Location_Name":"IIT-Chicago (IADN IIT)","State":" IL","EPA_Region":"05","HUC":"04040002","Organization":"EPA Great Lakes National Program","Environmental_Media_Name":"Air","Activity_Media_Subdivision_Name":"Air moisture","Project_Name":"IADN-US 2021","PFAS_Chemical_Name":"Sodium perfluoro-1-hexane[18O2]sulfonate","Result_Measure_Value":92.54,"Result_Unit_of_Measure":"%"}},{"type":"Feature","geometry":{"type":"Point","coordinates":[-87.624722,41.8344440000001]},"properties":{"F_Monitoring_Location_Identifier":"EPA_GLNPO-J","Location_Name":"IIT-Chicago (IADN IIT)","State":" IL","EPA_Region":"05","HUC":"04040002","Organization":"EPA Great Lakes National Program","Environmental_Media_Name":"Air","Activity_Media_Subdivision_Name":"Air moisture","Project_Name":"IADN-US 2021","PFAS_Chemical_Name":"Perfluorononanoic acid","CAS_Number":"375-95-1","Result_Measure_Value__ppt_":0.21778619197054,"Result_Measure_Value":217.786191970539,"Result_Unit_of_Measure":"pg/L"}},{"type":"Feature","geometry":{"type":"Point","coordinates":[-87.624722,41.8344440000001]},"properties":{"F_Monitoring_Location_Identifier":"EPA_GLNPO-J","Location_Name":"IIT-Chicago (IADN IIT)","State":" IL","EPA_Region":"05","HUC":"04040002","Organization":"EPA Great Lakes National Program","Environmental_Media_Name":"Air","Activity_Media_Subdivision_Name":"Air moisture","Project_Name":"IADN-US 2021","PFAS_Chemical_Name":"Perfluorotridecanoic acid","CAS_Number":"72629-94-8","Result_Measure_Value__ppt_":0.079185964904501,"Result_Measure_Value":79.185964904501,"Result_Unit_of_Measure":"pg/L"}},{"type":"Feature","geometry":{"type":"Point","coordinates":[-87.624722,41.8344440000001]},"properties":{"F_Monitoring_Location_Identifier":"EPA_GLNPO-J","Location_Name":"IIT-Chicago (IADN IIT)","State":" IL","EPA_Region":"05","HUC":"04040002","Organization":"EPA Great Lakes National Program","Environmental_Media_Name":"Air","Activity_Media_Subdivision_Name":"Air moisture","Project_Name":"IADN-US 2021","PFAS_Chemical_Name":"Perfluoro[1,2-13C2]tetradecanoic acid","Result_Measure_Value":70.43,"Result_Unit_of_Measure":"%"}},{"type":"Feature","geometry":{"type":"Point","coordinates":[-87.624722,41.8344440000001]},"properties":{"F_Monitoring_Location_Identifier":"EPA_GLNPO-J","Location_Name":"IIT-Chicago (IADN IIT)","State":" IL","EPA_Region":"05","HUC":"04040002","Organization":"EPA Great Lakes National Program","Environmental_Media_Name":"Air","Activity_Media_Subdivision_Name":"Air moisture","Project_Name":"IADN-US 2021","PFAS_Chemical_Name":"Perfluoro[1,2-13C2]undecanoic acid","CAS_Number":"960315-51-9","Result_Measure_Value":81.68,"Result_Unit_of_Measure":"%"}},{"type":"Feature","geometry":{"type":"Point","coordinates":[-87.624722,41.8344440000001]},"properties":{"F_Monitoring_Location_Identifier":"EPA_GLNPO-J","Location_Name":"IIT-Chicago (IADN IIT)","State":" IL","EPA_Region":"05","HUC":"04040002","Organization":"EPA Great Lakes National Program","Environmental_Media_Name":"Air","Activity_Media_Subdivision_Name":"Air moisture","Project_Name":"IADN-US 2021","PFAS_Chemical_Name":"Perfluorohexanoic acid","CAS_Number":"307-24-4","Result_Measure_Value__ppt_":0.9068,"Result_Measure_Value":906.8,"Result_Unit_of_Measure":"pg/L"}},{"type":"Feature","geometry":{"type":"Point","coordinates":[-87.624722,41.8344440000001]},"properties":{"F_Monitoring_Location_Identifier":"EPA_GLNPO-J","Location_Name":"IIT-Chicago (IADN IIT)","State":" IL","EPA_Region":"05","HUC":"04040002","Organization":"EPA Great Lakes National Program","Environmental_Media_Name":"Air","Activity_Media_Subdivision_Name":"Air moisture","Project_Name":"IADN-US 2021","PFAS_Chemical_Name":"Perfluoro[1,2-13C2]undecanoic acid","CAS_Number":"960315-51-9","Result_Measure_Value":102.245,"Result_Unit_of_Measure":"%"}},{"type":"Feature","geometry":{"type":"Point","coordinates":[-87.624722,41.8344440000001]},"properties":{"F_Monitoring_Location_Identifier":"EPA_GLNPO-J","Location_Name":"IIT-Chicago (IADN IIT)","State":" IL","EPA_Region":"05","HUC":"04040002","Organization":"EPA Great Lakes National Program","Environmental_Media_Name":"Air","Activity_Media_Subdivision_Name":"Air moisture","Project_Name":"IADN-US 2021","PFAS_Chemical_Name":"Perfluorobutylsulfonamide","CAS_Number":"30334-69-1","Result_Measure_Value__ppt_":0.12143981116992,"Result_Measure_Value":121.439811169917,"Result_Unit_of_Measure":"pg/L"}},{"type":"Feature","geometry":{"type":"Point","coordinates":[-87.624722,41.8344440000001]},"properties":{"F_Monitoring_Location_Identifier":"EPA_GLNPO-J","Location_Name":"IIT-Chicago (IADN IIT)","State":" IL","EPA_Region":"05","HUC":"04040002","Organization":"EPA Great Lakes National Program","Environmental_Media_Name":"Air","Activity_Media_Subdivision_Name":"Air moisture","Project_Name":"IADN-US 2021","PFAS_Chemical_Name":"Perfluoroheptanoic acid","CAS_Number":"375-85-9","Result_Measure_Value__ppt_":0.24716576334942,"Result_Measure_Value":247.165763349418,"Result_Unit_of_Measure":"pg/L"}},{"type":"Feature","geometry":{"type":"Point","coordinates":[-87.624722,41.8344440000001]},"properties":{"F_Monitoring_Location_Identifier":"EPA_GLNPO-J","Location_Name":"IIT-Chicago (IADN IIT)","State":" IL","EPA_Region":"05","HUC":"04040002","Organization":"EPA Great Lakes National Program","Environmental_Media_Name":"Air","Activity_Media_Subdivision_Name":"Air moisture","Project_Name":"IADN-US 2021","PFAS_Chemical_Name":"Perfluorononanoic acid","CAS_Number":"375-95-1","Result_Measure_Value__ppt_":0.17684796422534,"Result_Measure_Value":176.847964225341,"Result_Unit_of_Measure":"pg/L"}},{"type":"Feature","geometry":{"type":"Point","coordinates":[-87.624722,41.8344440000001]},"properties":{"F_Monitoring_Location_Identifier":"EPA_GLNPO-J","Location_Name":"IIT-Chicago (IADN IIT)","State":" IL","EPA_Region":"05","HUC":"04040002","Organization":"EPA Great Lakes National Program","Environmental_Media_Name":"Air","Activity_Media_Subdivision_Name":"Air moisture","Project_Name":"IADN-US 2021","PFAS_Chemical_Name":"Perfluoroheptanoic acid","CAS_Number":"375-85-9","Result_Measure_Value__ppt_":0.062076532185179,"Result_Measure_Value":62.0765321851791,"Result_Unit_of_Measure":"pg/L"}},{"type":"Feature","geometry":{"type":"Point","coordinates":[-87.624722,41.8344440000001]},"properties":{"F_Monitoring_Location_Identifier":"EPA_GLNPO-J","Location_Name":"IIT-Chicago (IADN IIT)","State":" IL","EPA_Region":"05","HUC":"04040002","Organization":"EPA Great Lakes National Program","Environmental_Media_Name":"Air","Activity_Media_Subdivision_Name":"Air moisture","Project_Name":"IADN-US 2021","PFAS_Chemical_Name":"Perfluoro[1,2-13C2]hexanoic acid","Result_Measure_Value":88.725,"Result_Unit_of_Measure":"%"}},{"type":"Feature","geometry":{"type":"Point","coordinates":[-87.624722,41.8344440000001]},"properties":{"F_Monitoring_Location_Identifier":"EPA_GLNPO-J","Location_Name":"IIT-Chicago (IADN IIT)","State":" IL","EPA_Region":"05","HUC":"04040002","Organization":"EPA Great Lakes National Program","Environmental_Media_Name":"Air","Activity_Media_Subdivision_Name":"Air moisture","Project_Name":"IADN-US 2021","PFAS_Chemical_Name":"Perfluorovaleric acid","CAS_Number":"2706-90-3","Result_Measure_Value__ppt_":0.35263157894737,"Result_Measure_Value":352.631578947368,"Result_Unit_of_Measure":"pg/L"}},{"type":"Feature","geometry":{"type":"Point","coordinates":[-87.624722,41.8344440000001]},"properties":{"F_Monitoring_Location_Identifier":"EPA_GLNPO-J","Location_Name":"IIT-Chicago (IADN IIT)","State":" IL","EPA_Region":"05","HUC":"04040002","Organization":"EPA Great Lakes National Program","Environmental_Media_Name":"Air","Activity_Media_Subdivision_Name":"Air moisture","Project_Name":"IADN-US 2021","PFAS_Chemical_Name":"Perfluoroheptanoic acid","CAS_Number":"375-85-9","Result_Measure_Value__ppt_":0.15,"Result_Measure_Value":150,"Result_Unit_of_Measure":"pg/L"}},{"type":"Feature","geometry":{"type":"Point","coordinates":[-87.624722,41.8344440000001]},"properties":{"F_Monitoring_Location_Identifier":"EPA_GLNPO-J","Location_Name":"IIT-Chicago (IADN IIT)","State":" IL","EPA_Region":"05","HUC":"04040002","Organization":"EPA Great Lakes National Program","Environmental_Media_Name":"Air","Activity_Media_Subdivision_Name":"Air moisture","Project_Name":"IADN-US 2021","PFAS_Chemical_Name":"Perfluorooctane sulfonic acid","CAS_Number":"1763-23-1","Result_Measure_Value__ppt_":0.28727593177958,"Result_Measure_Value":287.275931779575,"Result_Unit_of_Measure":"pg/L"}},{"type":"Feature","geometry":{"type":"Point","coordinates":[-87.624722,41.8344440000001]},"properties":{"F_Monitoring_Location_Identifier":"EPA_GLNPO-J","Location_Name":"IIT-Chicago (IADN IIT)","State":" IL","EPA_Region":"05","HUC":"04040002","Organization":"EPA Great Lakes National Program","Environmental_Media_Name":"Air","Activity_Media_Subdivision_Name":"Air moisture","Project_Name":"IADN-US 2021","PFAS_Chemical_Name":"Perfluorononanoic acid","CAS_Number":"375-95-1","Result_Measure_Value__ppt_":0.3476190476427,"Result_Measure_Value":347.619047642695,"Result_Unit_of_Measure":"pg/L"}},{"type":"Feature","geometry":{"type":"Point","coordinates":[-87.624722,41.8344440000001]},"properties":{"F_Monitoring_Location_Identifier":"EPA_GLNPO-J","Location_Name":"IIT-Chicago (IADN IIT)","State":" IL","EPA_Region":"05","HUC":"04040002","Organization":"EPA Great Lakes National Program","Environmental_Media_Name":"Air","Activity_Media_Subdivision_Name":"Air moisture","Project_Name":"IADN-US 2021","PFAS_Chemical_Name":"Perfluoro[1,2-13C2]undecanoic acid","CAS_Number":"960315-51-9","Result_Measure_Value":95.76,"Result_Unit_of_Measure":"%"}},{"type":"Feature","geometry":{"type":"Point","coordinates":[-87.624722,41.8344440000001]},"properties":{"F_Monitoring_Location_Identifier":"EPA_GLNPO-J","Location_Name":"IIT-Chicago (IADN IIT)","State":" IL","EPA_Region":"05","HUC":"04040002","Organization":"EPA Great Lakes National Program","Environmental_Media_Name":"Air","Activity_Media_Subdivision_Name":"Air moisture","Project_Name":"IADN-US 2021","PFAS_Chemical_Name":"Perfluoro[1,2-13C2]tetradecanoic acid","Result_Measure_Value":49.675,"Result_Unit_of_Measure":"%"}},{"type":"Feature","geometry":{"type":"Point","coordinates":[-87.624722,41.8344440000001]},"properties":{"F_Monitoring_Location_Identifier":"EPA_GLNPO-J","Location_Name":"IIT-Chicago (IADN IIT)","State":" IL","EPA_Region":"05","HUC":"04040002","Organization":"EPA Great Lakes National Program","Environmental_Media_Name":"Air","Activity_Media_Subdivision_Name":"Air moisture","Project_Name":"IADN-US 2021","PFAS_Chemical_Name":"Perfluorooctanoic acid","CAS_Number":"335-67-1","Result_Measure_Value__ppt_":0.63321412892669,"Result_Measure_Value":633.214128926688,"Result_Unit_of_Measure":"pg/L"}},{"type":"Feature","geometry":{"type":"Point","coordinates":[-87.624722,41.8344440000001]},"properties":{"F_Monitoring_Location_Identifier":"EPA_GLNPO-J","Location_Name":"IIT-Chicago (IADN IIT)","State":" IL","EPA_Region":"05","HUC":"04040002","Organization":"EPA Great Lakes National Program","Environmental_Media_Name":"Air","Activity_Media_Subdivision_Name":"Air moisture","Project_Name":"IADN-US 2021","PFAS_Chemical_Name":"Perfluoro[1,2-13C2]hexanoic acid","Result_Measure_Value":79.435,"Result_Unit_of_Measure":"%"}},{"type":"Feature","geometry":{"type":"Point","coordinates":[-87.624722,41.8344440000001]},"properties":{"F_Monitoring_Location_Identifier":"EPA_GLNPO-J","Location_Name":"IIT-Chicago (IADN IIT)","State":" IL","EPA_Region":"05","HUC":"04040002","Organization":"EPA Great Lakes National Program","Environmental_Media_Name":"Air","Activity_Media_Subdivision_Name":"Air moisture","Project_Name":"IADN-US 2021","PFAS_Chemical_Name":"Perfluoroheptanoic acid","CAS_Number":"375-85-9","Result_Measure_Value__ppt_":0.44275,"Result_Measure_Value":442.75,"Result_Unit_of_Measure":"pg/L"}},{"type":"Feature","geometry":{"type":"Point","coordinates":[-87.624722,41.8344440000001]},"properties":{"F_Monitoring_Location_Identifier":"EPA_GLNPO-J","Location_Name":"IIT-Chicago (IADN IIT)","State":" IL","EPA_Region":"05","HUC":"04040002","Organization":"EPA Great Lakes National Program","Environmental_Media_Name":"Air","Activity_Media_Subdivision_Name":"Air moisture","Project_Name":"IADN-US 2021","PFAS_Chemical_Name":"Sodium perfluoro-1-hexane[18O2]sulfonate","Result_Measure_Value":86.785,"Result_Unit_of_Measure":"%"}},{"type":"Feature","geometry":{"type":"Point","coordinates":[-87.624722,41.8344440000001]},"properties":{"F_Monitoring_Location_Identifier":"EPA_GLNPO-J","Location_Name":"IIT-Chicago (IADN IIT)","State":" IL","EPA_Region":"05","HUC":"04040002","Organization":"EPA Great Lakes National Program","Environmental_Media_Name":"Air","Activity_Media_Subdivision_Name":"Air moisture","Project_Name":"IADN-US 2021","PFAS_Chemical_Name":"Perfluorohexanoic acid","CAS_Number":"307-24-4","Result_Measure_Value__ppt_":0.28171428571429,"Result_Measure_Value":281.714285714286,"Result_Unit_of_Measure":"pg/L"}},{"type":"Feature","geometry":{"type":"Point","coordinates":[-87.624722,41.8344440000001]},"properties":{"F_Monitoring_Location_Identifier":"EPA_GLNPO-J","Location_Name":"IIT-Chicago (IADN IIT)","State":" IL","EPA_Region":"05","HUC":"04040002","Organization":"EPA Great Lakes National Program","Environmental_Media_Name":"Air","Activity_Media_Subdivision_Name":"Air moisture","Project_Name":"IADN-US 2021","PFAS_Chemical_Name":"Perfluoroheptanoic acid","CAS_Number":"375-85-9","Result_Measure_Value__ppt_":0.62423239429586,"Result_Measure_Value":624.232394295861,"Result_Unit_of_Measure":"pg/L"}},{"type":"Feature","geometry":{"type":"Point","coordinates":[-87.624722,41.8344440000001]},"properties":{"F_Monitoring_Location_Identifier":"EPA_GLNPO-J","Location_Name":"IIT-Chicago (IADN IIT)","State":" IL","EPA_Region":"05","HUC":"04040002","Organization":"EPA Great Lakes National Program","Environmental_Media_Name":"Air","Activity_Media_Subdivision_Name":"Air moisture","Project_Name":"IADN-US 2021","PFAS_Chemical_Name":"Perfluoro[1,2-13C2]hexanoic acid","Result_Measure_Value":78.015,"Result_Unit_of_Measure":"%"}},{"type":"Feature","geometry":{"type":"Point","coordinates":[-87.624722,41.8344440000001]},"properties":{"F_Monitoring_Location_Identifier":"EPA_GLNPO-J","Location_Name":"IIT-Chicago (IADN IIT)","State":" IL","EPA_Region":"05","HUC":"04040002","Organization":"EPA Great Lakes National Program","Environmental_Media_Name":"Air","Activity_Media_Subdivision_Name":"Air moisture","Project_Name":"IADN-US 2021","PFAS_Chemical_Name":"Perfluorooctanoic acid","CAS_Number":"335-67-1","Result_Measure_Value__ppt_":0.24256982690318,"Result_Measure_Value":242.569826903175,"Result_Unit_of_Measure":"pg/L"}},{"type":"Feature","geometry":{"type":"Point","coordinates":[-87.624722,41.8344440000001]},"properties":{"F_Monitoring_Location_Identifier":"EPA_GLNPO-J","Location_Name":"IIT-Chicago (IADN IIT)","State":" IL","EPA_Region":"05","HUC":"04040002","Organization":"EPA Great Lakes National Program","Environmental_Media_Name":"Air","Activity_Media_Subdivision_Name":"Air moisture","Project_Name":"IADN-US 2021","PFAS_Chemical_Name":"Perfluorovaleric acid","CAS_Number":"2706-90-3","Result_Measure_Value__ppt_":0.1812303304449,"Result_Measure_Value":181.230330444901,"Result_Unit_of_Measure":"pg/L"}},{"type":"Feature","geometry":{"type":"Point","coordinates":[-87.624722,41.8344440000001]},"properties":{"F_Monitoring_Location_Identifier":"EPA_GLNPO-J","Location_Name":"IIT-Chicago (IADN IIT)","State":" IL","EPA_Region":"05","HUC":"04040002","Organization":"EPA Great Lakes National Program","Environmental_Media_Name":"Air","Activity_Media_Subdivision_Name":"Air moisture","Project_Name":"IADN-US 2021","PFAS_Chemical_Name":"Perfluorooctanoic acid","CAS_Number":"335-67-1","Result_Measure_Value__ppt_":0.7096,"Result_Measure_Value":709.6,"Result_Unit_of_Measure":"pg/L"}},{"type":"Feature","geometry":{"type":"Point","coordinates":[-87.624722,41.8344440000001]},"properties":{"F_Monitoring_Location_Identifier":"EPA_GLNPO-J","Location_Name":"IIT-Chicago (IADN IIT)","State":" IL","EPA_Region":"05","HUC":"04040002","Organization":"EPA Great Lakes National Program","Environmental_Media_Name":"Air","Activity_Media_Subdivision_Name":"Air moisture","Project_Name":"IADN-US 2021","PFAS_Chemical_Name":"Sodium perfluoro-1-hexane[18O2]sulfonate","Result_Measure_Value":81.2,"Result_Unit_of_Measure":"%"}},{"type":"Feature","geometry":{"type":"Point","coordinates":[-87.624722,41.8344440000001]},"properties":{"F_Monitoring_Location_Identifier":"EPA_GLNPO-J","Location_Name":"IIT-Chicago (IADN IIT)","State":" IL","EPA_Region":"05","HUC":"04040002","Organization":"EPA Great Lakes National Program","Environmental_Media_Name":"Air","Activity_Media_Subdivision_Name":"Air moisture","Project_Name":"IADN-US 2021","PFAS_Chemical_Name":"Perfluorohexanoic acid","CAS_Number":"307-24-4","Result_Measure_Value__ppt_":0.45866365522913,"Result_Measure_Value":458.663655229134,"Result_Unit_of_Measure":"pg/L"}},{"type":"Feature","geometry":{"type":"Point","coordinates":[-87.624722,41.8344440000001]},"properties":{"F_Monitoring_Location_Identifier":"EPA_GLNPO-J","Location_Name":"IIT-Chicago (IADN IIT)","State":" IL","EPA_Region":"05","HUC":"04040002","Organization":"EPA Great Lakes National Program","Environmental_Media_Name":"Air","Activity_Media_Subdivision_Name":"Air moisture","Project_Name":"IADN-US 2021","PFAS_Chemical_Name":"Perfluoro[1,2-13C2]hexanoic acid","Result_Measure_Value":83.045,"Result_Unit_of_Measure":"%"}},{"type":"Feature","geometry":{"type":"Point","coordinates":[-87.624722,41.8344440000001]},"properties":{"F_Monitoring_Location_Identifier":"EPA_GLNPO-J","Location_Name":"IIT-Chicago (IADN IIT)","State":" IL","EPA_Region":"05","HUC":"04040002","Organization":"EPA Great Lakes National Program","Environmental_Media_Name":"Air","Activity_Media_Subdivision_Name":"Air moisture","Project_Name":"IADN-US 2021","PFAS_Chemical_Name":"Perfluoro[1,2-13C2]hexanoic acid","Result_Measure_Value":90.635,"Result_Unit_of_Measure":"%"}},{"type":"Feature","geometry":{"type":"Point","coordinates":[-87.624722,41.8344440000001]},"properties":{"F_Monitoring_Location_Identifier":"EPA_GLNPO-J","Location_Name":"IIT-Chicago (IADN IIT)","State":" IL","EPA_Region":"05","HUC":"04040002","Organization":"EPA Great Lakes National Program","Environmental_Media_Name":"Air","Activity_Media_Subdivision_Name":"Air moisture","Project_Name":"IADN-US 2021","PFAS_Chemical_Name":"Sodium perfluoro-1-hexane[18O2]sulfonate","Result_Measure_Value":92.35,"Result_Unit_of_Measure":"%"}},{"type":"Feature","geometry":{"type":"Point","coordinates":[-87.624722,41.8344440000001]},"properties":{"F_Monitoring_Location_Identifier":"EPA_GLNPO-J","Location_Name":"IIT-Chicago (IADN IIT)","State":" IL","EPA_Region":"05","HUC":"04040002","Organization":"EPA Great Lakes National Program","Environmental_Media_Name":"Air","Activity_Media_Subdivision_Name":"Air moisture","Project_Name":"IADN-US 2021","PFAS_Chemical_Name":"Sodium perfluoro-1-hexane[18O2]sulfonate","Result_Measure_Value":95.275,"Result_Unit_of_Measure":"%"}},{"type":"Feature","geometry":{"type":"Point","coordinates":[-87.624722,41.8344440000001]},"properties":{"F_Monitoring_Location_Identifier":"EPA_GLNPO-J","Location_Name":"IIT-Chicago (IADN IIT)","State":" IL","EPA_Region":"05","HUC":"04040002","Organization":"EPA Great Lakes National Program","Environmental_Media_Name":"Air","Activity_Media_Subdivision_Name":"Air moisture","Project_Name":"IADN-US 2021","PFAS_Chemical_Name":"Perfluorooctanoic acid","CAS_Number":"335-67-1","Result_Measure_Value__ppt_":0.49028571428571,"Result_Measure_Value":490.285714285714,"Result_Unit_of_Measure":"pg/L"}},{"type":"Feature","geometry":{"type":"Point","coordinates":[-87.624722,41.8344440000001]},"properties":{"F_Monitoring_Location_Identifier":"EPA_GLNPO-J","Location_Name":"IIT-Chicago (IADN IIT)","State":" IL","EPA_Region":"05","HUC":"04040002","Organization":"EPA Great Lakes National Program","Environmental_Media_Name":"Air","Activity_Media_Subdivision_Name":"Air moisture","Project_Name":"IADN-US 2021","PFAS_Chemical_Name":"Perfluoro[1,2-13C2]tetradecanoic acid","Result_Measure_Value":49.425,"Result_Unit_of_Measure":"%"}},{"type":"Feature","geometry":{"type":"Point","coordinates":[-87.624722,41.8344440000001]},"properties":{"F_Monitoring_Location_Identifier":"EPA_GLNPO-J","Location_Name":"IIT-Chicago (IADN IIT)","State":" IL","EPA_Region":"05","HUC":"04040002","Organization":"EPA Great Lakes National Program","Environmental_Media_Name":"Air","Activity_Media_Subdivision_Name":"Air moisture","Project_Name":"IADN-US 2021","PFAS_Chemical_Name":"Perfluoro[1,2-13C2]tetradecanoic acid","Result_Measure_Value":38.335,"Result_Unit_of_Measure":"%"}},{"type":"Feature","geometry":{"type":"Point","coordinates":[-87.624722,41.8344440000001]},"properties":{"F_Monitoring_Location_Identifier":"EPA_GLNPO-J","Location_Name":"IIT-Chicago (IADN IIT)","State":" IL","EPA_Region":"05","HUC":"04040002","Organization":"EPA Great Lakes National Program","Environmental_Media_Name":"Air","Activity_Media_Subdivision_Name":"Air moisture","Project_Name":"IADN-US 2021","PFAS_Chemical_Name":"Perfluorobutylsulfonamide","CAS_Number":"30334-69-1","Result_Measure_Value__ppt_":0.10175,"Result_Measure_Value":101.75,"Result_Unit_of_Measure":"pg/L"}},{"type":"Feature","geometry":{"type":"Point","coordinates":[-87.624722,41.8344440000001]},"properties":{"F_Monitoring_Location_Identifier":"EPA_GLNPO-J","Location_Name":"IIT-Chicago (IADN IIT)","State":" IL","EPA_Region":"05","HUC":"04040002","Organization":"EPA Great Lakes National Program","Environmental_Media_Name":"Air","Activity_Media_Subdivision_Name":"Air moisture","Project_Name":"IADN-US 2021","PFAS_Chemical_Name":"Perfluorononanoic acid","CAS_Number":"375-95-1","Result_Measure_Value__ppt_":0.23391429828443,"Result_Measure_Value":233.914298284431,"Result_Unit_of_Measure":"pg/L"}},{"type":"Feature","geometry":{"type":"Point","coordinates":[-87.624722,41.8344440000001]},"properties":{"F_Monitoring_Location_Identifier":"EPA_GLNPO-J","Location_Name":"IIT-Chicago (IADN IIT)","State":" IL","EPA_Region":"05","HUC":"04040002","Organization":"EPA Great Lakes National Program","Environmental_Media_Name":"Air","Activity_Media_Subdivision_Name":"Air moisture","Project_Name":"IADN-US 2021","PFAS_Chemical_Name":"Sodium perfluoro-1-hexane[18O2]sulfonate","Result_Measure_Value":83.28,"Result_Unit_of_Measure":"%"}},{"type":"Feature","geometry":{"type":"Point","coordinates":[-87.624722,41.8344440000001]},"properties":{"F_Monitoring_Location_Identifier":"EPA_GLNPO-J","Location_Name":"IIT-Chicago (IADN IIT)","State":" IL","EPA_Region":"05","HUC":"04040002","Organization":"EPA Great Lakes National Program","Environmental_Media_Name":"Air","Activity_Media_Subdivision_Name":"Air moisture","Project_Name":"IADN-US 2021","PFAS_Chemical_Name":"Perfluorobutylsulfonamide","CAS_Number":"30334-69-1","Result_Measure_Value__ppt_":0.43789436614784,"Result_Measure_Value":437.894366147843,"Result_Unit_of_Measure":"pg/L"}},{"type":"Feature","geometry":{"type":"Point","coordinates":[-87.624722,41.8344440000001]},"properties":{"F_Monitoring_Location_Identifier":"EPA_GLNPO-J","Location_Name":"IIT-Chicago (IADN IIT)","State":" IL","EPA_Region":"05","HUC":"04040002","Organization":"EPA Great Lakes National Program","Environmental_Media_Name":"Air","Activity_Media_Subdivision_Name":"Air moisture","Project_Name":"IADN-US 2021","PFAS_Chemical_Name":"Perfluoro[1,2-13C2]hexanoic acid","Result_Measure_Value":90.205,"Result_Unit_of_Measure":"%"}},{"type":"Feature","geometry":{"type":"Point","coordinates":[-87.624722,41.8344440000001]},"properties":{"F_Monitoring_Location_Identifier":"EPA_GLNPO-J","Location_Name":"IIT-Chicago (IADN IIT)","State":" IL","EPA_Region":"05","HUC":"04040002","Organization":"EPA Great Lakes National Program","Environmental_Media_Name":"Air","Activity_Media_Subdivision_Name":"Air moisture","Project_Name":"IADN-US 2021","PFAS_Chemical_Name":"Perfluorobutanesulfonic acid","CAS_Number":"375-73-5","Result_Measure_Value__ppt_":0.12,"Result_Measure_Value":120,"Result_Unit_of_Measure":"pg/L"}},{"type":"Feature","geometry":{"type":"Point","coordinates":[-87.624722,41.8344440000001]},"properties":{"F_Monitoring_Location_Identifier":"EPA_GLNPO-J","Location_Name":"IIT-Chicago (IADN IIT)","State":" IL","EPA_Region":"05","HUC":"04040002","Organization":"EPA Great Lakes National Program","Environmental_Media_Name":"Air","Activity_Media_Subdivision_Name":"Air moisture","Project_Name":"IADN-US 2021","PFAS_Chemical_Name":"Heptafluorobutyric acid***retired***use Perfluorobutanoic acid","Result_Measure_Value__ppt_":1.7909274193196,"Result_Measure_Value":1790.92741931961,"Result_Unit_of_Measure":"pg/L"}},{"type":"Feature","geometry":{"type":"Point","coordinates":[-87.624722,41.8344440000001]},"properties":{"F_Monitoring_Location_Identifier":"EPA_GLNPO-J","Location_Name":"IIT-Chicago (IADN IIT)","State":" IL","EPA_Region":"05","HUC":"04040002","Organization":"EPA Great Lakes National Program","Environmental_Media_Name":"Air","Activity_Media_Subdivision_Name":"Air moisture","Project_Name":"IADN-US 2021","PFAS_Chemical_Name":"Perfluorooctanoic acid","CAS_Number":"335-67-1","Result_Measure_Value__ppt_":0.71817976520397,"Result_Measure_Value":718.17976520397,"Result_Unit_of_Measure":"pg/L"}},{"type":"Feature","geometry":{"type":"Point","coordinates":[-87.624722,41.8344440000001]},"properties":{"F_Monitoring_Location_Identifier":"EPA_GLNPO-J","Location_Name":"IIT-Chicago (IADN IIT)","State":" IL","EPA_Region":"05","HUC":"04040002","Organization":"EPA Great Lakes National Program","Environmental_Media_Name":"Air","Activity_Media_Subdivision_Name":"Air moisture","Project_Name":"IADN-US 2021","PFAS_Chemical_Name":"Perfluorohexanesulfonic acid","CAS_Number":"355-46-4","Result_Measure_Value__ppt_":0.21928421050477,"Result_Measure_Value":219.284210504772,"Result_Unit_of_Measure":"pg/L"}},{"type":"Feature","geometry":{"type":"Point","coordinates":[-87.624722,41.8344440000001]},"properties":{"F_Monitoring_Location_Identifier":"EPA_GLNPO-J","Location_Name":"IIT-Chicago (IADN IIT)","State":" IL","EPA_Region":"05","HUC":"04040002","Organization":"EPA Great Lakes National Program","Environmental_Media_Name":"Air","Activity_Media_Subdivision_Name":"Air moisture","Project_Name":"IADN-US 2021","PFAS_Chemical_Name":"Heptafluorobutyric acid***retired***use Perfluorobutanoic acid","Result_Measure_Value__ppt_":5.4172605627699,"Result_Measure_Value":5417.26056276989,"Result_Unit_of_Measure":"pg/L"}},{"type":"Feature","geometry":{"type":"Point","coordinates":[-87.624722,41.8344440000001]},"properties":{"F_Monitoring_Location_Identifier":"EPA_GLNPO-J","Location_Name":"IIT-Chicago (IADN IIT)","State":" IL","EPA_Region":"05","HUC":"04040002","Organization":"EPA Great Lakes National Program","Environmental_Media_Name":"Air","Activity_Media_Subdivision_Name":"Air moisture","Project_Name":"IADN-US 2021","PFAS_Chemical_Name":"Perfluorohexanoic acid","CAS_Number":"307-24-4","Result_Measure_Value__ppt_":0.78779577455912,"Result_Measure_Value":787.795774559122,"Result_Unit_of_Measure":"pg/L"}},{"type":"Feature","geometry":{"type":"Point","coordinates":[-86.058611,44.761111]},"properties":{"F_Monitoring_Location_Identifier":"EPA_GLNPO-SBD","Location_Name":"Sleeping Bear Dunes (IADN SBD)","State":" MI","EPA_Region":"05","HUC":"04060104","Organization":"EPA Great Lakes National Program","Environmental_Media_Name":"Air","Activity_Media_Subdivision_Name":"Air moisture","Project_Name":"IADN-US 2021","PFAS_Chemical_Name":"Heptafluorobutyric acid***retired***use Perfluorobutanoic acid","Result_Measure_Value__ppt_":4.2718128983588,"Result_Measure_Value":4271.81289835881,"Result_Unit_of_Measure":"pg/L"}},{"type":"Feature","geometry":{"type":"Point","coordinates":[-86.058611,44.761111]},"properties":{"F_Monitoring_Location_Identifier":"EPA_GLNPO-SBD","Location_Name":"Sleeping Bear Dunes (IADN SBD)","State":" MI","EPA_Region":"05","HUC":"04060104","Organization":"EPA Great Lakes National Program","Environmental_Media_Name":"Air","Activity_Media_Subdivision_Name":"Air moisture","Project_Name":"IADN-US 2021","PFAS_Chemical_Name":"Sodium perfluoro-1-hexane[18O2]sulfonate","Result_Measure_Value":88.71,"Result_Unit_of_Measure":"%"}},{"type":"Feature","geometry":{"type":"Point","coordinates":[-86.058611,44.761111]},"properties":{"F_Monitoring_Location_Identifier":"EPA_GLNPO-SBD","Location_Name":"Sleeping Bear Dunes (IADN SBD)","State":" MI","EPA_Region":"05","HUC":"04060104","Organization":"EPA Great Lakes National Program","Environmental_Media_Name":"Air","Activity_Media_Subdivision_Name":"Air moisture","Project_Name":"IADN-US 2021","PFAS_Chemical_Name":"Perfluoro[1,2-13C2]undecanoic acid","CAS_Number":"960315-51-9","Result_Measure_Value":88.775,"Result_Unit_of_Measure":"%"}},{"type":"Feature","geometry":{"type":"Point","coordinates":[-86.058611,44.761111]},"properties":{"F_Monitoring_Location_Identifier":"EPA_GLNPO-SBD","Location_Name":"Sleeping Bear Dunes (IADN SBD)","State":" MI","EPA_Region":"05","HUC":"04060104","Organization":"EPA Great Lakes National Program","Environmental_Media_Name":"Air","Activity_Media_Subdivision_Name":"Air moisture","Project_Name":"IADN-US 2021","PFAS_Chemical_Name":"Perfluorooctanoic acid","CAS_Number":"335-67-1","Result_Measure_Value__ppt_":0.46954285711603,"Result_Measure_Value":469.542857116026,"Result_Unit_of_Measure":"pg/L"}},{"type":"Feature","geometry":{"type":"Point","coordinates":[-86.058611,44.761111]},"properties":{"F_Monitoring_Location_Identifier":"EPA_GLNPO-SBD","Location_Name":"Sleeping Bear Dunes (IADN SBD)","State":" MI","EPA_Region":"05","HUC":"04060104","Organization":"EPA Great Lakes National Program","Environmental_Media_Name":"Air","Activity_Media_Subdivision_Name":"Air moisture","Project_Name":"IADN-US 2021","PFAS_Chemical_Name":"Perfluoro[1,2-13C2]tetradecanoic acid","Result_Measure_Value":59.87,"Result_Unit_of_Measure":"%"}},{"type":"Feature","geometry":{"type":"Point","coordinates":[-86.058611,44.761111]},"properties":{"F_Monitoring_Location_Identifier":"EPA_GLNPO-SBD","Location_Name":"Sleeping Bear Dunes (IADN SBD)","State":" MI","EPA_Region":"05","HUC":"04060104","Organization":"EPA Great Lakes National Program","Environmental_Media_Name":"Air","Activity_Media_Subdivision_Name":"Air moisture","Project_Name":"IADN-US 2021","PFAS_Chemical_Name":"Perfluorovaleric acid","CAS_Number":"2706-90-3","Result_Measure_Value__ppt_":0.25620512820513,"Result_Measure_Value":256.205128205128,"Result_Unit_of_Measure":"pg/L"}},{"type":"Feature","geometry":{"type":"Point","coordinates":[-86.058611,44.761111]},"properties":{"F_Monitoring_Location_Identifier":"EPA_GLNPO-SBD","Location_Name":"Sleeping Bear Dunes (IADN SBD)","State":" MI","EPA_Region":"05","HUC":"04060104","Organization":"EPA Great Lakes National Program","Environmental_Media_Name":"Air","Activity_Media_Subdivision_Name":"Air moisture","Project_Name":"IADN-US 2021","PFAS_Chemical_Name":"Sodium perfluoro-1-hexane[18O2]sulfonate","Result_Measure_Value":80.425,"Result_Unit_of_Measure":"%"}},{"type":"Feature","geometry":{"type":"Point","coordinates":[-86.058611,44.761111]},"properties":{"F_Monitoring_Location_Identifier":"EPA_GLNPO-SBD","Location_Name":"Sleeping Bear Dunes (IADN SBD)","State":" MI","EPA_Region":"05","HUC":"04060104","Organization":"EPA Great Lakes National Program","Environmental_Media_Name":"Air","Activity_Media_Subdivision_Name":"Air moisture","Project_Name":"IADN-US 2021","PFAS_Chemical_Name":"Perfluorobutylsulfonamide","CAS_Number":"30334-69-1","Result_Measure_Value__ppt_":0.084339726034791,"Result_Measure_Value":84.3397260347914,"Result_Unit_of_Measure":"pg/L"}},{"type":"Feature","geometry":{"type":"Point","coordinates":[-86.058611,44.761111]},"properties":{"F_Monitoring_Location_Identifier":"EPA_GLNPO-SBD","Location_Name":"Sleeping Bear Dunes (IADN SBD)","State":" MI","EPA_Region":"05","HUC":"04060104","Organization":"EPA Great Lakes National Program","Environmental_Media_Name":"Air","Activity_Media_Subdivision_Name":"Air moisture","Project_Name":"IADN-US 2021","PFAS_Chemical_Name":"Perfluoro[1,2-13C2]undecanoic acid","CAS_Number":"960315-51-9","Result_Measure_Value":71.48,"Result_Unit_of_Measure":"%"}},{"type":"Feature","geometry":{"type":"Point","coordinates":[-86.058611,44.761111]},"properties":{"F_Monitoring_Location_Identifier":"EPA_GLNPO-SBD","Location_Name":"Sleeping Bear Dunes (IADN SBD)","State":" MI","EPA_Region":"05","HUC":"04060104","Organization":"EPA Great Lakes National Program","Environmental_Media_Name":"Air","Activity_Media_Subdivision_Name":"Air moisture","Project_Name":"IADN-US 2021","PFAS_Chemical_Name":"Perfluorooctanoic acid","CAS_Number":"335-67-1","Result_Measure_Value__ppt_":1.791933798053,"Result_Measure_Value":1791.93379805301,"Result_Unit_of_Measure":"pg/L"}},{"type":"Feature","geometry":{"type":"Point","coordinates":[-86.058611,44.761111]},"properties":{"F_Monitoring_Location_Identifier":"EPA_GLNPO-SBD","Location_Name":"Sleeping Bear Dunes (IADN SBD)","State":" MI","EPA_Region":"05","HUC":"04060104","Organization":"EPA Great Lakes National Program","Environmental_Media_Name":"Air","Activity_Media_Subdivision_Name":"Air moisture","Project_Name":"IADN-US 2021","PFAS_Chemical_Name":"Perfluorononanoic acid","CAS_Number":"375-95-1","Result_Measure_Value__ppt_":0.17121494102089,"Result_Measure_Value":171.214941020889,"Result_Unit_of_Measure":"pg/L"}},{"type":"Feature","geometry":{"type":"Point","coordinates":[-86.058611,44.761111]},"properties":{"F_Monitoring_Location_Identifier":"EPA_GLNPO-SBD","Location_Name":"Sleeping Bear Dunes (IADN SBD)","State":" MI","EPA_Region":"05","HUC":"04060104","Organization":"EPA Great Lakes National Program","Environmental_Media_Name":"Air","Activity_Media_Subdivision_Name":"Air moisture","Project_Name":"IADN-US 2021","PFAS_Chemical_Name":"Sodium perfluoro-1-hexane[18O2]sulfonate","Result_Measure_Value":100.635,"Result_Unit_of_Measure":"%"}},{"type":"Feature","geometry":{"type":"Point","coordinates":[-86.058611,44.761111]},"properties":{"F_Monitoring_Location_Identifier":"EPA_GLNPO-SBD","Location_Name":"Sleeping Bear Dunes (IADN SBD)","State":" MI","EPA_Region":"05","HUC":"04060104","Organization":"EPA Great Lakes National Program","Environmental_Media_Name":"Air","Activity_Media_Subdivision_Name":"Air moisture","Project_Name":"IADN-US 2021","PFAS_Chemical_Name":"Perfluorooctanoic acid","CAS_Number":"335-67-1","Result_Measure_Value__ppt_":0.26482051282051,"Result_Measure_Value":264.820512820513,"Result_Unit_of_Measure":"pg/L"}},{"type":"Feature","geometry":{"type":"Point","coordinates":[-86.058611,44.761111]},"properties":{"F_Monitoring_Location_Identifier":"EPA_GLNPO-SBD","Location_Name":"Sleeping Bear Dunes (IADN SBD)","State":" MI","EPA_Region":"05","HUC":"04060104","Organization":"EPA Great Lakes National Program","Environmental_Media_Name":"Air","Activity_Media_Subdivision_Name":"Air moisture","Project_Name":"IADN-US 2021","PFAS_Chemical_Name":"Heptafluorobutyric acid***retired***use Perfluorobutanoic acid","Result_Measure_Value__ppt_":6.2798476186888,"Result_Measure_Value":6279.84761868877,"Result_Unit_of_Measure":"pg/L"}},{"type":"Feature","geometry":{"type":"Point","coordinates":[-86.058611,44.761111]},"properties":{"F_Monitoring_Location_Identifier":"EPA_GLNPO-SBD","Location_Name":"Sleeping Bear Dunes (IADN SBD)","State":" MI","EPA_Region":"05","HUC":"04060104","Organization":"EPA Great Lakes National Program","Environmental_Media_Name":"Air","Activity_Media_Subdivision_Name":"Air moisture","Project_Name":"IADN-US 2021","PFAS_Chemical_Name":"Perfluoroundecanoate","CAS_Number":"196859-54-8","Result_Measure_Value__ppt_":0.23186274513701,"Result_Measure_Value":231.862745137008,"Result_Unit_of_Measure":"pg/L"}},{"type":"Feature","geometry":{"type":"Point","coordinates":[-86.058611,44.761111]},"properties":{"F_Monitoring_Location_Identifier":"EPA_GLNPO-SBD","Location_Name":"Sleeping Bear Dunes (IADN SBD)","State":" MI","EPA_Region":"05","HUC":"04060104","Organization":"EPA Great Lakes National Program","Environmental_Media_Name":"Air","Activity_Media_Subdivision_Name":"Air moisture","Project_Name":"IADN-US 2021","PFAS_Chemical_Name":"Perfluorononanoic acid","CAS_Number":"375-95-1","Result_Measure_Value__ppt_":0.56851540625801,"Result_Measure_Value":568.515406258014,"Result_Unit_of_Measure":"pg/L"}},{"type":"Feature","geometry":{"type":"Point","coordinates":[-86.058611,44.761111]},"properties":{"F_Monitoring_Location_Identifier":"EPA_GLNPO-SBD","Location_Name":"Sleeping Bear Dunes (IADN SBD)","State":" MI","EPA_Region":"05","HUC":"04060104","Organization":"EPA Great Lakes National Program","Environmental_Media_Name":"Air","Activity_Media_Subdivision_Name":"Air moisture","Project_Name":"IADN-US 2021","PFAS_Chemical_Name":"Perfluoro[1,2-13C2]tetradecanoic acid","Result_Measure_Value":63.64,"Result_Unit_of_Measure":"%"}},{"type":"Feature","geometry":{"type":"Point","coordinates":[-86.058611,44.761111]},"properties":{"F_Monitoring_Location_Identifier":"EPA_GLNPO-SBD","Location_Name":"Sleeping Bear Dunes (IADN SBD)","State":" MI","EPA_Region":"05","HUC":"04060104","Organization":"EPA Great Lakes National Program","Environmental_Media_Name":"Air","Activity_Media_Subdivision_Name":"Air moisture","Project_Name":"IADN-US 2021","PFAS_Chemical_Name":"Perfluoro[1,2-13C2]hexanoic acid","Result_Measure_Value":68.085,"Result_Unit_of_Measure":"%"}},{"type":"Feature","geometry":{"type":"Point","coordinates":[-86.058611,44.761111]},"properties":{"F_Monitoring_Location_Identifier":"EPA_GLNPO-SBD","Location_Name":"Sleeping Bear Dunes (IADN SBD)","State":" MI","EPA_Region":"05","HUC":"04060104","Organization":"EPA Great Lakes National Program","Environmental_Media_Name":"Air","Activity_Media_Subdivision_Name":"Air moisture","Project_Name":"IADN-US 2021","PFAS_Chemical_Name":"Heptafluorobutyric acid***retired***use Perfluorobutanoic acid","Result_Measure_Value__ppt_":15.684317074428,"Result_Measure_Value":15684.3170744277,"Result_Unit_of_Measure":"pg/L"}},{"type":"Feature","geometry":{"type":"Point","coordinates":[-86.058611,44.761111]},"properties":{"F_Monitoring_Location_Identifier":"EPA_GLNPO-SBD","Location_Name":"Sleeping Bear Dunes (IADN SBD)","State":" MI","EPA_Region":"05","HUC":"04060104","Organization":"EPA Great Lakes National Program","Environmental_Media_Name":"Air","Activity_Media_Subdivision_Name":"Air moisture","Project_Name":"IADN-US 2021","PFAS_Chemical_Name":"Perfluoro[1,2-13C2]tetradecanoic acid","Result_Measure_Value":78.16,"Result_Unit_of_Measure":"%"}},{"type":"Feature","geometry":{"type":"Point","coordinates":[-86.058611,44.761111]},"properties":{"F_Monitoring_Location_Identifier":"EPA_GLNPO-SBD","Location_Name":"Sleeping Bear Dunes (IADN SBD)","State":" MI","EPA_Region":"05","HUC":"04060104","Organization":"EPA Great Lakes National Program","Environmental_Media_Name":"Air","Activity_Media_Subdivision_Name":"Air moisture","Project_Name":"IADN-US 2021","PFAS_Chemical_Name":"Heptafluorobutyric acid***retired***use Perfluorobutanoic acid","Result_Measure_Value__ppt_":1.8220833333333,"Result_Measure_Value":1822.08333333333,"Result_Unit_of_Measure":"pg/L"}},{"type":"Feature","geometry":{"type":"Point","coordinates":[-86.058611,44.761111]},"properties":{"F_Monitoring_Location_Identifier":"EPA_GLNPO-SBD","Location_Name":"Sleeping Bear Dunes (IADN SBD)","State":" MI","EPA_Region":"05","HUC":"04060104","Organization":"EPA Great Lakes National Program","Environmental_Media_Name":"Air","Activity_Media_Subdivision_Name":"Air moisture","Project_Name":"IADN-US 2021","PFAS_Chemical_Name":"Perfluorooctanoic acid","CAS_Number":"335-67-1","Result_Measure_Value__ppt_":0.16108387942202,"Result_Measure_Value":161.08387942202,"Result_Unit_of_Measure":"pg/L"}},{"type":"Feature","geometry":{"type":"Point","coordinates":[-86.058611,44.761111]},"properties":{"F_Monitoring_Location_Identifier":"EPA_GLNPO-SBD","Location_Name":"Sleeping Bear Dunes (IADN SBD)","State":" MI","EPA_Region":"05","HUC":"04060104","Organization":"EPA Great Lakes National Program","Environmental_Media_Name":"Air","Activity_Media_Subdivision_Name":"Air moisture","Project_Name":"IADN-US 2021","PFAS_Chemical_Name":"Heptafluorobutyric acid***retired***use Perfluorobutanoic acid","Result_Measure_Value__ppt_":1.3012107143717,"Result_Measure_Value":1301.21071437169,"Result_Unit_of_Measure":"pg/L"}},{"type":"Feature","geometry":{"type":"Point","coordinates":[-86.058611,44.761111]},"properties":{"F_Monitoring_Location_Identifier":"EPA_GLNPO-SBD","Location_Name":"Sleeping Bear Dunes (IADN SBD)","State":" MI","EPA_Region":"05","HUC":"04060104","Organization":"EPA Great Lakes National Program","Environmental_Media_Name":"Air","Activity_Media_Subdivision_Name":"Air moisture","Project_Name":"IADN-US 2021","PFAS_Chemical_Name":"Perfluorononanoic acid","CAS_Number":"375-95-1","Result_Measure_Value__ppt_":0.24567741935484,"Result_Measure_Value":245.677419354839,"Result_Unit_of_Measure":"pg/L"}},{"type":"Feature","geometry":{"type":"Point","coordinates":[-86.058611,44.761111]},"properties":{"F_Monitoring_Location_Identifier":"EPA_GLNPO-SBD","Location_Name":"Sleeping Bear Dunes (IADN SBD)","State":" MI","EPA_Region":"05","HUC":"04060104","Organization":"EPA Great Lakes National Program","Environmental_Media_Name":"Air","Activity_Media_Subdivision_Name":"Air moisture","Project_Name":"IADN-US 2021","PFAS_Chemical_Name":"Perfluoro[1,2-13C2]tetradecanoic acid","Result_Measure_Value":76.02,"Result_Unit_of_Measure":"%"}},{"type":"Feature","geometry":{"type":"Point","coordinates":[-86.058611,44.761111]},"properties":{"F_Monitoring_Location_Identifier":"EPA_GLNPO-SBD","Location_Name":"Sleeping Bear Dunes (IADN SBD)","State":" MI","EPA_Region":"05","HUC":"04060104","Organization":"EPA Great Lakes National Program","Environmental_Media_Name":"Air","Activity_Media_Subdivision_Name":"Air moisture","Project_Name":"IADN-US 2021","PFAS_Chemical_Name":"Sodium perfluoro-1-hexane[18O2]sulfonate","Result_Measure_Value":107.505,"Result_Unit_of_Measure":"%"}},{"type":"Feature","geometry":{"type":"Point","coordinates":[-86.058611,44.761111]},"properties":{"F_Monitoring_Location_Identifier":"EPA_GLNPO-SBD","Location_Name":"Sleeping Bear Dunes (IADN SBD)","State":" MI","EPA_Region":"05","HUC":"04060104","Organization":"EPA Great Lakes National Program","Environmental_Media_Name":"Air","Activity_Media_Subdivision_Name":"Air moisture","Project_Name":"IADN-US 2021","PFAS_Chemical_Name":"Perfluorononanoic acid","CAS_Number":"375-95-1","Result_Measure_Value__ppt_":0.52411914897186,"Result_Measure_Value":524.119148971855,"Result_Unit_of_Measure":"pg/L"}},{"type":"Feature","geometry":{"type":"Point","coordinates":[-86.058611,44.761111]},"properties":{"F_Monitoring_Location_Identifier":"EPA_GLNPO-SBD","Location_Name":"Sleeping Bear Dunes (IADN SBD)","State":" MI","EPA_Region":"05","HUC":"04060104","Organization":"EPA Great Lakes National Program","Environmental_Media_Name":"Air","Activity_Media_Subdivision_Name":"Air moisture","Project_Name":"IADN-US 2021","PFAS_Chemical_Name":"Perfluoro[1,2-13C2]tetradecanoic acid","Result_Measure_Value":50.31,"Result_Unit_of_Measure":"%"}},{"type":"Feature","geometry":{"type":"Point","coordinates":[-86.058611,44.761111]},"properties":{"F_Monitoring_Location_Identifier":"EPA_GLNPO-SBD","Location_Name":"Sleeping Bear Dunes (IADN SBD)","State":" MI","EPA_Region":"05","HUC":"04060104","Organization":"EPA Great Lakes National Program","Environmental_Media_Name":"Air","Activity_Media_Subdivision_Name":"Air moisture","Project_Name":"IADN-US 2021","PFAS_Chemical_Name":"Perfluoroundecanoate","CAS_Number":"196859-54-8","Result_Measure_Value__ppt_":0.11306692343059,"Result_Measure_Value":113.066923430586,"Result_Unit_of_Measure":"pg/L"}},{"type":"Feature","geometry":{"type":"Point","coordinates":[-86.058611,44.761111]},"properties":{"F_Monitoring_Location_Identifier":"EPA_GLNPO-SBD","Location_Name":"Sleeping Bear Dunes (IADN SBD)","State":" MI","EPA_Region":"05","HUC":"04060104","Organization":"EPA Great Lakes National Program","Environmental_Media_Name":"Air","Activity_Media_Subdivision_Name":"Air moisture","Project_Name":"IADN-US 2021","PFAS_Chemical_Name":"Perfluoro[1,2-13C2]tetradecanoic acid","Result_Measure_Value":48.51,"Result_Unit_of_Measure":"%"}},{"type":"Feature","geometry":{"type":"Point","coordinates":[-86.058611,44.761111]},"properties":{"F_Monitoring_Location_Identifier":"EPA_GLNPO-SBD","Location_Name":"Sleeping Bear Dunes (IADN SBD)","State":" MI","EPA_Region":"05","HUC":"04060104","Organization":"EPA Great Lakes National Program","Environmental_Media_Name":"Air","Activity_Media_Subdivision_Name":"Air moisture","Project_Name":"IADN-US 2021","PFAS_Chemical_Name":"Perfluoro[1,2-13C2]hexanoic acid","Result_Measure_Value":87.67,"Result_Unit_of_Measure":"%"}},{"type":"Feature","geometry":{"type":"Point","coordinates":[-86.058611,44.761111]},"properties":{"F_Monitoring_Location_Identifier":"EPA_GLNPO-SBD","Location_Name":"Sleeping Bear Dunes (IADN SBD)","State":" MI","EPA_Region":"05","HUC":"04060104","Organization":"EPA Great Lakes National Program","Environmental_Media_Name":"Air","Activity_Media_Subdivision_Name":"Air moisture","Project_Name":"IADN-US 2021","PFAS_Chemical_Name":"Perfluorovaleric acid","CAS_Number":"2706-90-3","Result_Measure_Value__ppt_":1.8851096774194,"Result_Measure_Value":1885.10967741935,"Result_Unit_of_Measure":"pg/L"}},{"type":"Feature","geometry":{"type":"Point","coordinates":[-86.058611,44.761111]},"properties":{"F_Monitoring_Location_Identifier":"EPA_GLNPO-SBD","Location_Name":"Sleeping Bear Dunes (IADN SBD)","State":" MI","EPA_Region":"05","HUC":"04060104","Organization":"EPA Great Lakes National Program","Environmental_Media_Name":"Air","Activity_Media_Subdivision_Name":"Air moisture","Project_Name":"IADN-US 2021","PFAS_Chemical_Name":"Perfluoro[1,2-13C2]undecanoic acid","CAS_Number":"960315-51-9","Result_Measure_Value":80.87,"Result_Unit_of_Measure":"%"}},{"type":"Feature","geometry":{"type":"Point","coordinates":[-86.058611,44.761111]},"properties":{"F_Monitoring_Location_Identifier":"EPA_GLNPO-SBD","Location_Name":"Sleeping Bear Dunes (IADN SBD)","State":" MI","EPA_Region":"05","HUC":"04060104","Organization":"EPA Great Lakes National Program","Environmental_Media_Name":"Air","Activity_Media_Subdivision_Name":"Air moisture","Project_Name":"IADN-US 2021","PFAS_Chemical_Name":"Perfluorovaleric acid","CAS_Number":"2706-90-3","Result_Measure_Value__ppt_":0.39470329465936,"Result_Measure_Value":394.703294659358,"Result_Unit_of_Measure":"pg/L"}},{"type":"Feature","geometry":{"type":"Point","coordinates":[-86.058611,44.761111]},"properties":{"F_Monitoring_Location_Identifier":"EPA_GLNPO-SBD","Location_Name":"Sleeping Bear Dunes (IADN SBD)","State":" MI","EPA_Region":"05","HUC":"04060104","Organization":"EPA Great Lakes National Program","Environmental_Media_Name":"Air","Activity_Media_Subdivision_Name":"Air moisture","Project_Name":"IADN-US 2021","PFAS_Chemical_Name":"Perfluoroheptanoic acid","CAS_Number":"375-85-9","Result_Measure_Value__ppt_":1.5313021277638,"Result_Measure_Value":1531.30212776383,"Result_Unit_of_Measure":"pg/L"}},{"type":"Feature","geometry":{"type":"Point","coordinates":[-86.058611,44.761111]},"properties":{"F_Monitoring_Location_Identifier":"EPA_GLNPO-SBD","Location_Name":"Sleeping Bear Dunes (IADN SBD)","State":" MI","EPA_Region":"05","HUC":"04060104","Organization":"EPA Great Lakes National Program","Environmental_Media_Name":"Air","Activity_Media_Subdivision_Name":"Air moisture","Project_Name":"IADN-US 2021","PFAS_Chemical_Name":"Perfluoro[1,2-13C2]hexanoic acid","Result_Measure_Value":90.33,"Result_Unit_of_Measure":"%"}},{"type":"Feature","geometry":{"type":"Point","coordinates":[-86.058611,44.761111]},"properties":{"F_Monitoring_Location_Identifier":"EPA_GLNPO-SBD","Location_Name":"Sleeping Bear Dunes (IADN SBD)","State":" MI","EPA_Region":"05","HUC":"04060104","Organization":"EPA Great Lakes National Program","Environmental_Media_Name":"Air","Activity_Media_Subdivision_Name":"Air moisture","Project_Name":"IADN-US 2021","PFAS_Chemical_Name":"Perfluorobutylsulfonamide","CAS_Number":"30334-69-1","Result_Measure_Value__ppt_":0.36767534093488,"Result_Measure_Value":367.675340934877,"Result_Unit_of_Measure":"pg/L"}},{"type":"Feature","geometry":{"type":"Point","coordinates":[-86.058611,44.761111]},"properties":{"F_Monitoring_Location_Identifier":"EPA_GLNPO-SBD","Location_Name":"Sleeping Bear Dunes (IADN SBD)","State":" MI","EPA_Region":"05","HUC":"04060104","Organization":"EPA Great Lakes National Program","Environmental_Media_Name":"Air","Activity_Media_Subdivision_Name":"Air moisture","Project_Name":"IADN-US 2021","PFAS_Chemical_Name":"Perfluorooctanoic acid","CAS_Number":"335-67-1","Result_Measure_Value__ppt_":0.16523287672682,"Result_Measure_Value":165.232876726815,"Result_Unit_of_Measure":"pg/L"}},{"type":"Feature","geometry":{"type":"Point","coordinates":[-86.058611,44.761111]},"properties":{"F_Monitoring_Location_Identifier":"EPA_GLNPO-SBD","Location_Name":"Sleeping Bear Dunes (IADN SBD)","State":" MI","EPA_Region":"05","HUC":"04060104","Organization":"EPA Great Lakes National Program","Environmental_Media_Name":"Air","Activity_Media_Subdivision_Name":"Air moisture","Project_Name":"IADN-US 2021","PFAS_Chemical_Name":"Perfluoro[1,2-13C2]tetradecanoic acid","Result_Measure_Value":73.735,"Result_Unit_of_Measure":"%"}},{"type":"Feature","geometry":{"type":"Point","coordinates":[-86.058611,44.761111]},"properties":{"F_Monitoring_Location_Identifier":"EPA_GLNPO-SBD","Location_Name":"Sleeping Bear Dunes (IADN SBD)","State":" MI","EPA_Region":"05","HUC":"04060104","Organization":"EPA Great Lakes National Program","Environmental_Media_Name":"Air","Activity_Media_Subdivision_Name":"Air moisture","Project_Name":"IADN-US 2021","PFAS_Chemical_Name":"Perfluoro[1,2-13C2]tetradecanoic acid","Result_Measure_Value":48.62,"Result_Unit_of_Measure":"%"}},{"type":"Feature","geometry":{"type":"Point","coordinates":[-86.058611,44.761111]},"properties":{"F_Monitoring_Location_Identifier":"EPA_GLNPO-SBD","Location_Name":"Sleeping Bear Dunes (IADN SBD)","State":" MI","EPA_Region":"05","HUC":"04060104","Organization":"EPA Great Lakes National Program","Environmental_Media_Name":"Air","Activity_Media_Subdivision_Name":"Air moisture","Project_Name":"IADN-US 2021","PFAS_Chemical_Name":"Sodium perfluoro-1-hexane[18O2]sulfonate","Result_Measure_Value":103.205,"Result_Unit_of_Measure":"%"}},{"type":"Feature","geometry":{"type":"Point","coordinates":[-86.058611,44.761111]},"properties":{"F_Monitoring_Location_Identifier":"EPA_GLNPO-SBD","Location_Name":"Sleeping Bear Dunes (IADN SBD)","State":" MI","EPA_Region":"05","HUC":"04060104","Organization":"EPA Great Lakes National Program","Environmental_Media_Name":"Air","Activity_Media_Subdivision_Name":"Air moisture","Project_Name":"IADN-US 2021","PFAS_Chemical_Name":"Heptafluorobutyric acid***retired***use Perfluorobutanoic acid","Result_Measure_Value__ppt_":2.5673056359485,"Result_Measure_Value":2567.30563594848,"Result_Unit_of_Measure":"pg/L"}},{"type":"Feature","geometry":{"type":"Point","coordinates":[-86.058611,44.761111]},"properties":{"F_Monitoring_Location_Identifier":"EPA_GLNPO-SBD","Location_Name":"Sleeping Bear Dunes (IADN SBD)","State":" MI","EPA_Region":"05","HUC":"04060104","Organization":"EPA Great Lakes National Program","Environmental_Media_Name":"Air","Activity_Media_Subdivision_Name":"Air moisture","Project_Name":"IADN-US 2021","PFAS_Chemical_Name":"Perfluoro[1,2-13C2]hexanoic acid","Result_Measure_Value":81.47,"Result_Unit_of_Measure":"%"}},{"type":"Feature","geometry":{"type":"Point","coordinates":[-86.058611,44.761111]},"properties":{"F_Monitoring_Location_Identifier":"EPA_GLNPO-SBD","Location_Name":"Sleeping Bear Dunes (IADN SBD)","State":" MI","EPA_Region":"05","HUC":"04060104","Organization":"EPA Great Lakes National Program","Environmental_Media_Name":"Air","Activity_Media_Subdivision_Name":"Air moisture","Project_Name":"IADN-US 2021","PFAS_Chemical_Name":"Sodium perfluoro-1-hexane[18O2]sulfonate","Result_Measure_Value":79.37,"Result_Unit_of_Measure":"%"}},{"type":"Feature","geometry":{"type":"Point","coordinates":[-86.058611,44.761111]},"properties":{"F_Monitoring_Location_Identifier":"EPA_GLNPO-SBD","Location_Name":"Sleeping Bear Dunes (IADN SBD)","State":" MI","EPA_Region":"05","HUC":"04060104","Organization":"EPA Great Lakes National Program","Environmental_Media_Name":"Air","Activity_Media_Subdivision_Name":"Air moisture","Project_Name":"IADN-US 2021","PFAS_Chemical_Name":"Perfluoro[1,2-13C2]undecanoic acid","CAS_Number":"960315-51-9","Result_Measure_Value":97.41,"Result_Unit_of_Measure":"%"}},{"type":"Feature","geometry":{"type":"Point","coordinates":[-86.058611,44.761111]},"properties":{"F_Monitoring_Location_Identifier":"EPA_GLNPO-SBD","Location_Name":"Sleeping Bear Dunes (IADN SBD)","State":" MI","EPA_Region":"05","HUC":"04060104","Organization":"EPA Great Lakes National Program","Environmental_Media_Name":"Air","Activity_Media_Subdivision_Name":"Air moisture","Project_Name":"IADN-US 2021","PFAS_Chemical_Name":"Perfluorononanoic acid","CAS_Number":"375-95-1","Result_Measure_Value__ppt_":0.14829268292847,"Result_Measure_Value":148.292682928473,"Result_Unit_of_Measure":"pg/L"}},{"type":"Feature","geometry":{"type":"Point","coordinates":[-86.058611,44.761111]},"properties":{"F_Monitoring_Location_Identifier":"EPA_GLNPO-SBD","Location_Name":"Sleeping Bear Dunes (IADN SBD)","State":" MI","EPA_Region":"05","HUC":"04060104","Organization":"EPA Great Lakes National Program","Environmental_Media_Name":"Air","Activity_Media_Subdivision_Name":"Air moisture","Project_Name":"IADN-US 2021","PFAS_Chemical_Name":"Perfluoro[1,2-13C2]undecanoic acid","CAS_Number":"960315-51-9","Result_Measure_Value":102.68,"Result_Unit_of_Measure":"%"}},{"type":"Feature","geometry":{"type":"Point","coordinates":[-86.058611,44.761111]},"properties":{"F_Monitoring_Location_Identifier":"EPA_GLNPO-SBD","Location_Name":"Sleeping Bear Dunes (IADN SBD)","State":" MI","EPA_Region":"05","HUC":"04060104","Organization":"EPA Great Lakes National Program","Environmental_Media_Name":"Air","Activity_Media_Subdivision_Name":"Air moisture","Project_Name":"IADN-US 2021","PFAS_Chemical_Name":"Perfluoro[1,2-13C2]undecanoic acid","CAS_Number":"960315-51-9","Result_Measure_Value":79.39,"Result_Unit_of_Measure":"%"}},{"type":"Feature","geometry":{"type":"Point","coordinates":[-86.058611,44.761111]},"properties":{"F_Monitoring_Location_Identifier":"EPA_GLNPO-SBD","Location_Name":"Sleeping Bear Dunes (IADN SBD)","State":" MI","EPA_Region":"05","HUC":"04060104","Organization":"EPA Great Lakes National Program","Environmental_Media_Name":"Air","Activity_Media_Subdivision_Name":"Air moisture","Project_Name":"IADN-US 2021","PFAS_Chemical_Name":"Perfluoro[1,2-13C2]undecanoic acid","CAS_Number":"960315-51-9","Result_Measure_Value":71.83,"Result_Unit_of_Measure":"%"}},{"type":"Feature","geometry":{"type":"Point","coordinates":[-86.058611,44.761111]},"properties":{"F_Monitoring_Location_Identifier":"EPA_GLNPO-SBD","Location_Name":"Sleeping Bear Dunes (IADN SBD)","State":" MI","EPA_Region":"05","HUC":"04060104","Organization":"EPA Great Lakes National Program","Environmental_Media_Name":"Air","Activity_Media_Subdivision_Name":"Air moisture","Project_Name":"IADN-US 2021","PFAS_Chemical_Name":"Perfluorobutylsulfonamide","CAS_Number":"30334-69-1","Result_Measure_Value__ppt_":0.17854035430888,"Result_Measure_Value":178.540354308881,"Result_Unit_of_Measure":"pg/L"}},{"type":"Feature","geometry":{"type":"Point","coordinates":[-86.058611,44.761111]},"properties":{"F_Monitoring_Location_Identifier":"EPA_GLNPO-SBD","Location_Name":"Sleeping Bear Dunes (IADN SBD)","State":" MI","EPA_Region":"05","HUC":"04060104","Organization":"EPA Great Lakes National Program","Environmental_Media_Name":"Air","Activity_Media_Subdivision_Name":"Air moisture","Project_Name":"IADN-US 2021","PFAS_Chemical_Name":"Heptafluorobutyric acid***retired***use Perfluorobutanoic acid","Result_Measure_Value__ppt_":3.5325935483871,"Result_Measure_Value":3532.5935483871,"Result_Unit_of_Measure":"pg/L"}},{"type":"Feature","geometry":{"type":"Point","coordinates":[-86.058611,44.761111]},"properties":{"F_Monitoring_Location_Identifier":"EPA_GLNPO-SBD","Location_Name":"Sleeping Bear Dunes (IADN SBD)","State":" MI","EPA_Region":"05","HUC":"04060104","Organization":"EPA Great Lakes National Program","Environmental_Media_Name":"Air","Activity_Media_Subdivision_Name":"Air moisture","Project_Name":"IADN-US 2021","PFAS_Chemical_Name":"Perfluoropalmitic acid","CAS_Number":"67905-19-5","Result_Measure_Value__ppt_":0.1054358974359,"Result_Measure_Value":105.435897435897,"Result_Unit_of_Measure":"pg/L"}},{"type":"Feature","geometry":{"type":"Point","coordinates":[-86.058611,44.761111]},"properties":{"F_Monitoring_Location_Identifier":"EPA_GLNPO-SBD","Location_Name":"Sleeping Bear Dunes (IADN SBD)","State":" MI","EPA_Region":"05","HUC":"04060104","Organization":"EPA Great Lakes National Program","Environmental_Media_Name":"Air","Activity_Media_Subdivision_Name":"Air moisture","Project_Name":"IADN-US 2021","PFAS_Chemical_Name":"Heptafluorobutyric acid***retired***use Perfluorobutanoic acid","Result_Measure_Value__ppt_":3.5148331253848,"Result_Measure_Value":3514.83312538475,"Result_Unit_of_Measure":"pg/L"}},{"type":"Feature","geometry":{"type":"Point","coordinates":[-86.058611,44.761111]},"properties":{"F_Monitoring_Location_Identifier":"EPA_GLNPO-SBD","Location_Name":"Sleeping Bear Dunes (IADN SBD)","State":" MI","EPA_Region":"05","HUC":"04060104","Organization":"EPA Great Lakes National Program","Environmental_Media_Name":"Air","Activity_Media_Subdivision_Name":"Air moisture","Project_Name":"IADN-US 2021","PFAS_Chemical_Name":"Perfluoro[1,2-13C2]undecanoic acid","CAS_Number":"960315-51-9","Result_Measure_Value":74.705,"Result_Unit_of_Measure":"%"}},{"type":"Feature","geometry":{"type":"Point","coordinates":[-86.058611,44.761111]},"properties":{"F_Monitoring_Location_Identifier":"EPA_GLNPO-SBD","Location_Name":"Sleeping Bear Dunes (IADN SBD)","State":" MI","EPA_Region":"05","HUC":"04060104","Organization":"EPA Great Lakes National Program","Environmental_Media_Name":"Air","Activity_Media_Subdivision_Name":"Air moisture","Project_Name":"IADN-US 2021","PFAS_Chemical_Name":"Perfluorovaleric acid","CAS_Number":"2706-90-3","Result_Measure_Value__ppt_":0.25064246395602,"Result_Measure_Value":250.642463956024,"Result_Unit_of_Measure":"pg/L"}},{"type":"Feature","geometry":{"type":"Point","coordinates":[-86.058611,44.761111]},"properties":{"F_Monitoring_Location_Identifier":"EPA_GLNPO-SBD","Location_Name":"Sleeping Bear Dunes (IADN SBD)","State":" MI","EPA_Region":"05","HUC":"04060104","Organization":"EPA Great Lakes National Program","Environmental_Media_Name":"Air","Activity_Media_Subdivision_Name":"Air moisture","Project_Name":"IADN-US 2021","PFAS_Chemical_Name":"Perfluoro[1,2-13C2]undecanoic acid","CAS_Number":"960315-51-9","Result_Measure_Value":96.76,"Result_Unit_of_Measure":"%"}},{"type":"Feature","geometry":{"type":"Point","coordinates":[-86.058611,44.761111]},"properties":{"F_Monitoring_Location_Identifier":"EPA_GLNPO-SBD","Location_Name":"Sleeping Bear Dunes (IADN SBD)","State":" MI","EPA_Region":"05","HUC":"04060104","Organization":"EPA Great Lakes National Program","Environmental_Media_Name":"Air","Activity_Media_Subdivision_Name":"Air moisture","Project_Name":"IADN-US 2021","PFAS_Chemical_Name":"Perfluorovaleric acid","CAS_Number":"2706-90-3","Result_Measure_Value__ppt_":0.33791953304148,"Result_Measure_Value":337.919533041484,"Result_Unit_of_Measure":"pg/L"}},{"type":"Feature","geometry":{"type":"Point","coordinates":[-86.058611,44.761111]},"properties":{"F_Monitoring_Location_Identifier":"EPA_GLNPO-SBD","Location_Name":"Sleeping Bear Dunes (IADN SBD)","State":" MI","EPA_Region":"05","HUC":"04060104","Organization":"EPA Great Lakes National Program","Environmental_Media_Name":"Air","Activity_Media_Subdivision_Name":"Air moisture","Project_Name":"IADN-US 2021","PFAS_Chemical_Name":"Perfluorononanoic acid","CAS_Number":"375-95-1","Result_Measure_Value__ppt_":0.98486411157718,"Result_Measure_Value":984.864111577184,"Result_Unit_of_Measure":"pg/L"}},{"type":"Feature","geometry":{"type":"Point","coordinates":[-86.058611,44.761111]},"properties":{"F_Monitoring_Location_Identifier":"EPA_GLNPO-SBD","Location_Name":"Sleeping Bear Dunes (IADN SBD)","State":" MI","EPA_Region":"05","HUC":"04060104","Organization":"EPA Great Lakes National Program","Environmental_Media_Name":"Air","Activity_Media_Subdivision_Name":"Air moisture","Project_Name":"IADN-US 2021","PFAS_Chemical_Name":"Perfluoro[1,2-13C2]hexanoic acid","Result_Measure_Value":89.17,"Result_Unit_of_Measure":"%"}},{"type":"Feature","geometry":{"type":"Point","coordinates":[-86.058611,44.761111]},"properties":{"F_Monitoring_Location_Identifier":"EPA_GLNPO-SBD","Location_Name":"Sleeping Bear Dunes (IADN SBD)","State":" MI","EPA_Region":"05","HUC":"04060104","Organization":"EPA Great Lakes National Program","Environmental_Media_Name":"Air","Activity_Media_Subdivision_Name":"Air moisture","Project_Name":"IADN-US 2021","PFAS_Chemical_Name":"Sodium perfluoro-1-hexane[18O2]sulfonate","Result_Measure_Value":107.235,"Result_Unit_of_Measure":"%"}},{"type":"Feature","geometry":{"type":"Point","coordinates":[-86.058611,44.761111]},"properties":{"F_Monitoring_Location_Identifier":"EPA_GLNPO-SBD","Location_Name":"Sleeping Bear Dunes (IADN SBD)","State":" MI","EPA_Region":"05","HUC":"04060104","Organization":"EPA Great Lakes National Program","Environmental_Media_Name":"Air","Activity_Media_Subdivision_Name":"Air moisture","Project_Name":"IADN-US 2021","PFAS_Chemical_Name":"Perfluorononanoic acid","CAS_Number":"375-95-1","Result_Measure_Value__ppt_":0.45821858442922,"Result_Measure_Value":458.218584429215,"Result_Unit_of_Measure":"pg/L"}},{"type":"Feature","geometry":{"type":"Point","coordinates":[-86.058611,44.761111]},"properties":{"F_Monitoring_Location_Identifier":"EPA_GLNPO-SBD","Location_Name":"Sleeping Bear Dunes (IADN SBD)","State":" MI","EPA_Region":"05","HUC":"04060104","Organization":"EPA Great Lakes National Program","Environmental_Media_Name":"Air","Activity_Media_Subdivision_Name":"Air moisture","Project_Name":"IADN-US 2021","PFAS_Chemical_Name":"Sodium perfluoro-1-hexane[18O2]sulfonate","Result_Measure_Value":104.05,"Result_Unit_of_Measure":"%"}},{"type":"Feature","geometry":{"type":"Point","coordinates":[-86.058611,44.761111]},"properties":{"F_Monitoring_Location_Identifier":"EPA_GLNPO-SBD","Location_Name":"Sleeping Bear Dunes (IADN SBD)","State":" MI","EPA_Region":"05","HUC":"04060104","Organization":"EPA Great Lakes National Program","Environmental_Media_Name":"Air","Activity_Media_Subdivision_Name":"Air moisture","Project_Name":"IADN-US 2021","PFAS_Chemical_Name":"Perfluorooctanoic acid","CAS_Number":"335-67-1","Result_Measure_Value__ppt_":0.265,"Result_Measure_Value":265,"Result_Unit_of_Measure":"pg/L"}},{"type":"Feature","geometry":{"type":"Point","coordinates":[-86.058611,44.761111]},"properties":{"F_Monitoring_Location_Identifier":"EPA_GLNPO-SBD","Location_Name":"Sleeping Bear Dunes (IADN SBD)","State":" MI","EPA_Region":"05","HUC":"04060104","Organization":"EPA Great Lakes National Program","Environmental_Media_Name":"Air","Activity_Media_Subdivision_Name":"Air moisture","Project_Name":"IADN-US 2021","PFAS_Chemical_Name":"Sodium perfluoro-1-hexane[18O2]sulfonate","Result_Measure_Value":113.28,"Result_Unit_of_Measure":"%"}},{"type":"Feature","geometry":{"type":"Point","coordinates":[-86.058611,44.761111]},"properties":{"F_Monitoring_Location_Identifier":"EPA_GLNPO-SBD","Location_Name":"Sleeping Bear Dunes (IADN SBD)","State":" MI","EPA_Region":"05","HUC":"04060104","Organization":"EPA Great Lakes National Program","Environmental_Media_Name":"Air","Activity_Media_Subdivision_Name":"Air moisture","Project_Name":"IADN-US 2021","PFAS_Chemical_Name":"Perfluoro[1,2-13C2]tetradecanoic acid","Result_Measure_Value":57.445,"Result_Unit_of_Measure":"%"}},{"type":"Feature","geometry":{"type":"Point","coordinates":[-86.058611,44.761111]},"properties":{"F_Monitoring_Location_Identifier":"EPA_GLNPO-SBD","Location_Name":"Sleeping Bear Dunes (IADN SBD)","State":" MI","EPA_Region":"05","HUC":"04060104","Organization":"EPA Great Lakes National Program","Environmental_Media_Name":"Air","Activity_Media_Subdivision_Name":"Air moisture","Project_Name":"IADN-US 2021","PFAS_Chemical_Name":"Perfluoro[1,2-13C2]tetradecanoic acid","Result_Measure_Value":71.245,"Result_Unit_of_Measure":"%"}},{"type":"Feature","geometry":{"type":"Point","coordinates":[-86.058611,44.761111]},"properties":{"F_Monitoring_Location_Identifier":"EPA_GLNPO-SBD","Location_Name":"Sleeping Bear Dunes (IADN SBD)","State":" MI","EPA_Region":"05","HUC":"04060104","Organization":"EPA Great Lakes National Program","Environmental_Media_Name":"Air","Activity_Media_Subdivision_Name":"Air moisture","Project_Name":"IADN-US 2021","PFAS_Chemical_Name":"Perfluorodecanoic acid","CAS_Number":"335-76-2","Result_Measure_Value__ppt_":0.14348258704349,"Result_Measure_Value":143.482587043492,"Result_Unit_of_Measure":"pg/L"}},{"type":"Feature","geometry":{"type":"Point","coordinates":[-86.058611,44.761111]},"properties":{"F_Monitoring_Location_Identifier":"EPA_GLNPO-SBD","Location_Name":"Sleeping Bear Dunes (IADN SBD)","State":" MI","EPA_Region":"05","HUC":"04060104","Organization":"EPA Great Lakes National Program","Environmental_Media_Name":"Air","Activity_Media_Subdivision_Name":"Air moisture","Project_Name":"IADN-US 2021","PFAS_Chemical_Name":"Perfluorohexanoic acid","CAS_Number":"307-24-4","Result_Measure_Value__ppt_":2.3266723405839,"Result_Measure_Value":2326.67234058394,"Result_Unit_of_Measure":"pg/L"}},{"type":"Feature","geometry":{"type":"Point","coordinates":[-86.058611,44.761111]},"properties":{"F_Monitoring_Location_Identifier":"EPA_GLNPO-SBD","Location_Name":"Sleeping Bear Dunes (IADN SBD)","State":" MI","EPA_Region":"05","HUC":"04060104","Organization":"EPA Great Lakes National Program","Environmental_Media_Name":"Air","Activity_Media_Subdivision_Name":"Air moisture","Project_Name":"IADN-US 2021","PFAS_Chemical_Name":"Heptafluorobutyric acid***retired***use Perfluorobutanoic acid","Result_Measure_Value__ppt_":1.9651561645559,"Result_Measure_Value":1965.15616455585,"Result_Unit_of_Measure":"pg/L"}},{"type":"Feature","geometry":{"type":"Point","coordinates":[-86.058611,44.761111]},"properties":{"F_Monitoring_Location_Identifier":"EPA_GLNPO-SBD","Location_Name":"Sleeping Bear Dunes (IADN SBD)","State":" MI","EPA_Region":"05","HUC":"04060104","Organization":"EPA Great Lakes National Program","Environmental_Media_Name":"Air","Activity_Media_Subdivision_Name":"Air moisture","Project_Name":"IADN-US 2021","PFAS_Chemical_Name":"Perfluoroheptanoic acid","CAS_Number":"375-85-9","Result_Measure_Value__ppt_":1.3260568125149,"Result_Measure_Value":1326.05681251485,"Result_Unit_of_Measure":"pg/L"}},{"type":"Feature","geometry":{"type":"Point","coordinates":[-86.058611,44.761111]},"properties":{"F_Monitoring_Location_Identifier":"EPA_GLNPO-SBD","Location_Name":"Sleeping Bear Dunes (IADN SBD)","State":" MI","EPA_Region":"05","HUC":"04060104","Organization":"EPA Great Lakes National Program","Environmental_Media_Name":"Air","Activity_Media_Subdivision_Name":"Air moisture","Project_Name":"IADN-US 2021","PFAS_Chemical_Name":"Perfluorohexanoic acid","CAS_Number":"307-24-4","Result_Measure_Value__ppt_":0.25644830916652,"Result_Measure_Value":256.44830916652,"Result_Unit_of_Measure":"pg/L"}},{"type":"Feature","geometry":{"type":"Point","coordinates":[-86.058611,44.761111]},"properties":{"F_Monitoring_Location_Identifier":"EPA_GLNPO-SBD","Location_Name":"Sleeping Bear Dunes (IADN SBD)","State":" MI","EPA_Region":"05","HUC":"04060104","Organization":"EPA Great Lakes National Program","Environmental_Media_Name":"Air","Activity_Media_Subdivision_Name":"Air moisture","Project_Name":"IADN-US 2021","PFAS_Chemical_Name":"Perfluoro[1,2-13C2]tetradecanoic acid","Result_Measure_Value":89.295,"Result_Unit_of_Measure":"%"}},{"type":"Feature","geometry":{"type":"Point","coordinates":[-86.058611,44.761111]},"properties":{"F_Monitoring_Location_Identifier":"EPA_GLNPO-SBD","Location_Name":"Sleeping Bear Dunes (IADN SBD)","State":" MI","EPA_Region":"05","HUC":"04060104","Organization":"EPA Great Lakes National Program","Environmental_Media_Name":"Air","Activity_Media_Subdivision_Name":"Air moisture","Project_Name":"IADN-US 2021","PFAS_Chemical_Name":"Perfluorooctanoic acid","CAS_Number":"335-67-1","Result_Measure_Value__ppt_":0.58455122605784,"Result_Measure_Value":584.55122605784,"Result_Unit_of_Measure":"pg/L"}},{"type":"Feature","geometry":{"type":"Point","coordinates":[-86.058611,44.761111]},"properties":{"F_Monitoring_Location_Identifier":"EPA_GLNPO-SBD","Location_Name":"Sleeping Bear Dunes (IADN SBD)","State":" MI","EPA_Region":"05","HUC":"04060104","Organization":"EPA Great Lakes National Program","Environmental_Media_Name":"Air","Activity_Media_Subdivision_Name":"Air moisture","Project_Name":"IADN-US 2021","PFAS_Chemical_Name":"Sodium perfluoro-1-hexane[18O2]sulfonate","Result_Measure_Value":107.87,"Result_Unit_of_Measure":"%"}},{"type":"Feature","geometry":{"type":"Point","coordinates":[-86.058611,44.761111]},"properties":{"F_Monitoring_Location_Identifier":"EPA_GLNPO-SBD","Location_Name":"Sleeping Bear Dunes (IADN SBD)","State":" MI","EPA_Region":"05","HUC":"04060104","Organization":"EPA Great Lakes National Program","Environmental_Media_Name":"Air","Activity_Media_Subdivision_Name":"Air moisture","Project_Name":"IADN-US 2021","PFAS_Chemical_Name":"Perfluorovaleric acid","CAS_Number":"2706-90-3","Result_Measure_Value__ppt_":13.306857143924,"Result_Measure_Value":13306.8571439235,"Result_Unit_of_Measure":"pg/L"}},{"type":"Feature","geometry":{"type":"Point","coordinates":[-86.058611,44.761111]},"properties":{"F_Monitoring_Location_Identifier":"EPA_GLNPO-SBD","Location_Name":"Sleeping Bear Dunes (IADN SBD)","State":" MI","EPA_Region":"05","HUC":"04060104","Organization":"EPA Great Lakes National Program","Environmental_Media_Name":"Air","Activity_Media_Subdivision_Name":"Air moisture","Project_Name":"IADN-US 2021","PFAS_Chemical_Name":"Perfluorododecanoic acid","CAS_Number":"307-55-1","Result_Measure_Value__ppt_":0.072102127664484,"Result_Measure_Value":72.1021276644835,"Result_Unit_of_Measure":"pg/L"}},{"type":"Feature","geometry":{"type":"Point","coordinates":[-86.058611,44.761111]},"properties":{"F_Monitoring_Location_Identifier":"EPA_GLNPO-SBD","Location_Name":"Sleeping Bear Dunes (IADN SBD)","State":" MI","EPA_Region":"05","HUC":"04060104","Organization":"EPA Great Lakes National Program","Environmental_Media_Name":"Air","Activity_Media_Subdivision_Name":"Air moisture","Project_Name":"IADN-US 2021","PFAS_Chemical_Name":"Perfluoro[1,2-13C2]hexanoic acid","Result_Measure_Value":62.61,"Result_Unit_of_Measure":"%"}},{"type":"Feature","geometry":{"type":"Point","coordinates":[-86.058611,44.761111]},"properties":{"F_Monitoring_Location_Identifier":"EPA_GLNPO-SBD","Location_Name":"Sleeping Bear Dunes (IADN SBD)","State":" MI","EPA_Region":"05","HUC":"04060104","Organization":"EPA Great Lakes National Program","Environmental_Media_Name":"Air","Activity_Media_Subdivision_Name":"Air moisture","Project_Name":"IADN-US 2021","PFAS_Chemical_Name":"Perfluoroheptanoic acid","CAS_Number":"375-85-9","Result_Measure_Value__ppt_":0.86994285709315,"Result_Measure_Value":869.942857093146,"Result_Unit_of_Measure":"pg/L"}},{"type":"Feature","geometry":{"type":"Point","coordinates":[-86.058611,44.761111]},"properties":{"F_Monitoring_Location_Identifier":"EPA_GLNPO-SBD","Location_Name":"Sleeping Bear Dunes (IADN SBD)","State":" MI","EPA_Region":"05","HUC":"04060104","Organization":"EPA Great Lakes National Program","Environmental_Media_Name":"Air","Activity_Media_Subdivision_Name":"Air moisture","Project_Name":"IADN-US 2021","PFAS_Chemical_Name":"Perfluoroheptanoic acid","CAS_Number":"375-85-9","Result_Measure_Value__ppt_":0.23406956520623,"Result_Measure_Value":234.069565206234,"Result_Unit_of_Measure":"pg/L"}},{"type":"Feature","geometry":{"type":"Point","coordinates":[-86.058611,44.761111]},"properties":{"F_Monitoring_Location_Identifier":"EPA_GLNPO-SBD","Location_Name":"Sleeping Bear Dunes (IADN SBD)","State":" MI","EPA_Region":"05","HUC":"04060104","Organization":"EPA Great Lakes National Program","Environmental_Media_Name":"Air","Activity_Media_Subdivision_Name":"Air moisture","Project_Name":"IADN-US 2021","PFAS_Chemical_Name":"Heptafluorobutyric acid***retired***use Perfluorobutanoic acid","Result_Measure_Value__ppt_":3.378039320697,"Result_Measure_Value":3378.039320697,"Result_Unit_of_Measure":"pg/L"}},{"type":"Feature","geometry":{"type":"Point","coordinates":[-86.058611,44.761111]},"properties":{"F_Monitoring_Location_Identifier":"EPA_GLNPO-SBD","Location_Name":"Sleeping Bear Dunes (IADN SBD)","State":" MI","EPA_Region":"05","HUC":"04060104","Organization":"EPA Great Lakes National Program","Environmental_Media_Name":"Air","Activity_Media_Subdivision_Name":"Air moisture","Project_Name":"IADN-US 2021","PFAS_Chemical_Name":"Perfluorovaleric acid","CAS_Number":"2706-90-3","Result_Measure_Value__ppt_":0.47878151268551,"Result_Measure_Value":478.781512685509,"Result_Unit_of_Measure":"pg/L"}},{"type":"Feature","geometry":{"type":"Point","coordinates":[-86.058611,44.761111]},"properties":{"F_Monitoring_Location_Identifier":"EPA_GLNPO-SBD","Location_Name":"Sleeping Bear Dunes (IADN SBD)","State":" MI","EPA_Region":"05","HUC":"04060104","Organization":"EPA Great Lakes National Program","Environmental_Media_Name":"Air","Activity_Media_Subdivision_Name":"Air moisture","Project_Name":"IADN-US 2021","PFAS_Chemical_Name":"Heptafluorobutyric acid***retired***use Perfluorobutanoic acid","Result_Measure_Value__ppt_":0.0536,"Result_Measure_Value":53.6,"Result_Unit_of_Measure":"pg/L"}},{"type":"Feature","geometry":{"type":"Point","coordinates":[-86.058611,44.761111]},"properties":{"F_Monitoring_Location_Identifier":"EPA_GLNPO-SBD","Location_Name":"Sleeping Bear Dunes (IADN SBD)","State":" MI","EPA_Region":"05","HUC":"04060104","Organization":"EPA Great Lakes National Program","Environmental_Media_Name":"Air","Activity_Media_Subdivision_Name":"Air moisture","Project_Name":"IADN-US 2021","PFAS_Chemical_Name":"Perfluoro[1,2-13C2]hexanoic acid","Result_Measure_Value":87.11,"Result_Unit_of_Measure":"%"}},{"type":"Feature","geometry":{"type":"Point","coordinates":[-86.058611,44.761111]},"properties":{"F_Monitoring_Location_Identifier":"EPA_GLNPO-SBD","Location_Name":"Sleeping Bear Dunes (IADN SBD)","State":" MI","EPA_Region":"05","HUC":"04060104","Organization":"EPA Great Lakes National Program","Environmental_Media_Name":"Air","Activity_Media_Subdivision_Name":"Air moisture","Project_Name":"IADN-US 2021","PFAS_Chemical_Name":"Perfluoroheptanoic acid","CAS_Number":"375-85-9","Result_Measure_Value__ppt_":4.0783344951004,"Result_Measure_Value":4078.33449510035,"Result_Unit_of_Measure":"pg/L"}},{"type":"Feature","geometry":{"type":"Point","coordinates":[-86.058611,44.761111]},"properties":{"F_Monitoring_Location_Identifier":"EPA_GLNPO-SBD","Location_Name":"Sleeping Bear Dunes (IADN SBD)","State":" MI","EPA_Region":"05","HUC":"04060104","Organization":"EPA Great Lakes National Program","Environmental_Media_Name":"Air","Activity_Media_Subdivision_Name":"Air moisture","Project_Name":"IADN-US 2021","PFAS_Chemical_Name":"Perfluorononanoic acid","CAS_Number":"375-95-1","Result_Measure_Value__ppt_":0.24097727353503,"Result_Measure_Value":240.977273535028,"Result_Unit_of_Measure":"pg/L"}},{"type":"Feature","geometry":{"type":"Point","coordinates":[-86.058611,44.761111]},"properties":{"F_Monitoring_Location_Identifier":"EPA_GLNPO-SBD","Location_Name":"Sleeping Bear Dunes (IADN SBD)","State":" MI","EPA_Region":"05","HUC":"04060104","Organization":"EPA Great Lakes National Program","Environmental_Media_Name":"Air","Activity_Media_Subdivision_Name":"Air moisture","Project_Name":"IADN-US 2021","PFAS_Chemical_Name":"Perfluoro[1,2-13C2]undecanoic acid","CAS_Number":"960315-51-9","Result_Measure_Value":67.29,"Result_Unit_of_Measure":"%"}},{"type":"Feature","geometry":{"type":"Point","coordinates":[-86.058611,44.761111]},"properties":{"F_Monitoring_Location_Identifier":"EPA_GLNPO-SBD","Location_Name":"Sleeping Bear Dunes (IADN SBD)","State":" MI","EPA_Region":"05","HUC":"04060104","Organization":"EPA Great Lakes National Program","Environmental_Media_Name":"Air","Activity_Media_Subdivision_Name":"Air moisture","Project_Name":"IADN-US 2021","PFAS_Chemical_Name":"Perfluoro[1,2-13C2]hexanoic acid","Result_Measure_Value":76.915,"Result_Unit_of_Measure":"%"}},{"type":"Feature","geometry":{"type":"Point","coordinates":[-86.058611,44.761111]},"properties":{"F_Monitoring_Location_Identifier":"EPA_GLNPO-SBD","Location_Name":"Sleeping Bear Dunes (IADN SBD)","State":" MI","EPA_Region":"05","HUC":"04060104","Organization":"EPA Great Lakes National Program","Environmental_Media_Name":"Air","Activity_Media_Subdivision_Name":"Air moisture","Project_Name":"IADN-US 2021","PFAS_Chemical_Name":"Perfluoro[1,2-13C2]hexanoic acid","Result_Measure_Value":93.095,"Result_Unit_of_Measure":"%"}},{"type":"Feature","geometry":{"type":"Point","coordinates":[-86.058611,44.761111]},"properties":{"F_Monitoring_Location_Identifier":"EPA_GLNPO-SBD","Location_Name":"Sleeping Bear Dunes (IADN SBD)","State":" MI","EPA_Region":"05","HUC":"04060104","Organization":"EPA Great Lakes National Program","Environmental_Media_Name":"Air","Activity_Media_Subdivision_Name":"Air moisture","Project_Name":"IADN-US 2021","PFAS_Chemical_Name":"Sodium perfluoro-1-hexane[18O2]sulfonate","Result_Measure_Value":83.285,"Result_Unit_of_Measure":"%"}},{"type":"Feature","geometry":{"type":"Point","coordinates":[-86.058611,44.761111]},"properties":{"F_Monitoring_Location_Identifier":"EPA_GLNPO-SBD","Location_Name":"Sleeping Bear Dunes (IADN SBD)","State":" MI","EPA_Region":"05","HUC":"04060104","Organization":"EPA Great Lakes National Program","Environmental_Media_Name":"Air","Activity_Media_Subdivision_Name":"Air moisture","Project_Name":"IADN-US 2021","PFAS_Chemical_Name":"Perfluorobutylsulfonamide","CAS_Number":"30334-69-1","Result_Measure_Value__ppt_":0.16135084427767,"Result_Measure_Value":161.350844277674,"Result_Unit_of_Measure":"pg/L"}},{"type":"Feature","geometry":{"type":"Point","coordinates":[-86.058611,44.761111]},"properties":{"F_Monitoring_Location_Identifier":"EPA_GLNPO-SBD","Location_Name":"Sleeping Bear Dunes (IADN SBD)","State":" MI","EPA_Region":"05","HUC":"04060104","Organization":"EPA Great Lakes National Program","Environmental_Media_Name":"Air","Activity_Media_Subdivision_Name":"Air moisture","Project_Name":"IADN-US 2021","PFAS_Chemical_Name":"Heptafluorobutyric acid***retired***use Perfluorobutanoic acid","Result_Measure_Value__ppt_":3.0473389360864,"Result_Measure_Value":3047.33893608639,"Result_Unit_of_Measure":"pg/L"}},{"type":"Feature","geometry":{"type":"Point","coordinates":[-86.058611,44.761111]},"properties":{"F_Monitoring_Location_Identifier":"EPA_GLNPO-SBD","Location_Name":"Sleeping Bear Dunes (IADN SBD)","State":" MI","EPA_Region":"05","HUC":"04060104","Organization":"EPA Great Lakes National Program","Environmental_Media_Name":"Air","Activity_Media_Subdivision_Name":"Air moisture","Project_Name":"IADN-US 2021","PFAS_Chemical_Name":"Perfluoro[1,2-13C2]hexanoic acid","Result_Measure_Value":73.04,"Result_Unit_of_Measure":"%"}},{"type":"Feature","geometry":{"type":"Point","coordinates":[-86.058611,44.761111]},"properties":{"F_Monitoring_Location_Identifier":"EPA_GLNPO-SBD","Location_Name":"Sleeping Bear Dunes (IADN SBD)","State":" MI","EPA_Region":"05","HUC":"04060104","Organization":"EPA Great Lakes National Program","Environmental_Media_Name":"Air","Activity_Media_Subdivision_Name":"Air moisture","Project_Name":"IADN-US 2021","PFAS_Chemical_Name":"Perfluorooctanoic acid","CAS_Number":"335-67-1","Result_Measure_Value__ppt_":0.69855319153692,"Result_Measure_Value":698.553191536923,"Result_Unit_of_Measure":"pg/L"}},{"type":"Feature","geometry":{"type":"Point","coordinates":[-86.058611,44.761111]},"properties":{"F_Monitoring_Location_Identifier":"EPA_GLNPO-SBD","Location_Name":"Sleeping Bear Dunes (IADN SBD)","State":" MI","EPA_Region":"05","HUC":"04060104","Organization":"EPA Great Lakes National Program","Environmental_Media_Name":"Air","Activity_Media_Subdivision_Name":"Air moisture","Project_Name":"IADN-US 2021","PFAS_Chemical_Name":"Heptafluorobutyric acid***retired***use Perfluorobutanoic acid","Result_Measure_Value__ppt_":7.2593159494247,"Result_Measure_Value":7259.31594942471,"Result_Unit_of_Measure":"pg/L"}},{"type":"Feature","geometry":{"type":"Point","coordinates":[-86.058611,44.761111]},"properties":{"F_Monitoring_Location_Identifier":"EPA_GLNPO-SBD","Location_Name":"Sleeping Bear Dunes (IADN SBD)","State":" MI","EPA_Region":"05","HUC":"04060104","Organization":"EPA Great Lakes National Program","Environmental_Media_Name":"Air","Activity_Media_Subdivision_Name":"Air moisture","Project_Name":"IADN-US 2021","PFAS_Chemical_Name":"Heptafluorobutyric acid***retired***use Perfluorobutanoic acid","Result_Measure_Value__ppt_":1.855,"Result_Measure_Value":1855,"Result_Unit_of_Measure":"pg/L"}},{"type":"Feature","geometry":{"type":"Point","coordinates":[-86.058611,44.761111]},"properties":{"F_Monitoring_Location_Identifier":"EPA_GLNPO-SBD","Location_Name":"Sleeping Bear Dunes (IADN SBD)","State":" MI","EPA_Region":"05","HUC":"04060104","Organization":"EPA Great Lakes National Program","Environmental_Media_Name":"Air","Activity_Media_Subdivision_Name":"Air moisture","Project_Name":"IADN-US 2021","PFAS_Chemical_Name":"Sodium perfluoro-1-hexane[18O2]sulfonate","Result_Measure_Value":90.465,"Result_Unit_of_Measure":"%"}},{"type":"Feature","geometry":{"type":"Point","coordinates":[-86.058611,44.761111]},"properties":{"F_Monitoring_Location_Identifier":"EPA_GLNPO-SBD","Location_Name":"Sleeping Bear Dunes (IADN SBD)","State":" MI","EPA_Region":"05","HUC":"04060104","Organization":"EPA Great Lakes National Program","Environmental_Media_Name":"Air","Activity_Media_Subdivision_Name":"Air moisture","Project_Name":"IADN-US 2021","PFAS_Chemical_Name":"Sodium perfluoro-1-hexane[18O2]sulfonate","Result_Measure_Value":99.755,"Result_Unit_of_Measure":"%"}},{"type":"Feature","geometry":{"type":"Point","coordinates":[-86.058611,44.761111]},"properties":{"F_Monitoring_Location_Identifier":"EPA_GLNPO-SBD","Location_Name":"Sleeping Bear Dunes (IADN SBD)","State":" MI","EPA_Region":"05","HUC":"04060104","Organization":"EPA Great Lakes National Program","Environmental_Media_Name":"Air","Activity_Media_Subdivision_Name":"Air moisture","Project_Name":"IADN-US 2021","PFAS_Chemical_Name":"Perfluorooctanoic acid","CAS_Number":"335-67-1","Result_Measure_Value__ppt_":0.32640632007785,"Result_Measure_Value":326.406320077851,"Result_Unit_of_Measure":"pg/L"}},{"type":"Feature","geometry":{"type":"Point","coordinates":[-86.058611,44.761111]},"properties":{"F_Monitoring_Location_Identifier":"EPA_GLNPO-SBD","Location_Name":"Sleeping Bear Dunes (IADN SBD)","State":" MI","EPA_Region":"05","HUC":"04060104","Organization":"EPA Great Lakes National Program","Environmental_Media_Name":"Air","Activity_Media_Subdivision_Name":"Air moisture","Project_Name":"IADN-US 2021","PFAS_Chemical_Name":"Perfluoro[1,2-13C2]undecanoic acid","CAS_Number":"960315-51-9","Result_Measure_Value":108.665,"Result_Unit_of_Measure":"%"}},{"type":"Feature","geometry":{"type":"Point","coordinates":[-86.058611,44.761111]},"properties":{"F_Monitoring_Location_Identifier":"EPA_GLNPO-SBD","Location_Name":"Sleeping Bear Dunes (IADN SBD)","State":" MI","EPA_Region":"05","HUC":"04060104","Organization":"EPA Great Lakes National Program","Environmental_Media_Name":"Air","Activity_Media_Subdivision_Name":"Air moisture","Project_Name":"IADN-US 2021","PFAS_Chemical_Name":"Heptafluorobutyric acid***retired***use Perfluorobutanoic acid","Result_Measure_Value__ppt_":6.4654978727806,"Result_Measure_Value":6465.49787278063,"Result_Unit_of_Measure":"pg/L"}},{"type":"Feature","geometry":{"type":"Point","coordinates":[-86.058611,44.761111]},"properties":{"F_Monitoring_Location_Identifier":"EPA_GLNPO-SBD","Location_Name":"Sleeping Bear Dunes (IADN SBD)","State":" MI","EPA_Region":"05","HUC":"04060104","Organization":"EPA Great Lakes National Program","Environmental_Media_Name":"Air","Activity_Media_Subdivision_Name":"Air moisture","Project_Name":"IADN-US 2021","PFAS_Chemical_Name":"Perfluorooctanoic acid","CAS_Number":"335-67-1","Result_Measure_Value__ppt_":0.11648558758444,"Result_Measure_Value":116.48558758444,"Result_Unit_of_Measure":"pg/L"}},{"type":"Feature","geometry":{"type":"Point","coordinates":[-86.058611,44.761111]},"properties":{"F_Monitoring_Location_Identifier":"EPA_GLNPO-SBD","Location_Name":"Sleeping Bear Dunes (IADN SBD)","State":" MI","EPA_Region":"05","HUC":"04060104","Organization":"EPA Great Lakes National Program","Environmental_Media_Name":"Air","Activity_Media_Subdivision_Name":"Air moisture","Project_Name":"IADN-US 2021","PFAS_Chemical_Name":"Perfluoro[1,2-13C2]undecanoic acid","CAS_Number":"960315-51-9","Result_Measure_Value":90.96,"Result_Unit_of_Measure":"%"}},{"type":"Feature","geometry":{"type":"Point","coordinates":[-86.058611,44.761111]},"properties":{"F_Monitoring_Location_Identifier":"EPA_GLNPO-SBD","Location_Name":"Sleeping Bear Dunes (IADN SBD)","State":" MI","EPA_Region":"05","HUC":"04060104","Organization":"EPA Great Lakes National Program","Environmental_Media_Name":"Air","Activity_Media_Subdivision_Name":"Air moisture","Project_Name":"IADN-US 2021","PFAS_Chemical_Name":"Perfluorooctanoic acid","CAS_Number":"335-67-1","Result_Measure_Value__ppt_":0.45648148153324,"Result_Measure_Value":456.481481533237,"Result_Unit_of_Measure":"pg/L"}},{"type":"Feature","geometry":{"type":"Point","coordinates":[-86.058611,44.761111]},"properties":{"F_Monitoring_Location_Identifier":"EPA_GLNPO-SBD","Location_Name":"Sleeping Bear Dunes (IADN SBD)","State":" MI","EPA_Region":"05","HUC":"04060104","Organization":"EPA Great Lakes National Program","Environmental_Media_Name":"Air","Activity_Media_Subdivision_Name":"Air moisture","Project_Name":"IADN-US 2021","PFAS_Chemical_Name":"Perfluoro[1,2-13C2]undecanoic acid","CAS_Number":"960315-51-9","Result_Measure_Value":92.425,"Result_Unit_of_Measure":"%"}},{"type":"Feature","geometry":{"type":"Point","coordinates":[-86.058611,44.761111]},"properties":{"F_Monitoring_Location_Identifier":"EPA_GLNPO-SBD","Location_Name":"Sleeping Bear Dunes (IADN SBD)","State":" MI","EPA_Region":"05","HUC":"04060104","Organization":"EPA Great Lakes National Program","Environmental_Media_Name":"Air","Activity_Media_Subdivision_Name":"Air moisture","Project_Name":"IADN-US 2021","PFAS_Chemical_Name":"Perfluoro[1,2-13C2]hexanoic acid","Result_Measure_Value":83.415,"Result_Unit_of_Measure":"%"}},{"type":"Feature","geometry":{"type":"Point","coordinates":[-86.058611,44.761111]},"properties":{"F_Monitoring_Location_Identifier":"EPA_GLNPO-SBD","Location_Name":"Sleeping Bear Dunes (IADN SBD)","State":" MI","EPA_Region":"05","HUC":"04060104","Organization":"EPA Great Lakes National Program","Environmental_Media_Name":"Air","Activity_Media_Subdivision_Name":"Air moisture","Project_Name":"IADN-US 2021","PFAS_Chemical_Name":"Perfluoro[1,2-13C2]hexanoic acid","Result_Measure_Value":71.82,"Result_Unit_of_Measure":"%"}},{"type":"Feature","geometry":{"type":"Point","coordinates":[-86.058611,44.761111]},"properties":{"F_Monitoring_Location_Identifier":"EPA_GLNPO-SBD","Location_Name":"Sleeping Bear Dunes (IADN SBD)","State":" MI","EPA_Region":"05","HUC":"04060104","Organization":"EPA Great Lakes National Program","Environmental_Media_Name":"Air","Activity_Media_Subdivision_Name":"Air moisture","Project_Name":"IADN-US 2021","PFAS_Chemical_Name":"Perfluorobutylsulfonamide","CAS_Number":"30334-69-1","Result_Measure_Value__ppt_":0.17952241153196,"Result_Measure_Value":179.522411531962,"Result_Unit_of_Measure":"pg/L"}},{"type":"Feature","geometry":{"type":"Point","coordinates":[-86.058611,44.761111]},"properties":{"F_Monitoring_Location_Identifier":"EPA_GLNPO-SBD","Location_Name":"Sleeping Bear Dunes (IADN SBD)","State":" MI","EPA_Region":"05","HUC":"04060104","Organization":"EPA Great Lakes National Program","Environmental_Media_Name":"Air","Activity_Media_Subdivision_Name":"Air moisture","Project_Name":"IADN-US 2021","PFAS_Chemical_Name":"Perfluorohexanoic acid","CAS_Number":"307-24-4","Result_Measure_Value__ppt_":0.93446559711373,"Result_Measure_Value":934.465597113734,"Result_Unit_of_Measure":"pg/L"}},{"type":"Feature","geometry":{"type":"Point","coordinates":[-86.058611,44.761111]},"properties":{"F_Monitoring_Location_Identifier":"EPA_GLNPO-SBD","Location_Name":"Sleeping Bear Dunes (IADN SBD)","State":" MI","EPA_Region":"05","HUC":"04060104","Organization":"EPA Great Lakes National Program","Environmental_Media_Name":"Air","Activity_Media_Subdivision_Name":"Air moisture","Project_Name":"IADN-US 2021","PFAS_Chemical_Name":"Perfluoro[1,2-13C2]hexanoic acid","Result_Measure_Value":97.6,"Result_Unit_of_Measure":"%"}},{"type":"Feature","geometry":{"type":"Point","coordinates":[-86.058611,44.761111]},"properties":{"F_Monitoring_Location_Identifier":"EPA_GLNPO-SBD","Location_Name":"Sleeping Bear Dunes (IADN SBD)","State":" MI","EPA_Region":"05","HUC":"04060104","Organization":"EPA Great Lakes National Program","Environmental_Media_Name":"Air","Activity_Media_Subdivision_Name":"Air moisture","Project_Name":"IADN-US 2021","PFAS_Chemical_Name":"Sodium perfluoro-1-hexane[18O2]sulfonate","Result_Measure_Value":82.72,"Result_Unit_of_Measure":"%"}},{"type":"Feature","geometry":{"type":"Point","coordinates":[-86.058611,44.761111]},"properties":{"F_Monitoring_Location_Identifier":"EPA_GLNPO-SBD","Location_Name":"Sleeping Bear Dunes (IADN SBD)","State":" MI","EPA_Region":"05","HUC":"04060104","Organization":"EPA Great Lakes National Program","Environmental_Media_Name":"Air","Activity_Media_Subdivision_Name":"Air moisture","Project_Name":"IADN-US 2021","PFAS_Chemical_Name":"Sodium perfluoro-1-hexane[18O2]sulfonate","Result_Measure_Value":102.955,"Result_Unit_of_Measure":"%"}},{"type":"Feature","geometry":{"type":"Point","coordinates":[-86.058611,44.761111]},"properties":{"F_Monitoring_Location_Identifier":"EPA_GLNPO-SBD","Location_Name":"Sleeping Bear Dunes (IADN SBD)","State":" MI","EPA_Region":"05","HUC":"04060104","Organization":"EPA Great Lakes National Program","Environmental_Media_Name":"Air","Activity_Media_Subdivision_Name":"Air moisture","Project_Name":"IADN-US 2021","PFAS_Chemical_Name":"Perfluorononanoic acid","CAS_Number":"375-95-1","Result_Measure_Value__ppt_":0.32372372369942,"Result_Measure_Value":323.72372369942,"Result_Unit_of_Measure":"pg/L"}},{"type":"Feature","geometry":{"type":"Point","coordinates":[-86.058611,44.761111]},"properties":{"F_Monitoring_Location_Identifier":"EPA_GLNPO-SBD","Location_Name":"Sleeping Bear Dunes (IADN SBD)","State":" MI","EPA_Region":"05","HUC":"04060104","Organization":"EPA Great Lakes National Program","Environmental_Media_Name":"Air","Activity_Media_Subdivision_Name":"Air moisture","Project_Name":"IADN-US 2021","PFAS_Chemical_Name":"Perfluorovaleric acid","CAS_Number":"2706-90-3","Result_Measure_Value__ppt_":0.27041666666667,"Result_Measure_Value":270.416666666667,"Result_Unit_of_Measure":"pg/L"}},{"type":"Feature","geometry":{"type":"Point","coordinates":[-86.058611,44.761111]},"properties":{"F_Monitoring_Location_Identifier":"EPA_GLNPO-SBD","Location_Name":"Sleeping Bear Dunes (IADN SBD)","State":" MI","EPA_Region":"05","HUC":"04060104","Organization":"EPA Great Lakes National Program","Environmental_Media_Name":"Air","Activity_Media_Subdivision_Name":"Air moisture","Project_Name":"IADN-US 2021","PFAS_Chemical_Name":"Perfluorooctanoic acid","CAS_Number":"335-67-1","Result_Measure_Value__ppt_":0.18449030644153,"Result_Measure_Value":184.490306441526,"Result_Unit_of_Measure":"pg/L"}},{"type":"Feature","geometry":{"type":"Point","coordinates":[-86.058611,44.761111]},"properties":{"F_Monitoring_Location_Identifier":"EPA_GLNPO-SBD","Location_Name":"Sleeping Bear Dunes (IADN SBD)","State":" MI","EPA_Region":"05","HUC":"04060104","Organization":"EPA Great Lakes National Program","Environmental_Media_Name":"Air","Activity_Media_Subdivision_Name":"Air moisture","Project_Name":"IADN-US 2021","PFAS_Chemical_Name":"Perfluoro[1,2-13C2]tetradecanoic acid","Result_Measure_Value":69.815,"Result_Unit_of_Measure":"%"}},{"type":"Feature","geometry":{"type":"Point","coordinates":[-86.058611,44.761111]},"properties":{"F_Monitoring_Location_Identifier":"EPA_GLNPO-SBD","Location_Name":"Sleeping Bear Dunes (IADN SBD)","State":" MI","EPA_Region":"05","HUC":"04060104","Organization":"EPA Great Lakes National Program","Environmental_Media_Name":"Air","Activity_Media_Subdivision_Name":"Air moisture","Project_Name":"IADN-US 2021","PFAS_Chemical_Name":"Perfluorooctanoic acid","CAS_Number":"335-67-1","Result_Measure_Value__ppt_":0.26652903225806,"Result_Measure_Value":266.529032258064,"Result_Unit_of_Measure":"pg/L"}},{"type":"Feature","geometry":{"type":"Point","coordinates":[-86.058611,44.761111]},"properties":{"F_Monitoring_Location_Identifier":"EPA_GLNPO-SBD","Location_Name":"Sleeping Bear Dunes (IADN SBD)","State":" MI","EPA_Region":"05","HUC":"04060104","Organization":"EPA Great Lakes National Program","Environmental_Media_Name":"Air","Activity_Media_Subdivision_Name":"Air moisture","Project_Name":"IADN-US 2021","PFAS_Chemical_Name":"Perfluoro[1,2-13C2]tetradecanoic acid","Result_Measure_Value":73.395,"Result_Unit_of_Measure":"%"}},{"type":"Feature","geometry":{"type":"Point","coordinates":[-86.058611,44.761111]},"properties":{"F_Monitoring_Location_Identifier":"EPA_GLNPO-SBD","Location_Name":"Sleeping Bear Dunes (IADN SBD)","State":" MI","EPA_Region":"05","HUC":"04060104","Organization":"EPA Great Lakes National Program","Environmental_Media_Name":"Air","Activity_Media_Subdivision_Name":"Air moisture","Project_Name":"IADN-US 2021","PFAS_Chemical_Name":"Sodium perfluoro-1-hexane[18O2]sulfonate","Result_Measure_Value":84.295,"Result_Unit_of_Measure":"%"}},{"type":"Feature","geometry":{"type":"Point","coordinates":[-86.058611,44.761111]},"properties":{"F_Monitoring_Location_Identifier":"EPA_GLNPO-SBD","Location_Name":"Sleeping Bear Dunes (IADN SBD)","State":" MI","EPA_Region":"05","HUC":"04060104","Organization":"EPA Great Lakes National Program","Environmental_Media_Name":"Air","Activity_Media_Subdivision_Name":"Air moisture","Project_Name":"IADN-US 2021","PFAS_Chemical_Name":"Perfluoro[1,2-13C2]tetradecanoic acid","Result_Measure_Value":86.74,"Result_Unit_of_Measure":"%"}},{"type":"Feature","geometry":{"type":"Point","coordinates":[-86.058611,44.761111]},"properties":{"F_Monitoring_Location_Identifier":"EPA_GLNPO-SBD","Location_Name":"Sleeping Bear Dunes (IADN SBD)","State":" MI","EPA_Region":"05","HUC":"04060104","Organization":"EPA Great Lakes National Program","Environmental_Media_Name":"Air","Activity_Media_Subdivision_Name":"Air moisture","Project_Name":"IADN-US 2021","PFAS_Chemical_Name":"Sodium perfluoro-1-hexane[18O2]sulfonate","Result_Measure_Value":79.14,"Result_Unit_of_Measure":"%"}},{"type":"Feature","geometry":{"type":"Point","coordinates":[-86.058611,44.761111]},"properties":{"F_Monitoring_Location_Identifier":"EPA_GLNPO-SBD","Location_Name":"Sleeping Bear Dunes (IADN SBD)","State":" MI","EPA_Region":"05","HUC":"04060104","Organization":"EPA Great Lakes National Program","Environmental_Media_Name":"Air","Activity_Media_Subdivision_Name":"Air moisture","Project_Name":"IADN-US 2021","PFAS_Chemical_Name":"Perfluorooctanoic acid","CAS_Number":"335-67-1","Result_Measure_Value__ppt_":0.1703607085265,"Result_Measure_Value":170.360708526501,"Result_Unit_of_Measure":"pg/L"}},{"type":"Feature","geometry":{"type":"Point","coordinates":[-86.058611,44.761111]},"properties":{"F_Monitoring_Location_Identifier":"EPA_GLNPO-SBD","Location_Name":"Sleeping Bear Dunes (IADN SBD)","State":" MI","EPA_Region":"05","HUC":"04060104","Organization":"EPA Great Lakes National Program","Environmental_Media_Name":"Air","Activity_Media_Subdivision_Name":"Air moisture","Project_Name":"IADN-US 2021","PFAS_Chemical_Name":"Perfluoro[1,2-13C2]hexanoic acid","Result_Measure_Value":77.91,"Result_Unit_of_Measure":"%"}},{"type":"Feature","geometry":{"type":"Point","coordinates":[-86.058611,44.761111]},"properties":{"F_Monitoring_Location_Identifier":"EPA_GLNPO-SBD","Location_Name":"Sleeping Bear Dunes (IADN SBD)","State":" MI","EPA_Region":"05","HUC":"04060104","Organization":"EPA Great Lakes National Program","Environmental_Media_Name":"Air","Activity_Media_Subdivision_Name":"Air moisture","Project_Name":"IADN-US 2021","PFAS_Chemical_Name":"Perfluorovaleric acid","CAS_Number":"2706-90-3","Result_Measure_Value__ppt_":0.17563482144018,"Result_Measure_Value":175.634821440176,"Result_Unit_of_Measure":"pg/L"}},{"type":"Feature","geometry":{"type":"Point","coordinates":[-86.058611,44.761111]},"properties":{"F_Monitoring_Location_Identifier":"EPA_GLNPO-SBD","Location_Name":"Sleeping Bear Dunes (IADN SBD)","State":" MI","EPA_Region":"05","HUC":"04060104","Organization":"EPA Great Lakes National Program","Environmental_Media_Name":"Air","Activity_Media_Subdivision_Name":"Air moisture","Project_Name":"IADN-US 2021","PFAS_Chemical_Name":"Perfluorooctanoic acid","CAS_Number":"335-67-1","Result_Measure_Value__ppt_":0.16887923284779,"Result_Measure_Value":168.879232847794,"Result_Unit_of_Measure":"pg/L"}},{"type":"Feature","geometry":{"type":"Point","coordinates":[-86.058611,44.761111]},"properties":{"F_Monitoring_Location_Identifier":"EPA_GLNPO-SBD","Location_Name":"Sleeping Bear Dunes (IADN SBD)","State":" MI","EPA_Region":"05","HUC":"04060104","Organization":"EPA Great Lakes National Program","Environmental_Media_Name":"Air","Activity_Media_Subdivision_Name":"Air moisture","Project_Name":"IADN-US 2021","PFAS_Chemical_Name":"Sodium perfluoro-1-hexane[18O2]sulfonate","Result_Measure_Value":88.2,"Result_Unit_of_Measure":"%"}},{"type":"Feature","geometry":{"type":"Point","coordinates":[-86.058611,44.761111]},"properties":{"F_Monitoring_Location_Identifier":"EPA_GLNPO-SBD","Location_Name":"Sleeping Bear Dunes (IADN SBD)","State":" MI","EPA_Region":"05","HUC":"04060104","Organization":"EPA Great Lakes National Program","Environmental_Media_Name":"Air","Activity_Media_Subdivision_Name":"Air moisture","Project_Name":"IADN-US 2021","PFAS_Chemical_Name":"Perfluorovaleric acid","CAS_Number":"2706-90-3","Result_Measure_Value__ppt_":1.5864714975089,"Result_Measure_Value":1586.47149750892,"Result_Unit_of_Measure":"pg/L"}},{"type":"Feature","geometry":{"type":"Point","coordinates":[-86.058611,44.761111]},"properties":{"F_Monitoring_Location_Identifier":"EPA_GLNPO-SBD","Location_Name":"Sleeping Bear Dunes (IADN SBD)","State":" MI","EPA_Region":"05","HUC":"04060104","Organization":"EPA Great Lakes National Program","Environmental_Media_Name":"Air","Activity_Media_Subdivision_Name":"Air moisture","Project_Name":"IADN-US 2021","PFAS_Chemical_Name":"Perfluoro[1,2-13C2]tetradecanoic acid","Result_Measure_Value":39.68,"Result_Unit_of_Measure":"%"}},{"type":"Feature","geometry":{"type":"Point","coordinates":[-86.058611,44.761111]},"properties":{"F_Monitoring_Location_Identifier":"EPA_GLNPO-SBD","Location_Name":"Sleeping Bear Dunes (IADN SBD)","State":" MI","EPA_Region":"05","HUC":"04060104","Organization":"EPA Great Lakes National Program","Environmental_Media_Name":"Air","Activity_Media_Subdivision_Name":"Air moisture","Project_Name":"IADN-US 2021","PFAS_Chemical_Name":"Perfluorononanoic acid","CAS_Number":"375-95-1","Result_Measure_Value__ppt_":0.18064283412988,"Result_Measure_Value":180.642834129876,"Result_Unit_of_Measure":"pg/L"}},{"type":"Feature","geometry":{"type":"Point","coordinates":[-86.058611,44.761111]},"properties":{"F_Monitoring_Location_Identifier":"EPA_GLNPO-SBD","Location_Name":"Sleeping Bear Dunes (IADN SBD)","State":" MI","EPA_Region":"05","HUC":"04060104","Organization":"EPA Great Lakes National Program","Environmental_Media_Name":"Air","Activity_Media_Subdivision_Name":"Air moisture","Project_Name":"IADN-US 2021","PFAS_Chemical_Name":"Sodium perfluoro-1-hexane[18O2]sulfonate","Result_Measure_Value":93.905,"Result_Unit_of_Measure":"%"}},{"type":"Feature","geometry":{"type":"Point","coordinates":[-86.058611,44.761111]},"properties":{"F_Monitoring_Location_Identifier":"EPA_GLNPO-SBD","Location_Name":"Sleeping Bear Dunes (IADN SBD)","State":" MI","EPA_Region":"05","HUC":"04060104","Organization":"EPA Great Lakes National Program","Environmental_Media_Name":"Air","Activity_Media_Subdivision_Name":"Air moisture","Project_Name":"IADN-US 2021","PFAS_Chemical_Name":"Perfluoro[1,2-13C2]tetradecanoic acid","Result_Measure_Value":80.775,"Result_Unit_of_Measure":"%"}},{"type":"Feature","geometry":{"type":"Point","coordinates":[-86.058611,44.761111]},"properties":{"F_Monitoring_Location_Identifier":"EPA_GLNPO-SBD","Location_Name":"Sleeping Bear Dunes (IADN SBD)","State":" MI","EPA_Region":"05","HUC":"04060104","Organization":"EPA Great Lakes National Program","Environmental_Media_Name":"Air","Activity_Media_Subdivision_Name":"Air moisture","Project_Name":"IADN-US 2021","PFAS_Chemical_Name":"Perfluorononanoic acid","CAS_Number":"375-95-1","Result_Measure_Value__ppt_":0.116875,"Result_Measure_Value":116.875,"Result_Unit_of_Measure":"pg/L"}},{"type":"Feature","geometry":{"type":"Point","coordinates":[-86.058611,44.761111]},"properties":{"F_Monitoring_Location_Identifier":"EPA_GLNPO-SBD","Location_Name":"Sleeping Bear Dunes (IADN SBD)","State":" MI","EPA_Region":"05","HUC":"04060104","Organization":"EPA Great Lakes National Program","Environmental_Media_Name":"Air","Activity_Media_Subdivision_Name":"Air moisture","Project_Name":"IADN-US 2021","PFAS_Chemical_Name":"Sodium perfluoro-1-hexane[18O2]sulfonate","Result_Measure_Value":89.925,"Result_Unit_of_Measure":"%"}},{"type":"Feature","geometry":{"type":"Point","coordinates":[-86.058611,44.761111]},"properties":{"F_Monitoring_Location_Identifier":"EPA_GLNPO-SBD","Location_Name":"Sleeping Bear Dunes (IADN SBD)","State":" MI","EPA_Region":"05","HUC":"04060104","Organization":"EPA Great Lakes National Program","Environmental_Media_Name":"Air","Activity_Media_Subdivision_Name":"Air moisture","Project_Name":"IADN-US 2021","PFAS_Chemical_Name":"Perfluoro[1,2-13C2]hexanoic acid","Result_Measure_Value":71.65,"Result_Unit_of_Measure":"%"}},{"type":"Feature","geometry":{"type":"Point","coordinates":[-86.058611,44.761111]},"properties":{"F_Monitoring_Location_Identifier":"EPA_GLNPO-SBD","Location_Name":"Sleeping Bear Dunes (IADN SBD)","State":" MI","EPA_Region":"05","HUC":"04060104","Organization":"EPA Great Lakes National Program","Environmental_Media_Name":"Air","Activity_Media_Subdivision_Name":"Air moisture","Project_Name":"IADN-US 2021","PFAS_Chemical_Name":"Perfluorodecanoic acid","CAS_Number":"335-76-2","Result_Measure_Value__ppt_":0.072785089140344,"Result_Measure_Value":72.7850891403442,"Result_Unit_of_Measure":"pg/L"}},{"type":"Feature","geometry":{"type":"Point","coordinates":[-86.058611,44.761111]},"properties":{"F_Monitoring_Location_Identifier":"EPA_GLNPO-SBD","Location_Name":"Sleeping Bear Dunes (IADN SBD)","State":" MI","EPA_Region":"05","HUC":"04060104","Organization":"EPA Great Lakes National Program","Environmental_Media_Name":"Air","Activity_Media_Subdivision_Name":"Air moisture","Project_Name":"IADN-US 2021","PFAS_Chemical_Name":"Sodium perfluoro-1-hexane[18O2]sulfonate","Result_Measure_Value":83.545,"Result_Unit_of_Measure":"%"}},{"type":"Feature","geometry":{"type":"Point","coordinates":[-86.058611,44.761111]},"properties":{"F_Monitoring_Location_Identifier":"EPA_GLNPO-SBD","Location_Name":"Sleeping Bear Dunes (IADN SBD)","State":" MI","EPA_Region":"05","HUC":"04060104","Organization":"EPA Great Lakes National Program","Environmental_Media_Name":"Air","Activity_Media_Subdivision_Name":"Air moisture","Project_Name":"IADN-US 2021","PFAS_Chemical_Name":"Heptafluorobutyric acid***retired***use Perfluorobutanoic acid","Result_Measure_Value__ppt_":1.0506457050148,"Result_Measure_Value":1050.64570501478,"Result_Unit_of_Measure":"pg/L"}},{"type":"Feature","geometry":{"type":"Point","coordinates":[-86.058611,44.761111]},"properties":{"F_Monitoring_Location_Identifier":"EPA_GLNPO-SBD","Location_Name":"Sleeping Bear Dunes (IADN SBD)","State":" MI","EPA_Region":"05","HUC":"04060104","Organization":"EPA Great Lakes National Program","Environmental_Media_Name":"Air","Activity_Media_Subdivision_Name":"Air moisture","Project_Name":"IADN-US 2021","PFAS_Chemical_Name":"Perfluoroheptanoic acid","CAS_Number":"375-85-9","Result_Measure_Value__ppt_":0.30541666666667,"Result_Measure_Value":305.416666666667,"Result_Unit_of_Measure":"pg/L"}},{"type":"Feature","geometry":{"type":"Point","coordinates":[-86.058611,44.761111]},"properties":{"F_Monitoring_Location_Identifier":"EPA_GLNPO-SBD","Location_Name":"Sleeping Bear Dunes (IADN SBD)","State":" MI","EPA_Region":"05","HUC":"04060104","Organization":"EPA Great Lakes National Program","Environmental_Media_Name":"Air","Activity_Media_Subdivision_Name":"Air moisture","Project_Name":"IADN-US 2021","PFAS_Chemical_Name":"Sodium perfluoro-1-hexane[18O2]sulfonate","Result_Measure_Value":77.35,"Result_Unit_of_Measure":"%"}},{"type":"Feature","geometry":{"type":"Point","coordinates":[-86.058611,44.761111]},"properties":{"F_Monitoring_Location_Identifier":"EPA_GLNPO-SBD","Location_Name":"Sleeping Bear Dunes (IADN SBD)","State":" MI","EPA_Region":"05","HUC":"04060104","Organization":"EPA Great Lakes National Program","Environmental_Media_Name":"Air","Activity_Media_Subdivision_Name":"Air moisture","Project_Name":"IADN-US 2021","PFAS_Chemical_Name":"Perfluorohexanoic acid","CAS_Number":"307-24-4","Result_Measure_Value__ppt_":0.69658408403179,"Result_Measure_Value":696.584084031788,"Result_Unit_of_Measure":"pg/L"}},{"type":"Feature","geometry":{"type":"Point","coordinates":[-86.058611,44.761111]},"properties":{"F_Monitoring_Location_Identifier":"EPA_GLNPO-SBD","Location_Name":"Sleeping Bear Dunes (IADN SBD)","State":" MI","EPA_Region":"05","HUC":"04060104","Organization":"EPA Great Lakes National Program","Environmental_Media_Name":"Air","Activity_Media_Subdivision_Name":"Air moisture","Project_Name":"IADN-US 2021","PFAS_Chemical_Name":"Perfluorohexanoic acid","CAS_Number":"307-24-4","Result_Measure_Value__ppt_":0.24916666666667,"Result_Measure_Value":249.166666666667,"Result_Unit_of_Measure":"pg/L"}},{"type":"Feature","geometry":{"type":"Point","coordinates":[-86.058611,44.761111]},"properties":{"F_Monitoring_Location_Identifier":"EPA_GLNPO-SBD","Location_Name":"Sleeping Bear Dunes (IADN SBD)","State":" MI","EPA_Region":"05","HUC":"04060104","Organization":"EPA Great Lakes National Program","Environmental_Media_Name":"Air","Activity_Media_Subdivision_Name":"Air moisture","Project_Name":"IADN-US 2021","PFAS_Chemical_Name":"Heptafluorobutyric acid***retired***use Perfluorobutanoic acid","Result_Measure_Value__ppt_":1.4304767184194,"Result_Measure_Value":1430.47671841941,"Result_Unit_of_Measure":"pg/L"}},{"type":"Feature","geometry":{"type":"Point","coordinates":[-86.058611,44.761111]},"properties":{"F_Monitoring_Location_Identifier":"EPA_GLNPO-SBD","Location_Name":"Sleeping Bear Dunes (IADN SBD)","State":" MI","EPA_Region":"05","HUC":"04060104","Organization":"EPA Great Lakes National Program","Environmental_Media_Name":"Air","Activity_Media_Subdivision_Name":"Air moisture","Project_Name":"IADN-US 2021","PFAS_Chemical_Name":"Perfluoropalmitic acid","CAS_Number":"67905-19-5","Result_Measure_Value__ppt_":0.624,"Result_Measure_Value":624,"Result_Unit_of_Measure":"pg/L"}},{"type":"Feature","geometry":{"type":"Point","coordinates":[-86.058611,44.761111]},"properties":{"F_Monitoring_Location_Identifier":"EPA_GLNPO-SBD","Location_Name":"Sleeping Bear Dunes (IADN SBD)","State":" MI","EPA_Region":"05","HUC":"04060104","Organization":"EPA Great Lakes National Program","Environmental_Media_Name":"Air","Activity_Media_Subdivision_Name":"Air moisture","Project_Name":"IADN-US 2021","PFAS_Chemical_Name":"Perfluorovaleric acid","CAS_Number":"2706-90-3","Result_Measure_Value__ppt_":0.38652993348544,"Result_Measure_Value":386.529933485438,"Result_Unit_of_Measure":"pg/L"}},{"type":"Feature","geometry":{"type":"Point","coordinates":[-86.058611,44.761111]},"properties":{"F_Monitoring_Location_Identifier":"EPA_GLNPO-SBD","Location_Name":"Sleeping Bear Dunes (IADN SBD)","State":" MI","EPA_Region":"05","HUC":"04060104","Organization":"EPA Great Lakes National Program","Environmental_Media_Name":"Air","Activity_Media_Subdivision_Name":"Air moisture","Project_Name":"IADN-US 2021","PFAS_Chemical_Name":"Perfluoro[1,2-13C2]tetradecanoic acid","Result_Measure_Value":43.705,"Result_Unit_of_Measure":"%"}},{"type":"Feature","geometry":{"type":"Point","coordinates":[-86.058611,44.761111]},"properties":{"F_Monitoring_Location_Identifier":"EPA_GLNPO-SBD","Location_Name":"Sleeping Bear Dunes (IADN SBD)","State":" MI","EPA_Region":"05","HUC":"04060104","Organization":"EPA Great Lakes National Program","Environmental_Media_Name":"Air","Activity_Media_Subdivision_Name":"Air moisture","Project_Name":"IADN-US 2021","PFAS_Chemical_Name":"Perfluorohexanoic acid","CAS_Number":"307-24-4","Result_Measure_Value__ppt_":0.5149159664731,"Result_Measure_Value":514.915966473095,"Result_Unit_of_Measure":"pg/L"}},{"type":"Feature","geometry":{"type":"Point","coordinates":[-86.058611,44.761111]},"properties":{"F_Monitoring_Location_Identifier":"EPA_GLNPO-SBD","Location_Name":"Sleeping Bear Dunes (IADN SBD)","State":" MI","EPA_Region":"05","HUC":"04060104","Organization":"EPA Great Lakes National Program","Environmental_Media_Name":"Air","Activity_Media_Subdivision_Name":"Air moisture","Project_Name":"IADN-US 2021","PFAS_Chemical_Name":"Perfluoro[1,2-13C2]undecanoic acid","CAS_Number":"960315-51-9","Result_Measure_Value":70.475,"Result_Unit_of_Measure":"%"}},{"type":"Feature","geometry":{"type":"Point","coordinates":[-86.058611,44.761111]},"properties":{"F_Monitoring_Location_Identifier":"EPA_GLNPO-SBD","Location_Name":"Sleeping Bear Dunes (IADN SBD)","State":" MI","EPA_Region":"05","HUC":"04060104","Organization":"EPA Great Lakes National Program","Environmental_Media_Name":"Air","Activity_Media_Subdivision_Name":"Air moisture","Project_Name":"IADN-US 2021","PFAS_Chemical_Name":"Perfluorohexanoic acid","CAS_Number":"307-24-4","Result_Measure_Value__ppt_":0.21527716186491,"Result_Measure_Value":215.277161864914,"Result_Unit_of_Measure":"pg/L"}},{"type":"Feature","geometry":{"type":"Point","coordinates":[-86.058611,44.761111]},"properties":{"F_Monitoring_Location_Identifier":"EPA_GLNPO-SBD","Location_Name":"Sleeping Bear Dunes (IADN SBD)","State":" MI","EPA_Region":"05","HUC":"04060104","Organization":"EPA Great Lakes National Program","Environmental_Media_Name":"Air","Activity_Media_Subdivision_Name":"Air moisture","Project_Name":"IADN-US 2021","PFAS_Chemical_Name":"Heptafluorobutyric acid***retired***use Perfluorobutanoic acid","Result_Measure_Value__ppt_":0.364,"Result_Measure_Value":364,"Result_Unit_of_Measure":"pg/L"}},{"type":"Feature","geometry":{"type":"Point","coordinates":[-86.058611,44.761111]},"properties":{"F_Monitoring_Location_Identifier":"EPA_GLNPO-SBD","Location_Name":"Sleeping Bear Dunes (IADN SBD)","State":" MI","EPA_Region":"05","HUC":"04060104","Organization":"EPA Great Lakes National Program","Environmental_Media_Name":"Air","Activity_Media_Subdivision_Name":"Air moisture","Project_Name":"IADN-US 2021","PFAS_Chemical_Name":"Perfluorobutylsulfonamide","CAS_Number":"30334-69-1","Result_Measure_Value__ppt_":0.33384009006503,"Result_Measure_Value":333.840090065027,"Result_Unit_of_Measure":"pg/L"}},{"type":"Feature","geometry":{"type":"Point","coordinates":[-86.058611,44.761111]},"properties":{"F_Monitoring_Location_Identifier":"EPA_GLNPO-SBD","Location_Name":"Sleeping Bear Dunes (IADN SBD)","State":" MI","EPA_Region":"05","HUC":"04060104","Organization":"EPA Great Lakes National Program","Environmental_Media_Name":"Air","Activity_Media_Subdivision_Name":"Air moisture","Project_Name":"IADN-US 2021","PFAS_Chemical_Name":"Perfluoro[1,2-13C2]hexanoic acid","Result_Measure_Value":71.325,"Result_Unit_of_Measure":"%"}},{"type":"Feature","geometry":{"type":"Point","coordinates":[-86.058611,44.761111]},"properties":{"F_Monitoring_Location_Identifier":"EPA_GLNPO-SBD","Location_Name":"Sleeping Bear Dunes (IADN SBD)","State":" MI","EPA_Region":"05","HUC":"04060104","Organization":"EPA Great Lakes National Program","Environmental_Media_Name":"Air","Activity_Media_Subdivision_Name":"Air moisture","Project_Name":"IADN-US 2021","PFAS_Chemical_Name":"Perfluoroheptanoic acid","CAS_Number":"375-85-9","Result_Measure_Value__ppt_":0.60682838552235,"Result_Measure_Value":606.828385522349,"Result_Unit_of_Measure":"pg/L"}},{"type":"Feature","geometry":{"type":"Point","coordinates":[-86.058611,44.761111]},"properties":{"F_Monitoring_Location_Identifier":"EPA_GLNPO-SBD","Location_Name":"Sleeping Bear Dunes (IADN SBD)","State":" MI","EPA_Region":"05","HUC":"04060104","Organization":"EPA Great Lakes National Program","Environmental_Media_Name":"Air","Activity_Media_Subdivision_Name":"Air moisture","Project_Name":"IADN-US 2021","PFAS_Chemical_Name":"Perfluoro[1,2-13C2]undecanoic acid","CAS_Number":"960315-51-9","Result_Measure_Value":76.295,"Result_Unit_of_Measure":"%"}},{"type":"Feature","geometry":{"type":"Point","coordinates":[-86.058611,44.761111]},"properties":{"F_Monitoring_Location_Identifier":"EPA_GLNPO-SBD","Location_Name":"Sleeping Bear Dunes (IADN SBD)","State":" MI","EPA_Region":"05","HUC":"04060104","Organization":"EPA Great Lakes National Program","Environmental_Media_Name":"Air","Activity_Media_Subdivision_Name":"Air moisture","Project_Name":"IADN-US 2021","PFAS_Chemical_Name":"Perfluoro[1,2-13C2]undecanoic acid","CAS_Number":"960315-51-9","Result_Measure_Value":73.32,"Result_Unit_of_Measure":"%"}},{"type":"Feature","geometry":{"type":"Point","coordinates":[-86.058611,44.761111]},"properties":{"F_Monitoring_Location_Identifier":"EPA_GLNPO-SBD","Location_Name":"Sleeping Bear Dunes (IADN SBD)","State":" MI","EPA_Region":"05","HUC":"04060104","Organization":"EPA Great Lakes National Program","Environmental_Media_Name":"Air","Activity_Media_Subdivision_Name":"Air moisture","Project_Name":"IADN-US 2021","PFAS_Chemical_Name":"Perfluoro[1,2-13C2]hexanoic acid","Result_Measure_Value":72.73,"Result_Unit_of_Measure":"%"}},{"type":"Feature","geometry":{"type":"Point","coordinates":[-86.058611,44.761111]},"properties":{"F_Monitoring_Location_Identifier":"EPA_GLNPO-SBD","Location_Name":"Sleeping Bear Dunes (IADN SBD)","State":" MI","EPA_Region":"05","HUC":"04060104","Organization":"EPA Great Lakes National Program","Environmental_Media_Name":"Air","Activity_Media_Subdivision_Name":"Air moisture","Project_Name":"IADN-US 2021","PFAS_Chemical_Name":"Perfluoro[1,2-13C2]hexanoic acid","Result_Measure_Value":75.065,"Result_Unit_of_Measure":"%"}},{"type":"Feature","geometry":{"type":"Point","coordinates":[-86.058611,44.761111]},"properties":{"F_Monitoring_Location_Identifier":"EPA_GLNPO-SBD","Location_Name":"Sleeping Bear Dunes (IADN SBD)","State":" MI","EPA_Region":"05","HUC":"04060104","Organization":"EPA Great Lakes National Program","Environmental_Media_Name":"Air","Activity_Media_Subdivision_Name":"Air moisture","Project_Name":"IADN-US 2021","PFAS_Chemical_Name":"Perfluoro[1,2-13C2]hexanoic acid","Result_Measure_Value":80.455,"Result_Unit_of_Measure":"%"}},{"type":"Feature","geometry":{"type":"Point","coordinates":[-86.058611,44.761111]},"properties":{"F_Monitoring_Location_Identifier":"EPA_GLNPO-SBD","Location_Name":"Sleeping Bear Dunes (IADN SBD)","State":" MI","EPA_Region":"05","HUC":"04060104","Organization":"EPA Great Lakes National Program","Environmental_Media_Name":"Air","Activity_Media_Subdivision_Name":"Air moisture","Project_Name":"IADN-US 2021","PFAS_Chemical_Name":"Perfluoro[1,2-13C2]hexanoic acid","Result_Measure_Value":75.2,"Result_Unit_of_Measure":"%"}},{"type":"Feature","geometry":{"type":"Point","coordinates":[-86.058611,44.761111]},"properties":{"F_Monitoring_Location_Identifier":"EPA_GLNPO-SBD","Location_Name":"Sleeping Bear Dunes (IADN SBD)","State":" MI","EPA_Region":"05","HUC":"04060104","Organization":"EPA Great Lakes National Program","Environmental_Media_Name":"Air","Activity_Media_Subdivision_Name":"Air moisture","Project_Name":"IADN-US 2021","PFAS_Chemical_Name":"Perfluorononanoic acid","CAS_Number":"375-95-1","Result_Measure_Value__ppt_":0.12059709320028,"Result_Measure_Value":120.597093200284,"Result_Unit_of_Measure":"pg/L"}},{"type":"Feature","geometry":{"type":"Point","coordinates":[-86.058611,44.761111]},"properties":{"F_Monitoring_Location_Identifier":"EPA_GLNPO-SBD","Location_Name":"Sleeping Bear Dunes (IADN SBD)","State":" MI","EPA_Region":"05","HUC":"04060104","Organization":"EPA Great Lakes National Program","Environmental_Media_Name":"Air","Activity_Media_Subdivision_Name":"Air moisture","Project_Name":"IADN-US 2021","PFAS_Chemical_Name":"Perfluoro[1,2-13C2]tetradecanoic acid","Result_Measure_Value":61.93,"Result_Unit_of_Measure":"%"}},{"type":"Feature","geometry":{"type":"Point","coordinates":[-86.058611,44.761111]},"properties":{"F_Monitoring_Location_Identifier":"EPA_GLNPO-SBD","Location_Name":"Sleeping Bear Dunes (IADN SBD)","State":" MI","EPA_Region":"05","HUC":"04060104","Organization":"EPA Great Lakes National Program","Environmental_Media_Name":"Air","Activity_Media_Subdivision_Name":"Air moisture","Project_Name":"IADN-US 2021","PFAS_Chemical_Name":"Sodium perfluoro-1-hexane[18O2]sulfonate","Result_Measure_Value":108.525,"Result_Unit_of_Measure":"%"}},{"type":"Feature","geometry":{"type":"Point","coordinates":[-86.058611,44.761111]},"properties":{"F_Monitoring_Location_Identifier":"EPA_GLNPO-SBD","Location_Name":"Sleeping Bear Dunes (IADN SBD)","State":" MI","EPA_Region":"05","HUC":"04060104","Organization":"EPA Great Lakes National Program","Environmental_Media_Name":"Air","Activity_Media_Subdivision_Name":"Air moisture","Project_Name":"IADN-US 2021","PFAS_Chemical_Name":"Perfluorooctanoic acid","CAS_Number":"335-67-1","Result_Measure_Value__ppt_":0.25104166666667,"Result_Measure_Value":251.041666666667,"Result_Unit_of_Measure":"pg/L"}},{"type":"Feature","geometry":{"type":"Point","coordinates":[-86.058611,44.761111]},"properties":{"F_Monitoring_Location_Identifier":"EPA_GLNPO-SBD","Location_Name":"Sleeping Bear Dunes (IADN SBD)","State":" MI","EPA_Region":"05","HUC":"04060104","Organization":"EPA Great Lakes National Program","Environmental_Media_Name":"Air","Activity_Media_Subdivision_Name":"Air moisture","Project_Name":"IADN-US 2021","PFAS_Chemical_Name":"Perfluorobutylsulfonamide","CAS_Number":"30334-69-1","Result_Measure_Value__ppt_":0.14197339246277,"Result_Measure_Value":141.973392462771,"Result_Unit_of_Measure":"pg/L"}},{"type":"Feature","geometry":{"type":"Point","coordinates":[-86.058611,44.761111]},"properties":{"F_Monitoring_Location_Identifier":"EPA_GLNPO-SBD","Location_Name":"Sleeping Bear Dunes (IADN SBD)","State":" MI","EPA_Region":"05","HUC":"04060104","Organization":"EPA Great Lakes National Program","Environmental_Media_Name":"Air","Activity_Media_Subdivision_Name":"Air moisture","Project_Name":"IADN-US 2021","PFAS_Chemical_Name":"Perfluorooctanoic acid","CAS_Number":"335-67-1","Result_Measure_Value__ppt_":1.0738051675513,"Result_Measure_Value":1073.80516755129,"Result_Unit_of_Measure":"pg/L"}},{"type":"Feature","geometry":{"type":"Point","coordinates":[-86.058611,44.761111]},"properties":{"F_Monitoring_Location_Identifier":"EPA_GLNPO-SBD","Location_Name":"Sleeping Bear Dunes (IADN SBD)","State":" MI","EPA_Region":"05","HUC":"04060104","Organization":"EPA Great Lakes National Program","Environmental_Media_Name":"Air","Activity_Media_Subdivision_Name":"Air moisture","Project_Name":"IADN-US 2021","PFAS_Chemical_Name":"Perfluorooctanoic acid","CAS_Number":"335-67-1","Result_Measure_Value__ppt_":0.42759103648643,"Result_Measure_Value":427.59103648643,"Result_Unit_of_Measure":"pg/L"}},{"type":"Feature","geometry":{"type":"Point","coordinates":[-86.058611,44.761111]},"properties":{"F_Monitoring_Location_Identifier":"EPA_GLNPO-SBD","Location_Name":"Sleeping Bear Dunes (IADN SBD)","State":" MI","EPA_Region":"05","HUC":"04060104","Organization":"EPA Great Lakes National Program","Environmental_Media_Name":"Air","Activity_Media_Subdivision_Name":"Air moisture","Project_Name":"IADN-US 2021","PFAS_Chemical_Name":"Perfluorovaleric acid","CAS_Number":"2706-90-3","Result_Measure_Value__ppt_":1.0437041096805,"Result_Measure_Value":1043.70410968054,"Result_Unit_of_Measure":"pg/L"}},{"type":"Feature","geometry":{"type":"Point","coordinates":[-86.058611,44.761111]},"properties":{"F_Monitoring_Location_Identifier":"EPA_GLNPO-SBD","Location_Name":"Sleeping Bear Dunes (IADN SBD)","State":" MI","EPA_Region":"05","HUC":"04060104","Organization":"EPA Great Lakes National Program","Environmental_Media_Name":"Air","Activity_Media_Subdivision_Name":"Air moisture","Project_Name":"IADN-US 2021","PFAS_Chemical_Name":"Perfluoro[1,2-13C2]tetradecanoic acid","Result_Measure_Value":48.8,"Result_Unit_of_Measure":"%"}},{"type":"Feature","geometry":{"type":"Point","coordinates":[-86.058611,44.761111]},"properties":{"F_Monitoring_Location_Identifier":"EPA_GLNPO-SBD","Location_Name":"Sleeping Bear Dunes (IADN SBD)","State":" MI","EPA_Region":"05","HUC":"04060104","Organization":"EPA Great Lakes National Program","Environmental_Media_Name":"Air","Activity_Media_Subdivision_Name":"Air moisture","Project_Name":"IADN-US 2021","PFAS_Chemical_Name":"Perfluorovaleric acid","CAS_Number":"2706-90-3","Result_Measure_Value__ppt_":4.8714893620338,"Result_Measure_Value":4871.4893620338,"Result_Unit_of_Measure":"pg/L"}},{"type":"Feature","geometry":{"type":"Point","coordinates":[-86.058611,44.761111]},"properties":{"F_Monitoring_Location_Identifier":"EPA_GLNPO-SBD","Location_Name":"Sleeping Bear Dunes (IADN SBD)","State":" MI","EPA_Region":"05","HUC":"04060104","Organization":"EPA Great Lakes National Program","Environmental_Media_Name":"Air","Activity_Media_Subdivision_Name":"Air moisture","Project_Name":"IADN-US 2021","PFAS_Chemical_Name":"Heptafluorobutyric acid***retired***use Perfluorobutanoic acid","Result_Measure_Value__ppt_":7.791368960493,"Result_Measure_Value":7791.36896049301,"Result_Unit_of_Measure":"pg/L"}},{"type":"Feature","geometry":{"type":"Point","coordinates":[-86.058611,44.761111]},"properties":{"F_Monitoring_Location_Identifier":"EPA_GLNPO-SBD","Location_Name":"Sleeping Bear Dunes (IADN SBD)","State":" MI","EPA_Region":"05","HUC":"04060104","Organization":"EPA Great Lakes National Program","Environmental_Media_Name":"Air","Activity_Media_Subdivision_Name":"Air moisture","Project_Name":"IADN-US 2021","PFAS_Chemical_Name":"Perfluorohexanoic acid","CAS_Number":"307-24-4","Result_Measure_Value__ppt_":0.19866583281217,"Result_Measure_Value":198.665832812174,"Result_Unit_of_Measure":"pg/L"}},{"type":"Feature","geometry":{"type":"Point","coordinates":[-86.058611,44.761111]},"properties":{"F_Monitoring_Location_Identifier":"EPA_GLNPO-SBD","Location_Name":"Sleeping Bear Dunes (IADN SBD)","State":" MI","EPA_Region":"05","HUC":"04060104","Organization":"EPA Great Lakes National Program","Environmental_Media_Name":"Air","Activity_Media_Subdivision_Name":"Air moisture","Project_Name":"IADN-US 2021","PFAS_Chemical_Name":"Perfluorooctanoic acid","CAS_Number":"335-67-1","Result_Measure_Value__ppt_":0.31301987264212,"Result_Measure_Value":313.01987264212,"Result_Unit_of_Measure":"pg/L"}},{"type":"Feature","geometry":{"type":"Point","coordinates":[-86.058611,44.761111]},"properties":{"F_Monitoring_Location_Identifier":"EPA_GLNPO-SBD","Location_Name":"Sleeping Bear Dunes (IADN SBD)","State":" MI","EPA_Region":"05","HUC":"04060104","Organization":"EPA Great Lakes National Program","Environmental_Media_Name":"Air","Activity_Media_Subdivision_Name":"Air moisture","Project_Name":"IADN-US 2021","PFAS_Chemical_Name":"Perfluoro[1,2-13C2]hexanoic acid","Result_Measure_Value":88.82,"Result_Unit_of_Measure":"%"}},{"type":"Feature","geometry":{"type":"Point","coordinates":[-86.058611,44.761111]},"properties":{"F_Monitoring_Location_Identifier":"EPA_GLNPO-SBD","Location_Name":"Sleeping Bear Dunes (IADN SBD)","State":" MI","EPA_Region":"05","HUC":"04060104","Organization":"EPA Great Lakes National Program","Environmental_Media_Name":"Air","Activity_Media_Subdivision_Name":"Air moisture","Project_Name":"IADN-US 2021","PFAS_Chemical_Name":"Perfluoro[1,2-13C2]undecanoic acid","CAS_Number":"960315-51-9","Result_Measure_Value":90.73,"Result_Unit_of_Measure":"%"}},{"type":"Feature","geometry":{"type":"Point","coordinates":[-86.058611,44.761111]},"properties":{"F_Monitoring_Location_Identifier":"EPA_GLNPO-SBD","Location_Name":"Sleeping Bear Dunes (IADN SBD)","State":" MI","EPA_Region":"05","HUC":"04060104","Organization":"EPA Great Lakes National Program","Environmental_Media_Name":"Air","Activity_Media_Subdivision_Name":"Air moisture","Project_Name":"IADN-US 2021","PFAS_Chemical_Name":"Perfluoro[1,2-13C2]undecanoic acid","CAS_Number":"960315-51-9","Result_Measure_Value":94.165,"Result_Unit_of_Measure":"%"}},{"type":"Feature","geometry":{"type":"Point","coordinates":[-86.058611,44.761111]},"properties":{"F_Monitoring_Location_Identifier":"EPA_GLNPO-SBD","Location_Name":"Sleeping Bear Dunes (IADN SBD)","State":" MI","EPA_Region":"05","HUC":"04060104","Organization":"EPA Great Lakes National Program","Environmental_Media_Name":"Air","Activity_Media_Subdivision_Name":"Air moisture","Project_Name":"IADN-US 2021","PFAS_Chemical_Name":"Perfluoro[1,2-13C2]undecanoic acid","CAS_Number":"960315-51-9","Result_Measure_Value":89.99,"Result_Unit_of_Measure":"%"}},{"type":"Feature","geometry":{"type":"Point","coordinates":[-86.058611,44.761111]},"properties":{"F_Monitoring_Location_Identifier":"EPA_GLNPO-SBD","Location_Name":"Sleeping Bear Dunes (IADN SBD)","State":" MI","EPA_Region":"05","HUC":"04060104","Organization":"EPA Great Lakes National Program","Environmental_Media_Name":"Air","Activity_Media_Subdivision_Name":"Air moisture","Project_Name":"IADN-US 2021","PFAS_Chemical_Name":"Perfluorobutylsulfonamide","CAS_Number":"30334-69-1","Result_Measure_Value__ppt_":0.52498110361205,"Result_Measure_Value":524.981103612054,"Result_Unit_of_Measure":"pg/L"}},{"type":"Feature","geometry":{"type":"Point","coordinates":[-86.058611,44.761111]},"properties":{"F_Monitoring_Location_Identifier":"EPA_GLNPO-SBD","Location_Name":"Sleeping Bear Dunes (IADN SBD)","State":" MI","EPA_Region":"05","HUC":"04060104","Organization":"EPA Great Lakes National Program","Environmental_Media_Name":"Air","Activity_Media_Subdivision_Name":"Air moisture","Project_Name":"IADN-US 2021","PFAS_Chemical_Name":"Heptafluorobutyric acid***retired***use Perfluorobutanoic acid","Result_Measure_Value__ppt_":1.5942564102564,"Result_Measure_Value":1594.25641025641,"Result_Unit_of_Measure":"pg/L"}},{"type":"Feature","geometry":{"type":"Point","coordinates":[-86.058611,44.761111]},"properties":{"F_Monitoring_Location_Identifier":"EPA_GLNPO-SBD","Location_Name":"Sleeping Bear Dunes (IADN SBD)","State":" MI","EPA_Region":"05","HUC":"04060104","Organization":"EPA Great Lakes National Program","Environmental_Media_Name":"Air","Activity_Media_Subdivision_Name":"Air moisture","Project_Name":"IADN-US 2021","PFAS_Chemical_Name":"Heptafluorobutyric acid***retired***use Perfluorobutanoic acid","Result_Measure_Value__ppt_":0.3116,"Result_Measure_Value":311.6,"Result_Unit_of_Measure":"pg/L"}},{"type":"Feature","geometry":{"type":"Point","coordinates":[-86.058611,44.761111]},"properties":{"F_Monitoring_Location_Identifier":"EPA_GLNPO-SBD","Location_Name":"Sleeping Bear Dunes (IADN SBD)","State":" MI","EPA_Region":"05","HUC":"04060104","Organization":"EPA Great Lakes National Program","Environmental_Media_Name":"Air","Activity_Media_Subdivision_Name":"Air moisture","Project_Name":"IADN-US 2021","PFAS_Chemical_Name":"Perfluoro[1,2-13C2]undecanoic acid","CAS_Number":"960315-51-9","Result_Measure_Value":69.11,"Result_Unit_of_Measure":"%"}},{"type":"Feature","geometry":{"type":"Point","coordinates":[-86.058611,44.761111]},"properties":{"F_Monitoring_Location_Identifier":"EPA_GLNPO-SBD","Location_Name":"Sleeping Bear Dunes (IADN SBD)","State":" MI","EPA_Region":"05","HUC":"04060104","Organization":"EPA Great Lakes National Program","Environmental_Media_Name":"Air","Activity_Media_Subdivision_Name":"Air moisture","Project_Name":"IADN-US 2021","PFAS_Chemical_Name":"Perfluoro[1,2-13C2]hexanoic acid","Result_Measure_Value":71.96,"Result_Unit_of_Measure":"%"}},{"type":"Feature","geometry":{"type":"Point","coordinates":[-86.058611,44.761111]},"properties":{"F_Monitoring_Location_Identifier":"EPA_GLNPO-SBD","Location_Name":"Sleeping Bear Dunes (IADN SBD)","State":" MI","EPA_Region":"05","HUC":"04060104","Organization":"EPA Great Lakes National Program","Environmental_Media_Name":"Air","Activity_Media_Subdivision_Name":"Air moisture","Project_Name":"IADN-US 2021","PFAS_Chemical_Name":"Perfluoroundecanoate","CAS_Number":"196859-54-8","Result_Measure_Value__ppt_":0.2535923345151,"Result_Measure_Value":253.592334515096,"Result_Unit_of_Measure":"pg/L"}},{"type":"Feature","geometry":{"type":"Point","coordinates":[-86.058611,44.761111]},"properties":{"F_Monitoring_Location_Identifier":"EPA_GLNPO-SBD","Location_Name":"Sleeping Bear Dunes (IADN SBD)","State":" MI","EPA_Region":"05","HUC":"04060104","Organization":"EPA Great Lakes National Program","Environmental_Media_Name":"Air","Activity_Media_Subdivision_Name":"Air moisture","Project_Name":"IADN-US 2021","PFAS_Chemical_Name":"Perfluoro[1,2-13C2]undecanoic acid","CAS_Number":"960315-51-9","Result_Measure_Value":76.905,"Result_Unit_of_Measure":"%"}},{"type":"Feature","geometry":{"type":"Point","coordinates":[-86.058611,44.761111]},"properties":{"F_Monitoring_Location_Identifier":"EPA_GLNPO-SBD","Location_Name":"Sleeping Bear Dunes (IADN SBD)","State":" MI","EPA_Region":"05","HUC":"04060104","Organization":"EPA Great Lakes National Program","Environmental_Media_Name":"Air","Activity_Media_Subdivision_Name":"Air moisture","Project_Name":"IADN-US 2021","PFAS_Chemical_Name":"Perfluorodecanoic acid","CAS_Number":"335-76-2","Result_Measure_Value__ppt_":0.33524041814533,"Result_Measure_Value":335.240418145333,"Result_Unit_of_Measure":"pg/L"}},{"type":"Feature","geometry":{"type":"Point","coordinates":[-86.058611,44.761111]},"properties":{"F_Monitoring_Location_Identifier":"EPA_GLNPO-SBD","Location_Name":"Sleeping Bear Dunes (IADN SBD)","State":" MI","EPA_Region":"05","HUC":"04060104","Organization":"EPA Great Lakes National Program","Environmental_Media_Name":"Air","Activity_Media_Subdivision_Name":"Air moisture","Project_Name":"IADN-US 2021","PFAS_Chemical_Name":"Perfluorovaleric acid","CAS_Number":"2706-90-3","Result_Measure_Value__ppt_":3.3965904759964,"Result_Measure_Value":3396.59047599639,"Result_Unit_of_Measure":"pg/L"}},{"type":"Feature","geometry":{"type":"Point","coordinates":[-86.058611,44.761111]},"properties":{"F_Monitoring_Location_Identifier":"EPA_GLNPO-SBD","Location_Name":"Sleeping Bear Dunes (IADN SBD)","State":" MI","EPA_Region":"05","HUC":"04060104","Organization":"EPA Great Lakes National Program","Environmental_Media_Name":"Air","Activity_Media_Subdivision_Name":"Air moisture","Project_Name":"IADN-US 2021","PFAS_Chemical_Name":"Perfluoro[1,2-13C2]undecanoic acid","CAS_Number":"960315-51-9","Result_Measure_Value":71.445,"Result_Unit_of_Measure":"%"}},{"type":"Feature","geometry":{"type":"Point","coordinates":[-86.058611,44.761111]},"properties":{"F_Monitoring_Location_Identifier":"EPA_GLNPO-SBD","Location_Name":"Sleeping Bear Dunes (IADN SBD)","State":" MI","EPA_Region":"05","HUC":"04060104","Organization":"EPA Great Lakes National Program","Environmental_Media_Name":"Air","Activity_Media_Subdivision_Name":"Air moisture","Project_Name":"IADN-US 2021","PFAS_Chemical_Name":"Perfluorovaleric acid","CAS_Number":"2706-90-3","Result_Measure_Value__ppt_":0.6584933549373,"Result_Measure_Value":658.493354937297,"Result_Unit_of_Measure":"pg/L"}},{"type":"Feature","geometry":{"type":"Point","coordinates":[-86.058611,44.761111]},"properties":{"F_Monitoring_Location_Identifier":"EPA_GLNPO-SBD","Location_Name":"Sleeping Bear Dunes (IADN SBD)","State":" MI","EPA_Region":"05","HUC":"04060104","Organization":"EPA Great Lakes National Program","Environmental_Media_Name":"Air","Activity_Media_Subdivision_Name":"Air moisture","Project_Name":"IADN-US 2021","PFAS_Chemical_Name":"Perfluorohexanoic acid","CAS_Number":"307-24-4","Result_Measure_Value__ppt_":2.0778526718165,"Result_Measure_Value":2077.85267181646,"Result_Unit_of_Measure":"pg/L"}},{"type":"Feature","geometry":{"type":"Point","coordinates":[-86.058611,44.761111]},"properties":{"F_Monitoring_Location_Identifier":"EPA_GLNPO-SBD","Location_Name":"Sleeping Bear Dunes (IADN SBD)","State":" MI","EPA_Region":"05","HUC":"04060104","Organization":"EPA Great Lakes National Program","Environmental_Media_Name":"Air","Activity_Media_Subdivision_Name":"Air moisture","Project_Name":"IADN-US 2021","PFAS_Chemical_Name":"Perfluorobutylsulfonamide","CAS_Number":"30334-69-1","Result_Measure_Value__ppt_":0.43999999997486,"Result_Measure_Value":439.999999974857,"Result_Unit_of_Measure":"pg/L"}},{"type":"Feature","geometry":{"type":"Point","coordinates":[-86.058611,44.761111]},"properties":{"F_Monitoring_Location_Identifier":"EPA_GLNPO-SBD","Location_Name":"Sleeping Bear Dunes (IADN SBD)","State":" MI","EPA_Region":"05","HUC":"04060104","Organization":"EPA Great Lakes National Program","Environmental_Media_Name":"Air","Activity_Media_Subdivision_Name":"Air moisture","Project_Name":"IADN-US 2021","PFAS_Chemical_Name":"Perfluorovaleric acid","CAS_Number":"2706-90-3","Result_Measure_Value__ppt_":1.2251642266348,"Result_Measure_Value":1225.16422663475,"Result_Unit_of_Measure":"pg/L"}},{"type":"Feature","geometry":{"type":"Point","coordinates":[-86.058611,44.761111]},"properties":{"F_Monitoring_Location_Identifier":"EPA_GLNPO-SBD","Location_Name":"Sleeping Bear Dunes (IADN SBD)","State":" MI","EPA_Region":"05","HUC":"04060104","Organization":"EPA Great Lakes National Program","Environmental_Media_Name":"Air","Activity_Media_Subdivision_Name":"Air moisture","Project_Name":"IADN-US 2021","PFAS_Chemical_Name":"Perfluorohexanoic acid","CAS_Number":"307-24-4","Result_Measure_Value__ppt_":0.36026849318227,"Result_Measure_Value":360.26849318227,"Result_Unit_of_Measure":"pg/L"}},{"type":"Feature","geometry":{"type":"Point","coordinates":[-86.058611,44.761111]},"properties":{"F_Monitoring_Location_Identifier":"EPA_GLNPO-SBD","Location_Name":"Sleeping Bear Dunes (IADN SBD)","State":" MI","EPA_Region":"05","HUC":"04060104","Organization":"EPA Great Lakes National Program","Environmental_Media_Name":"Air","Activity_Media_Subdivision_Name":"Air moisture","Project_Name":"IADN-US 2021","PFAS_Chemical_Name":"Perfluorohexanoic acid","CAS_Number":"307-24-4","Result_Measure_Value__ppt_":0.15403824959342,"Result_Measure_Value":154.038249593416,"Result_Unit_of_Measure":"pg/L"}},{"type":"Feature","geometry":{"type":"Point","coordinates":[-86.058611,44.761111]},"properties":{"F_Monitoring_Location_Identifier":"EPA_GLNPO-SBD","Location_Name":"Sleeping Bear Dunes (IADN SBD)","State":" MI","EPA_Region":"05","HUC":"04060104","Organization":"EPA Great Lakes National Program","Environmental_Media_Name":"Air","Activity_Media_Subdivision_Name":"Air moisture","Project_Name":"IADN-US 2021","PFAS_Chemical_Name":"Perfluoro[1,2-13C2]hexanoic acid","Result_Measure_Value":94.86,"Result_Unit_of_Measure":"%"}},{"type":"Feature","geometry":{"type":"Point","coordinates":[-86.058611,44.761111]},"properties":{"F_Monitoring_Location_Identifier":"EPA_GLNPO-SBD","Location_Name":"Sleeping Bear Dunes (IADN SBD)","State":" MI","EPA_Region":"05","HUC":"04060104","Organization":"EPA Great Lakes National Program","Environmental_Media_Name":"Air","Activity_Media_Subdivision_Name":"Air moisture","Project_Name":"IADN-US 2021","PFAS_Chemical_Name":"Perfluoro[1,2-13C2]undecanoic acid","CAS_Number":"960315-51-9","Result_Measure_Value":72.97,"Result_Unit_of_Measure":"%"}},{"type":"Feature","geometry":{"type":"Point","coordinates":[-86.058611,44.761111]},"properties":{"F_Monitoring_Location_Identifier":"EPA_GLNPO-SBD","Location_Name":"Sleeping Bear Dunes (IADN SBD)","State":" MI","EPA_Region":"05","HUC":"04060104","Organization":"EPA Great Lakes National Program","Environmental_Media_Name":"Air","Activity_Media_Subdivision_Name":"Air moisture","Project_Name":"IADN-US 2021","PFAS_Chemical_Name":"Perfluorovaleric acid","CAS_Number":"2706-90-3","Result_Measure_Value__ppt_":6.1813224192446,"Result_Measure_Value":6181.32241924461,"Result_Unit_of_Measure":"pg/L"}},{"type":"Feature","geometry":{"type":"Point","coordinates":[-86.058611,44.761111]},"properties":{"F_Monitoring_Location_Identifier":"EPA_GLNPO-SBD","Location_Name":"Sleeping Bear Dunes (IADN SBD)","State":" MI","EPA_Region":"05","HUC":"04060104","Organization":"EPA Great Lakes National Program","Environmental_Media_Name":"Air","Activity_Media_Subdivision_Name":"Air moisture","Project_Name":"IADN-US 2021","PFAS_Chemical_Name":"Perfluoro[1,2-13C2]tetradecanoic acid","Result_Measure_Value":54.6,"Result_Unit_of_Measure":"%"}},{"type":"Feature","geometry":{"type":"Point","coordinates":[-86.058611,44.761111]},"properties":{"F_Monitoring_Location_Identifier":"EPA_GLNPO-SBD","Location_Name":"Sleeping Bear Dunes (IADN SBD)","State":" MI","EPA_Region":"05","HUC":"04060104","Organization":"EPA Great Lakes National Program","Environmental_Media_Name":"Air","Activity_Media_Subdivision_Name":"Air moisture","Project_Name":"IADN-US 2021","PFAS_Chemical_Name":"Perfluorohexanoic acid","CAS_Number":"307-24-4","Result_Measure_Value__ppt_":1.1668380951714,"Result_Measure_Value":1166.83809517142,"Result_Unit_of_Measure":"pg/L"}},{"type":"Feature","geometry":{"type":"Point","coordinates":[-86.058611,44.761111]},"properties":{"F_Monitoring_Location_Identifier":"EPA_GLNPO-SBD","Location_Name":"Sleeping Bear Dunes (IADN SBD)","State":" MI","EPA_Region":"05","HUC":"04060104","Organization":"EPA Great Lakes National Program","Environmental_Media_Name":"Air","Activity_Media_Subdivision_Name":"Air moisture","Project_Name":"IADN-US 2021","PFAS_Chemical_Name":"Perfluoro[1,2-13C2]undecanoic acid","CAS_Number":"960315-51-9","Result_Measure_Value":75.89,"Result_Unit_of_Measure":"%"}},{"type":"Feature","geometry":{"type":"Point","coordinates":[-86.058611,44.761111]},"properties":{"F_Monitoring_Location_Identifier":"EPA_GLNPO-SBD","Location_Name":"Sleeping Bear Dunes (IADN SBD)","State":" MI","EPA_Region":"05","HUC":"04060104","Organization":"EPA Great Lakes National Program","Environmental_Media_Name":"Air","Activity_Media_Subdivision_Name":"Air moisture","Project_Name":"IADN-US 2021","PFAS_Chemical_Name":"Heptafluorobutyric acid***retired***use Perfluorobutanoic acid","Result_Measure_Value__ppt_":4.1448198195086,"Result_Measure_Value":4144.81981950865,"Result_Unit_of_Measure":"pg/L"}},{"type":"Feature","geometry":{"type":"Point","coordinates":[-86.058611,44.761111]},"properties":{"F_Monitoring_Location_Identifier":"EPA_GLNPO-SBD","Location_Name":"Sleeping Bear Dunes (IADN SBD)","State":" MI","EPA_Region":"05","HUC":"04060104","Organization":"EPA Great Lakes National Program","Environmental_Media_Name":"Air","Activity_Media_Subdivision_Name":"Air moisture","Project_Name":"IADN-US 2021","PFAS_Chemical_Name":"Perfluorobutylsulfonamide","CAS_Number":"30334-69-1","Result_Measure_Value__ppt_":0.21952174607576,"Result_Measure_Value":219.521746075757,"Result_Unit_of_Measure":"pg/L"}},{"type":"Feature","geometry":{"type":"Point","coordinates":[-86.058611,44.761111]},"properties":{"F_Monitoring_Location_Identifier":"EPA_GLNPO-SBD","Location_Name":"Sleeping Bear Dunes (IADN SBD)","State":" MI","EPA_Region":"05","HUC":"04060104","Organization":"EPA Great Lakes National Program","Environmental_Media_Name":"Air","Activity_Media_Subdivision_Name":"Air moisture","Project_Name":"IADN-US 2021","PFAS_Chemical_Name":"Perfluoro-1-nonanesulfonic acid","CAS_Number":"68259-12-1","Result_Measure_Value__ppt_":0.0118,"Result_Measure_Value":11.8,"Result_Unit_of_Measure":"pg/L"}},{"type":"Feature","geometry":{"type":"Point","coordinates":[-86.058611,44.761111]},"properties":{"F_Monitoring_Location_Identifier":"EPA_GLNPO-SBD","Location_Name":"Sleeping Bear Dunes (IADN SBD)","State":" MI","EPA_Region":"05","HUC":"04060104","Organization":"EPA Great Lakes National Program","Environmental_Media_Name":"Air","Activity_Media_Subdivision_Name":"Air moisture","Project_Name":"IADN-US 2021","PFAS_Chemical_Name":"Perfluorohexanoic acid","CAS_Number":"307-24-4","Result_Measure_Value__ppt_":0.23625635648563,"Result_Measure_Value":236.256356485629,"Result_Unit_of_Measure":"pg/L"}},{"type":"Feature","geometry":{"type":"Point","coordinates":[-86.058611,44.761111]},"properties":{"F_Monitoring_Location_Identifier":"EPA_GLNPO-SBD","Location_Name":"Sleeping Bear Dunes (IADN SBD)","State":" MI","EPA_Region":"05","HUC":"04060104","Organization":"EPA Great Lakes National Program","Environmental_Media_Name":"Air","Activity_Media_Subdivision_Name":"Air moisture","Project_Name":"IADN-US 2021","PFAS_Chemical_Name":"Perfluorohexanoic acid","CAS_Number":"307-24-4","Result_Measure_Value__ppt_":0.32412903225807,"Result_Measure_Value":324.129032258065,"Result_Unit_of_Measure":"pg/L"}},{"type":"Feature","geometry":{"type":"Point","coordinates":[-86.058611,44.761111]},"properties":{"F_Monitoring_Location_Identifier":"EPA_GLNPO-SBD","Location_Name":"Sleeping Bear Dunes (IADN SBD)","State":" MI","EPA_Region":"05","HUC":"04060104","Organization":"EPA Great Lakes National Program","Environmental_Media_Name":"Air","Activity_Media_Subdivision_Name":"Air moisture","Project_Name":"IADN-US 2021","PFAS_Chemical_Name":"Perfluorooctane sulfonic acid","CAS_Number":"1763-23-1","Result_Measure_Value__ppt_":0.53448890443072,"Result_Measure_Value":534.48890443072,"Result_Unit_of_Measure":"pg/L"}},{"type":"Feature","geometry":{"type":"Point","coordinates":[-86.058611,44.761111]},"properties":{"F_Monitoring_Location_Identifier":"EPA_GLNPO-SBD","Location_Name":"Sleeping Bear Dunes (IADN SBD)","State":" MI","EPA_Region":"05","HUC":"04060104","Organization":"EPA Great Lakes National Program","Environmental_Media_Name":"Air","Activity_Media_Subdivision_Name":"Air moisture","Project_Name":"IADN-US 2021","PFAS_Chemical_Name":"Perfluoro[1,2-13C2]tetradecanoic acid","Result_Measure_Value":88.615,"Result_Unit_of_Measure":"%"}},{"type":"Feature","geometry":{"type":"Point","coordinates":[-86.058611,44.761111]},"properties":{"F_Monitoring_Location_Identifier":"EPA_GLNPO-SBD","Location_Name":"Sleeping Bear Dunes (IADN SBD)","State":" MI","EPA_Region":"05","HUC":"04060104","Organization":"EPA Great Lakes National Program","Environmental_Media_Name":"Air","Activity_Media_Subdivision_Name":"Air moisture","Project_Name":"IADN-US 2021","PFAS_Chemical_Name":"Perfluorooctanoic acid","CAS_Number":"335-67-1","Result_Measure_Value__ppt_":0.13306969205714,"Result_Measure_Value":133.069692057139,"Result_Unit_of_Measure":"pg/L"}},{"type":"Feature","geometry":{"type":"Point","coordinates":[-86.058611,44.761111]},"properties":{"F_Monitoring_Location_Identifier":"EPA_GLNPO-SBD","Location_Name":"Sleeping Bear Dunes (IADN SBD)","State":" MI","EPA_Region":"05","HUC":"04060104","Organization":"EPA Great Lakes National Program","Environmental_Media_Name":"Air","Activity_Media_Subdivision_Name":"Air moisture","Project_Name":"IADN-US 2021","PFAS_Chemical_Name":"Perfluoro[1,2-13C2]undecanoic acid","CAS_Number":"960315-51-9","Result_Measure_Value":87.285,"Result_Unit_of_Measure":"%"}},{"type":"Feature","geometry":{"type":"Point","coordinates":[-86.058611,44.761111]},"properties":{"F_Monitoring_Location_Identifier":"EPA_GLNPO-SBD","Location_Name":"Sleeping Bear Dunes (IADN SBD)","State":" MI","EPA_Region":"05","HUC":"04060104","Organization":"EPA Great Lakes National Program","Environmental_Media_Name":"Air","Activity_Media_Subdivision_Name":"Air moisture","Project_Name":"IADN-US 2021","PFAS_Chemical_Name":"Perfluorohexanoic acid","CAS_Number":"307-24-4","Result_Measure_Value__ppt_":0.25548396764153,"Result_Measure_Value":255.483967641534,"Result_Unit_of_Measure":"pg/L"}},{"type":"Feature","geometry":{"type":"Point","coordinates":[-86.058611,44.761111]},"properties":{"F_Monitoring_Location_Identifier":"EPA_GLNPO-SBD","Location_Name":"Sleeping Bear Dunes (IADN SBD)","State":" MI","EPA_Region":"05","HUC":"04060104","Organization":"EPA Great Lakes National Program","Environmental_Media_Name":"Air","Activity_Media_Subdivision_Name":"Air moisture","Project_Name":"IADN-US 2021","PFAS_Chemical_Name":"Perfluorovaleric acid","CAS_Number":"2706-90-3","Result_Measure_Value__ppt_":2.5958305782616,"Result_Measure_Value":2595.83057826164,"Result_Unit_of_Measure":"pg/L"}},{"type":"Feature","geometry":{"type":"Point","coordinates":[-86.058611,44.761111]},"properties":{"F_Monitoring_Location_Identifier":"EPA_GLNPO-SBD","Location_Name":"Sleeping Bear Dunes (IADN SBD)","State":" MI","EPA_Region":"05","HUC":"04060104","Organization":"EPA Great Lakes National Program","Environmental_Media_Name":"Air","Activity_Media_Subdivision_Name":"Air moisture","Project_Name":"IADN-US 2021","PFAS_Chemical_Name":"Perfluorononanoic acid","CAS_Number":"375-95-1","Result_Measure_Value__ppt_":0.3505333333133,"Result_Measure_Value":350.533333313303,"Result_Unit_of_Measure":"pg/L"}},{"type":"Feature","geometry":{"type":"Point","coordinates":[-86.058611,44.761111]},"properties":{"F_Monitoring_Location_Identifier":"EPA_GLNPO-SBD","Location_Name":"Sleeping Bear Dunes (IADN SBD)","State":" MI","EPA_Region":"05","HUC":"04060104","Organization":"EPA Great Lakes National Program","Environmental_Media_Name":"Air","Activity_Media_Subdivision_Name":"Air moisture","Project_Name":"IADN-US 2021","PFAS_Chemical_Name":"Perfluorobutylsulfonamide","CAS_Number":"30334-69-1","Result_Measure_Value__ppt_":0.098142857149342,"Result_Measure_Value":98.1428571493416,"Result_Unit_of_Measure":"pg/L"}},{"type":"Feature","geometry":{"type":"Point","coordinates":[-86.058611,44.761111]},"properties":{"F_Monitoring_Location_Identifier":"EPA_GLNPO-SBD","Location_Name":"Sleeping Bear Dunes (IADN SBD)","State":" MI","EPA_Region":"05","HUC":"04060104","Organization":"EPA Great Lakes National Program","Environmental_Media_Name":"Air","Activity_Media_Subdivision_Name":"Air moisture","Project_Name":"IADN-US 2021","PFAS_Chemical_Name":"Perfluoro[1,2-13C2]hexanoic acid","Result_Measure_Value":92.09,"Result_Unit_of_Measure":"%"}},{"type":"Feature","geometry":{"type":"Point","coordinates":[-86.058611,44.761111]},"properties":{"F_Monitoring_Location_Identifier":"EPA_GLNPO-SBD","Location_Name":"Sleeping Bear Dunes (IADN SBD)","State":" MI","EPA_Region":"05","HUC":"04060104","Organization":"EPA Great Lakes National Program","Environmental_Media_Name":"Air","Activity_Media_Subdivision_Name":"Air moisture","Project_Name":"IADN-US 2021","PFAS_Chemical_Name":"Perfluoroheptanoic acid","CAS_Number":"375-85-9","Result_Measure_Value__ppt_":0.49136636632948,"Result_Measure_Value":491.366366329477,"Result_Unit_of_Measure":"pg/L"}},{"type":"Feature","geometry":{"type":"Point","coordinates":[-86.058611,44.761111]},"properties":{"F_Monitoring_Location_Identifier":"EPA_GLNPO-SBD","Location_Name":"Sleeping Bear Dunes (IADN SBD)","State":" MI","EPA_Region":"05","HUC":"04060104","Organization":"EPA Great Lakes National Program","Environmental_Media_Name":"Air","Activity_Media_Subdivision_Name":"Air moisture","Project_Name":"IADN-US 2021","PFAS_Chemical_Name":"Perfluoro[1,2-13C2]hexanoic acid","Result_Measure_Value":85.76,"Result_Unit_of_Measure":"%"}},{"type":"Feature","geometry":{"type":"Point","coordinates":[-86.058611,44.761111]},"properties":{"F_Monitoring_Location_Identifier":"EPA_GLNPO-SBD","Location_Name":"Sleeping Bear Dunes (IADN SBD)","State":" MI","EPA_Region":"05","HUC":"04060104","Organization":"EPA Great Lakes National Program","Environmental_Media_Name":"Air","Activity_Media_Subdivision_Name":"Air moisture","Project_Name":"IADN-US 2021","PFAS_Chemical_Name":"Perfluoro[1,2-13C2]undecanoic acid","CAS_Number":"960315-51-9","Result_Measure_Value":95.595,"Result_Unit_of_Measure":"%"}},{"type":"Feature","geometry":{"type":"Point","coordinates":[-86.058611,44.761111]},"properties":{"F_Monitoring_Location_Identifier":"EPA_GLNPO-SBD","Location_Name":"Sleeping Bear Dunes (IADN SBD)","State":" MI","EPA_Region":"05","HUC":"04060104","Organization":"EPA Great Lakes National Program","Environmental_Media_Name":"Air","Activity_Media_Subdivision_Name":"Air moisture","Project_Name":"IADN-US 2021","PFAS_Chemical_Name":"Perfluorovaleric acid","CAS_Number":"2706-90-3","Result_Measure_Value__ppt_":0.59237638598919,"Result_Measure_Value":592.376385989185,"Result_Unit_of_Measure":"pg/L"}},{"type":"Feature","geometry":{"type":"Point","coordinates":[-86.058611,44.761111]},"properties":{"F_Monitoring_Location_Identifier":"EPA_GLNPO-SBD","Location_Name":"Sleeping Bear Dunes (IADN SBD)","State":" MI","EPA_Region":"05","HUC":"04060104","Organization":"EPA Great Lakes National Program","Environmental_Media_Name":"Air","Activity_Media_Subdivision_Name":"Air moisture","Project_Name":"IADN-US 2021","PFAS_Chemical_Name":"Perfluoro[1,2-13C2]tetradecanoic acid","Result_Measure_Value":75.755,"Result_Unit_of_Measure":"%"}},{"type":"Feature","geometry":{"type":"Point","coordinates":[-86.058611,44.761111]},"properties":{"F_Monitoring_Location_Identifier":"EPA_GLNPO-SBD","Location_Name":"Sleeping Bear Dunes (IADN SBD)","State":" MI","EPA_Region":"05","HUC":"04060104","Organization":"EPA Great Lakes National Program","Environmental_Media_Name":"Air","Activity_Media_Subdivision_Name":"Air moisture","Project_Name":"IADN-US 2021","PFAS_Chemical_Name":"Perfluoro[1,2-13C2]tetradecanoic acid","Result_Measure_Value":51.98,"Result_Unit_of_Measure":"%"}},{"type":"Feature","geometry":{"type":"Point","coordinates":[-86.058611,44.761111]},"properties":{"F_Monitoring_Location_Identifier":"EPA_GLNPO-SBD","Location_Name":"Sleeping Bear Dunes (IADN SBD)","State":" MI","EPA_Region":"05","HUC":"04060104","Organization":"EPA Great Lakes National Program","Environmental_Media_Name":"Air","Activity_Media_Subdivision_Name":"Air moisture","Project_Name":"IADN-US 2021","PFAS_Chemical_Name":"Perfluoro[1,2-13C2]tetradecanoic acid","Result_Measure_Value":74.745,"Result_Unit_of_Measure":"%"}},{"type":"Feature","geometry":{"type":"Point","coordinates":[-86.058611,44.761111]},"properties":{"F_Monitoring_Location_Identifier":"EPA_GLNPO-SBD","Location_Name":"Sleeping Bear Dunes (IADN SBD)","State":" MI","EPA_Region":"05","HUC":"04060104","Organization":"EPA Great Lakes National Program","Environmental_Media_Name":"Air","Activity_Media_Subdivision_Name":"Air moisture","Project_Name":"IADN-US 2021","PFAS_Chemical_Name":"Perfluoro[1,2-13C2]tetradecanoic acid","Result_Measure_Value":60.435,"Result_Unit_of_Measure":"%"}},{"type":"Feature","geometry":{"type":"Point","coordinates":[-86.058611,44.761111]},"properties":{"F_Monitoring_Location_Identifier":"EPA_GLNPO-SBD","Location_Name":"Sleeping Bear Dunes (IADN SBD)","State":" MI","EPA_Region":"05","HUC":"04060104","Organization":"EPA Great Lakes National Program","Environmental_Media_Name":"Air","Activity_Media_Subdivision_Name":"Air moisture","Project_Name":"IADN-US 2021","PFAS_Chemical_Name":"Heptafluorobutyric acid***retired***use Perfluorobutanoic acid","Result_Measure_Value__ppt_":2.9640470483158,"Result_Measure_Value":2964.04704831577,"Result_Unit_of_Measure":"pg/L"}},{"type":"Feature","geometry":{"type":"Point","coordinates":[-86.058611,44.761111]},"properties":{"F_Monitoring_Location_Identifier":"EPA_GLNPO-SBD","Location_Name":"Sleeping Bear Dunes (IADN SBD)","State":" MI","EPA_Region":"05","HUC":"04060104","Organization":"EPA Great Lakes National Program","Environmental_Media_Name":"Air","Activity_Media_Subdivision_Name":"Air moisture","Project_Name":"IADN-US 2021","PFAS_Chemical_Name":"Perfluorohexanoic acid","CAS_Number":"307-24-4","Result_Measure_Value__ppt_":0.22666666666667,"Result_Measure_Value":226.666666666667,"Result_Unit_of_Measure":"pg/L"}},{"type":"Feature","geometry":{"type":"Point","coordinates":[-86.058611,44.761111]},"properties":{"F_Monitoring_Location_Identifier":"EPA_GLNPO-SBD","Location_Name":"Sleeping Bear Dunes (IADN SBD)","State":" MI","EPA_Region":"05","HUC":"04060104","Organization":"EPA Great Lakes National Program","Environmental_Media_Name":"Air","Activity_Media_Subdivision_Name":"Air moisture","Project_Name":"IADN-US 2021","PFAS_Chemical_Name":"Perfluorooctanoic acid","CAS_Number":"335-67-1","Result_Measure_Value__ppt_":0.24332771954814,"Result_Measure_Value":243.327719548142,"Result_Unit_of_Measure":"pg/L"}},{"type":"Feature","geometry":{"type":"Point","coordinates":[-86.058611,44.761111]},"properties":{"F_Monitoring_Location_Identifier":"EPA_GLNPO-SBD","Location_Name":"Sleeping Bear Dunes (IADN SBD)","State":" MI","EPA_Region":"05","HUC":"04060104","Organization":"EPA Great Lakes National Program","Environmental_Media_Name":"Air","Activity_Media_Subdivision_Name":"Air moisture","Project_Name":"IADN-US 2021","PFAS_Chemical_Name":"Perfluorohexanoic acid","CAS_Number":"307-24-4","Result_Measure_Value__ppt_":0.2462624497687,"Result_Measure_Value":246.2624497687,"Result_Unit_of_Measure":"pg/L"}},{"type":"Feature","geometry":{"type":"Point","coordinates":[-86.058611,44.761111]},"properties":{"F_Monitoring_Location_Identifier":"EPA_GLNPO-SBD","Location_Name":"Sleeping Bear Dunes (IADN SBD)","State":" MI","EPA_Region":"05","HUC":"04060104","Organization":"EPA Great Lakes National Program","Environmental_Media_Name":"Air","Activity_Media_Subdivision_Name":"Air moisture","Project_Name":"IADN-US 2021","PFAS_Chemical_Name":"Perfluorohexanoic acid","CAS_Number":"307-24-4","Result_Measure_Value__ppt_":0.66915122875739,"Result_Measure_Value":669.151228757392,"Result_Unit_of_Measure":"pg/L"}},{"type":"Feature","geometry":{"type":"Point","coordinates":[-86.058611,44.761111]},"properties":{"F_Monitoring_Location_Identifier":"EPA_GLNPO-SBD","Location_Name":"Sleeping Bear Dunes (IADN SBD)","State":" MI","EPA_Region":"05","HUC":"04060104","Organization":"EPA Great Lakes National Program","Environmental_Media_Name":"Air","Activity_Media_Subdivision_Name":"Air moisture","Project_Name":"IADN-US 2021","PFAS_Chemical_Name":"Perfluorovaleric acid","CAS_Number":"2706-90-3","Result_Measure_Value__ppt_":0.13875,"Result_Measure_Value":138.75,"Result_Unit_of_Measure":"pg/L"}},{"type":"Feature","geometry":{"type":"Point","coordinates":[-86.058611,44.761111]},"properties":{"F_Monitoring_Location_Identifier":"EPA_GLNPO-SBD","Location_Name":"Sleeping Bear Dunes (IADN SBD)","State":" MI","EPA_Region":"05","HUC":"04060104","Organization":"EPA Great Lakes National Program","Environmental_Media_Name":"Air","Activity_Media_Subdivision_Name":"Air moisture","Project_Name":"IADN-US 2021","PFAS_Chemical_Name":"Perfluoropalmitic acid","CAS_Number":"67905-19-5","Result_Measure_Value__ppt_":0.43949546630048,"Result_Measure_Value":439.495466300477,"Result_Unit_of_Measure":"pg/L"}},{"type":"Feature","geometry":{"type":"Point","coordinates":[-86.058611,44.761111]},"properties":{"F_Monitoring_Location_Identifier":"EPA_GLNPO-SBD","Location_Name":"Sleeping Bear Dunes (IADN SBD)","State":" MI","EPA_Region":"05","HUC":"04060104","Organization":"EPA Great Lakes National Program","Environmental_Media_Name":"Air","Activity_Media_Subdivision_Name":"Air moisture","Project_Name":"IADN-US 2021","PFAS_Chemical_Name":"Perfluorotetradecanoic acid","CAS_Number":"376-06-7","Result_Measure_Value__ppt_":0.080272340430997,"Result_Measure_Value":80.2723404309973,"Result_Unit_of_Measure":"pg/L"}},{"type":"Feature","geometry":{"type":"Point","coordinates":[-86.058611,44.761111]},"properties":{"F_Monitoring_Location_Identifier":"EPA_GLNPO-SBD","Location_Name":"Sleeping Bear Dunes (IADN SBD)","State":" MI","EPA_Region":"05","HUC":"04060104","Organization":"EPA Great Lakes National Program","Environmental_Media_Name":"Air","Activity_Media_Subdivision_Name":"Air moisture","Project_Name":"IADN-US 2021","PFAS_Chemical_Name":"Heptafluorobutyric acid***retired***use Perfluorobutanoic acid","Result_Measure_Value__ppt_":1.7046956724647,"Result_Measure_Value":1704.69567246465,"Result_Unit_of_Measure":"pg/L"}},{"type":"Feature","geometry":{"type":"Point","coordinates":[-86.058611,44.761111]},"properties":{"F_Monitoring_Location_Identifier":"EPA_GLNPO-SBD","Location_Name":"Sleeping Bear Dunes (IADN SBD)","State":" MI","EPA_Region":"05","HUC":"04060104","Organization":"EPA Great Lakes National Program","Environmental_Media_Name":"Air","Activity_Media_Subdivision_Name":"Air moisture","Project_Name":"IADN-US 2021","PFAS_Chemical_Name":"Heptafluorobutyric acid***retired***use Perfluorobutanoic acid","Result_Measure_Value__ppt_":1.503231186158,"Result_Measure_Value":1503.23118615802,"Result_Unit_of_Measure":"pg/L"}},{"type":"Feature","geometry":{"type":"Point","coordinates":[-86.058611,44.761111]},"properties":{"F_Monitoring_Location_Identifier":"EPA_GLNPO-SBD","Location_Name":"Sleeping Bear Dunes (IADN SBD)","State":" MI","EPA_Region":"05","HUC":"04060104","Organization":"EPA Great Lakes National Program","Environmental_Media_Name":"Air","Activity_Media_Subdivision_Name":"Air moisture","Project_Name":"IADN-US 2021","PFAS_Chemical_Name":"Perfluoroheptanoic acid","CAS_Number":"375-85-9","Result_Measure_Value__ppt_":0.26725740497817,"Result_Measure_Value":267.257404978169,"Result_Unit_of_Measure":"pg/L"}},{"type":"Feature","geometry":{"type":"Point","coordinates":[-86.058611,44.761111]},"properties":{"F_Monitoring_Location_Identifier":"EPA_GLNPO-SBD","Location_Name":"Sleeping Bear Dunes (IADN SBD)","State":" MI","EPA_Region":"05","HUC":"04060104","Organization":"EPA Great Lakes National Program","Environmental_Media_Name":"Air","Activity_Media_Subdivision_Name":"Air moisture","Project_Name":"IADN-US 2021","PFAS_Chemical_Name":"Heptafluorobutyric acid***retired***use Perfluorobutanoic acid","Result_Measure_Value__ppt_":1.1849289646037,"Result_Measure_Value":1184.92896460374,"Result_Unit_of_Measure":"pg/L"}},{"type":"Feature","geometry":{"type":"Point","coordinates":[-86.058611,44.761111]},"properties":{"F_Monitoring_Location_Identifier":"EPA_GLNPO-SBD","Location_Name":"Sleeping Bear Dunes (IADN SBD)","State":" MI","EPA_Region":"05","HUC":"04060104","Organization":"EPA Great Lakes National Program","Environmental_Media_Name":"Air","Activity_Media_Subdivision_Name":"Air moisture","Project_Name":"IADN-US 2021","PFAS_Chemical_Name":"Perfluoro[1,2-13C2]hexanoic acid","Result_Measure_Value":77.305,"Result_Unit_of_Measure":"%"}},{"type":"Feature","geometry":{"type":"Point","coordinates":[-86.058611,44.761111]},"properties":{"F_Monitoring_Location_Identifier":"EPA_GLNPO-SBD","Location_Name":"Sleeping Bear Dunes (IADN SBD)","State":" MI","EPA_Region":"05","HUC":"04060104","Organization":"EPA Great Lakes National Program","Environmental_Media_Name":"Air","Activity_Media_Subdivision_Name":"Air moisture","Project_Name":"IADN-US 2021","PFAS_Chemical_Name":"Perfluoro[1,2-13C2]tetradecanoic acid","Result_Measure_Value":69.32,"Result_Unit_of_Measure":"%"}},{"type":"Feature","geometry":{"type":"Point","coordinates":[-86.058611,44.761111]},"properties":{"F_Monitoring_Location_Identifier":"EPA_GLNPO-SBD","Location_Name":"Sleeping Bear Dunes (IADN SBD)","State":" MI","EPA_Region":"05","HUC":"04060104","Organization":"EPA Great Lakes National Program","Environmental_Media_Name":"Air","Activity_Media_Subdivision_Name":"Air moisture","Project_Name":"IADN-US 2021","PFAS_Chemical_Name":"Perfluoroheptanoic acid","CAS_Number":"375-85-9","Result_Measure_Value__ppt_":0.31834838709677,"Result_Measure_Value":318.348387096774,"Result_Unit_of_Measure":"pg/L"}},{"type":"Feature","geometry":{"type":"Point","coordinates":[-86.058611,44.761111]},"properties":{"F_Monitoring_Location_Identifier":"EPA_GLNPO-SBD","Location_Name":"Sleeping Bear Dunes (IADN SBD)","State":" MI","EPA_Region":"05","HUC":"04060104","Organization":"EPA Great Lakes National Program","Environmental_Media_Name":"Air","Activity_Media_Subdivision_Name":"Air moisture","Project_Name":"IADN-US 2021","PFAS_Chemical_Name":"Sodium perfluoro-1-hexane[18O2]sulfonate","Result_Measure_Value":102.965,"Result_Unit_of_Measure":"%"}},{"type":"Feature","geometry":{"type":"Point","coordinates":[-86.058611,44.761111]},"properties":{"F_Monitoring_Location_Identifier":"EPA_GLNPO-SBD","Location_Name":"Sleeping Bear Dunes (IADN SBD)","State":" MI","EPA_Region":"05","HUC":"04060104","Organization":"EPA Great Lakes National Program","Environmental_Media_Name":"Air","Activity_Media_Subdivision_Name":"Air moisture","Project_Name":"IADN-US 2021","PFAS_Chemical_Name":"Perfluorohexanoic acid","CAS_Number":"307-24-4","Result_Measure_Value__ppt_":0.13453750000889,"Result_Measure_Value":134.537500008889,"Result_Unit_of_Measure":"pg/L"}},{"type":"Feature","geometry":{"type":"Point","coordinates":[-86.058611,44.761111]},"properties":{"F_Monitoring_Location_Identifier":"EPA_GLNPO-SBD","Location_Name":"Sleeping Bear Dunes (IADN SBD)","State":" MI","EPA_Region":"05","HUC":"04060104","Organization":"EPA Great Lakes National Program","Environmental_Media_Name":"Air","Activity_Media_Subdivision_Name":"Air moisture","Project_Name":"IADN-US 2021","PFAS_Chemical_Name":"Perfluorohexanoic acid","CAS_Number":"307-24-4","Result_Measure_Value__ppt_":0.3534580499267,"Result_Measure_Value":353.458049926696,"Result_Unit_of_Measure":"pg/L"}},{"type":"Feature","geometry":{"type":"Point","coordinates":[-86.058611,44.761111]},"properties":{"F_Monitoring_Location_Identifier":"EPA_GLNPO-SBD","Location_Name":"Sleeping Bear Dunes (IADN SBD)","State":" MI","EPA_Region":"05","HUC":"04060104","Organization":"EPA Great Lakes National Program","Environmental_Media_Name":"Air","Activity_Media_Subdivision_Name":"Air moisture","Project_Name":"IADN-US 2021","PFAS_Chemical_Name":"Perfluorononanoic acid","CAS_Number":"375-95-1","Result_Measure_Value__ppt_":0.12218217179792,"Result_Measure_Value":122.182171797919,"Result_Unit_of_Measure":"pg/L"}},{"type":"Feature","geometry":{"type":"Point","coordinates":[-86.058611,44.761111]},"properties":{"F_Monitoring_Location_Identifier":"EPA_GLNPO-SBD","Location_Name":"Sleeping Bear Dunes (IADN SBD)","State":" MI","EPA_Region":"05","HUC":"04060104","Organization":"EPA Great Lakes National Program","Environmental_Media_Name":"Air","Activity_Media_Subdivision_Name":"Air moisture","Project_Name":"IADN-US 2021","PFAS_Chemical_Name":"Sodium perfluoro-1-hexane[18O2]sulfonate","Result_Measure_Value":91.18,"Result_Unit_of_Measure":"%"}},{"type":"Feature","geometry":{"type":"Point","coordinates":[-86.058611,44.761111]},"properties":{"F_Monitoring_Location_Identifier":"EPA_GLNPO-SBD","Location_Name":"Sleeping Bear Dunes (IADN SBD)","State":" MI","EPA_Region":"05","HUC":"04060104","Organization":"EPA Great Lakes National Program","Environmental_Media_Name":"Air","Activity_Media_Subdivision_Name":"Air moisture","Project_Name":"IADN-US 2021","PFAS_Chemical_Name":"Sodium perfluoro-1-hexane[18O2]sulfonate","Result_Measure_Value":104.54,"Result_Unit_of_Measure":"%"}},{"type":"Feature","geometry":{"type":"Point","coordinates":[-86.058611,44.761111]},"properties":{"F_Monitoring_Location_Identifier":"EPA_GLNPO-SBD","Location_Name":"Sleeping Bear Dunes (IADN SBD)","State":" MI","EPA_Region":"05","HUC":"04060104","Organization":"EPA Great Lakes National Program","Environmental_Media_Name":"Air","Activity_Media_Subdivision_Name":"Air moisture","Project_Name":"IADN-US 2021","PFAS_Chemical_Name":"Perfluorohexanoic acid","CAS_Number":"307-24-4","Result_Measure_Value__ppt_":6.5949268297968,"Result_Measure_Value":6594.92682979681,"Result_Unit_of_Measure":"pg/L"}},{"type":"Feature","geometry":{"type":"Point","coordinates":[-86.058611,44.761111]},"properties":{"F_Monitoring_Location_Identifier":"EPA_GLNPO-SBD","Location_Name":"Sleeping Bear Dunes (IADN SBD)","State":" MI","EPA_Region":"05","HUC":"04060104","Organization":"EPA Great Lakes National Program","Environmental_Media_Name":"Air","Activity_Media_Subdivision_Name":"Air moisture","Project_Name":"IADN-US 2021","PFAS_Chemical_Name":"Perfluorohexanoic acid","CAS_Number":"307-24-4","Result_Measure_Value__ppt_":0.18317948717949,"Result_Measure_Value":183.179487179487,"Result_Unit_of_Measure":"pg/L"}},{"type":"Feature","geometry":{"type":"Point","coordinates":[-86.058611,44.761111]},"properties":{"F_Monitoring_Location_Identifier":"EPA_GLNPO-SBD","Location_Name":"Sleeping Bear Dunes (IADN SBD)","State":" MI","EPA_Region":"05","HUC":"04060104","Organization":"EPA Great Lakes National Program","Environmental_Media_Name":"Air","Activity_Media_Subdivision_Name":"Air moisture","Project_Name":"IADN-US 2021","PFAS_Chemical_Name":"Perfluorooctanoic acid","CAS_Number":"335-67-1","Result_Measure_Value__ppt_":0.3175816441203,"Result_Measure_Value":317.581644120302,"Result_Unit_of_Measure":"pg/L"}},{"type":"Feature","geometry":{"type":"Point","coordinates":[-79.055,42.6930560000001]},"properties":{"F_Monitoring_Location_Identifier":"EPA_GLNPO-STP","Location_Name":"Sturgeon Point (IADN STP)","State":"Other","Organization":"EPA Great Lakes National Program","Environmental_Media_Name":"Air","Activity_Media_Subdivision_Name":"Air moisture","Project_Name":"IADN-US 2021","PFAS_Chemical_Name":"Sodium perfluoro-1-hexane[18O2]sulfonate","Result_Measure_Value":71.235,"Result_Unit_of_Measure":"%"}},{"type":"Feature","geometry":{"type":"Point","coordinates":[-79.055,42.6930560000001]},"properties":{"F_Monitoring_Location_Identifier":"EPA_GLNPO-STP","Location_Name":"Sturgeon Point (IADN STP)","State":"Other","Organization":"EPA Great Lakes National Program","Environmental_Media_Name":"Air","Activity_Media_Subdivision_Name":"Air moisture","Project_Name":"IADN-US 2021","PFAS_Chemical_Name":"Perfluorovaleric acid","CAS_Number":"2706-90-3","Result_Measure_Value__ppt_":0.36478527602886,"Result_Measure_Value":364.785276028861,"Result_Unit_of_Measure":"pg/L"}},{"type":"Feature","geometry":{"type":"Point","coordinates":[-79.055,42.6930560000001]},"properties":{"F_Monitoring_Location_Identifier":"EPA_GLNPO-STP","Location_Name":"Sturgeon Point (IADN STP)","State":"Other","Organization":"EPA Great Lakes National Program","Environmental_Media_Name":"Air","Activity_Media_Subdivision_Name":"Air moisture","Project_Name":"IADN-US 2021","PFAS_Chemical_Name":"Sodium perfluoro-1-hexane[18O2]sulfonate","Result_Measure_Value":101.15,"Result_Unit_of_Measure":"%"}},{"type":"Feature","geometry":{"type":"Point","coordinates":[-79.055,42.6930560000001]},"properties":{"F_Monitoring_Location_Identifier":"EPA_GLNPO-STP","Location_Name":"Sturgeon Point (IADN STP)","State":"Other","Organization":"EPA Great Lakes National Program","Environmental_Media_Name":"Air","Activity_Media_Subdivision_Name":"Air moisture","Project_Name":"IADN-US 2021","PFAS_Chemical_Name":"Heptafluorobutyric acid***retired***use Perfluorobutanoic acid","Result_Measure_Value__ppt_":3.4177914106236,"Result_Measure_Value":3417.79141062358,"Result_Unit_of_Measure":"pg/L"}},{"type":"Feature","geometry":{"type":"Point","coordinates":[-79.055,42.6930560000001]},"properties":{"F_Monitoring_Location_Identifier":"EPA_GLNPO-STP","Location_Name":"Sturgeon Point (IADN STP)","State":"Other","Organization":"EPA Great Lakes National Program","Environmental_Media_Name":"Air","Activity_Media_Subdivision_Name":"Air moisture","Project_Name":"IADN-US 2021","PFAS_Chemical_Name":"Perfluorooctane sulfonic acid","CAS_Number":"1763-23-1","Result_Measure_Value__ppt_":0.23860071684519,"Result_Measure_Value":238.600716845194,"Result_Unit_of_Measure":"pg/L"}},{"type":"Feature","geometry":{"type":"Point","coordinates":[-79.055,42.6930560000001]},"properties":{"F_Monitoring_Location_Identifier":"EPA_GLNPO-STP","Location_Name":"Sturgeon Point (IADN STP)","State":"Other","Organization":"EPA Great Lakes National Program","Environmental_Media_Name":"Air","Activity_Media_Subdivision_Name":"Air moisture","Project_Name":"IADN-US 2021","PFAS_Chemical_Name":"Perfluoroheptanoic acid","CAS_Number":"375-85-9","Result_Measure_Value__ppt_":0.26853172774951,"Result_Measure_Value":268.531727749512,"Result_Unit_of_Measure":"pg/L"}},{"type":"Feature","geometry":{"type":"Point","coordinates":[-79.055,42.6930560000001]},"properties":{"F_Monitoring_Location_Identifier":"EPA_GLNPO-STP","Location_Name":"Sturgeon Point (IADN STP)","State":"Other","Organization":"EPA Great Lakes National Program","Environmental_Media_Name":"Air","Activity_Media_Subdivision_Name":"Air moisture","Project_Name":"IADN-US 2021","PFAS_Chemical_Name":"Perfluoro[1,2-13C2]tetradecanoic acid","Result_Measure_Value":61.76,"Result_Unit_of_Measure":"%"}},{"type":"Feature","geometry":{"type":"Point","coordinates":[-79.055,42.6930560000001]},"properties":{"F_Monitoring_Location_Identifier":"EPA_GLNPO-STP","Location_Name":"Sturgeon Point (IADN STP)","State":"Other","Organization":"EPA Great Lakes National Program","Environmental_Media_Name":"Air","Activity_Media_Subdivision_Name":"Air moisture","Project_Name":"IADN-US 2021","PFAS_Chemical_Name":"Perfluoro[1,2-13C2]undecanoic acid","CAS_Number":"960315-51-9","Result_Measure_Value":55.575,"Result_Unit_of_Measure":"%"}},{"type":"Feature","geometry":{"type":"Point","coordinates":[-79.055,42.6930560000001]},"properties":{"F_Monitoring_Location_Identifier":"EPA_GLNPO-STP","Location_Name":"Sturgeon Point (IADN STP)","State":"Other","Organization":"EPA Great Lakes National Program","Environmental_Media_Name":"Air","Activity_Media_Subdivision_Name":"Air moisture","Project_Name":"IADN-US 2021","PFAS_Chemical_Name":"Perfluoro[1,2-13C2]tetradecanoic acid","Result_Measure_Value":75.525,"Result_Unit_of_Measure":"%"}},{"type":"Feature","geometry":{"type":"Point","coordinates":[-79.055,42.6930560000001]},"properties":{"F_Monitoring_Location_Identifier":"EPA_GLNPO-STP","Location_Name":"Sturgeon Point (IADN STP)","State":"Other","Organization":"EPA Great Lakes National Program","Environmental_Media_Name":"Air","Activity_Media_Subdivision_Name":"Air moisture","Project_Name":"IADN-US 2021","PFAS_Chemical_Name":"Perfluorohexanoic acid","CAS_Number":"307-24-4","Result_Measure_Value__ppt_":0.27776131529152,"Result_Measure_Value":277.761315291519,"Result_Unit_of_Measure":"pg/L"}},{"type":"Feature","geometry":{"type":"Point","coordinates":[-79.055,42.6930560000001]},"properties":{"F_Monitoring_Location_Identifier":"EPA_GLNPO-STP","Location_Name":"Sturgeon Point (IADN STP)","State":"Other","Organization":"EPA Great Lakes National Program","Environmental_Media_Name":"Air","Activity_Media_Subdivision_Name":"Air moisture","Project_Name":"IADN-US 2021","PFAS_Chemical_Name":"Perfluoro[1,2-13C2]hexanoic acid","Result_Measure_Value":70.04,"Result_Unit_of_Measure":"%"}},{"type":"Feature","geometry":{"type":"Point","coordinates":[-79.055,42.6930560000001]},"properties":{"F_Monitoring_Location_Identifier":"EPA_GLNPO-STP","Location_Name":"Sturgeon Point (IADN STP)","State":"Other","Organization":"EPA Great Lakes National Program","Environmental_Media_Name":"Air","Activity_Media_Subdivision_Name":"Air moisture","Project_Name":"IADN-US 2021","PFAS_Chemical_Name":"Perfluoro[1,2-13C2]hexanoic acid","Result_Measure_Value":68.35,"Result_Unit_of_Measure":"%"}},{"type":"Feature","geometry":{"type":"Point","coordinates":[-79.055,42.6930560000001]},"properties":{"F_Monitoring_Location_Identifier":"EPA_GLNPO-STP","Location_Name":"Sturgeon Point (IADN STP)","State":"Other","Organization":"EPA Great Lakes National Program","Environmental_Media_Name":"Air","Activity_Media_Subdivision_Name":"Air moisture","Project_Name":"IADN-US 2021","PFAS_Chemical_Name":"Perfluorooctanoic acid","CAS_Number":"335-67-1","Result_Measure_Value__ppt_":0.38797337426099,"Result_Measure_Value":387.973374260992,"Result_Unit_of_Measure":"pg/L"}},{"type":"Feature","geometry":{"type":"Point","coordinates":[-79.055,42.6930560000001]},"properties":{"F_Monitoring_Location_Identifier":"EPA_GLNPO-STP","Location_Name":"Sturgeon Point (IADN STP)","State":"Other","Organization":"EPA Great Lakes National Program","Environmental_Media_Name":"Air","Activity_Media_Subdivision_Name":"Air moisture","Project_Name":"IADN-US 2021","PFAS_Chemical_Name":"Perfluoro[1,2-13C2]tetradecanoic acid","Result_Measure_Value":70.565,"Result_Unit_of_Measure":"%"}},{"type":"Feature","geometry":{"type":"Point","coordinates":[-79.055,42.6930560000001]},"properties":{"F_Monitoring_Location_Identifier":"EPA_GLNPO-STP","Location_Name":"Sturgeon Point (IADN STP)","State":"Other","Organization":"EPA Great Lakes National Program","Environmental_Media_Name":"Air","Activity_Media_Subdivision_Name":"Air moisture","Project_Name":"IADN-US 2021","PFAS_Chemical_Name":"Perfluoro[1,2-13C2]tetradecanoic acid","Result_Measure_Value":68.175,"Result_Unit_of_Measure":"%"}},{"type":"Feature","geometry":{"type":"Point","coordinates":[-79.055,42.6930560000001]},"properties":{"F_Monitoring_Location_Identifier":"EPA_GLNPO-STP","Location_Name":"Sturgeon Point (IADN STP)","State":"Other","Organization":"EPA Great Lakes National Program","Environmental_Media_Name":"Air","Activity_Media_Subdivision_Name":"Air moisture","Project_Name":"IADN-US 2021","PFAS_Chemical_Name":"Perfluorohexanoic acid","CAS_Number":"307-24-4","Result_Measure_Value__ppt_":0.32744193867926,"Result_Measure_Value":327.441938679265,"Result_Unit_of_Measure":"pg/L"}},{"type":"Feature","geometry":{"type":"Point","coordinates":[-79.055,42.6930560000001]},"properties":{"F_Monitoring_Location_Identifier":"EPA_GLNPO-STP","Location_Name":"Sturgeon Point (IADN STP)","State":"Other","Organization":"EPA Great Lakes National Program","Environmental_Media_Name":"Air","Activity_Media_Subdivision_Name":"Air moisture","Project_Name":"IADN-US 2021","PFAS_Chemical_Name":"Perfluorovaleric acid","CAS_Number":"2706-90-3","Result_Measure_Value__ppt_":0.21625325597105,"Result_Measure_Value":216.253255971054,"Result_Unit_of_Measure":"pg/L"}},{"type":"Feature","geometry":{"type":"Point","coordinates":[-79.055,42.6930560000001]},"properties":{"F_Monitoring_Location_Identifier":"EPA_GLNPO-STP","Location_Name":"Sturgeon Point (IADN STP)","State":"Other","Organization":"EPA Great Lakes National Program","Environmental_Media_Name":"Air","Activity_Media_Subdivision_Name":"Air moisture","Project_Name":"IADN-US 2021","PFAS_Chemical_Name":"Perfluoroheptanoic acid","CAS_Number":"375-85-9","Result_Measure_Value__ppt_":0.22496623234013,"Result_Measure_Value":224.966232340134,"Result_Unit_of_Measure":"pg/L"}},{"type":"Feature","geometry":{"type":"Point","coordinates":[-79.055,42.6930560000001]},"properties":{"F_Monitoring_Location_Identifier":"EPA_GLNPO-STP","Location_Name":"Sturgeon Point (IADN STP)","State":"Other","Organization":"EPA Great Lakes National Program","Environmental_Media_Name":"Air","Activity_Media_Subdivision_Name":"Air moisture","Project_Name":"IADN-US 2021","PFAS_Chemical_Name":"Perfluorobutylsulfonamide","CAS_Number":"30334-69-1","Result_Measure_Value__ppt_":0.091330891336467,"Result_Measure_Value":91.3308913364671,"Result_Unit_of_Measure":"pg/L"}},{"type":"Feature","geometry":{"type":"Point","coordinates":[-79.055,42.6930560000001]},"properties":{"F_Monitoring_Location_Identifier":"EPA_GLNPO-STP","Location_Name":"Sturgeon Point (IADN STP)","State":"Other","Organization":"EPA Great Lakes National Program","Environmental_Media_Name":"Air","Activity_Media_Subdivision_Name":"Air moisture","Project_Name":"IADN-US 2021","PFAS_Chemical_Name":"Perfluoro[1,2-13C2]hexanoic acid","Result_Measure_Value":82.31,"Result_Unit_of_Measure":"%"}},{"type":"Feature","geometry":{"type":"Point","coordinates":[-79.055,42.6930560000001]},"properties":{"F_Monitoring_Location_Identifier":"EPA_GLNPO-STP","Location_Name":"Sturgeon Point (IADN STP)","State":"Other","Organization":"EPA Great Lakes National Program","Environmental_Media_Name":"Air","Activity_Media_Subdivision_Name":"Air moisture","Project_Name":"IADN-US 2021","PFAS_Chemical_Name":"Perfluorohexanoic acid","CAS_Number":"307-24-4","Result_Measure_Value__ppt_":0.42920245393507,"Result_Measure_Value":429.202453935067,"Result_Unit_of_Measure":"pg/L"}},{"type":"Feature","geometry":{"type":"Point","coordinates":[-79.055,42.6930560000001]},"properties":{"F_Monitoring_Location_Identifier":"EPA_GLNPO-STP","Location_Name":"Sturgeon Point (IADN STP)","State":"Other","Organization":"EPA Great Lakes National Program","Environmental_Media_Name":"Air","Activity_Media_Subdivision_Name":"Air moisture","Project_Name":"IADN-US 2021","PFAS_Chemical_Name":"Perfluoro[1,2-13C2]hexanoic acid","Result_Measure_Value":62.16,"Result_Unit_of_Measure":"%"}},{"type":"Feature","geometry":{"type":"Point","coordinates":[-79.055,42.6930560000001]},"properties":{"F_Monitoring_Location_Identifier":"EPA_GLNPO-STP","Location_Name":"Sturgeon Point (IADN STP)","State":"Other","Organization":"EPA Great Lakes National Program","Environmental_Media_Name":"Air","Activity_Media_Subdivision_Name":"Air moisture","Project_Name":"IADN-US 2021","PFAS_Chemical_Name":"Perfluoro[1,2-13C2]hexanoic acid","Result_Measure_Value":90.37,"Result_Unit_of_Measure":"%"}},{"type":"Feature","geometry":{"type":"Point","coordinates":[-79.055,42.6930560000001]},"properties":{"F_Monitoring_Location_Identifier":"EPA_GLNPO-STP","Location_Name":"Sturgeon Point (IADN STP)","State":"Other","Organization":"EPA Great Lakes National Program","Environmental_Media_Name":"Air","Activity_Media_Subdivision_Name":"Air moisture","Project_Name":"IADN-US 2021","PFAS_Chemical_Name":"Perfluorononanoic acid","CAS_Number":"375-95-1","Result_Measure_Value__ppt_":0.19486325409747,"Result_Measure_Value":194.863254097471,"Result_Unit_of_Measure":"pg/L"}},{"type":"Feature","geometry":{"type":"Point","coordinates":[-79.055,42.6930560000001]},"properties":{"F_Monitoring_Location_Identifier":"EPA_GLNPO-STP","Location_Name":"Sturgeon Point (IADN STP)","State":"Other","Organization":"EPA Great Lakes National Program","Environmental_Media_Name":"Air","Activity_Media_Subdivision_Name":"Air moisture","Project_Name":"IADN-US 2021","PFAS_Chemical_Name":"Perfluoro[1,2-13C2]hexanoic acid","Result_Measure_Value":67.78,"Result_Unit_of_Measure":"%"}},{"type":"Feature","geometry":{"type":"Point","coordinates":[-79.055,42.6930560000001]},"properties":{"F_Monitoring_Location_Identifier":"EPA_GLNPO-STP","Location_Name":"Sturgeon Point (IADN STP)","State":"Other","Organization":"EPA Great Lakes National Program","Environmental_Media_Name":"Air","Activity_Media_Subdivision_Name":"Air moisture","Project_Name":"IADN-US 2021","PFAS_Chemical_Name":"Perfluorononanoic acid","CAS_Number":"375-95-1","Result_Measure_Value__ppt_":0.11767168458748,"Result_Measure_Value":117.671684587476,"Result_Unit_of_Measure":"pg/L"}},{"type":"Feature","geometry":{"type":"Point","coordinates":[-79.055,42.6930560000001]},"properties":{"F_Monitoring_Location_Identifier":"EPA_GLNPO-STP","Location_Name":"Sturgeon Point (IADN STP)","State":"Other","Organization":"EPA Great Lakes National Program","Environmental_Media_Name":"Air","Activity_Media_Subdivision_Name":"Air moisture","Project_Name":"IADN-US 2021","PFAS_Chemical_Name":"Perfluoro[1,2-13C2]undecanoic acid","CAS_Number":"960315-51-9","Result_Measure_Value":102.625,"Result_Unit_of_Measure":"%"}},{"type":"Feature","geometry":{"type":"Point","coordinates":[-79.055,42.6930560000001]},"properties":{"F_Monitoring_Location_Identifier":"EPA_GLNPO-STP","Location_Name":"Sturgeon Point (IADN STP)","State":"Other","Organization":"EPA Great Lakes National Program","Environmental_Media_Name":"Air","Activity_Media_Subdivision_Name":"Air moisture","Project_Name":"IADN-US 2021","PFAS_Chemical_Name":"Perfluorooctanoic acid","CAS_Number":"335-67-1","Result_Measure_Value__ppt_":0.15790717861587,"Result_Measure_Value":157.907178615867,"Result_Unit_of_Measure":"pg/L"}},{"type":"Feature","geometry":{"type":"Point","coordinates":[-79.055,42.6930560000001]},"properties":{"F_Monitoring_Location_Identifier":"EPA_GLNPO-STP","Location_Name":"Sturgeon Point (IADN STP)","State":"Other","Organization":"EPA Great Lakes National Program","Environmental_Media_Name":"Air","Activity_Media_Subdivision_Name":"Air moisture","Project_Name":"IADN-US 2021","PFAS_Chemical_Name":"Heptafluorobutyric acid***retired***use Perfluorobutanoic acid","Result_Measure_Value__ppt_":0.76322115387348,"Result_Measure_Value":763.221153873479,"Result_Unit_of_Measure":"pg/L"}},{"type":"Feature","geometry":{"type":"Point","coordinates":[-79.055,42.6930560000001]},"properties":{"F_Monitoring_Location_Identifier":"EPA_GLNPO-STP","Location_Name":"Sturgeon Point (IADN STP)","State":"Other","Organization":"EPA Great Lakes National Program","Environmental_Media_Name":"Air","Activity_Media_Subdivision_Name":"Air moisture","Project_Name":"IADN-US 2021","PFAS_Chemical_Name":"Perfluorooctanoic acid","CAS_Number":"335-67-1","Result_Measure_Value__ppt_":0.20936791924655,"Result_Measure_Value":209.367919246548,"Result_Unit_of_Measure":"pg/L"}},{"type":"Feature","geometry":{"type":"Point","coordinates":[-79.055,42.6930560000001]},"properties":{"F_Monitoring_Location_Identifier":"EPA_GLNPO-STP","Location_Name":"Sturgeon Point (IADN STP)","State":"Other","Organization":"EPA Great Lakes National Program","Environmental_Media_Name":"Air","Activity_Media_Subdivision_Name":"Air moisture","Project_Name":"IADN-US 2021","PFAS_Chemical_Name":"Perfluorooctanoic acid","CAS_Number":"335-67-1","Result_Measure_Value__ppt_":0.10893518519103,"Result_Measure_Value":108.935185191031,"Result_Unit_of_Measure":"pg/L"}},{"type":"Feature","geometry":{"type":"Point","coordinates":[-79.055,42.6930560000001]},"properties":{"F_Monitoring_Location_Identifier":"EPA_GLNPO-STP","Location_Name":"Sturgeon Point (IADN STP)","State":"Other","Organization":"EPA Great Lakes National Program","Environmental_Media_Name":"Air","Activity_Media_Subdivision_Name":"Air moisture","Project_Name":"IADN-US 2021","PFAS_Chemical_Name":"Sodium perfluoro-1-hexane[18O2]sulfonate","Result_Measure_Value":86.765,"Result_Unit_of_Measure":"%"}},{"type":"Feature","geometry":{"type":"Point","coordinates":[-79.055,42.6930560000001]},"properties":{"F_Monitoring_Location_Identifier":"EPA_GLNPO-STP","Location_Name":"Sturgeon Point (IADN STP)","State":"Other","Organization":"EPA Great Lakes National Program","Environmental_Media_Name":"Air","Activity_Media_Subdivision_Name":"Air moisture","Project_Name":"IADN-US 2021","PFAS_Chemical_Name":"Perfluorooctanoic acid","CAS_Number":"335-67-1","Result_Measure_Value__ppt_":0.13575593290175,"Result_Measure_Value":135.755932901751,"Result_Unit_of_Measure":"pg/L"}},{"type":"Feature","geometry":{"type":"Point","coordinates":[-79.055,42.6930560000001]},"properties":{"F_Monitoring_Location_Identifier":"EPA_GLNPO-STP","Location_Name":"Sturgeon Point (IADN STP)","State":"Other","Organization":"EPA Great Lakes National Program","Environmental_Media_Name":"Air","Activity_Media_Subdivision_Name":"Air moisture","Project_Name":"IADN-US 2021","PFAS_Chemical_Name":"Perfluorovaleric acid","CAS_Number":"2706-90-3","Result_Measure_Value__ppt_":0.36624831834337,"Result_Measure_Value":366.248318343367,"Result_Unit_of_Measure":"pg/L"}},{"type":"Feature","geometry":{"type":"Point","coordinates":[-79.055,42.6930560000001]},"properties":{"F_Monitoring_Location_Identifier":"EPA_GLNPO-STP","Location_Name":"Sturgeon Point (IADN STP)","State":"Other","Organization":"EPA Great Lakes National Program","Environmental_Media_Name":"Air","Activity_Media_Subdivision_Name":"Air moisture","Project_Name":"IADN-US 2021","PFAS_Chemical_Name":"Perfluoro[1,2-13C2]undecanoic acid","CAS_Number":"960315-51-9","Result_Measure_Value":114.5,"Result_Unit_of_Measure":"%"}},{"type":"Feature","geometry":{"type":"Point","coordinates":[-79.055,42.6930560000001]},"properties":{"F_Monitoring_Location_Identifier":"EPA_GLNPO-STP","Location_Name":"Sturgeon Point (IADN STP)","State":"Other","Organization":"EPA Great Lakes National Program","Environmental_Media_Name":"Air","Activity_Media_Subdivision_Name":"Air moisture","Project_Name":"IADN-US 2021","PFAS_Chemical_Name":"Perfluoro[1,2-13C2]tetradecanoic acid","Result_Measure_Value":73.375,"Result_Unit_of_Measure":"%"}},{"type":"Feature","geometry":{"type":"Point","coordinates":[-79.055,42.6930560000001]},"properties":{"F_Monitoring_Location_Identifier":"EPA_GLNPO-STP","Location_Name":"Sturgeon Point (IADN STP)","State":"Other","Organization":"EPA Great Lakes National Program","Environmental_Media_Name":"Air","Activity_Media_Subdivision_Name":"Air moisture","Project_Name":"IADN-US 2021","PFAS_Chemical_Name":"Perfluorodecanoic acid","CAS_Number":"335-76-2","Result_Measure_Value__ppt_":0.086077173908178,"Result_Measure_Value":86.0771739081783,"Result_Unit_of_Measure":"pg/L"}},{"type":"Feature","geometry":{"type":"Point","coordinates":[-79.055,42.6930560000001]},"properties":{"F_Monitoring_Location_Identifier":"EPA_GLNPO-STP","Location_Name":"Sturgeon Point (IADN STP)","State":"Other","Organization":"EPA Great Lakes National Program","Environmental_Media_Name":"Air","Activity_Media_Subdivision_Name":"Air moisture","Project_Name":"IADN-US 2021","PFAS_Chemical_Name":"Perfluorobutylsulfonamide","CAS_Number":"30334-69-1","Result_Measure_Value__ppt_":0.225,"Result_Measure_Value":225,"Result_Unit_of_Measure":"pg/L"}},{"type":"Feature","geometry":{"type":"Point","coordinates":[-79.055,42.6930560000001]},"properties":{"F_Monitoring_Location_Identifier":"EPA_GLNPO-STP","Location_Name":"Sturgeon Point (IADN STP)","State":"Other","Organization":"EPA Great Lakes National Program","Environmental_Media_Name":"Air","Activity_Media_Subdivision_Name":"Air moisture","Project_Name":"IADN-US 2021","PFAS_Chemical_Name":"Sodium perfluoro-1-hexane[18O2]sulfonate","Result_Measure_Value":91.39,"Result_Unit_of_Measure":"%"}},{"type":"Feature","geometry":{"type":"Point","coordinates":[-79.055,42.6930560000001]},"properties":{"F_Monitoring_Location_Identifier":"EPA_GLNPO-STP","Location_Name":"Sturgeon Point (IADN STP)","State":"Other","Organization":"EPA Great Lakes National Program","Environmental_Media_Name":"Air","Activity_Media_Subdivision_Name":"Air moisture","Project_Name":"IADN-US 2021","PFAS_Chemical_Name":"Perfluoro[1,2-13C2]hexanoic acid","Result_Measure_Value":68.885,"Result_Unit_of_Measure":"%"}},{"type":"Feature","geometry":{"type":"Point","coordinates":[-79.055,42.6930560000001]},"properties":{"F_Monitoring_Location_Identifier":"EPA_GLNPO-STP","Location_Name":"Sturgeon Point (IADN STP)","State":"Other","Organization":"EPA Great Lakes National Program","Environmental_Media_Name":"Air","Activity_Media_Subdivision_Name":"Air moisture","Project_Name":"IADN-US 2021","PFAS_Chemical_Name":"Perfluoro[1,2-13C2]undecanoic acid","CAS_Number":"960315-51-9","Result_Measure_Value":92.5,"Result_Unit_of_Measure":"%"}},{"type":"Feature","geometry":{"type":"Point","coordinates":[-79.055,42.6930560000001]},"properties":{"F_Monitoring_Location_Identifier":"EPA_GLNPO-STP","Location_Name":"Sturgeon Point (IADN STP)","State":"Other","Organization":"EPA Great Lakes National Program","Environmental_Media_Name":"Air","Activity_Media_Subdivision_Name":"Air moisture","Project_Name":"IADN-US 2021","PFAS_Chemical_Name":"Sodium perfluoro-1-hexane[18O2]sulfonate","Result_Measure_Value":83.995,"Result_Unit_of_Measure":"%"}},{"type":"Feature","geometry":{"type":"Point","coordinates":[-79.055,42.6930560000001]},"properties":{"F_Monitoring_Location_Identifier":"EPA_GLNPO-STP","Location_Name":"Sturgeon Point (IADN STP)","State":"Other","Organization":"EPA Great Lakes National Program","Environmental_Media_Name":"Air","Activity_Media_Subdivision_Name":"Air moisture","Project_Name":"IADN-US 2021","PFAS_Chemical_Name":"Sodium perfluoro-1-hexane[18O2]sulfonate","Result_Measure_Value":86.105,"Result_Unit_of_Measure":"%"}},{"type":"Feature","geometry":{"type":"Point","coordinates":[-79.055,42.6930560000001]},"properties":{"F_Monitoring_Location_Identifier":"EPA_GLNPO-STP","Location_Name":"Sturgeon Point (IADN STP)","State":"Other","Organization":"EPA Great Lakes National Program","Environmental_Media_Name":"Air","Activity_Media_Subdivision_Name":"Air moisture","Project_Name":"IADN-US 2021","PFAS_Chemical_Name":"Perfluoro[1,2-13C2]hexanoic acid","Result_Measure_Value":80.67,"Result_Unit_of_Measure":"%"}},{"type":"Feature","geometry":{"type":"Point","coordinates":[-79.055,42.6930560000001]},"properties":{"F_Monitoring_Location_Identifier":"EPA_GLNPO-STP","Location_Name":"Sturgeon Point (IADN STP)","State":"Other","Organization":"EPA Great Lakes National Program","Environmental_Media_Name":"Air","Activity_Media_Subdivision_Name":"Air moisture","Project_Name":"IADN-US 2021","PFAS_Chemical_Name":"Perfluorovaleric acid","CAS_Number":"2706-90-3","Result_Measure_Value__ppt_":0.24079332218052,"Result_Measure_Value":240.793322180518,"Result_Unit_of_Measure":"pg/L"}},{"type":"Feature","geometry":{"type":"Point","coordinates":[-79.055,42.6930560000001]},"properties":{"F_Monitoring_Location_Identifier":"EPA_GLNPO-STP","Location_Name":"Sturgeon Point (IADN STP)","State":"Other","Organization":"EPA Great Lakes National Program","Environmental_Media_Name":"Air","Activity_Media_Subdivision_Name":"Air moisture","Project_Name":"IADN-US 2021","PFAS_Chemical_Name":"Heptafluorobutyric acid***retired***use Perfluorobutanoic acid","Result_Measure_Value__ppt_":1.2134696015841,"Result_Measure_Value":1213.46960158408,"Result_Unit_of_Measure":"pg/L"}},{"type":"Feature","geometry":{"type":"Point","coordinates":[-79.055,42.6930560000001]},"properties":{"F_Monitoring_Location_Identifier":"EPA_GLNPO-STP","Location_Name":"Sturgeon Point (IADN STP)","State":"Other","Organization":"EPA Great Lakes National Program","Environmental_Media_Name":"Air","Activity_Media_Subdivision_Name":"Air moisture","Project_Name":"IADN-US 2021","PFAS_Chemical_Name":"Perfluoro[1,2-13C2]tetradecanoic acid","Result_Measure_Value":57.29,"Result_Unit_of_Measure":"%"}},{"type":"Feature","geometry":{"type":"Point","coordinates":[-79.055,42.6930560000001]},"properties":{"F_Monitoring_Location_Identifier":"EPA_GLNPO-STP","Location_Name":"Sturgeon Point (IADN STP)","State":"Other","Organization":"EPA Great Lakes National Program","Environmental_Media_Name":"Air","Activity_Media_Subdivision_Name":"Air moisture","Project_Name":"IADN-US 2021","PFAS_Chemical_Name":"Perfluoro[1,2-13C2]undecanoic acid","CAS_Number":"960315-51-9","Result_Measure_Value":84.505,"Result_Unit_of_Measure":"%"}},{"type":"Feature","geometry":{"type":"Point","coordinates":[-79.055,42.6930560000001]},"properties":{"F_Monitoring_Location_Identifier":"EPA_GLNPO-STP","Location_Name":"Sturgeon Point (IADN STP)","State":"Other","Organization":"EPA Great Lakes National Program","Environmental_Media_Name":"Air","Activity_Media_Subdivision_Name":"Air moisture","Project_Name":"IADN-US 2021","PFAS_Chemical_Name":"Perfluorovaleric acid","CAS_Number":"2706-90-3","Result_Measure_Value__ppt_":0.77310730606229,"Result_Measure_Value":773.107306062287,"Result_Unit_of_Measure":"pg/L"}},{"type":"Feature","geometry":{"type":"Point","coordinates":[-79.055,42.6930560000001]},"properties":{"F_Monitoring_Location_Identifier":"EPA_GLNPO-STP","Location_Name":"Sturgeon Point (IADN STP)","State":"Other","Organization":"EPA Great Lakes National Program","Environmental_Media_Name":"Air","Activity_Media_Subdivision_Name":"Air moisture","Project_Name":"IADN-US 2021","PFAS_Chemical_Name":"Perfluorohexanoic acid","CAS_Number":"307-24-4","Result_Measure_Value__ppt_":0.17791166601341,"Result_Measure_Value":177.911666013408,"Result_Unit_of_Measure":"pg/L"}},{"type":"Feature","geometry":{"type":"Point","coordinates":[-79.055,42.6930560000001]},"properties":{"F_Monitoring_Location_Identifier":"EPA_GLNPO-STP","Location_Name":"Sturgeon Point (IADN STP)","State":"Other","Organization":"EPA Great Lakes National Program","Environmental_Media_Name":"Air","Activity_Media_Subdivision_Name":"Air moisture","Project_Name":"IADN-US 2021","PFAS_Chemical_Name":"Perfluorohexanoic acid","CAS_Number":"307-24-4","Result_Measure_Value__ppt_":0.21190154867685,"Result_Measure_Value":211.901548676848,"Result_Unit_of_Measure":"pg/L"}},{"type":"Feature","geometry":{"type":"Point","coordinates":[-79.055,42.6930560000001]},"properties":{"F_Monitoring_Location_Identifier":"EPA_GLNPO-STP","Location_Name":"Sturgeon Point (IADN STP)","State":"Other","Organization":"EPA Great Lakes National Program","Environmental_Media_Name":"Air","Activity_Media_Subdivision_Name":"Air moisture","Project_Name":"IADN-US 2021","PFAS_Chemical_Name":"Perfluoro[1,2-13C2]tetradecanoic acid","Result_Measure_Value":52.335,"Result_Unit_of_Measure":"%"}},{"type":"Feature","geometry":{"type":"Point","coordinates":[-79.055,42.6930560000001]},"properties":{"F_Monitoring_Location_Identifier":"EPA_GLNPO-STP","Location_Name":"Sturgeon Point (IADN STP)","State":"Other","Organization":"EPA Great Lakes National Program","Environmental_Media_Name":"Air","Activity_Media_Subdivision_Name":"Air moisture","Project_Name":"IADN-US 2021","PFAS_Chemical_Name":"Heptafluorobutyric acid***retired***use Perfluorobutanoic acid","Result_Measure_Value__ppt_":1.2999612686563,"Result_Measure_Value":1299.9612686563,"Result_Unit_of_Measure":"pg/L"}},{"type":"Feature","geometry":{"type":"Point","coordinates":[-79.055,42.6930560000001]},"properties":{"F_Monitoring_Location_Identifier":"EPA_GLNPO-STP","Location_Name":"Sturgeon Point (IADN STP)","State":"Other","Organization":"EPA Great Lakes National Program","Environmental_Media_Name":"Air","Activity_Media_Subdivision_Name":"Air moisture","Project_Name":"IADN-US 2021","PFAS_Chemical_Name":"Perfluorononanoic acid","CAS_Number":"375-95-1","Result_Measure_Value__ppt_":0.1493150721651,"Result_Measure_Value":149.315072165099,"Result_Unit_of_Measure":"pg/L"}},{"type":"Feature","geometry":{"type":"Point","coordinates":[-79.055,42.6930560000001]},"properties":{"F_Monitoring_Location_Identifier":"EPA_GLNPO-STP","Location_Name":"Sturgeon Point (IADN STP)","State":"Other","Organization":"EPA Great Lakes National Program","Environmental_Media_Name":"Air","Activity_Media_Subdivision_Name":"Air moisture","Project_Name":"IADN-US 2021","PFAS_Chemical_Name":"Perfluorooctanoic acid","CAS_Number":"335-67-1","Result_Measure_Value__ppt_":0.19378355574522,"Result_Measure_Value":193.783555745223,"Result_Unit_of_Measure":"pg/L"}},{"type":"Feature","geometry":{"type":"Point","coordinates":[-79.055,42.6930560000001]},"properties":{"F_Monitoring_Location_Identifier":"EPA_GLNPO-STP","Location_Name":"Sturgeon Point (IADN STP)","State":"Other","Organization":"EPA Great Lakes National Program","Environmental_Media_Name":"Air","Activity_Media_Subdivision_Name":"Air moisture","Project_Name":"IADN-US 2021","PFAS_Chemical_Name":"Heptafluorobutyric acid***retired***use Perfluorobutanoic acid","Result_Measure_Value__ppt_":1.6506007742234,"Result_Measure_Value":1650.60077422337,"Result_Unit_of_Measure":"pg/L"}},{"type":"Feature","geometry":{"type":"Point","coordinates":[-79.055,42.6930560000001]},"properties":{"F_Monitoring_Location_Identifier":"EPA_GLNPO-STP","Location_Name":"Sturgeon Point (IADN STP)","State":"Other","Organization":"EPA Great Lakes National Program","Environmental_Media_Name":"Air","Activity_Media_Subdivision_Name":"Air moisture","Project_Name":"IADN-US 2021","PFAS_Chemical_Name":"Heptafluorobutyric acid***retired***use Perfluorobutanoic acid","Result_Measure_Value__ppt_":2.271553552209,"Result_Measure_Value":2271.55355220901,"Result_Unit_of_Measure":"pg/L"}},{"type":"Feature","geometry":{"type":"Point","coordinates":[-79.055,42.6930560000001]},"properties":{"F_Monitoring_Location_Identifier":"EPA_GLNPO-STP","Location_Name":"Sturgeon Point (IADN STP)","State":"Other","Organization":"EPA Great Lakes National Program","Environmental_Media_Name":"Air","Activity_Media_Subdivision_Name":"Air moisture","Project_Name":"IADN-US 2021","PFAS_Chemical_Name":"Sodium perfluoro-1-hexane[18O2]sulfonate","Result_Measure_Value":95.05,"Result_Unit_of_Measure":"%"}},{"type":"Feature","geometry":{"type":"Point","coordinates":[-79.055,42.6930560000001]},"properties":{"F_Monitoring_Location_Identifier":"EPA_GLNPO-STP","Location_Name":"Sturgeon Point (IADN STP)","State":"Other","Organization":"EPA Great Lakes National Program","Environmental_Media_Name":"Air","Activity_Media_Subdivision_Name":"Air moisture","Project_Name":"IADN-US 2021","PFAS_Chemical_Name":"Heptafluorobutyric acid***retired***use Perfluorobutanoic acid","Result_Measure_Value__ppt_":0.88697053045974,"Result_Measure_Value":886.970530459745,"Result_Unit_of_Measure":"pg/L"}},{"type":"Feature","geometry":{"type":"Point","coordinates":[-79.055,42.6930560000001]},"properties":{"F_Monitoring_Location_Identifier":"EPA_GLNPO-STP","Location_Name":"Sturgeon Point (IADN STP)","State":"Other","Organization":"EPA Great Lakes National Program","Environmental_Media_Name":"Air","Activity_Media_Subdivision_Name":"Air moisture","Project_Name":"IADN-US 2021","PFAS_Chemical_Name":"Perfluoro[1,2-13C2]undecanoic acid","CAS_Number":"960315-51-9","Result_Measure_Value":96.325,"Result_Unit_of_Measure":"%"}},{"type":"Feature","geometry":{"type":"Point","coordinates":[-79.055,42.6930560000001]},"properties":{"F_Monitoring_Location_Identifier":"EPA_GLNPO-STP","Location_Name":"Sturgeon Point (IADN STP)","State":"Other","Organization":"EPA Great Lakes National Program","Environmental_Media_Name":"Air","Activity_Media_Subdivision_Name":"Air moisture","Project_Name":"IADN-US 2021","PFAS_Chemical_Name":"Perfluoro[1,2-13C2]undecanoic acid","CAS_Number":"960315-51-9","Result_Measure_Value":98.175,"Result_Unit_of_Measure":"%"}},{"type":"Feature","geometry":{"type":"Point","coordinates":[-79.055,42.6930560000001]},"properties":{"F_Monitoring_Location_Identifier":"EPA_GLNPO-STP","Location_Name":"Sturgeon Point (IADN STP)","State":"Other","Organization":"EPA Great Lakes National Program","Environmental_Media_Name":"Air","Activity_Media_Subdivision_Name":"Air moisture","Project_Name":"IADN-US 2021","PFAS_Chemical_Name":"Heptafluorobutyric acid***retired***use Perfluorobutanoic acid","Result_Measure_Value__ppt_":3.3907936511525,"Result_Measure_Value":3390.79365115247,"Result_Unit_of_Measure":"pg/L"}},{"type":"Feature","geometry":{"type":"Point","coordinates":[-79.055,42.6930560000001]},"properties":{"F_Monitoring_Location_Identifier":"EPA_GLNPO-STP","Location_Name":"Sturgeon Point (IADN STP)","State":"Other","Organization":"EPA Great Lakes National Program","Environmental_Media_Name":"Air","Activity_Media_Subdivision_Name":"Air moisture","Project_Name":"IADN-US 2021","PFAS_Chemical_Name":"Perfluoro[1,2-13C2]hexanoic acid","Result_Measure_Value":68.92,"Result_Unit_of_Measure":"%"}},{"type":"Feature","geometry":{"type":"Point","coordinates":[-79.055,42.6930560000001]},"properties":{"F_Monitoring_Location_Identifier":"EPA_GLNPO-STP","Location_Name":"Sturgeon Point (IADN STP)","State":"Other","Organization":"EPA Great Lakes National Program","Environmental_Media_Name":"Air","Activity_Media_Subdivision_Name":"Air moisture","Project_Name":"IADN-US 2021","PFAS_Chemical_Name":"Perfluoro[1,2-13C2]hexanoic acid","Result_Measure_Value":71.07,"Result_Unit_of_Measure":"%"}},{"type":"Feature","geometry":{"type":"Point","coordinates":[-79.055,42.6930560000001]},"properties":{"F_Monitoring_Location_Identifier":"EPA_GLNPO-STP","Location_Name":"Sturgeon Point (IADN STP)","State":"Other","Organization":"EPA Great Lakes National Program","Environmental_Media_Name":"Air","Activity_Media_Subdivision_Name":"Air moisture","Project_Name":"IADN-US 2021","PFAS_Chemical_Name":"Perfluoro[1,2-13C2]tetradecanoic acid","Result_Measure_Value":63.205,"Result_Unit_of_Measure":"%"}},{"type":"Feature","geometry":{"type":"Point","coordinates":[-79.055,42.6930560000001]},"properties":{"F_Monitoring_Location_Identifier":"EPA_GLNPO-STP","Location_Name":"Sturgeon Point (IADN STP)","State":"Other","Organization":"EPA Great Lakes National Program","Environmental_Media_Name":"Air","Activity_Media_Subdivision_Name":"Air moisture","Project_Name":"IADN-US 2021","PFAS_Chemical_Name":"Perfluorononanoic acid","CAS_Number":"375-95-1","Result_Measure_Value__ppt_":0.21988051426071,"Result_Measure_Value":219.880514260712,"Result_Unit_of_Measure":"pg/L"}},{"type":"Feature","geometry":{"type":"Point","coordinates":[-79.055,42.6930560000001]},"properties":{"F_Monitoring_Location_Identifier":"EPA_GLNPO-STP","Location_Name":"Sturgeon Point (IADN STP)","State":"Other","Organization":"EPA Great Lakes National Program","Environmental_Media_Name":"Air","Activity_Media_Subdivision_Name":"Air moisture","Project_Name":"IADN-US 2021","PFAS_Chemical_Name":"Perfluorohexanoic acid","CAS_Number":"307-24-4","Result_Measure_Value__ppt_":0.0334,"Result_Measure_Value":33.4,"Result_Unit_of_Measure":"pg/L"}},{"type":"Feature","geometry":{"type":"Point","coordinates":[-79.055,42.6930560000001]},"properties":{"F_Monitoring_Location_Identifier":"EPA_GLNPO-STP","Location_Name":"Sturgeon Point (IADN STP)","State":"Other","Organization":"EPA Great Lakes National Program","Environmental_Media_Name":"Air","Activity_Media_Subdivision_Name":"Air moisture","Project_Name":"IADN-US 2021","PFAS_Chemical_Name":"Perfluoro[1,2-13C2]tetradecanoic acid","Result_Measure_Value":50.1,"Result_Unit_of_Measure":"%"}},{"type":"Feature","geometry":{"type":"Point","coordinates":[-79.055,42.6930560000001]},"properties":{"F_Monitoring_Location_Identifier":"EPA_GLNPO-STP","Location_Name":"Sturgeon Point (IADN STP)","State":"Other","Organization":"EPA Great Lakes National Program","Environmental_Media_Name":"Air","Activity_Media_Subdivision_Name":"Air moisture","Project_Name":"IADN-US 2021","PFAS_Chemical_Name":"Perfluoro[1,2-13C2]hexanoic acid","Result_Measure_Value":76.685,"Result_Unit_of_Measure":"%"}},{"type":"Feature","geometry":{"type":"Point","coordinates":[-79.055,42.6930560000001]},"properties":{"F_Monitoring_Location_Identifier":"EPA_GLNPO-STP","Location_Name":"Sturgeon Point (IADN STP)","State":"Other","Organization":"EPA Great Lakes National Program","Environmental_Media_Name":"Air","Activity_Media_Subdivision_Name":"Air moisture","Project_Name":"IADN-US 2021","PFAS_Chemical_Name":"Perfluoro[1,2-13C2]tetradecanoic acid","Result_Measure_Value":65.015,"Result_Unit_of_Measure":"%"}},{"type":"Feature","geometry":{"type":"Point","coordinates":[-79.055,42.6930560000001]},"properties":{"F_Monitoring_Location_Identifier":"EPA_GLNPO-STP","Location_Name":"Sturgeon Point (IADN STP)","State":"Other","Organization":"EPA Great Lakes National Program","Environmental_Media_Name":"Air","Activity_Media_Subdivision_Name":"Air moisture","Project_Name":"IADN-US 2021","PFAS_Chemical_Name":"Perfluorododecanoic acid","CAS_Number":"307-55-1","Result_Measure_Value__ppt_":0.17506215959562,"Result_Measure_Value":175.062159595615,"Result_Unit_of_Measure":"pg/L"}},{"type":"Feature","geometry":{"type":"Point","coordinates":[-79.055,42.6930560000001]},"properties":{"F_Monitoring_Location_Identifier":"EPA_GLNPO-STP","Location_Name":"Sturgeon Point (IADN STP)","State":"Other","Organization":"EPA Great Lakes National Program","Environmental_Media_Name":"Air","Activity_Media_Subdivision_Name":"Air moisture","Project_Name":"IADN-US 2021","PFAS_Chemical_Name":"Perfluoro[1,2-13C2]undecanoic acid","CAS_Number":"960315-51-9","Result_Measure_Value":88.68,"Result_Unit_of_Measure":"%"}},{"type":"Feature","geometry":{"type":"Point","coordinates":[-79.055,42.6930560000001]},"properties":{"F_Monitoring_Location_Identifier":"EPA_GLNPO-STP","Location_Name":"Sturgeon Point (IADN STP)","State":"Other","Organization":"EPA Great Lakes National Program","Environmental_Media_Name":"Air","Activity_Media_Subdivision_Name":"Air moisture","Project_Name":"IADN-US 2021","PFAS_Chemical_Name":"Perfluorovaleric acid","CAS_Number":"2706-90-3","Result_Measure_Value__ppt_":0.28356374805432,"Result_Measure_Value":283.563748054323,"Result_Unit_of_Measure":"pg/L"}},{"type":"Feature","geometry":{"type":"Point","coordinates":[-79.055,42.6930560000001]},"properties":{"F_Monitoring_Location_Identifier":"EPA_GLNPO-STP","Location_Name":"Sturgeon Point (IADN STP)","State":"Other","Organization":"EPA Great Lakes National Program","Environmental_Media_Name":"Air","Activity_Media_Subdivision_Name":"Air moisture","Project_Name":"IADN-US 2021","PFAS_Chemical_Name":"Sodium perfluoro-1-hexane[18O2]sulfonate","Result_Measure_Value":80.755,"Result_Unit_of_Measure":"%"}},{"type":"Feature","geometry":{"type":"Point","coordinates":[-79.055,42.6930560000001]},"properties":{"F_Monitoring_Location_Identifier":"EPA_GLNPO-STP","Location_Name":"Sturgeon Point (IADN STP)","State":"Other","Organization":"EPA Great Lakes National Program","Environmental_Media_Name":"Air","Activity_Media_Subdivision_Name":"Air moisture","Project_Name":"IADN-US 2021","PFAS_Chemical_Name":"Perfluorononanoic acid","CAS_Number":"375-95-1","Result_Measure_Value__ppt_":0.29,"Result_Measure_Value":290,"Result_Unit_of_Measure":"pg/L"}},{"type":"Feature","geometry":{"type":"Point","coordinates":[-79.055,42.6930560000001]},"properties":{"F_Monitoring_Location_Identifier":"EPA_GLNPO-STP","Location_Name":"Sturgeon Point (IADN STP)","State":"Other","Organization":"EPA Great Lakes National Program","Environmental_Media_Name":"Air","Activity_Media_Subdivision_Name":"Air moisture","Project_Name":"IADN-US 2021","PFAS_Chemical_Name":"Perfluorononanoic acid","CAS_Number":"375-95-1","Result_Measure_Value__ppt_":0.21036324787609,"Result_Measure_Value":210.363247876091,"Result_Unit_of_Measure":"pg/L"}},{"type":"Feature","geometry":{"type":"Point","coordinates":[-79.055,42.6930560000001]},"properties":{"F_Monitoring_Location_Identifier":"EPA_GLNPO-STP","Location_Name":"Sturgeon Point (IADN STP)","State":"Other","Organization":"EPA Great Lakes National Program","Environmental_Media_Name":"Air","Activity_Media_Subdivision_Name":"Air moisture","Project_Name":"IADN-US 2021","PFAS_Chemical_Name":"Perfluoroheptanoic acid","CAS_Number":"375-85-9","Result_Measure_Value__ppt_":0.30828469019239,"Result_Measure_Value":308.284690192392,"Result_Unit_of_Measure":"pg/L"}},{"type":"Feature","geometry":{"type":"Point","coordinates":[-79.055,42.6930560000001]},"properties":{"F_Monitoring_Location_Identifier":"EPA_GLNPO-STP","Location_Name":"Sturgeon Point (IADN STP)","State":"Other","Organization":"EPA Great Lakes National Program","Environmental_Media_Name":"Air","Activity_Media_Subdivision_Name":"Air moisture","Project_Name":"IADN-US 2021","PFAS_Chemical_Name":"Sodium perfluoro-1-hexane[18O2]sulfonate","Result_Measure_Value":82.335,"Result_Unit_of_Measure":"%"}},{"type":"Feature","geometry":{"type":"Point","coordinates":[-79.055,42.6930560000001]},"properties":{"F_Monitoring_Location_Identifier":"EPA_GLNPO-STP","Location_Name":"Sturgeon Point (IADN STP)","State":"Other","Organization":"EPA Great Lakes National Program","Environmental_Media_Name":"Air","Activity_Media_Subdivision_Name":"Air moisture","Project_Name":"IADN-US 2021","PFAS_Chemical_Name":"Perfluoro[1,2-13C2]tetradecanoic acid","Result_Measure_Value":85.12,"Result_Unit_of_Measure":"%"}},{"type":"Feature","geometry":{"type":"Point","coordinates":[-79.055,42.6930560000001]},"properties":{"F_Monitoring_Location_Identifier":"EPA_GLNPO-STP","Location_Name":"Sturgeon Point (IADN STP)","State":"Other","Organization":"EPA Great Lakes National Program","Environmental_Media_Name":"Air","Activity_Media_Subdivision_Name":"Air moisture","Project_Name":"IADN-US 2021","PFAS_Chemical_Name":"Sodium perfluoro-1-hexane[18O2]sulfonate","Result_Measure_Value":82.505,"Result_Unit_of_Measure":"%"}},{"type":"Feature","geometry":{"type":"Point","coordinates":[-79.055,42.6930560000001]},"properties":{"F_Monitoring_Location_Identifier":"EPA_GLNPO-STP","Location_Name":"Sturgeon Point (IADN STP)","State":"Other","Organization":"EPA Great Lakes National Program","Environmental_Media_Name":"Air","Activity_Media_Subdivision_Name":"Air moisture","Project_Name":"IADN-US 2021","PFAS_Chemical_Name":"Perfluoro[1,2-13C2]undecanoic acid","CAS_Number":"960315-51-9","Result_Measure_Value":90.78,"Result_Unit_of_Measure":"%"}},{"type":"Feature","geometry":{"type":"Point","coordinates":[-79.055,42.6930560000001]},"properties":{"F_Monitoring_Location_Identifier":"EPA_GLNPO-STP","Location_Name":"Sturgeon Point (IADN STP)","State":"Other","Organization":"EPA Great Lakes National Program","Environmental_Media_Name":"Air","Activity_Media_Subdivision_Name":"Air moisture","Project_Name":"IADN-US 2021","PFAS_Chemical_Name":"Perfluorohexanoic acid","CAS_Number":"307-24-4","Result_Measure_Value__ppt_":0.24498389321637,"Result_Measure_Value":244.983893216369,"Result_Unit_of_Measure":"pg/L"}},{"type":"Feature","geometry":{"type":"Point","coordinates":[-79.055,42.6930560000001]},"properties":{"F_Monitoring_Location_Identifier":"EPA_GLNPO-STP","Location_Name":"Sturgeon Point (IADN STP)","State":"Other","Organization":"EPA Great Lakes National Program","Environmental_Media_Name":"Air","Activity_Media_Subdivision_Name":"Air moisture","Project_Name":"IADN-US 2021","PFAS_Chemical_Name":"Perfluorohexanoic acid","CAS_Number":"307-24-4","Result_Measure_Value__ppt_":0.19930896057291,"Result_Measure_Value":199.308960572905,"Result_Unit_of_Measure":"pg/L"}},{"type":"Feature","geometry":{"type":"Point","coordinates":[-79.055,42.6930560000001]},"properties":{"F_Monitoring_Location_Identifier":"EPA_GLNPO-STP","Location_Name":"Sturgeon Point (IADN STP)","State":"Other","Organization":"EPA Great Lakes National Program","Environmental_Media_Name":"Air","Activity_Media_Subdivision_Name":"Air moisture","Project_Name":"IADN-US 2021","PFAS_Chemical_Name":"Perfluorohexanoic acid","CAS_Number":"307-24-4","Result_Measure_Value__ppt_":0.25666666669383,"Result_Measure_Value":256.666666693827,"Result_Unit_of_Measure":"pg/L"}},{"type":"Feature","geometry":{"type":"Point","coordinates":[-79.055,42.6930560000001]},"properties":{"F_Monitoring_Location_Identifier":"EPA_GLNPO-STP","Location_Name":"Sturgeon Point (IADN STP)","State":"Other","Organization":"EPA Great Lakes National Program","Environmental_Media_Name":"Air","Activity_Media_Subdivision_Name":"Air moisture","Project_Name":"IADN-US 2021","PFAS_Chemical_Name":"Perfluorooctanoic acid","CAS_Number":"335-67-1","Result_Measure_Value__ppt_":0.36156680801433,"Result_Measure_Value":361.566808014333,"Result_Unit_of_Measure":"pg/L"}},{"type":"Feature","geometry":{"type":"Point","coordinates":[-79.055,42.6930560000001]},"properties":{"F_Monitoring_Location_Identifier":"EPA_GLNPO-STP","Location_Name":"Sturgeon Point (IADN STP)","State":"Other","Organization":"EPA Great Lakes National Program","Environmental_Media_Name":"Air","Activity_Media_Subdivision_Name":"Air moisture","Project_Name":"IADN-US 2021","PFAS_Chemical_Name":"Perfluoro[1,2-13C2]tetradecanoic acid","Result_Measure_Value":78.25,"Result_Unit_of_Measure":"%"}},{"type":"Feature","geometry":{"type":"Point","coordinates":[-79.055,42.6930560000001]},"properties":{"F_Monitoring_Location_Identifier":"EPA_GLNPO-STP","Location_Name":"Sturgeon Point (IADN STP)","State":"Other","Organization":"EPA Great Lakes National Program","Environmental_Media_Name":"Air","Activity_Media_Subdivision_Name":"Air moisture","Project_Name":"IADN-US 2021","PFAS_Chemical_Name":"Perfluoropalmitic acid","CAS_Number":"67905-19-5","Result_Measure_Value__ppt_":0.344,"Result_Measure_Value":344,"Result_Unit_of_Measure":"pg/L"}},{"type":"Feature","geometry":{"type":"Point","coordinates":[-79.055,42.6930560000001]},"properties":{"F_Monitoring_Location_Identifier":"EPA_GLNPO-STP","Location_Name":"Sturgeon Point (IADN STP)","State":"Other","Organization":"EPA Great Lakes National Program","Environmental_Media_Name":"Air","Activity_Media_Subdivision_Name":"Air moisture","Project_Name":"IADN-US 2021","PFAS_Chemical_Name":"Perfluorohexanoic acid","CAS_Number":"307-24-4","Result_Measure_Value__ppt_":0.19118263771117,"Result_Measure_Value":191.182637711165,"Result_Unit_of_Measure":"pg/L"}},{"type":"Feature","geometry":{"type":"Point","coordinates":[-79.055,42.6930560000001]},"properties":{"F_Monitoring_Location_Identifier":"EPA_GLNPO-STP","Location_Name":"Sturgeon Point (IADN STP)","State":"Other","Organization":"EPA Great Lakes National Program","Environmental_Media_Name":"Air","Activity_Media_Subdivision_Name":"Air moisture","Project_Name":"IADN-US 2021","PFAS_Chemical_Name":"Sodium perfluoro-1-hexane[18O2]sulfonate","Result_Measure_Value":107.56,"Result_Unit_of_Measure":"%"}},{"type":"Feature","geometry":{"type":"Point","coordinates":[-79.055,42.6930560000001]},"properties":{"F_Monitoring_Location_Identifier":"EPA_GLNPO-STP","Location_Name":"Sturgeon Point (IADN STP)","State":"Other","Organization":"EPA Great Lakes National Program","Environmental_Media_Name":"Air","Activity_Media_Subdivision_Name":"Air moisture","Project_Name":"IADN-US 2021","PFAS_Chemical_Name":"Perfluorohexanoic acid","CAS_Number":"307-24-4","Result_Measure_Value__ppt_":0.21919891303109,"Result_Measure_Value":219.198913031089,"Result_Unit_of_Measure":"pg/L"}},{"type":"Feature","geometry":{"type":"Point","coordinates":[-79.055,42.6930560000001]},"properties":{"F_Monitoring_Location_Identifier":"EPA_GLNPO-STP","Location_Name":"Sturgeon Point (IADN STP)","State":"Other","Organization":"EPA Great Lakes National Program","Environmental_Media_Name":"Air","Activity_Media_Subdivision_Name":"Air moisture","Project_Name":"IADN-US 2021","PFAS_Chemical_Name":"Heptafluorobutyric acid***retired***use Perfluorobutanoic acid","Result_Measure_Value__ppt_":0.72099277110634,"Result_Measure_Value":720.992771106344,"Result_Unit_of_Measure":"pg/L"}},{"type":"Feature","geometry":{"type":"Point","coordinates":[-79.055,42.6930560000001]},"properties":{"F_Monitoring_Location_Identifier":"EPA_GLNPO-STP","Location_Name":"Sturgeon Point (IADN STP)","State":"Other","Organization":"EPA Great Lakes National Program","Environmental_Media_Name":"Air","Activity_Media_Subdivision_Name":"Air moisture","Project_Name":"IADN-US 2021","PFAS_Chemical_Name":"Perfluorovaleric acid","CAS_Number":"2706-90-3","Result_Measure_Value__ppt_":0.4605832449055,"Result_Measure_Value":460.583244905495,"Result_Unit_of_Measure":"pg/L"}},{"type":"Feature","geometry":{"type":"Point","coordinates":[-79.055,42.6930560000001]},"properties":{"F_Monitoring_Location_Identifier":"EPA_GLNPO-STP","Location_Name":"Sturgeon Point (IADN STP)","State":"Other","Organization":"EPA Great Lakes National Program","Environmental_Media_Name":"Air","Activity_Media_Subdivision_Name":"Air moisture","Project_Name":"IADN-US 2021","PFAS_Chemical_Name":"Perfluoroundecanoate","CAS_Number":"196859-54-8","Result_Measure_Value__ppt_":0.13989144904013,"Result_Measure_Value":139.891449040133,"Result_Unit_of_Measure":"pg/L"}},{"type":"Feature","geometry":{"type":"Point","coordinates":[-79.055,42.6930560000001]},"properties":{"F_Monitoring_Location_Identifier":"EPA_GLNPO-STP","Location_Name":"Sturgeon Point (IADN STP)","State":"Other","Organization":"EPA Great Lakes National Program","Environmental_Media_Name":"Air","Activity_Media_Subdivision_Name":"Air moisture","Project_Name":"IADN-US 2021","PFAS_Chemical_Name":"Perfluorovaleric acid","CAS_Number":"2706-90-3","Result_Measure_Value__ppt_":0.30153846153846,"Result_Measure_Value":301.538461538462,"Result_Unit_of_Measure":"pg/L"}},{"type":"Feature","geometry":{"type":"Point","coordinates":[-79.055,42.6930560000001]},"properties":{"F_Monitoring_Location_Identifier":"EPA_GLNPO-STP","Location_Name":"Sturgeon Point (IADN STP)","State":"Other","Organization":"EPA Great Lakes National Program","Environmental_Media_Name":"Air","Activity_Media_Subdivision_Name":"Air moisture","Project_Name":"IADN-US 2021","PFAS_Chemical_Name":"Perfluorononanoic acid","CAS_Number":"375-95-1","Result_Measure_Value__ppt_":0.13301847389964,"Result_Measure_Value":133.018473899642,"Result_Unit_of_Measure":"pg/L"}},{"type":"Feature","geometry":{"type":"Point","coordinates":[-79.055,42.6930560000001]},"properties":{"F_Monitoring_Location_Identifier":"EPA_GLNPO-STP","Location_Name":"Sturgeon Point (IADN STP)","State":"Other","Organization":"EPA Great Lakes National Program","Environmental_Media_Name":"Air","Activity_Media_Subdivision_Name":"Air moisture","Project_Name":"IADN-US 2021","PFAS_Chemical_Name":"Perfluorohexanoic acid","CAS_Number":"307-24-4","Result_Measure_Value__ppt_":0.21048951048338,"Result_Measure_Value":210.489510483377,"Result_Unit_of_Measure":"pg/L"}},{"type":"Feature","geometry":{"type":"Point","coordinates":[-79.055,42.6930560000001]},"properties":{"F_Monitoring_Location_Identifier":"EPA_GLNPO-STP","Location_Name":"Sturgeon Point (IADN STP)","State":"Other","Organization":"EPA Great Lakes National Program","Environmental_Media_Name":"Air","Activity_Media_Subdivision_Name":"Air moisture","Project_Name":"IADN-US 2021","PFAS_Chemical_Name":"Perfluorovaleric acid","CAS_Number":"2706-90-3","Result_Measure_Value__ppt_":0.28375,"Result_Measure_Value":283.75,"Result_Unit_of_Measure":"pg/L"}},{"type":"Feature","geometry":{"type":"Point","coordinates":[-79.055,42.6930560000001]},"properties":{"F_Monitoring_Location_Identifier":"EPA_GLNPO-STP","Location_Name":"Sturgeon Point (IADN STP)","State":"Other","Organization":"EPA Great Lakes National Program","Environmental_Media_Name":"Air","Activity_Media_Subdivision_Name":"Air moisture","Project_Name":"IADN-US 2021","PFAS_Chemical_Name":"Sodium perfluoro-1-hexane[18O2]sulfonate","Result_Measure_Value":92.15,"Result_Unit_of_Measure":"%"}},{"type":"Feature","geometry":{"type":"Point","coordinates":[-79.055,42.6930560000001]},"properties":{"F_Monitoring_Location_Identifier":"EPA_GLNPO-STP","Location_Name":"Sturgeon Point (IADN STP)","State":"Other","Organization":"EPA Great Lakes National Program","Environmental_Media_Name":"Air","Activity_Media_Subdivision_Name":"Air moisture","Project_Name":"IADN-US 2021","PFAS_Chemical_Name":"Perfluorobutylsulfonamide","CAS_Number":"30334-69-1","Result_Measure_Value__ppt_":0.25443602694968,"Result_Measure_Value":254.43602694968,"Result_Unit_of_Measure":"pg/L"}},{"type":"Feature","geometry":{"type":"Point","coordinates":[-79.055,42.6930560000001]},"properties":{"F_Monitoring_Location_Identifier":"EPA_GLNPO-STP","Location_Name":"Sturgeon Point (IADN STP)","State":"Other","Organization":"EPA Great Lakes National Program","Environmental_Media_Name":"Air","Activity_Media_Subdivision_Name":"Air moisture","Project_Name":"IADN-US 2021","PFAS_Chemical_Name":"Heptafluorobutyric acid***retired***use Perfluorobutanoic acid","Result_Measure_Value__ppt_":1.4496430467246,"Result_Measure_Value":1449.64304672463,"Result_Unit_of_Measure":"pg/L"}},{"type":"Feature","geometry":{"type":"Point","coordinates":[-79.055,42.6930560000001]},"properties":{"F_Monitoring_Location_Identifier":"EPA_GLNPO-STP","Location_Name":"Sturgeon Point (IADN STP)","State":"Other","Organization":"EPA Great Lakes National Program","Environmental_Media_Name":"Air","Activity_Media_Subdivision_Name":"Air moisture","Project_Name":"IADN-US 2021","PFAS_Chemical_Name":"Perfluoro[1,2-13C2]hexanoic acid","Result_Measure_Value":71.68,"Result_Unit_of_Measure":"%"}},{"type":"Feature","geometry":{"type":"Point","coordinates":[-79.055,42.6930560000001]},"properties":{"F_Monitoring_Location_Identifier":"EPA_GLNPO-STP","Location_Name":"Sturgeon Point (IADN STP)","State":"Other","Organization":"EPA Great Lakes National Program","Environmental_Media_Name":"Air","Activity_Media_Subdivision_Name":"Air moisture","Project_Name":"IADN-US 2021","PFAS_Chemical_Name":"Perfluoroheptanoic acid","CAS_Number":"375-85-9","Result_Measure_Value__ppt_":0.34517704519812,"Result_Measure_Value":345.177045198118,"Result_Unit_of_Measure":"pg/L"}},{"type":"Feature","geometry":{"type":"Point","coordinates":[-79.055,42.6930560000001]},"properties":{"F_Monitoring_Location_Identifier":"EPA_GLNPO-STP","Location_Name":"Sturgeon Point (IADN STP)","State":"Other","Organization":"EPA Great Lakes National Program","Environmental_Media_Name":"Air","Activity_Media_Subdivision_Name":"Air moisture","Project_Name":"IADN-US 2021","PFAS_Chemical_Name":"Heptafluorobutyric acid***retired***use Perfluorobutanoic acid","Result_Measure_Value__ppt_":3.0361538461538,"Result_Measure_Value":3036.15384615385,"Result_Unit_of_Measure":"pg/L"}},{"type":"Feature","geometry":{"type":"Point","coordinates":[-79.055,42.6930560000001]},"properties":{"F_Monitoring_Location_Identifier":"EPA_GLNPO-STP","Location_Name":"Sturgeon Point (IADN STP)","State":"Other","Organization":"EPA Great Lakes National Program","Environmental_Media_Name":"Air","Activity_Media_Subdivision_Name":"Air moisture","Project_Name":"IADN-US 2021","PFAS_Chemical_Name":"Perfluoro[1,2-13C2]hexanoic acid","Result_Measure_Value":67.82,"Result_Unit_of_Measure":"%"}},{"type":"Feature","geometry":{"type":"Point","coordinates":[-79.055,42.6930560000001]},"properties":{"F_Monitoring_Location_Identifier":"EPA_GLNPO-STP","Location_Name":"Sturgeon Point (IADN STP)","State":"Other","Organization":"EPA Great Lakes National Program","Environmental_Media_Name":"Air","Activity_Media_Subdivision_Name":"Air moisture","Project_Name":"IADN-US 2021","PFAS_Chemical_Name":"Perfluoro[1,2-13C2]hexanoic acid","Result_Measure_Value":69.56,"Result_Unit_of_Measure":"%"}},{"type":"Feature","geometry":{"type":"Point","coordinates":[-79.055,42.6930560000001]},"properties":{"F_Monitoring_Location_Identifier":"EPA_GLNPO-STP","Location_Name":"Sturgeon Point (IADN STP)","State":"Other","Organization":"EPA Great Lakes National Program","Environmental_Media_Name":"Air","Activity_Media_Subdivision_Name":"Air moisture","Project_Name":"IADN-US 2021","PFAS_Chemical_Name":"Perfluorohexanoic acid","CAS_Number":"307-24-4","Result_Measure_Value__ppt_":0.18350181806823,"Result_Measure_Value":183.501818068229,"Result_Unit_of_Measure":"pg/L"}},{"type":"Feature","geometry":{"type":"Point","coordinates":[-79.055,42.6930560000001]},"properties":{"F_Monitoring_Location_Identifier":"EPA_GLNPO-STP","Location_Name":"Sturgeon Point (IADN STP)","State":"Other","Organization":"EPA Great Lakes National Program","Environmental_Media_Name":"Air","Activity_Media_Subdivision_Name":"Air moisture","Project_Name":"IADN-US 2021","PFAS_Chemical_Name":"Perfluoro[1,2-13C2]undecanoic acid","CAS_Number":"960315-51-9","Result_Measure_Value":96.035,"Result_Unit_of_Measure":"%"}},{"type":"Feature","geometry":{"type":"Point","coordinates":[-79.055,42.6930560000001]},"properties":{"F_Monitoring_Location_Identifier":"EPA_GLNPO-STP","Location_Name":"Sturgeon Point (IADN STP)","State":"Other","Organization":"EPA Great Lakes National Program","Environmental_Media_Name":"Air","Activity_Media_Subdivision_Name":"Air moisture","Project_Name":"IADN-US 2021","PFAS_Chemical_Name":"Perfluoro[1,2-13C2]undecanoic acid","CAS_Number":"960315-51-9","Result_Measure_Value":65.72,"Result_Unit_of_Measure":"%"}},{"type":"Feature","geometry":{"type":"Point","coordinates":[-79.055,42.6930560000001]},"properties":{"F_Monitoring_Location_Identifier":"EPA_GLNPO-STP","Location_Name":"Sturgeon Point (IADN STP)","State":"Other","Organization":"EPA Great Lakes National Program","Environmental_Media_Name":"Air","Activity_Media_Subdivision_Name":"Air moisture","Project_Name":"IADN-US 2021","PFAS_Chemical_Name":"Perfluorooctane sulfonic acid","CAS_Number":"1763-23-1","Result_Measure_Value__ppt_":0.44784782606164,"Result_Measure_Value":447.847826061643,"Result_Unit_of_Measure":"pg/L"}},{"type":"Feature","geometry":{"type":"Point","coordinates":[-79.055,42.6930560000001]},"properties":{"F_Monitoring_Location_Identifier":"EPA_GLNPO-STP","Location_Name":"Sturgeon Point (IADN STP)","State":"Other","Organization":"EPA Great Lakes National Program","Environmental_Media_Name":"Air","Activity_Media_Subdivision_Name":"Air moisture","Project_Name":"IADN-US 2021","PFAS_Chemical_Name":"Heptafluorobutyric acid***retired***use Perfluorobutanoic acid","Result_Measure_Value__ppt_":0.2996,"Result_Measure_Value":299.6,"Result_Unit_of_Measure":"pg/L"}},{"type":"Feature","geometry":{"type":"Point","coordinates":[-79.055,42.6930560000001]},"properties":{"F_Monitoring_Location_Identifier":"EPA_GLNPO-STP","Location_Name":"Sturgeon Point (IADN STP)","State":"Other","Organization":"EPA Great Lakes National Program","Environmental_Media_Name":"Air","Activity_Media_Subdivision_Name":"Air moisture","Project_Name":"IADN-US 2021","PFAS_Chemical_Name":"Perfluorohexanoic acid","CAS_Number":"307-24-4","Result_Measure_Value__ppt_":0.17000734555961,"Result_Measure_Value":170.007345559612,"Result_Unit_of_Measure":"pg/L"}},{"type":"Feature","geometry":{"type":"Point","coordinates":[-79.055,42.6930560000001]},"properties":{"F_Monitoring_Location_Identifier":"EPA_GLNPO-STP","Location_Name":"Sturgeon Point (IADN STP)","State":"Other","Organization":"EPA Great Lakes National Program","Environmental_Media_Name":"Air","Activity_Media_Subdivision_Name":"Air moisture","Project_Name":"IADN-US 2021","PFAS_Chemical_Name":"Sodium perfluoro-1-hexane[18O2]sulfonate","Result_Measure_Value":81.87,"Result_Unit_of_Measure":"%"}},{"type":"Feature","geometry":{"type":"Point","coordinates":[-79.055,42.6930560000001]},"properties":{"F_Monitoring_Location_Identifier":"EPA_GLNPO-STP","Location_Name":"Sturgeon Point (IADN STP)","State":"Other","Organization":"EPA Great Lakes National Program","Environmental_Media_Name":"Air","Activity_Media_Subdivision_Name":"Air moisture","Project_Name":"IADN-US 2021","PFAS_Chemical_Name":"Perfluorohexanoic acid","CAS_Number":"307-24-4","Result_Measure_Value__ppt_":0.18467997950205,"Result_Measure_Value":184.679979502046,"Result_Unit_of_Measure":"pg/L"}},{"type":"Feature","geometry":{"type":"Point","coordinates":[-79.055,42.6930560000001]},"properties":{"F_Monitoring_Location_Identifier":"EPA_GLNPO-STP","Location_Name":"Sturgeon Point (IADN STP)","State":"Other","Organization":"EPA Great Lakes National Program","Environmental_Media_Name":"Air","Activity_Media_Subdivision_Name":"Air moisture","Project_Name":"IADN-US 2021","PFAS_Chemical_Name":"Perfluoro[1,2-13C2]hexanoic acid","Result_Measure_Value":73.355,"Result_Unit_of_Measure":"%"}},{"type":"Feature","geometry":{"type":"Point","coordinates":[-79.055,42.6930560000001]},"properties":{"F_Monitoring_Location_Identifier":"EPA_GLNPO-STP","Location_Name":"Sturgeon Point (IADN STP)","State":"Other","Organization":"EPA Great Lakes National Program","Environmental_Media_Name":"Air","Activity_Media_Subdivision_Name":"Air moisture","Project_Name":"IADN-US 2021","PFAS_Chemical_Name":"Sodium perfluoro-1-hexane[18O2]sulfonate","Result_Measure_Value":75.01,"Result_Unit_of_Measure":"%"}},{"type":"Feature","geometry":{"type":"Point","coordinates":[-79.055,42.6930560000001]},"properties":{"F_Monitoring_Location_Identifier":"EPA_GLNPO-STP","Location_Name":"Sturgeon Point (IADN STP)","State":"Other","Organization":"EPA Great Lakes National Program","Environmental_Media_Name":"Air","Activity_Media_Subdivision_Name":"Air moisture","Project_Name":"IADN-US 2021","PFAS_Chemical_Name":"Perfluorovaleric acid","CAS_Number":"2706-90-3","Result_Measure_Value__ppt_":0.17797667758411,"Result_Measure_Value":177.976677584113,"Result_Unit_of_Measure":"pg/L"}},{"type":"Feature","geometry":{"type":"Point","coordinates":[-79.055,42.6930560000001]},"properties":{"F_Monitoring_Location_Identifier":"EPA_GLNPO-STP","Location_Name":"Sturgeon Point (IADN STP)","State":"Other","Organization":"EPA Great Lakes National Program","Environmental_Media_Name":"Air","Activity_Media_Subdivision_Name":"Air moisture","Project_Name":"IADN-US 2021","PFAS_Chemical_Name":"Perfluorononanoic acid","CAS_Number":"375-95-1","Result_Measure_Value__ppt_":0.25891546293133,"Result_Measure_Value":258.91546293133,"Result_Unit_of_Measure":"pg/L"}},{"type":"Feature","geometry":{"type":"Point","coordinates":[-79.055,42.6930560000001]},"properties":{"F_Monitoring_Location_Identifier":"EPA_GLNPO-STP","Location_Name":"Sturgeon Point (IADN STP)","State":"Other","Organization":"EPA Great Lakes National Program","Environmental_Media_Name":"Air","Activity_Media_Subdivision_Name":"Air moisture","Project_Name":"IADN-US 2021","PFAS_Chemical_Name":"Perfluorobutylsulfonamide","CAS_Number":"30334-69-1","Result_Measure_Value__ppt_":0.1105,"Result_Measure_Value":110.5,"Result_Unit_of_Measure":"pg/L"}},{"type":"Feature","geometry":{"type":"Point","coordinates":[-79.055,42.6930560000001]},"properties":{"F_Monitoring_Location_Identifier":"EPA_GLNPO-STP","Location_Name":"Sturgeon Point (IADN STP)","State":"Other","Organization":"EPA Great Lakes National Program","Environmental_Media_Name":"Air","Activity_Media_Subdivision_Name":"Air moisture","Project_Name":"IADN-US 2021","PFAS_Chemical_Name":"Perfluoro[1,2-13C2]tetradecanoic acid","Result_Measure_Value":64.36,"Result_Unit_of_Measure":"%"}},{"type":"Feature","geometry":{"type":"Point","coordinates":[-79.055,42.6930560000001]},"properties":{"F_Monitoring_Location_Identifier":"EPA_GLNPO-STP","Location_Name":"Sturgeon Point (IADN STP)","State":"Other","Organization":"EPA Great Lakes National Program","Environmental_Media_Name":"Air","Activity_Media_Subdivision_Name":"Air moisture","Project_Name":"IADN-US 2021","PFAS_Chemical_Name":"Perfluorovaleric acid","CAS_Number":"2706-90-3","Result_Measure_Value__ppt_":0.33295421687763,"Result_Measure_Value":332.954216877632,"Result_Unit_of_Measure":"pg/L"}},{"type":"Feature","geometry":{"type":"Point","coordinates":[-79.055,42.6930560000001]},"properties":{"F_Monitoring_Location_Identifier":"EPA_GLNPO-STP","Location_Name":"Sturgeon Point (IADN STP)","State":"Other","Organization":"EPA Great Lakes National Program","Environmental_Media_Name":"Air","Activity_Media_Subdivision_Name":"Air moisture","Project_Name":"IADN-US 2021","PFAS_Chemical_Name":"Perfluoro[1,2-13C2]undecanoic acid","CAS_Number":"960315-51-9","Result_Measure_Value":85.695,"Result_Unit_of_Measure":"%"}},{"type":"Feature","geometry":{"type":"Point","coordinates":[-79.055,42.6930560000001]},"properties":{"F_Monitoring_Location_Identifier":"EPA_GLNPO-STP","Location_Name":"Sturgeon Point (IADN STP)","State":"Other","Organization":"EPA Great Lakes National Program","Environmental_Media_Name":"Air","Activity_Media_Subdivision_Name":"Air moisture","Project_Name":"IADN-US 2021","PFAS_Chemical_Name":"Perfluoro[1,2-13C2]undecanoic acid","CAS_Number":"960315-51-9","Result_Measure_Value":86.065,"Result_Unit_of_Measure":"%"}},{"type":"Feature","geometry":{"type":"Point","coordinates":[-79.055,42.6930560000001]},"properties":{"F_Monitoring_Location_Identifier":"EPA_GLNPO-STP","Location_Name":"Sturgeon Point (IADN STP)","State":"Other","Organization":"EPA Great Lakes National Program","Environmental_Media_Name":"Air","Activity_Media_Subdivision_Name":"Air moisture","Project_Name":"IADN-US 2021","PFAS_Chemical_Name":"Sodium perfluoro-1-hexane[18O2]sulfonate","Result_Measure_Value":95.61,"Result_Unit_of_Measure":"%"}},{"type":"Feature","geometry":{"type":"Point","coordinates":[-79.055,42.6930560000001]},"properties":{"F_Monitoring_Location_Identifier":"EPA_GLNPO-STP","Location_Name":"Sturgeon Point (IADN STP)","State":"Other","Organization":"EPA Great Lakes National Program","Environmental_Media_Name":"Air","Activity_Media_Subdivision_Name":"Air moisture","Project_Name":"IADN-US 2021","PFAS_Chemical_Name":"Perfluorobutylsulfonamide","CAS_Number":"30334-69-1","Result_Measure_Value__ppt_":0.15511252334467,"Result_Measure_Value":155.112523344669,"Result_Unit_of_Measure":"pg/L"}},{"type":"Feature","geometry":{"type":"Point","coordinates":[-79.055,42.6930560000001]},"properties":{"F_Monitoring_Location_Identifier":"EPA_GLNPO-STP","Location_Name":"Sturgeon Point (IADN STP)","State":"Other","Organization":"EPA Great Lakes National Program","Environmental_Media_Name":"Air","Activity_Media_Subdivision_Name":"Air moisture","Project_Name":"IADN-US 2021","PFAS_Chemical_Name":"Perfluoro[1,2-13C2]tetradecanoic acid","Result_Measure_Value":40.08,"Result_Unit_of_Measure":"%"}},{"type":"Feature","geometry":{"type":"Point","coordinates":[-79.055,42.6930560000001]},"properties":{"F_Monitoring_Location_Identifier":"EPA_GLNPO-STP","Location_Name":"Sturgeon Point (IADN STP)","State":"Other","Organization":"EPA Great Lakes National Program","Environmental_Media_Name":"Air","Activity_Media_Subdivision_Name":"Air moisture","Project_Name":"IADN-US 2021","PFAS_Chemical_Name":"Perfluorooctanoic acid","CAS_Number":"335-67-1","Result_Measure_Value__ppt_":0.12342971887927,"Result_Measure_Value":123.429718879269,"Result_Unit_of_Measure":"pg/L"}},{"type":"Feature","geometry":{"type":"Point","coordinates":[-79.055,42.6930560000001]},"properties":{"F_Monitoring_Location_Identifier":"EPA_GLNPO-STP","Location_Name":"Sturgeon Point (IADN STP)","State":"Other","Organization":"EPA Great Lakes National Program","Environmental_Media_Name":"Air","Activity_Media_Subdivision_Name":"Air moisture","Project_Name":"IADN-US 2021","PFAS_Chemical_Name":"Perfluorovaleric acid","CAS_Number":"2706-90-3","Result_Measure_Value__ppt_":0.24981167340344,"Result_Measure_Value":249.811673403442,"Result_Unit_of_Measure":"pg/L"}},{"type":"Feature","geometry":{"type":"Point","coordinates":[-79.055,42.6930560000001]},"properties":{"F_Monitoring_Location_Identifier":"EPA_GLNPO-STP","Location_Name":"Sturgeon Point (IADN STP)","State":"Other","Organization":"EPA Great Lakes National Program","Environmental_Media_Name":"Air","Activity_Media_Subdivision_Name":"Air moisture","Project_Name":"IADN-US 2021","PFAS_Chemical_Name":"Perfluoro[1,2-13C2]hexanoic acid","Result_Measure_Value":94.13,"Result_Unit_of_Measure":"%"}},{"type":"Feature","geometry":{"type":"Point","coordinates":[-79.055,42.6930560000001]},"properties":{"F_Monitoring_Location_Identifier":"EPA_GLNPO-STP","Location_Name":"Sturgeon Point (IADN STP)","State":"Other","Organization":"EPA Great Lakes National Program","Environmental_Media_Name":"Air","Activity_Media_Subdivision_Name":"Air moisture","Project_Name":"IADN-US 2021","PFAS_Chemical_Name":"Perfluorodecanoic acid","CAS_Number":"335-76-2","Result_Measure_Value__ppt_":0.07931603052757,"Result_Measure_Value":79.3160305275699,"Result_Unit_of_Measure":"pg/L"}},{"type":"Feature","geometry":{"type":"Point","coordinates":[-79.055,42.6930560000001]},"properties":{"F_Monitoring_Location_Identifier":"EPA_GLNPO-STP","Location_Name":"Sturgeon Point (IADN STP)","State":"Other","Organization":"EPA Great Lakes National Program","Environmental_Media_Name":"Air","Activity_Media_Subdivision_Name":"Air moisture","Project_Name":"IADN-US 2021","PFAS_Chemical_Name":"Perfluorovaleric acid","CAS_Number":"2706-90-3","Result_Measure_Value__ppt_":0.13951075440857,"Result_Measure_Value":139.510754408572,"Result_Unit_of_Measure":"pg/L"}},{"type":"Feature","geometry":{"type":"Point","coordinates":[-79.055,42.6930560000001]},"properties":{"F_Monitoring_Location_Identifier":"EPA_GLNPO-STP","Location_Name":"Sturgeon Point (IADN STP)","State":"Other","Organization":"EPA Great Lakes National Program","Environmental_Media_Name":"Air","Activity_Media_Subdivision_Name":"Air moisture","Project_Name":"IADN-US 2021","PFAS_Chemical_Name":"Perfluorohexanoic acid","CAS_Number":"307-24-4","Result_Measure_Value__ppt_":0.402,"Result_Measure_Value":402,"Result_Unit_of_Measure":"pg/L"}},{"type":"Feature","geometry":{"type":"Point","coordinates":[-79.055,42.6930560000001]},"properties":{"F_Monitoring_Location_Identifier":"EPA_GLNPO-STP","Location_Name":"Sturgeon Point (IADN STP)","State":"Other","Organization":"EPA Great Lakes National Program","Environmental_Media_Name":"Air","Activity_Media_Subdivision_Name":"Air moisture","Project_Name":"IADN-US 2021","PFAS_Chemical_Name":"Perfluoro[1,2-13C2]hexanoic acid","Result_Measure_Value":95.925,"Result_Unit_of_Measure":"%"}},{"type":"Feature","geometry":{"type":"Point","coordinates":[-79.055,42.6930560000001]},"properties":{"F_Monitoring_Location_Identifier":"EPA_GLNPO-STP","Location_Name":"Sturgeon Point (IADN STP)","State":"Other","Organization":"EPA Great Lakes National Program","Environmental_Media_Name":"Air","Activity_Media_Subdivision_Name":"Air moisture","Project_Name":"IADN-US 2021","PFAS_Chemical_Name":"Perfluoro[1,2-13C2]hexanoic acid","Result_Measure_Value":92.115,"Result_Unit_of_Measure":"%"}},{"type":"Feature","geometry":{"type":"Point","coordinates":[-79.055,42.6930560000001]},"properties":{"F_Monitoring_Location_Identifier":"EPA_GLNPO-STP","Location_Name":"Sturgeon Point (IADN STP)","State":"Other","Organization":"EPA Great Lakes National Program","Environmental_Media_Name":"Air","Activity_Media_Subdivision_Name":"Air moisture","Project_Name":"IADN-US 2021","PFAS_Chemical_Name":"Perfluoro[1,2-13C2]undecanoic acid","CAS_Number":"960315-51-9","Result_Measure_Value":89.84,"Result_Unit_of_Measure":"%"}},{"type":"Feature","geometry":{"type":"Point","coordinates":[-79.055,42.6930560000001]},"properties":{"F_Monitoring_Location_Identifier":"EPA_GLNPO-STP","Location_Name":"Sturgeon Point (IADN STP)","State":"Other","Organization":"EPA Great Lakes National Program","Environmental_Media_Name":"Air","Activity_Media_Subdivision_Name":"Air moisture","Project_Name":"IADN-US 2021","PFAS_Chemical_Name":"Perfluoro[1,2-13C2]hexanoic acid","Result_Measure_Value":91.04,"Result_Unit_of_Measure":"%"}},{"type":"Feature","geometry":{"type":"Point","coordinates":[-79.055,42.6930560000001]},"properties":{"F_Monitoring_Location_Identifier":"EPA_GLNPO-STP","Location_Name":"Sturgeon Point (IADN STP)","State":"Other","Organization":"EPA Great Lakes National Program","Environmental_Media_Name":"Air","Activity_Media_Subdivision_Name":"Air moisture","Project_Name":"IADN-US 2021","PFAS_Chemical_Name":"6:2 Fluorotelomer sulfonate acid","Result_Measure_Value__ppt_":0.40004301075154,"Result_Measure_Value":400.043010751541,"Result_Unit_of_Measure":"pg/L"}},{"type":"Feature","geometry":{"type":"Point","coordinates":[-79.055,42.6930560000001]},"properties":{"F_Monitoring_Location_Identifier":"EPA_GLNPO-STP","Location_Name":"Sturgeon Point (IADN STP)","State":"Other","Organization":"EPA Great Lakes National Program","Environmental_Media_Name":"Air","Activity_Media_Subdivision_Name":"Air moisture","Project_Name":"IADN-US 2021","PFAS_Chemical_Name":"Perfluoro[1,2-13C2]tetradecanoic acid","Result_Measure_Value":71.13,"Result_Unit_of_Measure":"%"}},{"type":"Feature","geometry":{"type":"Point","coordinates":[-79.055,42.6930560000001]},"properties":{"F_Monitoring_Location_Identifier":"EPA_GLNPO-STP","Location_Name":"Sturgeon Point (IADN STP)","State":"Other","Organization":"EPA Great Lakes National Program","Environmental_Media_Name":"Air","Activity_Media_Subdivision_Name":"Air moisture","Project_Name":"IADN-US 2021","PFAS_Chemical_Name":"Perfluorooctanoic acid","CAS_Number":"335-67-1","Result_Measure_Value__ppt_":0.42612244896819,"Result_Measure_Value":426.122448968187,"Result_Unit_of_Measure":"pg/L"}},{"type":"Feature","geometry":{"type":"Point","coordinates":[-79.055,42.6930560000001]},"properties":{"F_Monitoring_Location_Identifier":"EPA_GLNPO-STP","Location_Name":"Sturgeon Point (IADN STP)","State":"Other","Organization":"EPA Great Lakes National Program","Environmental_Media_Name":"Air","Activity_Media_Subdivision_Name":"Air moisture","Project_Name":"IADN-US 2021","PFAS_Chemical_Name":"Perfluorohexanoic acid","CAS_Number":"307-24-4","Result_Measure_Value__ppt_":0.2835,"Result_Measure_Value":283.5,"Result_Unit_of_Measure":"pg/L"}},{"type":"Feature","geometry":{"type":"Point","coordinates":[-79.055,42.6930560000001]},"properties":{"F_Monitoring_Location_Identifier":"EPA_GLNPO-STP","Location_Name":"Sturgeon Point (IADN STP)","State":"Other","Organization":"EPA Great Lakes National Program","Environmental_Media_Name":"Air","Activity_Media_Subdivision_Name":"Air moisture","Project_Name":"IADN-US 2021","PFAS_Chemical_Name":"Perfluoro[1,2-13C2]tetradecanoic acid","Result_Measure_Value":78.22,"Result_Unit_of_Measure":"%"}},{"type":"Feature","geometry":{"type":"Point","coordinates":[-79.055,42.6930560000001]},"properties":{"F_Monitoring_Location_Identifier":"EPA_GLNPO-STP","Location_Name":"Sturgeon Point (IADN STP)","State":"Other","Organization":"EPA Great Lakes National Program","Environmental_Media_Name":"Air","Activity_Media_Subdivision_Name":"Air moisture","Project_Name":"IADN-US 2021","PFAS_Chemical_Name":"Perfluorohexanesulfonic acid","CAS_Number":"355-46-4","Result_Measure_Value__ppt_":0.0302,"Result_Measure_Value":30.2,"Result_Unit_of_Measure":"pg/L"}},{"type":"Feature","geometry":{"type":"Point","coordinates":[-79.055,42.6930560000001]},"properties":{"F_Monitoring_Location_Identifier":"EPA_GLNPO-STP","Location_Name":"Sturgeon Point (IADN STP)","State":"Other","Organization":"EPA Great Lakes National Program","Environmental_Media_Name":"Air","Activity_Media_Subdivision_Name":"Air moisture","Project_Name":"IADN-US 2021","PFAS_Chemical_Name":"Perfluoro[1,2-13C2]hexanoic acid","Result_Measure_Value":76.29,"Result_Unit_of_Measure":"%"}},{"type":"Feature","geometry":{"type":"Point","coordinates":[-79.055,42.6930560000001]},"properties":{"F_Monitoring_Location_Identifier":"EPA_GLNPO-STP","Location_Name":"Sturgeon Point (IADN STP)","State":"Other","Organization":"EPA Great Lakes National Program","Environmental_Media_Name":"Air","Activity_Media_Subdivision_Name":"Air moisture","Project_Name":"IADN-US 2021","PFAS_Chemical_Name":"Perfluoro[1,2-13C2]hexanoic acid","Result_Measure_Value":79.64,"Result_Unit_of_Measure":"%"}},{"type":"Feature","geometry":{"type":"Point","coordinates":[-79.055,42.6930560000001]},"properties":{"F_Monitoring_Location_Identifier":"EPA_GLNPO-STP","Location_Name":"Sturgeon Point (IADN STP)","State":"Other","Organization":"EPA Great Lakes National Program","Environmental_Media_Name":"Air","Activity_Media_Subdivision_Name":"Air moisture","Project_Name":"IADN-US 2021","PFAS_Chemical_Name":"Perfluorovaleric acid","CAS_Number":"2706-90-3","Result_Measure_Value__ppt_":0.18472921534117,"Result_Measure_Value":184.729215341168,"Result_Unit_of_Measure":"pg/L"}},{"type":"Feature","geometry":{"type":"Point","coordinates":[-79.055,42.6930560000001]},"properties":{"F_Monitoring_Location_Identifier":"EPA_GLNPO-STP","Location_Name":"Sturgeon Point (IADN STP)","State":"Other","Organization":"EPA Great Lakes National Program","Environmental_Media_Name":"Air","Activity_Media_Subdivision_Name":"Air moisture","Project_Name":"IADN-US 2021","PFAS_Chemical_Name":"Heptafluorobutyric acid***retired***use Perfluorobutanoic acid","Result_Measure_Value__ppt_":2.6699175825806,"Result_Measure_Value":2669.91758258058,"Result_Unit_of_Measure":"pg/L"}},{"type":"Feature","geometry":{"type":"Point","coordinates":[-79.055,42.6930560000001]},"properties":{"F_Monitoring_Location_Identifier":"EPA_GLNPO-STP","Location_Name":"Sturgeon Point (IADN STP)","State":"Other","Organization":"EPA Great Lakes National Program","Environmental_Media_Name":"Air","Activity_Media_Subdivision_Name":"Air moisture","Project_Name":"IADN-US 2021","PFAS_Chemical_Name":"Perfluoro[1,2-13C2]tetradecanoic acid","Result_Measure_Value":37.655,"Result_Unit_of_Measure":"%"}},{"type":"Feature","geometry":{"type":"Point","coordinates":[-79.055,42.6930560000001]},"properties":{"F_Monitoring_Location_Identifier":"EPA_GLNPO-STP","Location_Name":"Sturgeon Point (IADN STP)","State":"Other","Organization":"EPA Great Lakes National Program","Environmental_Media_Name":"Air","Activity_Media_Subdivision_Name":"Air moisture","Project_Name":"IADN-US 2021","PFAS_Chemical_Name":"Perfluoro[1,2-13C2]hexanoic acid","Result_Measure_Value":87.25,"Result_Unit_of_Measure":"%"}},{"type":"Feature","geometry":{"type":"Point","coordinates":[-79.055,42.6930560000001]},"properties":{"F_Monitoring_Location_Identifier":"EPA_GLNPO-STP","Location_Name":"Sturgeon Point (IADN STP)","State":"Other","Organization":"EPA Great Lakes National Program","Environmental_Media_Name":"Air","Activity_Media_Subdivision_Name":"Air moisture","Project_Name":"IADN-US 2021","PFAS_Chemical_Name":"Perfluorooctane sulfonic acid","CAS_Number":"1763-23-1","Result_Measure_Value__ppt_":0.25772868582138,"Result_Measure_Value":257.728685821379,"Result_Unit_of_Measure":"pg/L"}},{"type":"Feature","geometry":{"type":"Point","coordinates":[-79.055,42.6930560000001]},"properties":{"F_Monitoring_Location_Identifier":"EPA_GLNPO-STP","Location_Name":"Sturgeon Point (IADN STP)","State":"Other","Organization":"EPA Great Lakes National Program","Environmental_Media_Name":"Air","Activity_Media_Subdivision_Name":"Air moisture","Project_Name":"IADN-US 2021","PFAS_Chemical_Name":"Sodium perfluoro-1-hexane[18O2]sulfonate","Result_Measure_Value":81.395,"Result_Unit_of_Measure":"%"}},{"type":"Feature","geometry":{"type":"Point","coordinates":[-79.055,42.6930560000001]},"properties":{"F_Monitoring_Location_Identifier":"EPA_GLNPO-STP","Location_Name":"Sturgeon Point (IADN STP)","State":"Other","Organization":"EPA Great Lakes National Program","Environmental_Media_Name":"Air","Activity_Media_Subdivision_Name":"Air moisture","Project_Name":"IADN-US 2021","PFAS_Chemical_Name":"Perfluoro[1,2-13C2]undecanoic acid","CAS_Number":"960315-51-9","Result_Measure_Value":90.62,"Result_Unit_of_Measure":"%"}},{"type":"Feature","geometry":{"type":"Point","coordinates":[-79.055,42.6930560000001]},"properties":{"F_Monitoring_Location_Identifier":"EPA_GLNPO-STP","Location_Name":"Sturgeon Point (IADN STP)","State":"Other","Organization":"EPA Great Lakes National Program","Environmental_Media_Name":"Air","Activity_Media_Subdivision_Name":"Air moisture","Project_Name":"IADN-US 2021","PFAS_Chemical_Name":"Perfluorovaleric acid","CAS_Number":"2706-90-3","Result_Measure_Value__ppt_":0.49206308243587,"Result_Measure_Value":492.063082435865,"Result_Unit_of_Measure":"pg/L"}},{"type":"Feature","geometry":{"type":"Point","coordinates":[-79.055,42.6930560000001]},"properties":{"F_Monitoring_Location_Identifier":"EPA_GLNPO-STP","Location_Name":"Sturgeon Point (IADN STP)","State":"Other","Organization":"EPA Great Lakes National Program","Environmental_Media_Name":"Air","Activity_Media_Subdivision_Name":"Air moisture","Project_Name":"IADN-US 2021","PFAS_Chemical_Name":"Sodium perfluoro-1-hexane[18O2]sulfonate","Result_Measure_Value":96.195,"Result_Unit_of_Measure":"%"}},{"type":"Feature","geometry":{"type":"Point","coordinates":[-79.055,42.6930560000001]},"properties":{"F_Monitoring_Location_Identifier":"EPA_GLNPO-STP","Location_Name":"Sturgeon Point (IADN STP)","State":"Other","Organization":"EPA Great Lakes National Program","Environmental_Media_Name":"Air","Activity_Media_Subdivision_Name":"Air moisture","Project_Name":"IADN-US 2021","PFAS_Chemical_Name":"Perfluorohexanoic acid","CAS_Number":"307-24-4","Result_Measure_Value__ppt_":0.15402632423143,"Result_Measure_Value":154.026324231429,"Result_Unit_of_Measure":"pg/L"}},{"type":"Feature","geometry":{"type":"Point","coordinates":[-79.055,42.6930560000001]},"properties":{"F_Monitoring_Location_Identifier":"EPA_GLNPO-STP","Location_Name":"Sturgeon Point (IADN STP)","State":"Other","Organization":"EPA Great Lakes National Program","Environmental_Media_Name":"Air","Activity_Media_Subdivision_Name":"Air moisture","Project_Name":"IADN-US 2021","PFAS_Chemical_Name":"Perfluoro[1,2-13C2]undecanoic acid","CAS_Number":"960315-51-9","Result_Measure_Value":82.7,"Result_Unit_of_Measure":"%"}},{"type":"Feature","geometry":{"type":"Point","coordinates":[-79.055,42.6930560000001]},"properties":{"F_Monitoring_Location_Identifier":"EPA_GLNPO-STP","Location_Name":"Sturgeon Point (IADN STP)","State":"Other","Organization":"EPA Great Lakes National Program","Environmental_Media_Name":"Air","Activity_Media_Subdivision_Name":"Air moisture","Project_Name":"IADN-US 2021","PFAS_Chemical_Name":"Perfluorooctanoic acid","CAS_Number":"335-67-1","Result_Measure_Value__ppt_":0.44625,"Result_Measure_Value":446.25,"Result_Unit_of_Measure":"pg/L"}},{"type":"Feature","geometry":{"type":"Point","coordinates":[-79.055,42.6930560000001]},"properties":{"F_Monitoring_Location_Identifier":"EPA_GLNPO-STP","Location_Name":"Sturgeon Point (IADN STP)","State":"Other","Organization":"EPA Great Lakes National Program","Environmental_Media_Name":"Air","Activity_Media_Subdivision_Name":"Air moisture","Project_Name":"IADN-US 2021","PFAS_Chemical_Name":"Perfluorovaleric acid","CAS_Number":"2706-90-3","Result_Measure_Value__ppt_":0.95796703302552,"Result_Measure_Value":957.967033025517,"Result_Unit_of_Measure":"pg/L"}},{"type":"Feature","geometry":{"type":"Point","coordinates":[-79.055,42.6930560000001]},"properties":{"F_Monitoring_Location_Identifier":"EPA_GLNPO-STP","Location_Name":"Sturgeon Point (IADN STP)","State":"Other","Organization":"EPA Great Lakes National Program","Environmental_Media_Name":"Air","Activity_Media_Subdivision_Name":"Air moisture","Project_Name":"IADN-US 2021","PFAS_Chemical_Name":"Perfluoro[1,2-13C2]undecanoic acid","CAS_Number":"960315-51-9","Result_Measure_Value":70.425,"Result_Unit_of_Measure":"%"}},{"type":"Feature","geometry":{"type":"Point","coordinates":[-79.055,42.6930560000001]},"properties":{"F_Monitoring_Location_Identifier":"EPA_GLNPO-STP","Location_Name":"Sturgeon Point (IADN STP)","State":"Other","Organization":"EPA Great Lakes National Program","Environmental_Media_Name":"Air","Activity_Media_Subdivision_Name":"Air moisture","Project_Name":"IADN-US 2021","PFAS_Chemical_Name":"Perfluoro[1,2-13C2]tetradecanoic acid","Result_Measure_Value":72.52,"Result_Unit_of_Measure":"%"}},{"type":"Feature","geometry":{"type":"Point","coordinates":[-79.055,42.6930560000001]},"properties":{"F_Monitoring_Location_Identifier":"EPA_GLNPO-STP","Location_Name":"Sturgeon Point (IADN STP)","State":"Other","Organization":"EPA Great Lakes National Program","Environmental_Media_Name":"Air","Activity_Media_Subdivision_Name":"Air moisture","Project_Name":"IADN-US 2021","PFAS_Chemical_Name":"Sodium perfluoro-1-hexane[18O2]sulfonate","Result_Measure_Value":85.54,"Result_Unit_of_Measure":"%"}},{"type":"Feature","geometry":{"type":"Point","coordinates":[-79.055,42.6930560000001]},"properties":{"F_Monitoring_Location_Identifier":"EPA_GLNPO-STP","Location_Name":"Sturgeon Point (IADN STP)","State":"Other","Organization":"EPA Great Lakes National Program","Environmental_Media_Name":"Air","Activity_Media_Subdivision_Name":"Air moisture","Project_Name":"IADN-US 2021","PFAS_Chemical_Name":"Perfluorovaleric acid","CAS_Number":"2706-90-3","Result_Measure_Value__ppt_":0.29359180853708,"Result_Measure_Value":293.591808537077,"Result_Unit_of_Measure":"pg/L"}},{"type":"Feature","geometry":{"type":"Point","coordinates":[-79.055,42.6930560000001]},"properties":{"F_Monitoring_Location_Identifier":"EPA_GLNPO-STP","Location_Name":"Sturgeon Point (IADN STP)","State":"Other","Organization":"EPA Great Lakes National Program","Environmental_Media_Name":"Air","Activity_Media_Subdivision_Name":"Air moisture","Project_Name":"IADN-US 2021","PFAS_Chemical_Name":"Sodium perfluoro-1-hexane[18O2]sulfonate","Result_Measure_Value":100.3,"Result_Unit_of_Measure":"%"}},{"type":"Feature","geometry":{"type":"Point","coordinates":[-79.055,42.6930560000001]},"properties":{"F_Monitoring_Location_Identifier":"EPA_GLNPO-STP","Location_Name":"Sturgeon Point (IADN STP)","State":"Other","Organization":"EPA Great Lakes National Program","Environmental_Media_Name":"Air","Activity_Media_Subdivision_Name":"Air moisture","Project_Name":"IADN-US 2021","PFAS_Chemical_Name":"Perfluoroundecanoate","CAS_Number":"196859-54-8","Result_Measure_Value__ppt_":0.318,"Result_Measure_Value":318,"Result_Unit_of_Measure":"pg/L"}},{"type":"Feature","geometry":{"type":"Point","coordinates":[-79.055,42.6930560000001]},"properties":{"F_Monitoring_Location_Identifier":"EPA_GLNPO-STP","Location_Name":"Sturgeon Point (IADN STP)","State":"Other","Organization":"EPA Great Lakes National Program","Environmental_Media_Name":"Air","Activity_Media_Subdivision_Name":"Air moisture","Project_Name":"IADN-US 2021","PFAS_Chemical_Name":"Perfluorononanoic acid","CAS_Number":"375-95-1","Result_Measure_Value__ppt_":0.16721122870324,"Result_Measure_Value":167.211228703236,"Result_Unit_of_Measure":"pg/L"}},{"type":"Feature","geometry":{"type":"Point","coordinates":[-79.055,42.6930560000001]},"properties":{"F_Monitoring_Location_Identifier":"EPA_GLNPO-STP","Location_Name":"Sturgeon Point (IADN STP)","State":"Other","Organization":"EPA Great Lakes National Program","Environmental_Media_Name":"Air","Activity_Media_Subdivision_Name":"Air moisture","Project_Name":"IADN-US 2021","PFAS_Chemical_Name":"Perfluoro[1,2-13C2]tetradecanoic acid","Result_Measure_Value":50.54,"Result_Unit_of_Measure":"%"}},{"type":"Feature","geometry":{"type":"Point","coordinates":[-79.055,42.6930560000001]},"properties":{"F_Monitoring_Location_Identifier":"EPA_GLNPO-STP","Location_Name":"Sturgeon Point (IADN STP)","State":"Other","Organization":"EPA Great Lakes National Program","Environmental_Media_Name":"Air","Activity_Media_Subdivision_Name":"Air moisture","Project_Name":"IADN-US 2021","PFAS_Chemical_Name":"Heptafluorobutyric acid***retired***use Perfluorobutanoic acid","Result_Measure_Value__ppt_":1.5677777384297,"Result_Measure_Value":1567.77773842974,"Result_Unit_of_Measure":"pg/L"}},{"type":"Feature","geometry":{"type":"Point","coordinates":[-79.055,42.6930560000001]},"properties":{"F_Monitoring_Location_Identifier":"EPA_GLNPO-STP","Location_Name":"Sturgeon Point (IADN STP)","State":"Other","Organization":"EPA Great Lakes National Program","Environmental_Media_Name":"Air","Activity_Media_Subdivision_Name":"Air moisture","Project_Name":"IADN-US 2021","PFAS_Chemical_Name":"Perfluorodecanoic acid","CAS_Number":"335-76-2","Result_Measure_Value__ppt_":0.16868407576565,"Result_Measure_Value":168.684075765649,"Result_Unit_of_Measure":"pg/L"}},{"type":"Feature","geometry":{"type":"Point","coordinates":[-79.055,42.6930560000001]},"properties":{"F_Monitoring_Location_Identifier":"EPA_GLNPO-STP","Location_Name":"Sturgeon Point (IADN STP)","State":"Other","Organization":"EPA Great Lakes National Program","Environmental_Media_Name":"Air","Activity_Media_Subdivision_Name":"Air moisture","Project_Name":"IADN-US 2021","PFAS_Chemical_Name":"Sodium perfluoro-1-hexane[18O2]sulfonate","Result_Measure_Value":90.185,"Result_Unit_of_Measure":"%"}},{"type":"Feature","geometry":{"type":"Point","coordinates":[-79.055,42.6930560000001]},"properties":{"F_Monitoring_Location_Identifier":"EPA_GLNPO-STP","Location_Name":"Sturgeon Point (IADN STP)","State":"Other","Organization":"EPA Great Lakes National Program","Environmental_Media_Name":"Air","Activity_Media_Subdivision_Name":"Air moisture","Project_Name":"IADN-US 2021","PFAS_Chemical_Name":"Heptafluorobutyric acid***retired***use Perfluorobutanoic acid","Result_Measure_Value__ppt_":1.3151934781865,"Result_Measure_Value":1315.19347818653,"Result_Unit_of_Measure":"pg/L"}},{"type":"Feature","geometry":{"type":"Point","coordinates":[-79.055,42.6930560000001]},"properties":{"F_Monitoring_Location_Identifier":"EPA_GLNPO-STP","Location_Name":"Sturgeon Point (IADN STP)","State":"Other","Organization":"EPA Great Lakes National Program","Environmental_Media_Name":"Air","Activity_Media_Subdivision_Name":"Air moisture","Project_Name":"IADN-US 2021","PFAS_Chemical_Name":"Heptafluorobutyric acid***retired***use Perfluorobutanoic acid","Result_Measure_Value__ppt_":1.0952797202478,"Result_Measure_Value":1095.27972024781,"Result_Unit_of_Measure":"pg/L"}},{"type":"Feature","geometry":{"type":"Point","coordinates":[-79.055,42.6930560000001]},"properties":{"F_Monitoring_Location_Identifier":"EPA_GLNPO-STP","Location_Name":"Sturgeon Point (IADN STP)","State":"Other","Organization":"EPA Great Lakes National Program","Environmental_Media_Name":"Air","Activity_Media_Subdivision_Name":"Air moisture","Project_Name":"IADN-US 2021","PFAS_Chemical_Name":"Perfluoro[1,2-13C2]undecanoic acid","CAS_Number":"960315-51-9","Result_Measure_Value":92.685,"Result_Unit_of_Measure":"%"}},{"type":"Feature","geometry":{"type":"Point","coordinates":[-79.055,42.6930560000001]},"properties":{"F_Monitoring_Location_Identifier":"EPA_GLNPO-STP","Location_Name":"Sturgeon Point (IADN STP)","State":"Other","Organization":"EPA Great Lakes National Program","Environmental_Media_Name":"Air","Activity_Media_Subdivision_Name":"Air moisture","Project_Name":"IADN-US 2021","PFAS_Chemical_Name":"Perfluoro[1,2-13C2]undecanoic acid","CAS_Number":"960315-51-9","Result_Measure_Value":91.69,"Result_Unit_of_Measure":"%"}},{"type":"Feature","geometry":{"type":"Point","coordinates":[-79.055,42.6930560000001]},"properties":{"F_Monitoring_Location_Identifier":"EPA_GLNPO-STP","Location_Name":"Sturgeon Point (IADN STP)","State":"Other","Organization":"EPA Great Lakes National Program","Environmental_Media_Name":"Air","Activity_Media_Subdivision_Name":"Air moisture","Project_Name":"IADN-US 2021","PFAS_Chemical_Name":"Perfluoro[1,2-13C2]undecanoic acid","CAS_Number":"960315-51-9","Result_Measure_Value":85.17,"Result_Unit_of_Measure":"%"}},{"type":"Feature","geometry":{"type":"Point","coordinates":[-79.055,42.6930560000001]},"properties":{"F_Monitoring_Location_Identifier":"EPA_GLNPO-STP","Location_Name":"Sturgeon Point (IADN STP)","State":"Other","Organization":"EPA Great Lakes National Program","Environmental_Media_Name":"Air","Activity_Media_Subdivision_Name":"Air moisture","Project_Name":"IADN-US 2021","PFAS_Chemical_Name":"Perfluorooctanoic acid","CAS_Number":"335-67-1","Result_Measure_Value__ppt_":0.23655372406817,"Result_Measure_Value":236.553724068166,"Result_Unit_of_Measure":"pg/L"}},{"type":"Feature","geometry":{"type":"Point","coordinates":[-79.055,42.6930560000001]},"properties":{"F_Monitoring_Location_Identifier":"EPA_GLNPO-STP","Location_Name":"Sturgeon Point (IADN STP)","State":"Other","Organization":"EPA Great Lakes National Program","Environmental_Media_Name":"Air","Activity_Media_Subdivision_Name":"Air moisture","Project_Name":"IADN-US 2021","PFAS_Chemical_Name":"Perfluorohexanoic acid","CAS_Number":"307-24-4","Result_Measure_Value__ppt_":0.24533119584301,"Result_Measure_Value":245.331195843005,"Result_Unit_of_Measure":"pg/L"}},{"type":"Feature","geometry":{"type":"Point","coordinates":[-79.055,42.6930560000001]},"properties":{"F_Monitoring_Location_Identifier":"EPA_GLNPO-STP","Location_Name":"Sturgeon Point (IADN STP)","State":"Other","Organization":"EPA Great Lakes National Program","Environmental_Media_Name":"Air","Activity_Media_Subdivision_Name":"Air moisture","Project_Name":"IADN-US 2021","PFAS_Chemical_Name":"Sodium perfluoro-1-hexane[18O2]sulfonate","Result_Measure_Value":83.365,"Result_Unit_of_Measure":"%"}},{"type":"Feature","geometry":{"type":"Point","coordinates":[-79.055,42.6930560000001]},"properties":{"F_Monitoring_Location_Identifier":"EPA_GLNPO-STP","Location_Name":"Sturgeon Point (IADN STP)","State":"Other","Organization":"EPA Great Lakes National Program","Environmental_Media_Name":"Air","Activity_Media_Subdivision_Name":"Air moisture","Project_Name":"IADN-US 2021","PFAS_Chemical_Name":"Sodium perfluoro-1-hexane[18O2]sulfonate","Result_Measure_Value":111.65,"Result_Unit_of_Measure":"%"}},{"type":"Feature","geometry":{"type":"Point","coordinates":[-79.055,42.6930560000001]},"properties":{"F_Monitoring_Location_Identifier":"EPA_GLNPO-STP","Location_Name":"Sturgeon Point (IADN STP)","State":"Other","Organization":"EPA Great Lakes National Program","Environmental_Media_Name":"Air","Activity_Media_Subdivision_Name":"Air moisture","Project_Name":"IADN-US 2021","PFAS_Chemical_Name":"Perfluorooctane sulfonic acid","CAS_Number":"1763-23-1","Result_Measure_Value__ppt_":0.25372960372221,"Result_Measure_Value":253.729603722211,"Result_Unit_of_Measure":"pg/L"}},{"type":"Feature","geometry":{"type":"Point","coordinates":[-79.055,42.6930560000001]},"properties":{"F_Monitoring_Location_Identifier":"EPA_GLNPO-STP","Location_Name":"Sturgeon Point (IADN STP)","State":"Other","Organization":"EPA Great Lakes National Program","Environmental_Media_Name":"Air","Activity_Media_Subdivision_Name":"Air moisture","Project_Name":"IADN-US 2021","PFAS_Chemical_Name":"Sodium perfluoro-1-hexane[18O2]sulfonate","Result_Measure_Value":77.58,"Result_Unit_of_Measure":"%"}},{"type":"Feature","geometry":{"type":"Point","coordinates":[-79.055,42.6930560000001]},"properties":{"F_Monitoring_Location_Identifier":"EPA_GLNPO-STP","Location_Name":"Sturgeon Point (IADN STP)","State":"Other","Organization":"EPA Great Lakes National Program","Environmental_Media_Name":"Air","Activity_Media_Subdivision_Name":"Air moisture","Project_Name":"IADN-US 2021","PFAS_Chemical_Name":"Perfluorooctanoic acid","CAS_Number":"335-67-1","Result_Measure_Value__ppt_":0.21487891396955,"Result_Measure_Value":214.878913969552,"Result_Unit_of_Measure":"pg/L"}},{"type":"Feature","geometry":{"type":"Point","coordinates":[-79.055,42.6930560000001]},"properties":{"F_Monitoring_Location_Identifier":"EPA_GLNPO-STP","Location_Name":"Sturgeon Point (IADN STP)","State":"Other","Organization":"EPA Great Lakes National Program","Environmental_Media_Name":"Air","Activity_Media_Subdivision_Name":"Air moisture","Project_Name":"IADN-US 2021","PFAS_Chemical_Name":"Sodium perfluoro-1-hexane[18O2]sulfonate","Result_Measure_Value":103.52,"Result_Unit_of_Measure":"%"}},{"type":"Feature","geometry":{"type":"Point","coordinates":[-79.055,42.6930560000001]},"properties":{"F_Monitoring_Location_Identifier":"EPA_GLNPO-STP","Location_Name":"Sturgeon Point (IADN STP)","State":"Other","Organization":"EPA Great Lakes National Program","Environmental_Media_Name":"Air","Activity_Media_Subdivision_Name":"Air moisture","Project_Name":"IADN-US 2021","PFAS_Chemical_Name":"Perfluorovaleric acid","CAS_Number":"2706-90-3","Result_Measure_Value__ppt_":0.22396464647667,"Result_Measure_Value":223.964646476665,"Result_Unit_of_Measure":"pg/L"}},{"type":"Feature","geometry":{"type":"Point","coordinates":[-79.055,42.6930560000001]},"properties":{"F_Monitoring_Location_Identifier":"EPA_GLNPO-STP","Location_Name":"Sturgeon Point (IADN STP)","State":"Other","Organization":"EPA Great Lakes National Program","Environmental_Media_Name":"Air","Activity_Media_Subdivision_Name":"Air moisture","Project_Name":"IADN-US 2021","PFAS_Chemical_Name":"Perfluorodecanoic acid","CAS_Number":"335-76-2","Result_Measure_Value__ppt_":0.12825806451576,"Result_Measure_Value":128.258064515761,"Result_Unit_of_Measure":"pg/L"}},{"type":"Feature","geometry":{"type":"Point","coordinates":[-79.055,42.6930560000001]},"properties":{"F_Monitoring_Location_Identifier":"EPA_GLNPO-STP","Location_Name":"Sturgeon Point (IADN STP)","State":"Other","Organization":"EPA Great Lakes National Program","Environmental_Media_Name":"Air","Activity_Media_Subdivision_Name":"Air moisture","Project_Name":"IADN-US 2021","PFAS_Chemical_Name":"Perfluoro[1,2-13C2]tetradecanoic acid","Result_Measure_Value":71.28,"Result_Unit_of_Measure":"%"}},{"type":"Feature","geometry":{"type":"Point","coordinates":[-79.055,42.6930560000001]},"properties":{"F_Monitoring_Location_Identifier":"EPA_GLNPO-STP","Location_Name":"Sturgeon Point (IADN STP)","State":"Other","Organization":"EPA Great Lakes National Program","Environmental_Media_Name":"Air","Activity_Media_Subdivision_Name":"Air moisture","Project_Name":"IADN-US 2021","PFAS_Chemical_Name":"Perfluorooctanoic acid","CAS_Number":"335-67-1","Result_Measure_Value__ppt_":0.23312988311615,"Result_Measure_Value":233.129883116146,"Result_Unit_of_Measure":"pg/L"}},{"type":"Feature","geometry":{"type":"Point","coordinates":[-79.055,42.6930560000001]},"properties":{"F_Monitoring_Location_Identifier":"EPA_GLNPO-STP","Location_Name":"Sturgeon Point (IADN STP)","State":"Other","Organization":"EPA Great Lakes National Program","Environmental_Media_Name":"Air","Activity_Media_Subdivision_Name":"Air moisture","Project_Name":"IADN-US 2021","PFAS_Chemical_Name":"Perfluoro[1,2-13C2]undecanoic acid","CAS_Number":"960315-51-9","Result_Measure_Value":80.525,"Result_Unit_of_Measure":"%"}},{"type":"Feature","geometry":{"type":"Point","coordinates":[-79.055,42.6930560000001]},"properties":{"F_Monitoring_Location_Identifier":"EPA_GLNPO-STP","Location_Name":"Sturgeon Point (IADN STP)","State":"Other","Organization":"EPA Great Lakes National Program","Environmental_Media_Name":"Air","Activity_Media_Subdivision_Name":"Air moisture","Project_Name":"IADN-US 2021","PFAS_Chemical_Name":"Heptafluorobutyric acid***retired***use Perfluorobutanoic acid","Result_Measure_Value__ppt_":3.5064176699487,"Result_Measure_Value":3506.41766994866,"Result_Unit_of_Measure":"pg/L"}},{"type":"Feature","geometry":{"type":"Point","coordinates":[-79.055,42.6930560000001]},"properties":{"F_Monitoring_Location_Identifier":"EPA_GLNPO-STP","Location_Name":"Sturgeon Point (IADN STP)","State":"Other","Organization":"EPA Great Lakes National Program","Environmental_Media_Name":"Air","Activity_Media_Subdivision_Name":"Air moisture","Project_Name":"IADN-US 2021","PFAS_Chemical_Name":"Perfluorononanoic acid","CAS_Number":"375-95-1","Result_Measure_Value__ppt_":0.17643290810432,"Result_Measure_Value":176.432908104318,"Result_Unit_of_Measure":"pg/L"}},{"type":"Feature","geometry":{"type":"Point","coordinates":[-79.055,42.6930560000001]},"properties":{"F_Monitoring_Location_Identifier":"EPA_GLNPO-STP","Location_Name":"Sturgeon Point (IADN STP)","State":"Other","Organization":"EPA Great Lakes National Program","Environmental_Media_Name":"Air","Activity_Media_Subdivision_Name":"Air moisture","Project_Name":"IADN-US 2021","PFAS_Chemical_Name":"Perfluoro[1,2-13C2]undecanoic acid","CAS_Number":"960315-51-9","Result_Measure_Value":85.14,"Result_Unit_of_Measure":"%"}},{"type":"Feature","geometry":{"type":"Point","coordinates":[-79.055,42.6930560000001]},"properties":{"F_Monitoring_Location_Identifier":"EPA_GLNPO-STP","Location_Name":"Sturgeon Point (IADN STP)","State":"Other","Organization":"EPA Great Lakes National Program","Environmental_Media_Name":"Air","Activity_Media_Subdivision_Name":"Air moisture","Project_Name":"IADN-US 2021","PFAS_Chemical_Name":"Perfluorooctanoic acid","CAS_Number":"335-67-1","Result_Measure_Value__ppt_":0.48914021736366,"Result_Measure_Value":489.140217363657,"Result_Unit_of_Measure":"pg/L"}},{"type":"Feature","geometry":{"type":"Point","coordinates":[-79.055,42.6930560000001]},"properties":{"F_Monitoring_Location_Identifier":"EPA_GLNPO-STP","Location_Name":"Sturgeon Point (IADN STP)","State":"Other","Organization":"EPA Great Lakes National Program","Environmental_Media_Name":"Air","Activity_Media_Subdivision_Name":"Air moisture","Project_Name":"IADN-US 2021","PFAS_Chemical_Name":"Heptafluorobutyric acid***retired***use Perfluorobutanoic acid","Result_Measure_Value__ppt_":1.4724956475888,"Result_Measure_Value":1472.49564758876,"Result_Unit_of_Measure":"pg/L"}},{"type":"Feature","geometry":{"type":"Point","coordinates":[-79.055,42.6930560000001]},"properties":{"F_Monitoring_Location_Identifier":"EPA_GLNPO-STP","Location_Name":"Sturgeon Point (IADN STP)","State":"Other","Organization":"EPA Great Lakes National Program","Environmental_Media_Name":"Air","Activity_Media_Subdivision_Name":"Air moisture","Project_Name":"IADN-US 2021","PFAS_Chemical_Name":"Heptafluorobutyric acid***retired***use Perfluorobutanoic acid","Result_Measure_Value__ppt_":1.636613620067,"Result_Measure_Value":1636.61362006699,"Result_Unit_of_Measure":"pg/L"}},{"type":"Feature","geometry":{"type":"Point","coordinates":[-79.055,42.6930560000001]},"properties":{"F_Monitoring_Location_Identifier":"EPA_GLNPO-STP","Location_Name":"Sturgeon Point (IADN STP)","State":"Other","Organization":"EPA Great Lakes National Program","Environmental_Media_Name":"Air","Activity_Media_Subdivision_Name":"Air moisture","Project_Name":"IADN-US 2021","PFAS_Chemical_Name":"Heptafluorobutyric acid***retired***use Perfluorobutanoic acid","Result_Measure_Value__ppt_":2.242,"Result_Measure_Value":2242,"Result_Unit_of_Measure":"pg/L"}},{"type":"Feature","geometry":{"type":"Point","coordinates":[-79.055,42.6930560000001]},"properties":{"F_Monitoring_Location_Identifier":"EPA_GLNPO-STP","Location_Name":"Sturgeon Point (IADN STP)","State":"Other","Organization":"EPA Great Lakes National Program","Environmental_Media_Name":"Air","Activity_Media_Subdivision_Name":"Air moisture","Project_Name":"IADN-US 2021","PFAS_Chemical_Name":"Perfluoroundecanoate","CAS_Number":"196859-54-8","Result_Measure_Value__ppt_":0.17310067881583,"Result_Measure_Value":173.100678815832,"Result_Unit_of_Measure":"pg/L"}},{"type":"Feature","geometry":{"type":"Point","coordinates":[-79.055,42.6930560000001]},"properties":{"F_Monitoring_Location_Identifier":"EPA_GLNPO-STP","Location_Name":"Sturgeon Point (IADN STP)","State":"Other","Organization":"EPA Great Lakes National Program","Environmental_Media_Name":"Air","Activity_Media_Subdivision_Name":"Air moisture","Project_Name":"IADN-US 2021","PFAS_Chemical_Name":"Heptafluorobutyric acid***retired***use Perfluorobutanoic acid","Result_Measure_Value__ppt_":0.0456,"Result_Measure_Value":45.6,"Result_Unit_of_Measure":"pg/L"}},{"type":"Feature","geometry":{"type":"Point","coordinates":[-79.055,42.6930560000001]},"properties":{"F_Monitoring_Location_Identifier":"EPA_GLNPO-STP","Location_Name":"Sturgeon Point (IADN STP)","State":"Other","Organization":"EPA Great Lakes National Program","Environmental_Media_Name":"Air","Activity_Media_Subdivision_Name":"Air moisture","Project_Name":"IADN-US 2021","PFAS_Chemical_Name":"Perfluorooctanoic acid","CAS_Number":"335-67-1","Result_Measure_Value__ppt_":0.20327328242537,"Result_Measure_Value":203.273282425369,"Result_Unit_of_Measure":"pg/L"}},{"type":"Feature","geometry":{"type":"Point","coordinates":[-79.055,42.6930560000001]},"properties":{"F_Monitoring_Location_Identifier":"EPA_GLNPO-STP","Location_Name":"Sturgeon Point (IADN STP)","State":"Other","Organization":"EPA Great Lakes National Program","Environmental_Media_Name":"Air","Activity_Media_Subdivision_Name":"Air moisture","Project_Name":"IADN-US 2021","PFAS_Chemical_Name":"Perfluoro[1,2-13C2]tetradecanoic acid","Result_Measure_Value":91.555,"Result_Unit_of_Measure":"%"}},{"type":"Feature","geometry":{"type":"Point","coordinates":[-79.055,42.6930560000001]},"properties":{"F_Monitoring_Location_Identifier":"EPA_GLNPO-STP","Location_Name":"Sturgeon Point (IADN STP)","State":"Other","Organization":"EPA Great Lakes National Program","Environmental_Media_Name":"Air","Activity_Media_Subdivision_Name":"Air moisture","Project_Name":"IADN-US 2021","PFAS_Chemical_Name":"Perfluorooctanoic acid","CAS_Number":"335-67-1","Result_Measure_Value__ppt_":0.35307692307692,"Result_Measure_Value":353.076923076923,"Result_Unit_of_Measure":"pg/L"}},{"type":"Feature","geometry":{"type":"Point","coordinates":[-79.055,42.6930560000001]},"properties":{"F_Monitoring_Location_Identifier":"EPA_GLNPO-STP","Location_Name":"Sturgeon Point (IADN STP)","State":"Other","Organization":"EPA Great Lakes National Program","Environmental_Media_Name":"Air","Activity_Media_Subdivision_Name":"Air moisture","Project_Name":"IADN-US 2021","PFAS_Chemical_Name":"Perfluorononanoic acid","CAS_Number":"375-95-1","Result_Measure_Value__ppt_":0.18201521738102,"Result_Measure_Value":182.015217381017,"Result_Unit_of_Measure":"pg/L"}},{"type":"Feature","geometry":{"type":"Point","coordinates":[-79.055,42.6930560000001]},"properties":{"F_Monitoring_Location_Identifier":"EPA_GLNPO-STP","Location_Name":"Sturgeon Point (IADN STP)","State":"Other","Organization":"EPA Great Lakes National Program","Environmental_Media_Name":"Air","Activity_Media_Subdivision_Name":"Air moisture","Project_Name":"IADN-US 2021","PFAS_Chemical_Name":"Perfluoroheptanoic acid","CAS_Number":"375-85-9","Result_Measure_Value__ppt_":0.97290565106464,"Result_Measure_Value":972.905651064644,"Result_Unit_of_Measure":"pg/L"}},{"type":"Feature","geometry":{"type":"Point","coordinates":[-79.055,42.6930560000001]},"properties":{"F_Monitoring_Location_Identifier":"EPA_GLNPO-STP","Location_Name":"Sturgeon Point (IADN STP)","State":"Other","Organization":"EPA Great Lakes National Program","Environmental_Media_Name":"Air","Activity_Media_Subdivision_Name":"Air moisture","Project_Name":"IADN-US 2021","PFAS_Chemical_Name":"Perfluoro[1,2-13C2]hexanoic acid","Result_Measure_Value":75.28,"Result_Unit_of_Measure":"%"}},{"type":"Feature","geometry":{"type":"Point","coordinates":[-79.055,42.6930560000001]},"properties":{"F_Monitoring_Location_Identifier":"EPA_GLNPO-STP","Location_Name":"Sturgeon Point (IADN STP)","State":"Other","Organization":"EPA Great Lakes National Program","Environmental_Media_Name":"Air","Activity_Media_Subdivision_Name":"Air moisture","Project_Name":"IADN-US 2021","PFAS_Chemical_Name":"Perfluoro[1,2-13C2]hexanoic acid","Result_Measure_Value":63.85,"Result_Unit_of_Measure":"%"}},{"type":"Feature","geometry":{"type":"Point","coordinates":[-79.055,42.6930560000001]},"properties":{"F_Monitoring_Location_Identifier":"EPA_GLNPO-STP","Location_Name":"Sturgeon Point (IADN STP)","State":"Other","Organization":"EPA Great Lakes National Program","Environmental_Media_Name":"Air","Activity_Media_Subdivision_Name":"Air moisture","Project_Name":"IADN-US 2021","PFAS_Chemical_Name":"Sodium perfluoro-1-hexane[18O2]sulfonate","Result_Measure_Value":82.285,"Result_Unit_of_Measure":"%"}},{"type":"Feature","geometry":{"type":"Point","coordinates":[-79.055,42.6930560000001]},"properties":{"F_Monitoring_Location_Identifier":"EPA_GLNPO-STP","Location_Name":"Sturgeon Point (IADN STP)","State":"Other","Organization":"EPA Great Lakes National Program","Environmental_Media_Name":"Air","Activity_Media_Subdivision_Name":"Air moisture","Project_Name":"IADN-US 2021","PFAS_Chemical_Name":"Heptafluorobutyric acid***retired***use Perfluorobutanoic acid","Result_Measure_Value__ppt_":1.9265530304064,"Result_Measure_Value":1926.55303040641,"Result_Unit_of_Measure":"pg/L"}},{"type":"Feature","geometry":{"type":"Point","coordinates":[-79.055,42.6930560000001]},"properties":{"F_Monitoring_Location_Identifier":"EPA_GLNPO-STP","Location_Name":"Sturgeon Point (IADN STP)","State":"Other","Organization":"EPA Great Lakes National Program","Environmental_Media_Name":"Air","Activity_Media_Subdivision_Name":"Air moisture","Project_Name":"IADN-US 2021","PFAS_Chemical_Name":"Sodium perfluoro-1-hexane[18O2]sulfonate","Result_Measure_Value":100.935,"Result_Unit_of_Measure":"%"}},{"type":"Feature","geometry":{"type":"Point","coordinates":[-79.055,42.6930560000001]},"properties":{"F_Monitoring_Location_Identifier":"EPA_GLNPO-STP","Location_Name":"Sturgeon Point (IADN STP)","State":"Other","Organization":"EPA Great Lakes National Program","Environmental_Media_Name":"Air","Activity_Media_Subdivision_Name":"Air moisture","Project_Name":"IADN-US 2021","PFAS_Chemical_Name":"Perfluorobutylsulfonamide","CAS_Number":"30334-69-1","Result_Measure_Value__ppt_":0.16948369564259,"Result_Measure_Value":169.483695642594,"Result_Unit_of_Measure":"pg/L"}},{"type":"Feature","geometry":{"type":"Point","coordinates":[-79.055,42.6930560000001]},"properties":{"F_Monitoring_Location_Identifier":"EPA_GLNPO-STP","Location_Name":"Sturgeon Point (IADN STP)","State":"Other","Organization":"EPA Great Lakes National Program","Environmental_Media_Name":"Air","Activity_Media_Subdivision_Name":"Air moisture","Project_Name":"IADN-US 2021","PFAS_Chemical_Name":"Perfluoropalmitic acid","CAS_Number":"67905-19-5","Result_Measure_Value__ppt_":0.13390851417744,"Result_Measure_Value":133.908514177441,"Result_Unit_of_Measure":"pg/L"}},{"type":"Feature","geometry":{"type":"Point","coordinates":[-79.055,42.6930560000001]},"properties":{"F_Monitoring_Location_Identifier":"EPA_GLNPO-STP","Location_Name":"Sturgeon Point (IADN STP)","State":"Other","Organization":"EPA Great Lakes National Program","Environmental_Media_Name":"Air","Activity_Media_Subdivision_Name":"Air moisture","Project_Name":"IADN-US 2021","PFAS_Chemical_Name":"Perfluorooctanoic acid","CAS_Number":"335-67-1","Result_Measure_Value__ppt_":0.3186093189955,"Result_Measure_Value":318.609318995502,"Result_Unit_of_Measure":"pg/L"}},{"type":"Feature","geometry":{"type":"Point","coordinates":[-79.055,42.6930560000001]},"properties":{"F_Monitoring_Location_Identifier":"EPA_GLNPO-STP","Location_Name":"Sturgeon Point (IADN STP)","State":"Other","Organization":"EPA Great Lakes National Program","Environmental_Media_Name":"Air","Activity_Media_Subdivision_Name":"Air moisture","Project_Name":"IADN-US 2021","PFAS_Chemical_Name":"Perfluoro[1,2-13C2]hexanoic acid","Result_Measure_Value":73.83,"Result_Unit_of_Measure":"%"}},{"type":"Feature","geometry":{"type":"Point","coordinates":[-79.055,42.6930560000001]},"properties":{"F_Monitoring_Location_Identifier":"EPA_GLNPO-STP","Location_Name":"Sturgeon Point (IADN STP)","State":"Other","Organization":"EPA Great Lakes National Program","Environmental_Media_Name":"Air","Activity_Media_Subdivision_Name":"Air moisture","Project_Name":"IADN-US 2021","PFAS_Chemical_Name":"Perfluorododecanoic acid","CAS_Number":"307-55-1","Result_Measure_Value__ppt_":0.0088980463985896,"Result_Measure_Value":8.89804639858962,"Result_Unit_of_Measure":"pg/L"}},{"type":"Feature","geometry":{"type":"Point","coordinates":[-79.055,42.6930560000001]},"properties":{"F_Monitoring_Location_Identifier":"EPA_GLNPO-STP","Location_Name":"Sturgeon Point (IADN STP)","State":"Other","Organization":"EPA Great Lakes National Program","Environmental_Media_Name":"Air","Activity_Media_Subdivision_Name":"Air moisture","Project_Name":"IADN-US 2021","PFAS_Chemical_Name":"Perfluoro[1,2-13C2]tetradecanoic acid","Result_Measure_Value":89.85,"Result_Unit_of_Measure":"%"}},{"type":"Feature","geometry":{"type":"Point","coordinates":[-79.055,42.6930560000001]},"properties":{"F_Monitoring_Location_Identifier":"EPA_GLNPO-STP","Location_Name":"Sturgeon Point (IADN STP)","State":"Other","Organization":"EPA Great Lakes National Program","Environmental_Media_Name":"Air","Activity_Media_Subdivision_Name":"Air moisture","Project_Name":"IADN-US 2021","PFAS_Chemical_Name":"Sodium perfluoro-1-hexane[18O2]sulfonate","Result_Measure_Value":66.925,"Result_Unit_of_Measure":"%"}},{"type":"Feature","geometry":{"type":"Point","coordinates":[-79.055,42.6930560000001]},"properties":{"F_Monitoring_Location_Identifier":"EPA_GLNPO-STP","Location_Name":"Sturgeon Point (IADN STP)","State":"Other","Organization":"EPA Great Lakes National Program","Environmental_Media_Name":"Air","Activity_Media_Subdivision_Name":"Air moisture","Project_Name":"IADN-US 2021","PFAS_Chemical_Name":"Sodium perfluoro-1-hexane[18O2]sulfonate","Result_Measure_Value":91.235,"Result_Unit_of_Measure":"%"}},{"type":"Feature","geometry":{"type":"Point","coordinates":[-79.055,42.6930560000001]},"properties":{"F_Monitoring_Location_Identifier":"EPA_GLNPO-STP","Location_Name":"Sturgeon Point (IADN STP)","State":"Other","Organization":"EPA Great Lakes National Program","Environmental_Media_Name":"Air","Activity_Media_Subdivision_Name":"Air moisture","Project_Name":"IADN-US 2021","PFAS_Chemical_Name":"Perfluoro[1,2-13C2]tetradecanoic acid","Result_Measure_Value":69.55,"Result_Unit_of_Measure":"%"}},{"type":"Feature","geometry":{"type":"Point","coordinates":[-79.055,42.6930560000001]},"properties":{"F_Monitoring_Location_Identifier":"EPA_GLNPO-STP","Location_Name":"Sturgeon Point (IADN STP)","State":"Other","Organization":"EPA Great Lakes National Program","Environmental_Media_Name":"Air","Activity_Media_Subdivision_Name":"Air moisture","Project_Name":"IADN-US 2021","PFAS_Chemical_Name":"Perfluoro[1,2-13C2]tetradecanoic acid","Result_Measure_Value":94.885,"Result_Unit_of_Measure":"%"}},{"type":"Feature","geometry":{"type":"Point","coordinates":[-79.055,42.6930560000001]},"properties":{"F_Monitoring_Location_Identifier":"EPA_GLNPO-STP","Location_Name":"Sturgeon Point (IADN STP)","State":"Other","Organization":"EPA Great Lakes National Program","Environmental_Media_Name":"Air","Activity_Media_Subdivision_Name":"Air moisture","Project_Name":"IADN-US 2021","PFAS_Chemical_Name":"Sodium perfluoro-1-hexane[18O2]sulfonate","Result_Measure_Value":79.41,"Result_Unit_of_Measure":"%"}},{"type":"Feature","geometry":{"type":"Point","coordinates":[-79.055,42.6930560000001]},"properties":{"F_Monitoring_Location_Identifier":"EPA_GLNPO-STP","Location_Name":"Sturgeon Point (IADN STP)","State":"Other","Organization":"EPA Great Lakes National Program","Environmental_Media_Name":"Air","Activity_Media_Subdivision_Name":"Air moisture","Project_Name":"IADN-US 2021","PFAS_Chemical_Name":"Heptafluorobutyric acid***retired***use Perfluorobutanoic acid","Result_Measure_Value__ppt_":1.0108481540529,"Result_Measure_Value":1010.84815405286,"Result_Unit_of_Measure":"pg/L"}},{"type":"Feature","geometry":{"type":"Point","coordinates":[-79.055,42.6930560000001]},"properties":{"F_Monitoring_Location_Identifier":"EPA_GLNPO-STP","Location_Name":"Sturgeon Point (IADN STP)","State":"Other","Organization":"EPA Great Lakes National Program","Environmental_Media_Name":"Air","Activity_Media_Subdivision_Name":"Air moisture","Project_Name":"IADN-US 2021","PFAS_Chemical_Name":"Heptafluorobutyric acid***retired***use Perfluorobutanoic acid","Result_Measure_Value__ppt_":0.85455891508455994,"Result_Measure_Value":854.558915084555,"Result_Unit_of_Measure":"pg/L"}},{"type":"Feature","geometry":{"type":"Point","coordinates":[-79.055,42.6930560000001]},"properties":{"F_Monitoring_Location_Identifier":"EPA_GLNPO-STP","Location_Name":"Sturgeon Point (IADN STP)","State":"Other","Organization":"EPA Great Lakes National Program","Environmental_Media_Name":"Air","Activity_Media_Subdivision_Name":"Air moisture","Project_Name":"IADN-US 2021","PFAS_Chemical_Name":"Perfluoro[1,2-13C2]undecanoic acid","CAS_Number":"960315-51-9","Result_Measure_Value":66.855,"Result_Unit_of_Measure":"%"}},{"type":"Feature","geometry":{"type":"Point","coordinates":[-79.055,42.6930560000001]},"properties":{"F_Monitoring_Location_Identifier":"EPA_GLNPO-STP","Location_Name":"Sturgeon Point (IADN STP)","State":"Other","Organization":"EPA Great Lakes National Program","Environmental_Media_Name":"Air","Activity_Media_Subdivision_Name":"Air moisture","Project_Name":"IADN-US 2021","PFAS_Chemical_Name":"Perfluorohexanoic acid","CAS_Number":"307-24-4","Result_Measure_Value__ppt_":0.33269230769231,"Result_Measure_Value":332.692307692308,"Result_Unit_of_Measure":"pg/L"}},{"type":"Feature","geometry":{"type":"Point","coordinates":[-79.055,42.6930560000001]},"properties":{"F_Monitoring_Location_Identifier":"EPA_GLNPO-STP","Location_Name":"Sturgeon Point (IADN STP)","State":"Other","Organization":"EPA Great Lakes National Program","Environmental_Media_Name":"Air","Activity_Media_Subdivision_Name":"Air moisture","Project_Name":"IADN-US 2021","PFAS_Chemical_Name":"Perfluorohexanoic acid","CAS_Number":"307-24-4","Result_Measure_Value__ppt_":0.43818133610659,"Result_Measure_Value":438.181336106589,"Result_Unit_of_Measure":"pg/L"}},{"type":"Feature","geometry":{"type":"Point","coordinates":[-79.055,42.6930560000001]},"properties":{"F_Monitoring_Location_Identifier":"EPA_GLNPO-STP","Location_Name":"Sturgeon Point (IADN STP)","State":"Other","Organization":"EPA Great Lakes National Program","Environmental_Media_Name":"Air","Activity_Media_Subdivision_Name":"Air moisture","Project_Name":"IADN-US 2021","PFAS_Chemical_Name":"Perfluorohexanoic acid","CAS_Number":"307-24-4","Result_Measure_Value__ppt_":0.3158106869959,"Result_Measure_Value":315.8106869959,"Result_Unit_of_Measure":"pg/L"}},{"type":"Feature","geometry":{"type":"Point","coordinates":[-79.055,42.6930560000001]},"properties":{"F_Monitoring_Location_Identifier":"EPA_GLNPO-STP","Location_Name":"Sturgeon Point (IADN STP)","State":"Other","Organization":"EPA Great Lakes National Program","Environmental_Media_Name":"Air","Activity_Media_Subdivision_Name":"Air moisture","Project_Name":"IADN-US 2021","PFAS_Chemical_Name":"Perfluoro[1,2-13C2]tetradecanoic acid","Result_Measure_Value":72.325,"Result_Unit_of_Measure":"%"}},{"type":"Feature","geometry":{"type":"Point","coordinates":[-79.055,42.6930560000001]},"properties":{"F_Monitoring_Location_Identifier":"EPA_GLNPO-STP","Location_Name":"Sturgeon Point (IADN STP)","State":"Other","Organization":"EPA Great Lakes National Program","Environmental_Media_Name":"Air","Activity_Media_Subdivision_Name":"Air moisture","Project_Name":"IADN-US 2021","PFAS_Chemical_Name":"Sodium perfluoro-1-hexane[18O2]sulfonate","Result_Measure_Value":77.335,"Result_Unit_of_Measure":"%"}},{"type":"Feature","geometry":{"type":"Point","coordinates":[-79.055,42.6930560000001]},"properties":{"F_Monitoring_Location_Identifier":"EPA_GLNPO-STP","Location_Name":"Sturgeon Point (IADN STP)","State":"Other","Organization":"EPA Great Lakes National Program","Environmental_Media_Name":"Air","Activity_Media_Subdivision_Name":"Air moisture","Project_Name":"IADN-US 2021","PFAS_Chemical_Name":"Perfluoro[1,2-13C2]tetradecanoic acid","Result_Measure_Value":56.59,"Result_Unit_of_Measure":"%"}},{"type":"Feature","geometry":{"type":"Point","coordinates":[-79.055,42.6930560000001]},"properties":{"F_Monitoring_Location_Identifier":"EPA_GLNPO-STP","Location_Name":"Sturgeon Point (IADN STP)","State":"Other","Organization":"EPA Great Lakes National Program","Environmental_Media_Name":"Air","Activity_Media_Subdivision_Name":"Air moisture","Project_Name":"IADN-US 2021","PFAS_Chemical_Name":"Perfluorobutylsulfonamide","CAS_Number":"30334-69-1","Result_Measure_Value__ppt_":0.198984269655,"Result_Measure_Value":198.984269655,"Result_Unit_of_Measure":"pg/L"}},{"type":"Feature","geometry":{"type":"Point","coordinates":[-79.055,42.6930560000001]},"properties":{"F_Monitoring_Location_Identifier":"EPA_GLNPO-STP","Location_Name":"Sturgeon Point (IADN STP)","State":"Other","Organization":"EPA Great Lakes National Program","Environmental_Media_Name":"Air","Activity_Media_Subdivision_Name":"Air moisture","Project_Name":"IADN-US 2021","PFAS_Chemical_Name":"Perfluoroheptanoic acid","CAS_Number":"375-85-9","Result_Measure_Value__ppt_":0.24898695650767,"Result_Measure_Value":248.986956507666,"Result_Unit_of_Measure":"pg/L"}},{"type":"Feature","geometry":{"type":"Point","coordinates":[-79.055,42.6930560000001]},"properties":{"F_Monitoring_Location_Identifier":"EPA_GLNPO-STP","Location_Name":"Sturgeon Point (IADN STP)","State":"Other","Organization":"EPA Great Lakes National Program","Environmental_Media_Name":"Air","Activity_Media_Subdivision_Name":"Air moisture","Project_Name":"IADN-US 2021","PFAS_Chemical_Name":"Perfluoro[1,2-13C2]hexanoic acid","Result_Measure_Value":88.29,"Result_Unit_of_Measure":"%"}},{"type":"Feature","geometry":{"type":"Point","coordinates":[-79.055,42.6930560000001]},"properties":{"F_Monitoring_Location_Identifier":"EPA_GLNPO-STP","Location_Name":"Sturgeon Point (IADN STP)","State":"Other","Organization":"EPA Great Lakes National Program","Environmental_Media_Name":"Air","Activity_Media_Subdivision_Name":"Air moisture","Project_Name":"IADN-US 2021","PFAS_Chemical_Name":"Perfluoroundecanoate","CAS_Number":"196859-54-8","Result_Measure_Value__ppt_":0.041,"Result_Measure_Value":41,"Result_Unit_of_Measure":"pg/L"}},{"type":"Feature","geometry":{"type":"Point","coordinates":[-79.055,42.6930560000001]},"properties":{"F_Monitoring_Location_Identifier":"EPA_GLNPO-STP","Location_Name":"Sturgeon Point (IADN STP)","State":"Other","Organization":"EPA Great Lakes National Program","Environmental_Media_Name":"Air","Activity_Media_Subdivision_Name":"Air moisture","Project_Name":"IADN-US 2021","PFAS_Chemical_Name":"Perfluorohexanoic acid","CAS_Number":"307-24-4","Result_Measure_Value__ppt_":0.23733917435372,"Result_Measure_Value":237.339174353719,"Result_Unit_of_Measure":"pg/L"}},{"type":"Feature","geometry":{"type":"Point","coordinates":[-79.055,42.6930560000001]},"properties":{"F_Monitoring_Location_Identifier":"EPA_GLNPO-STP","Location_Name":"Sturgeon Point (IADN STP)","State":"Other","Organization":"EPA Great Lakes National Program","Environmental_Media_Name":"Air","Activity_Media_Subdivision_Name":"Air moisture","Project_Name":"IADN-US 2021","PFAS_Chemical_Name":"Perfluoro[1,2-13C2]tetradecanoic acid","Result_Measure_Value":79.505,"Result_Unit_of_Measure":"%"}},{"type":"Feature","geometry":{"type":"Point","coordinates":[-79.055,42.6930560000001]},"properties":{"F_Monitoring_Location_Identifier":"EPA_GLNPO-STP","Location_Name":"Sturgeon Point (IADN STP)","State":"Other","Organization":"EPA Great Lakes National Program","Environmental_Media_Name":"Air","Activity_Media_Subdivision_Name":"Air moisture","Project_Name":"IADN-US 2021","PFAS_Chemical_Name":"Perfluorooctanoic acid","CAS_Number":"335-67-1","Result_Measure_Value__ppt_":0.12882568217786,"Result_Measure_Value":128.825682177857,"Result_Unit_of_Measure":"pg/L"}},{"type":"Feature","geometry":{"type":"Point","coordinates":[-79.055,42.6930560000001]},"properties":{"F_Monitoring_Location_Identifier":"EPA_GLNPO-STP","Location_Name":"Sturgeon Point (IADN STP)","State":"Other","Organization":"EPA Great Lakes National Program","Environmental_Media_Name":"Air","Activity_Media_Subdivision_Name":"Air moisture","Project_Name":"IADN-US 2021","PFAS_Chemical_Name":"Perfluorononanoic acid","CAS_Number":"375-95-1","Result_Measure_Value__ppt_":0.1646123911782,"Result_Measure_Value":164.612391178202,"Result_Unit_of_Measure":"pg/L"}},{"type":"Feature","geometry":{"type":"Point","coordinates":[-79.055,42.6930560000001]},"properties":{"F_Monitoring_Location_Identifier":"EPA_GLNPO-STP","Location_Name":"Sturgeon Point (IADN STP)","State":"Other","Organization":"EPA Great Lakes National Program","Environmental_Media_Name":"Air","Activity_Media_Subdivision_Name":"Air moisture","Project_Name":"IADN-US 2021","PFAS_Chemical_Name":"Perfluorohexanoic acid","CAS_Number":"307-24-4","Result_Measure_Value__ppt_":0.21646104418331,"Result_Measure_Value":216.461044183314,"Result_Unit_of_Measure":"pg/L"}},{"type":"Feature","geometry":{"type":"Point","coordinates":[-79.055,42.6930560000001]},"properties":{"F_Monitoring_Location_Identifier":"EPA_GLNPO-STP","Location_Name":"Sturgeon Point (IADN STP)","State":"Other","Organization":"EPA Great Lakes National Program","Environmental_Media_Name":"Air","Activity_Media_Subdivision_Name":"Air moisture","Project_Name":"IADN-US 2021","PFAS_Chemical_Name":"Perfluoro[1,2-13C2]undecanoic acid","CAS_Number":"960315-51-9","Result_Measure_Value":90.305,"Result_Unit_of_Measure":"%"}},{"type":"Feature","geometry":{"type":"Point","coordinates":[-79.055,42.6930560000001]},"properties":{"F_Monitoring_Location_Identifier":"EPA_GLNPO-STP","Location_Name":"Sturgeon Point (IADN STP)","State":"Other","Organization":"EPA Great Lakes National Program","Environmental_Media_Name":"Air","Activity_Media_Subdivision_Name":"Air moisture","Project_Name":"IADN-US 2021","PFAS_Chemical_Name":"Perfluoro[1,2-13C2]tetradecanoic acid","Result_Measure_Value":46.16,"Result_Unit_of_Measure":"%"}},{"type":"Feature","geometry":{"type":"Point","coordinates":[-79.055,42.6930560000001]},"properties":{"F_Monitoring_Location_Identifier":"EPA_GLNPO-STP","Location_Name":"Sturgeon Point (IADN STP)","State":"Other","Organization":"EPA Great Lakes National Program","Environmental_Media_Name":"Air","Activity_Media_Subdivision_Name":"Air moisture","Project_Name":"IADN-US 2021","PFAS_Chemical_Name":"Perfluoro[1,2-13C2]undecanoic acid","CAS_Number":"960315-51-9","Result_Measure_Value":98.965,"Result_Unit_of_Measure":"%"}},{"type":"Feature","geometry":{"type":"Point","coordinates":[-79.055,42.6930560000001]},"properties":{"F_Monitoring_Location_Identifier":"EPA_GLNPO-STP","Location_Name":"Sturgeon Point (IADN STP)","State":"Other","Organization":"EPA Great Lakes National Program","Environmental_Media_Name":"Air","Activity_Media_Subdivision_Name":"Air moisture","Project_Name":"IADN-US 2021","PFAS_Chemical_Name":"Perfluoro[1,2-13C2]hexanoic acid","Result_Measure_Value":79.92,"Result_Unit_of_Measure":"%"}},{"type":"Feature","geometry":{"type":"Point","coordinates":[-79.055,42.6930560000001]},"properties":{"F_Monitoring_Location_Identifier":"EPA_GLNPO-STP","Location_Name":"Sturgeon Point (IADN STP)","State":"Other","Organization":"EPA Great Lakes National Program","Environmental_Media_Name":"Air","Activity_Media_Subdivision_Name":"Air moisture","Project_Name":"IADN-US 2021","PFAS_Chemical_Name":"Perfluoroheptanoic acid","CAS_Number":"375-85-9","Result_Measure_Value__ppt_":0.21323969463826,"Result_Measure_Value":213.239694638257,"Result_Unit_of_Measure":"pg/L"}},{"type":"Feature","geometry":{"type":"Point","coordinates":[-79.055,42.6930560000001]},"properties":{"F_Monitoring_Location_Identifier":"EPA_GLNPO-STP","Location_Name":"Sturgeon Point (IADN STP)","State":"Other","Organization":"EPA Great Lakes National Program","Environmental_Media_Name":"Air","Activity_Media_Subdivision_Name":"Air moisture","Project_Name":"IADN-US 2021","PFAS_Chemical_Name":"Heptafluorobutyric acid***retired***use Perfluorobutanoic acid","Result_Measure_Value__ppt_":0.49,"Result_Measure_Value":490,"Result_Unit_of_Measure":"pg/L"}},{"type":"Feature","geometry":{"type":"Point","coordinates":[-79.055,42.6930560000001]},"properties":{"F_Monitoring_Location_Identifier":"EPA_GLNPO-STP","Location_Name":"Sturgeon Point (IADN STP)","State":"Other","Organization":"EPA Great Lakes National Program","Environmental_Media_Name":"Air","Activity_Media_Subdivision_Name":"Air moisture","Project_Name":"IADN-US 2021","PFAS_Chemical_Name":"Perfluoro[1,2-13C2]undecanoic acid","CAS_Number":"960315-51-9","Result_Measure_Value":88.57,"Result_Unit_of_Measure":"%"}},{"type":"Feature","geometry":{"type":"Point","coordinates":[-79.055,42.6930560000001]},"properties":{"F_Monitoring_Location_Identifier":"EPA_GLNPO-STP","Location_Name":"Sturgeon Point (IADN STP)","State":"Other","Organization":"EPA Great Lakes National Program","Environmental_Media_Name":"Air","Activity_Media_Subdivision_Name":"Air moisture","Project_Name":"IADN-US 2021","PFAS_Chemical_Name":"Perfluorooctanoic acid","CAS_Number":"335-67-1","Result_Measure_Value__ppt_":0.40049079749687,"Result_Measure_Value":400.490797496872,"Result_Unit_of_Measure":"pg/L"}},{"type":"Feature","geometry":{"type":"Point","coordinates":[-79.055,42.6930560000001]},"properties":{"F_Monitoring_Location_Identifier":"EPA_GLNPO-STP","Location_Name":"Sturgeon Point (IADN STP)","State":"Other","Organization":"EPA Great Lakes National Program","Environmental_Media_Name":"Air","Activity_Media_Subdivision_Name":"Air moisture","Project_Name":"IADN-US 2021","PFAS_Chemical_Name":"Heptafluorobutyric acid***retired***use Perfluorobutanoic acid","Result_Measure_Value__ppt_":2.2515655910184,"Result_Measure_Value":2251.56559101843,"Result_Unit_of_Measure":"pg/L"}},{"type":"Feature","geometry":{"type":"Point","coordinates":[-79.055,42.6930560000001]},"properties":{"F_Monitoring_Location_Identifier":"EPA_GLNPO-STP","Location_Name":"Sturgeon Point (IADN STP)","State":"Other","Organization":"EPA Great Lakes National Program","Environmental_Media_Name":"Air","Activity_Media_Subdivision_Name":"Air moisture","Project_Name":"IADN-US 2021","PFAS_Chemical_Name":"Perfluorohexanoic acid","CAS_Number":"307-24-4","Result_Measure_Value__ppt_":0.16411961266272,"Result_Measure_Value":164.119612662723,"Result_Unit_of_Measure":"pg/L"}},{"type":"Feature","geometry":{"type":"Point","coordinates":[-79.055,42.6930560000001]},"properties":{"F_Monitoring_Location_Identifier":"EPA_GLNPO-STP","Location_Name":"Sturgeon Point (IADN STP)","State":"Other","Organization":"EPA Great Lakes National Program","Environmental_Media_Name":"Air","Activity_Media_Subdivision_Name":"Air moisture","Project_Name":"IADN-US 2021","PFAS_Chemical_Name":"Perfluorooctanoic acid","CAS_Number":"335-67-1","Result_Measure_Value__ppt_":0.17239296361118,"Result_Measure_Value":172.392963611184,"Result_Unit_of_Measure":"pg/L"}},{"type":"Feature","geometry":{"type":"Point","coordinates":[-79.055,42.6930560000001]},"properties":{"F_Monitoring_Location_Identifier":"EPA_GLNPO-STP","Location_Name":"Sturgeon Point (IADN STP)","State":"Other","Organization":"EPA Great Lakes National Program","Environmental_Media_Name":"Air","Activity_Media_Subdivision_Name":"Air moisture","Project_Name":"IADN-US 2021","PFAS_Chemical_Name":"Perfluoro[1,2-13C2]undecanoic acid","CAS_Number":"960315-51-9","Result_Measure_Value":108.595,"Result_Unit_of_Measure":"%"}},{"type":"Feature","geometry":{"type":"Point","coordinates":[-79.055,42.6930560000001]},"properties":{"F_Monitoring_Location_Identifier":"EPA_GLNPO-STP","Location_Name":"Sturgeon Point (IADN STP)","State":"Other","Organization":"EPA Great Lakes National Program","Environmental_Media_Name":"Air","Activity_Media_Subdivision_Name":"Air moisture","Project_Name":"IADN-US 2021","PFAS_Chemical_Name":"Perfluorohexanoic acid","CAS_Number":"307-24-4","Result_Measure_Value__ppt_":0.21920349327776,"Result_Measure_Value":219.203493277756,"Result_Unit_of_Measure":"pg/L"}},{"type":"Feature","geometry":{"type":"Point","coordinates":[-79.055,42.6930560000001]},"properties":{"F_Monitoring_Location_Identifier":"EPA_GLNPO-STP","Location_Name":"Sturgeon Point (IADN STP)","State":"Other","Organization":"EPA Great Lakes National Program","Environmental_Media_Name":"Air","Activity_Media_Subdivision_Name":"Air moisture","Project_Name":"IADN-US 2021","PFAS_Chemical_Name":"Perfluoro[1,2-13C2]tetradecanoic acid","Result_Measure_Value":81.48,"Result_Unit_of_Measure":"%"}},{"type":"Feature","geometry":{"type":"Point","coordinates":[-79.055,42.6930560000001]},"properties":{"F_Monitoring_Location_Identifier":"EPA_GLNPO-STP","Location_Name":"Sturgeon Point (IADN STP)","State":"Other","Organization":"EPA Great Lakes National Program","Environmental_Media_Name":"Air","Activity_Media_Subdivision_Name":"Air moisture","Project_Name":"IADN-US 2021","PFAS_Chemical_Name":"Perfluoro[1,2-13C2]hexanoic acid","Result_Measure_Value":85.13,"Result_Unit_of_Measure":"%"}},{"type":"Feature","geometry":{"type":"Point","coordinates":[-79.055,42.6930560000001]},"properties":{"F_Monitoring_Location_Identifier":"EPA_GLNPO-STP","Location_Name":"Sturgeon Point (IADN STP)","State":"Other","Organization":"EPA Great Lakes National Program","Environmental_Media_Name":"Air","Activity_Media_Subdivision_Name":"Air moisture","Project_Name":"IADN-US 2021","PFAS_Chemical_Name":"Perfluorohexanoic acid","CAS_Number":"307-24-4","Result_Measure_Value__ppt_":0.50064102567159,"Result_Measure_Value":500.64102567159,"Result_Unit_of_Measure":"pg/L"}},{"type":"Feature","geometry":{"type":"Point","coordinates":[-79.055,42.6930560000001]},"properties":{"F_Monitoring_Location_Identifier":"EPA_GLNPO-STP","Location_Name":"Sturgeon Point (IADN STP)","State":"Other","Organization":"EPA Great Lakes National Program","Environmental_Media_Name":"Air","Activity_Media_Subdivision_Name":"Air moisture","Project_Name":"IADN-US 2021","PFAS_Chemical_Name":"Perfluoro[1,2-13C2]hexanoic acid","Result_Measure_Value":79.495,"Result_Unit_of_Measure":"%"}},{"type":"Feature","geometry":{"type":"Point","coordinates":[-79.055,42.6930560000001]},"properties":{"F_Monitoring_Location_Identifier":"EPA_GLNPO-STP","Location_Name":"Sturgeon Point (IADN STP)","State":"Other","Organization":"EPA Great Lakes National Program","Environmental_Media_Name":"Air","Activity_Media_Subdivision_Name":"Air moisture","Project_Name":"IADN-US 2021","PFAS_Chemical_Name":"Perfluorobutylsulfonamide","CAS_Number":"30334-69-1","Result_Measure_Value__ppt_":0.15740023193341,"Result_Measure_Value":157.40023193341,"Result_Unit_of_Measure":"pg/L"}},{"type":"Feature","geometry":{"type":"Point","coordinates":[-79.055,42.6930560000001]},"properties":{"F_Monitoring_Location_Identifier":"EPA_GLNPO-STP","Location_Name":"Sturgeon Point (IADN STP)","State":"Other","Organization":"EPA Great Lakes National Program","Environmental_Media_Name":"Air","Activity_Media_Subdivision_Name":"Air moisture","Project_Name":"IADN-US 2021","PFAS_Chemical_Name":"Perfluoro[1,2-13C2]hexanoic acid","Result_Measure_Value":88.965,"Result_Unit_of_Measure":"%"}},{"type":"Feature","geometry":{"type":"Point","coordinates":[-79.055,42.6930560000001]},"properties":{"F_Monitoring_Location_Identifier":"EPA_GLNPO-STP","Location_Name":"Sturgeon Point (IADN STP)","State":"Other","Organization":"EPA Great Lakes National Program","Environmental_Media_Name":"Air","Activity_Media_Subdivision_Name":"Air moisture","Project_Name":"IADN-US 2021","PFAS_Chemical_Name":"Perfluoro[1,2-13C2]undecanoic acid","CAS_Number":"960315-51-9","Result_Measure_Value":80.1,"Result_Unit_of_Measure":"%"}},{"type":"Feature","geometry":{"type":"Point","coordinates":[-79.055,42.6930560000001]},"properties":{"F_Monitoring_Location_Identifier":"EPA_GLNPO-STP","Location_Name":"Sturgeon Point (IADN STP)","State":"Other","Organization":"EPA Great Lakes National Program","Environmental_Media_Name":"Air","Activity_Media_Subdivision_Name":"Air moisture","Project_Name":"IADN-US 2021","PFAS_Chemical_Name":"Perfluorooctanoic acid","CAS_Number":"335-67-1","Result_Measure_Value__ppt_":0.29572212430872,"Result_Measure_Value":295.722124308725,"Result_Unit_of_Measure":"pg/L"}},{"type":"Feature","geometry":{"type":"Point","coordinates":[-79.055,42.6930560000001]},"properties":{"F_Monitoring_Location_Identifier":"EPA_GLNPO-STP","Location_Name":"Sturgeon Point (IADN STP)","State":"Other","Organization":"EPA Great Lakes National Program","Environmental_Media_Name":"Air","Activity_Media_Subdivision_Name":"Air moisture","Project_Name":"IADN-US 2021","PFAS_Chemical_Name":"Perfluoro[1,2-13C2]undecanoic acid","CAS_Number":"960315-51-9","Result_Measure_Value":86.385,"Result_Unit_of_Measure":"%"}},{"type":"Feature","geometry":{"type":"Point","coordinates":[-79.055,42.6930560000001]},"properties":{"F_Monitoring_Location_Identifier":"EPA_GLNPO-STP","Location_Name":"Sturgeon Point (IADN STP)","State":"Other","Organization":"EPA Great Lakes National Program","Environmental_Media_Name":"Air","Activity_Media_Subdivision_Name":"Air moisture","Project_Name":"IADN-US 2021","PFAS_Chemical_Name":"Perfluorooctanoic acid","CAS_Number":"335-67-1","Result_Measure_Value__ppt_":0.26882284381501,"Result_Measure_Value":268.822843815011,"Result_Unit_of_Measure":"pg/L"}},{"type":"Feature","geometry":{"type":"Point","coordinates":[-79.055,42.6930560000001]},"properties":{"F_Monitoring_Location_Identifier":"EPA_GLNPO-STP","Location_Name":"Sturgeon Point (IADN STP)","State":"Other","Organization":"EPA Great Lakes National Program","Environmental_Media_Name":"Air","Activity_Media_Subdivision_Name":"Air moisture","Project_Name":"IADN-US 2021","PFAS_Chemical_Name":"Heptafluorobutyric acid***retired***use Perfluorobutanoic acid","Result_Measure_Value__ppt_":1.3457402335935,"Result_Measure_Value":1345.74023359346,"Result_Unit_of_Measure":"pg/L"}},{"type":"Feature","geometry":{"type":"Point","coordinates":[-79.055,42.6930560000001]},"properties":{"F_Monitoring_Location_Identifier":"EPA_GLNPO-STP","Location_Name":"Sturgeon Point (IADN STP)","State":"Other","Organization":"EPA Great Lakes National Program","Environmental_Media_Name":"Air","Activity_Media_Subdivision_Name":"Air moisture","Project_Name":"IADN-US 2021","PFAS_Chemical_Name":"Perfluorohexanoic acid","CAS_Number":"307-24-4","Result_Measure_Value__ppt_":0.47775941839383,"Result_Measure_Value":477.759418393827,"Result_Unit_of_Measure":"pg/L"}},{"type":"Feature","geometry":{"type":"Point","coordinates":[-79.055,42.6930560000001]},"properties":{"F_Monitoring_Location_Identifier":"EPA_GLNPO-STP","Location_Name":"Sturgeon Point (IADN STP)","State":"Other","Organization":"EPA Great Lakes National Program","Environmental_Media_Name":"Air","Activity_Media_Subdivision_Name":"Air moisture","Project_Name":"IADN-US 2021","PFAS_Chemical_Name":"Perfluoro[1,2-13C2]undecanoic acid","CAS_Number":"960315-51-9","Result_Measure_Value":76.91,"Result_Unit_of_Measure":"%"}},{"type":"Feature","geometry":{"type":"Point","coordinates":[-79.055,42.6930560000001]},"properties":{"F_Monitoring_Location_Identifier":"EPA_GLNPO-STP","Location_Name":"Sturgeon Point (IADN STP)","State":"Other","Organization":"EPA Great Lakes National Program","Environmental_Media_Name":"Air","Activity_Media_Subdivision_Name":"Air moisture","Project_Name":"IADN-US 2021","PFAS_Chemical_Name":"Perfluorooctanoic acid","CAS_Number":"335-67-1","Result_Measure_Value__ppt_":0.21186185654456,"Result_Measure_Value":211.86185654456,"Result_Unit_of_Measure":"pg/L"}},{"type":"Feature","geometry":{"type":"Point","coordinates":[-79.055,42.6930560000001]},"properties":{"F_Monitoring_Location_Identifier":"EPA_GLNPO-STP","Location_Name":"Sturgeon Point (IADN STP)","State":"Other","Organization":"EPA Great Lakes National Program","Environmental_Media_Name":"Air","Activity_Media_Subdivision_Name":"Air moisture","Project_Name":"IADN-US 2021","PFAS_Chemical_Name":"Perfluoroheptanoic acid","CAS_Number":"375-85-9","Result_Measure_Value__ppt_":0.27198853046517,"Result_Measure_Value":271.98853046517,"Result_Unit_of_Measure":"pg/L"}},{"type":"Feature","geometry":{"type":"Point","coordinates":[-79.055,42.6930560000001]},"properties":{"F_Monitoring_Location_Identifier":"EPA_GLNPO-STP","Location_Name":"Sturgeon Point (IADN STP)","State":"Other","Organization":"EPA Great Lakes National Program","Environmental_Media_Name":"Air","Activity_Media_Subdivision_Name":"Air moisture","Project_Name":"IADN-US 2021","PFAS_Chemical_Name":"Perfluoro[1,2-13C2]tetradecanoic acid","Result_Measure_Value":79.22,"Result_Unit_of_Measure":"%"}},{"type":"Feature","geometry":{"type":"Point","coordinates":[-122.90884,47.0017]},"properties":{"F_Monitoring_Location_Identifier":"PALERMOWELLFIELD_WQX-TSV-01","Location_Name":"TSV-01","State":" WA","EPA_Region":"10","HUC":"17110016","Organization":"Palermo Wellfield Superfund Site by Geoengineers Inc. (Volunteer)*","Environmental_Media_Name":"Air","Activity_Media_Subdivision_Name":"Soil Gas","Project_Name":"Palermo Wellfield Superfund Site by GeoEngineers, Inc.","PFAS_Chemical_Name":"CFC-114","CAS_Number":"76-14-2","Result_Measure_Value":160,"Result_Unit_of_Measure":"ug/m3"}},{"type":"Feature","geometry":{"type":"Point","coordinates":[-122.90872,47.00172]},"properties":{"F_Monitoring_Location_Identifier":"PALERMOWELLFIELD_WQX-TSV-02","Location_Name":"TSV-02","State":" WA","EPA_Region":"10","HUC":"17110016","Organization":"Palermo Wellfield Superfund Site by Geoengineers Inc. (Volunteer)*","Environmental_Media_Name":"Air","Activity_Media_Subdivision_Name":"Soil Gas","Project_Name":"Palermo Wellfield Superfund Site by GeoEngineers, Inc.","PFAS_Chemical_Name":"CFC-114","CAS_Number":"76-14-2","Result_Measure_Value":7.3,"Result_Unit_of_Measure":"ug/m3"}},{"type":"Feature","geometry":{"type":"Point","coordinates":[-122.90843,47.0017300000001]},"properties":{"F_Monitoring_Location_Identifier":"PALERMOWELLFIELD_WQX-TSV-03","Location_Name":"TSV-03","State":" WA","EPA_Region":"10","HUC":"17110016","Organization":"Palermo Wellfield Superfund Site by Geoengineers Inc. (Volunteer)*","Environmental_Media_Name":"Air","Activity_Media_Subdivision_Name":"Soil Gas","Project_Name":"Palermo Wellfield Superfund Site by GeoEngineers, Inc.","PFAS_Chemical_Name":"CFC-114","CAS_Number":"76-14-2","Result_Measure_Value":82,"Result_Unit_of_Measure":"ug/m3"}},{"type":"Feature","geometry":{"type":"Point","coordinates":[-122.90822,47.00174]},"properties":{"F_Monitoring_Location_Identifier":"PALERMOWELLFIELD_WQX-TSV-04","Location_Name":"TSV-04","State":" WA","EPA_Region":"10","HUC":"17110016","Organization":"Palermo Wellfield Superfund Site by Geoengineers Inc. (Volunteer)*","Environmental_Media_Name":"Air","Activity_Media_Subdivision_Name":"Soil Gas","Project_Name":"Palermo Wellfield Superfund Site by GeoEngineers, Inc.","PFAS_Chemical_Name":"CFC-114","CAS_Number":"76-14-2","Result_Measure_Value":160,"Result_Unit_of_Measure":"ug/m3"}},{"type":"Feature","geometry":{"type":"Point","coordinates":[-122.90835,47.00165]},"properties":{"F_Monitoring_Location_Identifier":"PALERMOWELLFIELD_WQX-TSV-05","Location_Name":"TSV-05","State":" WA","EPA_Region":"10","HUC":"17110016","Organization":"Palermo Wellfield Superfund Site by Geoengineers Inc. (Volunteer)*","Environmental_Media_Name":"Air","Activity_Media_Subdivision_Name":"Soil Gas","Project_Name":"Palermo Wellfield Superfund Site by GeoEngineers, Inc.","PFAS_Chemical_Name":"CFC-114","CAS_Number":"76-14-2","Result_Measure_Value":4000,"Result_Unit_of_Measure":"ug/m3"}}]}
