{"type":"FeatureCollection","crs":{"properties":{"name":"EPSG:4326"},"type":"name"},"features":[{"type":"Feature","geometry":{"type":"Point","coordinates":[-117.320512,33.317842]},"properties":{"station_id":1,"tract_geoid":"06073018700","state_fips":"06","state_name":"California","county_fips":"073","tract_code":"018700","site_name":"Marine Corps Base Camp Pendleton (South)","industry":"Military","matrix":"Groundwater","sample_year":2014,"longitude":-117.320512,"latitude":33.317842,"pfoa":24,"pfos":null,"total_pfas":null,"reported_pfas_level":24,"total_population":40415,"people_of_color":21336,"people_of_color_pct":52.7922800940245,"white_non_hispanic_pct":47.2077199059755,"black_non_hispanic_pct":7.1903996041073857,"asian_non_hispanic_pct":6.0695286403563031,"hispanic_or_latino_pct":31.958431275516517,"median_household_income":67156}},{"type":"Feature","geometry":{"type":"Point","coordinates":[-117.371395,34.589059]},"properties":{"station_id":2,"tract_geoid":"06071980200","state_fips":"06","state_name":"California","county_fips":"071","tract_code":"980200","site_name":"George Air Force Base","industry":"Military","matrix":"Groundwater","sample_year":2015,"longitude":-117.371395,"latitude":34.589059,"pfoa":5210,"pfos":1690,"total_pfas":17090,"reported_pfas_level":17090,"total_population":4161,"people_of_color":3471,"people_of_color_pct":83.417447728911313,"white_non_hispanic_pct":16.58255227108868,"black_non_hispanic_pct":24.609468877673635,"asian_non_hispanic_pct":3.0761836097092043,"hispanic_or_latino_pct":51.045421773612112,"median_household_income":null}},{"type":"Feature","geometry":{"type":"Point","coordinates":[-120.515417,37.288328]},"properties":{"station_id":3,"tract_geoid":"06047001501","state_fips":"06","state_name":"California","county_fips":"047","tract_code":"001501","site_name":"Merced Muni Airport","industry":"Airport","matrix":"Groundwater","sample_year":2016,"longitude":-120.515417,"latitude":37.288328,"pfoa":null,"pfos":null,"total_pfas":1,"reported_pfas_level":1,"total_population":2815,"people_of_color":2574,"people_of_color_pct":91.438721136767313,"white_non_hispanic_pct":8.5612788632326815,"black_non_hispanic_pct":3.9786856127886323,"asian_non_hispanic_pct":9.3072824156305511,"hispanic_or_latino_pct":67.104795737122558,"median_household_income":80625}},{"type":"Feature","geometry":{"type":"Point","coordinates":[-121.23129,36.003606]},"properties":{"station_id":4,"tract_geoid":"06053011400","state_fips":"06","state_name":"California","county_fips":"053","tract_code":"011400","site_name":"Fort Hunter Liggett","industry":"Military","matrix":"Groundwater","sample_year":2016,"longitude":-121.23129,"latitude":36.003606,"pfoa":null,"pfos":120,"total_pfas":null,"reported_pfas_level":120,"total_population":4951,"people_of_color":2030,"people_of_color_pct":41.001817814582914,"white_non_hispanic_pct":58.998182185417086,"black_non_hispanic_pct":0.30296909715209047,"asian_non_hispanic_pct":1.59563724500101,"hispanic_or_latino_pct":31.670369622298526,"median_household_income":101750}},{"type":"Feature","geometry":{"type":"Point","coordinates":[-116.954392,34.875791]},"properties":{"station_id":5,"tract_geoid":"06071012002","state_fips":"06","state_name":"California","county_fips":"071","tract_code":"012002","site_name":"Marine Corps Logistics Base Barstow","industry":"Military","matrix":"Groundwater","sample_year":2016,"longitude":-116.954392,"latitude":34.875791,"pfoa":null,"pfos":null,"total_pfas":null,"reported_pfas_level":138,"total_population":5361,"people_of_color":4240,"people_of_color_pct":79.089722066778592,"white_non_hispanic_pct":20.910277933221415,"black_non_hispanic_pct":22.439843312814773,"asian_non_hispanic_pct":4.1410184667039731,"hispanic_or_latino_pct":43.350121246036188,"median_household_income":44798}},{"type":"Feature","geometry":{"type":"Point","coordinates":[-121.775444,38.384953]},"properties":{"station_id":6,"tract_geoid":"06095253300","state_fips":"06","state_name":"California","county_fips":"095","tract_code":"253300","site_name":"Naval Support Activity Monterey - Naval Radio Transmitter Facility Dixon","industry":"Military","matrix":"Groundwater","sample_year":2016,"longitude":-121.775444,"latitude":38.384953,"pfoa":null,"pfos":null,"total_pfas":null,"reported_pfas_level":260,"total_population":3680,"people_of_color":1845,"people_of_color_pct":50.135869565217391,"white_non_hispanic_pct":49.864130434782609,"black_non_hispanic_pct":2.9619565217391304,"asian_non_hispanic_pct":1.8478260869565217,"hispanic_or_latino_pct":38.315217391304351,"median_household_income":103131}},{"type":"Feature","geometry":{"type":"Point","coordinates":[-116.054128,34.224752]},"properties":{"station_id":7,"tract_geoid":"06071010402","state_fips":"06","state_name":"California","county_fips":"071","tract_code":"010402","site_name":"Marine Corps Air Ground Combat Center Twentynine Palms","industry":"Military","matrix":"Groundwater","sample_year":2016,"longitude":-116.054128,"latitude":34.224752,"pfoa":null,"pfos":null,"total_pfas":null,"reported_pfas_level":440,"total_population":11067,"people_of_color":5804,"people_of_color_pct":52.44420348784675,"white_non_hispanic_pct":47.55579651215325,"black_non_hispanic_pct":6.9756935032077347,"asian_non_hispanic_pct":2.9547302792084578,"hispanic_or_latino_pct":34.878467516038675,"median_household_income":66491}},{"type":"Feature","geometry":{"type":"Point","coordinates":[-117.727791,33.66552]},"properties":{"station_id":8,"tract_geoid":"06059052439","state_fips":"06","state_name":"California","county_fips":"059","tract_code":"052439","site_name":"El Toro Marine Corps Air Station","industry":"Military","matrix":"Groundwater","sample_year":2016,"longitude":-117.727791,"latitude":33.66552,"pfoa":null,"pfos":null,"total_pfas":102,"reported_pfas_level":3826,"total_population":13687,"people_of_color":10102,"people_of_color_pct":73.807262365748514,"white_non_hispanic_pct":26.192737634251479,"black_non_hispanic_pct":0.63563965806970113,"asian_non_hispanic_pct":56.761890845327684,"hispanic_or_latino_pct":9.9583546430919849,"median_household_income":174088}},{"type":"Feature","geometry":{"type":"Point","coordinates":[-117.261733,33.890884]},"properties":{"station_id":9,"tract_geoid":"06065046700","state_fips":"06","state_name":"California","county_fips":"065","tract_code":"046700","site_name":"March Air Force Base","industry":"Military","matrix":"Groundwater","sample_year":2016,"longitude":-117.261733,"latitude":33.890884,"pfoa":null,"pfos":null,"total_pfas":null,"reported_pfas_level":9666,"total_population":4388,"people_of_color":3684,"people_of_color_pct":83.956244302643569,"white_non_hispanic_pct":16.043755697356428,"black_non_hispanic_pct":10.300820419325433,"asian_non_hispanic_pct":8.40929808568824,"hispanic_or_latino_pct":58.796718322698268,"median_household_income":55476}},{"type":"Feature","geometry":{"type":"Point","coordinates":[-122.371174,37.817377]},"properties":{"station_id":10,"tract_geoid":"06075017903","state_fips":"06","state_name":"California","county_fips":"075","tract_code":"017903","site_name":"Naval Station Treasure Island","industry":"Military","matrix":"Groundwater","sample_year":2016,"longitude":-122.371174,"latitude":37.817377,"pfoa":null,"pfos":null,"total_pfas":null,"reported_pfas_level":10750,"total_population":2429,"people_of_color":1719,"people_of_color_pct":70.769864141622065,"white_non_hispanic_pct":29.230135858377935,"black_non_hispanic_pct":17.661589131329766,"asian_non_hispanic_pct":6.1753808151502678,"hispanic_or_latino_pct":32.02964182791272,"median_household_income":93269}},{"type":"Feature","geometry":{"type":"Point","coordinates":[-121.359881,39.111504]},"properties":{"station_id":11,"tract_geoid":"06115040902","state_fips":"06","state_name":"California","county_fips":"115","tract_code":"040902","site_name":"Beale Air Force Base","industry":"Military","matrix":"Groundwater","sample_year":2016,"longitude":-121.359881,"latitude":39.111504,"pfoa":3100,"pfos":7100,"total_pfas":12600,"reported_pfas_level":12600,"total_population":2242,"people_of_color":1039,"people_of_color_pct":46.342551293487958,"white_non_hispanic_pct":53.657448706512042,"black_non_hispanic_pct":13.380909901873327,"asian_non_hispanic_pct":3.7466547725245318,"hispanic_or_latino_pct":13.648528099910793,"median_household_income":60122}},{"type":"Feature","geometry":{"type":"Point","coordinates":[-122.312679,37.78274]},"properties":{"station_id":12,"tract_geoid":"06001428700","state_fips":"06","state_name":"California","county_fips":"001","tract_code":"428700","site_name":"Naval Air Station Alameda","industry":"Military","matrix":"Groundwater","sample_year":2016,"longitude":-122.312679,"latitude":37.78274,"pfoa":null,"pfos":null,"total_pfas":null,"reported_pfas_level":336000,"total_population":5600,"people_of_color":4307,"people_of_color_pct":76.910714285714292,"white_non_hispanic_pct":23.089285714285715,"black_non_hispanic_pct":13.178571428571429,"asian_non_hispanic_pct":40.589285714285715,"hispanic_or_latino_pct":15.571428571428571,"median_household_income":191528}},{"type":"Feature","geometry":{"type":"Point","coordinates":[-118.404851,33.947116]},"properties":{"station_id":13,"tract_geoid":"06037980028","state_fips":"06","state_name":"California","county_fips":"037","tract_code":"980028","site_name":"Los Angeles World Airports - Lawa Terminal Two Fuel Hydrant Facility","industry":"Airport","matrix":"Groundwater","sample_year":2018,"longitude":-118.404851,"latitude":33.947116,"pfoa":480,"pfos":930,"total_pfas":null,"reported_pfas_level":1330,"total_population":0,"people_of_color":0,"people_of_color_pct":null,"white_non_hispanic_pct":null,"black_non_hispanic_pct":null,"asian_non_hispanic_pct":null,"hispanic_or_latino_pct":null,"median_household_income":null}},{"type":"Feature","geometry":{"type":"Point","coordinates":[-117.183048,32.699704]},"properties":{"station_id":14,"tract_geoid":"06073011300","state_fips":"06","state_name":"California","county_fips":"073","tract_code":"011300","site_name":"Naval Air Station North Island","industry":"Military","matrix":"Groundwater","sample_year":2018,"longitude":-117.183048,"latitude":32.699704,"pfoa":1989,"pfos":122,"total_pfas":null,"reported_pfas_level":1989,"total_population":2304,"people_of_color":1245,"people_of_color_pct":54.036458333333336,"white_non_hispanic_pct":45.963541666666664,"black_non_hispanic_pct":13.064236111111111,"asian_non_hispanic_pct":7.7256944444444446,"hispanic_or_latino_pct":27.777777777777779,"median_household_income":111397}},{"type":"Feature","geometry":{"type":"Point","coordinates":[-117.150802,32.84215]},"properties":{"station_id":15,"tract_geoid":"06073009400","state_fips":"06","state_name":"California","county_fips":"073","tract_code":"009400","site_name":"North Miramar Landfill","industry":"Landfill","matrix":"Groundwater","sample_year":2018,"longitude":-117.150802,"latitude":32.84215,"pfoa":1300,"pfos":26,"total_pfas":3141,"reported_pfas_level":3141,"total_population":4394,"people_of_color":2553,"people_of_color_pct":58.101957214383248,"white_non_hispanic_pct":41.898042785616752,"black_non_hispanic_pct":16.090122894856624,"asian_non_hispanic_pct":3.2544378698224854,"hispanic_or_latino_pct":31.178880291306328,"median_household_income":89893}},{"type":"Feature","geometry":{"type":"Point","coordinates":[-118.396711,34.204876]},"properties":{"station_id":16,"tract_geoid":"06037123301","state_fips":"06","state_name":"California","county_fips":"037","tract_code":"123301","site_name":"Hewitt Landfill","industry":"Landfill","matrix":"Groundwater","sample_year":2018,"longitude":-118.396711,"latitude":34.204876,"pfoa":null,"pfos":null,"total_pfas":3548,"reported_pfas_level":3548,"total_population":3842,"people_of_color":2757,"people_of_color_pct":71.7595002602811,"white_non_hispanic_pct":28.240499739718896,"black_non_hispanic_pct":4.9713690786048934,"asian_non_hispanic_pct":25.039042165538781,"hispanic_or_latino_pct":37.948984903695994,"median_household_income":71250}},{"type":"Feature","geometry":{"type":"Point","coordinates":[-118.387276,33.950748]},"properties":{"station_id":17,"tract_geoid":"06037980028","state_fips":"06","state_name":"California","county_fips":"037","tract_code":"980028","site_name":"Los Angeles World Airports - National Car Rental (Former Avis)","industry":"Airport","matrix":"Groundwater","sample_year":2017,"longitude":-118.387276,"latitude":33.950748,"pfoa":430,"pfos":1900,"total_pfas":5330,"reported_pfas_level":5330,"total_population":0,"people_of_color":0,"people_of_color_pct":null,"white_non_hispanic_pct":null,"black_non_hispanic_pct":null,"asian_non_hispanic_pct":null,"hispanic_or_latino_pct":null,"median_household_income":null}},{"type":"Feature","geometry":{"type":"Point","coordinates":[-117.891209,34.924031]},"properties":{"station_id":18,"tract_geoid":"06029005700","state_fips":"06","state_name":"California","county_fips":"029","tract_code":"005700","site_name":"Edwards Air Force Base","industry":"Military","matrix":"Groundwater","sample_year":2017,"longitude":-117.891209,"latitude":34.924031,"pfoa":17000,"pfos":260000,"total_pfas":300000,"reported_pfas_level":300000,"total_population":2633,"people_of_color":1194,"people_of_color_pct":45.3475123433346,"white_non_hispanic_pct":54.6524876566654,"black_non_hispanic_pct":12.685150018989745,"asian_non_hispanic_pct":1.6710976072920622,"hispanic_or_latino_pct":21.382453475123434,"median_household_income":93810}},{"type":"Feature","geometry":{"type":"Point","coordinates":[-121.944464,38.262965]},"properties":{"station_id":19,"tract_geoid":"06095980000","state_fips":"06","state_name":"California","county_fips":"095","tract_code":"980000","site_name":"Travis Air Force Base","industry":"Military","matrix":"Groundwater","sample_year":2017,"longitude":-121.944464,"latitude":38.262965,"pfoa":140000,"pfos":780000,"total_pfas":833700,"reported_pfas_level":833700,"total_population":0,"people_of_color":0,"people_of_color_pct":null,"white_non_hispanic_pct":null,"black_non_hispanic_pct":null,"asian_non_hispanic_pct":null,"hispanic_or_latino_pct":null,"median_household_income":null}},{"type":"Feature","geometry":{"type":"Point","coordinates":[-121.297211,38.563659]},"properties":{"station_id":20,"tract_geoid":"06067008803","state_fips":"06","state_name":"California","county_fips":"067","tract_code":"008803","site_name":"Mather Air Force Base","industry":"Military","matrix":"Groundwater","sample_year":2017,"longitude":-121.297211,"latitude":38.563659,"pfoa":null,"pfos":null,"total_pfas":null,"reported_pfas_level":910000,"total_population":2203,"people_of_color":722,"people_of_color_pct":32.773490694507487,"white_non_hispanic_pct":67.226509305492513,"black_non_hispanic_pct":12.256014525646846,"asian_non_hispanic_pct":2.7235587834770767,"hispanic_or_latino_pct":14.117113027689514,"median_household_income":73250}},{"type":"Feature","geometry":{"type":"Point","coordinates":[-120.577909,37.364827]},"properties":{"station_id":21,"tract_geoid":"06047000503","state_fips":"06","state_name":"California","county_fips":"047","tract_code":"000503","site_name":"Castle Air Force Base","industry":"Military","matrix":"Groundwater","sample_year":2017,"longitude":-120.577909,"latitude":37.364827,"pfoa":42300,"pfos":2330000,"total_pfas":2598770,"reported_pfas_level":2598770,"total_population":2489,"people_of_color":1741,"people_of_color_pct":69.947770188830859,"white_non_hispanic_pct":30.052229811169145,"black_non_hispanic_pct":18.119726797910808,"asian_non_hispanic_pct":2.0088388911209321,"hispanic_or_latino_pct":43.069505825632781,"median_household_income":87656}},{"type":"Feature","geometry":{"type":"Point","coordinates":[-120.743363,35.798799]},"properties":{"station_id":22,"tract_geoid":"06053011400","state_fips":"06","state_name":"California","county_fips":"053","tract_code":"011400","site_name":"Camp Roberts","industry":"Military","matrix":"Drinking Water","sample_year":2018,"longitude":-120.743363,"latitude":35.798799,"pfoa":null,"pfos":null,"total_pfas":2,"reported_pfas_level":2,"total_population":4951,"people_of_color":2030,"people_of_color_pct":41.001817814582914,"white_non_hispanic_pct":58.998182185417086,"black_non_hispanic_pct":0.30296909715209047,"asian_non_hispanic_pct":1.59563724500101,"hispanic_or_latino_pct":31.670369622298526,"median_household_income":101750}},{"type":"Feature","geometry":{"type":"Point","coordinates":[-121.26559,37.853655]},"properties":{"station_id":23,"tract_geoid":"06077005119","state_fips":"06","state_name":"California","county_fips":"077","tract_code":"005119","site_name":"Sharpe Army Depot","industry":"Military","matrix":"Drinking Water","sample_year":2018,"longitude":-121.26559,"latitude":37.853655,"pfoa":null,"pfos":null,"total_pfas":44,"reported_pfas_level":44,"total_population":12380,"people_of_color":10919,"people_of_color_pct":88.198707592891765,"white_non_hispanic_pct":11.801292407108239,"black_non_hispanic_pct":10.444264943457188,"asian_non_hispanic_pct":45.969305331179321,"hispanic_or_latino_pct":22.21324717285945,"median_household_income":134219}},{"type":"Feature","geometry":{"type":"Point","coordinates":[-121.492739,37.641891]},"properties":{"station_id":24,"tract_geoid":"06077005502","state_fips":"06","state_name":"California","county_fips":"077","tract_code":"005502","site_name":"Lawrence Livermore National Laboratories Site 300","industry":"Industry","matrix":"Groundwater","sample_year":2018,"longitude":-121.492739,"latitude":37.641891,"pfoa":3,"pfos":null,"total_pfas":46,"reported_pfas_level":46,"total_population":5279,"people_of_color":4526,"people_of_color_pct":85.735934836143215,"white_non_hispanic_pct":14.264065163856792,"black_non_hispanic_pct":3.6749384353097176,"asian_non_hispanic_pct":57.719265012312938,"hispanic_or_latino_pct":19.094525478310285,"median_household_income":197083}},{"type":"Feature","geometry":{"type":"Point","coordinates":[-118.457811,34.033648]},"properties":{"station_id":25,"tract_geoid":"06037267600","state_fips":"06","state_name":"California","county_fips":"037","tract_code":"267600","site_name":"Hudson Element La","industry":"Industry","matrix":"Groundwater","sample_year":2018,"longitude":-118.457811,"latitude":34.033648,"pfoa":19,"pfos":2,"total_pfas":66,"reported_pfas_level":66,"total_population":2767,"people_of_color":1647,"people_of_color_pct":59.522949042284061,"white_non_hispanic_pct":40.477050957715939,"black_non_hispanic_pct":0.93964582580412,"asian_non_hispanic_pct":25.984821105890855,"hispanic_or_latino_pct":22.768341163715213,"median_household_income":89286}},{"type":"Feature","geometry":{"type":"Point","coordinates":[-116.994893,33.881629]},"properties":{"station_id":26,"tract_geoid":"06065043822","state_fips":"06","state_name":"California","county_fips":"065","tract_code":"043822","site_name":"Lamb Canyon Landfill","industry":"Landfill","matrix":"Groundwater","sample_year":2018,"longitude":-116.994893,"latitude":33.881629,"pfoa":null,"pfos":null,"total_pfas":82,"reported_pfas_level":82,"total_population":3607,"people_of_color":2361,"people_of_color_pct":65.456057665650121,"white_non_hispanic_pct":34.543942334349872,"black_non_hispanic_pct":0,"asian_non_hispanic_pct":16.911560853895203,"hispanic_or_latino_pct":45.716662046021625,"median_household_income":136319}},{"type":"Feature","geometry":{"type":"Point","coordinates":[-122.264394,38.0933]},"properties":{"station_id":27,"tract_geoid":"06095250801","state_fips":"06","state_name":"California","county_fips":"095","tract_code":"250801","site_name":"Former Naval Shipyard Mare Island","industry":"Military","matrix":"Groundwater","sample_year":2018,"longitude":-122.264394,"latitude":38.0933,"pfoa":124,"pfos":78,"total_pfas":null,"reported_pfas_level":124,"total_population":4762,"people_of_color":3441,"people_of_color_pct":72.259554808903829,"white_non_hispanic_pct":27.740445191096178,"black_non_hispanic_pct":19.844603107937843,"asian_non_hispanic_pct":13.60772784544309,"hispanic_or_latino_pct":32.738345233095338,"median_household_income":113933}},{"type":"Feature","geometry":{"type":"Point","coordinates":[-117.823927,33.702939]},"properties":{"station_id":28,"tract_geoid":"06059075518","state_fips":"06","state_name":"California","county_fips":"059","tract_code":"075518","site_name":"Marine Corps Air Station Tustin","industry":"Military","matrix":"Groundwater","sample_year":2016,"longitude":-117.823927,"latitude":33.702939,"pfoa":null,"pfos":null,"total_pfas":null,"reported_pfas_level":770000,"total_population":11153,"people_of_color":9290,"people_of_color_pct":83.295974177351383,"white_non_hispanic_pct":16.704025822648614,"black_non_hispanic_pct":3.5506141845243433,"asian_non_hispanic_pct":53.662691652470187,"hispanic_or_latino_pct":21.124361158432709,"median_household_income":150565}},{"type":"Feature","geometry":{"type":"Point","coordinates":[-119.200163,34.16816]},"properties":{"station_id":29,"tract_geoid":"06111004305","state_fips":"06","state_name":"California","county_fips":"111","tract_code":"004305","site_name":"Naval Construction Battalion Center Port Hueneme","industry":"Military","matrix":"Groundwater","sample_year":2016,"longitude":-119.200163,"latitude":34.16816,"pfoa":null,"pfos":null,"total_pfas":null,"reported_pfas_level":1080000,"total_population":2193,"people_of_color":1059,"people_of_color_pct":48.290013679890563,"white_non_hispanic_pct":51.709986320109437,"black_non_hispanic_pct":8.2535339717282259,"asian_non_hispanic_pct":5.4719562243502056,"hispanic_or_latino_pct":22.298221614227085,"median_household_income":67083}},{"type":"Feature","geometry":{"type":"Point","coordinates":[-117.657437,35.655171]},"properties":{"station_id":30,"tract_geoid":"06029005300","state_fips":"06","state_name":"California","county_fips":"029","tract_code":"005300","site_name":"Naval Air Weapons Station China Lake","industry":"Military","matrix":"Groundwater","sample_year":2016,"longitude":-117.657437,"latitude":35.655171,"pfoa":null,"pfos":null,"total_pfas":null,"reported_pfas_level":8000000,"total_population":2416,"people_of_color":1282,"people_of_color_pct":53.062913907284766,"white_non_hispanic_pct":46.937086092715234,"black_non_hispanic_pct":13.700331125827814,"asian_non_hispanic_pct":4.2218543046357615,"hispanic_or_latino_pct":28.352649006622517,"median_household_income":58261}},{"type":"Feature","geometry":{"type":"Point","coordinates":[-121.908691,37.715403]},"properties":{"station_id":31,"tract_geoid":"06001450102","state_fips":"06","state_name":"California","county_fips":"001","tract_code":"450102","site_name":"Camp Parks","industry":"Military","matrix":"Drinking Water","sample_year":2017,"longitude":-121.908691,"latitude":37.715403,"pfoa":null,"pfos":null,"total_pfas":19,"reported_pfas_level":19,"total_population":8425,"people_of_color":6550,"people_of_color_pct":77.744807121661722,"white_non_hispanic_pct":22.255192878338278,"black_non_hispanic_pct":6.4688427299703264,"asian_non_hispanic_pct":47.513353115727,"hispanic_or_latino_pct":17.424332344213649,"median_household_income":239250}},{"type":"Feature","geometry":{"type":"Point","coordinates":[-117.250846,34.103463]},"properties":{"station_id":32,"tract_geoid":"06071980100","state_fips":"06","state_name":"California","county_fips":"071","tract_code":"980100","site_name":"Norton Air Force Base","industry":"Military","matrix":"Groundwater","sample_year":2017,"longitude":-117.250846,"latitude":34.103463,"pfoa":22,"pfos":19,"total_pfas":null,"reported_pfas_level":22,"total_population":3,"people_of_color":3,"people_of_color_pct":100,"white_non_hispanic_pct":0,"black_non_hispanic_pct":66.666666666666671,"asian_non_hispanic_pct":0,"hispanic_or_latino_pct":33.333333333333336,"median_household_income":null}},{"type":"Feature","geometry":{"type":"Point","coordinates":[-118.251,34.11007]},"properties":{"station_id":33,"tract_geoid":"06037187102","state_fips":"06","state_name":"California","county_fips":"037","tract_code":"187102","site_name":"Pollock Remediation Project","industry":"Unknown","matrix":"Groundwater","sample_year":2017,"longitude":-118.251,"latitude":34.11007,"pfoa":12,"pfos":14,"total_pfas":36,"reported_pfas_level":36,"total_population":4615,"people_of_color":3841,"people_of_color_pct":83.228602383531964,"white_non_hispanic_pct":16.77139761646804,"black_non_hispanic_pct":1.2351029252437704,"asian_non_hispanic_pct":26.56554712892741,"hispanic_or_latino_pct":50.660888407367281,"median_household_income":91944}},{"type":"Feature","geometry":{"type":"Point","coordinates":[-117.851622,33.719938]},"properties":{"station_id":34,"tract_geoid":"06059074403","state_fips":"06","state_name":"California","county_fips":"059","tract_code":"074403","site_name":"Orange County Water District - South Basin","industry":"Industry","matrix":"Groundwater","sample_year":2017,"longitude":-117.851622,"latitude":33.719938,"pfoa":61,"pfos":3,"total_pfas":66,"reported_pfas_level":66,"total_population":4987,"people_of_color":4973,"people_of_color_pct":99.7192701022659,"white_non_hispanic_pct":0.28072989773410867,"black_non_hispanic_pct":0.70182474433527176,"asian_non_hispanic_pct":2.6869861640264689,"hispanic_or_latino_pct":96.330459193904147,"median_household_income":70096}},{"type":"Feature","geometry":{"type":"Point","coordinates":[-117.416567,34.153683]},"properties":{"station_id":35,"tract_geoid":"06071002709","state_fips":"06","state_name":"California","county_fips":"071","tract_code":"002709","site_name":"ROCKETS, FIREWORKS, AND FLARES SITE","industry":"Industry","matrix":"Groundwater","sample_year":2017,"longitude":-117.416567,"latitude":34.153683,"pfoa":null,"pfos":78,"total_pfas":78,"reported_pfas_level":78,"total_population":7815,"people_of_color":6214,"people_of_color_pct":79.513755598208576,"white_non_hispanic_pct":20.486244401791428,"black_non_hispanic_pct":7.9334612923864363,"asian_non_hispanic_pct":13.320537428023032,"hispanic_or_latino_pct":52.194497760716573,"median_household_income":150194}},{"type":"Feature","geometry":{"type":"Point","coordinates":[-120.127869,40.146072]},"properties":{"station_id":36,"tract_geoid":"06035040600","state_fips":"06","state_name":"California","county_fips":"035","tract_code":"040600","site_name":"Sierra Army Depot","industry":"Military","matrix":"Drinking Water","sample_year":2017,"longitude":-120.127869,"latitude":40.146072,"pfoa":33,"pfos":null,"total_pfas":221,"reported_pfas_level":221,"total_population":3640,"people_of_color":1704,"people_of_color_pct":46.81318681318681,"white_non_hispanic_pct":53.18681318681319,"black_non_hispanic_pct":8.5164835164835164,"asian_non_hispanic_pct":1.8681318681318682,"hispanic_or_latino_pct":28.434065934065934,"median_household_income":46659}},{"type":"Feature","geometry":{"type":"Point","coordinates":[-121.390048,38.673338]},"properties":{"station_id":37,"tract_geoid":"06067007301","state_fips":"06","state_name":"California","county_fips":"067","tract_code":"007301","site_name":"McClellan Air Force Base","industry":"Military","matrix":"Groundwater","sample_year":2017,"longitude":-121.390048,"latitude":38.673338,"pfoa":null,"pfos":null,"total_pfas":null,"reported_pfas_level":348,"total_population":5450,"people_of_color":3576,"people_of_color_pct":65.614678899082563,"white_non_hispanic_pct":34.38532110091743,"black_non_hispanic_pct":9.1559633027522942,"asian_non_hispanic_pct":9.4311926605504581,"hispanic_or_latino_pct":36.1651376146789,"median_household_income":54122}},{"type":"Feature","geometry":{"type":"Point","coordinates":[-117.841761,33.932943]},"properties":{"station_id":38,"tract_geoid":"06059021832","state_fips":"06","state_name":"California","county_fips":"059","tract_code":"021832","site_name":"Olinda Alpha Landfill","industry":"Landfill","matrix":"Groundwater","sample_year":2017,"longitude":-117.841761,"latitude":33.932943,"pfoa":null,"pfos":null,"total_pfas":360,"reported_pfas_level":360,"total_population":6741,"people_of_color":4733,"people_of_color_pct":70.212134698116,"white_non_hispanic_pct":29.787865301883993,"black_non_hispanic_pct":2.0026702269692924,"asian_non_hispanic_pct":48.716807595312268,"hispanic_or_latino_pct":14.686248331108144,"median_household_income":214491}},{"type":"Feature","geometry":{"type":"Point","coordinates":[-117.709872,33.708882]},"properties":{"station_id":39,"tract_geoid":"06059052430","state_fips":"06","state_name":"California","county_fips":"059","tract_code":"052430","site_name":"Bowerman Landfill","industry":"Landfill","matrix":"Groundwater","sample_year":2017,"longitude":-117.709872,"latitude":33.708882,"pfoa":null,"pfos":null,"total_pfas":420,"reported_pfas_level":420,"total_population":17078,"people_of_color":11673,"people_of_color_pct":68.35109497599251,"white_non_hispanic_pct":31.648905024007494,"black_non_hispanic_pct":0.56798219932076355,"asian_non_hispanic_pct":42.259046726783,"hispanic_or_latino_pct":14.029745871881953,"median_household_income":184668}},{"type":"Feature","geometry":{"type":"Point","coordinates":[-117.476232,33.797719]},"properties":{"station_id":40,"tract_geoid":"06065042007","state_fips":"06","state_name":"California","county_fips":"065","tract_code":"042007","site_name":"El Sobrante Landfill","industry":"Landfill","matrix":"Groundwater","sample_year":2017,"longitude":-117.476232,"latitude":33.797719,"pfoa":610,"pfos":40,"total_pfas":1449,"reported_pfas_level":1449,"total_population":7605,"people_of_color":4255,"people_of_color_pct":55.9500328731098,"white_non_hispanic_pct":44.0499671268902,"black_non_hispanic_pct":5.6541748849441156,"asian_non_hispanic_pct":6.92965154503616,"hispanic_or_latino_pct":30.046022353714662,"median_household_income":144219}},{"type":"Feature","geometry":{"type":"Point","coordinates":[-118.250499,34.056915]},"properties":{"station_id":41,"tract_geoid":"06037207400","state_fips":"06","state_name":"California","county_fips":"037","tract_code":"207400","site_name":"Tujunga Remediation Project","industry":"WWTP","matrix":"Groundwater","sample_year":2018,"longitude":-118.250499,"latitude":34.056915,"pfoa":4,"pfos":null,"total_pfas":8,"reported_pfas_level":8,"total_population":2598,"people_of_color":1930,"people_of_color_pct":74.287913779830646,"white_non_hispanic_pct":25.712086220169361,"black_non_hispanic_pct":15.627405696689761,"asian_non_hispanic_pct":22.440338722093919,"hispanic_or_latino_pct":31.023864511162433,"median_household_income":78482}},{"type":"Feature","geometry":{"type":"Point","coordinates":[-119.712675,36.765303]},"properties":{"station_id":42,"tract_geoid":"06019003104","state_fips":"06","state_name":"California","county_fips":"019","tract_code":"003104","site_name":"Fresno Air National Guard Base","industry":"Military","matrix":"Groundwater","sample_year":2018,"longitude":-119.712675,"latitude":36.765303,"pfoa":170,"pfos":null,"total_pfas":6470,"reported_pfas_level":6470,"total_population":4775,"people_of_color":3561,"people_of_color_pct":74.575916230366488,"white_non_hispanic_pct":25.424083769633508,"black_non_hispanic_pct":4.7329842931937174,"asian_non_hispanic_pct":19.539267015706805,"hispanic_or_latino_pct":44.984293193717278,"median_household_income":58438}},{"type":"Feature","geometry":{"type":"Point","coordinates":[-117.150114,32.842598]},"properties":{"station_id":43,"tract_geoid":"06073009400","state_fips":"06","state_name":"California","county_fips":"073","tract_code":"009400","site_name":"West Miramar Landfill","industry":"Landfill","matrix":"Groundwater","sample_year":2018,"longitude":-117.150114,"latitude":32.842598,"pfoa":950,"pfos":59,"total_pfas":10634,"reported_pfas_level":10634,"total_population":4394,"people_of_color":2553,"people_of_color_pct":58.101957214383248,"white_non_hispanic_pct":41.898042785616752,"black_non_hispanic_pct":16.090122894856624,"asian_non_hispanic_pct":3.2544378698224854,"hispanic_or_latino_pct":31.178880291306328,"median_household_income":89893}},{"type":"Feature","geometry":{"type":"Point","coordinates":[-120.57244,34.742027]},"properties":{"station_id":44,"tract_geoid":"06083980200","state_fips":"06","state_name":"California","county_fips":"083","tract_code":"980200","site_name":"Vandenberg Air Force Base","industry":"Military","matrix":"Surface Water","sample_year":2018,"longitude":-120.57244,"latitude":34.742027,"pfoa":8200,"pfos":150000,"total_pfas":159300,"reported_pfas_level":159300,"total_population":3452,"people_of_color":1554,"people_of_color_pct":45.017381228273464,"white_non_hispanic_pct":54.982618771726536,"black_non_hispanic_pct":8.748551564310544,"asian_non_hispanic_pct":5.0115874855156433,"hispanic_or_latino_pct":17.670915411355736,"median_household_income":83929}},{"type":"Feature","geometry":{"type":"Point","coordinates":[-117.121431,33.950269]},"properties":{"station_id":45,"tract_geoid":"06065042401","state_fips":"06","state_name":"California","county_fips":"065","tract_code":"042401","site_name":"Badlands Landfill","industry":"Landfill","matrix":"Groundwater","sample_year":2018,"longitude":-117.121431,"latitude":33.950269,"pfoa":25,"pfos":null,"total_pfas":142,"reported_pfas_level":142,"total_population":2056,"people_of_color":1298,"people_of_color_pct":63.132295719844358,"white_non_hispanic_pct":36.867704280155642,"black_non_hispanic_pct":0.48638132295719844,"asian_non_hispanic_pct":2.772373540856031,"hispanic_or_latino_pct":55.78793774319066,"median_household_income":107500}},{"type":"Feature","geometry":{"type":"Point","coordinates":[-118.054509,33.796711]},"properties":{"station_id":46,"tract_geoid":"06059110015","state_fips":"06","state_name":"California","county_fips":"059","tract_code":"110015","site_name":"Joint Force Training Base-Los Alamitos","industry":"Military","matrix":"Drinking Water","sample_year":2018,"longitude":-118.054509,"latitude":33.796711,"pfoa":118,"pfos":282,"total_pfas":982,"reported_pfas_level":982,"total_population":3468,"people_of_color":1351,"people_of_color_pct":38.956170703575545,"white_non_hispanic_pct":61.043829296424455,"black_non_hispanic_pct":1.3840830449826989,"asian_non_hispanic_pct":11.82237600922722,"hispanic_or_latino_pct":21.828143021914649,"median_household_income":129840}},{"type":"Feature","geometry":{"type":"Point","coordinates":[-118.400774,37.328673]},"properties":{"station_id":47,"tract_geoid":"06027000200","state_fips":"06","state_name":"California","county_fips":"027","tract_code":"000200","site_name":"Bishop-Sunland Class III Landfill","industry":"Landfill","matrix":"Groundwater","sample_year":2019,"longitude":-118.400774,"latitude":37.328673,"pfoa":null,"pfos":null,"total_pfas":1,"reported_pfas_level":1,"total_population":1820,"people_of_color":550,"people_of_color_pct":30.219780219780219,"white_non_hispanic_pct":69.780219780219781,"black_non_hispanic_pct":2.5824175824175826,"asian_non_hispanic_pct":0.989010989010989,"hispanic_or_latino_pct":21.703296703296704,"median_household_income":92500}},{"type":"Feature","geometry":{"type":"Point","coordinates":[-115.538591,32.998459]},"properties":{"station_id":48,"tract_geoid":"06025010500","state_fips":"06","state_name":"California","county_fips":"025","tract_code":"010500","site_name":"Brawley Class III Waste Management Facility","industry":"Landfill","matrix":"Groundwater","sample_year":2019,"longitude":-115.538591,"latitude":32.998459,"pfoa":null,"pfos":null,"total_pfas":1,"reported_pfas_level":1,"total_population":7478,"people_of_color":6216,"people_of_color_pct":83.123829901043067,"white_non_hispanic_pct":16.876170098956941,"black_non_hispanic_pct":0,"asian_non_hispanic_pct":1.4709815458678792,"hispanic_or_latino_pct":81.291789248462152,"median_household_income":68125}},{"type":"Feature","geometry":{"type":"Point","coordinates":[-115.278689,32.848702]},"properties":{"station_id":49,"tract_geoid":"06025012400","state_fips":"06","state_name":"California","county_fips":"025","tract_code":"012400","site_name":"Holtville Class III Waste Management Facility","industry":"Landfill","matrix":"Groundwater","sample_year":2019,"longitude":-115.278689,"latitude":32.848702,"pfoa":null,"pfos":null,"total_pfas":1,"reported_pfas_level":1,"total_population":835,"people_of_color":300,"people_of_color_pct":35.928143712574851,"white_non_hispanic_pct":64.071856287425149,"black_non_hispanic_pct":23.233532934131738,"asian_non_hispanic_pct":0,"hispanic_or_latino_pct":6.5868263473053892,"median_household_income":25978}},{"type":"Feature","geometry":{"type":"Point","coordinates":[-114.618834,32.814504]},"properties":{"station_id":50,"tract_geoid":"06025012400","state_fips":"06","state_name":"California","county_fips":"025","tract_code":"012400","site_name":"Picacho Solid Waste Disposal Service","industry":"Landfill","matrix":"Groundwater","sample_year":2019,"longitude":-114.618834,"latitude":32.814504,"pfoa":null,"pfos":1,"total_pfas":2,"reported_pfas_level":2,"total_population":835,"people_of_color":300,"people_of_color_pct":35.928143712574851,"white_non_hispanic_pct":64.071856287425149,"black_non_hispanic_pct":23.233532934131738,"asian_non_hispanic_pct":0,"hispanic_or_latino_pct":6.5868263473053892,"median_household_income":25978}},{"type":"Feature","geometry":{"type":"Point","coordinates":[-116.057958,35.232059]},"properties":{"station_id":51,"tract_geoid":"06071010300","state_fips":"06","state_name":"California","county_fips":"071","tract_code":"010300","site_name":"Baker Class III Landfill","industry":"Landfill","matrix":"Groundwater","sample_year":2019,"longitude":-116.057958,"latitude":35.232059,"pfoa":2,"pfos":null,"total_pfas":2,"reported_pfas_level":2,"total_population":2854,"people_of_color":1343,"people_of_color_pct":47.056762438682554,"white_non_hispanic_pct":52.943237561317446,"black_non_hispanic_pct":0.31534688156972668,"asian_non_hispanic_pct":6.412053258584443,"hispanic_or_latino_pct":35.143658023826205,"median_household_income":64348}},{"type":"Feature","geometry":{"type":"Point","coordinates":[-122.315183,37.547375]},"properties":{"station_id":52,"tract_geoid":"06081607400","state_fips":"06","state_name":"California","county_fips":"081","tract_code":"607400","site_name":"3rd Ave Landfill","industry":"Landfill","matrix":"Groundwater","sample_year":2019,"longitude":-122.315183,"latitude":37.547375,"pfoa":null,"pfos":null,"total_pfas":2,"reported_pfas_level":2,"total_population":4662,"people_of_color":2499,"people_of_color_pct":53.6036036036036,"white_non_hispanic_pct":46.3963963963964,"black_non_hispanic_pct":0.38610038610038611,"asian_non_hispanic_pct":26.94122694122694,"hispanic_or_latino_pct":18.854568854568853,"median_household_income":148194}},{"type":"Feature","geometry":{"type":"Point","coordinates":[-114.622592,34.791598]},"properties":{"station_id":53,"tract_geoid":"06071010700","state_fips":"06","state_name":"California","county_fips":"071","tract_code":"010700","site_name":"Needles Waste Management Facility","industry":"Landfill","matrix":"Groundwater","sample_year":2019,"longitude":-114.622592,"latitude":34.791598,"pfoa":null,"pfos":1,"total_pfas":3,"reported_pfas_level":3,"total_population":3621,"people_of_color":1780,"people_of_color_pct":49.157691245512289,"white_non_hispanic_pct":50.842308754487711,"black_non_hispanic_pct":4.3634355150510906,"asian_non_hispanic_pct":1.0770505385252693,"hispanic_or_latino_pct":39.353769676884838,"median_household_income":33554}},{"type":"Feature","geometry":{"type":"Point","coordinates":[-117.625156,33.486663]},"properties":{"station_id":54,"tract_geoid":"06059042205","state_fips":"06","state_name":"California","county_fips":"059","tract_code":"042205","site_name":"Prima Deshecha Sanitary Landfill","industry":"Landfill","matrix":"Groundwater","sample_year":2019,"longitude":-117.625156,"latitude":33.486663,"pfoa":1,"pfos":1,"total_pfas":4,"reported_pfas_level":4,"total_population":5336,"people_of_color":2072,"people_of_color_pct":38.830584707646175,"white_non_hispanic_pct":61.169415292353825,"black_non_hispanic_pct":0,"asian_non_hispanic_pct":2.6049475262368817,"hispanic_or_latino_pct":31.090704647676162,"median_household_income":138824}},{"type":"Feature","geometry":{"type":"Point","coordinates":[-115.997606,32.772173]},"properties":{"station_id":55,"tract_geoid":"06025012301","state_fips":"06","state_name":"California","county_fips":"025","tract_code":"012301","site_name":"Ocotillo Waste Management Facility","industry":"Landfill","matrix":"Groundwater","sample_year":2019,"longitude":-115.997606,"latitude":32.772173,"pfoa":null,"pfos":2,"total_pfas":4,"reported_pfas_level":4,"total_population":3994,"people_of_color":3458,"people_of_color_pct":86.579869804707059,"white_non_hispanic_pct":13.420130195292939,"black_non_hispanic_pct":13.745618427641462,"asian_non_hispanic_pct":0.62593890836254384,"hispanic_or_latino_pct":70.155232849273915,"median_household_income":44750}},{"type":"Feature","geometry":{"type":"Point","coordinates":[-122.564794,38.166173]},"properties":{"station_id":56,"tract_geoid":"06041101100","state_fips":"06","state_name":"California","county_fips":"041","tract_code":"101100","site_name":"Redwood Landfill","industry":"Landfill","matrix":"Groundwater","sample_year":2019,"longitude":-122.564794,"latitude":38.166173,"pfoa":null,"pfos":null,"total_pfas":4,"reported_pfas_level":4,"total_population":2428,"people_of_color":702,"people_of_color_pct":28.912685337726526,"white_non_hispanic_pct":71.087314662273471,"black_non_hispanic_pct":0,"asian_non_hispanic_pct":20.881383855024712,"hispanic_or_latino_pct":4.2009884678747937,"median_household_income":208958}},{"type":"Feature","geometry":{"type":"Point","coordinates":[-122.494458,37.666592]},"properties":{"station_id":57,"tract_geoid":"06081601000","state_fips":"06","state_name":"California","county_fips":"081","tract_code":"601000","site_name":"Mussel Rock Landfill","industry":"Landfill","matrix":"Groundwater","sample_year":2019,"longitude":-122.494458,"latitude":37.666592,"pfoa":2,"pfos":2,"total_pfas":8,"reported_pfas_level":8,"total_population":7500,"people_of_color":6480,"people_of_color_pct":86.4,"white_non_hispanic_pct":13.6,"black_non_hispanic_pct":2.72,"asian_non_hispanic_pct":56.786666666666669,"hispanic_or_latino_pct":16.546666666666667,"median_household_income":126406}},{"type":"Feature","geometry":{"type":"Point","coordinates":[-115.409649,33.777196]},"properties":{"station_id":58,"tract_geoid":"06065046900","state_fips":"06","state_name":"California","county_fips":"065","tract_code":"046900","site_name":"Desert Center Sanitary","industry":"Landfill","matrix":"Groundwater","sample_year":2019,"longitude":-115.409649,"latitude":33.777196,"pfoa":1,"pfos":null,"total_pfas":8,"reported_pfas_level":8,"total_population":1804,"people_of_color":1266,"people_of_color_pct":70.177383592017733,"white_non_hispanic_pct":29.822616407982263,"black_non_hispanic_pct":5.4878048780487809,"asian_non_hispanic_pct":0.27716186252771619,"hispanic_or_latino_pct":61.474501108647452,"median_household_income":52311}},{"type":"Feature","geometry":{"type":"Point","coordinates":[-115.543588,32.678688]},"properties":{"station_id":59,"tract_geoid":"06025011901","state_fips":"06","state_name":"California","county_fips":"025","tract_code":"011901","site_name":"Calexico Class III Waste Management Facility","industry":"Landfill","matrix":"Groundwater","sample_year":2019,"longitude":-115.543588,"latitude":32.678688,"pfoa":2,"pfos":null,"total_pfas":9,"reported_pfas_level":9,"total_population":1935,"people_of_color":1892,"people_of_color_pct":97.777777777777771,"white_non_hispanic_pct":2.2222222222222223,"black_non_hispanic_pct":0.41343669250645992,"asian_non_hispanic_pct":3.1524547803617571,"hispanic_or_latino_pct":94.211886304909555,"median_household_income":79798}},{"type":"Feature","geometry":{"type":"Point","coordinates":[-117.350363,34.344608]},"properties":{"station_id":60,"tract_geoid":"06071010024","state_fips":"06","state_name":"California","county_fips":"071","tract_code":"010024","site_name":"Hesperia Class III Landfill","industry":"Landfill","matrix":"Groundwater","sample_year":2019,"longitude":-117.350363,"latitude":34.344608,"pfoa":1,"pfos":1,"total_pfas":10,"reported_pfas_level":10,"total_population":5337,"people_of_color":3303,"people_of_color_pct":61.888701517706579,"white_non_hispanic_pct":38.111298482293421,"black_non_hispanic_pct":6.4455686715383171,"asian_non_hispanic_pct":0.22484541877459246,"hispanic_or_latino_pct":50.028105677346822,"median_household_income":83846}},{"type":"Feature","geometry":{"type":"Point","coordinates":[-120.197154,37.063652]},"properties":{"station_id":61,"tract_geoid":"06039000203","state_fips":"06","state_name":"California","county_fips":"039","tract_code":"000203","site_name":"Fairmead Solid Waste Disposal Service","industry":"Landfill","matrix":"Groundwater","sample_year":2019,"longitude":-120.197154,"latitude":37.063652,"pfoa":1,"pfos":null,"total_pfas":10,"reported_pfas_level":10,"total_population":1582,"people_of_color":913,"people_of_color_pct":57.711757269279396,"white_non_hispanic_pct":42.288242730720604,"black_non_hispanic_pct":1.6434892541087232,"asian_non_hispanic_pct":1.0745891276864727,"hispanic_or_latino_pct":50.316055625790142,"median_household_income":73906}},{"type":"Feature","geometry":{"type":"Point","coordinates":[-114.748972,33.391134]},"properties":{"station_id":62,"tract_geoid":"06025012400","state_fips":"06","state_name":"California","county_fips":"025","tract_code":"012400","site_name":"Palo Verde III Waste Management Facility","industry":"Landfill","matrix":"Groundwater","sample_year":2019,"longitude":-114.748972,"latitude":33.391134,"pfoa":3,"pfos":null,"total_pfas":10,"reported_pfas_level":10,"total_population":835,"people_of_color":300,"people_of_color_pct":35.928143712574851,"white_non_hispanic_pct":64.071856287425149,"black_non_hispanic_pct":23.233532934131738,"asian_non_hispanic_pct":0,"hispanic_or_latino_pct":6.5868263473053892,"median_household_income":25978}},{"type":"Feature","geometry":{"type":"Point","coordinates":[-118.340693,35.122717]},"properties":{"station_id":63,"tract_geoid":"06029006004","state_fips":"06","state_name":"California","county_fips":"029","tract_code":"006004","site_name":"Tehachapi Class III Landfill","industry":"Landfill","matrix":"Groundwater","sample_year":2019,"longitude":-118.340693,"latitude":35.122717,"pfoa":null,"pfos":null,"total_pfas":10,"reported_pfas_level":10,"total_population":1440,"people_of_color":315,"people_of_color_pct":21.875,"white_non_hispanic_pct":78.125,"black_non_hispanic_pct":3.4722222222222223,"asian_non_hispanic_pct":0.27777777777777779,"hispanic_or_latino_pct":11.180555555555555,"median_household_income":62317}},{"type":"Feature","geometry":{"type":"Point","coordinates":[-121.409232,36.531875]},"properties":{"station_id":64,"tract_geoid":"06053014800","state_fips":"06","state_name":"California","county_fips":"053","tract_code":"014800","site_name":"Johnson Canyon Class III Landfill","industry":"Landfill","matrix":"Groundwater","sample_year":2019,"longitude":-121.409232,"latitude":36.531875,"pfoa":2,"pfos":1,"total_pfas":11,"reported_pfas_level":11,"total_population":5831,"people_of_color":5426,"people_of_color_pct":93.054364602984052,"white_non_hispanic_pct":6.9456353970159492,"black_non_hispanic_pct":0.53164122791973933,"asian_non_hispanic_pct":0.37729377465271824,"hispanic_or_latino_pct":91.064997427542451,"median_household_income":98897}},{"type":"Feature","geometry":{"type":"Point","coordinates":[-119.596927,36.302737]},"properties":{"station_id":65,"tract_geoid":"06031001200","state_fips":"06","state_name":"California","county_fips":"031","tract_code":"001200","site_name":"Hanford Municipal Solid Waste Disposal Service","industry":"Landfill","matrix":"Groundwater","sample_year":2019,"longitude":-119.596927,"latitude":36.302737,"pfoa":1,"pfos":null,"total_pfas":11,"reported_pfas_level":11,"total_population":2444,"people_of_color":1215,"people_of_color_pct":49.713584288052374,"white_non_hispanic_pct":50.286415711947626,"black_non_hispanic_pct":2.6595744680851063,"asian_non_hispanic_pct":0,"hispanic_or_latino_pct":40.916530278232408,"median_household_income":83250}},{"type":"Feature","geometry":{"type":"Point","coordinates":[-121.031056,39.953964]},"properties":{"station_id":66,"tract_geoid":"06063000100","state_fips":"06","state_name":"California","county_fips":"063","tract_code":"000100","site_name":"Gopher Hill Class III Landfill","industry":"Landfill","matrix":"Groundwater","sample_year":2019,"longitude":-121.031056,"latitude":39.953964,"pfoa":5,"pfos":2,"total_pfas":16,"reported_pfas_level":16,"total_population":6089,"people_of_color":1078,"people_of_color_pct":17.704056495319428,"white_non_hispanic_pct":82.295943504680565,"black_non_hispanic_pct":2.693381507636722,"asian_non_hispanic_pct":0.2134997536541304,"hispanic_or_latino_pct":5.9779931023156507,"median_household_income":83774}},{"type":"Feature","geometry":{"type":"Point","coordinates":[-115.49192,33.271298]},"properties":{"station_id":67,"tract_geoid":"06025010101","state_fips":"06","state_name":"California","county_fips":"025","tract_code":"010101","site_name":"Niland III Waste Management Facility","industry":"Landfill","matrix":"Groundwater","sample_year":2019,"longitude":-115.49192,"latitude":33.271298,"pfoa":null,"pfos":1,"total_pfas":16,"reported_pfas_level":16,"total_population":3155,"people_of_color":2903,"people_of_color_pct":92.012678288431061,"white_non_hispanic_pct":7.9873217115689386,"black_non_hispanic_pct":17.749603803486529,"asian_non_hispanic_pct":2.4722662440570522,"hispanic_or_latino_pct":67.892234548335978,"median_household_income":null}},{"type":"Feature","geometry":{"type":"Point","coordinates":[-115.670999,33.398546]},"properties":{"station_id":68,"tract_geoid":"06025012400","state_fips":"06","state_name":"California","county_fips":"025","tract_code":"012400","site_name":"Hot Spa Imperial County Landfill","industry":"Landfill","matrix":"Groundwater","sample_year":2019,"longitude":-115.670999,"latitude":33.398546,"pfoa":null,"pfos":null,"total_pfas":16,"reported_pfas_level":16,"total_population":835,"people_of_color":300,"people_of_color_pct":35.928143712574851,"white_non_hispanic_pct":64.071856287425149,"black_non_hispanic_pct":23.233532934131738,"asian_non_hispanic_pct":0,"hispanic_or_latino_pct":6.5868263473053892,"median_household_income":25978}},{"type":"Feature","geometry":{"type":"Point","coordinates":[-114.62673,33.70478]},"properties":{"station_id":69,"tract_geoid":"06065046900","state_fips":"06","state_name":"California","county_fips":"065","tract_code":"046900","site_name":"Blythe Class III Waste Management Facility","industry":"Landfill","matrix":"Groundwater","sample_year":2019,"longitude":-114.62673,"latitude":33.70478,"pfoa":1,"pfos":null,"total_pfas":17,"reported_pfas_level":17,"total_population":1804,"people_of_color":1266,"people_of_color_pct":70.177383592017733,"white_non_hispanic_pct":29.822616407982263,"black_non_hispanic_pct":5.4878048780487809,"asian_non_hispanic_pct":0.27716186252771619,"hispanic_or_latino_pct":61.474501108647452,"median_household_income":52311}},{"type":"Feature","geometry":{"type":"Point","coordinates":[-118.118029,33.93024]},"properties":{"station_id":70,"tract_geoid":"06037551102","state_fips":"06","state_name":"California","county_fips":"037","tract_code":"551102","site_name":"Downey Industrial Center","industry":"Industry","matrix":"Groundwater","sample_year":2019,"longitude":-118.118029,"latitude":33.93024,"pfoa":2,"pfos":16,"total_pfas":null,"reported_pfas_level":17,"total_population":5388,"people_of_color":5054,"people_of_color_pct":93.801039346696356,"white_non_hispanic_pct":6.1989606533036374,"black_non_hispanic_pct":5.3823311061618409,"asian_non_hispanic_pct":1.7446176688938382,"hispanic_or_latino_pct":81.31031922791388,"median_household_income":61713}},{"type":"Feature","geometry":{"type":"Point","coordinates":[-115.981388,33.231404]},"properties":{"station_id":71,"tract_geoid":"06025012301","state_fips":"06","state_name":"California","county_fips":"025","tract_code":"012301","site_name":"Salton City Solid Waste Site","industry":"Landfill","matrix":"Groundwater","sample_year":2019,"longitude":-115.981388,"latitude":33.231404,"pfoa":null,"pfos":1,"total_pfas":18,"reported_pfas_level":18,"total_population":3994,"people_of_color":3458,"people_of_color_pct":86.579869804707059,"white_non_hispanic_pct":13.420130195292939,"black_non_hispanic_pct":13.745618427641462,"asian_non_hispanic_pct":0.62593890836254384,"hispanic_or_latino_pct":70.155232849273915,"median_household_income":44750}},{"type":"Feature","geometry":{"type":"Point","coordinates":[-117.648318,34.990488]},"properties":{"station_id":72,"tract_geoid":"06029005600","state_fips":"06","state_name":"California","county_fips":"029","tract_code":"005600","site_name":"Boron Class III Landfill","industry":"Landfill","matrix":"Groundwater","sample_year":2019,"longitude":-117.648318,"latitude":34.990488,"pfoa":1,"pfos":null,"total_pfas":22,"reported_pfas_level":22,"total_population":2698,"people_of_color":1813,"people_of_color_pct":67.197924388435879,"white_non_hispanic_pct":32.802075611564121,"black_non_hispanic_pct":7.3017049666419567,"asian_non_hispanic_pct":2.8539659006671609,"hispanic_or_latino_pct":35.285396590066718,"median_household_income":53170}},{"type":"Feature","geometry":{"type":"Point","coordinates":[-121.589533,40.938644]},"properties":{"station_id":73,"tract_geoid":"06089012702","state_fips":"06","state_name":"California","county_fips":"089","tract_code":"012702","site_name":"Intermountain Class III Landfill","industry":"Landfill","matrix":"Groundwater","sample_year":2019,"longitude":-121.589533,"latitude":40.938644,"pfoa":null,"pfos":null,"total_pfas":22,"reported_pfas_level":22,"total_population":2750,"people_of_color":590,"people_of_color_pct":21.454545454545453,"white_non_hispanic_pct":78.545454545454547,"black_non_hispanic_pct":0.36363636363636365,"asian_non_hispanic_pct":1.6363636363636365,"hispanic_or_latino_pct":13.49090909090909,"median_household_income":72313}},{"type":"Feature","geometry":{"type":"Point","coordinates":[-119.385547,36.392767]},"properties":{"station_id":74,"tract_geoid":"06107000902","state_fips":"06","state_name":"California","county_fips":"107","tract_code":"000902","site_name":"Visalia Solid Waste Disposal Service","industry":"Landfill","matrix":"Groundwater","sample_year":2019,"longitude":-119.385547,"latitude":36.392767,"pfoa":null,"pfos":null,"total_pfas":27,"reported_pfas_level":27,"total_population":4430,"people_of_color":3344,"people_of_color_pct":75.485327313769758,"white_non_hispanic_pct":24.514672686230249,"black_non_hispanic_pct":0.45146726862302483,"asian_non_hispanic_pct":1.4672686230248306,"hispanic_or_latino_pct":69.97742663656885,"median_household_income":98542}},{"type":"Feature","geometry":{"type":"Point","coordinates":[-117.820925,34.047488]},"properties":{"station_id":75,"tract_geoid":"06037402403","state_fips":"06","state_name":"California","county_fips":"037","tract_code":"402403","site_name":"Spadra Landfill","industry":"Landfill","matrix":"Groundwater","sample_year":2019,"longitude":-117.820925,"latitude":34.047488,"pfoa":1,"pfos":null,"total_pfas":29,"reported_pfas_level":29,"total_population":4826,"people_of_color":4176,"people_of_color_pct":86.531288852051389,"white_non_hispanic_pct":13.468711147948612,"black_non_hispanic_pct":2.3000414421881477,"asian_non_hispanic_pct":5.0766680480729383,"hispanic_or_latino_pct":77.559055118110237,"median_household_income":87536}},{"type":"Feature","geometry":{"type":"Point","coordinates":[-121.35371,38.41485]},"properties":{"station_id":76,"tract_geoid":"06067009307","state_fips":"06","state_name":"California","county_fips":"067","tract_code":"009307","site_name":"Elk Grove Class III Landfill","industry":"Landfill","matrix":"Groundwater","sample_year":2019,"longitude":-121.35371,"latitude":38.41485,"pfoa":2,"pfos":null,"total_pfas":29,"reported_pfas_level":29,"total_population":5483,"people_of_color":2755,"people_of_color_pct":50.246215575414922,"white_non_hispanic_pct":49.753784424585078,"black_non_hispanic_pct":6.9305124931606787,"asian_non_hispanic_pct":15.320080248039394,"hispanic_or_latino_pct":19.697246033193508,"median_household_income":120266}},{"type":"Feature","geometry":{"type":"Point","coordinates":[-117.251173,33.03979]},"properties":{"station_id":77,"tract_geoid":"06073017403","state_fips":"06","state_name":"California","county_fips":"073","tract_code":"017403","site_name":"Encinitas II Landfill","industry":"Landfill","matrix":"Groundwater","sample_year":2019,"longitude":-117.251173,"latitude":33.03979,"pfoa":null,"pfos":null,"total_pfas":31,"reported_pfas_level":31,"total_population":4730,"people_of_color":1065,"people_of_color_pct":22.515856236786469,"white_non_hispanic_pct":77.484143763213524,"black_non_hispanic_pct":0.33826638477801269,"asian_non_hispanic_pct":8.13953488372093,"hispanic_or_latino_pct":10.824524312896406,"median_household_income":154886}},{"type":"Feature","geometry":{"type":"Point","coordinates":[-117.926877,34.119628]},"properties":{"station_id":78,"tract_geoid":"06037404402","state_fips":"06","state_name":"California","county_fips":"037","tract_code":"404402","site_name":"Azusa Land Reclamation Landfill","industry":"Landfill","matrix":"Groundwater","sample_year":2019,"longitude":-117.926877,"latitude":34.119628,"pfoa":4,"pfos":2,"total_pfas":32,"reported_pfas_level":32,"total_population":4673,"people_of_color":4382,"people_of_color_pct":93.772736999786,"white_non_hispanic_pct":6.2272630002139957,"black_non_hispanic_pct":0.64198587631072113,"asian_non_hispanic_pct":9.69398673229189,"hispanic_or_latino_pct":77.55189385833512,"median_household_income":96616}},{"type":"Feature","geometry":{"type":"Point","coordinates":[-117.899965,34.035352]},"properties":{"station_id":79,"tract_geoid":"06037408006","state_fips":"06","state_name":"California","county_fips":"037","tract_code":"408006","site_name":"Bkk Class III Landfill","industry":"Landfill","matrix":"Groundwater","sample_year":2019,"longitude":-117.899965,"latitude":34.035352,"pfoa":1,"pfos":null,"total_pfas":33,"reported_pfas_level":33,"total_population":3970,"people_of_color":3646,"people_of_color_pct":91.838790931989919,"white_non_hispanic_pct":8.1612090680100753,"black_non_hispanic_pct":0.25188916876574308,"asian_non_hispanic_pct":40.831234256926955,"hispanic_or_latino_pct":49.823677581863983,"median_household_income":84130}},{"type":"Feature","geometry":{"type":"Point","coordinates":[-117.442755,34.652885]},"properties":{"station_id":80,"tract_geoid":"06071009134","state_fips":"06","state_name":"California","county_fips":"071","tract_code":"009134","site_name":"Adelanto Class III Landfill","industry":"Landfill","matrix":"Groundwater","sample_year":2019,"longitude":-117.442755,"latitude":34.652885,"pfoa":5,"pfos":2,"total_pfas":35,"reported_pfas_level":35,"total_population":871,"people_of_color":713,"people_of_color_pct":81.859931113662455,"white_non_hispanic_pct":18.140068886337541,"black_non_hispanic_pct":1.2629161882893227,"asian_non_hispanic_pct":0.45924225028702642,"hispanic_or_latino_pct":79.908151549942588,"median_household_income":61250}},{"type":"Feature","geometry":{"type":"Point","coordinates":[-117.109189,34.943262]},"properties":{"station_id":81,"tract_geoid":"06071011900","state_fips":"06","state_name":"California","county_fips":"071","tract_code":"011900","site_name":"Lenwood-Hinkley Landfill","industry":"Landfill","matrix":"Groundwater","sample_year":2019,"longitude":-117.109189,"latitude":34.943262,"pfoa":4,"pfos":2,"total_pfas":36,"reported_pfas_level":36,"total_population":2371,"people_of_color":863,"people_of_color_pct":36.398144242935473,"white_non_hispanic_pct":63.601855757064527,"black_non_hispanic_pct":0.33741037536904261,"asian_non_hispanic_pct":0.7591733445803458,"hispanic_or_latino_pct":29.565584141712357,"median_household_income":66250}},{"type":"Feature","geometry":{"type":"Point","coordinates":[-116.835801,34.516023]},"properties":{"station_id":82,"tract_geoid":"06071010424","state_fips":"06","state_name":"California","county_fips":"071","tract_code":"010424","site_name":"Lucerne Valley Closed Waste Management Facility","industry":"Landfill","matrix":"Groundwater","sample_year":2019,"longitude":-116.835801,"latitude":34.516023,"pfoa":20,"pfos":2,"total_pfas":39,"reported_pfas_level":39,"total_population":1579,"people_of_color":535,"people_of_color_pct":33.88220392653578,"white_non_hispanic_pct":66.11779607346422,"black_non_hispanic_pct":6.6497783407219764,"asian_non_hispanic_pct":2.2165927802406586,"hispanic_or_latino_pct":12.666244458518049,"median_household_income":58835}},{"type":"Feature","geometry":{"type":"Point","coordinates":[-121.301992,38.568759]},"properties":{"station_id":83,"tract_geoid":"06067008803","state_fips":"06","state_name":"California","county_fips":"067","tract_code":"008803","site_name":"Inactive Rancho Cordova Test Site - Mcdonnell Douglas","industry":"Industry","matrix":"Groundwater","sample_year":2019,"longitude":-121.301992,"latitude":38.568759,"pfoa":11,"pfos":8,"total_pfas":41,"reported_pfas_level":41,"total_population":2203,"people_of_color":722,"people_of_color_pct":32.773490694507487,"white_non_hispanic_pct":67.226509305492513,"black_non_hispanic_pct":12.256014525646846,"asian_non_hispanic_pct":2.7235587834770767,"hispanic_or_latino_pct":14.117113027689514,"median_household_income":73250}},{"type":"Feature","geometry":{"type":"Point","coordinates":[-116.821768,34.304336]},"properties":{"station_id":84,"tract_geoid":"06071011300","state_fips":"06","state_name":"California","county_fips":"071","tract_code":"011300","site_name":"Big Bear Class III Waste Management Facility","industry":"Landfill","matrix":"Groundwater","sample_year":2019,"longitude":-116.821768,"latitude":34.304336,"pfoa":17,"pfos":4,"total_pfas":46,"reported_pfas_level":46,"total_population":1123,"people_of_color":284,"people_of_color_pct":25.28940338379341,"white_non_hispanic_pct":74.710596616206587,"black_non_hispanic_pct":0,"asian_non_hispanic_pct":3.3837934105075691,"hispanic_or_latino_pct":9.4390026714158513,"median_household_income":81833}},{"type":"Feature","geometry":{"type":"Point","coordinates":[-118.655689,35.811245]},"properties":{"station_id":85,"tract_geoid":"06107002701","state_fips":"06","state_name":"California","county_fips":"107","tract_code":"002701","site_name":"Balance Rock Solid Waste Disposal Service","industry":"Landfill","matrix":"Groundwater","sample_year":2019,"longitude":-118.655689,"latitude":35.811245,"pfoa":null,"pfos":null,"total_pfas":49,"reported_pfas_level":49,"total_population":1354,"people_of_color":358,"people_of_color_pct":26.440177252584935,"white_non_hispanic_pct":73.559822747415069,"black_non_hispanic_pct":0.22156573116691286,"asian_non_hispanic_pct":0,"hispanic_or_latino_pct":20.16248153618907,"median_household_income":57202}},{"type":"Feature","geometry":{"type":"Point","coordinates":[-118.392198,34.293776]},"properties":{"station_id":86,"tract_geoid":"06037104204","state_fips":"06","state_name":"California","county_fips":"037","tract_code":"104204","site_name":"Lopez Canyon Landfill","industry":"Landfill","matrix":"Groundwater","sample_year":2019,"longitude":-118.392198,"latitude":34.293776,"pfoa":null,"pfos":null,"total_pfas":52,"reported_pfas_level":52,"total_population":3577,"people_of_color":3125,"people_of_color_pct":87.363712608331,"white_non_hispanic_pct":12.636287391668997,"black_non_hispanic_pct":4.5568912496505449,"asian_non_hispanic_pct":3.4665921162985742,"hispanic_or_latino_pct":77.4391948560246,"median_household_income":76250}},{"type":"Feature","geometry":{"type":"Point","coordinates":[-115.682227,32.845942]},"properties":{"station_id":87,"tract_geoid":"06025011100","state_fips":"06","state_name":"California","county_fips":"025","tract_code":"011100","site_name":"Imperial County Class III Waste Management Facility","industry":"Landfill","matrix":"Groundwater","sample_year":2019,"longitude":-115.682227,"latitude":32.845942,"pfoa":8,"pfos":13,"total_pfas":57,"reported_pfas_level":57,"total_population":3167,"people_of_color":2622,"people_of_color_pct":82.791285127881281,"white_non_hispanic_pct":17.208714872118723,"black_non_hispanic_pct":4.3574360593621728,"asian_non_hispanic_pct":1.0419955794126934,"hispanic_or_latino_pct":65.519419008525418,"median_household_income":68854}},{"type":"Feature","geometry":{"type":"Point","coordinates":[-122.36732,37.72229]},"properties":{"station_id":88,"tract_geoid":"06075980600","state_fips":"06","state_name":"California","county_fips":"075","tract_code":"980600","site_name":"HUNTERS POINT NAVAL SHIPYARD","industry":"Military","matrix":"Groundwater","sample_year":2019,"longitude":-122.36732,"latitude":37.72229,"pfoa":21,"pfos":38,"total_pfas":59,"reported_pfas_level":59,"total_population":1295,"people_of_color":1057,"people_of_color_pct":81.621621621621628,"white_non_hispanic_pct":18.378378378378379,"black_non_hispanic_pct":22.007722007722009,"asian_non_hispanic_pct":36.525096525096522,"hispanic_or_latino_pct":14.362934362934363,"median_household_income":154375}},{"type":"Feature","geometry":{"type":"Point","coordinates":[-117.183548,33.249664]},"properties":{"station_id":89,"tract_geoid":"06073019209","state_fips":"06","state_name":"California","county_fips":"073","tract_code":"019209","site_name":"Bonsall Landfill","industry":"Landfill","matrix":"Groundwater","sample_year":2019,"longitude":-117.183548,"latitude":33.249664,"pfoa":15,"pfos":4,"total_pfas":63,"reported_pfas_level":63,"total_population":2792,"people_of_color":1097,"people_of_color_pct":39.290830945558739,"white_non_hispanic_pct":60.709169054441261,"black_non_hispanic_pct":4.2263610315186249,"asian_non_hispanic_pct":5.7306590257879657,"hispanic_or_latino_pct":24.856733524355302,"median_household_income":140417}},{"type":"Feature","geometry":{"type":"Point","coordinates":[-117.071809,33.235026]},"properties":{"station_id":90,"tract_geoid":"06073019105","state_fips":"06","state_name":"California","county_fips":"073","tract_code":"019105","site_name":"Valley Center Landfill","industry":"Landfill","matrix":"Groundwater","sample_year":2019,"longitude":-117.071809,"latitude":33.235026,"pfoa":11,"pfos":5,"total_pfas":65,"reported_pfas_level":65,"total_population":7971,"people_of_color":3424,"people_of_color_pct":42.95571446493539,"white_non_hispanic_pct":57.04428553506461,"black_non_hispanic_pct":3.2994605444737171,"asian_non_hispanic_pct":11.579475599046544,"hispanic_or_latino_pct":21.728766779575963,"median_household_income":122109}},{"type":"Feature","geometry":{"type":"Point","coordinates":[-122.35718,40.414959]},"properties":{"station_id":91,"tract_geoid":"06089012303","state_fips":"06","state_name":"California","county_fips":"089","tract_code":"012303","site_name":"Anderson Class III Landfill","industry":"Landfill","matrix":"Groundwater","sample_year":2019,"longitude":-122.35718,"latitude":40.414959,"pfoa":4,"pfos":null,"total_pfas":65,"reported_pfas_level":65,"total_population":3923,"people_of_color":1393,"people_of_color_pct":35.508539383125161,"white_non_hispanic_pct":64.491460616874846,"black_non_hispanic_pct":0,"asian_non_hispanic_pct":13.433596737190925,"hispanic_or_latino_pct":17.690542951822586,"median_household_income":97941}},{"type":"Feature","geometry":{"type":"Point","coordinates":[-122.283571,38.247911]},"properties":{"station_id":92,"tract_geoid":"06055201005","state_fips":"06","state_name":"California","county_fips":"055","tract_code":"201005","site_name":"Napa Pipe, Class II Waste Management Unit","industry":"Landfill","matrix":"Groundwater","sample_year":2019,"longitude":-122.283571,"latitude":38.247911,"pfoa":3,"pfos":null,"total_pfas":66,"reported_pfas_level":66,"total_population":2650,"people_of_color":1907,"people_of_color_pct":71.9622641509434,"white_non_hispanic_pct":28.037735849056602,"black_non_hispanic_pct":3.1698113207547172,"asian_non_hispanic_pct":22.188679245283019,"hispanic_or_latino_pct":41.39622641509434,"median_household_income":103056}},{"type":"Feature","geometry":{"type":"Point","coordinates":[-117.661503,33.491419]},"properties":{"station_id":93,"tract_geoid":"06059042203","state_fips":"06","state_name":"California","county_fips":"059","tract_code":"042203","site_name":"Forster Canyon Landfill","industry":"Landfill","matrix":"Groundwater","sample_year":2019,"longitude":-117.661503,"latitude":33.491419,"pfoa":5,"pfos":9,"total_pfas":68,"reported_pfas_level":68,"total_population":9842,"people_of_color":2917,"people_of_color_pct":29.638284901442795,"white_non_hispanic_pct":70.3617150985572,"black_non_hispanic_pct":0.86364560048770578,"asian_non_hispanic_pct":4.4604755131070917,"hispanic_or_latino_pct":17.598049176996547,"median_household_income":137607}},{"type":"Feature","geometry":{"type":"Point","coordinates":[-118.117597,34.744257]},"properties":{"station_id":94,"tract_geoid":"06037901300","state_fips":"06","state_name":"California","county_fips":"037","tract_code":"901300","site_name":"Lancaster Class III Landfill \u0026 Recycling Center","industry":"Landfill","matrix":"Groundwater","sample_year":2019,"longitude":-118.117597,"latitude":34.744257,"pfoa":7,"pfos":15,"total_pfas":69,"reported_pfas_level":69,"total_population":1840,"people_of_color":1275,"people_of_color_pct":69.293478260869563,"white_non_hispanic_pct":30.706521739130434,"black_non_hispanic_pct":1.9021739130434783,"asian_non_hispanic_pct":0,"hispanic_or_latino_pct":64.8913043478261,"median_household_income":65398}},{"type":"Feature","geometry":{"type":"Point","coordinates":[-118.64655,34.426092]},"properties":{"station_id":95,"tract_geoid":"06037920106","state_fips":"06","state_name":"California","county_fips":"037","tract_code":"920106","site_name":"Chiquita Canyon Landfill","industry":"Landfill","matrix":"Groundwater","sample_year":2019,"longitude":-118.64655,"latitude":34.426092,"pfoa":1,"pfos":null,"total_pfas":70,"reported_pfas_level":70,"total_population":3716,"people_of_color":2780,"people_of_color_pct":74.811625403659846,"white_non_hispanic_pct":25.18837459634015,"black_non_hispanic_pct":4.1442411194833157,"asian_non_hispanic_pct":3.6867599569429492,"hispanic_or_latino_pct":62.782561894510224,"median_household_income":137813}},{"type":"Feature","geometry":{"type":"Point","coordinates":[-118.139018,34.994104]},"properties":{"station_id":96,"tract_geoid":"06029006500","state_fips":"06","state_name":"California","county_fips":"029","tract_code":"006500","site_name":"Mojave/Rosamond Landfill","industry":"Landfill","matrix":"Groundwater","sample_year":2019,"longitude":-118.139018,"latitude":34.994104,"pfoa":1,"pfos":null,"total_pfas":76,"reported_pfas_level":76,"total_population":3728,"people_of_color":2279,"people_of_color_pct":61.131974248927037,"white_non_hispanic_pct":38.868025751072963,"black_non_hispanic_pct":13.358369098712446,"asian_non_hispanic_pct":3.1652360515021458,"hispanic_or_latino_pct":32.778969957081543,"median_household_income":48833}},{"type":"Feature","geometry":{"type":"Point","coordinates":[-118.14984,34.56731]},"properties":{"station_id":97,"tract_geoid":"06037910401","state_fips":"06","state_name":"California","county_fips":"037","tract_code":"910401","site_name":"Antelope Valley Public Landfill","industry":"Landfill","matrix":"Groundwater","sample_year":2019,"longitude":-118.14984,"latitude":34.56731,"pfoa":8,"pfos":5,"total_pfas":77,"reported_pfas_level":77,"total_population":5742,"people_of_color":4413,"people_of_color_pct":76.854754440961344,"white_non_hispanic_pct":23.145245559038663,"black_non_hispanic_pct":8.65552072448624,"asian_non_hispanic_pct":5.5381400208986413,"hispanic_or_latino_pct":55.990943921978406,"median_household_income":87580}},{"type":"Feature","geometry":{"type":"Point","coordinates":[-116.369275,34.237283]},"properties":{"station_id":98,"tract_geoid":"06071010435","state_fips":"06","state_name":"California","county_fips":"071","tract_code":"010435","site_name":"Landers Class III Waste Management Facility","industry":"Landfill","matrix":"Groundwater","sample_year":2019,"longitude":-116.369275,"latitude":34.237283,"pfoa":16,"pfos":4,"total_pfas":82,"reported_pfas_level":82,"total_population":1912,"people_of_color":616,"people_of_color_pct":32.21757322175732,"white_non_hispanic_pct":67.78242677824268,"black_non_hispanic_pct":3.2426778242677825,"asian_non_hispanic_pct":0,"hispanic_or_latino_pct":19.14225941422594,"median_household_income":45313}},{"type":"Feature","geometry":{"type":"Point","coordinates":[-118.928475,35.428546]},"properties":{"station_id":99,"tract_geoid":"06029000914","state_fips":"06","state_name":"California","county_fips":"029","tract_code":"000914","site_name":"China Grade Sanitary Landfill","industry":"Landfill","matrix":"Groundwater","sample_year":2019,"longitude":-118.928475,"latitude":35.428546,"pfoa":null,"pfos":null,"total_pfas":87,"reported_pfas_level":87,"total_population":4613,"people_of_color":3056,"people_of_color_pct":66.24756123997399,"white_non_hispanic_pct":33.752438760026017,"black_non_hispanic_pct":0.21677866897897247,"asian_non_hispanic_pct":10.296986776501193,"hispanic_or_latino_pct":36.15868198569261,"median_household_income":99116}},{"type":"Feature","geometry":{"type":"Point","coordinates":[-118.106204,35.990674]},"properties":{"station_id":100,"tract_geoid":"06107002701","state_fips":"06","state_name":"California","county_fips":"107","tract_code":"002701","site_name":"Kennedy Meadows Solid Waste Disposal Service","industry":"Landfill","matrix":"Groundwater","sample_year":2019,"longitude":-118.106204,"latitude":35.990674,"pfoa":null,"pfos":null,"total_pfas":98,"reported_pfas_level":98,"total_population":1354,"people_of_color":358,"people_of_color_pct":26.440177252584935,"white_non_hispanic_pct":73.559822747415069,"black_non_hispanic_pct":0.22156573116691286,"asian_non_hispanic_pct":0,"hispanic_or_latino_pct":20.16248153618907,"median_household_income":57202}},{"type":"Feature","geometry":{"type":"Point","coordinates":[-121.839468,37.665387]},"properties":{"station_id":101,"tract_geoid":"06001450742","state_fips":"06","state_name":"California","county_fips":"001","tract_code":"450742","site_name":"Old Pleasanton Landfill","industry":"Landfill","matrix":"Groundwater","sample_year":2019,"longitude":-121.839468,"latitude":37.665387,"pfoa":37,"pfos":12,"total_pfas":101,"reported_pfas_level":101,"total_population":5241,"people_of_color":2725,"people_of_color_pct":51.993894294981871,"white_non_hispanic_pct":48.006105705018129,"black_non_hispanic_pct":0.76321312726578894,"asian_non_hispanic_pct":37.321121923297078,"hispanic_or_latino_pct":8.662468994466705,"median_household_income":153900}},{"type":"Feature","geometry":{"type":"Point","coordinates":[-117.210039,32.76185]},"properties":{"station_id":102,"tract_geoid":"06073007601","state_fips":"06","state_name":"California","county_fips":"073","tract_code":"007601","site_name":"Mission Bay Landfill","industry":"Landfill","matrix":"Groundwater","sample_year":2019,"longitude":-117.210039,"latitude":32.76185,"pfoa":11,"pfos":44,"total_pfas":107,"reported_pfas_level":107,"total_population":1756,"people_of_color":220,"people_of_color_pct":12.528473804100228,"white_non_hispanic_pct":87.47152619589977,"black_non_hispanic_pct":0.62642369020501143,"asian_non_hispanic_pct":0.39863325740318906,"hispanic_or_latino_pct":4.214123006833713,"median_household_income":114034}},{"type":"Feature","geometry":{"type":"Point","coordinates":[-118.237494,34.08258]},"properties":{"station_id":103,"tract_geoid":"06037980010","state_fips":"06","state_name":"California","county_fips":"037","tract_code":"980010","site_name":"Bishop\u0027S Canyon Landfill","industry":"Landfill","matrix":"Groundwater","sample_year":2019,"longitude":-118.237494,"latitude":34.08258,"pfoa":3,"pfos":null,"total_pfas":115,"reported_pfas_level":115,"total_population":182,"people_of_color":177,"people_of_color_pct":97.252747252747255,"white_non_hispanic_pct":2.7472527472527473,"black_non_hispanic_pct":0,"asian_non_hispanic_pct":51.0989010989011,"hispanic_or_latino_pct":43.406593406593409,"median_household_income":null}},{"type":"Feature","geometry":{"type":"Point","coordinates":[-117.028062,32.691688]},"properties":{"station_id":104,"tract_geoid":"06073003213","state_fips":"06","state_name":"California","county_fips":"073","tract_code":"003213","site_name":"Hillsborough Landfill","industry":"Landfill","matrix":"Groundwater","sample_year":2019,"longitude":-117.028062,"latitude":32.691688,"pfoa":8,"pfos":10,"total_pfas":125,"reported_pfas_level":125,"total_population":3984,"people_of_color":3660,"people_of_color_pct":91.867469879518069,"white_non_hispanic_pct":8.1325301204819276,"black_non_hispanic_pct":22.941767068273091,"asian_non_hispanic_pct":47.464859437751,"hispanic_or_latino_pct":18.75,"median_household_income":137870}},{"type":"Feature","geometry":{"type":"Point","coordinates":[-118.37947,34.221643]},"properties":{"station_id":105,"tract_geoid":"06037121900","state_fips":"06","state_name":"California","county_fips":"037","tract_code":"121900","site_name":"Penrose Landfill","industry":"Landfill","matrix":"Groundwater","sample_year":2019,"longitude":-118.37947,"latitude":34.221643,"pfoa":5,"pfos":17,"total_pfas":125,"reported_pfas_level":125,"total_population":2797,"people_of_color":2520,"people_of_color_pct":90.0965319985699,"white_non_hispanic_pct":9.9034680014301042,"black_non_hispanic_pct":1.1798355380765106,"asian_non_hispanic_pct":5.6846621380050051,"hispanic_or_latino_pct":83.232034322488374,"median_household_income":56115}},{"type":"Feature","geometry":{"type":"Point","coordinates":[-116.508965,33.832098]},"properties":{"station_id":106,"tract_geoid":"06065941200","state_fips":"06","state_name":"California","county_fips":"065","tract_code":"941200","site_name":"Palm Spring International Airport","industry":"Airport","matrix":"Groundwater","sample_year":2020,"longitude":-116.508965,"latitude":33.832098,"pfoa":593,"pfos":null,"total_pfas":26679,"reported_pfas_level":26679,"total_population":2967,"people_of_color":823,"people_of_color_pct":27.738456353218741,"white_non_hispanic_pct":72.261543646781263,"black_non_hispanic_pct":2.9322548028311424,"asian_non_hispanic_pct":5.5948769801145941,"hispanic_or_latino_pct":12.874957869902259,"median_household_income":97250}},{"type":"Feature","geometry":{"type":"Point","coordinates":[-121.3958,38.520281]},"properties":{"station_id":107,"tract_geoid":"06067009201","state_fips":"06","state_name":"California","county_fips":"067","tract_code":"009201","site_name":"SACRAMENTO ARMY DEPOT","industry":"Military","matrix":"Groundwater","sample_year":2023,"longitude":-121.3958,"latitude":38.520281,"pfoa":150,"pfos":240,"total_pfas":497,"reported_pfas_level":497,"total_population":6824,"people_of_color":5207,"people_of_color_pct":76.3042203985932,"white_non_hispanic_pct":23.695779601406798,"black_non_hispanic_pct":10.565650644783119,"asian_non_hispanic_pct":32.942555685814774,"hispanic_or_latino_pct":25.087924970691677,"median_household_income":96382}},{"type":"Feature","geometry":{"type":"Point","coordinates":[-122.0533,37.3975]},"properties":{"station_id":108,"tract_geoid":"06085509108","state_fips":"06","state_name":"California","county_fips":"085","tract_code":"509108","site_name":"RAYTHEON CORP.","industry":"Industry","matrix":"Groundwater","sample_year":2023,"longitude":-122.0533,"latitude":37.3975,"pfoa":20,"pfos":40000,"total_pfas":40000,"reported_pfas_level":40000,"total_population":4617,"people_of_color":3594,"people_of_color_pct":77.8427550357375,"white_non_hispanic_pct":22.157244964262507,"black_non_hispanic_pct":6.302794022092268,"asian_non_hispanic_pct":39.527831925492741,"hispanic_or_latino_pct":22.980290231752221,"median_household_income":219063}},{"type":"Feature","geometry":{"type":"Point","coordinates":[-122.038557,37.406954]},"properties":{"station_id":109,"tract_geoid":"06085504700","state_fips":"06","state_name":"California","county_fips":"085","tract_code":"504700","site_name":"Moffett Field Air National Guard Base","industry":"Military","matrix":"Soil","sample_year":2023,"longitude":-122.038557,"latitude":37.406954,"pfoa":120000,"pfos":1900000,"total_pfas":null,"reported_pfas_level":2020000,"total_population":845,"people_of_color":479,"people_of_color_pct":56.68639053254438,"white_non_hispanic_pct":43.31360946745562,"black_non_hispanic_pct":3.5502958579881656,"asian_non_hispanic_pct":6.9822485207100593,"hispanic_or_latino_pct":20.473372781065088,"median_household_income":194917}},{"type":"Feature","geometry":{"type":"Point","coordinates":[-121.463705,38.585487]},"properties":{"station_id":110,"tract_geoid":"06067005301","state_fips":"06","state_name":"California","county_fips":"067","tract_code":"005301","site_name":"28th Street Landfill","industry":"Landfill","matrix":"Groundwater","sample_year":2019,"longitude":-121.463705,"latitude":38.585487,"pfoa":24,"pfos":40,"total_pfas":127,"reported_pfas_level":127,"total_population":2332,"people_of_color":1211,"people_of_color_pct":51.929674099485418,"white_non_hispanic_pct":48.070325900514582,"black_non_hispanic_pct":12.9073756432247,"asian_non_hispanic_pct":9.5197255574614061,"hispanic_or_latino_pct":16.938250428816467,"median_household_income":94861}},{"type":"Feature","geometry":{"type":"Point","coordinates":[-123.351196,39.402906]},"properties":{"station_id":111,"tract_geoid":"06045010700","state_fips":"06","state_name":"California","county_fips":"045","tract_code":"010700","site_name":"Abex Corporation - Remco Hydraulics","industry":"Industry","matrix":"Groundwater","sample_year":2019,"longitude":-123.351196,"latitude":39.402906,"pfoa":38,"pfos":null,"total_pfas":127,"reported_pfas_level":127,"total_population":6775,"people_of_color":2944,"people_of_color_pct":43.453874538745389,"white_non_hispanic_pct":56.546125461254611,"black_non_hispanic_pct":0.30996309963099633,"asian_non_hispanic_pct":3.3653136531365315,"hispanic_or_latino_pct":29.047970479704798,"median_household_income":70781}},{"type":"Feature","geometry":{"type":"Point","coordinates":[-117.04497,32.59369]},"properties":{"station_id":112,"tract_geoid":"06073013308","state_fips":"06","state_name":"California","county_fips":"073","tract_code":"013308","site_name":"Former Omar Rendering Landfill","industry":"Landfill","matrix":"Groundwater","sample_year":2019,"longitude":-117.04497,"latitude":32.59369,"pfoa":2,"pfos":18,"total_pfas":128,"reported_pfas_level":128,"total_population":3901,"people_of_color":3721,"people_of_color_pct":95.385798513201749,"white_non_hispanic_pct":4.6142014867982573,"black_non_hispanic_pct":3.4093822096898232,"asian_non_hispanic_pct":7.7416047167392978,"hispanic_or_latino_pct":83.747756985388364,"median_household_income":101979}},{"type":"Feature","geometry":{"type":"Point","coordinates":[-119.21847,34.199921]},"properties":{"station_id":113,"tract_geoid":"06111002905","state_fips":"06","state_name":"California","county_fips":"111","tract_code":"002905","site_name":"Oxnard Airport","industry":"Airport","matrix":"Groundwater","sample_year":2020,"longitude":-119.21847,"latitude":34.199921,"pfoa":500,"pfos":20,"total_pfas":37062,"reported_pfas_level":37062,"total_population":5193,"people_of_color":4306,"people_of_color_pct":82.919314461775471,"white_non_hispanic_pct":17.080685538224532,"black_non_hispanic_pct":1.405738494126709,"asian_non_hispanic_pct":9.1854419410745241,"hispanic_or_latino_pct":68.4575389948007,"median_household_income":132823}},{"type":"Feature","geometry":{"type":"Point","coordinates":[-119.208355,34.231674]},"properties":{"station_id":114,"tract_geoid":"06111002901","state_fips":"06","state_name":"California","county_fips":"111","tract_code":"002901","site_name":"Coastal/Santa Clara Landfill","industry":"Landfill","matrix":"Groundwater","sample_year":2019,"longitude":-119.208355,"latitude":34.231674,"pfoa":21,"pfos":25,"total_pfas":132,"reported_pfas_level":132,"total_population":5680,"people_of_color":4223,"people_of_color_pct":74.348591549295776,"white_non_hispanic_pct":25.651408450704224,"black_non_hispanic_pct":1.619718309859155,"asian_non_hispanic_pct":9.683098591549296,"hispanic_or_latino_pct":56.49647887323944,"median_household_income":134861}},{"type":"Feature","geometry":{"type":"Point","coordinates":[-122.810678,38.508193]},"properties":{"station_id":115,"tract_geoid":"06097152702","state_fips":"06","state_name":"California","county_fips":"097","tract_code":"152702","site_name":"Sonoma County Airport","industry":"Airport","matrix":"Groundwater","sample_year":2020,"longitude":-122.810678,"latitude":38.508193,"pfoa":370,"pfos":400,"total_pfas":38720,"reported_pfas_level":38720,"total_population":4842,"people_of_color":1853,"people_of_color_pct":38.2693102023957,"white_non_hispanic_pct":61.7306897976043,"black_non_hispanic_pct":1.4663362247005369,"asian_non_hispanic_pct":5.2044609665427508,"hispanic_or_latino_pct":22.593969434118133,"median_household_income":113772}},{"type":"Feature","geometry":{"type":"Point","coordinates":[-116.63958,32.82897]},"properties":{"station_id":116,"tract_geoid":"06073021202","state_fips":"06","state_name":"California","county_fips":"073","tract_code":"021202","site_name":"Viejas Sanitary Landfill","industry":"Landfill","matrix":"Groundwater","sample_year":2019,"longitude":-116.63958,"latitude":32.82897,"pfoa":52,"pfos":2,"total_pfas":137,"reported_pfas_level":137,"total_population":3238,"people_of_color":937,"people_of_color_pct":28.937615812229772,"white_non_hispanic_pct":71.062384187770235,"black_non_hispanic_pct":0.80296479308214952,"asian_non_hispanic_pct":0.27794935145151328,"hispanic_or_latino_pct":18.68437306979617,"median_household_income":91597}},{"type":"Feature","geometry":{"type":"Point","coordinates":[-117.098841,32.655946]},"properties":{"station_id":117,"tract_geoid":"06073011602","state_fips":"06","state_name":"California","county_fips":"073","tract_code":"011602","site_name":"Duck Pond Landfill","industry":"Landfill","matrix":"Groundwater","sample_year":2019,"longitude":-117.098841,"latitude":32.655946,"pfoa":22,"pfos":35,"total_pfas":139,"reported_pfas_level":139,"total_population":3811,"people_of_color":3247,"people_of_color_pct":85.200734715297827,"white_non_hispanic_pct":14.799265284702178,"black_non_hispanic_pct":6.1926003673576488,"asian_non_hispanic_pct":8.0031487798478089,"hispanic_or_latino_pct":70.060351613749674,"median_household_income":61854}},{"type":"Feature","geometry":{"type":"Point","coordinates":[-117.363338,33.200205]},"properties":{"station_id":118,"tract_geoid":"06073018509","state_fips":"06","state_name":"California","county_fips":"073","tract_code":"018509","site_name":"Maxson Street Landfill","industry":"Landfill","matrix":"Groundwater","sample_year":2019,"longitude":-117.363338,"latitude":33.200205,"pfoa":22,"pfos":44,"total_pfas":143,"reported_pfas_level":143,"total_population":5559,"people_of_color":4597,"people_of_color_pct":82.69472926785393,"white_non_hispanic_pct":17.30527073214607,"black_non_hispanic_pct":10.199676200755531,"asian_non_hispanic_pct":6.1701744918150743,"hispanic_or_latino_pct":58.643640942615576,"median_household_income":71371}},{"type":"Feature","geometry":{"type":"Point","coordinates":[-121.38439,38.525418]},"properties":{"station_id":119,"tract_geoid":"06067005205","state_fips":"06","state_name":"California","county_fips":"067","tract_code":"005205","site_name":"L And D Landfill Company","industry":"Landfill","matrix":"Groundwater","sample_year":2019,"longitude":-121.38439,"latitude":38.525418,"pfoa":3,"pfos":16,"total_pfas":144,"reported_pfas_level":144,"total_population":3716,"people_of_color":2317,"people_of_color_pct":62.35199138858988,"white_non_hispanic_pct":37.64800861141012,"black_non_hispanic_pct":23.681377825618945,"asian_non_hispanic_pct":4.9784714747039827,"hispanic_or_latino_pct":27.691065662002153,"median_household_income":56645}},{"type":"Feature","geometry":{"type":"Point","coordinates":[-121.949059,37.438862]},"properties":{"station_id":120,"tract_geoid":"06085504602","state_fips":"06","state_name":"California","county_fips":"085","tract_code":"504602","site_name":"Zanker Road Class III Landfill","industry":"Landfill","matrix":"Groundwater","sample_year":2019,"longitude":-121.949059,"latitude":37.438862,"pfoa":19,"pfos":null,"total_pfas":148,"reported_pfas_level":148,"total_population":1542,"people_of_color":1261,"people_of_color_pct":81.7769130998703,"white_non_hispanic_pct":18.2230869001297,"black_non_hispanic_pct":2.1400778210116731,"asian_non_hispanic_pct":18.547341115434502,"hispanic_or_latino_pct":58.365758754863812,"median_household_income":121953}},{"type":"Feature","geometry":{"type":"Point","coordinates":[-117.01935,32.96565]},"properties":{"station_id":121,"tract_geoid":"06073017010","state_fips":"06","state_name":"California","county_fips":"073","tract_code":"017010","site_name":"Poway Landfill","industry":"Landfill","matrix":"Groundwater","sample_year":2019,"longitude":-117.01935,"latitude":32.96565,"pfoa":20,"pfos":13,"total_pfas":155,"reported_pfas_level":155,"total_population":3113,"people_of_color":920,"people_of_color_pct":29.553485383874076,"white_non_hispanic_pct":70.446514616125924,"black_non_hispanic_pct":0.32123353678123995,"asian_non_hispanic_pct":7.3562479922903954,"hispanic_or_latino_pct":11.146803726309027,"median_household_income":214398}},{"type":"Feature","geometry":{"type":"Point","coordinates":[-120.482468,34.629406]},"properties":{"station_id":122,"tract_geoid":"06083003102","state_fips":"06","state_name":"California","county_fips":"083","tract_code":"003102","site_name":"Lompoc Solid Waste Disp Site","industry":"Landfill","matrix":"Groundwater","sample_year":2019,"longitude":-120.482468,"latitude":34.629406,"pfoa":39,"pfos":null,"total_pfas":159,"reported_pfas_level":159,"total_population":3019,"people_of_color":1598,"people_of_color_pct":52.931434249751575,"white_non_hispanic_pct":47.068565750248425,"black_non_hispanic_pct":0.92745942365021528,"asian_non_hispanic_pct":0.92745942365021528,"hispanic_or_latino_pct":47.929778072209338,"median_household_income":109107}},{"type":"Feature","geometry":{"type":"Point","coordinates":[-120.447449,39.825179]},"properties":{"station_id":123,"tract_geoid":"06063000300","state_fips":"06","state_name":"California","county_fips":"063","tract_code":"000300","site_name":"Portola Class III Landfill","industry":"Landfill","matrix":"Groundwater","sample_year":2019,"longitude":-120.447449,"latitude":39.825179,"pfoa":66,"pfos":null,"total_pfas":159,"reported_pfas_level":159,"total_population":5439,"people_of_color":1621,"people_of_color_pct":29.803272660415516,"white_non_hispanic_pct":70.196727339584484,"black_non_hispanic_pct":0,"asian_non_hispanic_pct":2.5188453759882332,"hispanic_or_latino_pct":18.974076116933261,"median_household_income":54420}},{"type":"Feature","geometry":{"type":"Point","coordinates":[-119.107254,36.016506]},"properties":{"station_id":124,"tract_geoid":"06107003401","state_fips":"06","state_name":"California","county_fips":"107","tract_code":"003401","site_name":"Teapot Dome Solid Waste Disposal Service","industry":"Landfill","matrix":"Groundwater","sample_year":2019,"longitude":-119.107254,"latitude":36.016506,"pfoa":39,"pfos":31,"total_pfas":162,"reported_pfas_level":162,"total_population":4830,"people_of_color":3768,"people_of_color_pct":78.012422360248451,"white_non_hispanic_pct":21.987577639751553,"black_non_hispanic_pct":0.80745341614906829,"asian_non_hispanic_pct":6.1904761904761907,"hispanic_or_latino_pct":69.896480331262936,"median_household_income":51616}},{"type":"Feature","geometry":{"type":"Point","coordinates":[-118.088878,34.631927]},"properties":{"station_id":125,"tract_geoid":"06037980004","state_fips":"06","state_name":"California","county_fips":"037","tract_code":"980004","site_name":"Air Force Plant 42","industry":"Military","matrix":"Groundwater","sample_year":2019,"longitude":-118.088878,"latitude":34.631927,"pfoa":10,"pfos":8,"total_pfas":165,"reported_pfas_level":165,"total_population":0,"people_of_color":0,"people_of_color_pct":null,"white_non_hispanic_pct":null,"black_non_hispanic_pct":null,"asian_non_hispanic_pct":null,"hispanic_or_latino_pct":null,"median_household_income":null}},{"type":"Feature","geometry":{"type":"Point","coordinates":[-120.631944,35.524221]},"properties":{"station_id":126,"tract_geoid":"06079013100","state_fips":"06","state_name":"California","county_fips":"079","tract_code":"013100","site_name":"Chicago Grade Landfill Solid Waste Disposal Service","industry":"Landfill","matrix":"Groundwater","sample_year":2019,"longitude":-120.631944,"latitude":35.524221,"pfoa":14,"pfos":null,"total_pfas":167,"reported_pfas_level":167,"total_population":6475,"people_of_color":1259,"people_of_color_pct":19.444015444015445,"white_non_hispanic_pct":80.555984555984551,"black_non_hispanic_pct":0.12355212355212356,"asian_non_hispanic_pct":0.277992277992278,"hispanic_or_latino_pct":13.714285714285714,"median_household_income":109631}},{"type":"Feature","geometry":{"type":"Point","coordinates":[-121.022516,40.315434]},"properties":{"station_id":127,"tract_geoid":"06035040200","state_fips":"06","state_name":"California","county_fips":"035","tract_code":"040200","site_name":"Westwood Class III Landfill","industry":"Landfill","matrix":"Groundwater","sample_year":2019,"longitude":-121.022516,"latitude":40.315434,"pfoa":63,"pfos":null,"total_pfas":173,"reported_pfas_level":173,"total_population":2481,"people_of_color":672,"people_of_color_pct":27.085852478839179,"white_non_hispanic_pct":72.914147521160828,"black_non_hispanic_pct":0,"asian_non_hispanic_pct":0,"hispanic_or_latino_pct":13.865376864167674,"median_household_income":65795}},{"type":"Feature","geometry":{"type":"Point","coordinates":[-118.378646,34.240762]},"properties":{"station_id":128,"tract_geoid":"06037121102","state_fips":"06","state_name":"California","county_fips":"037","tract_code":"121102","site_name":"Bradley Landfill \u0026 Recycling","industry":"Landfill","matrix":"Groundwater","sample_year":2019,"longitude":-118.378646,"latitude":34.240762,"pfoa":12,"pfos":8,"total_pfas":189,"reported_pfas_level":189,"total_population":2436,"people_of_color":1586,"people_of_color_pct":65.106732348111663,"white_non_hispanic_pct":34.893267651888344,"black_non_hispanic_pct":2.5862068965517242,"asian_non_hispanic_pct":2.0114942528735633,"hispanic_or_latino_pct":52.422003284072247,"median_household_income":79743}},{"type":"Feature","geometry":{"type":"Point","coordinates":[-117.142382,32.723013]},"properties":{"station_id":129,"tract_geoid":"06073005602","state_fips":"06","state_name":"California","county_fips":"073","tract_code":"005602","site_name":"Balboa Park Landfill","industry":"Landfill","matrix":"Groundwater","sample_year":2019,"longitude":-117.142382,"latitude":32.723013,"pfoa":23,"pfos":15,"total_pfas":191,"reported_pfas_level":191,"total_population":2096,"people_of_color":972,"people_of_color_pct":46.374045801526719,"white_non_hispanic_pct":53.625954198473281,"black_non_hispanic_pct":2.0992366412213741,"asian_non_hispanic_pct":12.022900763358779,"hispanic_or_latino_pct":28.148854961832061,"median_household_income":104896}},{"type":"Feature","geometry":{"type":"Point","coordinates":[-117.049974,32.68544]},"properties":{"station_id":130,"tract_geoid":"06073003201","state_fips":"06","state_name":"California","county_fips":"073","tract_code":"003201","site_name":"Paradise Hills Park Landfill","industry":"Landfill","matrix":"Groundwater","sample_year":2019,"longitude":-117.049974,"latitude":32.68544,"pfoa":16,"pfos":53,"total_pfas":195,"reported_pfas_level":195,"total_population":5335,"people_of_color":4758,"people_of_color_pct":89.18462980318651,"white_non_hispanic_pct":10.815370196813495,"black_non_hispanic_pct":14.864104967197751,"asian_non_hispanic_pct":25.866916588566074,"hispanic_or_latino_pct":30.665417057169634,"median_household_income":83169}},{"type":"Feature","geometry":{"type":"Point","coordinates":[-116.983113,32.81877]},"properties":{"station_id":131,"tract_geoid":"06073016201","state_fips":"06","state_name":"California","county_fips":"073","tract_code":"016201","site_name":"Gillespie Landfill","industry":"Landfill","matrix":"Groundwater","sample_year":2019,"longitude":-116.983113,"latitude":32.81877,"pfoa":15,"pfos":7,"total_pfas":224,"reported_pfas_level":224,"total_population":5537,"people_of_color":1042,"people_of_color_pct":18.818854975618567,"white_non_hispanic_pct":81.181145024381436,"black_non_hispanic_pct":2.3117211486364457,"asian_non_hispanic_pct":0.74047318042261157,"hispanic_or_latino_pct":9.3191258804406711,"median_household_income":130852}},{"type":"Feature","geometry":{"type":"Point","coordinates":[-117.059209,32.736896]},"properties":{"station_id":132,"tract_geoid":"06073002712","state_fips":"06","state_name":"California","county_fips":"073","tract_code":"002712","site_name":"South Chollas Landfill","industry":"Landfill","matrix":"Groundwater","sample_year":2019,"longitude":-117.059209,"latitude":32.736896,"pfoa":18,"pfos":null,"total_pfas":243,"reported_pfas_level":243,"total_population":5309,"people_of_color":4809,"people_of_color_pct":90.582030514221131,"white_non_hispanic_pct":9.4179694857788654,"black_non_hispanic_pct":19.984931248822754,"asian_non_hispanic_pct":17.253720097946882,"hispanic_or_latino_pct":51.742324354869091,"median_household_income":52688}},{"type":"Feature","geometry":{"type":"Point","coordinates":[-118.024533,34.024491]},"properties":{"station_id":133,"tract_geoid":"06037408402","state_fips":"06","state_name":"California","county_fips":"037","tract_code":"408402","site_name":"Puente Hills Landfill","industry":"Landfill","matrix":"Groundwater","sample_year":2019,"longitude":-118.024533,"latitude":34.024491,"pfoa":25,"pfos":12,"total_pfas":245,"reported_pfas_level":245,"total_population":6152,"people_of_color":4943,"people_of_color_pct":80.3478543563069,"white_non_hispanic_pct":19.652145643693107,"black_non_hispanic_pct":0.6664499349804941,"asian_non_hispanic_pct":20.887516254876463,"hispanic_or_latino_pct":58.224967490247074,"median_household_income":109828}},{"type":"Feature","geometry":{"type":"Point","coordinates":[-122.608031,38.228914]},"properties":{"station_id":134,"tract_geoid":"06097150612","state_fips":"06","state_name":"California","county_fips":"097","tract_code":"150612","site_name":"Petaluma Landfill - Casa Grande","industry":"Landfill","matrix":"Groundwater","sample_year":2019,"longitude":-122.608031,"latitude":38.228914,"pfoa":260,"pfos":17,"total_pfas":0,"reported_pfas_level":260,"total_population":4729,"people_of_color":1671,"people_of_color_pct":35.335165997039546,"white_non_hispanic_pct":64.664834002960461,"black_non_hispanic_pct":2.8335800380630154,"asian_non_hispanic_pct":4.5041234933389722,"hispanic_or_latino_pct":21.421019242968914,"median_household_income":135240}},{"type":"Feature","geometry":{"type":"Point","coordinates":[-122.285496,39.634602]},"properties":{"station_id":135,"tract_geoid":"06021010300","state_fips":"06","state_name":"California","county_fips":"021","tract_code":"010300","site_name":"Glenn County Class III Landfill","industry":"Landfill","matrix":"Groundwater","sample_year":2019,"longitude":-122.285496,"latitude":39.634602,"pfoa":120,"pfos":null,"total_pfas":267,"reported_pfas_level":267,"total_population":2196,"people_of_color":789,"people_of_color_pct":35.928961748633881,"white_non_hispanic_pct":64.071038251366119,"black_non_hispanic_pct":0.36429872495446264,"asian_non_hispanic_pct":0.68306010928961747,"hispanic_or_latino_pct":28.415300546448087,"median_household_income":78558}},{"type":"Feature","geometry":{"type":"Point","coordinates":[-121.649108,38.174659]},"properties":{"station_id":136,"tract_geoid":"06067009900","state_fips":"06","state_name":"California","county_fips":"067","tract_code":"009900","site_name":"Grand Island Class III Landfil","industry":"Landfill","matrix":"Groundwater","sample_year":2019,"longitude":-121.649108,"latitude":38.174659,"pfoa":66,"pfos":13,"total_pfas":280,"reported_pfas_level":280,"total_population":3808,"people_of_color":2416,"people_of_color_pct":63.445378151260506,"white_non_hispanic_pct":36.554621848739494,"black_non_hispanic_pct":0,"asian_non_hispanic_pct":4.28046218487395,"hispanic_or_latino_pct":56.27626050420168,"median_household_income":76034}},{"type":"Feature","geometry":{"type":"Point","coordinates":[-117.113586,34.500311]},"properties":{"station_id":137,"tract_geoid":"06071012105","state_fips":"06","state_name":"California","county_fips":"071","tract_code":"012105","site_name":"Apple Valley Municipal Landfill","industry":"Landfill","matrix":"Groundwater","sample_year":2019,"longitude":-117.113586,"latitude":34.500311,"pfoa":190,"pfos":8,"total_pfas":282,"reported_pfas_level":282,"total_population":2760,"people_of_color":1194,"people_of_color_pct":43.260869565217391,"white_non_hispanic_pct":56.739130434782609,"black_non_hispanic_pct":2.7536231884057969,"asian_non_hispanic_pct":3.3695652173913042,"hispanic_or_latino_pct":33.6231884057971,"median_household_income":74453}},{"type":"Feature","geometry":{"type":"Point","coordinates":[-119.225349,34.229403]},"properties":{"station_id":138,"tract_geoid":"06111002905","state_fips":"06","state_name":"California","county_fips":"111","tract_code":"002905","site_name":"Bailard Landfill","industry":"Landfill","matrix":"Groundwater","sample_year":2019,"longitude":-119.225349,"latitude":34.229403,"pfoa":25,"pfos":10,"total_pfas":288,"reported_pfas_level":288,"total_population":5193,"people_of_color":4306,"people_of_color_pct":82.919314461775471,"white_non_hispanic_pct":17.080685538224532,"black_non_hispanic_pct":1.405738494126709,"asian_non_hispanic_pct":9.1854419410745241,"hispanic_or_latino_pct":68.4575389948007,"median_household_income":132823}},{"type":"Feature","geometry":{"type":"Point","coordinates":[-118.51972,34.334468]},"properties":{"station_id":139,"tract_geoid":"06037920326","state_fips":"06","state_name":"California","county_fips":"037","tract_code":"920326","site_name":"Sunshine Canyon Landfill","industry":"Landfill","matrix":"Groundwater","sample_year":2019,"longitude":-118.51972,"latitude":34.334468,"pfoa":21,"pfos":9,"total_pfas":314,"reported_pfas_level":314,"total_population":6971,"people_of_color":4014,"people_of_color_pct":57.581408693157364,"white_non_hispanic_pct":42.418591306842636,"black_non_hispanic_pct":4.7338975756706354,"asian_non_hispanic_pct":23.167407832448717,"hispanic_or_latino_pct":23.210443264954812,"median_household_income":133417}},{"type":"Feature","geometry":{"type":"Point","coordinates":[-121.1376,40.325303]},"properties":{"station_id":140,"tract_geoid":"06063000502","state_fips":"06","state_name":"California","county_fips":"063","tract_code":"000502","site_name":"Chester Class III Landfill","industry":"Landfill","matrix":"Groundwater","sample_year":2019,"longitude":-121.1376,"latitude":40.325303,"pfoa":130,"pfos":12,"total_pfas":347,"reported_pfas_level":347,"total_population":2034,"people_of_color":290,"people_of_color_pct":14.257620452310718,"white_non_hispanic_pct":85.742379547689282,"black_non_hispanic_pct":0,"asian_non_hispanic_pct":0.14749262536873156,"hispanic_or_latino_pct":6.9813176007866273,"median_household_income":95045}},{"type":"Feature","geometry":{"type":"Point","coordinates":[-120.380556,34.949167]},"properties":{"station_id":141,"tract_geoid":"06083002211","state_fips":"06","state_name":"California","county_fips":"083","tract_code":"002211","site_name":"Santa Maria Regional Waste Management Facility","industry":"Landfill","matrix":"Groundwater","sample_year":2019,"longitude":-120.380556,"latitude":34.949167,"pfoa":10,"pfos":null,"total_pfas":384,"reported_pfas_level":384,"total_population":5894,"people_of_color":3714,"people_of_color_pct":63.013233797081782,"white_non_hispanic_pct":36.986766202918218,"black_non_hispanic_pct":1.6118086189345098,"asian_non_hispanic_pct":4.2925008483203255,"hispanic_or_latino_pct":55.480149304377335,"median_household_income":102589}},{"type":"Feature","geometry":{"type":"Point","coordinates":[-117.157825,32.845575]},"properties":{"station_id":142,"tract_geoid":"06073009400","state_fips":"06","state_name":"California","county_fips":"073","tract_code":"009400","site_name":"South Miramar Landfill","industry":"Landfill","matrix":"Groundwater","sample_year":2019,"longitude":-117.157825,"latitude":32.845575,"pfoa":130,"pfos":79,"total_pfas":429,"reported_pfas_level":429,"total_population":4394,"people_of_color":2553,"people_of_color_pct":58.101957214383248,"white_non_hispanic_pct":41.898042785616752,"black_non_hispanic_pct":16.090122894856624,"asian_non_hispanic_pct":3.2544378698224854,"hispanic_or_latino_pct":31.178880291306328,"median_household_income":89893}},{"type":"Feature","geometry":{"type":"Point","coordinates":[-122.805765,38.509931]},"properties":{"station_id":143,"tract_geoid":"06097152702","state_fips":"06","state_name":"California","county_fips":"097","tract_code":"152702","site_name":"Charles M Schulz - Sonoma County","industry":"Airport","matrix":"Groundwater","sample_year":2020,"longitude":-122.805765,"latitude":38.509931,"pfoa":370,"pfos":null,"total_pfas":38720,"reported_pfas_level":38720,"total_population":4842,"people_of_color":1853,"people_of_color_pct":38.2693102023957,"white_non_hispanic_pct":61.7306897976043,"black_non_hispanic_pct":1.4663362247005369,"asian_non_hispanic_pct":5.2044609665427508,"hispanic_or_latino_pct":22.593969434118133,"median_household_income":113772}},{"type":"Feature","geometry":{"type":"Point","coordinates":[-120.447872,34.899156]},"properties":{"station_id":144,"tract_geoid":"06083002011","state_fips":"06","state_name":"California","county_fips":"083","tract_code":"002011","site_name":"Santa Maria Public Airport","industry":"Airport","matrix":"Groundwater","sample_year":2020,"longitude":-120.447872,"latitude":34.899156,"pfoa":169,"pfos":2920,"total_pfas":39535,"reported_pfas_level":39535,"total_population":6017,"people_of_color":4500,"people_of_color_pct":74.788100382250292,"white_non_hispanic_pct":25.211899617749708,"black_non_hispanic_pct":0.099717467176333716,"asian_non_hispanic_pct":3.0247631710154561,"hispanic_or_latino_pct":68.23998670433771,"median_household_income":103185}},{"type":"Feature","geometry":{"type":"Point","coordinates":[-121.187656,37.875254]},"properties":{"station_id":145,"tract_geoid":"06077005131","state_fips":"06","state_name":"California","county_fips":"077","tract_code":"005131","site_name":"Forward Landfill","industry":"Landfill","matrix":"Groundwater","sample_year":2020,"longitude":-121.187656,"latitude":37.875254,"pfoa":7000,"pfos":440,"total_pfas":55100,"reported_pfas_level":55100,"total_population":6967,"people_of_color":4457,"people_of_color_pct":63.973015645184439,"white_non_hispanic_pct":36.026984354815561,"black_non_hispanic_pct":10.650208124013204,"asian_non_hispanic_pct":9.1861633414669157,"hispanic_or_latino_pct":37.73503660111956,"median_household_income":92500}},{"type":"Feature","geometry":{"type":"Point","coordinates":[-118.151359,33.816791]},"properties":{"station_id":146,"tract_geoid":"06037980018","state_fips":"06","state_name":"California","county_fips":"037","tract_code":"980018","site_name":"Long Beach Airport","industry":"Airport","matrix":"Groundwater","sample_year":2020,"longitude":-118.151359,"latitude":33.816791,"pfoa":7890,"pfos":21600,"total_pfas":174635,"reported_pfas_level":174635,"total_population":0,"people_of_color":0,"people_of_color_pct":null,"white_non_hispanic_pct":null,"black_non_hispanic_pct":null,"asian_non_hispanic_pct":null,"hispanic_or_latino_pct":null,"median_household_income":null}},{"type":"Feature","geometry":{"type":"Point","coordinates":[-117.934732,34.116863]},"properties":{"station_id":147,"tract_geoid":"06037404402","state_fips":"06","state_name":"California","county_fips":"037","tract_code":"404402","site_name":"Brothers Plating","industry":"Industry","matrix":"Soil","sample_year":2020,"longitude":-117.934732,"latitude":34.116863,"pfoa":11000,"pfos":3200000,"total_pfas":3743600,"reported_pfas_level":3743600,"total_population":4673,"people_of_color":4382,"people_of_color_pct":93.772736999786,"white_non_hispanic_pct":6.2272630002139957,"black_non_hispanic_pct":0.64198587631072113,"asian_non_hispanic_pct":9.69398673229189,"hispanic_or_latino_pct":77.55189385833512,"median_household_income":96616}},{"type":"Feature","geometry":{"type":"Point","coordinates":[-119.839884,34.427194]},"properties":{"station_id":148,"tract_geoid":"06083980000","state_fips":"06","state_name":"California","county_fips":"083","tract_code":"980000","site_name":"Santa Barbara Airport","industry":"Airport","matrix":"Groundwater","sample_year":2020,"longitude":-119.839884,"latitude":34.427194,"pfoa":79000,"pfos":383000,"total_pfas":8770829,"reported_pfas_level":8770829,"total_population":0,"people_of_color":0,"people_of_color_pct":null,"white_non_hispanic_pct":null,"black_non_hispanic_pct":null,"asian_non_hispanic_pct":null,"hispanic_or_latino_pct":null,"median_household_income":null}},{"type":"Feature","geometry":{"type":"Point","coordinates":[-118.064189,33.750466]},"properties":{"station_id":149,"tract_geoid":"06059099502","state_fips":"06","state_name":"California","county_fips":"059","tract_code":"099502","site_name":"Seal Beach CA WPNSUPFAC","industry":"Military","matrix":"Drinking Water","sample_year":2021,"longitude":-118.064189,"latitude":33.750466,"pfoa":3,"pfos":5,"total_pfas":null,"reported_pfas_level":5,"total_population":584,"people_of_color":305,"people_of_color_pct":52.226027397260275,"white_non_hispanic_pct":47.773972602739725,"black_non_hispanic_pct":14.212328767123287,"asian_non_hispanic_pct":5.8219178082191778,"hispanic_or_latino_pct":25.684931506849313,"median_household_income":96364}},{"type":"Feature","geometry":{"type":"Point","coordinates":[-118.286,34.163139]},"properties":{"station_id":150,"tract_geoid":"06037301601","state_fips":"06","state_name":"California","county_fips":"037","tract_code":"301601","site_name":"San Fernando Valley (Area 2)","industry":"Industry","matrix":"Groundwater","sample_year":2021,"longitude":-118.286,"latitude":34.163139,"pfoa":3,"pfos":3,"total_pfas":null,"reported_pfas_level":6,"total_population":5513,"people_of_color":1507,"people_of_color_pct":27.335389080355522,"white_non_hispanic_pct":72.664610919644474,"black_non_hispanic_pct":0.72555777253763831,"asian_non_hispanic_pct":5.5323780155994919,"hispanic_or_latino_pct":20.224922909486668,"median_household_income":54469}},{"type":"Feature","geometry":{"type":"Point","coordinates":[-118.2539,34.112081]},"properties":{"station_id":151,"tract_geoid":"06037187102","state_fips":"06","state_name":"California","county_fips":"037","tract_code":"187102","site_name":"San Fernando Valley (Area 4)","industry":"Industry","matrix":"Groundwater","sample_year":2021,"longitude":-118.2539,"latitude":34.112081,"pfoa":15,"pfos":8,"total_pfas":null,"reported_pfas_level":23,"total_population":4615,"people_of_color":3841,"people_of_color_pct":83.228602383531964,"white_non_hispanic_pct":16.77139761646804,"black_non_hispanic_pct":1.2351029252437704,"asian_non_hispanic_pct":26.56554712892741,"hispanic_or_latino_pct":50.660888407367281,"median_household_income":91944}},{"type":"Feature","geometry":{"type":"Point","coordinates":[-117.194309,33.085911]},"properties":{"station_id":152,"tract_geoid":"06073017112","state_fips":"06","state_name":"California","county_fips":"073","tract_code":"017112","site_name":"San Marcos II Sanitary Landfill","industry":"Landfill","matrix":"Groundwater","sample_year":2019,"longitude":-117.194309,"latitude":33.085911,"pfoa":7600,"pfos":3300,"total_pfas":37950,"reported_pfas_level":37950,"total_population":2319,"people_of_color":913,"people_of_color_pct":39.370418283742993,"white_non_hispanic_pct":60.629581716257007,"black_non_hispanic_pct":0.64683053040103489,"asian_non_hispanic_pct":14.489003880983182,"hispanic_or_latino_pct":15.265200517464425,"median_household_income":250001}},{"type":"Feature","geometry":{"type":"Point","coordinates":[-122.06039,37.98924]},"properties":{"station_id":153,"tract_geoid":"06013327001","state_fips":"06","state_name":"California","county_fips":"013","tract_code":"327001","site_name":"Buchanan Field","industry":"Airport","matrix":"Groundwater","sample_year":2019,"longitude":-122.06039,"latitude":37.98924,"pfoa":3920,"pfos":null,"total_pfas":91100,"reported_pfas_level":91100,"total_population":3572,"people_of_color":2062,"people_of_color_pct":57.726763717805149,"white_non_hispanic_pct":42.273236282194851,"black_non_hispanic_pct":7.8667413213885782,"asian_non_hispanic_pct":1.2318029115341544,"hispanic_or_latino_pct":46.080627099664056,"median_household_income":102675}},{"type":"Feature","geometry":{"type":"Point","coordinates":[-118.40853,33.941589]},"properties":{"station_id":154,"tract_geoid":"06037980028","state_fips":"06","state_name":"California","county_fips":"037","tract_code":"980028","site_name":"Los Angeles International Airport","industry":"Airport","matrix":"Groundwater","sample_year":2019,"longitude":-118.40853,"latitude":33.941589,"pfoa":31000,"pfos":2800,"total_pfas":129452,"reported_pfas_level":129452,"total_population":0,"people_of_color":0,"people_of_color_pct":null,"white_non_hispanic_pct":null,"black_non_hispanic_pct":null,"asian_non_hispanic_pct":null,"hispanic_or_latino_pct":null,"median_household_income":null}},{"type":"Feature","geometry":{"type":"Point","coordinates":[-117.869113,33.676187]},"properties":{"station_id":155,"tract_geoid":"06059062610","state_fips":"06","state_name":"California","county_fips":"059","tract_code":"062610","site_name":"John Wayne Airport","industry":"Airport","matrix":"Groundwater","sample_year":2019,"longitude":-117.869113,"latitude":33.676187,"pfoa":13800,"pfos":1830,"total_pfas":145121,"reported_pfas_level":145121,"total_population":13289,"people_of_color":6605,"people_of_color_pct":49.702761682594627,"white_non_hispanic_pct":50.297238317405373,"black_non_hispanic_pct":3.3185341259688466,"asian_non_hispanic_pct":30.70960945142599,"hispanic_or_latino_pct":8.5634735495522616,"median_household_income":114347}},{"type":"Feature","geometry":{"type":"Point","coordinates":[-122.248,38.04826]},"properties":{"station_id":156,"tract_geoid":"06013358000","state_fips":"06","state_name":"California","county_fips":"013","tract_code":"358000","site_name":"Shore Terminals Llc Selby Terminal","industry":"Industry","matrix":"Groundwater","sample_year":2019,"longitude":-122.248,"latitude":38.04826,"pfoa":2800,"pfos":48000,"total_pfas":229440,"reported_pfas_level":229440,"total_population":5818,"people_of_color":4347,"people_of_color_pct":74.716397387418354,"white_non_hispanic_pct":25.283602612581642,"black_non_hispanic_pct":17.823994499828121,"asian_non_hispanic_pct":12.306634582330698,"hispanic_or_latino_pct":38.587143348229631,"median_household_income":80255}},{"type":"Feature","geometry":{"type":"Point","coordinates":[-122.219743,37.712569]},"properties":{"station_id":157,"tract_geoid":"06001409000","state_fips":"06","state_name":"California","county_fips":"001","tract_code":"409000","site_name":"Metropolitan Oakland International Airport","industry":"Airport","matrix":"Groundwater","sample_year":2019,"longitude":-122.219743,"latitude":37.712569,"pfoa":4100,"pfos":170000,"total_pfas":283685,"reported_pfas_level":283685,"total_population":4204,"people_of_color":4017,"people_of_color_pct":95.551855375832545,"white_non_hispanic_pct":4.4481446241674591,"black_non_hispanic_pct":25.285442435775451,"asian_non_hispanic_pct":7.5642245480494763,"hispanic_or_latino_pct":59.966698382492865,"median_household_income":75987}},{"type":"Feature","geometry":{"type":"Point","coordinates":[-121.590065,38.695085]},"properties":{"station_id":158,"tract_geoid":"06067007101","state_fips":"06","state_name":"California","county_fips":"067","tract_code":"007101","site_name":"Sacramento International Airport","industry":"Airport","matrix":"Groundwater","sample_year":2019,"longitude":-121.590065,"latitude":38.695085,"pfoa":9200,"pfos":72000,"total_pfas":320400,"reported_pfas_level":320400,"total_population":1355,"people_of_color":890,"people_of_color_pct":65.682656826568262,"white_non_hispanic_pct":34.317343173431738,"black_non_hispanic_pct":2.2878228782287824,"asian_non_hispanic_pct":39.335793357933582,"hispanic_or_latino_pct":15.276752767527675,"median_household_income":192938}},{"type":"Feature","geometry":{"type":"Point","coordinates":[-121.43105,38.56053]},"properties":{"station_id":159,"tract_geoid":"06067001601","state_fips":"06","state_name":"California","county_fips":"067","tract_code":"001601","site_name":"Elvas Quarry Landfill","industry":"Landfill","matrix":"Groundwater","sample_year":2019,"longitude":-121.43105,"latitude":38.56053,"pfoa":9200,"pfos":72000,"total_pfas":320400,"reported_pfas_level":320400,"total_population":3199,"people_of_color":1080,"people_of_color_pct":33.760550171928728,"white_non_hispanic_pct":66.239449828071272,"black_non_hispanic_pct":1.5629884338855893,"asian_non_hispanic_pct":5.1578618318224443,"hispanic_or_latino_pct":21.663019693654267,"median_household_income":121250}},{"type":"Feature","geometry":{"type":"Point","coordinates":[-117.187991,32.738456]},"properties":{"station_id":160,"tract_geoid":"06073006200","state_fips":"06","state_name":"California","county_fips":"073","tract_code":"006200","site_name":"San Diego International Airport","industry":"Airport","matrix":"Groundwater","sample_year":2019,"longitude":-117.187991,"latitude":32.738456,"pfoa":59700,"pfos":5960,"total_pfas":426304,"reported_pfas_level":426304,"total_population":28,"people_of_color":22,"people_of_color_pct":78.571428571428569,"white_non_hispanic_pct":21.428571428571427,"black_non_hispanic_pct":25,"asian_non_hispanic_pct":0,"hispanic_or_latino_pct":0,"median_household_income":null}},{"type":"Feature","geometry":{"type":"Point","coordinates":[-118.35395,34.19666]},"properties":{"station_id":161,"tract_geoid":"06037980001","state_fips":"06","state_name":"California","county_fips":"037","tract_code":"980001","site_name":"Bob Hope","industry":"Airport","matrix":"Soil","sample_year":2019,"longitude":-118.35395,"latitude":34.19666,"pfoa":17000,"pfos":null,"total_pfas":669800,"reported_pfas_level":669800,"total_population":0,"people_of_color":0,"people_of_color_pct":null,"white_non_hispanic_pct":null,"black_non_hispanic_pct":null,"asian_non_hispanic_pct":null,"hispanic_or_latino_pct":null,"median_household_income":null}},{"type":"Feature","geometry":{"type":"Point","coordinates":[-116.079959,33.440392]},"properties":{"station_id":162,"tract_geoid":"06065045618","state_fips":"06","state_name":"California","county_fips":"065","tract_code":"045618","site_name":"Oasis Class III Waste Management Facility","industry":"Landfill","matrix":"Soil","sample_year":2019,"longitude":-116.079959,"latitude":33.440392,"pfoa":6300,"pfos":510000,"total_pfas":23058440,"reported_pfas_level":23058440,"total_population":1747,"people_of_color":1726,"people_of_color_pct":98.797939324556381,"white_non_hispanic_pct":1.2020606754436176,"black_non_hispanic_pct":0.11448196908986835,"asian_non_hispanic_pct":2.2323983972524326,"hispanic_or_latino_pct":94.218660560961652,"median_household_income":34777}},{"type":"Feature","geometry":{"type":"Point","coordinates":[-120.568728,41.458858]},"properties":{"station_id":163,"tract_geoid":"06049000300","state_fips":"06","state_name":"California","county_fips":"049","tract_code":"000300","site_name":"Alturas Class III Landfill","industry":"Landfill","matrix":"Groundwater","sample_year":2020,"longitude":-120.568728,"latitude":41.458858,"pfoa":null,"pfos":null,"total_pfas":1,"reported_pfas_level":1,"total_population":2886,"people_of_color":554,"people_of_color_pct":19.196119196119195,"white_non_hispanic_pct":80.8038808038808,"black_non_hispanic_pct":0.41580041580041582,"asian_non_hispanic_pct":5.0242550242550239,"hispanic_or_latino_pct":9.1822591822591821,"median_household_income":61696}},{"type":"Feature","geometry":{"type":"Point","coordinates":[-120.052745,41.540194]},"properties":{"station_id":164,"tract_geoid":"06049000400","state_fips":"06","state_name":"California","county_fips":"049","tract_code":"000400","site_name":"Cedarville West Solid Waste Disposal Service (Old)","industry":"Landfill","matrix":"Groundwater","sample_year":2020,"longitude":-120.052745,"latitude":41.540194,"pfoa":null,"pfos":null,"total_pfas":1,"reported_pfas_level":1,"total_population":1096,"people_of_color":240,"people_of_color_pct":21.8978102189781,"white_non_hispanic_pct":78.102189781021892,"black_non_hispanic_pct":0.63868613138686137,"asian_non_hispanic_pct":1.0036496350364963,"hispanic_or_latino_pct":9.6715328467153281,"median_household_income":53493}},{"type":"Feature","geometry":{"type":"Point","coordinates":[-118.357649,37.530218]},"properties":{"station_id":165,"tract_geoid":"06051000101","state_fips":"06","state_name":"California","county_fips":"051","tract_code":"000101","site_name":"Chalfant Class III Landfill","industry":"Landfill","matrix":"Groundwater","sample_year":2020,"longitude":-118.357649,"latitude":37.530218,"pfoa":null,"pfos":null,"total_pfas":2,"reported_pfas_level":2,"total_population":3532,"people_of_color":880,"people_of_color_pct":24.915062287655719,"white_non_hispanic_pct":75.084937712344285,"black_non_hispanic_pct":0,"asian_non_hispanic_pct":0,"hispanic_or_latino_pct":17.553793884484712,"median_household_income":112721}},{"type":"Feature","geometry":{"type":"Point","coordinates":[-121.100573,38.097901]},"properties":{"station_id":166,"tract_geoid":"06077004704","state_fips":"06","state_name":"California","county_fips":"077","tract_code":"004704","site_name":"Harney Lane Class III Landfill","industry":"Landfill","matrix":"Groundwater","sample_year":2020,"longitude":-121.100573,"latitude":38.097901,"pfoa":null,"pfos":null,"total_pfas":3,"reported_pfas_level":3,"total_population":5575,"people_of_color":2264,"people_of_color_pct":40.609865470852021,"white_non_hispanic_pct":59.390134529147979,"black_non_hispanic_pct":1.0403587443946187,"asian_non_hispanic_pct":4.6636771300448432,"hispanic_or_latino_pct":27.766816143497756,"median_household_income":125692}},{"type":"Feature","geometry":{"type":"Point","coordinates":[-119.18395,34.14505]},"properties":{"station_id":167,"tract_geoid":"06111004715","state_fips":"06","state_name":"California","county_fips":"111","tract_code":"004715","site_name":"Oxnard Advanced Water Purification Facility","industry":"WWTP","matrix":"Groundwater","sample_year":2020,"longitude":-119.18395,"latitude":34.14505,"pfoa":null,"pfos":1,"total_pfas":4,"reported_pfas_level":4,"total_population":4239,"people_of_color":3542,"people_of_color_pct":83.557442793111576,"white_non_hispanic_pct":16.442557206888416,"black_non_hispanic_pct":0.377447511205473,"asian_non_hispanic_pct":6.5345600377447512,"hispanic_or_latino_pct":71.6206652512385,"median_household_income":85517}},{"type":"Feature","geometry":{"type":"Point","coordinates":[-120.130199,36.661985]},"properties":{"station_id":168,"tract_geoid":"06019003900","state_fips":"06","state_name":"California","county_fips":"019","tract_code":"003900","site_name":"American Avenue Municipal Solid Waste Landfill","industry":"Landfill","matrix":"Groundwater","sample_year":2020,"longitude":-120.130199,"latitude":36.661985,"pfoa":null,"pfos":null,"total_pfas":4,"reported_pfas_level":4,"total_population":4437,"people_of_color":3539,"people_of_color_pct":79.761099842235751,"white_non_hispanic_pct":20.238900157764256,"black_non_hispanic_pct":0.022537750732476897,"asian_non_hispanic_pct":0.76628352490421459,"hispanic_or_latino_pct":77.079107505071,"median_household_income":51719}},{"type":"Feature","geometry":{"type":"Point","coordinates":[-118.996654,34.403378]},"properties":{"station_id":169,"tract_geoid":"06111000304","state_fips":"06","state_name":"California","county_fips":"111","tract_code":"000304","site_name":"Toland Road Landfill","industry":"Landfill","matrix":"Groundwater","sample_year":2020,"longitude":-118.996654,"latitude":34.403378,"pfoa":null,"pfos":8,"total_pfas":11,"reported_pfas_level":11,"total_population":4492,"people_of_color":3517,"people_of_color_pct":78.294746215494214,"white_non_hispanic_pct":21.705253784505789,"black_non_hispanic_pct":0.13357079252003562,"asian_non_hispanic_pct":0.7123775601068566,"hispanic_or_latino_pct":77.025823686553878,"median_household_income":66471}},{"type":"Feature","geometry":{"type":"Point","coordinates":[-121.100484,38.09795]},"properties":{"station_id":170,"tract_geoid":"06077004704","state_fips":"06","state_name":"California","county_fips":"077","tract_code":"004704","site_name":"North Co Sanitary Landfill","industry":"Landfill","matrix":"Groundwater","sample_year":2020,"longitude":-121.100484,"latitude":38.09795,"pfoa":null,"pfos":null,"total_pfas":11,"reported_pfas_level":11,"total_population":5575,"people_of_color":2264,"people_of_color_pct":40.609865470852021,"white_non_hispanic_pct":59.390134529147979,"black_non_hispanic_pct":1.0403587443946187,"asian_non_hispanic_pct":4.6636771300448432,"hispanic_or_latino_pct":27.766816143497756,"median_household_income":125692}},{"type":"Feature","geometry":{"type":"Point","coordinates":[-118.392175,33.909366]},"properties":{"station_id":171,"tract_geoid":"06037980013","state_fips":"06","state_name":"California","county_fips":"037","tract_code":"980013","site_name":"Edward C. Little Water Reclamation Plant - West Coast Basin Barrier Project - Expansion Phase III","industry":"WWTP","matrix":"Groundwater","sample_year":2020,"longitude":-118.392175,"latitude":33.909366,"pfoa":4,"pfos":8,"total_pfas":12,"reported_pfas_level":12,"total_population":0,"people_of_color":0,"people_of_color_pct":null,"white_non_hispanic_pct":null,"black_non_hispanic_pct":null,"asian_non_hispanic_pct":null,"hispanic_or_latino_pct":null,"median_household_income":null}},{"type":"Feature","geometry":{"type":"Point","coordinates":[-122.343244,41.34973]},"properties":{"station_id":172,"tract_geoid":"06093001003","state_fips":"06","state_name":"California","county_fips":"093","tract_code":"001003","site_name":"Black Butte Class III Landfill","industry":"Landfill","matrix":"Groundwater","sample_year":2020,"longitude":-122.343244,"latitude":41.34973,"pfoa":2,"pfos":null,"total_pfas":14,"reported_pfas_level":14,"total_population":4549,"people_of_color":1002,"people_of_color_pct":22.026819081116727,"white_non_hispanic_pct":77.973180918883273,"black_non_hispanic_pct":1.5827654429544955,"asian_non_hispanic_pct":2.1543196306880632,"hispanic_or_latino_pct":7.9138272147724775,"median_household_income":54846}},{"type":"Feature","geometry":{"type":"Point","coordinates":[-120.533792,35.66305]},"properties":{"station_id":173,"tract_geoid":"06079010303","state_fips":"06","state_name":"California","county_fips":"079","tract_code":"010303","site_name":"Paso Robles Solid Waste Site","industry":"Landfill","matrix":"Groundwater","sample_year":2020,"longitude":-120.533792,"latitude":35.66305,"pfoa":null,"pfos":null,"total_pfas":15,"reported_pfas_level":15,"total_population":3109,"people_of_color":1259,"people_of_color_pct":40.495336120939207,"white_non_hispanic_pct":59.504663879060793,"black_non_hispanic_pct":1.5760694757156641,"asian_non_hispanic_pct":5.6288195561273717,"hispanic_or_latino_pct":30.749437118044387,"median_household_income":101120}},{"type":"Feature","geometry":{"type":"Point","coordinates":[-119.456736,38.553963]},"properties":{"station_id":174,"tract_geoid":"06051000102","state_fips":"06","state_name":"California","county_fips":"051","tract_code":"000102","site_name":"Walker Sanitary Landfill","industry":"Landfill","matrix":"Groundwater","sample_year":2020,"longitude":-119.456736,"latitude":38.553963,"pfoa":1,"pfos":null,"total_pfas":20,"reported_pfas_level":20,"total_population":2402,"people_of_color":979,"people_of_color_pct":40.757701915070776,"white_non_hispanic_pct":59.242298084929224,"black_non_hispanic_pct":0.37468776019983346,"asian_non_hispanic_pct":1.7901748542880933,"hispanic_or_latino_pct":35.303913405495422,"median_household_income":105091}},{"type":"Feature","geometry":{"type":"Point","coordinates":[-122.300502,40.197091]},"properties":{"station_id":175,"tract_geoid":"06103000400","state_fips":"06","state_name":"California","county_fips":"103","tract_code":"000400","site_name":"Red Bluff Class III Landfill","industry":"Landfill","matrix":"Groundwater","sample_year":2020,"longitude":-122.300502,"latitude":40.197091,"pfoa":2,"pfos":null,"total_pfas":21,"reported_pfas_level":21,"total_population":5705,"people_of_color":1161,"people_of_color_pct":20.350569675723051,"white_non_hispanic_pct":79.649430324276949,"black_non_hispanic_pct":0.0876424189307625,"asian_non_hispanic_pct":1.7177914110429449,"hispanic_or_latino_pct":11.709027169149868,"median_household_income":103438}},{"type":"Feature","geometry":{"type":"Point","coordinates":[-118.167434,34.201185]},"properties":{"station_id":176,"tract_geoid":"06037460401","state_fips":"06","state_name":"California","county_fips":"037","tract_code":"460401","site_name":"JET PROPULSION LABORATORY (NASA)","industry":"Industry","matrix":"Groundwater","sample_year":2020,"longitude":-118.167434,"latitude":34.201185,"pfoa":null,"pfos":null,"total_pfas":32,"reported_pfas_level":32,"total_population":1061,"people_of_color":798,"people_of_color_pct":75.212064090480681,"white_non_hispanic_pct":24.787935909519323,"black_non_hispanic_pct":32.045240339302545,"asian_non_hispanic_pct":13.383600377002827,"hispanic_or_latino_pct":23.279924599434494,"median_household_income":125357}},{"type":"Feature","geometry":{"type":"Point","coordinates":[-122.122393,41.246293]},"properties":{"station_id":177,"tract_geoid":"06093001200","state_fips":"06","state_name":"California","county_fips":"093","tract_code":"001200","site_name":"Mccloud Class III Landfill","industry":"Landfill","matrix":"Groundwater","sample_year":2020,"longitude":-122.122393,"latitude":41.246293,"pfoa":1,"pfos":4,"total_pfas":39,"reported_pfas_level":39,"total_population":1096,"people_of_color":226,"people_of_color_pct":20.62043795620438,"white_non_hispanic_pct":79.379562043795616,"black_non_hispanic_pct":0.63868613138686137,"asian_non_hispanic_pct":0.82116788321167888,"hispanic_or_latino_pct":7.1167883211678831,"median_household_income":49926}},{"type":"Feature","geometry":{"type":"Point","coordinates":[-122.080816,38.028017]},"properties":{"station_id":178,"tract_geoid":"06013320001","state_fips":"06","state_name":"California","county_fips":"013","tract_code":"320001","site_name":"Acme Fill Land Disposal","industry":"Landfill","matrix":"Groundwater","sample_year":2020,"longitude":-122.080816,"latitude":38.028017,"pfoa":5,"pfos":null,"total_pfas":40,"reported_pfas_level":40,"total_population":3276,"people_of_color":1673,"people_of_color_pct":51.068376068376068,"white_non_hispanic_pct":48.931623931623932,"black_non_hispanic_pct":7.1733821733821737,"asian_non_hispanic_pct":2.503052503052503,"hispanic_or_latino_pct":28.540903540903543,"median_household_income":98602}},{"type":"Feature","geometry":{"type":"Point","coordinates":[-122.351863,37.998722]},"properties":{"station_id":179,"tract_geoid":"06013392201","state_fips":"06","state_name":"California","county_fips":"013","tract_code":"392201","site_name":"Pinole Point Business Park","industry":"Landfill","matrix":"Groundwater","sample_year":2020,"longitude":-122.351863,"latitude":37.998722,"pfoa":5,"pfos":15,"total_pfas":43,"reported_pfas_level":43,"total_population":5257,"people_of_color":4838,"people_of_color_pct":92.02967471942172,"white_non_hispanic_pct":7.9703252805782769,"black_non_hispanic_pct":18.014076469469281,"asian_non_hispanic_pct":34.867795320525012,"hispanic_or_latino_pct":31.900323378352674,"median_household_income":118412}},{"type":"Feature","geometry":{"type":"Point","coordinates":[-118.585804,34.462431]},"properties":{"station_id":180,"tract_geoid":"06037920200","state_fips":"06","state_name":"California","county_fips":"037","tract_code":"920200","site_name":"Peter Pitchess Landfill","industry":"Landfill","matrix":"Groundwater","sample_year":2020,"longitude":-118.585804,"latitude":34.462431,"pfoa":6,"pfos":8,"total_pfas":48,"reported_pfas_level":48,"total_population":3604,"people_of_color":3189,"people_of_color_pct":88.4850166481687,"white_non_hispanic_pct":11.5149833518313,"black_non_hispanic_pct":21.39289678135405,"asian_non_hispanic_pct":1.8035516093229744,"hispanic_or_latino_pct":61.986681465038849,"median_household_income":null}},{"type":"Feature","geometry":{"type":"Point","coordinates":[-119.218867,38.268896]},"properties":{"station_id":181,"tract_geoid":"06051000102","state_fips":"06","state_name":"California","county_fips":"051","tract_code":"000102","site_name":"Bridgeport Class III Landfill","industry":"Landfill","matrix":"Groundwater","sample_year":2020,"longitude":-119.218867,"latitude":38.268896,"pfoa":6,"pfos":1,"total_pfas":52,"reported_pfas_level":52,"total_population":2402,"people_of_color":979,"people_of_color_pct":40.757701915070776,"white_non_hispanic_pct":59.242298084929224,"black_non_hispanic_pct":0.37468776019983346,"asian_non_hispanic_pct":1.7901748542880933,"hispanic_or_latino_pct":35.303913405495422,"median_household_income":105091}},{"type":"Feature","geometry":{"type":"Point","coordinates":[-121.934513,38.003989]},"properties":{"station_id":182,"tract_geoid":"06013313204","state_fips":"06","state_name":"California","county_fips":"013","tract_code":"313204","site_name":"Keller Canyon Landfill","industry":"Landfill","matrix":"Groundwater","sample_year":2020,"longitude":-121.934513,"latitude":38.003989,"pfoa":3,"pfos":null,"total_pfas":67,"reported_pfas_level":67,"total_population":5604,"people_of_color":4467,"people_of_color_pct":79.710920770877948,"white_non_hispanic_pct":20.289079229122056,"black_non_hispanic_pct":9.36830835117773,"asian_non_hispanic_pct":12.401855817273375,"hispanic_or_latino_pct":51.249107780157033,"median_household_income":91600}},{"type":"Feature","geometry":{"type":"Point","coordinates":[-118.796797,34.294665]},"properties":{"station_id":183,"tract_geoid":"06111008502","state_fips":"06","state_name":"California","county_fips":"111","tract_code":"008502","site_name":"Simi Valley Landfill","industry":"Landfill","matrix":"Groundwater","sample_year":2020,"longitude":-118.796797,"latitude":34.294665,"pfoa":2,"pfos":1,"total_pfas":73,"reported_pfas_level":73,"total_population":3578,"people_of_color":1497,"people_of_color_pct":41.839016210173284,"white_non_hispanic_pct":58.160983789826716,"black_non_hispanic_pct":0.83845723868082733,"asian_non_hispanic_pct":6.98714365567356,"hispanic_or_latino_pct":17.579653437674679,"median_household_income":143194}},{"type":"Feature","geometry":{"type":"Point","coordinates":[-120.973636,37.040172]},"properties":{"station_id":184,"tract_geoid":"06047002100","state_fips":"06","state_name":"California","county_fips":"047","tract_code":"002100","site_name":"Billy Wright Solid Waste Landfill","industry":"Landfill","matrix":"Groundwater","sample_year":2020,"longitude":-120.973636,"latitude":37.040172,"pfoa":20,"pfos":null,"total_pfas":91,"reported_pfas_level":91,"total_population":4059,"people_of_color":3077,"people_of_color_pct":75.806848977580685,"white_non_hispanic_pct":24.193151022419315,"black_non_hispanic_pct":0,"asian_non_hispanic_pct":3.695491500369549,"hispanic_or_latino_pct":68.391229366839127,"median_household_income":83214}},{"type":"Feature","geometry":{"type":"Point","coordinates":[-121.678857,37.184113]},"properties":{"station_id":185,"tract_geoid":"06085513500","state_fips":"06","state_name":"California","county_fips":"085","tract_code":"513500","site_name":"Kirby Canyon Landfill","industry":"Landfill","matrix":"Groundwater","sample_year":2020,"longitude":-121.678857,"latitude":37.184113,"pfoa":5,"pfos":5,"total_pfas":99,"reported_pfas_level":99,"total_population":1009,"people_of_color":361,"people_of_color_pct":35.777998017839444,"white_non_hispanic_pct":64.222001982160549,"black_non_hispanic_pct":0.49554013875123887,"asian_non_hispanic_pct":8.0277502477700686,"hispanic_or_latino_pct":25.668979187314171,"median_household_income":102750}},{"type":"Feature","geometry":{"type":"Point","coordinates":[-120.499975,37.390138]},"properties":{"station_id":186,"tract_geoid":"06047002500","state_fips":"06","state_name":"California","county_fips":"047","tract_code":"002500","site_name":"Highway 59 Solid Waste Landfill","industry":"Landfill","matrix":"Groundwater","sample_year":2020,"longitude":-120.499975,"latitude":37.390138,"pfoa":5,"pfos":null,"total_pfas":114,"reported_pfas_level":114,"total_population":2470,"people_of_color":1367,"people_of_color_pct":55.344129554655872,"white_non_hispanic_pct":44.655870445344128,"black_non_hispanic_pct":0.76923076923076927,"asian_non_hispanic_pct":5.6275303643724692,"hispanic_or_latino_pct":45.222672064777328,"median_household_income":107900}},{"type":"Feature","geometry":{"type":"Point","coordinates":[-118.341202,33.844988]},"properties":{"station_id":187,"tract_geoid":"06037650401","state_fips":"06","state_name":"California","county_fips":"037","tract_code":"650401","site_name":"Former Amp-Matrix Science Facility","industry":"Industry","matrix":"Groundwater","sample_year":2020,"longitude":-118.341202,"latitude":33.844988,"pfoa":2,"pfos":null,"total_pfas":148,"reported_pfas_level":148,"total_population":4360,"people_of_color":2765,"people_of_color_pct":63.417431192660551,"white_non_hispanic_pct":36.582568807339449,"black_non_hispanic_pct":1.5596330275229358,"asian_non_hispanic_pct":37.064220183486242,"hispanic_or_latino_pct":15.29816513761468,"median_household_income":142566}},{"type":"Feature","geometry":{"type":"Point","coordinates":[-115.526935,32.855368]},"properties":{"station_id":188,"tract_geoid":"06025011001","state_fips":"06","state_name":"California","county_fips":"025","tract_code":"011001","site_name":"Allied (Republic) Imperial Landfill","industry":"Landfill","matrix":"Groundwater","sample_year":2020,"longitude":-115.526935,"latitude":32.855368,"pfoa":36,"pfos":2,"total_pfas":162,"reported_pfas_level":162,"total_population":6566,"people_of_color":5961,"people_of_color_pct":90.785866585440147,"white_non_hispanic_pct":9.2141334145598535,"black_non_hispanic_pct":1.0204081632653061,"asian_non_hispanic_pct":1.0508681084374047,"hispanic_or_latino_pct":88.349070971672248,"median_household_income":86672}},{"type":"Feature","geometry":{"type":"Point","coordinates":[-115.52682,32.85503]},"properties":{"station_id":189,"tract_geoid":"06025011001","state_fips":"06","state_name":"California","county_fips":"025","tract_code":"011001","site_name":"Imperial Landfill","industry":"Landfill","matrix":"Groundwater","sample_year":2020,"longitude":-115.52682,"latitude":32.85503,"pfoa":36,"pfos":2,"total_pfas":162,"reported_pfas_level":162,"total_population":6566,"people_of_color":5961,"people_of_color_pct":90.785866585440147,"white_non_hispanic_pct":9.2141334145598535,"black_non_hispanic_pct":1.0204081632653061,"asian_non_hispanic_pct":1.0508681084374047,"hispanic_or_latino_pct":88.349070971672248,"median_household_income":86672}},{"type":"Feature","geometry":{"type":"Point","coordinates":[-117.882737,33.849194]},"properties":{"station_id":190,"tract_geoid":"06059086402","state_fips":"06","state_name":"California","county_fips":"059","tract_code":"086402","site_name":"Ocwd - North Basin","industry":"Superfund Site","matrix":"Groundwater","sample_year":2020,"longitude":-117.882737,"latitude":33.849194,"pfoa":32,"pfos":72,"total_pfas":169,"reported_pfas_level":169,"total_population":6193,"people_of_color":4895,"people_of_color_pct":79.040852575488458,"white_non_hispanic_pct":20.959147424511546,"black_non_hispanic_pct":2.1637332472145969,"asian_non_hispanic_pct":12.304214435653156,"hispanic_or_latino_pct":61.730986597771675,"median_household_income":133594}},{"type":"Feature","geometry":{"type":"Point","coordinates":[-120.214519,39.292717]},"properties":{"station_id":191,"tract_geoid":"06061022014","state_fips":"06","state_name":"California","county_fips":"061","tract_code":"022014","site_name":"Eastern Regional Landfill","industry":"Landfill","matrix":"Groundwater","sample_year":2020,"longitude":-120.214519,"latitude":39.292717,"pfoa":44,"pfos":3,"total_pfas":241,"reported_pfas_level":241,"total_population":1691,"people_of_color":151,"people_of_color_pct":8.92962743938498,"white_non_hispanic_pct":91.070372560615027,"black_non_hispanic_pct":2.4837374334713189,"asian_non_hispanic_pct":0,"hispanic_or_latino_pct":5.3222945002956834,"median_household_income":141250}},{"type":"Feature","geometry":{"type":"Point","coordinates":[-121.479687,38.565934]},"properties":{"station_id":192,"tract_geoid":"06067001900","state_fips":"06","state_name":"California","county_fips":"067","tract_code":"001900","site_name":"Chrome Craft Facility (Former)","industry":"Industry","matrix":"Groundwater","sample_year":2020,"longitude":-121.479687,"latitude":38.565934,"pfoa":9,"pfos":2,"total_pfas":244,"reported_pfas_level":244,"total_population":3316,"people_of_color":1281,"people_of_color_pct":38.630880579010856,"white_non_hispanic_pct":61.369119420989144,"black_non_hispanic_pct":3.4981905910735827,"asian_non_hispanic_pct":6.9662243667068759,"hispanic_or_latino_pct":23.70325693606755,"median_household_income":90217}},{"type":"Feature","geometry":{"type":"Point","coordinates":[-120.155129,41.877007999999996]},"properties":{"station_id":193,"tract_geoid":"06049000400","state_fips":"06","state_name":"California","county_fips":"049","tract_code":"000400","site_name":"Fort Bidwell Solid Waste Disposal Service","industry":"Landfill","matrix":"Groundwater","sample_year":2020,"longitude":-120.155129,"latitude":41.877007999999996,"pfoa":72,"pfos":6,"total_pfas":302,"reported_pfas_level":302,"total_population":1096,"people_of_color":240,"people_of_color_pct":21.8978102189781,"white_non_hispanic_pct":78.102189781021892,"black_non_hispanic_pct":0.63868613138686137,"asian_non_hispanic_pct":1.0036496350364963,"hispanic_or_latino_pct":9.6715328467153281,"median_household_income":53493}},{"type":"Feature","geometry":{"type":"Point","coordinates":[-122.533882,38.585342]},"properties":{"station_id":194,"tract_geoid":"06055201900","state_fips":"06","state_name":"California","county_fips":"055","tract_code":"201900","site_name":"Clover Flat Landfill","industry":"Landfill","matrix":"Groundwater","sample_year":2020,"longitude":-122.533882,"latitude":38.585342,"pfoa":63,"pfos":null,"total_pfas":319,"reported_pfas_level":319,"total_population":1457,"people_of_color":700,"people_of_color_pct":48.04392587508579,"white_non_hispanic_pct":51.95607412491421,"black_non_hispanic_pct":3.01990391214825,"asian_non_hispanic_pct":1.2354152367879203,"hispanic_or_latino_pct":37.405628002745367,"median_household_income":134375}},{"type":"Feature","geometry":{"type":"Point","coordinates":[-121.811837,36.920496]},"properties":{"station_id":195,"tract_geoid":"06087122300","state_fips":"06","state_name":"California","county_fips":"087","tract_code":"122300","site_name":"Buena Vista Class III Landfill","industry":"Landfill","matrix":"Groundwater","sample_year":2020,"longitude":-121.811837,"latitude":36.920496,"pfoa":82,"pfos":19,"total_pfas":398,"reported_pfas_level":398,"total_population":3804,"people_of_color":1603,"people_of_color_pct":42.13985278654048,"white_non_hispanic_pct":57.86014721345952,"black_non_hispanic_pct":0.026288117770767613,"asian_non_hispanic_pct":1.6561514195583595,"hispanic_or_latino_pct":34.2534174553102,"median_household_income":103929}},{"type":"Feature","geometry":{"type":"Point","coordinates":[-122.739831,38.471964]},"properties":{"station_id":196,"tract_geoid":"06097152801","state_fips":"06","state_name":"California","county_fips":"097","tract_code":"152801","site_name":"Hewlett Packard Valley Site","industry":"Industry","matrix":"Groundwater","sample_year":2020,"longitude":-122.739831,"latitude":38.471964,"pfoa":47,"pfos":48,"total_pfas":418,"reported_pfas_level":418,"total_population":4523,"people_of_color":1978,"people_of_color_pct":43.732036259120051,"white_non_hispanic_pct":56.267963740879949,"black_non_hispanic_pct":1.2381162944948043,"asian_non_hispanic_pct":3.0068538580588107,"hispanic_or_latino_pct":30.687596727835508,"median_household_income":100139}},{"type":"Feature","geometry":{"type":"Point","coordinates":[-121.194723,38.51467]},"properties":{"station_id":197,"tract_geoid":"06067008602","state_fips":"06","state_name":"California","county_fips":"067","tract_code":"008602","site_name":"Kiefer Road- Class III Solid Waste Disposal Service","industry":"Landfill","matrix":"Groundwater","sample_year":2020,"longitude":-121.194723,"latitude":38.51467,"pfoa":87,"pfos":null,"total_pfas":441,"reported_pfas_level":441,"total_population":1832,"people_of_color":607,"people_of_color_pct":33.133187772925766,"white_non_hispanic_pct":66.866812227074234,"black_non_hispanic_pct":0,"asian_non_hispanic_pct":10.425764192139738,"hispanic_or_latino_pct":16.157205240174672,"median_household_income":93038}},{"type":"Feature","geometry":{"type":"Point","coordinates":[-121.903677,37.21696]},"properties":{"station_id":198,"tract_geoid":"06085511918","state_fips":"06","state_name":"California","county_fips":"085","tract_code":"511918","site_name":"Guadalupe Landfill","industry":"Landfill","matrix":"Groundwater","sample_year":2020,"longitude":-121.903677,"latitude":37.21696,"pfoa":29,"pfos":2,"total_pfas":454,"reported_pfas_level":454,"total_population":3243,"people_of_color":1968,"people_of_color_pct":60.6845513413506,"white_non_hispanic_pct":39.3154486586494,"black_non_hispanic_pct":0,"asian_non_hispanic_pct":34.628430465618251,"hispanic_or_latino_pct":18.254702436016036,"median_household_income":250001}},{"type":"Feature","geometry":{"type":"Point","coordinates":[-117.040034,32.688205]},"properties":{"station_id":199,"tract_geoid":"06073003209","state_fips":"06","state_name":"California","county_fips":"073","tract_code":"003209","site_name":"Bell Jr High Landfill","industry":"Landfill","matrix":"Groundwater","sample_year":2020,"longitude":-117.040034,"latitude":32.688205,"pfoa":190,"pfos":null,"total_pfas":469,"reported_pfas_level":469,"total_population":5436,"people_of_color":4184,"people_of_color_pct":76.96835908756438,"white_non_hispanic_pct":23.031640912435613,"black_non_hispanic_pct":11.515820456217806,"asian_non_hispanic_pct":32.781456953642383,"hispanic_or_latino_pct":19.941133186166297,"median_household_income":85700}},{"type":"Feature","geometry":{"type":"Point","coordinates":[-124.10755,40.97594]},"properties":{"station_id":200,"tract_geoid":"06023010400","state_fips":"06","state_name":"California","county_fips":"023","tract_code":"010400","site_name":"California Redwood Coast-Humboldt County","industry":"Airport","matrix":"Groundwater","sample_year":2020,"longitude":-124.10755,"latitude":40.97594,"pfoa":17,"pfos":null,"total_pfas":500,"reported_pfas_level":500,"total_population":3828,"people_of_color":891,"people_of_color_pct":23.275862068965516,"white_non_hispanic_pct":76.724137931034477,"black_non_hispanic_pct":0,"asian_non_hispanic_pct":2.3772204806687567,"hispanic_or_latino_pct":6.4785788923719956,"median_household_income":82317}},{"type":"Feature","geometry":{"type":"Point","coordinates":[-122.410985,40.571324]},"properties":{"station_id":201,"tract_geoid":"06089010500","state_fips":"06","state_name":"California","county_fips":"089","tract_code":"010500","site_name":"City Of Redding Benton Class III Landfill","industry":"Landfill","matrix":"Groundwater","sample_year":2020,"longitude":-122.410985,"latitude":40.571324,"pfoa":190,"pfos":49,"total_pfas":801,"reported_pfas_level":801,"total_population":5025,"people_of_color":1176,"people_of_color_pct":23.402985074626866,"white_non_hispanic_pct":76.597014925373131,"black_non_hispanic_pct":0.37810945273631841,"asian_non_hispanic_pct":1.1343283582089552,"hispanic_or_latino_pct":15.562189054726367,"median_household_income":52662}},{"type":"Feature","geometry":{"type":"Point","coordinates":[-121.326677,36.823737]},"properties":{"station_id":202,"tract_geoid":"06069000802","state_fips":"06","state_name":"California","county_fips":"069","tract_code":"000802","site_name":"John Smith Road Class III Landfill","industry":"Landfill","matrix":"Groundwater","sample_year":2020,"longitude":-121.326677,"latitude":36.823737,"pfoa":110,"pfos":null,"total_pfas":913,"reported_pfas_level":913,"total_population":4201,"people_of_color":2016,"people_of_color_pct":47.988574149012138,"white_non_hispanic_pct":52.011425850987862,"black_non_hispanic_pct":0.357057843370626,"asian_non_hispanic_pct":1.5710545108307545,"hispanic_or_latino_pct":38.776481790049985,"median_household_income":143875}},{"type":"Feature","geometry":{"type":"Point","coordinates":[-120.598291,35.18723]},"properties":{"station_id":203,"tract_geoid":"06079012302","state_fips":"06","state_name":"California","county_fips":"079","tract_code":"012302","site_name":"Cold Canyon Landfill Inc.","industry":"Landfill","matrix":"Groundwater","sample_year":2020,"longitude":-120.598291,"latitude":35.18723,"pfoa":null,"pfos":null,"total_pfas":974,"reported_pfas_level":974,"total_population":6526,"people_of_color":2179,"people_of_color_pct":33.389518847686176,"white_non_hispanic_pct":66.610481152313824,"black_non_hispanic_pct":0,"asian_non_hispanic_pct":0.9653692920625192,"hispanic_or_latino_pct":23.092246399019306,"median_household_income":130875}},{"type":"Feature","geometry":{"type":"Point","coordinates":[-121.724762,37.755392]},"properties":{"station_id":204,"tract_geoid":"06001451104","state_fips":"06","state_name":"California","county_fips":"001","tract_code":"451104","site_name":"Vasco Rd Sanitary Landfill","industry":"Landfill","matrix":"Groundwater","sample_year":2020,"longitude":-121.724762,"latitude":37.755392,"pfoa":190,"pfos":91,"total_pfas":1278,"reported_pfas_level":1278,"total_population":6474,"people_of_color":3548,"people_of_color_pct":54.803830707445165,"white_non_hispanic_pct":45.196169292554835,"black_non_hispanic_pct":6.6265060240963853,"asian_non_hispanic_pct":23.802903923385852,"hispanic_or_latino_pct":18.273092369477911,"median_household_income":183846}},{"type":"Feature","geometry":{"type":"Point","coordinates":[-122.15258,37.642716]},"properties":{"station_id":205,"tract_geoid":"06001437101","state_fips":"06","state_name":"California","county_fips":"001","tract_code":"437101","site_name":"West Winton Landfill","industry":"Landfill","matrix":"Groundwater","sample_year":2020,"longitude":-122.15258,"latitude":37.642716,"pfoa":88,"pfos":32,"total_pfas":1343,"reported_pfas_level":1343,"total_population":7371,"people_of_color":6532,"people_of_color_pct":88.61755528422195,"white_non_hispanic_pct":11.38244471577805,"black_non_hispanic_pct":3.8258038258038258,"asian_non_hispanic_pct":54.076787410120744,"hispanic_or_latino_pct":22.398589065255731,"median_household_income":156462}},{"type":"Feature","geometry":{"type":"Point","coordinates":[-121.83563,38.310463]},"properties":{"station_id":206,"tract_geoid":"06095253501","state_fips":"06","state_name":"California","county_fips":"095","tract_code":"253501","site_name":"Recology Hay Road (Formerly Norcal Waste-Hay Road Landfill;  Formerly B\u0026J Landfill)","industry":"Landfill","matrix":"Groundwater","sample_year":2020,"longitude":-121.83563,"latitude":38.310463,"pfoa":384,"pfos":null,"total_pfas":1618,"reported_pfas_level":1618,"total_population":6523,"people_of_color":2926,"people_of_color_pct":44.8566610455312,"white_non_hispanic_pct":55.1433389544688,"black_non_hispanic_pct":9.0602483519852832,"asian_non_hispanic_pct":6.8373447800091984,"hispanic_or_latino_pct":27.196075425417753,"median_household_income":81923}},{"type":"Feature","geometry":{"type":"Point","coordinates":[-117.60853,34.05189]},"properties":{"station_id":207,"tract_geoid":"06071001600","state_fips":"06","state_name":"California","county_fips":"071","tract_code":"001600","site_name":"Ontario International Airport","industry":"Airport","matrix":"Groundwater","sample_year":2020,"longitude":-117.60853,"latitude":34.05189,"pfoa":48,"pfos":null,"total_pfas":1802,"reported_pfas_level":1802,"total_population":4773,"people_of_color":4666,"people_of_color_pct":97.7582233396187,"white_non_hispanic_pct":2.2417766603813116,"black_non_hispanic_pct":0.90090090090090091,"asian_non_hispanic_pct":0.43997485857950974,"hispanic_or_latino_pct":94.971715901948457,"median_household_income":65188}},{"type":"Feature","geometry":{"type":"Point","coordinates":[-117.538623,33.863283]},"properties":{"station_id":208,"tract_geoid":"06065041415","state_fips":"06","state_name":"California","county_fips":"065","tract_code":"041415","site_name":"Corona Sanitary Landfill","industry":"Landfill","matrix":"Groundwater","sample_year":2020,"longitude":-117.538623,"latitude":33.863283,"pfoa":200,"pfos":34,"total_pfas":2072,"reported_pfas_level":2072,"total_population":4210,"people_of_color":3117,"people_of_color_pct":74.038004750593828,"white_non_hispanic_pct":25.961995249406176,"black_non_hispanic_pct":1.4251781472684086,"asian_non_hispanic_pct":26.270783847980997,"hispanic_or_latino_pct":45.059382422802848,"median_household_income":144767}},{"type":"Feature","geometry":{"type":"Point","coordinates":[-118.841805,37.627262]},"properties":{"station_id":209,"tract_geoid":"06051000101","state_fips":"06","state_name":"California","county_fips":"051","tract_code":"000101","site_name":"Mammoth Yosemite Airport","industry":"Airport","matrix":"Groundwater","sample_year":2020,"longitude":-118.841805,"latitude":37.627262,"pfoa":27,"pfos":16,"total_pfas":2352,"reported_pfas_level":2352,"total_population":3532,"people_of_color":880,"people_of_color_pct":24.915062287655719,"white_non_hispanic_pct":75.084937712344285,"black_non_hispanic_pct":0,"asian_non_hispanic_pct":0,"hispanic_or_latino_pct":17.553793884484712,"median_household_income":112721}},{"type":"Feature","geometry":{"type":"Point","coordinates":[-117.262337,34.590503]},"properties":{"station_id":210,"tract_geoid":"06071012101","state_fips":"06","state_name":"California","county_fips":"071","tract_code":"012101","site_name":"Victorville Class III Landfill","industry":"Landfill","matrix":"Groundwater","sample_year":2020,"longitude":-117.262337,"latitude":34.590503,"pfoa":160,"pfos":3,"total_pfas":2761,"reported_pfas_level":2761,"total_population":7399,"people_of_color":3520,"people_of_color_pct":47.573996486011623,"white_non_hispanic_pct":52.426003513988377,"black_non_hispanic_pct":12.393566698202459,"asian_non_hispanic_pct":6.4873631571834034,"hispanic_or_latino_pct":21.989458034869578,"median_household_income":77143}},{"type":"Feature","geometry":{"type":"Point","coordinates":[-122.381605,37.971166]},"properties":{"station_id":211,"tract_geoid":"06013365002","state_fips":"06","state_name":"California","county_fips":"013","tract_code":"365002","site_name":"West Contra Costa Landfill","industry":"Landfill","matrix":"Groundwater","sample_year":2020,"longitude":-122.381605,"latitude":37.971166,"pfoa":1600,"pfos":360,"total_pfas":6042,"reported_pfas_level":6042,"total_population":5114,"people_of_color":4830,"people_of_color_pct":94.446617129448569,"white_non_hispanic_pct":5.5533828705514274,"black_non_hispanic_pct":10.911224090731325,"asian_non_hispanic_pct":11.536957371920218,"hispanic_or_latino_pct":64.118107156824408,"median_household_income":83587}},{"type":"Feature","geometry":{"type":"Point","coordinates":[-121.77044,36.713798]},"properties":{"station_id":212,"tract_geoid":"06053014302","state_fips":"06","state_name":"California","county_fips":"053","tract_code":"014302","site_name":"Monterey Peninsula Class III Landfill","industry":"Landfill","matrix":"Groundwater","sample_year":2020,"longitude":-121.77044,"latitude":36.713798,"pfoa":1400,"pfos":null,"total_pfas":6176,"reported_pfas_level":6176,"total_population":4200,"people_of_color":2759,"people_of_color_pct":65.69047619047619,"white_non_hispanic_pct":34.30952380952381,"black_non_hispanic_pct":8.30952380952381,"asian_non_hispanic_pct":12.285714285714286,"hispanic_or_latino_pct":35.595238095238095,"median_household_income":89420}},{"type":"Feature","geometry":{"type":"Point","coordinates":[-120.642013,35.237564]},"properties":{"station_id":213,"tract_geoid":"06079011505","state_fips":"06","state_name":"California","county_fips":"079","tract_code":"011505","site_name":"San Luis County Regional Airport","industry":"Airport","matrix":"Groundwater","sample_year":2020,"longitude":-120.642013,"latitude":35.237564,"pfoa":290,"pfos":610,"total_pfas":8232,"reported_pfas_level":8232,"total_population":5040,"people_of_color":1624,"people_of_color_pct":32.222222222222221,"white_non_hispanic_pct":67.777777777777771,"black_non_hispanic_pct":2.876984126984127,"asian_non_hispanic_pct":3.9285714285714284,"hispanic_or_latino_pct":18.888888888888889,"median_household_income":117695}},{"type":"Feature","geometry":{"type":"Point","coordinates":[-122.29967,40.50581]},"properties":{"station_id":214,"tract_geoid":"06089011502","state_fips":"06","state_name":"California","county_fips":"089","tract_code":"011502","site_name":"Redding Municipal Airport","industry":"Airport","matrix":"Groundwater","sample_year":2020,"longitude":-122.29967,"latitude":40.50581,"pfoa":820,"pfos":5000,"total_pfas":11201,"reported_pfas_level":11201,"total_population":2641,"people_of_color":343,"people_of_color_pct":12.98750473305566,"white_non_hispanic_pct":87.012495266944342,"black_non_hispanic_pct":0.037864445285876562,"asian_non_hispanic_pct":0,"hispanic_or_latino_pct":9.920484664899659,"median_household_income":70078}},{"type":"Feature","geometry":{"type":"Point","coordinates":[-120.934634,38.035311]},"properties":{"station_id":215,"tract_geoid":"06077004800","state_fips":"06","state_name":"California","county_fips":"077","tract_code":"004800","site_name":"Foothill Sanitary Landfill","industry":"Landfill","matrix":"Groundwater","sample_year":2020,"longitude":-120.934634,"latitude":38.035311,"pfoa":1100,"pfos":56,"total_pfas":12055,"reported_pfas_level":12055,"total_population":5333,"people_of_color":2336,"people_of_color_pct":43.802737671104445,"white_non_hispanic_pct":56.197262328895555,"black_non_hispanic_pct":1.8938683667729233,"asian_non_hispanic_pct":1.3875867241702606,"hispanic_or_latino_pct":38.177386086630413,"median_household_income":103284}},{"type":"Feature","geometry":{"type":"Point","coordinates":[-122,38.049444]},"properties":{"station_id":216,"tract_geoid":"06013315000","state_fips":"06","state_name":"California","county_fips":"013","tract_code":"315000","site_name":"CONCORD NAVAL WEAPONS STATION","industry":"Military","matrix":"Groundwater","sample_year":2020,"longitude":-122,"latitude":38.049444,"pfoa":2100,"pfos":11000,"total_pfas":14400,"reported_pfas_level":14400,"total_population":3511,"people_of_color":2478,"people_of_color_pct":70.578182853887782,"white_non_hispanic_pct":29.421817146112218,"black_non_hispanic_pct":8.9433209911706069,"asian_non_hispanic_pct":20.905724864710908,"hispanic_or_latino_pct":38.877812589005984,"median_household_income":138875}},{"type":"Feature","geometry":{"type":"Point","coordinates":[-121.85028,36.5873]},"properties":{"station_id":217,"tract_geoid":"06053013300","state_fips":"06","state_name":"California","county_fips":"053","tract_code":"013300","site_name":"Monterey Regional Airport","industry":"Airport","matrix":"Groundwater","sample_year":2020,"longitude":-121.85028,"latitude":36.5873,"pfoa":12700,"pfos":133,"total_pfas":18204,"reported_pfas_level":18204,"total_population":5751,"people_of_color":3182,"people_of_color_pct":55.329507911667534,"white_non_hispanic_pct":44.670492088332466,"black_non_hispanic_pct":0.43470700747696051,"asian_non_hispanic_pct":5.3903668927143107,"hispanic_or_latino_pct":42.601286732742132,"median_household_income":97188}},{"type":"Feature","geometry":{"type":"Point","coordinates":[-118.195651,34.155856]},"properties":{"station_id":218,"tract_geoid":"06037300902","state_fips":"06","state_name":"California","county_fips":"037","tract_code":"300902","site_name":"Scholl Canyon Landfill","industry":"Landfill","matrix":"Groundwater","sample_year":2019,"longitude":-118.195651,"latitude":34.155856,"pfoa":220,"pfos":75,"total_pfas":4415,"reported_pfas_level":4415,"total_population":2051,"people_of_color":661,"people_of_color_pct":32.228181374939055,"white_non_hispanic_pct":67.771818625060945,"black_non_hispanic_pct":0.68259385665529015,"asian_non_hispanic_pct":18.625060945880058,"hispanic_or_latino_pct":9.2150170648464158,"median_household_income":186250}},{"type":"Feature","geometry":{"type":"Point","coordinates":[-121.980081,37.418038]},"properties":{"station_id":219,"tract_geoid":"06085504602","state_fips":"06","state_name":"California","county_fips":"085","tract_code":"504602","site_name":"Highway 237 Landfill","industry":"Landfill","matrix":"Groundwater","sample_year":2019,"longitude":-121.980081,"latitude":37.418038,"pfoa":530,"pfos":38,"total_pfas":4472,"reported_pfas_level":4472,"total_population":1542,"people_of_color":1261,"people_of_color_pct":81.7769130998703,"white_non_hispanic_pct":18.2230869001297,"black_non_hispanic_pct":2.1400778210116731,"asian_non_hispanic_pct":18.547341115434502,"hispanic_or_latino_pct":58.365758754863812,"median_household_income":121953}},{"type":"Feature","geometry":{"type":"Point","coordinates":[-117.739105,35.601765]},"properties":{"station_id":220,"tract_geoid":"06029005509","state_fips":"06","state_name":"California","county_fips":"029","tract_code":"005509","site_name":"Ridgecrest/Inyokern Landfill","industry":"Landfill","matrix":"Groundwater","sample_year":2019,"longitude":-117.739105,"latitude":35.601765,"pfoa":7,"pfos":null,"total_pfas":7352,"reported_pfas_level":7352,"total_population":4737,"people_of_color":1524,"people_of_color_pct":32.172260924635843,"white_non_hispanic_pct":67.82773907536415,"black_non_hispanic_pct":4.13763985644923,"asian_non_hispanic_pct":4.4542959679121807,"hispanic_or_latino_pct":12.244036309900782,"median_household_income":100144}},{"type":"Feature","geometry":{"type":"Point","coordinates":[-121.730447,39.675815]},"properties":{"station_id":221,"tract_geoid":"06007002200","state_fips":"06","state_name":"California","county_fips":"007","tract_code":"002200","site_name":"Neal Rd Class III Landfill","industry":"Landfill","matrix":"Groundwater","sample_year":2019,"longitude":-121.730447,"latitude":39.675815,"pfoa":1100,"pfos":160,"total_pfas":8817,"reported_pfas_level":8817,"total_population":2248,"people_of_color":267,"people_of_color_pct":11.877224199288257,"white_non_hispanic_pct":88.12277580071175,"black_non_hispanic_pct":0.400355871886121,"asian_non_hispanic_pct":0.48932384341637009,"hispanic_or_latino_pct":5.6494661921708182,"median_household_income":94167}},{"type":"Feature","geometry":{"type":"Point","coordinates":[-120.11648,36.008858]},"properties":{"station_id":222,"tract_geoid":"06031001703","state_fips":"06","state_name":"California","county_fips":"031","tract_code":"001703","site_name":"Avenal Solid Waste Disposal Service","industry":"Landfill","matrix":"Groundwater","sample_year":2019,"longitude":-120.11648,"latitude":36.008858,"pfoa":1700,"pfos":null,"total_pfas":8983,"reported_pfas_level":8983,"total_population":4970,"people_of_color":4813,"people_of_color_pct":96.841046277666,"white_non_hispanic_pct":3.1589537223340041,"black_non_hispanic_pct":0.72434607645875249,"asian_non_hispanic_pct":1.2072434607645874,"hispanic_or_latino_pct":94.90945674044265,"median_household_income":60752}},{"type":"Feature","geometry":{"type":"Point","coordinates":[-116.627925,33.538476]},"properties":{"station_id":223,"tract_geoid":"06065044403","state_fips":"06","state_name":"California","county_fips":"065","tract_code":"044403","site_name":"Anza Sanitary Landfill","industry":"Landfill","matrix":"Groundwater","sample_year":2019,"longitude":-116.627925,"latitude":33.538476,"pfoa":140,"pfos":null,"total_pfas":10075,"reported_pfas_level":10075,"total_population":3799,"people_of_color":2283,"people_of_color_pct":60.094761779415634,"white_non_hispanic_pct":39.905238220584366,"black_non_hispanic_pct":0.18425901553040275,"asian_non_hispanic_pct":7.8704922347986308,"hispanic_or_latino_pct":47.222953408791788,"median_household_income":77768}},{"type":"Feature","geometry":{"type":"Point","coordinates":[-122.378955,37.621313]},"properties":{"station_id":224,"tract_geoid":"06081984300","state_fips":"06","state_name":"California","county_fips":"081","tract_code":"984300","site_name":"San Francisco International Airport","industry":"Airport","matrix":"Groundwater","sample_year":2019,"longitude":-122.378955,"latitude":37.621313,"pfoa":226,"pfos":1370,"total_pfas":12070,"reported_pfas_level":12070,"total_population":0,"people_of_color":0,"people_of_color_pct":null,"white_non_hispanic_pct":null,"black_non_hispanic_pct":null,"asian_non_hispanic_pct":null,"hispanic_or_latino_pct":null,"median_household_income":null}},{"type":"Feature","geometry":{"type":"Point","coordinates":[-116.864005,33.083729]},"properties":{"station_id":225,"tract_geoid":"06073020807","state_fips":"06","state_name":"California","county_fips":"073","tract_code":"020807","site_name":"Ramona Sanitary Landfill","industry":"Landfill","matrix":"Groundwater","sample_year":2019,"longitude":-116.864005,"latitude":33.083729,"pfoa":680,"pfos":9,"total_pfas":16486,"reported_pfas_level":16486,"total_population":2950,"people_of_color":1134,"people_of_color_pct":38.440677966101696,"white_non_hispanic_pct":61.559322033898304,"black_non_hispanic_pct":0.067796610169491525,"asian_non_hispanic_pct":2.5084745762711864,"hispanic_or_latino_pct":27.322033898305083,"median_household_income":128177}},{"type":"Feature","geometry":{"type":"Point","coordinates":[-121.928938,37.363947]},"properties":{"station_id":226,"tract_geoid":"06085505100","state_fips":"06","state_name":"California","county_fips":"085","tract_code":"505100","site_name":"San Jose International Airport","industry":"Airport","matrix":"Groundwater","sample_year":2019,"longitude":-121.928938,"latitude":37.363947,"pfoa":585,"pfos":2190,"total_pfas":35053,"reported_pfas_level":35053,"total_population":3993,"people_of_color":3275,"people_of_color_pct":82.018532431755574,"white_non_hispanic_pct":17.981467568244426,"black_non_hispanic_pct":3.3809166040571,"asian_non_hispanic_pct":39.819684447783622,"hispanic_or_latino_pct":35.962935136488852,"median_household_income":115395}},{"type":"Feature","geometry":{"type":"Point","coordinates":[-118.3514,34.19]},"properties":{"station_id":227,"tract_geoid":"06037311100","state_fips":"06","state_name":"California","county_fips":"037","tract_code":"311100","site_name":"San Fernando Valley (Area 1)","industry":"Industry","matrix":"Groundwater","sample_year":2025,"longitude":-118.3514,"latitude":34.19,"pfoa":4,"pfos":5,"total_pfas":null,"reported_pfas_level":9,"total_population":3923,"people_of_color":1994,"people_of_color_pct":50.828447616619933,"white_non_hispanic_pct":49.171552383380067,"black_non_hispanic_pct":0.9941371399439205,"asian_non_hispanic_pct":17.231710425694622,"hispanic_or_latino_pct":30.563344379301554,"median_household_income":99806}},{"type":"Feature","geometry":{"type":"Point","coordinates":[-121.70575,37.687252]},"properties":{"station_id":228,"tract_geoid":"06001451103","state_fips":"06","state_name":"California","county_fips":"001","tract_code":"451103","site_name":"Lawrence Livermore National Laboratory ","industry":"Industry","matrix":"Groundwater","sample_year":null,"longitude":-121.70575,"latitude":37.687252,"pfoa":3,"pfos":null,"total_pfas":null,"reported_pfas_level":3,"total_population":1354,"people_of_color":427,"people_of_color_pct":31.53618906942393,"white_non_hispanic_pct":68.463810930576074,"black_non_hispanic_pct":2.3633677991137372,"asian_non_hispanic_pct":6.2038404726735594,"hispanic_or_latino_pct":17.134416543574595,"median_household_income":250001}},{"type":"Feature","geometry":{"type":"Point","coordinates":[-119.110471,34.13921]},"properties":{"station_id":229,"tract_geoid":"06111004715","state_fips":"06","state_name":"California","county_fips":"111","tract_code":"004715","site_name":"Channel Islands","industry":"Military","matrix":"Soil","sample_year":2021,"longitude":-119.110471,"latitude":34.13921,"pfoa":770,"pfos":24000,"total_pfas":25060,"reported_pfas_level":25060,"total_population":4239,"people_of_color":3542,"people_of_color_pct":83.557442793111576,"white_non_hispanic_pct":16.442557206888416,"black_non_hispanic_pct":0.377447511205473,"asian_non_hispanic_pct":6.5345600377447512,"hispanic_or_latino_pct":71.6206652512385,"median_household_income":85517}},{"type":"Feature","geometry":{"type":"Point","coordinates":[-120.9181,37.71695]},"properties":{"station_id":230,"tract_geoid":"06099000405","state_fips":"06","state_name":"California","county_fips":"099","tract_code":"000405","site_name":"RIVERBANK ARMY AMMUNITION PLANT","industry":"Military","matrix":"Groundwater","sample_year":2022,"longitude":-120.9181,"latitude":37.71695,"pfoa":18,"pfos":10,"total_pfas":18,"reported_pfas_level":18,"total_population":2682,"people_of_color":1883,"people_of_color_pct":70.208799403430277,"white_non_hispanic_pct":29.791200596569723,"black_non_hispanic_pct":0.96942580164056669,"asian_non_hispanic_pct":0.85756897837434753,"hispanic_or_latino_pct":59.023117076808354,"median_household_income":59779}},{"type":"Feature","geometry":{"type":"Point","coordinates":[-116.434748,33.882016]},"properties":{"station_id":231,"tract_geoid":"06065044520","state_fips":"06","state_name":"California","county_fips":"065","tract_code":"044520","site_name":"Edom Hill Class III Waste Management Facility 01-141","industry":"Landfill","matrix":"Groundwater","sample_year":2019,"longitude":-116.434748,"latitude":33.882016,"pfoa":14,"pfos":null,"total_pfas":520,"reported_pfas_level":520,"total_population":1099,"people_of_color":556,"people_of_color_pct":50.591446769790721,"white_non_hispanic_pct":49.408553230209279,"black_non_hispanic_pct":1.6378525932666059,"asian_non_hispanic_pct":1.0009099181073704,"hispanic_or_latino_pct":45.49590536851683,"median_household_income":84750}},{"type":"Feature","geometry":{"type":"Point","coordinates":[-121.822393,36.656968]},"properties":{"station_id":232,"tract_geoid":"06053014108","state_fips":"06","state_name":"California","county_fips":"053","tract_code":"014108","site_name":"Fort Ord","industry":"Military","matrix":"Groundwater","sample_year":2019,"longitude":-121.822393,"latitude":36.656968,"pfoa":8,"pfos":447,"total_pfas":null,"reported_pfas_level":560,"total_population":5200,"people_of_color":2962,"people_of_color_pct":56.96153846153846,"white_non_hispanic_pct":43.03846153846154,"black_non_hispanic_pct":3.3653846153846154,"asian_non_hispanic_pct":16.48076923076923,"hispanic_or_latino_pct":27.596153846153847,"median_household_income":79931}},{"type":"Feature","geometry":{"type":"Point","coordinates":[-122.410995,37.491029]},"properties":{"station_id":233,"tract_geoid":"06081613501","state_fips":"06","state_name":"California","county_fips":"081","tract_code":"613501","site_name":"Ox Mountain (Corinda Los Trancos) Landfill","industry":"Landfill","matrix":"Groundwater","sample_year":2019,"longitude":-122.410995,"latitude":37.491029,"pfoa":33,"pfos":7,"total_pfas":593,"reported_pfas_level":593,"total_population":4379,"people_of_color":2268,"people_of_color_pct":51.792646722996118,"white_non_hispanic_pct":48.207353277003882,"black_non_hispanic_pct":0.47956154373144555,"asian_non_hispanic_pct":8.1753825074217854,"hispanic_or_latino_pct":37.61132678693766,"median_household_income":172869}},{"type":"Feature","geometry":{"type":"Point","coordinates":[-120.841636,38.034788]},"properties":{"station_id":234,"tract_geoid":"06009000124","state_fips":"06","state_name":"California","county_fips":"009","tract_code":"000124","site_name":"Rock Creek Landfill","industry":"Landfill","matrix":"Groundwater","sample_year":2019,"longitude":-120.841636,"latitude":38.034788,"pfoa":32,"pfos":null,"total_pfas":598,"reported_pfas_level":598,"total_population":2119,"people_of_color":472,"people_of_color_pct":22.274657857479944,"white_non_hispanic_pct":77.725342142520063,"black_non_hispanic_pct":0.42472864558754131,"asian_non_hispanic_pct":0,"hispanic_or_latino_pct":15.57338367154318,"median_household_income":98068}},{"type":"Feature","geometry":{"type":"Point","coordinates":[-121.46975,38.58505]},"properties":{"station_id":235,"tract_geoid":"06067005301","state_fips":"06","state_name":"California","county_fips":"067","tract_code":"005301","site_name":"Dellar Landfill","industry":"Landfill","matrix":"Groundwater","sample_year":2019,"longitude":-121.46975,"latitude":38.58505,"pfoa":120,"pfos":87,"total_pfas":606,"reported_pfas_level":606,"total_population":2332,"people_of_color":1211,"people_of_color_pct":51.929674099485418,"white_non_hispanic_pct":48.070325900514582,"black_non_hispanic_pct":12.9073756432247,"asian_non_hispanic_pct":9.5197255574614061,"hispanic_or_latino_pct":16.938250428816467,"median_household_income":94861}},{"type":"Feature","geometry":{"type":"Point","coordinates":[-121.867023,37.328089]},"properties":{"station_id":236,"tract_geoid":"06085503105","state_fips":"06","state_name":"California","county_fips":"085","tract_code":"503105","site_name":"Story Road Landfill","industry":"Landfill","matrix":"Groundwater","sample_year":2019,"longitude":-121.867023,"latitude":37.328089,"pfoa":140,"pfos":110,"total_pfas":660,"reported_pfas_level":660,"total_population":2012,"people_of_color":1802,"people_of_color_pct":89.562624254473164,"white_non_hispanic_pct":10.43737574552684,"black_non_hispanic_pct":0.049701789264413522,"asian_non_hispanic_pct":62.077534791252482,"hispanic_or_latino_pct":26.391650099403577,"median_household_income":61838}},{"type":"Feature","geometry":{"type":"Point","coordinates":[-122.39667,40.67]},"properties":{"station_id":237,"tract_geoid":"06089011600","state_fips":"06","state_name":"California","county_fips":"089","tract_code":"011600","site_name":"Buckeye Landfill","industry":"Landfill","matrix":"Groundwater","sample_year":2019,"longitude":-122.39667,"latitude":40.67,"pfoa":280,"pfos":180,"total_pfas":764,"reported_pfas_level":764,"total_population":3525,"people_of_color":664,"people_of_color_pct":18.836879432624112,"white_non_hispanic_pct":81.163120567375884,"black_non_hispanic_pct":0,"asian_non_hispanic_pct":4.1702127659574471,"hispanic_or_latino_pct":11.375886524822695,"median_household_income":75348}},{"type":"Feature","geometry":{"type":"Point","coordinates":[-116.943629,32.732703]},"properties":{"station_id":238,"tract_geoid":"06073013506","state_fips":"06","state_name":"California","county_fips":"073","tract_code":"013506","site_name":"Jamacha Sanitary Landfill","industry":"Landfill","matrix":"Groundwater","sample_year":2019,"longitude":-116.943629,"latitude":32.732703,"pfoa":110,"pfos":58,"total_pfas":818,"reported_pfas_level":818,"total_population":4331,"people_of_color":2414,"people_of_color_pct":55.73770491803279,"white_non_hispanic_pct":44.26229508196721,"black_non_hispanic_pct":3.6481182175017315,"asian_non_hispanic_pct":7.73493419533595,"hispanic_or_latino_pct":37.335488339875319,"median_household_income":111304}},{"type":"Feature","geometry":{"type":"Point","coordinates":[-121.141229,41.130473]},"properties":{"station_id":239,"tract_geoid":"06035040100","state_fips":"06","state_name":"California","county_fips":"035","tract_code":"040100","site_name":"Bieber Class III Landfill","industry":"Landfill","matrix":"Groundwater","sample_year":2019,"longitude":-121.141229,"latitude":41.130473,"pfoa":420,"pfos":null,"total_pfas":986,"reported_pfas_level":986,"total_population":1289,"people_of_color":315,"people_of_color_pct":24.437548487199379,"white_non_hispanic_pct":75.562451512800621,"black_non_hispanic_pct":3.1031807602792862,"asian_non_hispanic_pct":3.4134988363072147,"hispanic_or_latino_pct":12.56788207913111,"median_household_income":43239}},{"type":"Feature","geometry":{"type":"Point","coordinates":[-122.1058,36.9768]},"properties":{"station_id":240,"tract_geoid":"06087120200","state_fips":"06","state_name":"California","county_fips":"087","tract_code":"120200","site_name":"Santa Cruz Class III Landfill","industry":"Landfill","matrix":"Groundwater","sample_year":2019,"longitude":-122.1058,"latitude":36.9768,"pfoa":110,"pfos":110,"total_pfas":1002,"reported_pfas_level":1002,"total_population":4237,"people_of_color":1467,"people_of_color_pct":34.623554401699316,"white_non_hispanic_pct":65.376445598300691,"black_non_hispanic_pct":0.51923530800094408,"asian_non_hispanic_pct":3.8942648100070807,"hispanic_or_latino_pct":20.722209110219495,"median_household_income":133750}},{"type":"Feature","geometry":{"type":"Point","coordinates":[-117.012185,32.601708]},"properties":{"station_id":241,"tract_geoid":"06073013317","state_fips":"06","state_name":"California","county_fips":"073","tract_code":"013317","site_name":"Otay Annex Sanitary Landfill","industry":"Landfill","matrix":"Groundwater","sample_year":2019,"longitude":-117.012185,"latitude":32.601708,"pfoa":95,"pfos":8,"total_pfas":1074,"reported_pfas_level":1074,"total_population":18047,"people_of_color":15507,"people_of_color_pct":85.925638610295337,"white_non_hispanic_pct":14.074361389704659,"black_non_hispanic_pct":6.4996952402061288,"asian_non_hispanic_pct":32.958386435418632,"hispanic_or_latino_pct":42.982213110212221,"median_household_income":129469}},{"type":"Feature","geometry":{"type":"Point","coordinates":[-118.712053,34.147549]},"properties":{"station_id":242,"tract_geoid":"06037800328","state_fips":"06","state_name":"California","county_fips":"037","tract_code":"800328","site_name":"Calabasas Landfill","industry":"Landfill","matrix":"Groundwater","sample_year":2019,"longitude":-118.712053,"latitude":34.147549,"pfoa":33,"pfos":2,"total_pfas":1126,"reported_pfas_level":1126,"total_population":1306,"people_of_color":405,"people_of_color_pct":31.010719754977028,"white_non_hispanic_pct":68.989280245022968,"black_non_hispanic_pct":0,"asian_non_hispanic_pct":15.773353751914241,"hispanic_or_latino_pct":11.332312404287903,"median_household_income":173125}},{"type":"Feature","geometry":{"type":"Point","coordinates":[-117.012741,32.605733]},"properties":{"station_id":243,"tract_geoid":"06073013317","state_fips":"06","state_name":"California","county_fips":"073","tract_code":"013317","site_name":"Otay Class 1 Landfill","industry":"Landfill","matrix":"Groundwater","sample_year":2019,"longitude":-117.012741,"latitude":32.605733,"pfoa":38,"pfos":2,"total_pfas":1128,"reported_pfas_level":1128,"total_population":18047,"people_of_color":15507,"people_of_color_pct":85.925638610295337,"white_non_hispanic_pct":14.074361389704659,"black_non_hispanic_pct":6.4996952402061288,"asian_non_hispanic_pct":32.958386435418632,"hispanic_or_latino_pct":42.982213110212221,"median_household_income":129469}},{"type":"Feature","geometry":{"type":"Point","coordinates":[-117.030204,32.856071]},"properties":{"station_id":244,"tract_geoid":"06073009504","state_fips":"06","state_name":"California","county_fips":"073","tract_code":"009504","site_name":"Sycamore Canyon Landfill","industry":"Landfill","matrix":"Groundwater","sample_year":2019,"longitude":-117.030204,"latitude":32.856071,"pfoa":170,"pfos":53,"total_pfas":1155,"reported_pfas_level":1155,"total_population":6428,"people_of_color":3032,"people_of_color_pct":47.168637212196643,"white_non_hispanic_pct":52.831362787803357,"black_non_hispanic_pct":2.4579962663347854,"asian_non_hispanic_pct":22.884256378344741,"hispanic_or_latino_pct":15.572495332918482,"median_household_income":250001}},{"type":"Feature","geometry":{"type":"Point","coordinates":[-122.359429,37.59007]},"properties":{"station_id":245,"tract_geoid":"06081605400","state_fips":"06","state_name":"California","county_fips":"081","tract_code":"605400","site_name":"Burlingame Landfill (Sports Complex)","industry":"Landfill","matrix":"Groundwater","sample_year":2019,"longitude":-122.359429,"latitude":37.59007,"pfoa":480,"pfos":92,"total_pfas":1396,"reported_pfas_level":1396,"total_population":6557,"people_of_color":2923,"people_of_color_pct":44.578313253012048,"white_non_hispanic_pct":55.421686746987952,"black_non_hispanic_pct":0,"asian_non_hispanic_pct":22.098520664938235,"hispanic_or_latino_pct":17.797773371968887,"median_household_income":166972}},{"type":"Feature","geometry":{"type":"Point","coordinates":[-122.601741,38.95393]},"properties":{"station_id":246,"tract_geoid":"06033000702","state_fips":"06","state_name":"California","county_fips":"033","tract_code":"000702","site_name":"Eastlake Landfill","industry":"Landfill","matrix":"Groundwater","sample_year":2019,"longitude":-122.601741,"latitude":38.95393,"pfoa":240,"pfos":18,"total_pfas":1493,"reported_pfas_level":1493,"total_population":4586,"people_of_color":2785,"people_of_color_pct":60.728303532490187,"white_non_hispanic_pct":39.271696467509813,"black_non_hispanic_pct":0.87221979938944616,"asian_non_hispanic_pct":0,"hispanic_or_latino_pct":52.594853903183605,"median_household_income":37765}},{"type":"Feature","geometry":{"type":"Point","coordinates":[-122.396967,37.69632]},"properties":{"station_id":247,"tract_geoid":"06081600100","state_fips":"06","state_name":"California","county_fips":"081","tract_code":"600100","site_name":"Brisbane Class II Landfill","industry":"Landfill","matrix":"Groundwater","sample_year":2019,"longitude":-122.396967,"latitude":37.69632,"pfoa":130,"pfos":330,"total_pfas":1568,"reported_pfas_level":1568,"total_population":5295,"people_of_color":3222,"people_of_color_pct":60.849858356940508,"white_non_hispanic_pct":39.150141643059492,"black_non_hispanic_pct":0.018885741265344664,"asian_non_hispanic_pct":36.770538243626063,"hispanic_or_latino_pct":16.770538243626063,"median_household_income":156310}},{"type":"Feature","geometry":{"type":"Point","coordinates":[-117.928722,33.613901]},"properties":{"station_id":248,"tract_geoid":"06059063500","state_fips":"06","state_name":"California","county_fips":"059","tract_code":"063500","site_name":"Newport Plating","industry":"Superfund Site","matrix":"Groundwater","sample_year":2019,"longitude":-117.928722,"latitude":33.613901,"pfoa":170,"pfos":1100,"total_pfas":1663,"reported_pfas_level":1663,"total_population":5499,"people_of_color":1190,"people_of_color_pct":21.640298236042916,"white_non_hispanic_pct":78.359701763957077,"black_non_hispanic_pct":0,"asian_non_hispanic_pct":1.3638843426077469,"hispanic_or_latino_pct":17.384979087106746,"median_household_income":143381}},{"type":"Feature","geometry":{"type":"Point","coordinates":[-117.273322,33.127106]},"properties":{"station_id":249,"tract_geoid":"06073022101","state_fips":"06","state_name":"California","county_fips":"073","tract_code":"022101","site_name":"Palomar Airport Landfill","industry":"Landfill","matrix":"Groundwater","sample_year":2019,"longitude":-117.273322,"latitude":33.127106,"pfoa":110,"pfos":180,"total_pfas":1807,"reported_pfas_level":1807,"total_population":2514,"people_of_color":742,"people_of_color_pct":29.514717581543358,"white_non_hispanic_pct":70.485282418456649,"black_non_hispanic_pct":1.431980906921241,"asian_non_hispanic_pct":5.4494828957836114,"hispanic_or_latino_pct":4.1368337311058072,"median_household_income":190469}},{"type":"Feature","geometry":{"type":"Point","coordinates":[-122.745544,38.29526]},"properties":{"station_id":250,"tract_geoid":"06097151100","state_fips":"06","state_name":"California","county_fips":"097","tract_code":"151100","site_name":"Sonoma County Central Solid Waste Disposal Service","industry":"Landfill","matrix":"Groundwater","sample_year":2019,"longitude":-122.745544,"latitude":38.29526,"pfoa":260,"pfos":17,"total_pfas":1831,"reported_pfas_level":1831,"total_population":4897,"people_of_color":1361,"people_of_color_pct":27.792526036348786,"white_non_hispanic_pct":72.207473963651211,"black_non_hispanic_pct":1.2865019399632427,"asian_non_hispanic_pct":1.1843986113947316,"hispanic_or_latino_pct":20.318562385133756,"median_household_income":127713}},{"type":"Feature","geometry":{"type":"Point","coordinates":[-121.975733,38.22859]},"properties":{"station_id":251,"tract_geoid":"06095252702","state_fips":"06","state_name":"California","county_fips":"095","tract_code":"252702","site_name":"Solano Class III Disposal","industry":"Landfill","matrix":"Groundwater","sample_year":2019,"longitude":-121.975733,"latitude":38.22859,"pfoa":12,"pfos":13,"total_pfas":1900,"reported_pfas_level":1900,"total_population":7119,"people_of_color":5469,"people_of_color_pct":76.822587442056474,"white_non_hispanic_pct":23.17741255794353,"black_non_hispanic_pct":21.463688720325887,"asian_non_hispanic_pct":22.03961230509903,"hispanic_or_latino_pct":21.730580137659782,"median_household_income":65833}},{"type":"Feature","geometry":{"type":"Point","coordinates":[-121.6498,37.749392]},"properties":{"station_id":252,"tract_geoid":"06001451104","state_fips":"06","state_name":"California","county_fips":"001","tract_code":"451104","site_name":"Altamont Landfill","industry":"Landfill","matrix":"Groundwater","sample_year":2019,"longitude":-121.6498,"latitude":37.749392,"pfoa":400,"pfos":36,"total_pfas":1905,"reported_pfas_level":1905,"total_population":6474,"people_of_color":3548,"people_of_color_pct":54.803830707445165,"white_non_hispanic_pct":45.196169292554835,"black_non_hispanic_pct":6.6265060240963853,"asian_non_hispanic_pct":23.802903923385852,"hispanic_or_latino_pct":18.273092369477911,"median_household_income":183846}},{"type":"Feature","geometry":{"type":"Point","coordinates":[-122.17233,37.491958]},"properties":{"station_id":253,"tract_geoid":"06081611700","state_fips":"06","state_name":"California","county_fips":"081","tract_code":"611700","site_name":"Marsh Road Landfill","industry":"Landfill","matrix":"Groundwater","sample_year":2019,"longitude":-122.17233,"latitude":37.491958,"pfoa":360,"pfos":120,"total_pfas":1907,"reported_pfas_level":1907,"total_population":6627,"people_of_color":6044,"people_of_color_pct":91.202655802022036,"white_non_hispanic_pct":8.797344197977969,"black_non_hispanic_pct":5.52286102308737,"asian_non_hispanic_pct":19.707258186207937,"hispanic_or_latino_pct":62.064282480760525,"median_household_income":158333}},{"type":"Feature","geometry":{"type":"Point","coordinates":[-121.384855,39.073853]},"properties":{"station_id":254,"tract_geoid":"06115040800","state_fips":"06","state_name":"California","county_fips":"115","tract_code":"040800","site_name":"Ostrom Road Landfill","industry":"Landfill","matrix":"Groundwater","sample_year":2019,"longitude":-121.384855,"latitude":39.073853,"pfoa":150,"pfos":6,"total_pfas":2011,"reported_pfas_level":2011,"total_population":4495,"people_of_color":1535,"people_of_color_pct":34.149054505005559,"white_non_hispanic_pct":65.850945494994434,"black_non_hispanic_pct":0.02224694104560623,"asian_non_hispanic_pct":1.4905450500556174,"hispanic_or_latino_pct":19.043381535038932,"median_household_income":92500}},{"type":"Feature","geometry":{"type":"Point","coordinates":[-120.0102,37.50128]},"properties":{"station_id":255,"tract_geoid":"06043000101","state_fips":"06","state_name":"California","county_fips":"043","tract_code":"000101","site_name":"Mariposa County Municipal Solid Waste Landfill","industry":"Landfill","matrix":"Groundwater","sample_year":2019,"longitude":-120.0102,"latitude":37.50128,"pfoa":450,"pfos":null,"total_pfas":2023,"reported_pfas_level":2023,"total_population":3122,"people_of_color":822,"people_of_color_pct":26.32927610506086,"white_non_hispanic_pct":73.670723894939144,"black_non_hispanic_pct":1.857783472133248,"asian_non_hispanic_pct":2.498398462524023,"hispanic_or_latino_pct":12.043561819346573,"median_household_income":60536}},{"type":"Feature","geometry":{"type":"Point","coordinates":[-117.201842,33.137987]},"properties":{"station_id":256,"tract_geoid":"06073020029","state_fips":"06","state_name":"California","county_fips":"073","tract_code":"020029","site_name":"Bradley Park - Old Linda Vista Landfill","industry":"Landfill","matrix":"Groundwater","sample_year":2019,"longitude":-117.201842,"latitude":33.137987,"pfoa":110,"pfos":90,"total_pfas":2028,"reported_pfas_level":2028,"total_population":7007,"people_of_color":5193,"people_of_color_pct":74.111602683031251,"white_non_hispanic_pct":25.888397316968746,"black_non_hispanic_pct":1.7411160268303125,"asian_non_hispanic_pct":8.7626659055230487,"hispanic_or_latino_pct":56.800342514628227,"median_household_income":77449}},{"type":"Feature","geometry":{"type":"Point","coordinates":[-119.61586,35.39896]},"properties":{"station_id":257,"tract_geoid":"06029003304","state_fips":"06","state_name":"California","county_fips":"029","tract_code":"003304","site_name":"Clean Harbors Buttonwillow,Inc","industry":"Landfill","matrix":"Groundwater","sample_year":2019,"longitude":-119.61586,"latitude":35.39896,"pfoa":120,"pfos":3,"total_pfas":2077,"reported_pfas_level":2077,"total_population":2764,"people_of_color":1255,"people_of_color_pct":45.405209840810421,"white_non_hispanic_pct":54.594790159189579,"black_non_hispanic_pct":2.8581765557163532,"asian_non_hispanic_pct":1.6280752532561504,"hispanic_or_latino_pct":35.057887120115772,"median_household_income":92500}},{"type":"Feature","geometry":{"type":"Point","coordinates":[-121.978126,38.211002]},"properties":{"station_id":258,"tract_geoid":"06095252702","state_fips":"06","state_name":"California","county_fips":"095","tract_code":"252702","site_name":"Potrero Hills Landfill","industry":"Landfill","matrix":"Groundwater","sample_year":2019,"longitude":-121.978126,"latitude":38.211002,"pfoa":320,"pfos":null,"total_pfas":2122,"reported_pfas_level":2122,"total_population":7119,"people_of_color":5469,"people_of_color_pct":76.822587442056474,"white_non_hispanic_pct":23.17741255794353,"black_non_hispanic_pct":21.463688720325887,"asian_non_hispanic_pct":22.03961230509903,"hispanic_or_latino_pct":21.730580137659782,"median_household_income":65833}},{"type":"Feature","geometry":{"type":"Point","coordinates":[-118.313816,34.206782]},"properties":{"station_id":259,"tract_geoid":"06037310100","state_fips":"06","state_name":"California","county_fips":"037","tract_code":"310100","site_name":"Burbank Landfill","industry":"Landfill","matrix":"Groundwater","sample_year":2019,"longitude":-118.313816,"latitude":34.206782,"pfoa":150,"pfos":null,"total_pfas":2158,"reported_pfas_level":2158,"total_population":5968,"people_of_color":1713,"people_of_color_pct":28.703083109919572,"white_non_hispanic_pct":71.296916890080425,"black_non_hispanic_pct":5.0938337801608577,"asian_non_hispanic_pct":9.2995978552278817,"hispanic_or_latino_pct":10.036863270777481,"median_household_income":171991}},{"type":"Feature","geometry":{"type":"Point","coordinates":[-120.126538,34.482394]},"properties":{"station_id":260,"tract_geoid":"06083002932","state_fips":"06","state_name":"California","county_fips":"083","tract_code":"002932","site_name":"Tajiguas Solid Waste Site","industry":"Landfill","matrix":"Groundwater","sample_year":2019,"longitude":-120.126538,"latitude":34.482394,"pfoa":250,"pfos":null,"total_pfas":2222,"reported_pfas_level":2222,"total_population":2342,"people_of_color":1261,"people_of_color_pct":53.842869342442356,"white_non_hispanic_pct":46.157130657557644,"black_non_hispanic_pct":1.067463706233988,"asian_non_hispanic_pct":10.589239965841161,"hispanic_or_latino_pct":39.92314261315115,"median_household_income":120250}},{"type":"Feature","geometry":{"type":"Point","coordinates":[-121.97234,37.411113]},"properties":{"station_id":261,"tract_geoid":"06085505010","state_fips":"06","state_name":"California","county_fips":"085","tract_code":"505010","site_name":"Santa Clara All Purpose Landfill","industry":"Landfill","matrix":"Groundwater","sample_year":2019,"longitude":-121.97234,"latitude":37.411113,"pfoa":280,"pfos":null,"total_pfas":2298,"reported_pfas_level":2298,"total_population":4756,"people_of_color":4015,"people_of_color_pct":84.419680403700582,"white_non_hispanic_pct":15.580319596299411,"black_non_hispanic_pct":3.847771236333053,"asian_non_hispanic_pct":65.096719932716567,"hispanic_or_latino_pct":11.732548359966358,"median_household_income":202663}},{"type":"Feature","geometry":{"type":"Point","coordinates":[-121.812354,36.917829]},"properties":{"station_id":262,"tract_geoid":"06087122300","state_fips":"06","state_name":"California","county_fips":"087","tract_code":"122300","site_name":"Watsonville Class III Landfill","industry":"Landfill","matrix":"Groundwater","sample_year":2019,"longitude":-121.812354,"latitude":36.917829,"pfoa":61,"pfos":null,"total_pfas":2364,"reported_pfas_level":2364,"total_population":3804,"people_of_color":1603,"people_of_color_pct":42.13985278654048,"white_non_hispanic_pct":57.86014721345952,"black_non_hispanic_pct":0.026288117770767613,"asian_non_hispanic_pct":1.6561514195583595,"hispanic_or_latino_pct":34.2534174553102,"median_household_income":103929}},{"type":"Feature","geometry":{"type":"Point","coordinates":[-121.943335,37.458801]},"properties":{"station_id":263,"tract_geoid":"06085504602","state_fips":"06","state_name":"California","county_fips":"085","tract_code":"504602","site_name":"Newby Island Landfill","industry":"Landfill","matrix":"Groundwater","sample_year":2019,"longitude":-121.943335,"latitude":37.458801,"pfoa":140,"pfos":29,"total_pfas":2725,"reported_pfas_level":2725,"total_population":1542,"people_of_color":1261,"people_of_color_pct":81.7769130998703,"white_non_hispanic_pct":18.2230869001297,"black_non_hispanic_pct":2.1400778210116731,"asian_non_hispanic_pct":18.547341115434502,"hispanic_or_latino_pct":58.365758754863812,"median_household_income":121953}},{"type":"Feature","geometry":{"type":"Point","coordinates":[-118.297187,33.775384]},"properties":{"station_id":264,"tract_geoid":"06037980015","state_fips":"06","state_name":"California","county_fips":"037","tract_code":"980015","site_name":"DFSP San Pedro","industry":"Military","matrix":"Groundwater","sample_year":null,"longitude":-118.297187,"latitude":33.775384,"pfoa":340,"pfos":970,"total_pfas":null,"reported_pfas_level":970,"total_population":1392,"people_of_color":1141,"people_of_color_pct":81.9683908045977,"white_non_hispanic_pct":18.0316091954023,"black_non_hispanic_pct":25,"asian_non_hispanic_pct":13.936781609195402,"hispanic_or_latino_pct":33.979885057471265,"median_household_income":79375}},{"type":"Feature","geometry":{"type":"Point","coordinates":[-122.163022,38.026588]},"properties":{"station_id":265,"tract_geoid":"06013318000","state_fips":"06","state_name":"California","county_fips":"013","tract_code":"318000","site_name":"DFSP Ozol","industry":"Military","matrix":"Groundwater","sample_year":null,"longitude":-122.163022,"latitude":38.026588,"pfoa":489,"pfos":24700,"total_pfas":null,"reported_pfas_level":24700,"total_population":3514,"people_of_color":1057,"people_of_color_pct":30.0796812749004,"white_non_hispanic_pct":69.9203187250996,"black_non_hispanic_pct":1.2236767216846898,"asian_non_hispanic_pct":3.898690950483779,"hispanic_or_latino_pct":15.907797381900968,"median_household_income":101947}},{"type":"Feature","geometry":{"type":"Point","coordinates":[-119.119092,34.116518]},"properties":{"station_id":266,"tract_geoid":"06111004600","state_fips":"06","state_name":"California","county_fips":"111","tract_code":"004600","site_name":"Naval Air Station Point Mugu CA NAVAIRWARC","industry":"Military","matrix":"Groundwater","sample_year":null,"longitude":-119.119092,"latitude":34.116518,"pfoa":1071530,"pfos":13407957,"total_pfas":null,"reported_pfas_level":13407957,"total_population":1860,"people_of_color":766,"people_of_color_pct":41.182795698924728,"white_non_hispanic_pct":58.817204301075272,"black_non_hispanic_pct":5.913978494623656,"asian_non_hispanic_pct":3.4946236559139785,"hispanic_or_latino_pct":22.365591397849464,"median_household_income":67460}},{"type":"Feature","geometry":{"type":"Point","coordinates":[-117.657437,35.655171]},"properties":{"station_id":267,"tract_geoid":"06029005300","state_fips":"06","state_name":"California","county_fips":"029","tract_code":"005300","site_name":"Naval Air Weapons Station China Lake","industry":"Military","matrix":"Groundwater","sample_year":2016,"longitude":-117.657437,"latitude":35.655171,"pfoa":null,"pfos":null,"total_pfas":null,"reported_pfas_level":8000000,"total_population":2416,"people_of_color":1282,"people_of_color_pct":53.062913907284766,"white_non_hispanic_pct":46.937086092715234,"black_non_hispanic_pct":13.700331125827814,"asian_non_hispanic_pct":4.2218543046357615,"hispanic_or_latino_pct":28.352649006622517,"median_household_income":58261}},{"type":"Feature","geometry":{"type":"Point","coordinates":[-121.23129,36.003606]},"properties":{"station_id":268,"tract_geoid":"06053011400","state_fips":"06","state_name":"California","county_fips":"053","tract_code":"011400","site_name":"Fort Hunter Liggett","industry":"Military","matrix":"Groundwater","sample_year":2016,"longitude":-121.23129,"latitude":36.003606,"pfoa":null,"pfos":120,"total_pfas":null,"reported_pfas_level":120,"total_population":4951,"people_of_color":2030,"people_of_color_pct":41.001817814582914,"white_non_hispanic_pct":58.998182185417086,"black_non_hispanic_pct":0.30296909715209047,"asian_non_hispanic_pct":1.59563724500101,"hispanic_or_latino_pct":31.670369622298526,"median_household_income":101750}},{"type":"Feature","geometry":{"type":"Point","coordinates":[-121.822393,36.656968]},"properties":{"station_id":269,"tract_geoid":"06053014108","state_fips":"06","state_name":"California","county_fips":"053","tract_code":"014108","site_name":"Fort Ord","industry":"Military","matrix":"Groundwater","sample_year":2019,"longitude":-121.822393,"latitude":36.656968,"pfoa":8,"pfos":447,"total_pfas":null,"reported_pfas_level":560,"total_population":5200,"people_of_color":2962,"people_of_color_pct":56.96153846153846,"white_non_hispanic_pct":43.03846153846154,"black_non_hispanic_pct":3.3653846153846154,"asian_non_hispanic_pct":16.48076923076923,"hispanic_or_latino_pct":27.596153846153847,"median_household_income":79931}},{"type":"Feature","geometry":{"type":"Point","coordinates":[-117.320512,33.317842]},"properties":{"station_id":270,"tract_geoid":"06073018700","state_fips":"06","state_name":"California","county_fips":"073","tract_code":"018700","site_name":"Marine Corps Base Camp Pendleton (South)","industry":"Military","matrix":"Groundwater","sample_year":2014,"longitude":-117.320512,"latitude":33.317842,"pfoa":24,"pfos":null,"total_pfas":null,"reported_pfas_level":24,"total_population":40415,"people_of_color":21336,"people_of_color_pct":52.7922800940245,"white_non_hispanic_pct":47.2077199059755,"black_non_hispanic_pct":7.1903996041073857,"asian_non_hispanic_pct":6.0695286403563031,"hispanic_or_latino_pct":31.958431275516517,"median_household_income":67156}},{"type":"Feature","geometry":{"type":"Point","coordinates":[-116.954392,34.875791]},"properties":{"station_id":271,"tract_geoid":"06071012002","state_fips":"06","state_name":"California","county_fips":"071","tract_code":"012002","site_name":"Marine Corps Logistics Base Barstow","industry":"Military","matrix":"Groundwater","sample_year":2016,"longitude":-116.954392,"latitude":34.875791,"pfoa":null,"pfos":null,"total_pfas":null,"reported_pfas_level":138,"total_population":5361,"people_of_color":4240,"people_of_color_pct":79.089722066778592,"white_non_hispanic_pct":20.910277933221415,"black_non_hispanic_pct":22.439843312814773,"asian_non_hispanic_pct":4.1410184667039731,"hispanic_or_latino_pct":43.350121246036188,"median_household_income":44798}},{"type":"Feature","geometry":{"type":"Point","coordinates":[-122.371174,37.817377]},"properties":{"station_id":272,"tract_geoid":"06075017903","state_fips":"06","state_name":"California","county_fips":"075","tract_code":"017903","site_name":"Naval Station Treasure Island","industry":"Military","matrix":"Groundwater","sample_year":2016,"longitude":-122.371174,"latitude":37.817377,"pfoa":null,"pfos":null,"total_pfas":null,"reported_pfas_level":10750,"total_population":2429,"people_of_color":1719,"people_of_color_pct":70.769864141622065,"white_non_hispanic_pct":29.230135858377935,"black_non_hispanic_pct":17.661589131329766,"asian_non_hispanic_pct":6.1753808151502678,"hispanic_or_latino_pct":32.02964182791272,"median_household_income":93269}},{"type":"Feature","geometry":{"type":"Point","coordinates":[-117.261733,33.890884]},"properties":{"station_id":273,"tract_geoid":"06065046700","state_fips":"06","state_name":"California","county_fips":"065","tract_code":"046700","site_name":"March Air Force Base","industry":"Military","matrix":"Groundwater","sample_year":2016,"longitude":-117.261733,"latitude":33.890884,"pfoa":null,"pfos":null,"total_pfas":null,"reported_pfas_level":9666,"total_population":4388,"people_of_color":3684,"people_of_color_pct":83.956244302643569,"white_non_hispanic_pct":16.043755697356428,"black_non_hispanic_pct":10.300820419325433,"asian_non_hispanic_pct":8.40929808568824,"hispanic_or_latino_pct":58.796718322698268,"median_household_income":55476}},{"type":"Feature","geometry":{"type":"Point","coordinates":[-121.775444,38.384953]},"properties":{"station_id":274,"tract_geoid":"06095253300","state_fips":"06","state_name":"California","county_fips":"095","tract_code":"253300","site_name":"Naval Support Activity Monterey - Naval Radio Transmitter Facility Dixon","industry":"Military","matrix":"Groundwater","sample_year":2016,"longitude":-121.775444,"latitude":38.384953,"pfoa":null,"pfos":null,"total_pfas":null,"reported_pfas_level":260,"total_population":3680,"people_of_color":1845,"people_of_color_pct":50.135869565217391,"white_non_hispanic_pct":49.864130434782609,"black_non_hispanic_pct":2.9619565217391304,"asian_non_hispanic_pct":1.8478260869565217,"hispanic_or_latino_pct":38.315217391304351,"median_household_income":103131}},{"type":"Feature","geometry":{"type":"Point","coordinates":[-122.312679,37.78274]},"properties":{"station_id":275,"tract_geoid":"06001428700","state_fips":"06","state_name":"California","county_fips":"001","tract_code":"428700","site_name":"Naval Air Station Alameda","industry":"Military","matrix":"Groundwater","sample_year":2016,"longitude":-122.312679,"latitude":37.78274,"pfoa":null,"pfos":null,"total_pfas":null,"reported_pfas_level":336000,"total_population":5600,"people_of_color":4307,"people_of_color_pct":76.910714285714292,"white_non_hispanic_pct":23.089285714285715,"black_non_hispanic_pct":13.178571428571429,"asian_non_hispanic_pct":40.589285714285715,"hispanic_or_latino_pct":15.571428571428571,"median_household_income":191528}},{"type":"Feature","geometry":{"type":"Point","coordinates":[-119.200163,34.16816]},"properties":{"station_id":276,"tract_geoid":"06111004305","state_fips":"06","state_name":"California","county_fips":"111","tract_code":"004305","site_name":"Naval Construction Battalion Center Port Hueneme","industry":"Military","matrix":"Groundwater","sample_year":2016,"longitude":-119.200163,"latitude":34.16816,"pfoa":null,"pfos":null,"total_pfas":null,"reported_pfas_level":1080000,"total_population":2193,"people_of_color":1059,"people_of_color_pct":48.290013679890563,"white_non_hispanic_pct":51.709986320109437,"black_non_hispanic_pct":8.2535339717282259,"asian_non_hispanic_pct":5.4719562243502056,"hispanic_or_latino_pct":22.298221614227085,"median_household_income":67083}},{"type":"Feature","geometry":{"type":"Point","coordinates":[-117.727791,33.66552]},"properties":{"station_id":277,"tract_geoid":"06059052439","state_fips":"06","state_name":"California","county_fips":"059","tract_code":"052439","site_name":"El Toro Marine Corps Air Station","industry":"Military","matrix":"Groundwater","sample_year":2016,"longitude":-117.727791,"latitude":33.66552,"pfoa":null,"pfos":null,"total_pfas":102,"reported_pfas_level":3826,"total_population":13687,"people_of_color":10102,"people_of_color_pct":73.807262365748514,"white_non_hispanic_pct":26.192737634251479,"black_non_hispanic_pct":0.63563965806970113,"asian_non_hispanic_pct":56.761890845327684,"hispanic_or_latino_pct":9.9583546430919849,"median_household_income":174088}},{"type":"Feature","geometry":{"type":"Point","coordinates":[-117.823927,33.702939]},"properties":{"station_id":278,"tract_geoid":"06059075518","state_fips":"06","state_name":"California","county_fips":"059","tract_code":"075518","site_name":"Marine Corps Air Station Tustin","industry":"Military","matrix":"Groundwater","sample_year":2016,"longitude":-117.823927,"latitude":33.702939,"pfoa":null,"pfos":null,"total_pfas":null,"reported_pfas_level":770000,"total_population":11153,"people_of_color":9290,"people_of_color_pct":83.295974177351383,"white_non_hispanic_pct":16.704025822648614,"black_non_hispanic_pct":3.5506141845243433,"asian_non_hispanic_pct":53.662691652470187,"hispanic_or_latino_pct":21.124361158432709,"median_household_income":150565}},{"type":"Feature","geometry":{"type":"Point","coordinates":[-116.054128,34.224752]},"properties":{"station_id":279,"tract_geoid":"06071010402","state_fips":"06","state_name":"California","county_fips":"071","tract_code":"010402","site_name":"Marine Corps Air Ground Combat Center Twentynine Palms","industry":"Military","matrix":"Groundwater","sample_year":2016,"longitude":-116.054128,"latitude":34.224752,"pfoa":null,"pfos":null,"total_pfas":null,"reported_pfas_level":440,"total_population":11067,"people_of_color":5804,"people_of_color_pct":52.44420348784675,"white_non_hispanic_pct":47.55579651215325,"black_non_hispanic_pct":6.9756935032077347,"asian_non_hispanic_pct":2.9547302792084578,"hispanic_or_latino_pct":34.878467516038675,"median_household_income":66491}},{"type":"Feature","geometry":{"type":"Point","coordinates":[-121.297211,38.563659]},"properties":{"station_id":280,"tract_geoid":"06067008803","state_fips":"06","state_name":"California","county_fips":"067","tract_code":"008803","site_name":"Mather Air Force Base","industry":"Military","matrix":"Groundwater","sample_year":2017,"longitude":-121.297211,"latitude":38.563659,"pfoa":null,"pfos":null,"total_pfas":null,"reported_pfas_level":910000,"total_population":2203,"people_of_color":722,"people_of_color_pct":32.773490694507487,"white_non_hispanic_pct":67.226509305492513,"black_non_hispanic_pct":12.256014525646846,"asian_non_hispanic_pct":2.7235587834770767,"hispanic_or_latino_pct":14.117113027689514,"median_household_income":73250}},{"type":"Feature","geometry":{"type":"Point","coordinates":[-121.359881,39.111504]},"properties":{"station_id":281,"tract_geoid":"06115040902","state_fips":"06","state_name":"California","county_fips":"115","tract_code":"040902","site_name":"Beale Air Force Base","industry":"Military","matrix":"Groundwater","sample_year":2016,"longitude":-121.359881,"latitude":39.111504,"pfoa":3100,"pfos":7100,"total_pfas":12600,"reported_pfas_level":12600,"total_population":2242,"people_of_color":1039,"people_of_color_pct":46.342551293487958,"white_non_hispanic_pct":53.657448706512042,"black_non_hispanic_pct":13.380909901873327,"asian_non_hispanic_pct":3.7466547725245318,"hispanic_or_latino_pct":13.648528099910793,"median_household_income":60122}},{"type":"Feature","geometry":{"type":"Point","coordinates":[-121.944464,38.262965]},"properties":{"station_id":282,"tract_geoid":"06095980000","state_fips":"06","state_name":"California","county_fips":"095","tract_code":"980000","site_name":"Travis Air Force Base","industry":"Military","matrix":"Groundwater","sample_year":2017,"longitude":-121.944464,"latitude":38.262965,"pfoa":140000,"pfos":780000,"total_pfas":833700,"reported_pfas_level":833700,"total_population":0,"people_of_color":0,"people_of_color_pct":null,"white_non_hispanic_pct":null,"black_non_hispanic_pct":null,"asian_non_hispanic_pct":null,"hispanic_or_latino_pct":null,"median_household_income":null}},{"type":"Feature","geometry":{"type":"Point","coordinates":[-120.577909,37.364827]},"properties":{"station_id":283,"tract_geoid":"06047000503","state_fips":"06","state_name":"California","county_fips":"047","tract_code":"000503","site_name":"Castle Air Force Base","industry":"Military","matrix":"Groundwater","sample_year":2017,"longitude":-120.577909,"latitude":37.364827,"pfoa":42300,"pfos":2330000,"total_pfas":2598770,"reported_pfas_level":2598770,"total_population":2489,"people_of_color":1741,"people_of_color_pct":69.947770188830859,"white_non_hispanic_pct":30.052229811169145,"black_non_hispanic_pct":18.119726797910808,"asian_non_hispanic_pct":2.0088388911209321,"hispanic_or_latino_pct":43.069505825632781,"median_household_income":87656}},{"type":"Feature","geometry":{"type":"Point","coordinates":[-117.371395,34.589059]},"properties":{"station_id":284,"tract_geoid":"06071980200","state_fips":"06","state_name":"California","county_fips":"071","tract_code":"980200","site_name":"George Air Force Base","industry":"Military","matrix":"Groundwater","sample_year":2015,"longitude":-117.371395,"latitude":34.589059,"pfoa":5210,"pfos":1690,"total_pfas":17090,"reported_pfas_level":17090,"total_population":4161,"people_of_color":3471,"people_of_color_pct":83.417447728911313,"white_non_hispanic_pct":16.58255227108868,"black_non_hispanic_pct":24.609468877673635,"asian_non_hispanic_pct":3.0761836097092043,"hispanic_or_latino_pct":51.045421773612112,"median_household_income":null}},{"type":"Feature","geometry":{"type":"Point","coordinates":[-121.390048,38.673338]},"properties":{"station_id":285,"tract_geoid":"06067007301","state_fips":"06","state_name":"California","county_fips":"067","tract_code":"007301","site_name":"McClellan Air Force Base","industry":"Military","matrix":"Groundwater","sample_year":2017,"longitude":-121.390048,"latitude":38.673338,"pfoa":null,"pfos":null,"total_pfas":null,"reported_pfas_level":348,"total_population":5450,"people_of_color":3576,"people_of_color_pct":65.614678899082563,"white_non_hispanic_pct":34.38532110091743,"black_non_hispanic_pct":9.1559633027522942,"asian_non_hispanic_pct":9.4311926605504581,"hispanic_or_latino_pct":36.1651376146789,"median_household_income":54122}},{"type":"Feature","geometry":{"type":"Point","coordinates":[-117.891209,34.924031]},"properties":{"station_id":286,"tract_geoid":"06029005700","state_fips":"06","state_name":"California","county_fips":"029","tract_code":"005700","site_name":"Edwards Air Force Base","industry":"Military","matrix":"Groundwater","sample_year":2017,"longitude":-117.891209,"latitude":34.924031,"pfoa":17000,"pfos":260000,"total_pfas":300000,"reported_pfas_level":300000,"total_population":2633,"people_of_color":1194,"people_of_color_pct":45.3475123433346,"white_non_hispanic_pct":54.6524876566654,"black_non_hispanic_pct":12.685150018989745,"asian_non_hispanic_pct":1.6710976072920622,"hispanic_or_latino_pct":21.382453475123434,"median_household_income":93810}},{"type":"Feature","geometry":{"type":"Point","coordinates":[-117.250846,34.103463]},"properties":{"station_id":287,"tract_geoid":"06071980100","state_fips":"06","state_name":"California","county_fips":"071","tract_code":"980100","site_name":"Norton Air Force Base","industry":"Military","matrix":"Groundwater","sample_year":2017,"longitude":-117.250846,"latitude":34.103463,"pfoa":22,"pfos":19,"total_pfas":null,"reported_pfas_level":22,"total_population":3,"people_of_color":3,"people_of_color_pct":100,"white_non_hispanic_pct":0,"black_non_hispanic_pct":66.666666666666671,"asian_non_hispanic_pct":0,"hispanic_or_latino_pct":33.333333333333336,"median_household_income":null}},{"type":"Feature","geometry":{"type":"Point","coordinates":[-120.57244,34.742027]},"properties":{"station_id":288,"tract_geoid":"06083980200","state_fips":"06","state_name":"California","county_fips":"083","tract_code":"980200","site_name":"Vandenberg Air Force Base","industry":"Military","matrix":"Surface Water","sample_year":2018,"longitude":-120.57244,"latitude":34.742027,"pfoa":8200,"pfos":150000,"total_pfas":159300,"reported_pfas_level":159300,"total_population":3452,"people_of_color":1554,"people_of_color_pct":45.017381228273464,"white_non_hispanic_pct":54.982618771726536,"black_non_hispanic_pct":8.748551564310544,"asian_non_hispanic_pct":5.0115874855156433,"hispanic_or_latino_pct":17.670915411355736,"median_household_income":83929}},{"type":"Feature","geometry":{"type":"Point","coordinates":[-120.743363,35.798799]},"properties":{"station_id":289,"tract_geoid":"06053011400","state_fips":"06","state_name":"California","county_fips":"053","tract_code":"011400","site_name":"Camp Roberts","industry":"Military","matrix":"Drinking Water","sample_year":2018,"longitude":-120.743363,"latitude":35.798799,"pfoa":null,"pfos":null,"total_pfas":2,"reported_pfas_level":2,"total_population":4951,"people_of_color":2030,"people_of_color_pct":41.001817814582914,"white_non_hispanic_pct":58.998182185417086,"black_non_hispanic_pct":0.30296909715209047,"asian_non_hispanic_pct":1.59563724500101,"hispanic_or_latino_pct":31.670369622298526,"median_household_income":101750}},{"type":"Feature","geometry":{"type":"Point","coordinates":[-118.054509,33.796711]},"properties":{"station_id":290,"tract_geoid":"06059110015","state_fips":"06","state_name":"California","county_fips":"059","tract_code":"110015","site_name":"Joint Force Training Base-Los Alamitos","industry":"Military","matrix":"Drinking Water","sample_year":2018,"longitude":-118.054509,"latitude":33.796711,"pfoa":118,"pfos":282,"total_pfas":982,"reported_pfas_level":982,"total_population":3468,"people_of_color":1351,"people_of_color_pct":38.956170703575545,"white_non_hispanic_pct":61.043829296424455,"black_non_hispanic_pct":1.3840830449826989,"asian_non_hispanic_pct":11.82237600922722,"hispanic_or_latino_pct":21.828143021914649,"median_household_income":129840}},{"type":"Feature","geometry":{"type":"Point","coordinates":[-116.508965,33.832098]},"properties":{"station_id":291,"tract_geoid":"06065941200","state_fips":"06","state_name":"California","county_fips":"065","tract_code":"941200","site_name":"Palm Spring International Airport","industry":"Airport","matrix":"Groundwater","sample_year":2020,"longitude":-116.508965,"latitude":33.832098,"pfoa":593,"pfos":null,"total_pfas":26679,"reported_pfas_level":26679,"total_population":2967,"people_of_color":823,"people_of_color_pct":27.738456353218741,"white_non_hispanic_pct":72.261543646781263,"black_non_hispanic_pct":2.9322548028311424,"asian_non_hispanic_pct":5.5948769801145941,"hispanic_or_latino_pct":12.874957869902259,"median_household_income":97250}},{"type":"Feature","geometry":{"type":"Point","coordinates":[-121.908691,37.715403]},"properties":{"station_id":292,"tract_geoid":"06001450102","state_fips":"06","state_name":"California","county_fips":"001","tract_code":"450102","site_name":"Camp Parks","industry":"Military","matrix":"Drinking Water","sample_year":2017,"longitude":-121.908691,"latitude":37.715403,"pfoa":null,"pfos":null,"total_pfas":19,"reported_pfas_level":19,"total_population":8425,"people_of_color":6550,"people_of_color_pct":77.744807121661722,"white_non_hispanic_pct":22.255192878338278,"black_non_hispanic_pct":6.4688427299703264,"asian_non_hispanic_pct":47.513353115727,"hispanic_or_latino_pct":17.424332344213649,"median_household_income":239250}},{"type":"Feature","geometry":{"type":"Point","coordinates":[-120.127869,40.146072]},"properties":{"station_id":293,"tract_geoid":"06035040600","state_fips":"06","state_name":"California","county_fips":"035","tract_code":"040600","site_name":"Sierra Army Depot","industry":"Military","matrix":"Drinking Water","sample_year":2017,"longitude":-120.127869,"latitude":40.146072,"pfoa":33,"pfos":null,"total_pfas":221,"reported_pfas_level":221,"total_population":3640,"people_of_color":1704,"people_of_color_pct":46.81318681318681,"white_non_hispanic_pct":53.18681318681319,"black_non_hispanic_pct":8.5164835164835164,"asian_non_hispanic_pct":1.8681318681318682,"hispanic_or_latino_pct":28.434065934065934,"median_household_income":46659}},{"type":"Feature","geometry":{"type":"Point","coordinates":[-121.26559,37.853655]},"properties":{"station_id":294,"tract_geoid":"06077005119","state_fips":"06","state_name":"California","county_fips":"077","tract_code":"005119","site_name":"Sharpe Army Depot","industry":"Military","matrix":"Drinking Water","sample_year":2018,"longitude":-121.26559,"latitude":37.853655,"pfoa":null,"pfos":null,"total_pfas":44,"reported_pfas_level":44,"total_population":12380,"people_of_color":10919,"people_of_color_pct":88.198707592891765,"white_non_hispanic_pct":11.801292407108239,"black_non_hispanic_pct":10.444264943457188,"asian_non_hispanic_pct":45.969305331179321,"hispanic_or_latino_pct":22.21324717285945,"median_household_income":134219}},{"type":"Feature","geometry":{"type":"Point","coordinates":[-118.088878,34.631927]},"properties":{"station_id":295,"tract_geoid":"06037980004","state_fips":"06","state_name":"California","county_fips":"037","tract_code":"980004","site_name":"Air Force Plant 42","industry":"Military","matrix":"Groundwater","sample_year":2019,"longitude":-118.088878,"latitude":34.631927,"pfoa":10,"pfos":8,"total_pfas":165,"reported_pfas_level":165,"total_population":0,"people_of_color":0,"people_of_color_pct":null,"white_non_hispanic_pct":null,"black_non_hispanic_pct":null,"asian_non_hispanic_pct":null,"hispanic_or_latino_pct":null,"median_household_income":null}},{"type":"Feature","geometry":{"type":"Point","coordinates":[-122.163022,38.026588]},"properties":{"station_id":296,"tract_geoid":"06013318000","state_fips":"06","state_name":"California","county_fips":"013","tract_code":"318000","site_name":"DFSP Ozol","industry":"Military","matrix":"Groundwater","sample_year":null,"longitude":-122.163022,"latitude":38.026588,"pfoa":489,"pfos":24700,"total_pfas":null,"reported_pfas_level":24700,"total_population":3514,"people_of_color":1057,"people_of_color_pct":30.0796812749004,"white_non_hispanic_pct":69.9203187250996,"black_non_hispanic_pct":1.2236767216846898,"asian_non_hispanic_pct":3.898690950483779,"hispanic_or_latino_pct":15.907797381900968,"median_household_income":101947}},{"type":"Feature","geometry":{"type":"Point","coordinates":[-118.297187,33.775384]},"properties":{"station_id":297,"tract_geoid":"06037980015","state_fips":"06","state_name":"California","county_fips":"037","tract_code":"980015","site_name":"DFSP San Pedro","industry":"Military","matrix":"Groundwater","sample_year":null,"longitude":-118.297187,"latitude":33.775384,"pfoa":340,"pfos":970,"total_pfas":null,"reported_pfas_level":970,"total_population":1392,"people_of_color":1141,"people_of_color_pct":81.9683908045977,"white_non_hispanic_pct":18.0316091954023,"black_non_hispanic_pct":25,"asian_non_hispanic_pct":13.936781609195402,"hispanic_or_latino_pct":33.979885057471265,"median_household_income":79375}},{"type":"Feature","geometry":{"type":"Point","coordinates":[-122.264394,38.0933]},"properties":{"station_id":298,"tract_geoid":"06095250801","state_fips":"06","state_name":"California","county_fips":"095","tract_code":"250801","site_name":"Former Naval Shipyard Mare Island","industry":"Military","matrix":"Groundwater","sample_year":2018,"longitude":-122.264394,"latitude":38.0933,"pfoa":124,"pfos":78,"total_pfas":null,"reported_pfas_level":124,"total_population":4762,"people_of_color":3441,"people_of_color_pct":72.259554808903829,"white_non_hispanic_pct":27.740445191096178,"black_non_hispanic_pct":19.844603107937843,"asian_non_hispanic_pct":13.60772784544309,"hispanic_or_latino_pct":32.738345233095338,"median_household_income":113933}},{"type":"Feature","geometry":{"type":"Point","coordinates":[-119.712675,36.765303]},"properties":{"station_id":299,"tract_geoid":"06019003104","state_fips":"06","state_name":"California","county_fips":"019","tract_code":"003104","site_name":"Fresno Air National Guard Base","industry":"Military","matrix":"Groundwater","sample_year":2018,"longitude":-119.712675,"latitude":36.765303,"pfoa":170,"pfos":null,"total_pfas":6470,"reported_pfas_level":6470,"total_population":4775,"people_of_color":3561,"people_of_color_pct":74.575916230366488,"white_non_hispanic_pct":25.424083769633508,"black_non_hispanic_pct":4.7329842931937174,"asian_non_hispanic_pct":19.539267015706805,"hispanic_or_latino_pct":44.984293193717278,"median_household_income":58438}},{"type":"Feature","geometry":{"type":"Point","coordinates":[-122.038557,37.406954]},"properties":{"station_id":300,"tract_geoid":"06085504700","state_fips":"06","state_name":"California","county_fips":"085","tract_code":"504700","site_name":"Moffett Field Air National Guard Base","industry":"Military","matrix":"Soil","sample_year":2023,"longitude":-122.038557,"latitude":37.406954,"pfoa":120000,"pfos":1900000,"total_pfas":null,"reported_pfas_level":2020000,"total_population":845,"people_of_color":479,"people_of_color_pct":56.68639053254438,"white_non_hispanic_pct":43.31360946745562,"black_non_hispanic_pct":3.5502958579881656,"asian_non_hispanic_pct":6.9822485207100593,"hispanic_or_latino_pct":20.473372781065088,"median_household_income":194917}},{"type":"Feature","geometry":{"type":"Point","coordinates":[-117.183048,32.699704]},"properties":{"station_id":301,"tract_geoid":"06073011300","state_fips":"06","state_name":"California","county_fips":"073","tract_code":"011300","site_name":"Naval Air Station North Island","industry":"Military","matrix":"Groundwater","sample_year":2018,"longitude":-117.183048,"latitude":32.699704,"pfoa":1989,"pfos":122,"total_pfas":null,"reported_pfas_level":1989,"total_population":2304,"people_of_color":1245,"people_of_color_pct":54.036458333333336,"white_non_hispanic_pct":45.963541666666664,"black_non_hispanic_pct":13.064236111111111,"asian_non_hispanic_pct":7.7256944444444446,"hispanic_or_latino_pct":27.777777777777779,"median_household_income":111397}},{"type":"Feature","geometry":{"type":"Point","coordinates":[-119.119092,34.116518]},"properties":{"station_id":302,"tract_geoid":"06111004600","state_fips":"06","state_name":"California","county_fips":"111","tract_code":"004600","site_name":"Naval Air Station Point Mugu CA NAVAIRWARC","industry":"Military","matrix":"Groundwater","sample_year":null,"longitude":-119.119092,"latitude":34.116518,"pfoa":1071530,"pfos":13407957,"total_pfas":null,"reported_pfas_level":13407957,"total_population":1860,"people_of_color":766,"people_of_color_pct":41.182795698924728,"white_non_hispanic_pct":58.817204301075272,"black_non_hispanic_pct":5.913978494623656,"asian_non_hispanic_pct":3.4946236559139785,"hispanic_or_latino_pct":22.365591397849464,"median_household_income":67460}},{"type":"Feature","geometry":{"type":"Point","coordinates":[-121.70575,37.687252]},"properties":{"station_id":303,"tract_geoid":"06001451103","state_fips":"06","state_name":"California","county_fips":"001","tract_code":"451103","site_name":"Lawrence Livermore National Laboratory ","industry":"Industry","matrix":"Groundwater","sample_year":null,"longitude":-121.70575,"latitude":37.687252,"pfoa":3,"pfos":null,"total_pfas":null,"reported_pfas_level":3,"total_population":1354,"people_of_color":427,"people_of_color_pct":31.53618906942393,"white_non_hispanic_pct":68.463810930576074,"black_non_hispanic_pct":2.3633677991137372,"asian_non_hispanic_pct":6.2038404726735594,"hispanic_or_latino_pct":17.134416543574595,"median_household_income":250001}},{"type":"Feature","geometry":{"type":"Point","coordinates":[-119.110471,34.13921]},"properties":{"station_id":304,"tract_geoid":"06111004715","state_fips":"06","state_name":"California","county_fips":"111","tract_code":"004715","site_name":"Channel Islands","industry":"Military","matrix":"Soil","sample_year":2021,"longitude":-119.110471,"latitude":34.13921,"pfoa":770,"pfos":24000,"total_pfas":25060,"reported_pfas_level":25060,"total_population":4239,"people_of_color":3542,"people_of_color_pct":83.557442793111576,"white_non_hispanic_pct":16.442557206888416,"black_non_hispanic_pct":0.377447511205473,"asian_non_hispanic_pct":6.5345600377447512,"hispanic_or_latino_pct":71.6206652512385,"median_household_income":85517}},{"type":"Feature","geometry":{"type":"Point","coordinates":[-122,38.049444]},"properties":{"station_id":305,"tract_geoid":"06013315000","state_fips":"06","state_name":"California","county_fips":"013","tract_code":"315000","site_name":"CONCORD NAVAL WEAPONS STATION","industry":"Military","matrix":"Groundwater","sample_year":2020,"longitude":-122,"latitude":38.049444,"pfoa":2100,"pfos":11000,"total_pfas":14400,"reported_pfas_level":14400,"total_population":3511,"people_of_color":2478,"people_of_color_pct":70.578182853887782,"white_non_hispanic_pct":29.421817146112218,"black_non_hispanic_pct":8.9433209911706069,"asian_non_hispanic_pct":20.905724864710908,"hispanic_or_latino_pct":38.877812589005984,"median_household_income":138875}},{"type":"Feature","geometry":{"type":"Point","coordinates":[-122.36732,37.72229]},"properties":{"station_id":306,"tract_geoid":"06075980600","state_fips":"06","state_name":"California","county_fips":"075","tract_code":"980600","site_name":"HUNTERS POINT NAVAL SHIPYARD","industry":"Military","matrix":"Groundwater","sample_year":2019,"longitude":-122.36732,"latitude":37.72229,"pfoa":21,"pfos":38,"total_pfas":59,"reported_pfas_level":59,"total_population":1295,"people_of_color":1057,"people_of_color_pct":81.621621621621628,"white_non_hispanic_pct":18.378378378378379,"black_non_hispanic_pct":22.007722007722009,"asian_non_hispanic_pct":36.525096525096522,"hispanic_or_latino_pct":14.362934362934363,"median_household_income":154375}},{"type":"Feature","geometry":{"type":"Point","coordinates":[-118.167434,34.201185]},"properties":{"station_id":307,"tract_geoid":"06037460401","state_fips":"06","state_name":"California","county_fips":"037","tract_code":"460401","site_name":"JET PROPULSION LABORATORY (NASA)","industry":"Industry","matrix":"Groundwater","sample_year":2020,"longitude":-118.167434,"latitude":34.201185,"pfoa":null,"pfos":null,"total_pfas":32,"reported_pfas_level":32,"total_population":1061,"people_of_color":798,"people_of_color_pct":75.212064090480681,"white_non_hispanic_pct":24.787935909519323,"black_non_hispanic_pct":32.045240339302545,"asian_non_hispanic_pct":13.383600377002827,"hispanic_or_latino_pct":23.279924599434494,"median_household_income":125357}},{"type":"Feature","geometry":{"type":"Point","coordinates":[-122.0533,37.3975]},"properties":{"station_id":308,"tract_geoid":"06085509108","state_fips":"06","state_name":"California","county_fips":"085","tract_code":"509108","site_name":"RAYTHEON CORP.","industry":"Industry","matrix":"Groundwater","sample_year":2023,"longitude":-122.0533,"latitude":37.3975,"pfoa":20,"pfos":40000,"total_pfas":40000,"reported_pfas_level":40000,"total_population":4617,"people_of_color":3594,"people_of_color_pct":77.8427550357375,"white_non_hispanic_pct":22.157244964262507,"black_non_hispanic_pct":6.302794022092268,"asian_non_hispanic_pct":39.527831925492741,"hispanic_or_latino_pct":22.980290231752221,"median_household_income":219063}},{"type":"Feature","geometry":{"type":"Point","coordinates":[-120.9181,37.71695]},"properties":{"station_id":309,"tract_geoid":"06099000405","state_fips":"06","state_name":"California","county_fips":"099","tract_code":"000405","site_name":"RIVERBANK ARMY AMMUNITION PLANT","industry":"Military","matrix":"Groundwater","sample_year":2022,"longitude":-120.9181,"latitude":37.71695,"pfoa":18,"pfos":10,"total_pfas":18,"reported_pfas_level":18,"total_population":2682,"people_of_color":1883,"people_of_color_pct":70.208799403430277,"white_non_hispanic_pct":29.791200596569723,"black_non_hispanic_pct":0.96942580164056669,"asian_non_hispanic_pct":0.85756897837434753,"hispanic_or_latino_pct":59.023117076808354,"median_household_income":59779}},{"type":"Feature","geometry":{"type":"Point","coordinates":[-117.416567,34.153683]},"properties":{"station_id":310,"tract_geoid":"06071002709","state_fips":"06","state_name":"California","county_fips":"071","tract_code":"002709","site_name":"ROCKETS, FIREWORKS, AND FLARES SITE","industry":"Industry","matrix":"Groundwater","sample_year":2017,"longitude":-117.416567,"latitude":34.153683,"pfoa":null,"pfos":78,"total_pfas":78,"reported_pfas_level":78,"total_population":7815,"people_of_color":6214,"people_of_color_pct":79.513755598208576,"white_non_hispanic_pct":20.486244401791428,"black_non_hispanic_pct":7.9334612923864363,"asian_non_hispanic_pct":13.320537428023032,"hispanic_or_latino_pct":52.194497760716573,"median_household_income":150194}},{"type":"Feature","geometry":{"type":"Point","coordinates":[-121.3958,38.520281]},"properties":{"station_id":311,"tract_geoid":"06067009201","state_fips":"06","state_name":"California","county_fips":"067","tract_code":"009201","site_name":"SACRAMENTO ARMY DEPOT","industry":"Military","matrix":"Groundwater","sample_year":2023,"longitude":-121.3958,"latitude":38.520281,"pfoa":150,"pfos":240,"total_pfas":497,"reported_pfas_level":497,"total_population":6824,"people_of_color":5207,"people_of_color_pct":76.3042203985932,"white_non_hispanic_pct":23.695779601406798,"black_non_hispanic_pct":10.565650644783119,"asian_non_hispanic_pct":32.942555685814774,"hispanic_or_latino_pct":25.087924970691677,"median_household_income":96382}},{"type":"Feature","geometry":{"type":"Point","coordinates":[-118.3514,34.19]},"properties":{"station_id":312,"tract_geoid":"06037311100","state_fips":"06","state_name":"California","county_fips":"037","tract_code":"311100","site_name":"San Fernando Valley (Area 1)","industry":"Industry","matrix":"Groundwater","sample_year":2025,"longitude":-118.3514,"latitude":34.19,"pfoa":4,"pfos":5,"total_pfas":null,"reported_pfas_level":9,"total_population":3923,"people_of_color":1994,"people_of_color_pct":50.828447616619933,"white_non_hispanic_pct":49.171552383380067,"black_non_hispanic_pct":0.9941371399439205,"asian_non_hispanic_pct":17.231710425694622,"hispanic_or_latino_pct":30.563344379301554,"median_household_income":99806}},{"type":"Feature","geometry":{"type":"Point","coordinates":[-118.286,34.163139]},"properties":{"station_id":313,"tract_geoid":"06037301601","state_fips":"06","state_name":"California","county_fips":"037","tract_code":"301601","site_name":"San Fernando Valley (Area 2)","industry":"Industry","matrix":"Groundwater","sample_year":2021,"longitude":-118.286,"latitude":34.163139,"pfoa":3,"pfos":3,"total_pfas":null,"reported_pfas_level":6,"total_population":5513,"people_of_color":1507,"people_of_color_pct":27.335389080355522,"white_non_hispanic_pct":72.664610919644474,"black_non_hispanic_pct":0.72555777253763831,"asian_non_hispanic_pct":5.5323780155994919,"hispanic_or_latino_pct":20.224922909486668,"median_household_income":54469}},{"type":"Feature","geometry":{"type":"Point","coordinates":[-118.2539,34.112081]},"properties":{"station_id":314,"tract_geoid":"06037187102","state_fips":"06","state_name":"California","county_fips":"037","tract_code":"187102","site_name":"San Fernando Valley (Area 4)","industry":"Industry","matrix":"Groundwater","sample_year":2021,"longitude":-118.2539,"latitude":34.112081,"pfoa":15,"pfos":8,"total_pfas":null,"reported_pfas_level":23,"total_population":4615,"people_of_color":3841,"people_of_color_pct":83.228602383531964,"white_non_hispanic_pct":16.77139761646804,"black_non_hispanic_pct":1.2351029252437704,"asian_non_hispanic_pct":26.56554712892741,"hispanic_or_latino_pct":50.660888407367281,"median_household_income":91944}},{"type":"Feature","geometry":{"type":"Point","coordinates":[-118.064189,33.750466]},"properties":{"station_id":315,"tract_geoid":"06059099502","state_fips":"06","state_name":"California","county_fips":"059","tract_code":"099502","site_name":"Seal Beach CA WPNSUPFAC","industry":"Military","matrix":"Drinking Water","sample_year":2021,"longitude":-118.064189,"latitude":33.750466,"pfoa":3,"pfos":5,"total_pfas":null,"reported_pfas_level":5,"total_population":584,"people_of_color":305,"people_of_color_pct":52.226027397260275,"white_non_hispanic_pct":47.773972602739725,"black_non_hispanic_pct":14.212328767123287,"asian_non_hispanic_pct":5.8219178082191778,"hispanic_or_latino_pct":25.684931506849313,"median_household_income":96364}},{"type":"Feature","geometry":{"type":"Point","coordinates":[-121.463705,38.585487]},"properties":{"station_id":316,"tract_geoid":"06067005301","state_fips":"06","state_name":"California","county_fips":"067","tract_code":"005301","site_name":"28th Street Landfill","industry":"Landfill","matrix":"Groundwater","sample_year":2019,"longitude":-121.463705,"latitude":38.585487,"pfoa":24,"pfos":40,"total_pfas":127,"reported_pfas_level":127,"total_population":2332,"people_of_color":1211,"people_of_color_pct":51.929674099485418,"white_non_hispanic_pct":48.070325900514582,"black_non_hispanic_pct":12.9073756432247,"asian_non_hispanic_pct":9.5197255574614061,"hispanic_or_latino_pct":16.938250428816467,"median_household_income":94861}},{"type":"Feature","geometry":{"type":"Point","coordinates":[-122.315183,37.547375]},"properties":{"station_id":317,"tract_geoid":"06081607400","state_fips":"06","state_name":"California","county_fips":"081","tract_code":"607400","site_name":"3rd Ave Landfill","industry":"Landfill","matrix":"Groundwater","sample_year":2019,"longitude":-122.315183,"latitude":37.547375,"pfoa":null,"pfos":null,"total_pfas":2,"reported_pfas_level":2,"total_population":4662,"people_of_color":2499,"people_of_color_pct":53.6036036036036,"white_non_hispanic_pct":46.3963963963964,"black_non_hispanic_pct":0.38610038610038611,"asian_non_hispanic_pct":26.94122694122694,"hispanic_or_latino_pct":18.854568854568853,"median_household_income":148194}},{"type":"Feature","geometry":{"type":"Point","coordinates":[-123.351196,39.402906]},"properties":{"station_id":318,"tract_geoid":"06045010700","state_fips":"06","state_name":"California","county_fips":"045","tract_code":"010700","site_name":"Abex Corporation - Remco Hydraulics","industry":"Industry","matrix":"Groundwater","sample_year":2019,"longitude":-123.351196,"latitude":39.402906,"pfoa":38,"pfos":null,"total_pfas":127,"reported_pfas_level":127,"total_population":6775,"people_of_color":2944,"people_of_color_pct":43.453874538745389,"white_non_hispanic_pct":56.546125461254611,"black_non_hispanic_pct":0.30996309963099633,"asian_non_hispanic_pct":3.3653136531365315,"hispanic_or_latino_pct":29.047970479704798,"median_household_income":70781}},{"type":"Feature","geometry":{"type":"Point","coordinates":[-122.080816,38.028017]},"properties":{"station_id":319,"tract_geoid":"06013320001","state_fips":"06","state_name":"California","county_fips":"013","tract_code":"320001","site_name":"Acme Fill Land Disposal","industry":"Landfill","matrix":"Groundwater","sample_year":2020,"longitude":-122.080816,"latitude":38.028017,"pfoa":5,"pfos":null,"total_pfas":40,"reported_pfas_level":40,"total_population":3276,"people_of_color":1673,"people_of_color_pct":51.068376068376068,"white_non_hispanic_pct":48.931623931623932,"black_non_hispanic_pct":7.1733821733821737,"asian_non_hispanic_pct":2.503052503052503,"hispanic_or_latino_pct":28.540903540903543,"median_household_income":98602}},{"type":"Feature","geometry":{"type":"Point","coordinates":[-117.442755,34.652885]},"properties":{"station_id":320,"tract_geoid":"06071009134","state_fips":"06","state_name":"California","county_fips":"071","tract_code":"009134","site_name":"Adelanto Class III Landfill","industry":"Landfill","matrix":"Groundwater","sample_year":2019,"longitude":-117.442755,"latitude":34.652885,"pfoa":5,"pfos":2,"total_pfas":35,"reported_pfas_level":35,"total_population":871,"people_of_color":713,"people_of_color_pct":81.859931113662455,"white_non_hispanic_pct":18.140068886337541,"black_non_hispanic_pct":1.2629161882893227,"asian_non_hispanic_pct":0.45924225028702642,"hispanic_or_latino_pct":79.908151549942588,"median_household_income":61250}},{"type":"Feature","geometry":{"type":"Point","coordinates":[-115.526935,32.855368]},"properties":{"station_id":321,"tract_geoid":"06025011001","state_fips":"06","state_name":"California","county_fips":"025","tract_code":"011001","site_name":"Allied (Republic) Imperial Landfill","industry":"Landfill","matrix":"Groundwater","sample_year":2020,"longitude":-115.526935,"latitude":32.855368,"pfoa":36,"pfos":2,"total_pfas":162,"reported_pfas_level":162,"total_population":6566,"people_of_color":5961,"people_of_color_pct":90.785866585440147,"white_non_hispanic_pct":9.2141334145598535,"black_non_hispanic_pct":1.0204081632653061,"asian_non_hispanic_pct":1.0508681084374047,"hispanic_or_latino_pct":88.349070971672248,"median_household_income":86672}},{"type":"Feature","geometry":{"type":"Point","coordinates":[-121.6498,37.749392]},"properties":{"station_id":322,"tract_geoid":"06001451104","state_fips":"06","state_name":"California","county_fips":"001","tract_code":"451104","site_name":"Altamont Landfill","industry":"Landfill","matrix":"Groundwater","sample_year":2019,"longitude":-121.6498,"latitude":37.749392,"pfoa":400,"pfos":36,"total_pfas":1905,"reported_pfas_level":1905,"total_population":6474,"people_of_color":3548,"people_of_color_pct":54.803830707445165,"white_non_hispanic_pct":45.196169292554835,"black_non_hispanic_pct":6.6265060240963853,"asian_non_hispanic_pct":23.802903923385852,"hispanic_or_latino_pct":18.273092369477911,"median_household_income":183846}},{"type":"Feature","geometry":{"type":"Point","coordinates":[-120.568728,41.458858]},"properties":{"station_id":323,"tract_geoid":"06049000300","state_fips":"06","state_name":"California","county_fips":"049","tract_code":"000300","site_name":"Alturas Class III Landfill","industry":"Landfill","matrix":"Groundwater","sample_year":2020,"longitude":-120.568728,"latitude":41.458858,"pfoa":null,"pfos":null,"total_pfas":1,"reported_pfas_level":1,"total_population":2886,"people_of_color":554,"people_of_color_pct":19.196119196119195,"white_non_hispanic_pct":80.8038808038808,"black_non_hispanic_pct":0.41580041580041582,"asian_non_hispanic_pct":5.0242550242550239,"hispanic_or_latino_pct":9.1822591822591821,"median_household_income":61696}},{"type":"Feature","geometry":{"type":"Point","coordinates":[-120.130199,36.661985]},"properties":{"station_id":324,"tract_geoid":"06019003900","state_fips":"06","state_name":"California","county_fips":"019","tract_code":"003900","site_name":"American Avenue Municipal Solid Waste Landfill","industry":"Landfill","matrix":"Groundwater","sample_year":2020,"longitude":-120.130199,"latitude":36.661985,"pfoa":null,"pfos":null,"total_pfas":4,"reported_pfas_level":4,"total_population":4437,"people_of_color":3539,"people_of_color_pct":79.761099842235751,"white_non_hispanic_pct":20.238900157764256,"black_non_hispanic_pct":0.022537750732476897,"asian_non_hispanic_pct":0.76628352490421459,"hispanic_or_latino_pct":77.079107505071,"median_household_income":51719}},{"type":"Feature","geometry":{"type":"Point","coordinates":[-122.35718,40.414959]},"properties":{"station_id":325,"tract_geoid":"06089012303","state_fips":"06","state_name":"California","county_fips":"089","tract_code":"012303","site_name":"Anderson Class III Landfill","industry":"Landfill","matrix":"Groundwater","sample_year":2019,"longitude":-122.35718,"latitude":40.414959,"pfoa":4,"pfos":null,"total_pfas":65,"reported_pfas_level":65,"total_population":3923,"people_of_color":1393,"people_of_color_pct":35.508539383125161,"white_non_hispanic_pct":64.491460616874846,"black_non_hispanic_pct":0,"asian_non_hispanic_pct":13.433596737190925,"hispanic_or_latino_pct":17.690542951822586,"median_household_income":97941}},{"type":"Feature","geometry":{"type":"Point","coordinates":[-118.14984,34.56731]},"properties":{"station_id":326,"tract_geoid":"06037910401","state_fips":"06","state_name":"California","county_fips":"037","tract_code":"910401","site_name":"Antelope Valley Public Landfill","industry":"Landfill","matrix":"Groundwater","sample_year":2019,"longitude":-118.14984,"latitude":34.56731,"pfoa":8,"pfos":5,"total_pfas":77,"reported_pfas_level":77,"total_population":5742,"people_of_color":4413,"people_of_color_pct":76.854754440961344,"white_non_hispanic_pct":23.145245559038663,"black_non_hispanic_pct":8.65552072448624,"asian_non_hispanic_pct":5.5381400208986413,"hispanic_or_latino_pct":55.990943921978406,"median_household_income":87580}},{"type":"Feature","geometry":{"type":"Point","coordinates":[-116.627925,33.538476]},"properties":{"station_id":327,"tract_geoid":"06065044403","state_fips":"06","state_name":"California","county_fips":"065","tract_code":"044403","site_name":"Anza Sanitary Landfill","industry":"Landfill","matrix":"Groundwater","sample_year":2019,"longitude":-116.627925,"latitude":33.538476,"pfoa":140,"pfos":null,"total_pfas":10075,"reported_pfas_level":10075,"total_population":3799,"people_of_color":2283,"people_of_color_pct":60.094761779415634,"white_non_hispanic_pct":39.905238220584366,"black_non_hispanic_pct":0.18425901553040275,"asian_non_hispanic_pct":7.8704922347986308,"hispanic_or_latino_pct":47.222953408791788,"median_household_income":77768}},{"type":"Feature","geometry":{"type":"Point","coordinates":[-117.113586,34.500311]},"properties":{"station_id":328,"tract_geoid":"06071012105","state_fips":"06","state_name":"California","county_fips":"071","tract_code":"012105","site_name":"Apple Valley Municipal Landfill","industry":"Landfill","matrix":"Groundwater","sample_year":2019,"longitude":-117.113586,"latitude":34.500311,"pfoa":190,"pfos":8,"total_pfas":282,"reported_pfas_level":282,"total_population":2760,"people_of_color":1194,"people_of_color_pct":43.260869565217391,"white_non_hispanic_pct":56.739130434782609,"black_non_hispanic_pct":2.7536231884057969,"asian_non_hispanic_pct":3.3695652173913042,"hispanic_or_latino_pct":33.6231884057971,"median_household_income":74453}},{"type":"Feature","geometry":{"type":"Point","coordinates":[-117.142382,32.723013]},"properties":{"station_id":329,"tract_geoid":"06073005602","state_fips":"06","state_name":"California","county_fips":"073","tract_code":"005602","site_name":"Balboa Park Landfill","industry":"Landfill","matrix":"Groundwater","sample_year":2019,"longitude":-117.142382,"latitude":32.723013,"pfoa":23,"pfos":15,"total_pfas":191,"reported_pfas_level":191,"total_population":2096,"people_of_color":972,"people_of_color_pct":46.374045801526719,"white_non_hispanic_pct":53.625954198473281,"black_non_hispanic_pct":2.0992366412213741,"asian_non_hispanic_pct":12.022900763358779,"hispanic_or_latino_pct":28.148854961832061,"median_household_income":104896}},{"type":"Feature","geometry":{"type":"Point","coordinates":[-120.11648,36.008858]},"properties":{"station_id":330,"tract_geoid":"06031001703","state_fips":"06","state_name":"California","county_fips":"031","tract_code":"001703","site_name":"Avenal Solid Waste Disposal Service","industry":"Landfill","matrix":"Groundwater","sample_year":2019,"longitude":-120.11648,"latitude":36.008858,"pfoa":1700,"pfos":null,"total_pfas":8983,"reported_pfas_level":8983,"total_population":4970,"people_of_color":4813,"people_of_color_pct":96.841046277666,"white_non_hispanic_pct":3.1589537223340041,"black_non_hispanic_pct":0.72434607645875249,"asian_non_hispanic_pct":1.2072434607645874,"hispanic_or_latino_pct":94.90945674044265,"median_household_income":60752}},{"type":"Feature","geometry":{"type":"Point","coordinates":[-117.926877,34.119628]},"properties":{"station_id":331,"tract_geoid":"06037404402","state_fips":"06","state_name":"California","county_fips":"037","tract_code":"404402","site_name":"Azusa Land Reclamation Landfill","industry":"Landfill","matrix":"Groundwater","sample_year":2019,"longitude":-117.926877,"latitude":34.119628,"pfoa":4,"pfos":2,"total_pfas":32,"reported_pfas_level":32,"total_population":4673,"people_of_color":4382,"people_of_color_pct":93.772736999786,"white_non_hispanic_pct":6.2272630002139957,"black_non_hispanic_pct":0.64198587631072113,"asian_non_hispanic_pct":9.69398673229189,"hispanic_or_latino_pct":77.55189385833512,"median_household_income":96616}},{"type":"Feature","geometry":{"type":"Point","coordinates":[-117.121431,33.950269]},"properties":{"station_id":332,"tract_geoid":"06065042401","state_fips":"06","state_name":"California","county_fips":"065","tract_code":"042401","site_name":"Badlands Landfill","industry":"Landfill","matrix":"Groundwater","sample_year":2018,"longitude":-117.121431,"latitude":33.950269,"pfoa":25,"pfos":null,"total_pfas":142,"reported_pfas_level":142,"total_population":2056,"people_of_color":1298,"people_of_color_pct":63.132295719844358,"white_non_hispanic_pct":36.867704280155642,"black_non_hispanic_pct":0.48638132295719844,"asian_non_hispanic_pct":2.772373540856031,"hispanic_or_latino_pct":55.78793774319066,"median_household_income":107500}},{"type":"Feature","geometry":{"type":"Point","coordinates":[-119.225349,34.229403]},"properties":{"station_id":333,"tract_geoid":"06111002905","state_fips":"06","state_name":"California","county_fips":"111","tract_code":"002905","site_name":"Bailard Landfill","industry":"Landfill","matrix":"Groundwater","sample_year":2019,"longitude":-119.225349,"latitude":34.229403,"pfoa":25,"pfos":10,"total_pfas":288,"reported_pfas_level":288,"total_population":5193,"people_of_color":4306,"people_of_color_pct":82.919314461775471,"white_non_hispanic_pct":17.080685538224532,"black_non_hispanic_pct":1.405738494126709,"asian_non_hispanic_pct":9.1854419410745241,"hispanic_or_latino_pct":68.4575389948007,"median_household_income":132823}},{"type":"Feature","geometry":{"type":"Point","coordinates":[-116.057958,35.232059]},"properties":{"station_id":334,"tract_geoid":"06071010300","state_fips":"06","state_name":"California","county_fips":"071","tract_code":"010300","site_name":"Baker Class III Landfill","industry":"Landfill","matrix":"Groundwater","sample_year":2019,"longitude":-116.057958,"latitude":35.232059,"pfoa":2,"pfos":null,"total_pfas":2,"reported_pfas_level":2,"total_population":2854,"people_of_color":1343,"people_of_color_pct":47.056762438682554,"white_non_hispanic_pct":52.943237561317446,"black_non_hispanic_pct":0.31534688156972668,"asian_non_hispanic_pct":6.412053258584443,"hispanic_or_latino_pct":35.143658023826205,"median_household_income":64348}},{"type":"Feature","geometry":{"type":"Point","coordinates":[-118.655689,35.811245]},"properties":{"station_id":335,"tract_geoid":"06107002701","state_fips":"06","state_name":"California","county_fips":"107","tract_code":"002701","site_name":"Balance Rock Solid Waste Disposal Service","industry":"Landfill","matrix":"Groundwater","sample_year":2019,"longitude":-118.655689,"latitude":35.811245,"pfoa":null,"pfos":null,"total_pfas":49,"reported_pfas_level":49,"total_population":1354,"people_of_color":358,"people_of_color_pct":26.440177252584935,"white_non_hispanic_pct":73.559822747415069,"black_non_hispanic_pct":0.22156573116691286,"asian_non_hispanic_pct":0,"hispanic_or_latino_pct":20.16248153618907,"median_household_income":57202}},{"type":"Feature","geometry":{"type":"Point","coordinates":[-117.040034,32.688205]},"properties":{"station_id":336,"tract_geoid":"06073003209","state_fips":"06","state_name":"California","county_fips":"073","tract_code":"003209","site_name":"Bell Jr High Landfill","industry":"Landfill","matrix":"Groundwater","sample_year":2020,"longitude":-117.040034,"latitude":32.688205,"pfoa":190,"pfos":null,"total_pfas":469,"reported_pfas_level":469,"total_population":5436,"people_of_color":4184,"people_of_color_pct":76.96835908756438,"white_non_hispanic_pct":23.031640912435613,"black_non_hispanic_pct":11.515820456217806,"asian_non_hispanic_pct":32.781456953642383,"hispanic_or_latino_pct":19.941133186166297,"median_household_income":85700}},{"type":"Feature","geometry":{"type":"Point","coordinates":[-121.141229,41.130473]},"properties":{"station_id":337,"tract_geoid":"06035040100","state_fips":"06","state_name":"California","county_fips":"035","tract_code":"040100","site_name":"Bieber Class III Landfill","industry":"Landfill","matrix":"Groundwater","sample_year":2019,"longitude":-121.141229,"latitude":41.130473,"pfoa":420,"pfos":null,"total_pfas":986,"reported_pfas_level":986,"total_population":1289,"people_of_color":315,"people_of_color_pct":24.437548487199379,"white_non_hispanic_pct":75.562451512800621,"black_non_hispanic_pct":3.1031807602792862,"asian_non_hispanic_pct":3.4134988363072147,"hispanic_or_latino_pct":12.56788207913111,"median_household_income":43239}},{"type":"Feature","geometry":{"type":"Point","coordinates":[-116.821768,34.304336]},"properties":{"station_id":338,"tract_geoid":"06071011300","state_fips":"06","state_name":"California","county_fips":"071","tract_code":"011300","site_name":"Big Bear Class III Waste Management Facility","industry":"Landfill","matrix":"Groundwater","sample_year":2019,"longitude":-116.821768,"latitude":34.304336,"pfoa":17,"pfos":4,"total_pfas":46,"reported_pfas_level":46,"total_population":1123,"people_of_color":284,"people_of_color_pct":25.28940338379341,"white_non_hispanic_pct":74.710596616206587,"black_non_hispanic_pct":0,"asian_non_hispanic_pct":3.3837934105075691,"hispanic_or_latino_pct":9.4390026714158513,"median_household_income":81833}},{"type":"Feature","geometry":{"type":"Point","coordinates":[-120.973636,37.040172]},"properties":{"station_id":339,"tract_geoid":"06047002100","state_fips":"06","state_name":"California","county_fips":"047","tract_code":"002100","site_name":"Billy Wright Solid Waste Landfill","industry":"Landfill","matrix":"Groundwater","sample_year":2020,"longitude":-120.973636,"latitude":37.040172,"pfoa":20,"pfos":null,"total_pfas":91,"reported_pfas_level":91,"total_population":4059,"people_of_color":3077,"people_of_color_pct":75.806848977580685,"white_non_hispanic_pct":24.193151022419315,"black_non_hispanic_pct":0,"asian_non_hispanic_pct":3.695491500369549,"hispanic_or_latino_pct":68.391229366839127,"median_household_income":83214}},{"type":"Feature","geometry":{"type":"Point","coordinates":[-118.400774,37.328673]},"properties":{"station_id":340,"tract_geoid":"06027000200","state_fips":"06","state_name":"California","county_fips":"027","tract_code":"000200","site_name":"Bishop-Sunland Class III Landfill","industry":"Landfill","matrix":"Groundwater","sample_year":2019,"longitude":-118.400774,"latitude":37.328673,"pfoa":null,"pfos":null,"total_pfas":1,"reported_pfas_level":1,"total_population":1820,"people_of_color":550,"people_of_color_pct":30.219780219780219,"white_non_hispanic_pct":69.780219780219781,"black_non_hispanic_pct":2.5824175824175826,"asian_non_hispanic_pct":0.989010989010989,"hispanic_or_latino_pct":21.703296703296704,"median_household_income":92500}},{"type":"Feature","geometry":{"type":"Point","coordinates":[-118.237494,34.08258]},"properties":{"station_id":341,"tract_geoid":"06037980010","state_fips":"06","state_name":"California","county_fips":"037","tract_code":"980010","site_name":"Bishop\u0027S Canyon Landfill","industry":"Landfill","matrix":"Groundwater","sample_year":2019,"longitude":-118.237494,"latitude":34.08258,"pfoa":3,"pfos":null,"total_pfas":115,"reported_pfas_level":115,"total_population":182,"people_of_color":177,"people_of_color_pct":97.252747252747255,"white_non_hispanic_pct":2.7472527472527473,"black_non_hispanic_pct":0,"asian_non_hispanic_pct":51.0989010989011,"hispanic_or_latino_pct":43.406593406593409,"median_household_income":null}},{"type":"Feature","geometry":{"type":"Point","coordinates":[-117.899965,34.035352]},"properties":{"station_id":342,"tract_geoid":"06037408006","state_fips":"06","state_name":"California","county_fips":"037","tract_code":"408006","site_name":"Bkk Class III Landfill","industry":"Landfill","matrix":"Groundwater","sample_year":2019,"longitude":-117.899965,"latitude":34.035352,"pfoa":1,"pfos":null,"total_pfas":33,"reported_pfas_level":33,"total_population":3970,"people_of_color":3646,"people_of_color_pct":91.838790931989919,"white_non_hispanic_pct":8.1612090680100753,"black_non_hispanic_pct":0.25188916876574308,"asian_non_hispanic_pct":40.831234256926955,"hispanic_or_latino_pct":49.823677581863983,"median_household_income":84130}},{"type":"Feature","geometry":{"type":"Point","coordinates":[-122.343244,41.34973]},"properties":{"station_id":343,"tract_geoid":"06093001003","state_fips":"06","state_name":"California","county_fips":"093","tract_code":"001003","site_name":"Black Butte Class III Landfill","industry":"Landfill","matrix":"Groundwater","sample_year":2020,"longitude":-122.343244,"latitude":41.34973,"pfoa":2,"pfos":null,"total_pfas":14,"reported_pfas_level":14,"total_population":4549,"people_of_color":1002,"people_of_color_pct":22.026819081116727,"white_non_hispanic_pct":77.973180918883273,"black_non_hispanic_pct":1.5827654429544955,"asian_non_hispanic_pct":2.1543196306880632,"hispanic_or_latino_pct":7.9138272147724775,"median_household_income":54846}},{"type":"Feature","geometry":{"type":"Point","coordinates":[-114.62673,33.70478]},"properties":{"station_id":344,"tract_geoid":"06065046900","state_fips":"06","state_name":"California","county_fips":"065","tract_code":"046900","site_name":"Blythe Class III Waste Management Facility","industry":"Landfill","matrix":"Groundwater","sample_year":2019,"longitude":-114.62673,"latitude":33.70478,"pfoa":1,"pfos":null,"total_pfas":17,"reported_pfas_level":17,"total_population":1804,"people_of_color":1266,"people_of_color_pct":70.177383592017733,"white_non_hispanic_pct":29.822616407982263,"black_non_hispanic_pct":5.4878048780487809,"asian_non_hispanic_pct":0.27716186252771619,"hispanic_or_latino_pct":61.474501108647452,"median_household_income":52311}},{"type":"Feature","geometry":{"type":"Point","coordinates":[-118.35395,34.19666]},"properties":{"station_id":345,"tract_geoid":"06037980001","state_fips":"06","state_name":"California","county_fips":"037","tract_code":"980001","site_name":"Bob Hope","industry":"Airport","matrix":"Soil","sample_year":2019,"longitude":-118.35395,"latitude":34.19666,"pfoa":17000,"pfos":null,"total_pfas":669800,"reported_pfas_level":669800,"total_population":0,"people_of_color":0,"people_of_color_pct":null,"white_non_hispanic_pct":null,"black_non_hispanic_pct":null,"asian_non_hispanic_pct":null,"hispanic_or_latino_pct":null,"median_household_income":null}},{"type":"Feature","geometry":{"type":"Point","coordinates":[-117.183548,33.249664]},"properties":{"station_id":346,"tract_geoid":"06073019209","state_fips":"06","state_name":"California","county_fips":"073","tract_code":"019209","site_name":"Bonsall Landfill","industry":"Landfill","matrix":"Groundwater","sample_year":2019,"longitude":-117.183548,"latitude":33.249664,"pfoa":15,"pfos":4,"total_pfas":63,"reported_pfas_level":63,"total_population":2792,"people_of_color":1097,"people_of_color_pct":39.290830945558739,"white_non_hispanic_pct":60.709169054441261,"black_non_hispanic_pct":4.2263610315186249,"asian_non_hispanic_pct":5.7306590257879657,"hispanic_or_latino_pct":24.856733524355302,"median_household_income":140417}},{"type":"Feature","geometry":{"type":"Point","coordinates":[-117.648318,34.990488]},"properties":{"station_id":347,"tract_geoid":"06029005600","state_fips":"06","state_name":"California","county_fips":"029","tract_code":"005600","site_name":"Boron Class III Landfill","industry":"Landfill","matrix":"Groundwater","sample_year":2019,"longitude":-117.648318,"latitude":34.990488,"pfoa":1,"pfos":null,"total_pfas":22,"reported_pfas_level":22,"total_population":2698,"people_of_color":1813,"people_of_color_pct":67.197924388435879,"white_non_hispanic_pct":32.802075611564121,"black_non_hispanic_pct":7.3017049666419567,"asian_non_hispanic_pct":2.8539659006671609,"hispanic_or_latino_pct":35.285396590066718,"median_household_income":53170}},{"type":"Feature","geometry":{"type":"Point","coordinates":[-117.709872,33.708882]},"properties":{"station_id":348,"tract_geoid":"06059052430","state_fips":"06","state_name":"California","county_fips":"059","tract_code":"052430","site_name":"Bowerman Landfill","industry":"Landfill","matrix":"Groundwater","sample_year":2017,"longitude":-117.709872,"latitude":33.708882,"pfoa":null,"pfos":null,"total_pfas":420,"reported_pfas_level":420,"total_population":17078,"people_of_color":11673,"people_of_color_pct":68.35109497599251,"white_non_hispanic_pct":31.648905024007494,"black_non_hispanic_pct":0.56798219932076355,"asian_non_hispanic_pct":42.259046726783,"hispanic_or_latino_pct":14.029745871881953,"median_household_income":184668}},{"type":"Feature","geometry":{"type":"Point","coordinates":[-118.378646,34.240762]},"properties":{"station_id":349,"tract_geoid":"06037121102","state_fips":"06","state_name":"California","county_fips":"037","tract_code":"121102","site_name":"Bradley Landfill \u0026 Recycling","industry":"Landfill","matrix":"Groundwater","sample_year":2019,"longitude":-118.378646,"latitude":34.240762,"pfoa":12,"pfos":8,"total_pfas":189,"reported_pfas_level":189,"total_population":2436,"people_of_color":1586,"people_of_color_pct":65.106732348111663,"white_non_hispanic_pct":34.893267651888344,"black_non_hispanic_pct":2.5862068965517242,"asian_non_hispanic_pct":2.0114942528735633,"hispanic_or_latino_pct":52.422003284072247,"median_household_income":79743}},{"type":"Feature","geometry":{"type":"Point","coordinates":[-117.201842,33.137987]},"properties":{"station_id":350,"tract_geoid":"06073020029","state_fips":"06","state_name":"California","county_fips":"073","tract_code":"020029","site_name":"Bradley Park - Old Linda Vista Landfill","industry":"Landfill","matrix":"Groundwater","sample_year":2019,"longitude":-117.201842,"latitude":33.137987,"pfoa":110,"pfos":90,"total_pfas":2028,"reported_pfas_level":2028,"total_population":7007,"people_of_color":5193,"people_of_color_pct":74.111602683031251,"white_non_hispanic_pct":25.888397316968746,"black_non_hispanic_pct":1.7411160268303125,"asian_non_hispanic_pct":8.7626659055230487,"hispanic_or_latino_pct":56.800342514628227,"median_household_income":77449}},{"type":"Feature","geometry":{"type":"Point","coordinates":[-115.538591,32.998459]},"properties":{"station_id":351,"tract_geoid":"06025010500","state_fips":"06","state_name":"California","county_fips":"025","tract_code":"010500","site_name":"Brawley Class III Waste Management Facility","industry":"Landfill","matrix":"Groundwater","sample_year":2019,"longitude":-115.538591,"latitude":32.998459,"pfoa":null,"pfos":null,"total_pfas":1,"reported_pfas_level":1,"total_population":7478,"people_of_color":6216,"people_of_color_pct":83.123829901043067,"white_non_hispanic_pct":16.876170098956941,"black_non_hispanic_pct":0,"asian_non_hispanic_pct":1.4709815458678792,"hispanic_or_latino_pct":81.291789248462152,"median_household_income":68125}},{"type":"Feature","geometry":{"type":"Point","coordinates":[-119.218867,38.268896]},"properties":{"station_id":352,"tract_geoid":"06051000102","state_fips":"06","state_name":"California","county_fips":"051","tract_code":"000102","site_name":"Bridgeport Class III Landfill","industry":"Landfill","matrix":"Groundwater","sample_year":2020,"longitude":-119.218867,"latitude":38.268896,"pfoa":6,"pfos":1,"total_pfas":52,"reported_pfas_level":52,"total_population":2402,"people_of_color":979,"people_of_color_pct":40.757701915070776,"white_non_hispanic_pct":59.242298084929224,"black_non_hispanic_pct":0.37468776019983346,"asian_non_hispanic_pct":1.7901748542880933,"hispanic_or_latino_pct":35.303913405495422,"median_household_income":105091}},{"type":"Feature","geometry":{"type":"Point","coordinates":[-122.396967,37.69632]},"properties":{"station_id":353,"tract_geoid":"06081600100","state_fips":"06","state_name":"California","county_fips":"081","tract_code":"600100","site_name":"Brisbane Class II Landfill","industry":"Landfill","matrix":"Groundwater","sample_year":2019,"longitude":-122.396967,"latitude":37.69632,"pfoa":130,"pfos":330,"total_pfas":1568,"reported_pfas_level":1568,"total_population":5295,"people_of_color":3222,"people_of_color_pct":60.849858356940508,"white_non_hispanic_pct":39.150141643059492,"black_non_hispanic_pct":0.018885741265344664,"asian_non_hispanic_pct":36.770538243626063,"hispanic_or_latino_pct":16.770538243626063,"median_household_income":156310}},{"type":"Feature","geometry":{"type":"Point","coordinates":[-117.934732,34.116863]},"properties":{"station_id":354,"tract_geoid":"06037404402","state_fips":"06","state_name":"California","county_fips":"037","tract_code":"404402","site_name":"Brothers Plating","industry":"Industry","matrix":"Soil","sample_year":2020,"longitude":-117.934732,"latitude":34.116863,"pfoa":11000,"pfos":3200000,"total_pfas":3743600,"reported_pfas_level":3743600,"total_population":4673,"people_of_color":4382,"people_of_color_pct":93.772736999786,"white_non_hispanic_pct":6.2272630002139957,"black_non_hispanic_pct":0.64198587631072113,"asian_non_hispanic_pct":9.69398673229189,"hispanic_or_latino_pct":77.55189385833512,"median_household_income":96616}},{"type":"Feature","geometry":{"type":"Point","coordinates":[-122.06039,37.98924]},"properties":{"station_id":355,"tract_geoid":"06013327001","state_fips":"06","state_name":"California","county_fips":"013","tract_code":"327001","site_name":"Buchanan Field","industry":"Airport","matrix":"Groundwater","sample_year":2019,"longitude":-122.06039,"latitude":37.98924,"pfoa":3920,"pfos":null,"total_pfas":91100,"reported_pfas_level":91100,"total_population":3572,"people_of_color":2062,"people_of_color_pct":57.726763717805149,"white_non_hispanic_pct":42.273236282194851,"black_non_hispanic_pct":7.8667413213885782,"asian_non_hispanic_pct":1.2318029115341544,"hispanic_or_latino_pct":46.080627099664056,"median_household_income":102675}},{"type":"Feature","geometry":{"type":"Point","coordinates":[-122.39667,40.67]},"properties":{"station_id":356,"tract_geoid":"06089011600","state_fips":"06","state_name":"California","county_fips":"089","tract_code":"011600","site_name":"Buckeye Landfill","industry":"Landfill","matrix":"Groundwater","sample_year":2019,"longitude":-122.39667,"latitude":40.67,"pfoa":280,"pfos":180,"total_pfas":764,"reported_pfas_level":764,"total_population":3525,"people_of_color":664,"people_of_color_pct":18.836879432624112,"white_non_hispanic_pct":81.163120567375884,"black_non_hispanic_pct":0,"asian_non_hispanic_pct":4.1702127659574471,"hispanic_or_latino_pct":11.375886524822695,"median_household_income":75348}},{"type":"Feature","geometry":{"type":"Point","coordinates":[-121.811837,36.920496]},"properties":{"station_id":357,"tract_geoid":"06087122300","state_fips":"06","state_name":"California","county_fips":"087","tract_code":"122300","site_name":"Buena Vista Class III Landfill","industry":"Landfill","matrix":"Groundwater","sample_year":2020,"longitude":-121.811837,"latitude":36.920496,"pfoa":82,"pfos":19,"total_pfas":398,"reported_pfas_level":398,"total_population":3804,"people_of_color":1603,"people_of_color_pct":42.13985278654048,"white_non_hispanic_pct":57.86014721345952,"black_non_hispanic_pct":0.026288117770767613,"asian_non_hispanic_pct":1.6561514195583595,"hispanic_or_latino_pct":34.2534174553102,"median_household_income":103929}},{"type":"Feature","geometry":{"type":"Point","coordinates":[-118.313816,34.206782]},"properties":{"station_id":358,"tract_geoid":"06037310100","state_fips":"06","state_name":"California","county_fips":"037","tract_code":"310100","site_name":"Burbank Landfill","industry":"Landfill","matrix":"Groundwater","sample_year":2019,"longitude":-118.313816,"latitude":34.206782,"pfoa":150,"pfos":null,"total_pfas":2158,"reported_pfas_level":2158,"total_population":5968,"people_of_color":1713,"people_of_color_pct":28.703083109919572,"white_non_hispanic_pct":71.296916890080425,"black_non_hispanic_pct":5.0938337801608577,"asian_non_hispanic_pct":9.2995978552278817,"hispanic_or_latino_pct":10.036863270777481,"median_household_income":171991}},{"type":"Feature","geometry":{"type":"Point","coordinates":[-122.359429,37.59007]},"properties":{"station_id":359,"tract_geoid":"06081605400","state_fips":"06","state_name":"California","county_fips":"081","tract_code":"605400","site_name":"Burlingame Landfill (Sports Complex)","industry":"Landfill","matrix":"Groundwater","sample_year":2019,"longitude":-122.359429,"latitude":37.59007,"pfoa":480,"pfos":92,"total_pfas":1396,"reported_pfas_level":1396,"total_population":6557,"people_of_color":2923,"people_of_color_pct":44.578313253012048,"white_non_hispanic_pct":55.421686746987952,"black_non_hispanic_pct":0,"asian_non_hispanic_pct":22.098520664938235,"hispanic_or_latino_pct":17.797773371968887,"median_household_income":166972}},{"type":"Feature","geometry":{"type":"Point","coordinates":[-118.712053,34.147549]},"properties":{"station_id":360,"tract_geoid":"06037800328","state_fips":"06","state_name":"California","county_fips":"037","tract_code":"800328","site_name":"Calabasas Landfill","industry":"Landfill","matrix":"Groundwater","sample_year":2019,"longitude":-118.712053,"latitude":34.147549,"pfoa":33,"pfos":2,"total_pfas":1126,"reported_pfas_level":1126,"total_population":1306,"people_of_color":405,"people_of_color_pct":31.010719754977028,"white_non_hispanic_pct":68.989280245022968,"black_non_hispanic_pct":0,"asian_non_hispanic_pct":15.773353751914241,"hispanic_or_latino_pct":11.332312404287903,"median_household_income":173125}},{"type":"Feature","geometry":{"type":"Point","coordinates":[-115.543588,32.678688]},"properties":{"station_id":361,"tract_geoid":"06025011901","state_fips":"06","state_name":"California","county_fips":"025","tract_code":"011901","site_name":"Calexico Class III Waste Management Facility","industry":"Landfill","matrix":"Groundwater","sample_year":2019,"longitude":-115.543588,"latitude":32.678688,"pfoa":2,"pfos":null,"total_pfas":9,"reported_pfas_level":9,"total_population":1935,"people_of_color":1892,"people_of_color_pct":97.777777777777771,"white_non_hispanic_pct":2.2222222222222223,"black_non_hispanic_pct":0.41343669250645992,"asian_non_hispanic_pct":3.1524547803617571,"hispanic_or_latino_pct":94.211886304909555,"median_household_income":79798}},{"type":"Feature","geometry":{"type":"Point","coordinates":[-124.10755,40.97594]},"properties":{"station_id":362,"tract_geoid":"06023010400","state_fips":"06","state_name":"California","county_fips":"023","tract_code":"010400","site_name":"California Redwood Coast-Humboldt County","industry":"Airport","matrix":"Groundwater","sample_year":2020,"longitude":-124.10755,"latitude":40.97594,"pfoa":17,"pfos":null,"total_pfas":500,"reported_pfas_level":500,"total_population":3828,"people_of_color":891,"people_of_color_pct":23.275862068965516,"white_non_hispanic_pct":76.724137931034477,"black_non_hispanic_pct":0,"asian_non_hispanic_pct":2.3772204806687567,"hispanic_or_latino_pct":6.4785788923719956,"median_household_income":82317}},{"type":"Feature","geometry":{"type":"Point","coordinates":[-120.052745,41.540194]},"properties":{"station_id":363,"tract_geoid":"06049000400","state_fips":"06","state_name":"California","county_fips":"049","tract_code":"000400","site_name":"Cedarville West Solid Waste Disposal Service (Old)","industry":"Landfill","matrix":"Groundwater","sample_year":2020,"longitude":-120.052745,"latitude":41.540194,"pfoa":null,"pfos":null,"total_pfas":1,"reported_pfas_level":1,"total_population":1096,"people_of_color":240,"people_of_color_pct":21.8978102189781,"white_non_hispanic_pct":78.102189781021892,"black_non_hispanic_pct":0.63868613138686137,"asian_non_hispanic_pct":1.0036496350364963,"hispanic_or_latino_pct":9.6715328467153281,"median_household_income":53493}},{"type":"Feature","geometry":{"type":"Point","coordinates":[-118.357649,37.530218]},"properties":{"station_id":364,"tract_geoid":"06051000101","state_fips":"06","state_name":"California","county_fips":"051","tract_code":"000101","site_name":"Chalfant Class III Landfill","industry":"Landfill","matrix":"Groundwater","sample_year":2020,"longitude":-118.357649,"latitude":37.530218,"pfoa":null,"pfos":null,"total_pfas":2,"reported_pfas_level":2,"total_population":3532,"people_of_color":880,"people_of_color_pct":24.915062287655719,"white_non_hispanic_pct":75.084937712344285,"black_non_hispanic_pct":0,"asian_non_hispanic_pct":0,"hispanic_or_latino_pct":17.553793884484712,"median_household_income":112721}},{"type":"Feature","geometry":{"type":"Point","coordinates":[-122.805765,38.509931]},"properties":{"station_id":365,"tract_geoid":"06097152702","state_fips":"06","state_name":"California","county_fips":"097","tract_code":"152702","site_name":"Charles M Schulz - Sonoma County","industry":"Airport","matrix":"Groundwater","sample_year":2020,"longitude":-122.805765,"latitude":38.509931,"pfoa":370,"pfos":null,"total_pfas":38720,"reported_pfas_level":38720,"total_population":4842,"people_of_color":1853,"people_of_color_pct":38.2693102023957,"white_non_hispanic_pct":61.7306897976043,"black_non_hispanic_pct":1.4663362247005369,"asian_non_hispanic_pct":5.2044609665427508,"hispanic_or_latino_pct":22.593969434118133,"median_household_income":113772}},{"type":"Feature","geometry":{"type":"Point","coordinates":[-121.1376,40.325303]},"properties":{"station_id":366,"tract_geoid":"06063000502","state_fips":"06","state_name":"California","county_fips":"063","tract_code":"000502","site_name":"Chester Class III Landfill","industry":"Landfill","matrix":"Groundwater","sample_year":2019,"longitude":-121.1376,"latitude":40.325303,"pfoa":130,"pfos":12,"total_pfas":347,"reported_pfas_level":347,"total_population":2034,"people_of_color":290,"people_of_color_pct":14.257620452310718,"white_non_hispanic_pct":85.742379547689282,"black_non_hispanic_pct":0,"asian_non_hispanic_pct":0.14749262536873156,"hispanic_or_latino_pct":6.9813176007866273,"median_household_income":95045}},{"type":"Feature","geometry":{"type":"Point","coordinates":[-120.631944,35.524221]},"properties":{"station_id":367,"tract_geoid":"06079013100","state_fips":"06","state_name":"California","county_fips":"079","tract_code":"013100","site_name":"Chicago Grade Landfill Solid Waste Disposal Service","industry":"Landfill","matrix":"Groundwater","sample_year":2019,"longitude":-120.631944,"latitude":35.524221,"pfoa":14,"pfos":null,"total_pfas":167,"reported_pfas_level":167,"total_population":6475,"people_of_color":1259,"people_of_color_pct":19.444015444015445,"white_non_hispanic_pct":80.555984555984551,"black_non_hispanic_pct":0.12355212355212356,"asian_non_hispanic_pct":0.277992277992278,"hispanic_or_latino_pct":13.714285714285714,"median_household_income":109631}},{"type":"Feature","geometry":{"type":"Point","coordinates":[-118.928475,35.428546]},"properties":{"station_id":368,"tract_geoid":"06029000914","state_fips":"06","state_name":"California","county_fips":"029","tract_code":"000914","site_name":"China Grade Sanitary Landfill","industry":"Landfill","matrix":"Groundwater","sample_year":2019,"longitude":-118.928475,"latitude":35.428546,"pfoa":null,"pfos":null,"total_pfas":87,"reported_pfas_level":87,"total_population":4613,"people_of_color":3056,"people_of_color_pct":66.24756123997399,"white_non_hispanic_pct":33.752438760026017,"black_non_hispanic_pct":0.21677866897897247,"asian_non_hispanic_pct":10.296986776501193,"hispanic_or_latino_pct":36.15868198569261,"median_household_income":99116}},{"type":"Feature","geometry":{"type":"Point","coordinates":[-118.64655,34.426092]},"properties":{"station_id":369,"tract_geoid":"06037920106","state_fips":"06","state_name":"California","county_fips":"037","tract_code":"920106","site_name":"Chiquita Canyon Landfill","industry":"Landfill","matrix":"Groundwater","sample_year":2019,"longitude":-118.64655,"latitude":34.426092,"pfoa":1,"pfos":null,"total_pfas":70,"reported_pfas_level":70,"total_population":3716,"people_of_color":2780,"people_of_color_pct":74.811625403659846,"white_non_hispanic_pct":25.18837459634015,"black_non_hispanic_pct":4.1442411194833157,"asian_non_hispanic_pct":3.6867599569429492,"hispanic_or_latino_pct":62.782561894510224,"median_household_income":137813}},{"type":"Feature","geometry":{"type":"Point","coordinates":[-121.479687,38.565934]},"properties":{"station_id":370,"tract_geoid":"06067001900","state_fips":"06","state_name":"California","county_fips":"067","tract_code":"001900","site_name":"Chrome Craft Facility (Former)","industry":"Industry","matrix":"Groundwater","sample_year":2020,"longitude":-121.479687,"latitude":38.565934,"pfoa":9,"pfos":2,"total_pfas":244,"reported_pfas_level":244,"total_population":3316,"people_of_color":1281,"people_of_color_pct":38.630880579010856,"white_non_hispanic_pct":61.369119420989144,"black_non_hispanic_pct":3.4981905910735827,"asian_non_hispanic_pct":6.9662243667068759,"hispanic_or_latino_pct":23.70325693606755,"median_household_income":90217}},{"type":"Feature","geometry":{"type":"Point","coordinates":[-122.410985,40.571324]},"properties":{"station_id":371,"tract_geoid":"06089010500","state_fips":"06","state_name":"California","county_fips":"089","tract_code":"010500","site_name":"City Of Redding Benton Class III Landfill","industry":"Landfill","matrix":"Groundwater","sample_year":2020,"longitude":-122.410985,"latitude":40.571324,"pfoa":190,"pfos":49,"total_pfas":801,"reported_pfas_level":801,"total_population":5025,"people_of_color":1176,"people_of_color_pct":23.402985074626866,"white_non_hispanic_pct":76.597014925373131,"black_non_hispanic_pct":0.37810945273631841,"asian_non_hispanic_pct":1.1343283582089552,"hispanic_or_latino_pct":15.562189054726367,"median_household_income":52662}},{"type":"Feature","geometry":{"type":"Point","coordinates":[-119.61586,35.39896]},"properties":{"station_id":372,"tract_geoid":"06029003304","state_fips":"06","state_name":"California","county_fips":"029","tract_code":"003304","site_name":"Clean Harbors Buttonwillow,Inc","industry":"Landfill","matrix":"Groundwater","sample_year":2019,"longitude":-119.61586,"latitude":35.39896,"pfoa":120,"pfos":3,"total_pfas":2077,"reported_pfas_level":2077,"total_population":2764,"people_of_color":1255,"people_of_color_pct":45.405209840810421,"white_non_hispanic_pct":54.594790159189579,"black_non_hispanic_pct":2.8581765557163532,"asian_non_hispanic_pct":1.6280752532561504,"hispanic_or_latino_pct":35.057887120115772,"median_household_income":92500}},{"type":"Feature","geometry":{"type":"Point","coordinates":[-122.533882,38.585342]},"properties":{"station_id":373,"tract_geoid":"06055201900","state_fips":"06","state_name":"California","county_fips":"055","tract_code":"201900","site_name":"Clover Flat Landfill","industry":"Landfill","matrix":"Groundwater","sample_year":2020,"longitude":-122.533882,"latitude":38.585342,"pfoa":63,"pfos":null,"total_pfas":319,"reported_pfas_level":319,"total_population":1457,"people_of_color":700,"people_of_color_pct":48.04392587508579,"white_non_hispanic_pct":51.95607412491421,"black_non_hispanic_pct":3.01990391214825,"asian_non_hispanic_pct":1.2354152367879203,"hispanic_or_latino_pct":37.405628002745367,"median_household_income":134375}},{"type":"Feature","geometry":{"type":"Point","coordinates":[-119.208355,34.231674]},"properties":{"station_id":374,"tract_geoid":"06111002901","state_fips":"06","state_name":"California","county_fips":"111","tract_code":"002901","site_name":"Coastal/Santa Clara Landfill","industry":"Landfill","matrix":"Groundwater","sample_year":2019,"longitude":-119.208355,"latitude":34.231674,"pfoa":21,"pfos":25,"total_pfas":132,"reported_pfas_level":132,"total_population":5680,"people_of_color":4223,"people_of_color_pct":74.348591549295776,"white_non_hispanic_pct":25.651408450704224,"black_non_hispanic_pct":1.619718309859155,"asian_non_hispanic_pct":9.683098591549296,"hispanic_or_latino_pct":56.49647887323944,"median_household_income":134861}},{"type":"Feature","geometry":{"type":"Point","coordinates":[-120.598291,35.18723]},"properties":{"station_id":375,"tract_geoid":"06079012302","state_fips":"06","state_name":"California","county_fips":"079","tract_code":"012302","site_name":"Cold Canyon Landfill Inc.","industry":"Landfill","matrix":"Groundwater","sample_year":2020,"longitude":-120.598291,"latitude":35.18723,"pfoa":null,"pfos":null,"total_pfas":974,"reported_pfas_level":974,"total_population":6526,"people_of_color":2179,"people_of_color_pct":33.389518847686176,"white_non_hispanic_pct":66.610481152313824,"black_non_hispanic_pct":0,"asian_non_hispanic_pct":0.9653692920625192,"hispanic_or_latino_pct":23.092246399019306,"median_household_income":130875}},{"type":"Feature","geometry":{"type":"Point","coordinates":[-117.538623,33.863283]},"properties":{"station_id":376,"tract_geoid":"06065041415","state_fips":"06","state_name":"California","county_fips":"065","tract_code":"041415","site_name":"Corona Sanitary Landfill","industry":"Landfill","matrix":"Groundwater","sample_year":2020,"longitude":-117.538623,"latitude":33.863283,"pfoa":200,"pfos":34,"total_pfas":2072,"reported_pfas_level":2072,"total_population":4210,"people_of_color":3117,"people_of_color_pct":74.038004750593828,"white_non_hispanic_pct":25.961995249406176,"black_non_hispanic_pct":1.4251781472684086,"asian_non_hispanic_pct":26.270783847980997,"hispanic_or_latino_pct":45.059382422802848,"median_household_income":144767}},{"type":"Feature","geometry":{"type":"Point","coordinates":[-121.46975,38.58505]},"properties":{"station_id":377,"tract_geoid":"06067005301","state_fips":"06","state_name":"California","county_fips":"067","tract_code":"005301","site_name":"Dellar Landfill","industry":"Landfill","matrix":"Groundwater","sample_year":2019,"longitude":-121.46975,"latitude":38.58505,"pfoa":120,"pfos":87,"total_pfas":606,"reported_pfas_level":606,"total_population":2332,"people_of_color":1211,"people_of_color_pct":51.929674099485418,"white_non_hispanic_pct":48.070325900514582,"black_non_hispanic_pct":12.9073756432247,"asian_non_hispanic_pct":9.5197255574614061,"hispanic_or_latino_pct":16.938250428816467,"median_household_income":94861}},{"type":"Feature","geometry":{"type":"Point","coordinates":[-115.409649,33.777196]},"properties":{"station_id":378,"tract_geoid":"06065046900","state_fips":"06","state_name":"California","county_fips":"065","tract_code":"046900","site_name":"Desert Center Sanitary","industry":"Landfill","matrix":"Groundwater","sample_year":2019,"longitude":-115.409649,"latitude":33.777196,"pfoa":1,"pfos":null,"total_pfas":8,"reported_pfas_level":8,"total_population":1804,"people_of_color":1266,"people_of_color_pct":70.177383592017733,"white_non_hispanic_pct":29.822616407982263,"black_non_hispanic_pct":5.4878048780487809,"asian_non_hispanic_pct":0.27716186252771619,"hispanic_or_latino_pct":61.474501108647452,"median_household_income":52311}},{"type":"Feature","geometry":{"type":"Point","coordinates":[-118.118029,33.93024]},"properties":{"station_id":379,"tract_geoid":"06037551102","state_fips":"06","state_name":"California","county_fips":"037","tract_code":"551102","site_name":"Downey Industrial Center","industry":"Industry","matrix":"Groundwater","sample_year":2019,"longitude":-118.118029,"latitude":33.93024,"pfoa":2,"pfos":16,"total_pfas":null,"reported_pfas_level":17,"total_population":5388,"people_of_color":5054,"people_of_color_pct":93.801039346696356,"white_non_hispanic_pct":6.1989606533036374,"black_non_hispanic_pct":5.3823311061618409,"asian_non_hispanic_pct":1.7446176688938382,"hispanic_or_latino_pct":81.31031922791388,"median_household_income":61713}},{"type":"Feature","geometry":{"type":"Point","coordinates":[-117.098841,32.655946]},"properties":{"station_id":380,"tract_geoid":"06073011602","state_fips":"06","state_name":"California","county_fips":"073","tract_code":"011602","site_name":"Duck Pond Landfill","industry":"Landfill","matrix":"Groundwater","sample_year":2019,"longitude":-117.098841,"latitude":32.655946,"pfoa":22,"pfos":35,"total_pfas":139,"reported_pfas_level":139,"total_population":3811,"people_of_color":3247,"people_of_color_pct":85.200734715297827,"white_non_hispanic_pct":14.799265284702178,"black_non_hispanic_pct":6.1926003673576488,"asian_non_hispanic_pct":8.0031487798478089,"hispanic_or_latino_pct":70.060351613749674,"median_household_income":61854}},{"type":"Feature","geometry":{"type":"Point","coordinates":[-120.214519,39.292717]},"properties":{"station_id":381,"tract_geoid":"06061022014","state_fips":"06","state_name":"California","county_fips":"061","tract_code":"022014","site_name":"Eastern Regional Landfill","industry":"Landfill","matrix":"Groundwater","sample_year":2020,"longitude":-120.214519,"latitude":39.292717,"pfoa":44,"pfos":3,"total_pfas":241,"reported_pfas_level":241,"total_population":1691,"people_of_color":151,"people_of_color_pct":8.92962743938498,"white_non_hispanic_pct":91.070372560615027,"black_non_hispanic_pct":2.4837374334713189,"asian_non_hispanic_pct":0,"hispanic_or_latino_pct":5.3222945002956834,"median_household_income":141250}},{"type":"Feature","geometry":{"type":"Point","coordinates":[-122.601741,38.95393]},"properties":{"station_id":382,"tract_geoid":"06033000702","state_fips":"06","state_name":"California","county_fips":"033","tract_code":"000702","site_name":"Eastlake Landfill","industry":"Landfill","matrix":"Groundwater","sample_year":2019,"longitude":-122.601741,"latitude":38.95393,"pfoa":240,"pfos":18,"total_pfas":1493,"reported_pfas_level":1493,"total_population":4586,"people_of_color":2785,"people_of_color_pct":60.728303532490187,"white_non_hispanic_pct":39.271696467509813,"black_non_hispanic_pct":0.87221979938944616,"asian_non_hispanic_pct":0,"hispanic_or_latino_pct":52.594853903183605,"median_household_income":37765}},{"type":"Feature","geometry":{"type":"Point","coordinates":[-116.434748,33.882016]},"properties":{"station_id":383,"tract_geoid":"06065044520","state_fips":"06","state_name":"California","county_fips":"065","tract_code":"044520","site_name":"Edom Hill Class III Waste Management Facility 01-141","industry":"Landfill","matrix":"Groundwater","sample_year":2019,"longitude":-116.434748,"latitude":33.882016,"pfoa":14,"pfos":null,"total_pfas":520,"reported_pfas_level":520,"total_population":1099,"people_of_color":556,"people_of_color_pct":50.591446769790721,"white_non_hispanic_pct":49.408553230209279,"black_non_hispanic_pct":1.6378525932666059,"asian_non_hispanic_pct":1.0009099181073704,"hispanic_or_latino_pct":45.49590536851683,"median_household_income":84750}},{"type":"Feature","geometry":{"type":"Point","coordinates":[-118.392175,33.909366]},"properties":{"station_id":384,"tract_geoid":"06037980013","state_fips":"06","state_name":"California","county_fips":"037","tract_code":"980013","site_name":"Edward C. Little Water Reclamation Plant - West Coast Basin Barrier Project - Expansion Phase III","industry":"WWTP","matrix":"Groundwater","sample_year":2020,"longitude":-118.392175,"latitude":33.909366,"pfoa":4,"pfos":8,"total_pfas":12,"reported_pfas_level":12,"total_population":0,"people_of_color":0,"people_of_color_pct":null,"white_non_hispanic_pct":null,"black_non_hispanic_pct":null,"asian_non_hispanic_pct":null,"hispanic_or_latino_pct":null,"median_household_income":null}},{"type":"Feature","geometry":{"type":"Point","coordinates":[-117.476232,33.797719]},"properties":{"station_id":385,"tract_geoid":"06065042007","state_fips":"06","state_name":"California","county_fips":"065","tract_code":"042007","site_name":"El Sobrante Landfill","industry":"Landfill","matrix":"Groundwater","sample_year":2017,"longitude":-117.476232,"latitude":33.797719,"pfoa":610,"pfos":40,"total_pfas":1449,"reported_pfas_level":1449,"total_population":7605,"people_of_color":4255,"people_of_color_pct":55.9500328731098,"white_non_hispanic_pct":44.0499671268902,"black_non_hispanic_pct":5.6541748849441156,"asian_non_hispanic_pct":6.92965154503616,"hispanic_or_latino_pct":30.046022353714662,"median_household_income":144219}},{"type":"Feature","geometry":{"type":"Point","coordinates":[-121.35371,38.41485]},"properties":{"station_id":386,"tract_geoid":"06067009307","state_fips":"06","state_name":"California","county_fips":"067","tract_code":"009307","site_name":"Elk Grove Class III Landfill","industry":"Landfill","matrix":"Groundwater","sample_year":2019,"longitude":-121.35371,"latitude":38.41485,"pfoa":2,"pfos":null,"total_pfas":29,"reported_pfas_level":29,"total_population":5483,"people_of_color":2755,"people_of_color_pct":50.246215575414922,"white_non_hispanic_pct":49.753784424585078,"black_non_hispanic_pct":6.9305124931606787,"asian_non_hispanic_pct":15.320080248039394,"hispanic_or_latino_pct":19.697246033193508,"median_household_income":120266}},{"type":"Feature","geometry":{"type":"Point","coordinates":[-121.43105,38.56053]},"properties":{"station_id":387,"tract_geoid":"06067001601","state_fips":"06","state_name":"California","county_fips":"067","tract_code":"001601","site_name":"Elvas Quarry Landfill","industry":"Landfill","matrix":"Groundwater","sample_year":2019,"longitude":-121.43105,"latitude":38.56053,"pfoa":9200,"pfos":72000,"total_pfas":320400,"reported_pfas_level":320400,"total_population":3199,"people_of_color":1080,"people_of_color_pct":33.760550171928728,"white_non_hispanic_pct":66.239449828071272,"black_non_hispanic_pct":1.5629884338855893,"asian_non_hispanic_pct":5.1578618318224443,"hispanic_or_latino_pct":21.663019693654267,"median_household_income":121250}},{"type":"Feature","geometry":{"type":"Point","coordinates":[-117.251173,33.03979]},"properties":{"station_id":388,"tract_geoid":"06073017403","state_fips":"06","state_name":"California","county_fips":"073","tract_code":"017403","site_name":"Encinitas II Landfill","industry":"Landfill","matrix":"Groundwater","sample_year":2019,"longitude":-117.251173,"latitude":33.03979,"pfoa":null,"pfos":null,"total_pfas":31,"reported_pfas_level":31,"total_population":4730,"people_of_color":1065,"people_of_color_pct":22.515856236786469,"white_non_hispanic_pct":77.484143763213524,"black_non_hispanic_pct":0.33826638477801269,"asian_non_hispanic_pct":8.13953488372093,"hispanic_or_latino_pct":10.824524312896406,"median_household_income":154886}},{"type":"Feature","geometry":{"type":"Point","coordinates":[-120.197154,37.063652]},"properties":{"station_id":389,"tract_geoid":"06039000203","state_fips":"06","state_name":"California","county_fips":"039","tract_code":"000203","site_name":"Fairmead Solid Waste Disposal Service","industry":"Landfill","matrix":"Groundwater","sample_year":2019,"longitude":-120.197154,"latitude":37.063652,"pfoa":1,"pfos":null,"total_pfas":10,"reported_pfas_level":10,"total_population":1582,"people_of_color":913,"people_of_color_pct":57.711757269279396,"white_non_hispanic_pct":42.288242730720604,"black_non_hispanic_pct":1.6434892541087232,"asian_non_hispanic_pct":1.0745891276864727,"hispanic_or_latino_pct":50.316055625790142,"median_household_income":73906}},{"type":"Feature","geometry":{"type":"Point","coordinates":[-120.934634,38.035311]},"properties":{"station_id":390,"tract_geoid":"06077004800","state_fips":"06","state_name":"California","county_fips":"077","tract_code":"004800","site_name":"Foothill Sanitary Landfill","industry":"Landfill","matrix":"Groundwater","sample_year":2020,"longitude":-120.934634,"latitude":38.035311,"pfoa":1100,"pfos":56,"total_pfas":12055,"reported_pfas_level":12055,"total_population":5333,"people_of_color":2336,"people_of_color_pct":43.802737671104445,"white_non_hispanic_pct":56.197262328895555,"black_non_hispanic_pct":1.8938683667729233,"asian_non_hispanic_pct":1.3875867241702606,"hispanic_or_latino_pct":38.177386086630413,"median_household_income":103284}},{"type":"Feature","geometry":{"type":"Point","coordinates":[-118.341202,33.844988]},"properties":{"station_id":391,"tract_geoid":"06037650401","state_fips":"06","state_name":"California","county_fips":"037","tract_code":"650401","site_name":"Former Amp-Matrix Science Facility","industry":"Industry","matrix":"Groundwater","sample_year":2020,"longitude":-118.341202,"latitude":33.844988,"pfoa":2,"pfos":null,"total_pfas":148,"reported_pfas_level":148,"total_population":4360,"people_of_color":2765,"people_of_color_pct":63.417431192660551,"white_non_hispanic_pct":36.582568807339449,"black_non_hispanic_pct":1.5596330275229358,"asian_non_hispanic_pct":37.064220183486242,"hispanic_or_latino_pct":15.29816513761468,"median_household_income":142566}},{"type":"Feature","geometry":{"type":"Point","coordinates":[-117.04497,32.59369]},"properties":{"station_id":392,"tract_geoid":"06073013308","state_fips":"06","state_name":"California","county_fips":"073","tract_code":"013308","site_name":"Former Omar Rendering Landfill","industry":"Landfill","matrix":"Groundwater","sample_year":2019,"longitude":-117.04497,"latitude":32.59369,"pfoa":2,"pfos":18,"total_pfas":128,"reported_pfas_level":128,"total_population":3901,"people_of_color":3721,"people_of_color_pct":95.385798513201749,"white_non_hispanic_pct":4.6142014867982573,"black_non_hispanic_pct":3.4093822096898232,"asian_non_hispanic_pct":7.7416047167392978,"hispanic_or_latino_pct":83.747756985388364,"median_household_income":101979}},{"type":"Feature","geometry":{"type":"Point","coordinates":[-117.661503,33.491419]},"properties":{"station_id":393,"tract_geoid":"06059042203","state_fips":"06","state_name":"California","county_fips":"059","tract_code":"042203","site_name":"Forster Canyon Landfill","industry":"Landfill","matrix":"Groundwater","sample_year":2019,"longitude":-117.661503,"latitude":33.491419,"pfoa":5,"pfos":9,"total_pfas":68,"reported_pfas_level":68,"total_population":9842,"people_of_color":2917,"people_of_color_pct":29.638284901442795,"white_non_hispanic_pct":70.3617150985572,"black_non_hispanic_pct":0.86364560048770578,"asian_non_hispanic_pct":4.4604755131070917,"hispanic_or_latino_pct":17.598049176996547,"median_household_income":137607}},{"type":"Feature","geometry":{"type":"Point","coordinates":[-120.155129,41.877007999999996]},"properties":{"station_id":394,"tract_geoid":"06049000400","state_fips":"06","state_name":"California","county_fips":"049","tract_code":"000400","site_name":"Fort Bidwell Solid Waste Disposal Service","industry":"Landfill","matrix":"Groundwater","sample_year":2020,"longitude":-120.155129,"latitude":41.877007999999996,"pfoa":72,"pfos":6,"total_pfas":302,"reported_pfas_level":302,"total_population":1096,"people_of_color":240,"people_of_color_pct":21.8978102189781,"white_non_hispanic_pct":78.102189781021892,"black_non_hispanic_pct":0.63868613138686137,"asian_non_hispanic_pct":1.0036496350364963,"hispanic_or_latino_pct":9.6715328467153281,"median_household_income":53493}},{"type":"Feature","geometry":{"type":"Point","coordinates":[-121.187656,37.875254]},"properties":{"station_id":395,"tract_geoid":"06077005131","state_fips":"06","state_name":"California","county_fips":"077","tract_code":"005131","site_name":"Forward Landfill","industry":"Landfill","matrix":"Groundwater","sample_year":2020,"longitude":-121.187656,"latitude":37.875254,"pfoa":7000,"pfos":440,"total_pfas":55100,"reported_pfas_level":55100,"total_population":6967,"people_of_color":4457,"people_of_color_pct":63.973015645184439,"white_non_hispanic_pct":36.026984354815561,"black_non_hispanic_pct":10.650208124013204,"asian_non_hispanic_pct":9.1861633414669157,"hispanic_or_latino_pct":37.73503660111956,"median_household_income":92500}},{"type":"Feature","geometry":{"type":"Point","coordinates":[-116.983113,32.81877]},"properties":{"station_id":396,"tract_geoid":"06073016201","state_fips":"06","state_name":"California","county_fips":"073","tract_code":"016201","site_name":"Gillespie Landfill","industry":"Landfill","matrix":"Groundwater","sample_year":2019,"longitude":-116.983113,"latitude":32.81877,"pfoa":15,"pfos":7,"total_pfas":224,"reported_pfas_level":224,"total_population":5537,"people_of_color":1042,"people_of_color_pct":18.818854975618567,"white_non_hispanic_pct":81.181145024381436,"black_non_hispanic_pct":2.3117211486364457,"asian_non_hispanic_pct":0.74047318042261157,"hispanic_or_latino_pct":9.3191258804406711,"median_household_income":130852}},{"type":"Feature","geometry":{"type":"Point","coordinates":[-122.285496,39.634602]},"properties":{"station_id":397,"tract_geoid":"06021010300","state_fips":"06","state_name":"California","county_fips":"021","tract_code":"010300","site_name":"Glenn County Class III Landfill","industry":"Landfill","matrix":"Groundwater","sample_year":2019,"longitude":-122.285496,"latitude":39.634602,"pfoa":120,"pfos":null,"total_pfas":267,"reported_pfas_level":267,"total_population":2196,"people_of_color":789,"people_of_color_pct":35.928961748633881,"white_non_hispanic_pct":64.071038251366119,"black_non_hispanic_pct":0.36429872495446264,"asian_non_hispanic_pct":0.68306010928961747,"hispanic_or_latino_pct":28.415300546448087,"median_household_income":78558}},{"type":"Feature","geometry":{"type":"Point","coordinates":[-121.031056,39.953964]},"properties":{"station_id":398,"tract_geoid":"06063000100","state_fips":"06","state_name":"California","county_fips":"063","tract_code":"000100","site_name":"Gopher Hill Class III Landfill","industry":"Landfill","matrix":"Groundwater","sample_year":2019,"longitude":-121.031056,"latitude":39.953964,"pfoa":5,"pfos":2,"total_pfas":16,"reported_pfas_level":16,"total_population":6089,"people_of_color":1078,"people_of_color_pct":17.704056495319428,"white_non_hispanic_pct":82.295943504680565,"black_non_hispanic_pct":2.693381507636722,"asian_non_hispanic_pct":0.2134997536541304,"hispanic_or_latino_pct":5.9779931023156507,"median_household_income":83774}},{"type":"Feature","geometry":{"type":"Point","coordinates":[-121.649108,38.174659]},"properties":{"station_id":399,"tract_geoid":"06067009900","state_fips":"06","state_name":"California","county_fips":"067","tract_code":"009900","site_name":"Grand Island Class III Landfil","industry":"Landfill","matrix":"Groundwater","sample_year":2019,"longitude":-121.649108,"latitude":38.174659,"pfoa":66,"pfos":13,"total_pfas":280,"reported_pfas_level":280,"total_population":3808,"people_of_color":2416,"people_of_color_pct":63.445378151260506,"white_non_hispanic_pct":36.554621848739494,"black_non_hispanic_pct":0,"asian_non_hispanic_pct":4.28046218487395,"hispanic_or_latino_pct":56.27626050420168,"median_household_income":76034}},{"type":"Feature","geometry":{"type":"Point","coordinates":[-121.903677,37.21696]},"properties":{"station_id":400,"tract_geoid":"06085511918","state_fips":"06","state_name":"California","county_fips":"085","tract_code":"511918","site_name":"Guadalupe Landfill","industry":"Landfill","matrix":"Groundwater","sample_year":2020,"longitude":-121.903677,"latitude":37.21696,"pfoa":29,"pfos":2,"total_pfas":454,"reported_pfas_level":454,"total_population":3243,"people_of_color":1968,"people_of_color_pct":60.6845513413506,"white_non_hispanic_pct":39.3154486586494,"black_non_hispanic_pct":0,"asian_non_hispanic_pct":34.628430465618251,"hispanic_or_latino_pct":18.254702436016036,"median_household_income":250001}},{"type":"Feature","geometry":{"type":"Point","coordinates":[-119.596927,36.302737]},"properties":{"station_id":401,"tract_geoid":"06031001200","state_fips":"06","state_name":"California","county_fips":"031","tract_code":"001200","site_name":"Hanford Municipal Solid Waste Disposal Service","industry":"Landfill","matrix":"Groundwater","sample_year":2019,"longitude":-119.596927,"latitude":36.302737,"pfoa":1,"pfos":null,"total_pfas":11,"reported_pfas_level":11,"total_population":2444,"people_of_color":1215,"people_of_color_pct":49.713584288052374,"white_non_hispanic_pct":50.286415711947626,"black_non_hispanic_pct":2.6595744680851063,"asian_non_hispanic_pct":0,"hispanic_or_latino_pct":40.916530278232408,"median_household_income":83250}},{"type":"Feature","geometry":{"type":"Point","coordinates":[-121.100573,38.097901]},"properties":{"station_id":402,"tract_geoid":"06077004704","state_fips":"06","state_name":"California","county_fips":"077","tract_code":"004704","site_name":"Harney Lane Class III Landfill","industry":"Landfill","matrix":"Groundwater","sample_year":2020,"longitude":-121.100573,"latitude":38.097901,"pfoa":null,"pfos":null,"total_pfas":3,"reported_pfas_level":3,"total_population":5575,"people_of_color":2264,"people_of_color_pct":40.609865470852021,"white_non_hispanic_pct":59.390134529147979,"black_non_hispanic_pct":1.0403587443946187,"asian_non_hispanic_pct":4.6636771300448432,"hispanic_or_latino_pct":27.766816143497756,"median_household_income":125692}},{"type":"Feature","geometry":{"type":"Point","coordinates":[-117.350363,34.344608]},"properties":{"station_id":403,"tract_geoid":"06071010024","state_fips":"06","state_name":"California","county_fips":"071","tract_code":"010024","site_name":"Hesperia Class III Landfill","industry":"Landfill","matrix":"Groundwater","sample_year":2019,"longitude":-117.350363,"latitude":34.344608,"pfoa":1,"pfos":1,"total_pfas":10,"reported_pfas_level":10,"total_population":5337,"people_of_color":3303,"people_of_color_pct":61.888701517706579,"white_non_hispanic_pct":38.111298482293421,"black_non_hispanic_pct":6.4455686715383171,"asian_non_hispanic_pct":0.22484541877459246,"hispanic_or_latino_pct":50.028105677346822,"median_household_income":83846}},{"type":"Feature","geometry":{"type":"Point","coordinates":[-118.396711,34.204876]},"properties":{"station_id":404,"tract_geoid":"06037123301","state_fips":"06","state_name":"California","county_fips":"037","tract_code":"123301","site_name":"Hewitt Landfill","industry":"Landfill","matrix":"Groundwater","sample_year":2018,"longitude":-118.396711,"latitude":34.204876,"pfoa":null,"pfos":null,"total_pfas":3548,"reported_pfas_level":3548,"total_population":3842,"people_of_color":2757,"people_of_color_pct":71.7595002602811,"white_non_hispanic_pct":28.240499739718896,"black_non_hispanic_pct":4.9713690786048934,"asian_non_hispanic_pct":25.039042165538781,"hispanic_or_latino_pct":37.948984903695994,"median_household_income":71250}},{"type":"Feature","geometry":{"type":"Point","coordinates":[-122.739831,38.471964]},"properties":{"station_id":405,"tract_geoid":"06097152801","state_fips":"06","state_name":"California","county_fips":"097","tract_code":"152801","site_name":"Hewlett Packard Valley Site","industry":"Industry","matrix":"Groundwater","sample_year":2020,"longitude":-122.739831,"latitude":38.471964,"pfoa":47,"pfos":48,"total_pfas":418,"reported_pfas_level":418,"total_population":4523,"people_of_color":1978,"people_of_color_pct":43.732036259120051,"white_non_hispanic_pct":56.267963740879949,"black_non_hispanic_pct":1.2381162944948043,"asian_non_hispanic_pct":3.0068538580588107,"hispanic_or_latino_pct":30.687596727835508,"median_household_income":100139}},{"type":"Feature","geometry":{"type":"Point","coordinates":[-121.980081,37.418038]},"properties":{"station_id":406,"tract_geoid":"06085504602","state_fips":"06","state_name":"California","county_fips":"085","tract_code":"504602","site_name":"Highway 237 Landfill","industry":"Landfill","matrix":"Groundwater","sample_year":2019,"longitude":-121.980081,"latitude":37.418038,"pfoa":530,"pfos":38,"total_pfas":4472,"reported_pfas_level":4472,"total_population":1542,"people_of_color":1261,"people_of_color_pct":81.7769130998703,"white_non_hispanic_pct":18.2230869001297,"black_non_hispanic_pct":2.1400778210116731,"asian_non_hispanic_pct":18.547341115434502,"hispanic_or_latino_pct":58.365758754863812,"median_household_income":121953}},{"type":"Feature","geometry":{"type":"Point","coordinates":[-120.499975,37.390138]},"properties":{"station_id":407,"tract_geoid":"06047002500","state_fips":"06","state_name":"California","county_fips":"047","tract_code":"002500","site_name":"Highway 59 Solid Waste Landfill","industry":"Landfill","matrix":"Groundwater","sample_year":2020,"longitude":-120.499975,"latitude":37.390138,"pfoa":5,"pfos":null,"total_pfas":114,"reported_pfas_level":114,"total_population":2470,"people_of_color":1367,"people_of_color_pct":55.344129554655872,"white_non_hispanic_pct":44.655870445344128,"black_non_hispanic_pct":0.76923076923076927,"asian_non_hispanic_pct":5.6275303643724692,"hispanic_or_latino_pct":45.222672064777328,"median_household_income":107900}},{"type":"Feature","geometry":{"type":"Point","coordinates":[-115.278689,32.848702]},"properties":{"station_id":408,"tract_geoid":"06025012400","state_fips":"06","state_name":"California","county_fips":"025","tract_code":"012400","site_name":"Holtville Class III Waste Management Facility","industry":"Landfill","matrix":"Groundwater","sample_year":2019,"longitude":-115.278689,"latitude":32.848702,"pfoa":null,"pfos":null,"total_pfas":1,"reported_pfas_level":1,"total_population":835,"people_of_color":300,"people_of_color_pct":35.928143712574851,"white_non_hispanic_pct":64.071856287425149,"black_non_hispanic_pct":23.233532934131738,"asian_non_hispanic_pct":0,"hispanic_or_latino_pct":6.5868263473053892,"median_household_income":25978}},{"type":"Feature","geometry":{"type":"Point","coordinates":[-115.670999,33.398546]},"properties":{"station_id":409,"tract_geoid":"06025012400","state_fips":"06","state_name":"California","county_fips":"025","tract_code":"012400","site_name":"Hot Spa Imperial County Landfill","industry":"Landfill","matrix":"Groundwater","sample_year":2019,"longitude":-115.670999,"latitude":33.398546,"pfoa":null,"pfos":null,"total_pfas":16,"reported_pfas_level":16,"total_population":835,"people_of_color":300,"people_of_color_pct":35.928143712574851,"white_non_hispanic_pct":64.071856287425149,"black_non_hispanic_pct":23.233532934131738,"asian_non_hispanic_pct":0,"hispanic_or_latino_pct":6.5868263473053892,"median_household_income":25978}},{"type":"Feature","geometry":{"type":"Point","coordinates":[-118.457811,34.033648]},"properties":{"station_id":410,"tract_geoid":"06037267600","state_fips":"06","state_name":"California","county_fips":"037","tract_code":"267600","site_name":"Hudson Element La","industry":"Industry","matrix":"Groundwater","sample_year":2018,"longitude":-118.457811,"latitude":34.033648,"pfoa":19,"pfos":2,"total_pfas":66,"reported_pfas_level":66,"total_population":2767,"people_of_color":1647,"people_of_color_pct":59.522949042284061,"white_non_hispanic_pct":40.477050957715939,"black_non_hispanic_pct":0.93964582580412,"asian_non_hispanic_pct":25.984821105890855,"hispanic_or_latino_pct":22.768341163715213,"median_household_income":89286}},{"type":"Feature","geometry":{"type":"Point","coordinates":[-115.682227,32.845942]},"properties":{"station_id":411,"tract_geoid":"06025011100","state_fips":"06","state_name":"California","county_fips":"025","tract_code":"011100","site_name":"Imperial County Class III Waste Management Facility","industry":"Landfill","matrix":"Groundwater","sample_year":2019,"longitude":-115.682227,"latitude":32.845942,"pfoa":8,"pfos":13,"total_pfas":57,"reported_pfas_level":57,"total_population":3167,"people_of_color":2622,"people_of_color_pct":82.791285127881281,"white_non_hispanic_pct":17.208714872118723,"black_non_hispanic_pct":4.3574360593621728,"asian_non_hispanic_pct":1.0419955794126934,"hispanic_or_latino_pct":65.519419008525418,"median_household_income":68854}},{"type":"Feature","geometry":{"type":"Point","coordinates":[-115.52682,32.85503]},"properties":{"station_id":412,"tract_geoid":"06025011001","state_fips":"06","state_name":"California","county_fips":"025","tract_code":"011001","site_name":"Imperial Landfill","industry":"Landfill","matrix":"Groundwater","sample_year":2020,"longitude":-115.52682,"latitude":32.85503,"pfoa":36,"pfos":2,"total_pfas":162,"reported_pfas_level":162,"total_population":6566,"people_of_color":5961,"people_of_color_pct":90.785866585440147,"white_non_hispanic_pct":9.2141334145598535,"black_non_hispanic_pct":1.0204081632653061,"asian_non_hispanic_pct":1.0508681084374047,"hispanic_or_latino_pct":88.349070971672248,"median_household_income":86672}},{"type":"Feature","geometry":{"type":"Point","coordinates":[-121.301992,38.568759]},"properties":{"station_id":413,"tract_geoid":"06067008803","state_fips":"06","state_name":"California","county_fips":"067","tract_code":"008803","site_name":"Inactive Rancho Cordova Test Site - Mcdonnell Douglas","industry":"Industry","matrix":"Groundwater","sample_year":2019,"longitude":-121.301992,"latitude":38.568759,"pfoa":11,"pfos":8,"total_pfas":41,"reported_pfas_level":41,"total_population":2203,"people_of_color":722,"people_of_color_pct":32.773490694507487,"white_non_hispanic_pct":67.226509305492513,"black_non_hispanic_pct":12.256014525646846,"asian_non_hispanic_pct":2.7235587834770767,"hispanic_or_latino_pct":14.117113027689514,"median_household_income":73250}},{"type":"Feature","geometry":{"type":"Point","coordinates":[-121.589533,40.938644]},"properties":{"station_id":414,"tract_geoid":"06089012702","state_fips":"06","state_name":"California","county_fips":"089","tract_code":"012702","site_name":"Intermountain Class III Landfill","industry":"Landfill","matrix":"Groundwater","sample_year":2019,"longitude":-121.589533,"latitude":40.938644,"pfoa":null,"pfos":null,"total_pfas":22,"reported_pfas_level":22,"total_population":2750,"people_of_color":590,"people_of_color_pct":21.454545454545453,"white_non_hispanic_pct":78.545454545454547,"black_non_hispanic_pct":0.36363636363636365,"asian_non_hispanic_pct":1.6363636363636365,"hispanic_or_latino_pct":13.49090909090909,"median_household_income":72313}},{"type":"Feature","geometry":{"type":"Point","coordinates":[-116.943629,32.732703]},"properties":{"station_id":415,"tract_geoid":"06073013506","state_fips":"06","state_name":"California","county_fips":"073","tract_code":"013506","site_name":"Jamacha Sanitary Landfill","industry":"Landfill","matrix":"Groundwater","sample_year":2019,"longitude":-116.943629,"latitude":32.732703,"pfoa":110,"pfos":58,"total_pfas":818,"reported_pfas_level":818,"total_population":4331,"people_of_color":2414,"people_of_color_pct":55.73770491803279,"white_non_hispanic_pct":44.26229508196721,"black_non_hispanic_pct":3.6481182175017315,"asian_non_hispanic_pct":7.73493419533595,"hispanic_or_latino_pct":37.335488339875319,"median_household_income":111304}},{"type":"Feature","geometry":{"type":"Point","coordinates":[-121.326677,36.823737]},"properties":{"station_id":416,"tract_geoid":"06069000802","state_fips":"06","state_name":"California","county_fips":"069","tract_code":"000802","site_name":"John Smith Road Class III Landfill","industry":"Landfill","matrix":"Groundwater","sample_year":2020,"longitude":-121.326677,"latitude":36.823737,"pfoa":110,"pfos":null,"total_pfas":913,"reported_pfas_level":913,"total_population":4201,"people_of_color":2016,"people_of_color_pct":47.988574149012138,"white_non_hispanic_pct":52.011425850987862,"black_non_hispanic_pct":0.357057843370626,"asian_non_hispanic_pct":1.5710545108307545,"hispanic_or_latino_pct":38.776481790049985,"median_household_income":143875}},{"type":"Feature","geometry":{"type":"Point","coordinates":[-117.869113,33.676187]},"properties":{"station_id":417,"tract_geoid":"06059062610","state_fips":"06","state_name":"California","county_fips":"059","tract_code":"062610","site_name":"John Wayne Airport","industry":"Airport","matrix":"Groundwater","sample_year":2019,"longitude":-117.869113,"latitude":33.676187,"pfoa":13800,"pfos":1830,"total_pfas":145121,"reported_pfas_level":145121,"total_population":13289,"people_of_color":6605,"people_of_color_pct":49.702761682594627,"white_non_hispanic_pct":50.297238317405373,"black_non_hispanic_pct":3.3185341259688466,"asian_non_hispanic_pct":30.70960945142599,"hispanic_or_latino_pct":8.5634735495522616,"median_household_income":114347}},{"type":"Feature","geometry":{"type":"Point","coordinates":[-121.409232,36.531875]},"properties":{"station_id":418,"tract_geoid":"06053014800","state_fips":"06","state_name":"California","county_fips":"053","tract_code":"014800","site_name":"Johnson Canyon Class III Landfill","industry":"Landfill","matrix":"Groundwater","sample_year":2019,"longitude":-121.409232,"latitude":36.531875,"pfoa":2,"pfos":1,"total_pfas":11,"reported_pfas_level":11,"total_population":5831,"people_of_color":5426,"people_of_color_pct":93.054364602984052,"white_non_hispanic_pct":6.9456353970159492,"black_non_hispanic_pct":0.53164122791973933,"asian_non_hispanic_pct":0.37729377465271824,"hispanic_or_latino_pct":91.064997427542451,"median_household_income":98897}},{"type":"Feature","geometry":{"type":"Point","coordinates":[-121.934513,38.003989]},"properties":{"station_id":419,"tract_geoid":"06013313204","state_fips":"06","state_name":"California","county_fips":"013","tract_code":"313204","site_name":"Keller Canyon Landfill","industry":"Landfill","matrix":"Groundwater","sample_year":2020,"longitude":-121.934513,"latitude":38.003989,"pfoa":3,"pfos":null,"total_pfas":67,"reported_pfas_level":67,"total_population":5604,"people_of_color":4467,"people_of_color_pct":79.710920770877948,"white_non_hispanic_pct":20.289079229122056,"black_non_hispanic_pct":9.36830835117773,"asian_non_hispanic_pct":12.401855817273375,"hispanic_or_latino_pct":51.249107780157033,"median_household_income":91600}},{"type":"Feature","geometry":{"type":"Point","coordinates":[-118.106204,35.990674]},"properties":{"station_id":420,"tract_geoid":"06107002701","state_fips":"06","state_name":"California","county_fips":"107","tract_code":"002701","site_name":"Kennedy Meadows Solid Waste Disposal Service","industry":"Landfill","matrix":"Groundwater","sample_year":2019,"longitude":-118.106204,"latitude":35.990674,"pfoa":null,"pfos":null,"total_pfas":98,"reported_pfas_level":98,"total_population":1354,"people_of_color":358,"people_of_color_pct":26.440177252584935,"white_non_hispanic_pct":73.559822747415069,"black_non_hispanic_pct":0.22156573116691286,"asian_non_hispanic_pct":0,"hispanic_or_latino_pct":20.16248153618907,"median_household_income":57202}},{"type":"Feature","geometry":{"type":"Point","coordinates":[-121.194723,38.51467]},"properties":{"station_id":421,"tract_geoid":"06067008602","state_fips":"06","state_name":"California","county_fips":"067","tract_code":"008602","site_name":"Kiefer Road- Class III Solid Waste Disposal Service","industry":"Landfill","matrix":"Groundwater","sample_year":2020,"longitude":-121.194723,"latitude":38.51467,"pfoa":87,"pfos":null,"total_pfas":441,"reported_pfas_level":441,"total_population":1832,"people_of_color":607,"people_of_color_pct":33.133187772925766,"white_non_hispanic_pct":66.866812227074234,"black_non_hispanic_pct":0,"asian_non_hispanic_pct":10.425764192139738,"hispanic_or_latino_pct":16.157205240174672,"median_household_income":93038}},{"type":"Feature","geometry":{"type":"Point","coordinates":[-121.678857,37.184113]},"properties":{"station_id":422,"tract_geoid":"06085513500","state_fips":"06","state_name":"California","county_fips":"085","tract_code":"513500","site_name":"Kirby Canyon Landfill","industry":"Landfill","matrix":"Groundwater","sample_year":2020,"longitude":-121.678857,"latitude":37.184113,"pfoa":5,"pfos":5,"total_pfas":99,"reported_pfas_level":99,"total_population":1009,"people_of_color":361,"people_of_color_pct":35.777998017839444,"white_non_hispanic_pct":64.222001982160549,"black_non_hispanic_pct":0.49554013875123887,"asian_non_hispanic_pct":8.0277502477700686,"hispanic_or_latino_pct":25.668979187314171,"median_household_income":102750}},{"type":"Feature","geometry":{"type":"Point","coordinates":[-121.38439,38.525418]},"properties":{"station_id":423,"tract_geoid":"06067005205","state_fips":"06","state_name":"California","county_fips":"067","tract_code":"005205","site_name":"L And D Landfill Company","industry":"Landfill","matrix":"Groundwater","sample_year":2019,"longitude":-121.38439,"latitude":38.525418,"pfoa":3,"pfos":16,"total_pfas":144,"reported_pfas_level":144,"total_population":3716,"people_of_color":2317,"people_of_color_pct":62.35199138858988,"white_non_hispanic_pct":37.64800861141012,"black_non_hispanic_pct":23.681377825618945,"asian_non_hispanic_pct":4.9784714747039827,"hispanic_or_latino_pct":27.691065662002153,"median_household_income":56645}},{"type":"Feature","geometry":{"type":"Point","coordinates":[-116.994893,33.881629]},"properties":{"station_id":424,"tract_geoid":"06065043822","state_fips":"06","state_name":"California","county_fips":"065","tract_code":"043822","site_name":"Lamb Canyon Landfill","industry":"Landfill","matrix":"Groundwater","sample_year":2018,"longitude":-116.994893,"latitude":33.881629,"pfoa":null,"pfos":null,"total_pfas":82,"reported_pfas_level":82,"total_population":3607,"people_of_color":2361,"people_of_color_pct":65.456057665650121,"white_non_hispanic_pct":34.543942334349872,"black_non_hispanic_pct":0,"asian_non_hispanic_pct":16.911560853895203,"hispanic_or_latino_pct":45.716662046021625,"median_household_income":136319}},{"type":"Feature","geometry":{"type":"Point","coordinates":[-118.117597,34.744257]},"properties":{"station_id":425,"tract_geoid":"06037901300","state_fips":"06","state_name":"California","county_fips":"037","tract_code":"901300","site_name":"Lancaster Class III Landfill \u0026 Recycling Center","industry":"Landfill","matrix":"Groundwater","sample_year":2019,"longitude":-118.117597,"latitude":34.744257,"pfoa":7,"pfos":15,"total_pfas":69,"reported_pfas_level":69,"total_population":1840,"people_of_color":1275,"people_of_color_pct":69.293478260869563,"white_non_hispanic_pct":30.706521739130434,"black_non_hispanic_pct":1.9021739130434783,"asian_non_hispanic_pct":0,"hispanic_or_latino_pct":64.8913043478261,"median_household_income":65398}},{"type":"Feature","geometry":{"type":"Point","coordinates":[-116.369275,34.237283]},"properties":{"station_id":426,"tract_geoid":"06071010435","state_fips":"06","state_name":"California","county_fips":"071","tract_code":"010435","site_name":"Landers Class III Waste Management Facility","industry":"Landfill","matrix":"Groundwater","sample_year":2019,"longitude":-116.369275,"latitude":34.237283,"pfoa":16,"pfos":4,"total_pfas":82,"reported_pfas_level":82,"total_population":1912,"people_of_color":616,"people_of_color_pct":32.21757322175732,"white_non_hispanic_pct":67.78242677824268,"black_non_hispanic_pct":3.2426778242677825,"asian_non_hispanic_pct":0,"hispanic_or_latino_pct":19.14225941422594,"median_household_income":45313}},{"type":"Feature","geometry":{"type":"Point","coordinates":[-117.841761,33.932943]},"properties":{"station_id":427,"tract_geoid":"06059021832","state_fips":"06","state_name":"California","county_fips":"059","tract_code":"021832","site_name":"Olinda Alpha Landfill","industry":"Landfill","matrix":"Groundwater","sample_year":2017,"longitude":-117.841761,"latitude":33.932943,"pfoa":null,"pfos":null,"total_pfas":360,"reported_pfas_level":360,"total_population":6741,"people_of_color":4733,"people_of_color_pct":70.212134698116,"white_non_hispanic_pct":29.787865301883993,"black_non_hispanic_pct":2.0026702269692924,"asian_non_hispanic_pct":48.716807595312268,"hispanic_or_latino_pct":14.686248331108144,"median_household_income":214491}},{"type":"Feature","geometry":{"type":"Point","coordinates":[-121.492739,37.641891]},"properties":{"station_id":428,"tract_geoid":"06077005502","state_fips":"06","state_name":"California","county_fips":"077","tract_code":"005502","site_name":"Lawrence Livermore National Laboratories Site 300","industry":"Industry","matrix":"Groundwater","sample_year":2018,"longitude":-121.492739,"latitude":37.641891,"pfoa":3,"pfos":null,"total_pfas":46,"reported_pfas_level":46,"total_population":5279,"people_of_color":4526,"people_of_color_pct":85.735934836143215,"white_non_hispanic_pct":14.264065163856792,"black_non_hispanic_pct":3.6749384353097176,"asian_non_hispanic_pct":57.719265012312938,"hispanic_or_latino_pct":19.094525478310285,"median_household_income":197083}},{"type":"Feature","geometry":{"type":"Point","coordinates":[-117.109189,34.943262]},"properties":{"station_id":429,"tract_geoid":"06071011900","state_fips":"06","state_name":"California","county_fips":"071","tract_code":"011900","site_name":"Lenwood-Hinkley Landfill","industry":"Landfill","matrix":"Groundwater","sample_year":2019,"longitude":-117.109189,"latitude":34.943262,"pfoa":4,"pfos":2,"total_pfas":36,"reported_pfas_level":36,"total_population":2371,"people_of_color":863,"people_of_color_pct":36.398144242935473,"white_non_hispanic_pct":63.601855757064527,"black_non_hispanic_pct":0.33741037536904261,"asian_non_hispanic_pct":0.7591733445803458,"hispanic_or_latino_pct":29.565584141712357,"median_household_income":66250}},{"type":"Feature","geometry":{"type":"Point","coordinates":[-120.482468,34.629406]},"properties":{"station_id":430,"tract_geoid":"06083003102","state_fips":"06","state_name":"California","county_fips":"083","tract_code":"003102","site_name":"Lompoc Solid Waste Disp Site","industry":"Landfill","matrix":"Groundwater","sample_year":2019,"longitude":-120.482468,"latitude":34.629406,"pfoa":39,"pfos":null,"total_pfas":159,"reported_pfas_level":159,"total_population":3019,"people_of_color":1598,"people_of_color_pct":52.931434249751575,"white_non_hispanic_pct":47.068565750248425,"black_non_hispanic_pct":0.92745942365021528,"asian_non_hispanic_pct":0.92745942365021528,"hispanic_or_latino_pct":47.929778072209338,"median_household_income":109107}},{"type":"Feature","geometry":{"type":"Point","coordinates":[-118.151359,33.816791]},"properties":{"station_id":431,"tract_geoid":"06037980018","state_fips":"06","state_name":"California","county_fips":"037","tract_code":"980018","site_name":"Long Beach Airport","industry":"Airport","matrix":"Groundwater","sample_year":2020,"longitude":-118.151359,"latitude":33.816791,"pfoa":7890,"pfos":21600,"total_pfas":174635,"reported_pfas_level":174635,"total_population":0,"people_of_color":0,"people_of_color_pct":null,"white_non_hispanic_pct":null,"black_non_hispanic_pct":null,"asian_non_hispanic_pct":null,"hispanic_or_latino_pct":null,"median_household_income":null}},{"type":"Feature","geometry":{"type":"Point","coordinates":[-118.392198,34.293776]},"properties":{"station_id":432,"tract_geoid":"06037104204","state_fips":"06","state_name":"California","county_fips":"037","tract_code":"104204","site_name":"Lopez Canyon Landfill","industry":"Landfill","matrix":"Groundwater","sample_year":2019,"longitude":-118.392198,"latitude":34.293776,"pfoa":null,"pfos":null,"total_pfas":52,"reported_pfas_level":52,"total_population":3577,"people_of_color":3125,"people_of_color_pct":87.363712608331,"white_non_hispanic_pct":12.636287391668997,"black_non_hispanic_pct":4.5568912496505449,"asian_non_hispanic_pct":3.4665921162985742,"hispanic_or_latino_pct":77.4391948560246,"median_household_income":76250}},{"type":"Feature","geometry":{"type":"Point","coordinates":[-118.40853,33.941589]},"properties":{"station_id":433,"tract_geoid":"06037980028","state_fips":"06","state_name":"California","county_fips":"037","tract_code":"980028","site_name":"Los Angeles International Airport","industry":"Airport","matrix":"Groundwater","sample_year":2019,"longitude":-118.40853,"latitude":33.941589,"pfoa":31000,"pfos":2800,"total_pfas":129452,"reported_pfas_level":129452,"total_population":0,"people_of_color":0,"people_of_color_pct":null,"white_non_hispanic_pct":null,"black_non_hispanic_pct":null,"asian_non_hispanic_pct":null,"hispanic_or_latino_pct":null,"median_household_income":null}},{"type":"Feature","geometry":{"type":"Point","coordinates":[-118.404851,33.947116]},"properties":{"station_id":434,"tract_geoid":"06037980028","state_fips":"06","state_name":"California","county_fips":"037","tract_code":"980028","site_name":"Los Angeles World Airports - Lawa Terminal Two Fuel Hydrant Facility","industry":"Airport","matrix":"Groundwater","sample_year":2018,"longitude":-118.404851,"latitude":33.947116,"pfoa":480,"pfos":930,"total_pfas":null,"reported_pfas_level":1330,"total_population":0,"people_of_color":0,"people_of_color_pct":null,"white_non_hispanic_pct":null,"black_non_hispanic_pct":null,"asian_non_hispanic_pct":null,"hispanic_or_latino_pct":null,"median_household_income":null}},{"type":"Feature","geometry":{"type":"Point","coordinates":[-118.387276,33.950748]},"properties":{"station_id":435,"tract_geoid":"06037980028","state_fips":"06","state_name":"California","county_fips":"037","tract_code":"980028","site_name":"Los Angeles World Airports - National Car Rental (Former Avis)","industry":"Airport","matrix":"Groundwater","sample_year":2017,"longitude":-118.387276,"latitude":33.950748,"pfoa":430,"pfos":1900,"total_pfas":5330,"reported_pfas_level":5330,"total_population":0,"people_of_color":0,"people_of_color_pct":null,"white_non_hispanic_pct":null,"black_non_hispanic_pct":null,"asian_non_hispanic_pct":null,"hispanic_or_latino_pct":null,"median_household_income":null}},{"type":"Feature","geometry":{"type":"Point","coordinates":[-116.835801,34.516023]},"properties":{"station_id":436,"tract_geoid":"06071010424","state_fips":"06","state_name":"California","county_fips":"071","tract_code":"010424","site_name":"Lucerne Valley Closed Waste Management Facility","industry":"Landfill","matrix":"Groundwater","sample_year":2019,"longitude":-116.835801,"latitude":34.516023,"pfoa":20,"pfos":2,"total_pfas":39,"reported_pfas_level":39,"total_population":1579,"people_of_color":535,"people_of_color_pct":33.88220392653578,"white_non_hispanic_pct":66.11779607346422,"black_non_hispanic_pct":6.6497783407219764,"asian_non_hispanic_pct":2.2165927802406586,"hispanic_or_latino_pct":12.666244458518049,"median_household_income":58835}},{"type":"Feature","geometry":{"type":"Point","coordinates":[-118.841805,37.627262]},"properties":{"station_id":437,"tract_geoid":"06051000101","state_fips":"06","state_name":"California","county_fips":"051","tract_code":"000101","site_name":"Mammoth Yosemite Airport","industry":"Airport","matrix":"Groundwater","sample_year":2020,"longitude":-118.841805,"latitude":37.627262,"pfoa":27,"pfos":16,"total_pfas":2352,"reported_pfas_level":2352,"total_population":3532,"people_of_color":880,"people_of_color_pct":24.915062287655719,"white_non_hispanic_pct":75.084937712344285,"black_non_hispanic_pct":0,"asian_non_hispanic_pct":0,"hispanic_or_latino_pct":17.553793884484712,"median_household_income":112721}},{"type":"Feature","geometry":{"type":"Point","coordinates":[-120.0102,37.50128]},"properties":{"station_id":438,"tract_geoid":"06043000101","state_fips":"06","state_name":"California","county_fips":"043","tract_code":"000101","site_name":"Mariposa County Municipal Solid Waste Landfill","industry":"Landfill","matrix":"Groundwater","sample_year":2019,"longitude":-120.0102,"latitude":37.50128,"pfoa":450,"pfos":null,"total_pfas":2023,"reported_pfas_level":2023,"total_population":3122,"people_of_color":822,"people_of_color_pct":26.32927610506086,"white_non_hispanic_pct":73.670723894939144,"black_non_hispanic_pct":1.857783472133248,"asian_non_hispanic_pct":2.498398462524023,"hispanic_or_latino_pct":12.043561819346573,"median_household_income":60536}},{"type":"Feature","geometry":{"type":"Point","coordinates":[-122.17233,37.491958]},"properties":{"station_id":439,"tract_geoid":"06081611700","state_fips":"06","state_name":"California","county_fips":"081","tract_code":"611700","site_name":"Marsh Road Landfill","industry":"Landfill","matrix":"Groundwater","sample_year":2019,"longitude":-122.17233,"latitude":37.491958,"pfoa":360,"pfos":120,"total_pfas":1907,"reported_pfas_level":1907,"total_population":6627,"people_of_color":6044,"people_of_color_pct":91.202655802022036,"white_non_hispanic_pct":8.797344197977969,"black_non_hispanic_pct":5.52286102308737,"asian_non_hispanic_pct":19.707258186207937,"hispanic_or_latino_pct":62.064282480760525,"median_household_income":158333}},{"type":"Feature","geometry":{"type":"Point","coordinates":[-117.363338,33.200205]},"properties":{"station_id":440,"tract_geoid":"06073018509","state_fips":"06","state_name":"California","county_fips":"073","tract_code":"018509","site_name":"Maxson Street Landfill","industry":"Landfill","matrix":"Groundwater","sample_year":2019,"longitude":-117.363338,"latitude":33.200205,"pfoa":22,"pfos":44,"total_pfas":143,"reported_pfas_level":143,"total_population":5559,"people_of_color":4597,"people_of_color_pct":82.69472926785393,"white_non_hispanic_pct":17.30527073214607,"black_non_hispanic_pct":10.199676200755531,"asian_non_hispanic_pct":6.1701744918150743,"hispanic_or_latino_pct":58.643640942615576,"median_household_income":71371}},{"type":"Feature","geometry":{"type":"Point","coordinates":[-122.122393,41.246293]},"properties":{"station_id":441,"tract_geoid":"06093001200","state_fips":"06","state_name":"California","county_fips":"093","tract_code":"001200","site_name":"Mccloud Class III Landfill","industry":"Landfill","matrix":"Groundwater","sample_year":2020,"longitude":-122.122393,"latitude":41.246293,"pfoa":1,"pfos":4,"total_pfas":39,"reported_pfas_level":39,"total_population":1096,"people_of_color":226,"people_of_color_pct":20.62043795620438,"white_non_hispanic_pct":79.379562043795616,"black_non_hispanic_pct":0.63868613138686137,"asian_non_hispanic_pct":0.82116788321167888,"hispanic_or_latino_pct":7.1167883211678831,"median_household_income":49926}},{"type":"Feature","geometry":{"type":"Point","coordinates":[-120.515417,37.288328]},"properties":{"station_id":442,"tract_geoid":"06047001501","state_fips":"06","state_name":"California","county_fips":"047","tract_code":"001501","site_name":"Merced Muni Airport","industry":"Airport","matrix":"Groundwater","sample_year":2016,"longitude":-120.515417,"latitude":37.288328,"pfoa":null,"pfos":null,"total_pfas":1,"reported_pfas_level":1,"total_population":2815,"people_of_color":2574,"people_of_color_pct":91.438721136767313,"white_non_hispanic_pct":8.5612788632326815,"black_non_hispanic_pct":3.9786856127886323,"asian_non_hispanic_pct":9.3072824156305511,"hispanic_or_latino_pct":67.104795737122558,"median_household_income":80625}},{"type":"Feature","geometry":{"type":"Point","coordinates":[-122.219743,37.712569]},"properties":{"station_id":443,"tract_geoid":"06001409000","state_fips":"06","state_name":"California","county_fips":"001","tract_code":"409000","site_name":"Metropolitan Oakland International Airport","industry":"Airport","matrix":"Groundwater","sample_year":2019,"longitude":-122.219743,"latitude":37.712569,"pfoa":4100,"pfos":170000,"total_pfas":283685,"reported_pfas_level":283685,"total_population":4204,"people_of_color":4017,"people_of_color_pct":95.551855375832545,"white_non_hispanic_pct":4.4481446241674591,"black_non_hispanic_pct":25.285442435775451,"asian_non_hispanic_pct":7.5642245480494763,"hispanic_or_latino_pct":59.966698382492865,"median_household_income":75987}},{"type":"Feature","geometry":{"type":"Point","coordinates":[-117.210039,32.76185]},"properties":{"station_id":444,"tract_geoid":"06073007601","state_fips":"06","state_name":"California","county_fips":"073","tract_code":"007601","site_name":"Mission Bay Landfill","industry":"Landfill","matrix":"Groundwater","sample_year":2019,"longitude":-117.210039,"latitude":32.76185,"pfoa":11,"pfos":44,"total_pfas":107,"reported_pfas_level":107,"total_population":1756,"people_of_color":220,"people_of_color_pct":12.528473804100228,"white_non_hispanic_pct":87.47152619589977,"black_non_hispanic_pct":0.62642369020501143,"asian_non_hispanic_pct":0.39863325740318906,"hispanic_or_latino_pct":4.214123006833713,"median_household_income":114034}},{"type":"Feature","geometry":{"type":"Point","coordinates":[-118.139018,34.994104]},"properties":{"station_id":445,"tract_geoid":"06029006500","state_fips":"06","state_name":"California","county_fips":"029","tract_code":"006500","site_name":"Mojave/Rosamond Landfill","industry":"Landfill","matrix":"Groundwater","sample_year":2019,"longitude":-118.139018,"latitude":34.994104,"pfoa":1,"pfos":null,"total_pfas":76,"reported_pfas_level":76,"total_population":3728,"people_of_color":2279,"people_of_color_pct":61.131974248927037,"white_non_hispanic_pct":38.868025751072963,"black_non_hispanic_pct":13.358369098712446,"asian_non_hispanic_pct":3.1652360515021458,"hispanic_or_latino_pct":32.778969957081543,"median_household_income":48833}},{"type":"Feature","geometry":{"type":"Point","coordinates":[-121.77044,36.713798]},"properties":{"station_id":446,"tract_geoid":"06053014302","state_fips":"06","state_name":"California","county_fips":"053","tract_code":"014302","site_name":"Monterey Peninsula Class III Landfill","industry":"Landfill","matrix":"Groundwater","sample_year":2020,"longitude":-121.77044,"latitude":36.713798,"pfoa":1400,"pfos":null,"total_pfas":6176,"reported_pfas_level":6176,"total_population":4200,"people_of_color":2759,"people_of_color_pct":65.69047619047619,"white_non_hispanic_pct":34.30952380952381,"black_non_hispanic_pct":8.30952380952381,"asian_non_hispanic_pct":12.285714285714286,"hispanic_or_latino_pct":35.595238095238095,"median_household_income":89420}},{"type":"Feature","geometry":{"type":"Point","coordinates":[-121.85028,36.5873]},"properties":{"station_id":447,"tract_geoid":"06053013300","state_fips":"06","state_name":"California","county_fips":"053","tract_code":"013300","site_name":"Monterey Regional Airport","industry":"Airport","matrix":"Groundwater","sample_year":2020,"longitude":-121.85028,"latitude":36.5873,"pfoa":12700,"pfos":133,"total_pfas":18204,"reported_pfas_level":18204,"total_population":5751,"people_of_color":3182,"people_of_color_pct":55.329507911667534,"white_non_hispanic_pct":44.670492088332466,"black_non_hispanic_pct":0.43470700747696051,"asian_non_hispanic_pct":5.3903668927143107,"hispanic_or_latino_pct":42.601286732742132,"median_household_income":97188}},{"type":"Feature","geometry":{"type":"Point","coordinates":[-122.494458,37.666592]},"properties":{"station_id":448,"tract_geoid":"06081601000","state_fips":"06","state_name":"California","county_fips":"081","tract_code":"601000","site_name":"Mussel Rock Landfill","industry":"Landfill","matrix":"Groundwater","sample_year":2019,"longitude":-122.494458,"latitude":37.666592,"pfoa":2,"pfos":2,"total_pfas":8,"reported_pfas_level":8,"total_population":7500,"people_of_color":6480,"people_of_color_pct":86.4,"white_non_hispanic_pct":13.6,"black_non_hispanic_pct":2.72,"asian_non_hispanic_pct":56.786666666666669,"hispanic_or_latino_pct":16.546666666666667,"median_household_income":126406}},{"type":"Feature","geometry":{"type":"Point","coordinates":[-122.283571,38.247911]},"properties":{"station_id":449,"tract_geoid":"06055201005","state_fips":"06","state_name":"California","county_fips":"055","tract_code":"201005","site_name":"Napa Pipe, Class II Waste Management Unit","industry":"Landfill","matrix":"Groundwater","sample_year":2019,"longitude":-122.283571,"latitude":38.247911,"pfoa":3,"pfos":null,"total_pfas":66,"reported_pfas_level":66,"total_population":2650,"people_of_color":1907,"people_of_color_pct":71.9622641509434,"white_non_hispanic_pct":28.037735849056602,"black_non_hispanic_pct":3.1698113207547172,"asian_non_hispanic_pct":22.188679245283019,"hispanic_or_latino_pct":41.39622641509434,"median_household_income":103056}},{"type":"Feature","geometry":{"type":"Point","coordinates":[-121.730447,39.675815]},"properties":{"station_id":450,"tract_geoid":"06007002200","state_fips":"06","state_name":"California","county_fips":"007","tract_code":"002200","site_name":"Neal Rd Class III Landfill","industry":"Landfill","matrix":"Groundwater","sample_year":2019,"longitude":-121.730447,"latitude":39.675815,"pfoa":1100,"pfos":160,"total_pfas":8817,"reported_pfas_level":8817,"total_population":2248,"people_of_color":267,"people_of_color_pct":11.877224199288257,"white_non_hispanic_pct":88.12277580071175,"black_non_hispanic_pct":0.400355871886121,"asian_non_hispanic_pct":0.48932384341637009,"hispanic_or_latino_pct":5.6494661921708182,"median_household_income":94167}},{"type":"Feature","geometry":{"type":"Point","coordinates":[-114.622592,34.791598]},"properties":{"station_id":451,"tract_geoid":"06071010700","state_fips":"06","state_name":"California","county_fips":"071","tract_code":"010700","site_name":"Needles Waste Management Facility","industry":"Landfill","matrix":"Groundwater","sample_year":2019,"longitude":-114.622592,"latitude":34.791598,"pfoa":null,"pfos":1,"total_pfas":3,"reported_pfas_level":3,"total_population":3621,"people_of_color":1780,"people_of_color_pct":49.157691245512289,"white_non_hispanic_pct":50.842308754487711,"black_non_hispanic_pct":4.3634355150510906,"asian_non_hispanic_pct":1.0770505385252693,"hispanic_or_latino_pct":39.353769676884838,"median_household_income":33554}},{"type":"Feature","geometry":{"type":"Point","coordinates":[-121.943335,37.458801]},"properties":{"station_id":452,"tract_geoid":"06085504602","state_fips":"06","state_name":"California","county_fips":"085","tract_code":"504602","site_name":"Newby Island Landfill","industry":"Landfill","matrix":"Groundwater","sample_year":2019,"longitude":-121.943335,"latitude":37.458801,"pfoa":140,"pfos":29,"total_pfas":2725,"reported_pfas_level":2725,"total_population":1542,"people_of_color":1261,"people_of_color_pct":81.7769130998703,"white_non_hispanic_pct":18.2230869001297,"black_non_hispanic_pct":2.1400778210116731,"asian_non_hispanic_pct":18.547341115434502,"hispanic_or_latino_pct":58.365758754863812,"median_household_income":121953}},{"type":"Feature","geometry":{"type":"Point","coordinates":[-117.928722,33.613901]},"properties":{"station_id":453,"tract_geoid":"06059063500","state_fips":"06","state_name":"California","county_fips":"059","tract_code":"063500","site_name":"Newport Plating","industry":"Superfund Site","matrix":"Groundwater","sample_year":2019,"longitude":-117.928722,"latitude":33.613901,"pfoa":170,"pfos":1100,"total_pfas":1663,"reported_pfas_level":1663,"total_population":5499,"people_of_color":1190,"people_of_color_pct":21.640298236042916,"white_non_hispanic_pct":78.359701763957077,"black_non_hispanic_pct":0,"asian_non_hispanic_pct":1.3638843426077469,"hispanic_or_latino_pct":17.384979087106746,"median_household_income":143381}},{"type":"Feature","geometry":{"type":"Point","coordinates":[-115.49192,33.271298]},"properties":{"station_id":454,"tract_geoid":"06025010101","state_fips":"06","state_name":"California","county_fips":"025","tract_code":"010101","site_name":"Niland III Waste Management Facility","industry":"Landfill","matrix":"Groundwater","sample_year":2019,"longitude":-115.49192,"latitude":33.271298,"pfoa":null,"pfos":1,"total_pfas":16,"reported_pfas_level":16,"total_population":3155,"people_of_color":2903,"people_of_color_pct":92.012678288431061,"white_non_hispanic_pct":7.9873217115689386,"black_non_hispanic_pct":17.749603803486529,"asian_non_hispanic_pct":2.4722662440570522,"hispanic_or_latino_pct":67.892234548335978,"median_household_income":null}},{"type":"Feature","geometry":{"type":"Point","coordinates":[-121.100484,38.09795]},"properties":{"station_id":455,"tract_geoid":"06077004704","state_fips":"06","state_name":"California","county_fips":"077","tract_code":"004704","site_name":"North Co Sanitary Landfill","industry":"Landfill","matrix":"Groundwater","sample_year":2020,"longitude":-121.100484,"latitude":38.09795,"pfoa":null,"pfos":null,"total_pfas":11,"reported_pfas_level":11,"total_population":5575,"people_of_color":2264,"people_of_color_pct":40.609865470852021,"white_non_hispanic_pct":59.390134529147979,"black_non_hispanic_pct":1.0403587443946187,"asian_non_hispanic_pct":4.6636771300448432,"hispanic_or_latino_pct":27.766816143497756,"median_household_income":125692}},{"type":"Feature","geometry":{"type":"Point","coordinates":[-117.150802,32.84215]},"properties":{"station_id":456,"tract_geoid":"06073009400","state_fips":"06","state_name":"California","county_fips":"073","tract_code":"009400","site_name":"North Miramar Landfill","industry":"Landfill","matrix":"Groundwater","sample_year":2018,"longitude":-117.150802,"latitude":32.84215,"pfoa":1300,"pfos":26,"total_pfas":3141,"reported_pfas_level":3141,"total_population":4394,"people_of_color":2553,"people_of_color_pct":58.101957214383248,"white_non_hispanic_pct":41.898042785616752,"black_non_hispanic_pct":16.090122894856624,"asian_non_hispanic_pct":3.2544378698224854,"hispanic_or_latino_pct":31.178880291306328,"median_household_income":89893}},{"type":"Feature","geometry":{"type":"Point","coordinates":[-116.079959,33.440392]},"properties":{"station_id":457,"tract_geoid":"06065045618","state_fips":"06","state_name":"California","county_fips":"065","tract_code":"045618","site_name":"Oasis Class III Waste Management Facility","industry":"Landfill","matrix":"Soil","sample_year":2019,"longitude":-116.079959,"latitude":33.440392,"pfoa":6300,"pfos":510000,"total_pfas":23058440,"reported_pfas_level":23058440,"total_population":1747,"people_of_color":1726,"people_of_color_pct":98.797939324556381,"white_non_hispanic_pct":1.2020606754436176,"black_non_hispanic_pct":0.11448196908986835,"asian_non_hispanic_pct":2.2323983972524326,"hispanic_or_latino_pct":94.218660560961652,"median_household_income":34777}},{"type":"Feature","geometry":{"type":"Point","coordinates":[-115.997606,32.772173]},"properties":{"station_id":458,"tract_geoid":"06025012301","state_fips":"06","state_name":"California","county_fips":"025","tract_code":"012301","site_name":"Ocotillo Waste Management Facility","industry":"Landfill","matrix":"Groundwater","sample_year":2019,"longitude":-115.997606,"latitude":32.772173,"pfoa":null,"pfos":2,"total_pfas":4,"reported_pfas_level":4,"total_population":3994,"people_of_color":3458,"people_of_color_pct":86.579869804707059,"white_non_hispanic_pct":13.420130195292939,"black_non_hispanic_pct":13.745618427641462,"asian_non_hispanic_pct":0.62593890836254384,"hispanic_or_latino_pct":70.155232849273915,"median_household_income":44750}},{"type":"Feature","geometry":{"type":"Point","coordinates":[-117.882737,33.849194]},"properties":{"station_id":459,"tract_geoid":"06059086402","state_fips":"06","state_name":"California","county_fips":"059","tract_code":"086402","site_name":"Ocwd - North Basin","industry":"Superfund Site","matrix":"Groundwater","sample_year":2020,"longitude":-117.882737,"latitude":33.849194,"pfoa":32,"pfos":72,"total_pfas":169,"reported_pfas_level":169,"total_population":6193,"people_of_color":4895,"people_of_color_pct":79.040852575488458,"white_non_hispanic_pct":20.959147424511546,"black_non_hispanic_pct":2.1637332472145969,"asian_non_hispanic_pct":12.304214435653156,"hispanic_or_latino_pct":61.730986597771675,"median_household_income":133594}},{"type":"Feature","geometry":{"type":"Point","coordinates":[-117.851622,33.719938]},"properties":{"station_id":460,"tract_geoid":"06059074403","state_fips":"06","state_name":"California","county_fips":"059","tract_code":"074403","site_name":"Orange County Water District - South Basin","industry":"Industry","matrix":"Groundwater","sample_year":2017,"longitude":-117.851622,"latitude":33.719938,"pfoa":61,"pfos":3,"total_pfas":66,"reported_pfas_level":66,"total_population":4987,"people_of_color":4973,"people_of_color_pct":99.7192701022659,"white_non_hispanic_pct":0.28072989773410867,"black_non_hispanic_pct":0.70182474433527176,"asian_non_hispanic_pct":2.6869861640264689,"hispanic_or_latino_pct":96.330459193904147,"median_household_income":70096}},{"type":"Feature","geometry":{"type":"Point","coordinates":[-121.839468,37.665387]},"properties":{"station_id":461,"tract_geoid":"06001450742","state_fips":"06","state_name":"California","county_fips":"001","tract_code":"450742","site_name":"Old Pleasanton Landfill","industry":"Landfill","matrix":"Groundwater","sample_year":2019,"longitude":-121.839468,"latitude":37.665387,"pfoa":37,"pfos":12,"total_pfas":101,"reported_pfas_level":101,"total_population":5241,"people_of_color":2725,"people_of_color_pct":51.993894294981871,"white_non_hispanic_pct":48.006105705018129,"black_non_hispanic_pct":0.76321312726578894,"asian_non_hispanic_pct":37.321121923297078,"hispanic_or_latino_pct":8.662468994466705,"median_household_income":153900}},{"type":"Feature","geometry":{"type":"Point","coordinates":[-117.60853,34.05189]},"properties":{"station_id":462,"tract_geoid":"06071001600","state_fips":"06","state_name":"California","county_fips":"071","tract_code":"001600","site_name":"Ontario International Airport","industry":"Airport","matrix":"Groundwater","sample_year":2020,"longitude":-117.60853,"latitude":34.05189,"pfoa":48,"pfos":null,"total_pfas":1802,"reported_pfas_level":1802,"total_population":4773,"people_of_color":4666,"people_of_color_pct":97.7582233396187,"white_non_hispanic_pct":2.2417766603813116,"black_non_hispanic_pct":0.90090090090090091,"asian_non_hispanic_pct":0.43997485857950974,"hispanic_or_latino_pct":94.971715901948457,"median_household_income":65188}},{"type":"Feature","geometry":{"type":"Point","coordinates":[-121.384855,39.073853]},"properties":{"station_id":463,"tract_geoid":"06115040800","state_fips":"06","state_name":"California","county_fips":"115","tract_code":"040800","site_name":"Ostrom Road Landfill","industry":"Landfill","matrix":"Groundwater","sample_year":2019,"longitude":-121.384855,"latitude":39.073853,"pfoa":150,"pfos":6,"total_pfas":2011,"reported_pfas_level":2011,"total_population":4495,"people_of_color":1535,"people_of_color_pct":34.149054505005559,"white_non_hispanic_pct":65.850945494994434,"black_non_hispanic_pct":0.02224694104560623,"asian_non_hispanic_pct":1.4905450500556174,"hispanic_or_latino_pct":19.043381535038932,"median_household_income":92500}},{"type":"Feature","geometry":{"type":"Point","coordinates":[-117.012185,32.601708]},"properties":{"station_id":464,"tract_geoid":"06073013317","state_fips":"06","state_name":"California","county_fips":"073","tract_code":"013317","site_name":"Otay Annex Sanitary Landfill","industry":"Landfill","matrix":"Groundwater","sample_year":2019,"longitude":-117.012185,"latitude":32.601708,"pfoa":95,"pfos":8,"total_pfas":1074,"reported_pfas_level":1074,"total_population":18047,"people_of_color":15507,"people_of_color_pct":85.925638610295337,"white_non_hispanic_pct":14.074361389704659,"black_non_hispanic_pct":6.4996952402061288,"asian_non_hispanic_pct":32.958386435418632,"hispanic_or_latino_pct":42.982213110212221,"median_household_income":129469}},{"type":"Feature","geometry":{"type":"Point","coordinates":[-117.012741,32.605733]},"properties":{"station_id":465,"tract_geoid":"06073013317","state_fips":"06","state_name":"California","county_fips":"073","tract_code":"013317","site_name":"Otay Class 1 Landfill","industry":"Landfill","matrix":"Groundwater","sample_year":2019,"longitude":-117.012741,"latitude":32.605733,"pfoa":38,"pfos":2,"total_pfas":1128,"reported_pfas_level":1128,"total_population":18047,"people_of_color":15507,"people_of_color_pct":85.925638610295337,"white_non_hispanic_pct":14.074361389704659,"black_non_hispanic_pct":6.4996952402061288,"asian_non_hispanic_pct":32.958386435418632,"hispanic_or_latino_pct":42.982213110212221,"median_household_income":129469}},{"type":"Feature","geometry":{"type":"Point","coordinates":[-122.410995,37.491029]},"properties":{"station_id":466,"tract_geoid":"06081613501","state_fips":"06","state_name":"California","county_fips":"081","tract_code":"613501","site_name":"Ox Mountain (Corinda Los Trancos) Landfill","industry":"Landfill","matrix":"Groundwater","sample_year":2019,"longitude":-122.410995,"latitude":37.491029,"pfoa":33,"pfos":7,"total_pfas":593,"reported_pfas_level":593,"total_population":4379,"people_of_color":2268,"people_of_color_pct":51.792646722996118,"white_non_hispanic_pct":48.207353277003882,"black_non_hispanic_pct":0.47956154373144555,"asian_non_hispanic_pct":8.1753825074217854,"hispanic_or_latino_pct":37.61132678693766,"median_household_income":172869}},{"type":"Feature","geometry":{"type":"Point","coordinates":[-119.18395,34.14505]},"properties":{"station_id":467,"tract_geoid":"06111004715","state_fips":"06","state_name":"California","county_fips":"111","tract_code":"004715","site_name":"Oxnard Advanced Water Purification Facility","industry":"WWTP","matrix":"Groundwater","sample_year":2020,"longitude":-119.18395,"latitude":34.14505,"pfoa":null,"pfos":1,"total_pfas":4,"reported_pfas_level":4,"total_population":4239,"people_of_color":3542,"people_of_color_pct":83.557442793111576,"white_non_hispanic_pct":16.442557206888416,"black_non_hispanic_pct":0.377447511205473,"asian_non_hispanic_pct":6.5345600377447512,"hispanic_or_latino_pct":71.6206652512385,"median_household_income":85517}},{"type":"Feature","geometry":{"type":"Point","coordinates":[-119.21847,34.199921]},"properties":{"station_id":468,"tract_geoid":"06111002905","state_fips":"06","state_name":"California","county_fips":"111","tract_code":"002905","site_name":"Oxnard Airport","industry":"Airport","matrix":"Groundwater","sample_year":2020,"longitude":-119.21847,"latitude":34.199921,"pfoa":500,"pfos":20,"total_pfas":37062,"reported_pfas_level":37062,"total_population":5193,"people_of_color":4306,"people_of_color_pct":82.919314461775471,"white_non_hispanic_pct":17.080685538224532,"black_non_hispanic_pct":1.405738494126709,"asian_non_hispanic_pct":9.1854419410745241,"hispanic_or_latino_pct":68.4575389948007,"median_household_income":132823}},{"type":"Feature","geometry":{"type":"Point","coordinates":[-114.748972,33.391134]},"properties":{"station_id":469,"tract_geoid":"06025012400","state_fips":"06","state_name":"California","county_fips":"025","tract_code":"012400","site_name":"Palo Verde III Waste Management Facility","industry":"Landfill","matrix":"Groundwater","sample_year":2019,"longitude":-114.748972,"latitude":33.391134,"pfoa":3,"pfos":null,"total_pfas":10,"reported_pfas_level":10,"total_population":835,"people_of_color":300,"people_of_color_pct":35.928143712574851,"white_non_hispanic_pct":64.071856287425149,"black_non_hispanic_pct":23.233532934131738,"asian_non_hispanic_pct":0,"hispanic_or_latino_pct":6.5868263473053892,"median_household_income":25978}},{"type":"Feature","geometry":{"type":"Point","coordinates":[-117.273322,33.127106]},"properties":{"station_id":470,"tract_geoid":"06073022101","state_fips":"06","state_name":"California","county_fips":"073","tract_code":"022101","site_name":"Palomar Airport Landfill","industry":"Landfill","matrix":"Groundwater","sample_year":2019,"longitude":-117.273322,"latitude":33.127106,"pfoa":110,"pfos":180,"total_pfas":1807,"reported_pfas_level":1807,"total_population":2514,"people_of_color":742,"people_of_color_pct":29.514717581543358,"white_non_hispanic_pct":70.485282418456649,"black_non_hispanic_pct":1.431980906921241,"asian_non_hispanic_pct":5.4494828957836114,"hispanic_or_latino_pct":4.1368337311058072,"median_household_income":190469}},{"type":"Feature","geometry":{"type":"Point","coordinates":[-117.049974,32.68544]},"properties":{"station_id":471,"tract_geoid":"06073003201","state_fips":"06","state_name":"California","county_fips":"073","tract_code":"003201","site_name":"Paradise Hills Park Landfill","industry":"Landfill","matrix":"Groundwater","sample_year":2019,"longitude":-117.049974,"latitude":32.68544,"pfoa":16,"pfos":53,"total_pfas":195,"reported_pfas_level":195,"total_population":5335,"people_of_color":4758,"people_of_color_pct":89.18462980318651,"white_non_hispanic_pct":10.815370196813495,"black_non_hispanic_pct":14.864104967197751,"asian_non_hispanic_pct":25.866916588566074,"hispanic_or_latino_pct":30.665417057169634,"median_household_income":83169}},{"type":"Feature","geometry":{"type":"Point","coordinates":[-120.533792,35.66305]},"properties":{"station_id":472,"tract_geoid":"06079010303","state_fips":"06","state_name":"California","county_fips":"079","tract_code":"010303","site_name":"Paso Robles Solid Waste Site","industry":"Landfill","matrix":"Groundwater","sample_year":2020,"longitude":-120.533792,"latitude":35.66305,"pfoa":null,"pfos":null,"total_pfas":15,"reported_pfas_level":15,"total_population":3109,"people_of_color":1259,"people_of_color_pct":40.495336120939207,"white_non_hispanic_pct":59.504663879060793,"black_non_hispanic_pct":1.5760694757156641,"asian_non_hispanic_pct":5.6288195561273717,"hispanic_or_latino_pct":30.749437118044387,"median_household_income":101120}},{"type":"Feature","geometry":{"type":"Point","coordinates":[-118.37947,34.221643]},"properties":{"station_id":473,"tract_geoid":"06037121900","state_fips":"06","state_name":"California","county_fips":"037","tract_code":"121900","site_name":"Penrose Landfill","industry":"Landfill","matrix":"Groundwater","sample_year":2019,"longitude":-118.37947,"latitude":34.221643,"pfoa":5,"pfos":17,"total_pfas":125,"reported_pfas_level":125,"total_population":2797,"people_of_color":2520,"people_of_color_pct":90.0965319985699,"white_non_hispanic_pct":9.9034680014301042,"black_non_hispanic_pct":1.1798355380765106,"asian_non_hispanic_pct":5.6846621380050051,"hispanic_or_latino_pct":83.232034322488374,"median_household_income":56115}},{"type":"Feature","geometry":{"type":"Point","coordinates":[-122.608031,38.228914]},"properties":{"station_id":474,"tract_geoid":"06097150612","state_fips":"06","state_name":"California","county_fips":"097","tract_code":"150612","site_name":"Petaluma Landfill - Casa Grande","industry":"Landfill","matrix":"Groundwater","sample_year":2019,"longitude":-122.608031,"latitude":38.228914,"pfoa":260,"pfos":17,"total_pfas":0,"reported_pfas_level":260,"total_population":4729,"people_of_color":1671,"people_of_color_pct":35.335165997039546,"white_non_hispanic_pct":64.664834002960461,"black_non_hispanic_pct":2.8335800380630154,"asian_non_hispanic_pct":4.5041234933389722,"hispanic_or_latino_pct":21.421019242968914,"median_household_income":135240}},{"type":"Feature","geometry":{"type":"Point","coordinates":[-118.585804,34.462431]},"properties":{"station_id":475,"tract_geoid":"06037920200","state_fips":"06","state_name":"California","county_fips":"037","tract_code":"920200","site_name":"Peter Pitchess Landfill","industry":"Landfill","matrix":"Groundwater","sample_year":2020,"longitude":-118.585804,"latitude":34.462431,"pfoa":6,"pfos":8,"total_pfas":48,"reported_pfas_level":48,"total_population":3604,"people_of_color":3189,"people_of_color_pct":88.4850166481687,"white_non_hispanic_pct":11.5149833518313,"black_non_hispanic_pct":21.39289678135405,"asian_non_hispanic_pct":1.8035516093229744,"hispanic_or_latino_pct":61.986681465038849,"median_household_income":null}},{"type":"Feature","geometry":{"type":"Point","coordinates":[-114.618834,32.814504]},"properties":{"station_id":476,"tract_geoid":"06025012400","state_fips":"06","state_name":"California","county_fips":"025","tract_code":"012400","site_name":"Picacho Solid Waste Disposal Service","industry":"Landfill","matrix":"Groundwater","sample_year":2019,"longitude":-114.618834,"latitude":32.814504,"pfoa":null,"pfos":1,"total_pfas":2,"reported_pfas_level":2,"total_population":835,"people_of_color":300,"people_of_color_pct":35.928143712574851,"white_non_hispanic_pct":64.071856287425149,"black_non_hispanic_pct":23.233532934131738,"asian_non_hispanic_pct":0,"hispanic_or_latino_pct":6.5868263473053892,"median_household_income":25978}},{"type":"Feature","geometry":{"type":"Point","coordinates":[-122.351863,37.998722]},"properties":{"station_id":477,"tract_geoid":"06013392201","state_fips":"06","state_name":"California","county_fips":"013","tract_code":"392201","site_name":"Pinole Point Business Park","industry":"Landfill","matrix":"Groundwater","sample_year":2020,"longitude":-122.351863,"latitude":37.998722,"pfoa":5,"pfos":15,"total_pfas":43,"reported_pfas_level":43,"total_population":5257,"people_of_color":4838,"people_of_color_pct":92.02967471942172,"white_non_hispanic_pct":7.9703252805782769,"black_non_hispanic_pct":18.014076469469281,"asian_non_hispanic_pct":34.867795320525012,"hispanic_or_latino_pct":31.900323378352674,"median_household_income":118412}},{"type":"Feature","geometry":{"type":"Point","coordinates":[-118.251,34.11007]},"properties":{"station_id":478,"tract_geoid":"06037187102","state_fips":"06","state_name":"California","county_fips":"037","tract_code":"187102","site_name":"Pollock Remediation Project","industry":"Unknown","matrix":"Groundwater","sample_year":2017,"longitude":-118.251,"latitude":34.11007,"pfoa":12,"pfos":14,"total_pfas":36,"reported_pfas_level":36,"total_population":4615,"people_of_color":3841,"people_of_color_pct":83.228602383531964,"white_non_hispanic_pct":16.77139761646804,"black_non_hispanic_pct":1.2351029252437704,"asian_non_hispanic_pct":26.56554712892741,"hispanic_or_latino_pct":50.660888407367281,"median_household_income":91944}},{"type":"Feature","geometry":{"type":"Point","coordinates":[-120.447449,39.825179]},"properties":{"station_id":479,"tract_geoid":"06063000300","state_fips":"06","state_name":"California","county_fips":"063","tract_code":"000300","site_name":"Portola Class III Landfill","industry":"Landfill","matrix":"Groundwater","sample_year":2019,"longitude":-120.447449,"latitude":39.825179,"pfoa":66,"pfos":null,"total_pfas":159,"reported_pfas_level":159,"total_population":5439,"people_of_color":1621,"people_of_color_pct":29.803272660415516,"white_non_hispanic_pct":70.196727339584484,"black_non_hispanic_pct":0,"asian_non_hispanic_pct":2.5188453759882332,"hispanic_or_latino_pct":18.974076116933261,"median_household_income":54420}},{"type":"Feature","geometry":{"type":"Point","coordinates":[-121.978126,38.211002]},"properties":{"station_id":480,"tract_geoid":"06095252702","state_fips":"06","state_name":"California","county_fips":"095","tract_code":"252702","site_name":"Potrero Hills Landfill","industry":"Landfill","matrix":"Groundwater","sample_year":2019,"longitude":-121.978126,"latitude":38.211002,"pfoa":320,"pfos":null,"total_pfas":2122,"reported_pfas_level":2122,"total_population":7119,"people_of_color":5469,"people_of_color_pct":76.822587442056474,"white_non_hispanic_pct":23.17741255794353,"black_non_hispanic_pct":21.463688720325887,"asian_non_hispanic_pct":22.03961230509903,"hispanic_or_latino_pct":21.730580137659782,"median_household_income":65833}},{"type":"Feature","geometry":{"type":"Point","coordinates":[-117.01935,32.96565]},"properties":{"station_id":481,"tract_geoid":"06073017010","state_fips":"06","state_name":"California","county_fips":"073","tract_code":"017010","site_name":"Poway Landfill","industry":"Landfill","matrix":"Groundwater","sample_year":2019,"longitude":-117.01935,"latitude":32.96565,"pfoa":20,"pfos":13,"total_pfas":155,"reported_pfas_level":155,"total_population":3113,"people_of_color":920,"people_of_color_pct":29.553485383874076,"white_non_hispanic_pct":70.446514616125924,"black_non_hispanic_pct":0.32123353678123995,"asian_non_hispanic_pct":7.3562479922903954,"hispanic_or_latino_pct":11.146803726309027,"median_household_income":214398}},{"type":"Feature","geometry":{"type":"Point","coordinates":[-117.625156,33.486663]},"properties":{"station_id":482,"tract_geoid":"06059042205","state_fips":"06","state_name":"California","county_fips":"059","tract_code":"042205","site_name":"Prima Deshecha Sanitary Landfill","industry":"Landfill","matrix":"Groundwater","sample_year":2019,"longitude":-117.625156,"latitude":33.486663,"pfoa":1,"pfos":1,"total_pfas":4,"reported_pfas_level":4,"total_population":5336,"people_of_color":2072,"people_of_color_pct":38.830584707646175,"white_non_hispanic_pct":61.169415292353825,"black_non_hispanic_pct":0,"asian_non_hispanic_pct":2.6049475262368817,"hispanic_or_latino_pct":31.090704647676162,"median_household_income":138824}},{"type":"Feature","geometry":{"type":"Point","coordinates":[-118.024533,34.024491]},"properties":{"station_id":483,"tract_geoid":"06037408402","state_fips":"06","state_name":"California","county_fips":"037","tract_code":"408402","site_name":"Puente Hills Landfill","industry":"Landfill","matrix":"Groundwater","sample_year":2019,"longitude":-118.024533,"latitude":34.024491,"pfoa":25,"pfos":12,"total_pfas":245,"reported_pfas_level":245,"total_population":6152,"people_of_color":4943,"people_of_color_pct":80.3478543563069,"white_non_hispanic_pct":19.652145643693107,"black_non_hispanic_pct":0.6664499349804941,"asian_non_hispanic_pct":20.887516254876463,"hispanic_or_latino_pct":58.224967490247074,"median_household_income":109828}},{"type":"Feature","geometry":{"type":"Point","coordinates":[-116.864005,33.083729]},"properties":{"station_id":484,"tract_geoid":"06073020807","state_fips":"06","state_name":"California","county_fips":"073","tract_code":"020807","site_name":"Ramona Sanitary Landfill","industry":"Landfill","matrix":"Groundwater","sample_year":2019,"longitude":-116.864005,"latitude":33.083729,"pfoa":680,"pfos":9,"total_pfas":16486,"reported_pfas_level":16486,"total_population":2950,"people_of_color":1134,"people_of_color_pct":38.440677966101696,"white_non_hispanic_pct":61.559322033898304,"black_non_hispanic_pct":0.067796610169491525,"asian_non_hispanic_pct":2.5084745762711864,"hispanic_or_latino_pct":27.322033898305083,"median_household_income":128177}},{"type":"Feature","geometry":{"type":"Point","coordinates":[-121.83563,38.310463]},"properties":{"station_id":485,"tract_geoid":"06095253501","state_fips":"06","state_name":"California","county_fips":"095","tract_code":"253501","site_name":"Recology Hay Road (Formerly Norcal Waste-Hay Road Landfill;  Formerly B\u0026J Landfill)","industry":"Landfill","matrix":"Groundwater","sample_year":2020,"longitude":-121.83563,"latitude":38.310463,"pfoa":384,"pfos":null,"total_pfas":1618,"reported_pfas_level":1618,"total_population":6523,"people_of_color":2926,"people_of_color_pct":44.8566610455312,"white_non_hispanic_pct":55.1433389544688,"black_non_hispanic_pct":9.0602483519852832,"asian_non_hispanic_pct":6.8373447800091984,"hispanic_or_latino_pct":27.196075425417753,"median_household_income":81923}},{"type":"Feature","geometry":{"type":"Point","coordinates":[-122.300502,40.197091]},"properties":{"station_id":486,"tract_geoid":"06103000400","state_fips":"06","state_name":"California","county_fips":"103","tract_code":"000400","site_name":"Red Bluff Class III Landfill","industry":"Landfill","matrix":"Groundwater","sample_year":2020,"longitude":-122.300502,"latitude":40.197091,"pfoa":2,"pfos":null,"total_pfas":21,"reported_pfas_level":21,"total_population":5705,"people_of_color":1161,"people_of_color_pct":20.350569675723051,"white_non_hispanic_pct":79.649430324276949,"black_non_hispanic_pct":0.0876424189307625,"asian_non_hispanic_pct":1.7177914110429449,"hispanic_or_latino_pct":11.709027169149868,"median_household_income":103438}},{"type":"Feature","geometry":{"type":"Point","coordinates":[-122.29967,40.50581]},"properties":{"station_id":487,"tract_geoid":"06089011502","state_fips":"06","state_name":"California","county_fips":"089","tract_code":"011502","site_name":"Redding Municipal Airport","industry":"Airport","matrix":"Groundwater","sample_year":2020,"longitude":-122.29967,"latitude":40.50581,"pfoa":820,"pfos":5000,"total_pfas":11201,"reported_pfas_level":11201,"total_population":2641,"people_of_color":343,"people_of_color_pct":12.98750473305566,"white_non_hispanic_pct":87.012495266944342,"black_non_hispanic_pct":0.037864445285876562,"asian_non_hispanic_pct":0,"hispanic_or_latino_pct":9.920484664899659,"median_household_income":70078}},{"type":"Feature","geometry":{"type":"Point","coordinates":[-122.564794,38.166173]},"properties":{"station_id":488,"tract_geoid":"06041101100","state_fips":"06","state_name":"California","county_fips":"041","tract_code":"101100","site_name":"Redwood Landfill","industry":"Landfill","matrix":"Groundwater","sample_year":2019,"longitude":-122.564794,"latitude":38.166173,"pfoa":null,"pfos":null,"total_pfas":4,"reported_pfas_level":4,"total_population":2428,"people_of_color":702,"people_of_color_pct":28.912685337726526,"white_non_hispanic_pct":71.087314662273471,"black_non_hispanic_pct":0,"asian_non_hispanic_pct":20.881383855024712,"hispanic_or_latino_pct":4.2009884678747937,"median_household_income":208958}},{"type":"Feature","geometry":{"type":"Point","coordinates":[-117.739105,35.601765]},"properties":{"station_id":489,"tract_geoid":"06029005509","state_fips":"06","state_name":"California","county_fips":"029","tract_code":"005509","site_name":"Ridgecrest/Inyokern Landfill","industry":"Landfill","matrix":"Groundwater","sample_year":2019,"longitude":-117.739105,"latitude":35.601765,"pfoa":7,"pfos":null,"total_pfas":7352,"reported_pfas_level":7352,"total_population":4737,"people_of_color":1524,"people_of_color_pct":32.172260924635843,"white_non_hispanic_pct":67.82773907536415,"black_non_hispanic_pct":4.13763985644923,"asian_non_hispanic_pct":4.4542959679121807,"hispanic_or_latino_pct":12.244036309900782,"median_household_income":100144}},{"type":"Feature","geometry":{"type":"Point","coordinates":[-120.841636,38.034788]},"properties":{"station_id":490,"tract_geoid":"06009000124","state_fips":"06","state_name":"California","county_fips":"009","tract_code":"000124","site_name":"Rock Creek Landfill","industry":"Landfill","matrix":"Groundwater","sample_year":2019,"longitude":-120.841636,"latitude":38.034788,"pfoa":32,"pfos":null,"total_pfas":598,"reported_pfas_level":598,"total_population":2119,"people_of_color":472,"people_of_color_pct":22.274657857479944,"white_non_hispanic_pct":77.725342142520063,"black_non_hispanic_pct":0.42472864558754131,"asian_non_hispanic_pct":0,"hispanic_or_latino_pct":15.57338367154318,"median_household_income":98068}},{"type":"Feature","geometry":{"type":"Point","coordinates":[-121.590065,38.695085]},"properties":{"station_id":491,"tract_geoid":"06067007101","state_fips":"06","state_name":"California","county_fips":"067","tract_code":"007101","site_name":"Sacramento International Airport","industry":"Airport","matrix":"Groundwater","sample_year":2019,"longitude":-121.590065,"latitude":38.695085,"pfoa":9200,"pfos":72000,"total_pfas":320400,"reported_pfas_level":320400,"total_population":1355,"people_of_color":890,"people_of_color_pct":65.682656826568262,"white_non_hispanic_pct":34.317343173431738,"black_non_hispanic_pct":2.2878228782287824,"asian_non_hispanic_pct":39.335793357933582,"hispanic_or_latino_pct":15.276752767527675,"median_household_income":192938}},{"type":"Feature","geometry":{"type":"Point","coordinates":[-115.981388,33.231404]},"properties":{"station_id":492,"tract_geoid":"06025012301","state_fips":"06","state_name":"California","county_fips":"025","tract_code":"012301","site_name":"Salton City Solid Waste Site","industry":"Landfill","matrix":"Groundwater","sample_year":2019,"longitude":-115.981388,"latitude":33.231404,"pfoa":null,"pfos":1,"total_pfas":18,"reported_pfas_level":18,"total_population":3994,"people_of_color":3458,"people_of_color_pct":86.579869804707059,"white_non_hispanic_pct":13.420130195292939,"black_non_hispanic_pct":13.745618427641462,"asian_non_hispanic_pct":0.62593890836254384,"hispanic_or_latino_pct":70.155232849273915,"median_household_income":44750}},{"type":"Feature","geometry":{"type":"Point","coordinates":[-117.187991,32.738456]},"properties":{"station_id":493,"tract_geoid":"06073006200","state_fips":"06","state_name":"California","county_fips":"073","tract_code":"006200","site_name":"San Diego International Airport","industry":"Airport","matrix":"Groundwater","sample_year":2019,"longitude":-117.187991,"latitude":32.738456,"pfoa":59700,"pfos":5960,"total_pfas":426304,"reported_pfas_level":426304,"total_population":28,"people_of_color":22,"people_of_color_pct":78.571428571428569,"white_non_hispanic_pct":21.428571428571427,"black_non_hispanic_pct":25,"asian_non_hispanic_pct":0,"hispanic_or_latino_pct":0,"median_household_income":null}},{"type":"Feature","geometry":{"type":"Point","coordinates":[-122.378955,37.621313]},"properties":{"station_id":494,"tract_geoid":"06081984300","state_fips":"06","state_name":"California","county_fips":"081","tract_code":"984300","site_name":"San Francisco International Airport","industry":"Airport","matrix":"Groundwater","sample_year":2019,"longitude":-122.378955,"latitude":37.621313,"pfoa":226,"pfos":1370,"total_pfas":12070,"reported_pfas_level":12070,"total_population":0,"people_of_color":0,"people_of_color_pct":null,"white_non_hispanic_pct":null,"black_non_hispanic_pct":null,"asian_non_hispanic_pct":null,"hispanic_or_latino_pct":null,"median_household_income":null}},{"type":"Feature","geometry":{"type":"Point","coordinates":[-121.928938,37.363947]},"properties":{"station_id":495,"tract_geoid":"06085505100","state_fips":"06","state_name":"California","county_fips":"085","tract_code":"505100","site_name":"San Jose International Airport","industry":"Airport","matrix":"Groundwater","sample_year":2019,"longitude":-121.928938,"latitude":37.363947,"pfoa":585,"pfos":2190,"total_pfas":35053,"reported_pfas_level":35053,"total_population":3993,"people_of_color":3275,"people_of_color_pct":82.018532431755574,"white_non_hispanic_pct":17.981467568244426,"black_non_hispanic_pct":3.3809166040571,"asian_non_hispanic_pct":39.819684447783622,"hispanic_or_latino_pct":35.962935136488852,"median_household_income":115395}},{"type":"Feature","geometry":{"type":"Point","coordinates":[-120.642013,35.237564]},"properties":{"station_id":496,"tract_geoid":"06079011505","state_fips":"06","state_name":"California","county_fips":"079","tract_code":"011505","site_name":"San Luis County Regional Airport","industry":"Airport","matrix":"Groundwater","sample_year":2020,"longitude":-120.642013,"latitude":35.237564,"pfoa":290,"pfos":610,"total_pfas":8232,"reported_pfas_level":8232,"total_population":5040,"people_of_color":1624,"people_of_color_pct":32.222222222222221,"white_non_hispanic_pct":67.777777777777771,"black_non_hispanic_pct":2.876984126984127,"asian_non_hispanic_pct":3.9285714285714284,"hispanic_or_latino_pct":18.888888888888889,"median_household_income":117695}},{"type":"Feature","geometry":{"type":"Point","coordinates":[-117.194309,33.085911]},"properties":{"station_id":497,"tract_geoid":"06073017112","state_fips":"06","state_name":"California","county_fips":"073","tract_code":"017112","site_name":"San Marcos II Sanitary Landfill","industry":"Landfill","matrix":"Groundwater","sample_year":2019,"longitude":-117.194309,"latitude":33.085911,"pfoa":7600,"pfos":3300,"total_pfas":37950,"reported_pfas_level":37950,"total_population":2319,"people_of_color":913,"people_of_color_pct":39.370418283742993,"white_non_hispanic_pct":60.629581716257007,"black_non_hispanic_pct":0.64683053040103489,"asian_non_hispanic_pct":14.489003880983182,"hispanic_or_latino_pct":15.265200517464425,"median_household_income":250001}},{"type":"Feature","geometry":{"type":"Point","coordinates":[-119.839884,34.427194]},"properties":{"station_id":498,"tract_geoid":"06083980000","state_fips":"06","state_name":"California","county_fips":"083","tract_code":"980000","site_name":"Santa Barbara Airport","industry":"Airport","matrix":"Groundwater","sample_year":2020,"longitude":-119.839884,"latitude":34.427194,"pfoa":79000,"pfos":383000,"total_pfas":8770829,"reported_pfas_level":8770829,"total_population":0,"people_of_color":0,"people_of_color_pct":null,"white_non_hispanic_pct":null,"black_non_hispanic_pct":null,"asian_non_hispanic_pct":null,"hispanic_or_latino_pct":null,"median_household_income":null}},{"type":"Feature","geometry":{"type":"Point","coordinates":[-121.97234,37.411113]},"properties":{"station_id":499,"tract_geoid":"06085505010","state_fips":"06","state_name":"California","county_fips":"085","tract_code":"505010","site_name":"Santa Clara All Purpose Landfill","industry":"Landfill","matrix":"Groundwater","sample_year":2019,"longitude":-121.97234,"latitude":37.411113,"pfoa":280,"pfos":null,"total_pfas":2298,"reported_pfas_level":2298,"total_population":4756,"people_of_color":4015,"people_of_color_pct":84.419680403700582,"white_non_hispanic_pct":15.580319596299411,"black_non_hispanic_pct":3.847771236333053,"asian_non_hispanic_pct":65.096719932716567,"hispanic_or_latino_pct":11.732548359966358,"median_household_income":202663}},{"type":"Feature","geometry":{"type":"Point","coordinates":[-122.1058,36.9768]},"properties":{"station_id":500,"tract_geoid":"06087120200","state_fips":"06","state_name":"California","county_fips":"087","tract_code":"120200","site_name":"Santa Cruz Class III Landfill","industry":"Landfill","matrix":"Groundwater","sample_year":2019,"longitude":-122.1058,"latitude":36.9768,"pfoa":110,"pfos":110,"total_pfas":1002,"reported_pfas_level":1002,"total_population":4237,"people_of_color":1467,"people_of_color_pct":34.623554401699316,"white_non_hispanic_pct":65.376445598300691,"black_non_hispanic_pct":0.51923530800094408,"asian_non_hispanic_pct":3.8942648100070807,"hispanic_or_latino_pct":20.722209110219495,"median_household_income":133750}},{"type":"Feature","geometry":{"type":"Point","coordinates":[-120.447872,34.899156]},"properties":{"station_id":501,"tract_geoid":"06083002011","state_fips":"06","state_name":"California","county_fips":"083","tract_code":"002011","site_name":"Santa Maria Public Airport","industry":"Airport","matrix":"Groundwater","sample_year":2020,"longitude":-120.447872,"latitude":34.899156,"pfoa":169,"pfos":2920,"total_pfas":39535,"reported_pfas_level":39535,"total_population":6017,"people_of_color":4500,"people_of_color_pct":74.788100382250292,"white_non_hispanic_pct":25.211899617749708,"black_non_hispanic_pct":0.099717467176333716,"asian_non_hispanic_pct":3.0247631710154561,"hispanic_or_latino_pct":68.23998670433771,"median_household_income":103185}},{"type":"Feature","geometry":{"type":"Point","coordinates":[-120.380556,34.949167]},"properties":{"station_id":502,"tract_geoid":"06083002211","state_fips":"06","state_name":"California","county_fips":"083","tract_code":"002211","site_name":"Santa Maria Regional Waste Management Facility","industry":"Landfill","matrix":"Groundwater","sample_year":2019,"longitude":-120.380556,"latitude":34.949167,"pfoa":10,"pfos":null,"total_pfas":384,"reported_pfas_level":384,"total_population":5894,"people_of_color":3714,"people_of_color_pct":63.013233797081782,"white_non_hispanic_pct":36.986766202918218,"black_non_hispanic_pct":1.6118086189345098,"asian_non_hispanic_pct":4.2925008483203255,"hispanic_or_latino_pct":55.480149304377335,"median_household_income":102589}},{"type":"Feature","geometry":{"type":"Point","coordinates":[-118.195651,34.155856]},"properties":{"station_id":503,"tract_geoid":"06037300902","state_fips":"06","state_name":"California","county_fips":"037","tract_code":"300902","site_name":"Scholl Canyon Landfill","industry":"Landfill","matrix":"Groundwater","sample_year":2019,"longitude":-118.195651,"latitude":34.155856,"pfoa":220,"pfos":75,"total_pfas":4415,"reported_pfas_level":4415,"total_population":2051,"people_of_color":661,"people_of_color_pct":32.228181374939055,"white_non_hispanic_pct":67.771818625060945,"black_non_hispanic_pct":0.68259385665529015,"asian_non_hispanic_pct":18.625060945880058,"hispanic_or_latino_pct":9.2150170648464158,"median_household_income":186250}},{"type":"Feature","geometry":{"type":"Point","coordinates":[-122.248,38.04826]},"properties":{"station_id":504,"tract_geoid":"06013358000","state_fips":"06","state_name":"California","county_fips":"013","tract_code":"358000","site_name":"Shore Terminals Llc Selby Terminal","industry":"Industry","matrix":"Groundwater","sample_year":2019,"longitude":-122.248,"latitude":38.04826,"pfoa":2800,"pfos":48000,"total_pfas":229440,"reported_pfas_level":229440,"total_population":5818,"people_of_color":4347,"people_of_color_pct":74.716397387418354,"white_non_hispanic_pct":25.283602612581642,"black_non_hispanic_pct":17.823994499828121,"asian_non_hispanic_pct":12.306634582330698,"hispanic_or_latino_pct":38.587143348229631,"median_household_income":80255}},{"type":"Feature","geometry":{"type":"Point","coordinates":[-118.796797,34.294665]},"properties":{"station_id":505,"tract_geoid":"06111008502","state_fips":"06","state_name":"California","county_fips":"111","tract_code":"008502","site_name":"Simi Valley Landfill","industry":"Landfill","matrix":"Groundwater","sample_year":2020,"longitude":-118.796797,"latitude":34.294665,"pfoa":2,"pfos":1,"total_pfas":73,"reported_pfas_level":73,"total_population":3578,"people_of_color":1497,"people_of_color_pct":41.839016210173284,"white_non_hispanic_pct":58.160983789826716,"black_non_hispanic_pct":0.83845723868082733,"asian_non_hispanic_pct":6.98714365567356,"hispanic_or_latino_pct":17.579653437674679,"median_household_income":143194}},{"type":"Feature","geometry":{"type":"Point","coordinates":[-121.975733,38.22859]},"properties":{"station_id":506,"tract_geoid":"06095252702","state_fips":"06","state_name":"California","county_fips":"095","tract_code":"252702","site_name":"Solano Class III Disposal","industry":"Landfill","matrix":"Groundwater","sample_year":2019,"longitude":-121.975733,"latitude":38.22859,"pfoa":12,"pfos":13,"total_pfas":1900,"reported_pfas_level":1900,"total_population":7119,"people_of_color":5469,"people_of_color_pct":76.822587442056474,"white_non_hispanic_pct":23.17741255794353,"black_non_hispanic_pct":21.463688720325887,"asian_non_hispanic_pct":22.03961230509903,"hispanic_or_latino_pct":21.730580137659782,"median_household_income":65833}},{"type":"Feature","geometry":{"type":"Point","coordinates":[-122.810678,38.508193]},"properties":{"station_id":507,"tract_geoid":"06097152702","state_fips":"06","state_name":"California","county_fips":"097","tract_code":"152702","site_name":"Sonoma County Airport","industry":"Airport","matrix":"Groundwater","sample_year":2020,"longitude":-122.810678,"latitude":38.508193,"pfoa":370,"pfos":400,"total_pfas":38720,"reported_pfas_level":38720,"total_population":4842,"people_of_color":1853,"people_of_color_pct":38.2693102023957,"white_non_hispanic_pct":61.7306897976043,"black_non_hispanic_pct":1.4663362247005369,"asian_non_hispanic_pct":5.2044609665427508,"hispanic_or_latino_pct":22.593969434118133,"median_household_income":113772}},{"type":"Feature","geometry":{"type":"Point","coordinates":[-122.745544,38.29526]},"properties":{"station_id":508,"tract_geoid":"06097151100","state_fips":"06","state_name":"California","county_fips":"097","tract_code":"151100","site_name":"Sonoma County Central Solid Waste Disposal Service","industry":"Landfill","matrix":"Groundwater","sample_year":2019,"longitude":-122.745544,"latitude":38.29526,"pfoa":260,"pfos":17,"total_pfas":1831,"reported_pfas_level":1831,"total_population":4897,"people_of_color":1361,"people_of_color_pct":27.792526036348786,"white_non_hispanic_pct":72.207473963651211,"black_non_hispanic_pct":1.2865019399632427,"asian_non_hispanic_pct":1.1843986113947316,"hispanic_or_latino_pct":20.318562385133756,"median_household_income":127713}},{"type":"Feature","geometry":{"type":"Point","coordinates":[-117.059209,32.736896]},"properties":{"station_id":509,"tract_geoid":"06073002712","state_fips":"06","state_name":"California","county_fips":"073","tract_code":"002712","site_name":"South Chollas Landfill","industry":"Landfill","matrix":"Groundwater","sample_year":2019,"longitude":-117.059209,"latitude":32.736896,"pfoa":18,"pfos":null,"total_pfas":243,"reported_pfas_level":243,"total_population":5309,"people_of_color":4809,"people_of_color_pct":90.582030514221131,"white_non_hispanic_pct":9.4179694857788654,"black_non_hispanic_pct":19.984931248822754,"asian_non_hispanic_pct":17.253720097946882,"hispanic_or_latino_pct":51.742324354869091,"median_household_income":52688}},{"type":"Feature","geometry":{"type":"Point","coordinates":[-117.157825,32.845575]},"properties":{"station_id":510,"tract_geoid":"06073009400","state_fips":"06","state_name":"California","county_fips":"073","tract_code":"009400","site_name":"South Miramar Landfill","industry":"Landfill","matrix":"Groundwater","sample_year":2019,"longitude":-117.157825,"latitude":32.845575,"pfoa":130,"pfos":79,"total_pfas":429,"reported_pfas_level":429,"total_population":4394,"people_of_color":2553,"people_of_color_pct":58.101957214383248,"white_non_hispanic_pct":41.898042785616752,"black_non_hispanic_pct":16.090122894856624,"asian_non_hispanic_pct":3.2544378698224854,"hispanic_or_latino_pct":31.178880291306328,"median_household_income":89893}},{"type":"Feature","geometry":{"type":"Point","coordinates":[-117.820925,34.047488]},"properties":{"station_id":511,"tract_geoid":"06037402403","state_fips":"06","state_name":"California","county_fips":"037","tract_code":"402403","site_name":"Spadra Landfill","industry":"Landfill","matrix":"Groundwater","sample_year":2019,"longitude":-117.820925,"latitude":34.047488,"pfoa":1,"pfos":null,"total_pfas":29,"reported_pfas_level":29,"total_population":4826,"people_of_color":4176,"people_of_color_pct":86.531288852051389,"white_non_hispanic_pct":13.468711147948612,"black_non_hispanic_pct":2.3000414421881477,"asian_non_hispanic_pct":5.0766680480729383,"hispanic_or_latino_pct":77.559055118110237,"median_household_income":87536}},{"type":"Feature","geometry":{"type":"Point","coordinates":[-121.867023,37.328089]},"properties":{"station_id":512,"tract_geoid":"06085503105","state_fips":"06","state_name":"California","county_fips":"085","tract_code":"503105","site_name":"Story Road Landfill","industry":"Landfill","matrix":"Groundwater","sample_year":2019,"longitude":-121.867023,"latitude":37.328089,"pfoa":140,"pfos":110,"total_pfas":660,"reported_pfas_level":660,"total_population":2012,"people_of_color":1802,"people_of_color_pct":89.562624254473164,"white_non_hispanic_pct":10.43737574552684,"black_non_hispanic_pct":0.049701789264413522,"asian_non_hispanic_pct":62.077534791252482,"hispanic_or_latino_pct":26.391650099403577,"median_household_income":61838}},{"type":"Feature","geometry":{"type":"Point","coordinates":[-118.51972,34.334468]},"properties":{"station_id":513,"tract_geoid":"06037920326","state_fips":"06","state_name":"California","county_fips":"037","tract_code":"920326","site_name":"Sunshine Canyon Landfill","industry":"Landfill","matrix":"Groundwater","sample_year":2019,"longitude":-118.51972,"latitude":34.334468,"pfoa":21,"pfos":9,"total_pfas":314,"reported_pfas_level":314,"total_population":6971,"people_of_color":4014,"people_of_color_pct":57.581408693157364,"white_non_hispanic_pct":42.418591306842636,"black_non_hispanic_pct":4.7338975756706354,"asian_non_hispanic_pct":23.167407832448717,"hispanic_or_latino_pct":23.210443264954812,"median_household_income":133417}},{"type":"Feature","geometry":{"type":"Point","coordinates":[-117.030204,32.856071]},"properties":{"station_id":514,"tract_geoid":"06073009504","state_fips":"06","state_name":"California","county_fips":"073","tract_code":"009504","site_name":"Sycamore Canyon Landfill","industry":"Landfill","matrix":"Groundwater","sample_year":2019,"longitude":-117.030204,"latitude":32.856071,"pfoa":170,"pfos":53,"total_pfas":1155,"reported_pfas_level":1155,"total_population":6428,"people_of_color":3032,"people_of_color_pct":47.168637212196643,"white_non_hispanic_pct":52.831362787803357,"black_non_hispanic_pct":2.4579962663347854,"asian_non_hispanic_pct":22.884256378344741,"hispanic_or_latino_pct":15.572495332918482,"median_household_income":250001}},{"type":"Feature","geometry":{"type":"Point","coordinates":[-120.126538,34.482394]},"properties":{"station_id":515,"tract_geoid":"06083002932","state_fips":"06","state_name":"California","county_fips":"083","tract_code":"002932","site_name":"Tajiguas Solid Waste Site","industry":"Landfill","matrix":"Groundwater","sample_year":2019,"longitude":-120.126538,"latitude":34.482394,"pfoa":250,"pfos":null,"total_pfas":2222,"reported_pfas_level":2222,"total_population":2342,"people_of_color":1261,"people_of_color_pct":53.842869342442356,"white_non_hispanic_pct":46.157130657557644,"black_non_hispanic_pct":1.067463706233988,"asian_non_hispanic_pct":10.589239965841161,"hispanic_or_latino_pct":39.92314261315115,"median_household_income":120250}},{"type":"Feature","geometry":{"type":"Point","coordinates":[-119.107254,36.016506]},"properties":{"station_id":516,"tract_geoid":"06107003401","state_fips":"06","state_name":"California","county_fips":"107","tract_code":"003401","site_name":"Teapot Dome Solid Waste Disposal Service","industry":"Landfill","matrix":"Groundwater","sample_year":2019,"longitude":-119.107254,"latitude":36.016506,"pfoa":39,"pfos":31,"total_pfas":162,"reported_pfas_level":162,"total_population":4830,"people_of_color":3768,"people_of_color_pct":78.012422360248451,"white_non_hispanic_pct":21.987577639751553,"black_non_hispanic_pct":0.80745341614906829,"asian_non_hispanic_pct":6.1904761904761907,"hispanic_or_latino_pct":69.896480331262936,"median_household_income":51616}},{"type":"Feature","geometry":{"type":"Point","coordinates":[-118.340693,35.122717]},"properties":{"station_id":517,"tract_geoid":"06029006004","state_fips":"06","state_name":"California","county_fips":"029","tract_code":"006004","site_name":"Tehachapi Class III Landfill","industry":"Landfill","matrix":"Groundwater","sample_year":2019,"longitude":-118.340693,"latitude":35.122717,"pfoa":null,"pfos":null,"total_pfas":10,"reported_pfas_level":10,"total_population":1440,"people_of_color":315,"people_of_color_pct":21.875,"white_non_hispanic_pct":78.125,"black_non_hispanic_pct":3.4722222222222223,"asian_non_hispanic_pct":0.27777777777777779,"hispanic_or_latino_pct":11.180555555555555,"median_household_income":62317}},{"type":"Feature","geometry":{"type":"Point","coordinates":[-118.996654,34.403378]},"properties":{"station_id":518,"tract_geoid":"06111000304","state_fips":"06","state_name":"California","county_fips":"111","tract_code":"000304","site_name":"Toland Road Landfill","industry":"Landfill","matrix":"Groundwater","sample_year":2020,"longitude":-118.996654,"latitude":34.403378,"pfoa":null,"pfos":8,"total_pfas":11,"reported_pfas_level":11,"total_population":4492,"people_of_color":3517,"people_of_color_pct":78.294746215494214,"white_non_hispanic_pct":21.705253784505789,"black_non_hispanic_pct":0.13357079252003562,"asian_non_hispanic_pct":0.7123775601068566,"hispanic_or_latino_pct":77.025823686553878,"median_household_income":66471}},{"type":"Feature","geometry":{"type":"Point","coordinates":[-118.250499,34.056915]},"properties":{"station_id":519,"tract_geoid":"06037207400","state_fips":"06","state_name":"California","county_fips":"037","tract_code":"207400","site_name":"Tujunga Remediation Project","industry":"WWTP","matrix":"Groundwater","sample_year":2018,"longitude":-118.250499,"latitude":34.056915,"pfoa":4,"pfos":null,"total_pfas":8,"reported_pfas_level":8,"total_population":2598,"people_of_color":1930,"people_of_color_pct":74.287913779830646,"white_non_hispanic_pct":25.712086220169361,"black_non_hispanic_pct":15.627405696689761,"asian_non_hispanic_pct":22.440338722093919,"hispanic_or_latino_pct":31.023864511162433,"median_household_income":78482}},{"type":"Feature","geometry":{"type":"Point","coordinates":[-117.071809,33.235026]},"properties":{"station_id":520,"tract_geoid":"06073019105","state_fips":"06","state_name":"California","county_fips":"073","tract_code":"019105","site_name":"Valley Center Landfill","industry":"Landfill","matrix":"Groundwater","sample_year":2019,"longitude":-117.071809,"latitude":33.235026,"pfoa":11,"pfos":5,"total_pfas":65,"reported_pfas_level":65,"total_population":7971,"people_of_color":3424,"people_of_color_pct":42.95571446493539,"white_non_hispanic_pct":57.04428553506461,"black_non_hispanic_pct":3.2994605444737171,"asian_non_hispanic_pct":11.579475599046544,"hispanic_or_latino_pct":21.728766779575963,"median_household_income":122109}},{"type":"Feature","geometry":{"type":"Point","coordinates":[-121.724762,37.755392]},"properties":{"station_id":521,"tract_geoid":"06001451104","state_fips":"06","state_name":"California","county_fips":"001","tract_code":"451104","site_name":"Vasco Rd Sanitary Landfill","industry":"Landfill","matrix":"Groundwater","sample_year":2020,"longitude":-121.724762,"latitude":37.755392,"pfoa":190,"pfos":91,"total_pfas":1278,"reported_pfas_level":1278,"total_population":6474,"people_of_color":3548,"people_of_color_pct":54.803830707445165,"white_non_hispanic_pct":45.196169292554835,"black_non_hispanic_pct":6.6265060240963853,"asian_non_hispanic_pct":23.802903923385852,"hispanic_or_latino_pct":18.273092369477911,"median_household_income":183846}},{"type":"Feature","geometry":{"type":"Point","coordinates":[-117.262337,34.590503]},"properties":{"station_id":522,"tract_geoid":"06071012101","state_fips":"06","state_name":"California","county_fips":"071","tract_code":"012101","site_name":"Victorville Class III Landfill","industry":"Landfill","matrix":"Groundwater","sample_year":2020,"longitude":-117.262337,"latitude":34.590503,"pfoa":160,"pfos":3,"total_pfas":2761,"reported_pfas_level":2761,"total_population":7399,"people_of_color":3520,"people_of_color_pct":47.573996486011623,"white_non_hispanic_pct":52.426003513988377,"black_non_hispanic_pct":12.393566698202459,"asian_non_hispanic_pct":6.4873631571834034,"hispanic_or_latino_pct":21.989458034869578,"median_household_income":77143}},{"type":"Feature","geometry":{"type":"Point","coordinates":[-116.63958,32.82897]},"properties":{"station_id":523,"tract_geoid":"06073021202","state_fips":"06","state_name":"California","county_fips":"073","tract_code":"021202","site_name":"Viejas Sanitary Landfill","industry":"Landfill","matrix":"Groundwater","sample_year":2019,"longitude":-116.63958,"latitude":32.82897,"pfoa":52,"pfos":2,"total_pfas":137,"reported_pfas_level":137,"total_population":3238,"people_of_color":937,"people_of_color_pct":28.937615812229772,"white_non_hispanic_pct":71.062384187770235,"black_non_hispanic_pct":0.80296479308214952,"asian_non_hispanic_pct":0.27794935145151328,"hispanic_or_latino_pct":18.68437306979617,"median_household_income":91597}},{"type":"Feature","geometry":{"type":"Point","coordinates":[-119.385547,36.392767]},"properties":{"station_id":524,"tract_geoid":"06107000902","state_fips":"06","state_name":"California","county_fips":"107","tract_code":"000902","site_name":"Visalia Solid Waste Disposal Service","industry":"Landfill","matrix":"Groundwater","sample_year":2019,"longitude":-119.385547,"latitude":36.392767,"pfoa":null,"pfos":null,"total_pfas":27,"reported_pfas_level":27,"total_population":4430,"people_of_color":3344,"people_of_color_pct":75.485327313769758,"white_non_hispanic_pct":24.514672686230249,"black_non_hispanic_pct":0.45146726862302483,"asian_non_hispanic_pct":1.4672686230248306,"hispanic_or_latino_pct":69.97742663656885,"median_household_income":98542}},{"type":"Feature","geometry":{"type":"Point","coordinates":[-119.456736,38.553963]},"properties":{"station_id":525,"tract_geoid":"06051000102","state_fips":"06","state_name":"California","county_fips":"051","tract_code":"000102","site_name":"Walker Sanitary Landfill","industry":"Landfill","matrix":"Groundwater","sample_year":2020,"longitude":-119.456736,"latitude":38.553963,"pfoa":1,"pfos":null,"total_pfas":20,"reported_pfas_level":20,"total_population":2402,"people_of_color":979,"people_of_color_pct":40.757701915070776,"white_non_hispanic_pct":59.242298084929224,"black_non_hispanic_pct":0.37468776019983346,"asian_non_hispanic_pct":1.7901748542880933,"hispanic_or_latino_pct":35.303913405495422,"median_household_income":105091}},{"type":"Feature","geometry":{"type":"Point","coordinates":[-121.812354,36.917829]},"properties":{"station_id":526,"tract_geoid":"06087122300","state_fips":"06","state_name":"California","county_fips":"087","tract_code":"122300","site_name":"Watsonville Class III Landfill","industry":"Landfill","matrix":"Groundwater","sample_year":2019,"longitude":-121.812354,"latitude":36.917829,"pfoa":61,"pfos":null,"total_pfas":2364,"reported_pfas_level":2364,"total_population":3804,"people_of_color":1603,"people_of_color_pct":42.13985278654048,"white_non_hispanic_pct":57.86014721345952,"black_non_hispanic_pct":0.026288117770767613,"asian_non_hispanic_pct":1.6561514195583595,"hispanic_or_latino_pct":34.2534174553102,"median_household_income":103929}},{"type":"Feature","geometry":{"type":"Point","coordinates":[-122.381605,37.971166]},"properties":{"station_id":527,"tract_geoid":"06013365002","state_fips":"06","state_name":"California","county_fips":"013","tract_code":"365002","site_name":"West Contra Costa Landfill","industry":"Landfill","matrix":"Groundwater","sample_year":2020,"longitude":-122.381605,"latitude":37.971166,"pfoa":1600,"pfos":360,"total_pfas":6042,"reported_pfas_level":6042,"total_population":5114,"people_of_color":4830,"people_of_color_pct":94.446617129448569,"white_non_hispanic_pct":5.5533828705514274,"black_non_hispanic_pct":10.911224090731325,"asian_non_hispanic_pct":11.536957371920218,"hispanic_or_latino_pct":64.118107156824408,"median_household_income":83587}},{"type":"Feature","geometry":{"type":"Point","coordinates":[-117.150114,32.842598]},"properties":{"station_id":528,"tract_geoid":"06073009400","state_fips":"06","state_name":"California","county_fips":"073","tract_code":"009400","site_name":"West Miramar Landfill","industry":"Landfill","matrix":"Groundwater","sample_year":2018,"longitude":-117.150114,"latitude":32.842598,"pfoa":950,"pfos":59,"total_pfas":10634,"reported_pfas_level":10634,"total_population":4394,"people_of_color":2553,"people_of_color_pct":58.101957214383248,"white_non_hispanic_pct":41.898042785616752,"black_non_hispanic_pct":16.090122894856624,"asian_non_hispanic_pct":3.2544378698224854,"hispanic_or_latino_pct":31.178880291306328,"median_household_income":89893}},{"type":"Feature","geometry":{"type":"Point","coordinates":[-122.15258,37.642716]},"properties":{"station_id":529,"tract_geoid":"06001437101","state_fips":"06","state_name":"California","county_fips":"001","tract_code":"437101","site_name":"West Winton Landfill","industry":"Landfill","matrix":"Groundwater","sample_year":2020,"longitude":-122.15258,"latitude":37.642716,"pfoa":88,"pfos":32,"total_pfas":1343,"reported_pfas_level":1343,"total_population":7371,"people_of_color":6532,"people_of_color_pct":88.61755528422195,"white_non_hispanic_pct":11.38244471577805,"black_non_hispanic_pct":3.8258038258038258,"asian_non_hispanic_pct":54.076787410120744,"hispanic_or_latino_pct":22.398589065255731,"median_household_income":156462}},{"type":"Feature","geometry":{"type":"Point","coordinates":[-121.022516,40.315434]},"properties":{"station_id":530,"tract_geoid":"06035040200","state_fips":"06","state_name":"California","county_fips":"035","tract_code":"040200","site_name":"Westwood Class III Landfill","industry":"Landfill","matrix":"Groundwater","sample_year":2019,"longitude":-121.022516,"latitude":40.315434,"pfoa":63,"pfos":null,"total_pfas":173,"reported_pfas_level":173,"total_population":2481,"people_of_color":672,"people_of_color_pct":27.085852478839179,"white_non_hispanic_pct":72.914147521160828,"black_non_hispanic_pct":0,"asian_non_hispanic_pct":0,"hispanic_or_latino_pct":13.865376864167674,"median_household_income":65795}},{"type":"Feature","geometry":{"type":"Point","coordinates":[-121.949059,37.438862]},"properties":{"station_id":531,"tract_geoid":"06085504602","state_fips":"06","state_name":"California","county_fips":"085","tract_code":"504602","site_name":"Zanker Road Class III Landfill","industry":"Landfill","matrix":"Groundwater","sample_year":2019,"longitude":-121.949059,"latitude":37.438862,"pfoa":19,"pfos":null,"total_pfas":148,"reported_pfas_level":148,"total_population":1542,"people_of_color":1261,"people_of_color_pct":81.7769130998703,"white_non_hispanic_pct":18.2230869001297,"black_non_hispanic_pct":2.1400778210116731,"asian_non_hispanic_pct":18.547341115434502,"hispanic_or_latino_pct":58.365758754863812,"median_household_income":121953}},{"type":"Feature","geometry":{"type":"Point","coordinates":[-117.028062,32.691688]},"properties":{"station_id":532,"tract_geoid":"06073003213","state_fips":"06","state_name":"California","county_fips":"073","tract_code":"003213","site_name":"Hillsborough Landfill","industry":"Landfill","matrix":"Groundwater","sample_year":2019,"longitude":-117.028062,"latitude":32.691688,"pfoa":8,"pfos":10,"total_pfas":125,"reported_pfas_level":125,"total_population":3984,"people_of_color":3660,"people_of_color_pct":91.867469879518069,"white_non_hispanic_pct":8.1325301204819276,"black_non_hispanic_pct":22.941767068273091,"asian_non_hispanic_pct":47.464859437751,"hispanic_or_latino_pct":18.75,"median_household_income":137870}},{"type":"Feature","geometry":{"type":"Point","coordinates":[-122.4586,45.5472]},"properties":{"station_id":533,"tract_geoid":"41051010200","state_fips":"41","state_name":"Oregon","county_fips":"051","tract_code":"010200","site_name":"Gresham STP","industry":"Waste","matrix":"Surface Water","sample_year":2010,"longitude":-122.4586,"latitude":45.5472,"pfoa":5000,"pfos":null,"total_pfas":null,"reported_pfas_level":5000,"total_population":7534,"people_of_color":4597,"people_of_color_pct":61.016724183700561,"white_non_hispanic_pct":38.983275816299439,"black_non_hispanic_pct":12.888239978762941,"asian_non_hispanic_pct":2.880276081762676,"hispanic_or_latino_pct":35.333156357844437,"median_household_income":81019}},{"type":"Feature","geometry":{"type":"Point","coordinates":[-122.595094,45.589769]},"properties":{"station_id":534,"tract_geoid":"41051007300","state_fips":"41","state_name":"Oregon","county_fips":"051","tract_code":"007300","site_name":"Portland International Airport","industry":"Airport","matrix":"Groundwater","sample_year":2017,"longitude":-122.595094,"latitude":45.589769,"pfoa":30900,"pfos":203000,"total_pfas":null,"reported_pfas_level":203000,"total_population":1606,"people_of_color":732,"people_of_color_pct":45.579078455790786,"white_non_hispanic_pct":54.420921544209214,"black_non_hispanic_pct":10.08717310087173,"asian_non_hispanic_pct":0.8094645080946451,"hispanic_or_latino_pct":16.936488169364882,"median_household_income":56250}},{"type":"Feature","geometry":{"type":"Point","coordinates":[-123.342779,43.208545]},"properties":{"station_id":535,"tract_geoid":"41019130002","state_fips":"41","state_name":"Oregon","county_fips":"019","tract_code":"130002","site_name":"Roseburg Armory","industry":"Military","matrix":"Drinking Water","sample_year":2018,"longitude":-123.342779,"latitude":43.208545,"pfoa":null,"pfos":null,"total_pfas":1,"reported_pfas_level":1,"total_population":3020,"people_of_color":380,"people_of_color_pct":12.582781456953642,"white_non_hispanic_pct":87.41721854304636,"black_non_hispanic_pct":0.66225165562913912,"asian_non_hispanic_pct":0.23178807947019867,"hispanic_or_latino_pct":6.6556291390728477,"median_household_income":62344}},{"type":"Feature","geometry":{"type":"Point","coordinates":[-122.995886,44.928383]},"properties":{"station_id":536,"tract_geoid":"41047000702","state_fips":"41","state_name":"Oregon","county_fips":"047","tract_code":"000702","site_name":"Salem Anderson Readiness Center","industry":"Military","matrix":"Drinking Water","sample_year":2018,"longitude":-122.995886,"latitude":44.928383,"pfoa":null,"pfos":null,"total_pfas":1,"reported_pfas_level":1,"total_population":6096,"people_of_color":3094,"people_of_color_pct":50.754593175853017,"white_non_hispanic_pct":49.245406824146983,"black_non_hispanic_pct":3.9370078740157481,"asian_non_hispanic_pct":2.7066929133858268,"hispanic_or_latino_pct":35.318241469816272,"median_household_income":50119}},{"type":"Feature","geometry":{"type":"Point","coordinates":[-122.913697,44.528745]},"properties":{"station_id":537,"tract_geoid":"41043030903","state_fips":"41","state_name":"Oregon","county_fips":"043","tract_code":"030903","site_name":"Lebanon Community Pool","industry":"Military","matrix":"Drinking Water","sample_year":2018,"longitude":-122.913697,"latitude":44.528745,"pfoa":null,"pfos":null,"total_pfas":2,"reported_pfas_level":2,"total_population":7155,"people_of_color":1284,"people_of_color_pct":17.945492662473793,"white_non_hispanic_pct":82.0545073375262,"black_non_hispanic_pct":0,"asian_non_hispanic_pct":2.6694619147449337,"hispanic_or_latino_pct":11.879804332634521,"median_household_income":65333}},{"type":"Feature","geometry":{"type":"Point","coordinates":[-123.934083,46.122778]},"properties":{"station_id":538,"tract_geoid":"41007951300","state_fips":"41","state_name":"Oregon","county_fips":"007","tract_code":"951300","site_name":"Camp Rilea","industry":"Military","matrix":"Drinking Water","sample_year":2018,"longitude":-123.934083,"latitude":46.122778,"pfoa":1,"pfos":null,"total_pfas":4,"reported_pfas_level":4,"total_population":3234,"people_of_color":435,"people_of_color_pct":13.450834879406308,"white_non_hispanic_pct":86.5491651205937,"black_non_hispanic_pct":0,"asian_non_hispanic_pct":1.1440940012368583,"hispanic_or_latino_pct":7.0810142238713665,"median_household_income":99643}},{"type":"Feature","geometry":{"type":"Point","coordinates":[-116.969625,44.014877]},"properties":{"station_id":539,"tract_geoid":"41045970300","state_fips":"41","state_name":"Oregon","county_fips":"045","tract_code":"970300","site_name":"Ontario Readiness Center","industry":"Military","matrix":"Drinking Water","sample_year":2018,"longitude":-116.969625,"latitude":44.014877,"pfoa":1,"pfos":null,"total_pfas":4,"reported_pfas_level":4,"total_population":4514,"people_of_color":2303,"people_of_color_pct":51.019051838723968,"white_non_hispanic_pct":48.980948161276032,"black_non_hispanic_pct":0.022153300841825433,"asian_non_hispanic_pct":2.3039432875498451,"hispanic_or_latino_pct":46.809924678777136,"median_household_income":43090}},{"type":"Feature","geometry":{"type":"Point","coordinates":[-122.979587,44.065497]},"properties":{"station_id":540,"tract_geoid":"41039002001","state_fips":"41","state_name":"Oregon","county_fips":"039","tract_code":"002001","site_name":"Lane County Armed Forces Reserve Center, Ore.","industry":"Military","matrix":"Unknown","sample_year":2017,"longitude":-122.979587,"latitude":44.065497,"pfoa":null,"pfos":null,"total_pfas":6,"reported_pfas_level":6,"total_population":3343,"people_of_color":531,"people_of_color_pct":15.883936583906671,"white_non_hispanic_pct":84.116063416093326,"black_non_hispanic_pct":0.29913251570445709,"asian_non_hispanic_pct":0.717918037690697,"hispanic_or_latino_pct":7.7176189051749926,"median_household_income":85823}},{"type":"Feature","geometry":{"type":"Point","coordinates":[-121.099007,44.222939]},"properties":{"station_id":541,"tract_geoid":"41013950301","state_fips":"41","state_name":"Oregon","county_fips":"013","tract_code":"950301","site_name":"BIAK Training Center","industry":"Military","matrix":"Drinking Water","sample_year":2018,"longitude":-121.099007,"latitude":44.222939,"pfoa":null,"pfos":null,"total_pfas":4,"reported_pfas_level":4,"total_population":3920,"people_of_color":194,"people_of_color_pct":4.9489795918367347,"white_non_hispanic_pct":95.051020408163268,"black_non_hispanic_pct":0,"asian_non_hispanic_pct":0.35714285714285715,"hispanic_or_latino_pct":0.91836734693877553,"median_household_income":119495}},{"type":"Feature","geometry":{"type":"Point","coordinates":[-121.131655,44.029223]},"properties":{"station_id":542,"tract_geoid":"41017000100","state_fips":"41","state_name":"Oregon","county_fips":"017","tract_code":"000100","site_name":"Bends National Guard Site (COTEF)","industry":"Military","matrix":"Drinking Water","sample_year":2018,"longitude":-121.131655,"latitude":44.029223,"pfoa":null,"pfos":null,"total_pfas":10,"reported_pfas_level":10,"total_population":2073,"people_of_color":119,"people_of_color_pct":5.7404727448142792,"white_non_hispanic_pct":94.259527255185716,"black_non_hispanic_pct":0,"asian_non_hispanic_pct":0.53063193439459722,"hispanic_or_latino_pct":1.0612638687891944,"median_household_income":121705}},{"type":"Feature","geometry":{"type":"Point","coordinates":[-120.3748,43.2762]},"properties":{"station_id":543,"tract_geoid":"41037960100","state_fips":"41","state_name":"Oregon","county_fips":"037","tract_code":"960100","site_name":"Christmas Valley Radar Site","industry":"Military","matrix":"Drinking Water","sample_year":2018,"longitude":-120.3748,"latitude":43.2762,"pfoa":1,"pfos":null,"total_pfas":14,"reported_pfas_level":14,"total_population":2685,"people_of_color":315,"people_of_color_pct":11.731843575418994,"white_non_hispanic_pct":88.268156424581008,"black_non_hispanic_pct":0,"asian_non_hispanic_pct":0,"hispanic_or_latino_pct":7.6350093109869643,"median_household_income":51793}},{"type":"Feature","geometry":{"type":"Point","coordinates":[-121.747842,42.163555]},"properties":{"station_id":544,"tract_geoid":"41035970800","state_fips":"41","state_name":"Oregon","county_fips":"035","tract_code":"970800","site_name":"Kingsley Field Air National Guard Base","industry":"Military","matrix":"Groundwater","sample_year":2018,"longitude":-121.747842,"latitude":42.163555,"pfoa":21000,"pfos":380000,"total_pfas":484740,"reported_pfas_level":484740,"total_population":2845,"people_of_color":502,"people_of_color_pct":17.644991212653778,"white_non_hispanic_pct":82.355008787346222,"black_non_hispanic_pct":0,"asian_non_hispanic_pct":0,"hispanic_or_latino_pct":6.2214411247803163,"median_household_income":68589}},{"type":"Feature","geometry":{"type":"Point","coordinates":[-119.45,45.836111]},"properties":{"station_id":545,"tract_geoid":"41049970102","state_fips":"41","state_name":"Oregon","county_fips":"049","tract_code":"970102","site_name":"Umatilla Army Depot (Lagoons)","industry":"Military","matrix":"Groundwater","sample_year":2023,"longitude":-119.45,"latitude":45.836111,"pfoa":6,"pfos":4,"total_pfas":3451,"reported_pfas_level":3451,"total_population":3915,"people_of_color":1343,"people_of_color_pct":34.303959131545341,"white_non_hispanic_pct":65.696040868454659,"black_non_hispanic_pct":0.66411238825031926,"asian_non_hispanic_pct":0,"hispanic_or_latino_pct":31.162196679438058,"median_household_income":72719}},{"type":"Feature","geometry":{"type":"Point","coordinates":[-122.592513,45.576967]},"properties":{"station_id":546,"tract_geoid":"41051007300","state_fips":"41","state_name":"Oregon","county_fips":"051","tract_code":"007300","site_name":"Portland Air National Guard Base","industry":"Military","matrix":"Groundwater","sample_year":2020,"longitude":-122.592513,"latitude":45.576967,"pfoa":24000,"pfos":25000,"total_pfas":42277,"reported_pfas_level":42277,"total_population":1606,"people_of_color":732,"people_of_color_pct":45.579078455790786,"white_non_hispanic_pct":54.420921544209214,"black_non_hispanic_pct":10.08717310087173,"asian_non_hispanic_pct":0.8094645080946451,"hispanic_or_latino_pct":16.936488169364882,"median_household_income":56250}},{"type":"Feature","geometry":{"type":"Point","coordinates":[-122.596769,45.574733]},"properties":{"station_id":547,"tract_geoid":"41051007300","state_fips":"41","state_name":"Oregon","county_fips":"051","tract_code":"007300","site_name":"Oregon Air National Guard Base","industry":"Military","matrix":"Groundwater","sample_year":2019,"longitude":-122.596769,"latitude":45.574733,"pfoa":null,"pfos":null,"total_pfas":null,"reported_pfas_level":40000,"total_population":1606,"people_of_color":732,"people_of_color_pct":45.579078455790786,"white_non_hispanic_pct":54.420921544209214,"black_non_hispanic_pct":10.08717310087173,"asian_non_hispanic_pct":0.8094645080946451,"hispanic_or_latino_pct":16.936488169364882,"median_household_income":56250}},{"type":"Feature","geometry":{"type":"Point","coordinates":[-122.670687,45.521952]},"properties":{"station_id":548,"tract_geoid":"41051010602","state_fips":"41","state_name":"Oregon","county_fips":"051","tract_code":"010602","site_name":"Portland Fire \u0026 Rescue Bureau Training Facility","industry":"Fire Department/Training Facility","matrix":"Groundwater","sample_year":null,"longitude":-122.670687,"latitude":45.521952,"pfoa":null,"pfos":null,"total_pfas":1600,"reported_pfas_level":1600,"total_population":1979,"people_of_color":787,"people_of_color_pct":39.767559373420923,"white_non_hispanic_pct":60.232440626579077,"black_non_hispanic_pct":12.076806467913087,"asian_non_hispanic_pct":2.47599797877716,"hispanic_or_latino_pct":17.635169277412835,"median_household_income":36432}},{"type":"Feature","geometry":{"type":"Point","coordinates":[-119.305529,47.16546]},"properties":{"station_id":549,"tract_geoid":"53025010800","state_fips":"53","state_name":"Washington","county_fips":"025","tract_code":"010800","site_name":"Moses Lake Wellfield Contamination","industry":"Military","matrix":"Groundwater","sample_year":2016,"longitude":-119.305529,"latitude":47.16546,"pfoa":336,"pfos":348,"total_pfas":1614,"reported_pfas_level":1614,"total_population":5321,"people_of_color":2583,"people_of_color_pct":48.543506859612854,"white_non_hispanic_pct":51.456493140387146,"black_non_hispanic_pct":4.5480172899830862,"asian_non_hispanic_pct":1.5222702499530163,"hispanic_or_latino_pct":36.252584100732946,"median_household_income":45385}},{"type":"Feature","geometry":{"type":"Point","coordinates":[-117.64385299999999,47.618258]},"properties":{"station_id":550,"tract_geoid":"53063013800","state_fips":"53","state_name":"Washington","county_fips":"063","tract_code":"013800","site_name":"Fairchild Air Force Base","industry":"Military","matrix":"Groundwater","sample_year":2017,"longitude":-117.64385299999999,"latitude":47.618258,"pfoa":22000,"pfos":150000,"total_pfas":176200,"reported_pfas_level":176200,"total_population":2931,"people_of_color":1002,"people_of_color_pct":34.186284544524057,"white_non_hispanic_pct":65.813715455475943,"black_non_hispanic_pct":9.8601160013647213,"asian_non_hispanic_pct":2.0812009553053565,"hispanic_or_latino_pct":15.796656431252133,"median_household_income":69917}},{"type":"Feature","geometry":{"type":"Point","coordinates":[-123.655274,46.979233]},"properties":{"station_id":551,"tract_geoid":"53027000800","state_fips":"53","state_name":"Washington","county_fips":"027","tract_code":"000800","site_name":"Montesano","industry":"Military","matrix":"Drinking Water","sample_year":2018,"longitude":-123.655274,"latitude":46.979233,"pfoa":null,"pfos":null,"total_pfas":1,"reported_pfas_level":1,"total_population":4490,"people_of_color":765,"people_of_color_pct":17.037861915367483,"white_non_hispanic_pct":82.962138084632514,"black_non_hispanic_pct":0.42316258351893093,"asian_non_hispanic_pct":2.0935412026726059,"hispanic_or_latino_pct":3.0734966592427617,"median_household_income":98020}},{"type":"Feature","geometry":{"type":"Point","coordinates":[-117.53948,47.624111]},"properties":{"station_id":552,"tract_geoid":"53063013700","state_fips":"53","state_name":"Washington","county_fips":"063","tract_code":"013700","site_name":"Spokane International Airport","industry":"Airport","matrix":"Groundwater","sample_year":2017,"longitude":-117.53948,"latitude":47.624111,"pfoa":350,"pfos":120,"total_pfas":470,"reported_pfas_level":470,"total_population":4069,"people_of_color":1276,"people_of_color_pct":31.359056279184074,"white_non_hispanic_pct":68.640943720815926,"black_non_hispanic_pct":4.4974195133939538,"asian_non_hispanic_pct":1.8432047186040796,"hispanic_or_latino_pct":11.280412877856968,"median_household_income":76286}},{"type":"Feature","geometry":{"type":"Point","coordinates":[-122.04531,47.53661]},"properties":{"station_id":553,"tract_geoid":"53033032103","state_fips":"53","state_name":"Washington","county_fips":"033","tract_code":"032103","site_name":"Rainier Trail","industry":"AFFF","matrix":"Groundwater","sample_year":2020,"longitude":-122.04531,"latitude":47.53661,"pfoa":830,"pfos":21000,"total_pfas":null,"reported_pfas_level":21650,"total_population":5934,"people_of_color":2419,"people_of_color_pct":40.765082574991574,"white_non_hispanic_pct":59.234917425008426,"black_non_hispanic_pct":3.6063363667003707,"asian_non_hispanic_pct":15.942028985507246,"hispanic_or_latino_pct":6.8082237950792042,"median_household_income":121685}},{"type":"Feature","geometry":{"type":"Point","coordinates":[-120.356517,46.68226]},"properties":{"station_id":554,"tract_geoid":"53077001701","state_fips":"53","state_name":"Washington","county_fips":"077","tract_code":"001701","site_name":"Yakima Training Center","industry":"Military","matrix":"Drinking Water","sample_year":2022,"longitude":-120.356517,"latitude":46.68226,"pfoa":null,"pfos":null,"total_pfas":null,"reported_pfas_level":1650,"total_population":4084,"people_of_color":1534,"people_of_color_pct":37.561214495592559,"white_non_hispanic_pct":62.438785504407441,"black_non_hispanic_pct":0.22037218413320275,"asian_non_hispanic_pct":0.0979431929480901,"hispanic_or_latino_pct":32.590597453476981,"median_household_income":91518}},{"type":"Feature","geometry":{"type":"Point","coordinates":[-122.033716,47.531093]},"properties":{"station_id":555,"tract_geoid":"53033032103","state_fips":"53","state_name":"Washington","county_fips":"033","tract_code":"032103","site_name":"Memorial Field","industry":"Fire Department/Training Facility","matrix":"Groundwater","sample_year":2022,"longitude":-122.033716,"latitude":47.531093,"pfoa":1000,"pfos":8600,"total_pfas":9287,"reported_pfas_level":9287,"total_population":5934,"people_of_color":2419,"people_of_color_pct":40.765082574991574,"white_non_hispanic_pct":59.234917425008426,"black_non_hispanic_pct":3.6063363667003707,"asian_non_hispanic_pct":15.942028985507246,"hispanic_or_latino_pct":6.8082237950792042,"median_household_income":121685}},{"type":"Feature","geometry":{"type":"Point","coordinates":[-119.114667,46.259702]},"properties":{"station_id":556,"tract_geoid":"53021980100","state_fips":"53","state_name":"Washington","county_fips":"021","tract_code":"980100","site_name":"Tri-County Airport Jet Engine Crash","industry":"Airport","matrix":"Unknown","sample_year":2022,"longitude":-119.114667,"latitude":46.259702,"pfoa":380,"pfos":9500,"total_pfas":18260,"reported_pfas_level":18260,"total_population":0,"people_of_color":0,"people_of_color_pct":null,"white_non_hispanic_pct":null,"black_non_hispanic_pct":null,"asian_non_hispanic_pct":null,"hispanic_or_latino_pct":null,"median_household_income":null}},{"type":"Feature","geometry":{"type":"Point","coordinates":[-122.485732,47.134243]},"properties":{"station_id":557,"tract_geoid":"53053072901","state_fips":"53","state_name":"Washington","county_fips":"053","tract_code":"072901","site_name":"Joint Base Lewis-McChord","industry":"Military","matrix":"Drinking Water","sample_year":2023,"longitude":-122.485732,"latitude":47.134243,"pfoa":null,"pfos":null,"total_pfas":103,"reported_pfas_level":103,"total_population":2999,"people_of_color":1337,"people_of_color_pct":44.581527175725242,"white_non_hispanic_pct":55.418472824274758,"black_non_hispanic_pct":8.6695565188396131,"asian_non_hispanic_pct":2.3007669223074356,"hispanic_or_latino_pct":25.308436145381794,"median_household_income":54808}},{"type":"Feature","geometry":{"type":"Point","coordinates":[-122.548055,47.574443]},"properties":{"station_id":558,"tract_geoid":"53035092600","state_fips":"53","state_name":"Washington","county_fips":"035","tract_code":"092600","site_name":"Manchester Laboratory","industry":"Military","matrix":"Groundwater","sample_year":2021,"longitude":-122.548055,"latitude":47.574443,"pfoa":45,"pfos":128,"total_pfas":null,"reported_pfas_level":139,"total_population":6774,"people_of_color":1655,"people_of_color_pct":24.431650428107471,"white_non_hispanic_pct":75.568349571892526,"black_non_hispanic_pct":0.64954236787717745,"asian_non_hispanic_pct":4.3991733097136105,"hispanic_or_latino_pct":10.599350457632124,"median_household_income":125828}},{"type":"Feature","geometry":{"type":"Point","coordinates":[-122.305124,47.526461]},"properties":{"station_id":559,"tract_geoid":"53033010900","state_fips":"53","state_name":"Washington","county_fips":"033","tract_code":"010900","site_name":"Jorgensen Forge Corp","industry":"Industry","matrix":"Groundwater","sample_year":2021,"longitude":-122.305124,"latitude":47.526461,"pfoa":350,"pfos":15000,"total_pfas":19670,"reported_pfas_level":19670,"total_population":1295,"people_of_color":515,"people_of_color_pct":39.768339768339771,"white_non_hispanic_pct":60.231660231660229,"black_non_hispanic_pct":2.77992277992278,"asian_non_hispanic_pct":13.976833976833976,"hispanic_or_latino_pct":10.733590733590734,"median_household_income":79750}},{"type":"Feature","geometry":{"type":"Point","coordinates":[-122.281554,47.894953]},"properties":{"station_id":560,"tract_geoid":"53061041901","state_fips":"53","state_name":"Washington","county_fips":"061","tract_code":"041901","site_name":"Big Gulch Creek Subbasin 9","industry":"Airport","matrix":"Soil","sample_year":2022,"longitude":-122.281554,"latitude":47.894953,"pfoa":0,"pfos":2,"total_pfas":2,"reported_pfas_level":2,"total_population":6681,"people_of_color":4552,"people_of_color_pct":68.1335129471636,"white_non_hispanic_pct":31.8664870528364,"black_non_hispanic_pct":7.6485556054482862,"asian_non_hispanic_pct":31.297709923664122,"hispanic_or_latino_pct":23.619218679838347,"median_household_income":88929}},{"type":"Feature","geometry":{"type":"Point","coordinates":[-122.381605,47.979295]},"properties":{"station_id":561,"tract_geoid":"53029972100","state_fips":"53","state_name":"Washington","county_fips":"029","tract_code":"972100","site_name":"Deer Lake Area PFAS","industry":"Other","matrix":"Groundwater","sample_year":2022,"longitude":-122.381605,"latitude":47.979295,"pfoa":3,"pfos":3,"total_pfas":15,"reported_pfas_level":15,"total_population":4376,"people_of_color":645,"people_of_color_pct":14.739488117001828,"white_non_hispanic_pct":85.260511882998173,"black_non_hispanic_pct":0,"asian_non_hispanic_pct":0.75411334552102371,"hispanic_or_latino_pct":7.7925045703839126,"median_household_income":94183}},{"type":"Feature","geometry":{"type":"Point","coordinates":[-122.045731,47.536604]},"properties":{"station_id":562,"tract_geoid":"53033032103","state_fips":"53","state_name":"Washington","county_fips":"033","tract_code":"032103","site_name":"Issaquah Valley Elementary School \u0026 Dodd Fields Park","industry":"Other","matrix":"Groundwater","sample_year":2022,"longitude":-122.045731,"latitude":47.536604,"pfoa":1,"pfos":85,"total_pfas":null,"reported_pfas_level":85,"total_population":5934,"people_of_color":2419,"people_of_color_pct":40.765082574991574,"white_non_hispanic_pct":59.234917425008426,"black_non_hispanic_pct":3.6063363667003707,"asian_non_hispanic_pct":15.942028985507246,"hispanic_or_latino_pct":6.8082237950792042,"median_household_income":121685}},{"type":"Feature","geometry":{"type":"Point","coordinates":[-122.691182,47.600562]},"properties":{"station_id":563,"tract_geoid":"53035091400","state_fips":"53","state_name":"Washington","county_fips":"035","tract_code":"091400","site_name":"Bremerton NAVBASE","industry":"Military","matrix":"Drinking Water","sample_year":2022,"longitude":-122.691182,"latitude":47.600562,"pfoa":171,"pfos":null,"total_pfas":null,"reported_pfas_level":171,"total_population":3775,"people_of_color":1298,"people_of_color_pct":34.384105960264904,"white_non_hispanic_pct":65.6158940397351,"black_non_hispanic_pct":8.2649006622516552,"asian_non_hispanic_pct":8.3973509933774828,"hispanic_or_latino_pct":6.9139072847682117,"median_household_income":121705}},{"type":"Feature","geometry":{"type":"Point","coordinates":[-122.414145,48.095504]},"properties":{"station_id":564,"tract_geoid":"53029971700","state_fips":"53","state_name":"Washington","county_fips":"029","tract_code":"971700","site_name":"Mabana Area PFAS","industry":"Other","matrix":"Groundwater","sample_year":2022,"longitude":-122.414145,"latitude":48.095504,"pfoa":0,"pfos":0,"total_pfas":204,"reported_pfas_level":204,"total_population":4416,"people_of_color":711,"people_of_color_pct":16.100543478260871,"white_non_hispanic_pct":83.899456521739125,"black_non_hispanic_pct":1.7889492753623188,"asian_non_hispanic_pct":4.0307971014492754,"hispanic_or_latino_pct":2.8079710144927534,"median_household_income":100313}},{"type":"Feature","geometry":{"type":"Point","coordinates":[-122.614648,48.208948]},"properties":{"station_id":565,"tract_geoid":"53029971100","state_fips":"53","state_name":"Washington","county_fips":"029","tract_code":"971100","site_name":"Harrington Lagoon Area","industry":"Other","matrix":"Groundwater","sample_year":2022,"longitude":-122.614648,"latitude":48.208948,"pfoa":3,"pfos":80,"total_pfas":251,"reported_pfas_level":251,"total_population":3682,"people_of_color":401,"people_of_color_pct":10.890820206409559,"white_non_hispanic_pct":89.109179793590442,"black_non_hispanic_pct":0.027159152634437807,"asian_non_hispanic_pct":2.1455730581205867,"hispanic_or_latino_pct":5.4318305268875609,"median_household_income":100313}},{"type":"Feature","geometry":{"type":"Point","coordinates":[-122.718103,47.72215]},"properties":{"station_id":566,"tract_geoid":"53035090300","state_fips":"53","state_name":"Washington","county_fips":"035","tract_code":"090300","site_name":"Naval Base Kitsap-Bangor","industry":"Military","matrix":"Groundwater","sample_year":null,"longitude":-122.718103,"latitude":47.72215,"pfoa":null,"pfos":null,"total_pfas":null,"reported_pfas_level":70,"total_population":6112,"people_of_color":2703,"people_of_color_pct":44.224476439790578,"white_non_hispanic_pct":55.775523560209422,"black_non_hispanic_pct":8.06609947643979,"asian_non_hispanic_pct":2.7814136125654452,"hispanic_or_latino_pct":19.159031413612567,"median_household_income":79918}},{"type":"Feature","geometry":{"type":"Point","coordinates":[-122.043607,47.532268]},"properties":{"station_id":567,"tract_geoid":"53033032103","state_fips":"53","state_name":"Washington","county_fips":"033","tract_code":"032103","site_name":"Eastside Fire Rescue","industry":"Fire Department/Training Facility","matrix":"Groundwater","sample_year":null,"longitude":-122.043607,"latitude":47.532268,"pfoa":null,"pfos":null,"total_pfas":2354,"reported_pfas_level":2354,"total_population":5934,"people_of_color":2419,"people_of_color_pct":40.765082574991574,"white_non_hispanic_pct":59.234917425008426,"black_non_hispanic_pct":3.6063363667003707,"asian_non_hispanic_pct":15.942028985507246,"hispanic_or_latino_pct":6.8082237950792042,"median_household_income":121685}},{"type":"Feature","geometry":{"type":"Point","coordinates":[-122.672257,48.34109]},"properties":{"station_id":568,"tract_geoid":"53029970200","state_fips":"53","state_name":"Washington","county_fips":"029","tract_code":"970200","site_name":"Naval Air Station Whidbey Island","industry":"Military","matrix":"Groundwater","sample_year":null,"longitude":-122.672257,"latitude":48.34109,"pfoa":58500,"pfos":43100,"total_pfas":null,"reported_pfas_level":58922,"total_population":2095,"people_of_color":1292,"people_of_color_pct":61.670644391408118,"white_non_hispanic_pct":38.329355608591882,"black_non_hispanic_pct":9.64200477326969,"asian_non_hispanic_pct":7.7804295942720767,"hispanic_or_latino_pct":30.501193317422434,"median_household_income":42188}},{"type":"Feature","geometry":{"type":"Point","coordinates":[-122.043607,47.532268]},"properties":{"station_id":569,"tract_geoid":"53033032103","state_fips":"53","state_name":"Washington","county_fips":"033","tract_code":"032103","site_name":"Eastside Fire Rescue","industry":"Fire Department/Training Facility","matrix":"Groundwater","sample_year":null,"longitude":-122.043607,"latitude":47.532268,"pfoa":null,"pfos":null,"total_pfas":2354,"reported_pfas_level":2354,"total_population":5934,"people_of_color":2419,"people_of_color_pct":40.765082574991574,"white_non_hispanic_pct":59.234917425008426,"black_non_hispanic_pct":3.6063363667003707,"asian_non_hispanic_pct":15.942028985507246,"hispanic_or_latino_pct":6.8082237950792042,"median_household_income":121685}},{"type":"Feature","geometry":{"type":"Point","coordinates":[-117.64385299999999,47.618258]},"properties":{"station_id":570,"tract_geoid":"53063013800","state_fips":"53","state_name":"Washington","county_fips":"063","tract_code":"013800","site_name":"Fairchild Air Force Base","industry":"Military","matrix":"Groundwater","sample_year":2017,"longitude":-117.64385299999999,"latitude":47.618258,"pfoa":22000,"pfos":150000,"total_pfas":176200,"reported_pfas_level":176200,"total_population":2931,"people_of_color":1002,"people_of_color_pct":34.186284544524057,"white_non_hispanic_pct":65.813715455475943,"black_non_hispanic_pct":9.8601160013647213,"asian_non_hispanic_pct":2.0812009553053565,"hispanic_or_latino_pct":15.796656431252133,"median_household_income":69917}},{"type":"Feature","geometry":{"type":"Point","coordinates":[-122.485732,47.134243]},"properties":{"station_id":571,"tract_geoid":"53053072901","state_fips":"53","state_name":"Washington","county_fips":"053","tract_code":"072901","site_name":"Joint Base Lewis-McChord","industry":"Military","matrix":"Drinking Water","sample_year":2023,"longitude":-122.485732,"latitude":47.134243,"pfoa":null,"pfos":null,"total_pfas":103,"reported_pfas_level":103,"total_population":2999,"people_of_color":1337,"people_of_color_pct":44.581527175725242,"white_non_hispanic_pct":55.418472824274758,"black_non_hispanic_pct":8.6695565188396131,"asian_non_hispanic_pct":2.3007669223074356,"hispanic_or_latino_pct":25.308436145381794,"median_household_income":54808}},{"type":"Feature","geometry":{"type":"Point","coordinates":[-122.672257,48.34109]},"properties":{"station_id":572,"tract_geoid":"53029970200","state_fips":"53","state_name":"Washington","county_fips":"029","tract_code":"970200","site_name":"Naval Air Station Whidbey Island","industry":"Military","matrix":"Groundwater","sample_year":null,"longitude":-122.672257,"latitude":48.34109,"pfoa":58500,"pfos":43100,"total_pfas":null,"reported_pfas_level":58922,"total_population":2095,"people_of_color":1292,"people_of_color_pct":61.670644391408118,"white_non_hispanic_pct":38.329355608591882,"black_non_hispanic_pct":9.64200477326969,"asian_non_hispanic_pct":7.7804295942720767,"hispanic_or_latino_pct":30.501193317422434,"median_household_income":42188}},{"type":"Feature","geometry":{"type":"Point","coordinates":[-123.655274,46.979233]},"properties":{"station_id":573,"tract_geoid":"53027000800","state_fips":"53","state_name":"Washington","county_fips":"027","tract_code":"000800","site_name":"Montesano","industry":"Military","matrix":"Drinking Water","sample_year":2018,"longitude":-123.655274,"latitude":46.979233,"pfoa":null,"pfos":null,"total_pfas":1,"reported_pfas_level":1,"total_population":4490,"people_of_color":765,"people_of_color_pct":17.037861915367483,"white_non_hispanic_pct":82.962138084632514,"black_non_hispanic_pct":0.42316258351893093,"asian_non_hispanic_pct":2.0935412026726059,"hispanic_or_latino_pct":3.0734966592427617,"median_household_income":98020}},{"type":"Feature","geometry":{"type":"Point","coordinates":[-119.305529,47.16546]},"properties":{"station_id":574,"tract_geoid":"53025010800","state_fips":"53","state_name":"Washington","county_fips":"025","tract_code":"010800","site_name":"Moses Lake Wellfield Contamination","industry":"Military","matrix":"Groundwater","sample_year":2016,"longitude":-119.305529,"latitude":47.16546,"pfoa":336,"pfos":348,"total_pfas":1614,"reported_pfas_level":1614,"total_population":5321,"people_of_color":2583,"people_of_color_pct":48.543506859612854,"white_non_hispanic_pct":51.456493140387146,"black_non_hispanic_pct":4.5480172899830862,"asian_non_hispanic_pct":1.5222702499530163,"hispanic_or_latino_pct":36.252584100732946,"median_household_income":45385}},{"type":"Feature","geometry":{"type":"Point","coordinates":[-122.691182,47.600562]},"properties":{"station_id":575,"tract_geoid":"53035091400","state_fips":"53","state_name":"Washington","county_fips":"035","tract_code":"091400","site_name":"Bremerton NAVBASE","industry":"Military","matrix":"Drinking Water","sample_year":2022,"longitude":-122.691182,"latitude":47.600562,"pfoa":171,"pfos":null,"total_pfas":null,"reported_pfas_level":171,"total_population":3775,"people_of_color":1298,"people_of_color_pct":34.384105960264904,"white_non_hispanic_pct":65.6158940397351,"black_non_hispanic_pct":8.2649006622516552,"asian_non_hispanic_pct":8.3973509933774828,"hispanic_or_latino_pct":6.9139072847682117,"median_household_income":121705}},{"type":"Feature","geometry":{"type":"Point","coordinates":[-122.281554,47.894953]},"properties":{"station_id":576,"tract_geoid":"53061041901","state_fips":"53","state_name":"Washington","county_fips":"061","tract_code":"041901","site_name":"Big Gulch Creek Subbasin 9","industry":"Airport","matrix":"Soil","sample_year":2022,"longitude":-122.281554,"latitude":47.894953,"pfoa":0,"pfos":2,"total_pfas":2,"reported_pfas_level":2,"total_population":6681,"people_of_color":4552,"people_of_color_pct":68.1335129471636,"white_non_hispanic_pct":31.8664870528364,"black_non_hispanic_pct":7.6485556054482862,"asian_non_hispanic_pct":31.297709923664122,"hispanic_or_latino_pct":23.619218679838347,"median_household_income":88929}},{"type":"Feature","geometry":{"type":"Point","coordinates":[-122.381605,47.979295]},"properties":{"station_id":577,"tract_geoid":"53029972100","state_fips":"53","state_name":"Washington","county_fips":"029","tract_code":"972100","site_name":"Deer Lake Area PFAS","industry":"Other","matrix":"Groundwater","sample_year":2022,"longitude":-122.381605,"latitude":47.979295,"pfoa":3,"pfos":3,"total_pfas":15,"reported_pfas_level":15,"total_population":4376,"people_of_color":645,"people_of_color_pct":14.739488117001828,"white_non_hispanic_pct":85.260511882998173,"black_non_hispanic_pct":0,"asian_non_hispanic_pct":0.75411334552102371,"hispanic_or_latino_pct":7.7925045703839126,"median_household_income":94183}},{"type":"Feature","geometry":{"type":"Point","coordinates":[-122.614648,48.208948]},"properties":{"station_id":578,"tract_geoid":"53029971100","state_fips":"53","state_name":"Washington","county_fips":"029","tract_code":"971100","site_name":"Harrington Lagoon Area","industry":"Other","matrix":"Groundwater","sample_year":2022,"longitude":-122.614648,"latitude":48.208948,"pfoa":3,"pfos":80,"total_pfas":251,"reported_pfas_level":251,"total_population":3682,"people_of_color":401,"people_of_color_pct":10.890820206409559,"white_non_hispanic_pct":89.109179793590442,"black_non_hispanic_pct":0.027159152634437807,"asian_non_hispanic_pct":2.1455730581205867,"hispanic_or_latino_pct":5.4318305268875609,"median_household_income":100313}},{"type":"Feature","geometry":{"type":"Point","coordinates":[-122.045731,47.536604]},"properties":{"station_id":579,"tract_geoid":"53033032103","state_fips":"53","state_name":"Washington","county_fips":"033","tract_code":"032103","site_name":"Issaquah Valley Elementary School \u0026 Dodd Fields Park","industry":"Other","matrix":"Groundwater","sample_year":2022,"longitude":-122.045731,"latitude":47.536604,"pfoa":1,"pfos":85,"total_pfas":null,"reported_pfas_level":85,"total_population":5934,"people_of_color":2419,"people_of_color_pct":40.765082574991574,"white_non_hispanic_pct":59.234917425008426,"black_non_hispanic_pct":3.6063363667003707,"asian_non_hispanic_pct":15.942028985507246,"hispanic_or_latino_pct":6.8082237950792042,"median_household_income":121685}},{"type":"Feature","geometry":{"type":"Point","coordinates":[-122.305124,47.526461]},"properties":{"station_id":580,"tract_geoid":"53033010900","state_fips":"53","state_name":"Washington","county_fips":"033","tract_code":"010900","site_name":"Jorgensen Forge Corp","industry":"Industry","matrix":"Groundwater","sample_year":2021,"longitude":-122.305124,"latitude":47.526461,"pfoa":350,"pfos":15000,"total_pfas":19670,"reported_pfas_level":19670,"total_population":1295,"people_of_color":515,"people_of_color_pct":39.768339768339771,"white_non_hispanic_pct":60.231660231660229,"black_non_hispanic_pct":2.77992277992278,"asian_non_hispanic_pct":13.976833976833976,"hispanic_or_latino_pct":10.733590733590734,"median_household_income":79750}},{"type":"Feature","geometry":{"type":"Point","coordinates":[-122.414145,48.095504]},"properties":{"station_id":581,"tract_geoid":"53029971700","state_fips":"53","state_name":"Washington","county_fips":"029","tract_code":"971700","site_name":"Mabana Area PFAS","industry":"Other","matrix":"Groundwater","sample_year":2022,"longitude":-122.414145,"latitude":48.095504,"pfoa":0,"pfos":0,"total_pfas":204,"reported_pfas_level":204,"total_population":4416,"people_of_color":711,"people_of_color_pct":16.100543478260871,"white_non_hispanic_pct":83.899456521739125,"black_non_hispanic_pct":1.7889492753623188,"asian_non_hispanic_pct":4.0307971014492754,"hispanic_or_latino_pct":2.8079710144927534,"median_household_income":100313}},{"type":"Feature","geometry":{"type":"Point","coordinates":[-122.04531,47.53661]},"properties":{"station_id":582,"tract_geoid":"53033032103","state_fips":"53","state_name":"Washington","county_fips":"033","tract_code":"032103","site_name":"Rainier Trail","industry":"AFFF","matrix":"Groundwater","sample_year":2020,"longitude":-122.04531,"latitude":47.53661,"pfoa":830,"pfos":21000,"total_pfas":null,"reported_pfas_level":21650,"total_population":5934,"people_of_color":2419,"people_of_color_pct":40.765082574991574,"white_non_hispanic_pct":59.234917425008426,"black_non_hispanic_pct":3.6063363667003707,"asian_non_hispanic_pct":15.942028985507246,"hispanic_or_latino_pct":6.8082237950792042,"median_household_income":121685}},{"type":"Feature","geometry":{"type":"Point","coordinates":[-122.033716,47.531093]},"properties":{"station_id":583,"tract_geoid":"53033032103","state_fips":"53","state_name":"Washington","county_fips":"033","tract_code":"032103","site_name":"Memorial Field","industry":"Fire Department/Training Facility","matrix":"Groundwater","sample_year":2022,"longitude":-122.033716,"latitude":47.531093,"pfoa":1000,"pfos":8600,"total_pfas":9287,"reported_pfas_level":9287,"total_population":5934,"people_of_color":2419,"people_of_color_pct":40.765082574991574,"white_non_hispanic_pct":59.234917425008426,"black_non_hispanic_pct":3.6063363667003707,"asian_non_hispanic_pct":15.942028985507246,"hispanic_or_latino_pct":6.8082237950792042,"median_household_income":121685}},{"type":"Feature","geometry":{"type":"Point","coordinates":[-117.53948,47.624111]},"properties":{"station_id":584,"tract_geoid":"53063013700","state_fips":"53","state_name":"Washington","county_fips":"063","tract_code":"013700","site_name":"Spokane International Airport","industry":"Airport","matrix":"Groundwater","sample_year":2017,"longitude":-117.53948,"latitude":47.624111,"pfoa":350,"pfos":120,"total_pfas":470,"reported_pfas_level":470,"total_population":4069,"people_of_color":1276,"people_of_color_pct":31.359056279184074,"white_non_hispanic_pct":68.640943720815926,"black_non_hispanic_pct":4.4974195133939538,"asian_non_hispanic_pct":1.8432047186040796,"hispanic_or_latino_pct":11.280412877856968,"median_household_income":76286}},{"type":"Feature","geometry":{"type":"Point","coordinates":[-119.114667,46.259702]},"properties":{"station_id":585,"tract_geoid":"53021980100","state_fips":"53","state_name":"Washington","county_fips":"021","tract_code":"980100","site_name":"Tri-County Airport Jet Engine Crash","industry":"Airport","matrix":"Unknown","sample_year":2022,"longitude":-119.114667,"latitude":46.259702,"pfoa":380,"pfos":9500,"total_pfas":18260,"reported_pfas_level":18260,"total_population":0,"people_of_color":0,"people_of_color_pct":null,"white_non_hispanic_pct":null,"black_non_hispanic_pct":null,"asian_non_hispanic_pct":null,"hispanic_or_latino_pct":null,"median_household_income":null}},{"type":"Feature","geometry":{"type":"Point","coordinates":[-120.356517,46.68226]},"properties":{"station_id":586,"tract_geoid":"53077001701","state_fips":"53","state_name":"Washington","county_fips":"077","tract_code":"001701","site_name":"Yakima Training Center","industry":"Military","matrix":"Drinking Water","sample_year":2022,"longitude":-120.356517,"latitude":46.68226,"pfoa":null,"pfos":null,"total_pfas":null,"reported_pfas_level":1650,"total_population":4084,"people_of_color":1534,"people_of_color_pct":37.561214495592559,"white_non_hispanic_pct":62.438785504407441,"black_non_hispanic_pct":0.22037218413320275,"asian_non_hispanic_pct":0.0979431929480901,"hispanic_or_latino_pct":32.590597453476981,"median_household_income":91518}},{"type":"Feature","geometry":{"type":"Point","coordinates":[-122.718103,47.72215]},"properties":{"station_id":587,"tract_geoid":"53035090300","state_fips":"53","state_name":"Washington","county_fips":"035","tract_code":"090300","site_name":"Naval Base Kitsap-Bangor","industry":"Military","matrix":"Groundwater","sample_year":null,"longitude":-122.718103,"latitude":47.72215,"pfoa":null,"pfos":null,"total_pfas":null,"reported_pfas_level":70,"total_population":6112,"people_of_color":2703,"people_of_color_pct":44.224476439790578,"white_non_hispanic_pct":55.775523560209422,"black_non_hispanic_pct":8.06609947643979,"asian_non_hispanic_pct":2.7814136125654452,"hispanic_or_latino_pct":19.159031413612567,"median_household_income":79918}},{"type":"Feature","geometry":{"type":"Point","coordinates":[-122.548055,47.574443]},"properties":{"station_id":588,"tract_geoid":"53035092600","state_fips":"53","state_name":"Washington","county_fips":"035","tract_code":"092600","site_name":"Manchester Laboratory","industry":"Military","matrix":"Groundwater","sample_year":2021,"longitude":-122.548055,"latitude":47.574443,"pfoa":45,"pfos":128,"total_pfas":null,"reported_pfas_level":139,"total_population":6774,"people_of_color":1655,"people_of_color_pct":24.431650428107471,"white_non_hispanic_pct":75.568349571892526,"black_non_hispanic_pct":0.64954236787717745,"asian_non_hispanic_pct":4.3991733097136105,"hispanic_or_latino_pct":10.599350457632124,"median_household_income":125828}},{"type":"Feature","geometry":{"type":"Point","coordinates":[-121.659899,47.453435]},"properties":{"station_id":589,"tract_geoid":"53033032706","state_fips":"53","state_name":"Washington","county_fips":"033","tract_code":"032706","site_name":"WA State Fire Training Academy","industry":"Fire Department/Training Facility","matrix":"Groundwater","sample_year":2022,"longitude":-121.659899,"latitude":47.453435,"pfoa":56,"pfos":520,"total_pfas":1108,"reported_pfas_level":1108,"total_population":2627,"people_of_color":543,"people_of_color_pct":20.669965740388275,"white_non_hispanic_pct":79.330034259611722,"black_non_hispanic_pct":1.7891130567186906,"asian_non_hispanic_pct":4.26341834792539,"hispanic_or_latino_pct":5.44347164065474,"median_household_income":181563}}]}
