"station_id","tract_geoid","state_fips","state_name","county_fips","tract_code","site_name","industry","matrix","sample_year","longitude","latitude","pfoa","pfos","total_pfas","reported_pfas_level","total_population","people_of_color","people_of_color_pct","white_non_hispanic_pct","black_non_hispanic_pct","aian_non_hispanic_pct","asian_non_hispanic_pct","nhpi_non_hispanic_pct","other_race_non_hispanic_pct","multiracial_non_hispanic_pct","hispanic_or_latino_pct","median_household_income"
"1","06073018700","06","California","073","018700","Marine Corps Base Camp Pendleton (South)","Military","Groundwater","2014","-117.320512","33.317842","24",,,"24","40415","21336","52.7922800940245","47.2077199059755","7.19039960410739","1.29654831127057","6.0695286403563","0.358777681553879","1.17035754051713","4.74823704070271","31.9584312755165","67156"
"2","06071980200","06","California","071","980200","George Air Force Base","Military","Groundwater","2015","-117.371395","34.589059","5210","1690","17090","17090","4161","3471","83.4174477289113","16.5825522710887","24.6094688776736","4.42201393895698","3.0761836097092","0.264359528959385","0","0","51.0454217736121",
"3","06047001501","06","California","047","001501","Merced Muni Airport","Airport","Groundwater","2016","-120.515417","37.288328",,,"1","1","2815","2574","91.4387211367673","8.56127886323268","3.97868561278863","6.28774422735346","9.30728241563055","1.6696269982238","0.390763765541741","2.69982238010657","67.1047957371226","80625"
"4","06053011400","06","California","053","011400","Fort Hunter Liggett","Military","Groundwater","2016","-121.23129","36.003606",,"120",,"120","4951","2030","41.0018178145829","58.9981821854171","0.30296909715209","1.21187638860836","1.59563724500101","0","1.27247020803878","4.94849525348414","31.6703696222985","101750"
"5","06071012002","06","California","071","012002","Marine Corps Logistics Base Barstow","Military","Groundwater","2016","-116.954392","34.875791",,,,"138","5361","4240","79.0897220667786","20.9102779332214","22.4398433128148","1.93993657899646","4.14101846670397","0","0.559597090095131","6.65920537213206","43.3501212460362","44798"
"6","06095253300","06","California","095","253300","Naval Support Activity Monterey - Naval Radio Transmitter Facility Dixon","Military","Groundwater","2016","-121.775444","38.384953",,,,"260","3680","1845","50.1358695652174","49.8641304347826","2.96195652173913","0.0815217391304348","1.84782608695652","0","1.03260869565217","5.89673913043478","38.3152173913044","103131"
"7","06071010402","06","California","071","010402","Marine Corps Air Ground Combat Center Twentynine Palms","Military","Groundwater","2016","-116.054128","34.224752",,,,"440","11067","5804","52.4442034878467","47.5557965121533","6.97569350320773","0.424686003433631","2.95473027920846","0.822264389626818","0.11746634137526","6.27089545495618","34.8784675160387","66491"
"8","06059052439","06","California","059","052439","El Toro Marine Corps Air Station","Military","Groundwater","2016","-117.727791","33.66552",,,"102","3826","13687","10102","73.8072623657485","26.1927376342515","0.635639658069701","0.116899247461094","56.7618908453277","0.0876744355958208","0","6.24680353620224","9.95835464309198","174088"
"9","06065046700","06","California","065","046700","March Air Force Base","Military","Groundwater","2016","-117.261733","33.890884",,,,"9666","4388","3684","83.9562443026436","16.0437556973564","10.3008204193254","0","8.40929808568824","0","0.455788514129444","5.99361896080219","58.7967183226983","55476"
"10","06075017903","06","California","075","017903","Naval Station Treasure Island","Military","Groundwater","2016","-122.371174","37.817377",,,,"10750","2429","1719","70.7698641416221","29.2301358583779","17.6615891313298","0","6.17538081515027","0","1.35858377933306","13.5446685878963","32.0296418279127","93269"
"11","06115040902","06","California","115","040902","Beale Air Force Base","Military","Groundwater","2016","-121.359881","39.111504","3100","7100","12600","12600","2242","1039","46.342551293488","53.657448706512","13.3809099018733","0.178412132024978","3.74665477252453","0","0","15.3880463871543","13.6485280999108","60122"
"12","06001428700","06","California","001","428700","Naval Air Station Alameda","Military","Groundwater","2016","-122.312679","37.78274",,,,"336000","5600","4307","76.9107142857143","23.0892857142857","13.1785714285714","0","40.5892857142857","1.625","0.375","5.57142857142857","15.5714285714286","191528"
"13","06037980028","06","California","037","980028","Los Angeles World Airports - Lawa Terminal Two Fuel Hydrant Facility","Airport","Groundwater","2018","-118.404851","33.947116","480","930",,"1330","0","0",,,,,,,,,,
"14","06073011300","06","California","073","011300","Naval Air Station North Island","Military","Groundwater","2018","-117.183048","32.699704","1989","122",,"1989","2304","1245","54.0364583333333","45.9635416666667","13.0642361111111","0.260416666666667","7.72569444444444","1.99652777777778","0","3.21180555555556","27.7777777777778","111397"
"15","06073009400","06","California","073","009400","North Miramar Landfill","Landfill","Groundwater","2018","-117.150802","32.84215","1300","26","3141","3141","4394","2553","58.1019572143832","41.8980427856168","16.0901228948566","0.864815657715066","3.25443786982249","0.318616294947656","0.227583067819754","6.16750113791534","31.1788802913063","89893"
"16","06037123301","06","California","037","123301","Hewitt Landfill","Landfill","Groundwater","2018","-118.396711","34.204876",,,"3548","3548","3842","2757","71.7595002602811","28.2404997397189","4.97136907860489","0","25.0390421655388","0","0.780843310775638","3.0192608016658","37.948984903696","71250"
"17","06037980028","06","California","037","980028","Los Angeles World Airports - National Car Rental (Former Avis)","Airport","Groundwater","2017","-118.387276","33.950748","430","1900","5330","5330","0","0",,,,,,,,,,
"18","06029005700","06","California","029","005700","Edwards Air Force Base","Military","Groundwater","2017","-117.891209","34.924031","17000","260000","300000","300000","2633","1194","45.3475123433346","54.6524876566654","12.6851500189897","0.721610330421572","1.67109760729206","0","0.379794910748196","8.50740600075959","21.3824534751234","93810"
"19","06095980000","06","California","095","980000","Travis Air Force Base","Military","Groundwater","2017","-121.944464","38.262965","140000","780000","833700","833700","0","0",,,,,,,,,,
"20","06067008803","06","California","067","008803","Mather Air Force Base","Military","Groundwater","2017","-121.297211","38.563659",,,,"910000","2203","722","32.7734906945075","67.2265093054925","12.2560145256468","0","2.72355878347708","0","0","3.67680435769405","14.1171130276895","73250"
"21","06047000503","06","California","047","000503","Castle Air Force Base","Military","Groundwater","2017","-120.577909","37.364827","42300","2330000","2598770","2598770","2489","1741","69.9477701888309","30.0522298111691","18.1197267979108","3.25431900361591","2.00883889112093","0","1.92848533547609","1.56689433507433","43.0695058256328","87656"
"22","06053011400","06","California","053","011400","Camp Roberts","Military","Drinking Water","2018","-120.743363","35.798799",,,"2","2","4951","2030","41.0018178145829","58.9981821854171","0.30296909715209","1.21187638860836","1.59563724500101","0","1.27247020803878","4.94849525348414","31.6703696222985","101750"
"23","06077005119","06","California","077","005119","Sharpe Army Depot","Military","Drinking Water","2018","-121.26559","37.853655",,,"44","44","12380","10919","88.1987075928918","11.8012924071082","10.4442649434572","0.977382875605816","45.9693053311793","0","0","8.59450726978998","22.2132471728595","134219"
"24","06077005502","06","California","077","005502","Lawrence Livermore National Laboratories Site 300","Industry","Groundwater","2018","-121.492739","37.641891","3",,"46","46","5279","4526","85.7359348361432","14.2640651638568","3.67493843530972","0","57.7192650123129","1.17446486076909","0","4.07274104944118","19.0945254783103","197083"
"25","06037267600","06","California","037","267600","Hudson Element La","Industry","Groundwater","2018","-118.457811","34.033648","19","2","66","66","2767","1647","59.5229490422841","40.4770509577159","0.93964582580412","0","25.9848211058909","0.505963136971449","2.6743765811348","6.64980122876762","22.7683411637152","89286"
"26","06065043822","06","California","065","043822","Lamb Canyon Landfill","Landfill","Groundwater","2018","-116.994893","33.881629",,,"82","82","3607","2361","65.4560576656501","34.5439423343499","0","0","16.9115608538952","0","0","2.8278347657333","45.7166620460216","136319"
"27","06095250801","06","California","095","250801","Former Naval Shipyard Mare Island","Military","Groundwater","2018","-122.264394","38.0933","124","78",,"124","4762","3441","72.2595548089038","27.7404451910962","19.8446031079378","0","13.6077278454431","0","0.608987820243595","5.45989080218396","32.7383452330953","113933"
"28","06059075518","06","California","059","075518","Marine Corps Air Station Tustin","Military","Groundwater","2016","-117.823927","33.702939",,,,"770000","11153","9290","83.2959741773514","16.7040258226486","3.55061418452434","0.134492961535013","53.6626916524702","0","0","4.82381422038913","21.1243611584327","150565"
"29","06111004305","06","California","111","004305","Naval Construction Battalion Center Port Hueneme","Military","Groundwater","2016","-119.200163","34.16816",,,,"1080000","2193","1059","48.2900136798906","51.7099863201094","8.25353397172823","0","5.47195622435021","0","0","12.266301869585","22.2982216142271","67083"
"30","06029005300","06","California","029","005300","Naval Air Weapons Station China Lake","Military","Groundwater","2016","-117.657437","35.655171",,,,"8000000","2416","1282","53.0629139072848","46.9370860927152","13.7003311258278","0","4.22185430463576","0.869205298013245","0.538079470198676","5.38079470198675","28.3526490066225","58261"
"31","06001450102","06","California","001","450102","Camp Parks","Military","Drinking Water","2017","-121.908691","37.715403",,,"19","19","8425","6550","77.7448071216617","22.2551928783383","6.46884272997033","0.629080118694362","47.513353115727","0.237388724035608","0","5.47181008902077","17.4243323442136","239250"
"32","06071980100","06","California","071","980100","Norton Air Force Base","Military","Groundwater","2017","-117.250846","34.103463","22","19",,"22","3","3","100","0","66.6666666666667","0","0","0","0","0","33.3333333333333",
"33","06037187102","06","California","037","187102","Pollock Remediation Project","Unknown","Groundwater","2017","-118.251","34.11007","12","14","36","36","4615","3841","83.228602383532","16.771397616468","1.23510292524377","0","26.5655471289274","0","0","4.7670639219935","50.6608884073673","91944"
"34","06059074403","06","California","059","074403","Orange County Water District - South Basin","Industry","Groundwater","2017","-117.851622","33.719938","61","3","66","66","4987","4973","99.7192701022659","0.280729897734109","0.701824744335272","0","2.68698616402647","0","0","0","96.3304591939041","70096"
"35","06071002709","06","California","071","002709","ROCKETS, FIREWORKS, AND FLARES SITE","Industry","Groundwater","2017","-117.416567","34.153683",,"78","78","78","7815","6214","79.5137555982086","20.4862444017914","7.93346129238644","0","13.320537428023","0.204734484964811","0.153550863723608","5.70697376839411","52.1944977607166","150194"
"36","06035040600","06","California","035","040600","Sierra Army Depot","Military","Drinking Water","2017","-120.127869","40.146072","33",,"221","221","3640","1704","46.8131868131868","53.1868131868132","8.51648351648352","3.76373626373626","1.86813186813187","0.0549450549450549","0","4.17582417582418","28.4340659340659","46659"
"37","06067007301","06","California","067","007301","McClellan Air Force Base","Military","Groundwater","2017","-121.390048","38.673338",,,,"348","5450","3576","65.6146788990826","34.3853211009174","9.15596330275229","0.275229357798165","9.43119266055046","0","0","10.5871559633028","36.1651376146789","54122"
"38","06059021832","06","California","059","021832","Olinda Alpha Landfill","Landfill","Groundwater","2017","-117.841761","33.932943",,,"360","360","6741","4733","70.212134698116","29.787865301884","2.00267022696929","0","48.7168075953123","0","1.14226375908619","3.66414478564011","14.6862483311081","214491"
"39","06059052430","06","California","059","052430","Bowerman Landfill","Landfill","Groundwater","2017","-117.709872","33.708882",,,"420","420","17078","11673","68.3510949759925","31.6489050240075","0.567982199320764","0","42.259046726783","0.146387164773393","1.48143810750673","9.86649490572667","14.029745871882","184668"
"40","06065042007","06","California","065","042007","El Sobrante Landfill","Landfill","Groundwater","2017","-117.476232","33.797719","610","40","1449","1449","7605","4255","55.9500328731098","44.0499671268902","5.65417488494412","0","6.92965154503616","0","9.62524654832347","3.69493754109139","30.0460223537147","144219"
"41","06037207400","06","California","037","207400","Tujunga Remediation Project","WWTP","Groundwater","2018","-118.250499","34.056915","4",,"8","8","2598","1930","74.2879137798306","25.7120862201694","15.6274056966898","0.384911470361817","22.4403387220939","0","0","4.81139337952271","31.0238645111624","78482"
"42","06019003104","06","California","019","003104","Fresno Air National Guard Base","Military","Groundwater","2018","-119.712675","36.765303","170",,"6470","6470","4775","3561","74.5759162303665","25.4240837696335","4.73298429319372","0.43979057591623","19.5392670157068","0","0","4.87958115183246","44.9842931937173","58438"
"43","06073009400","06","California","073","009400","West Miramar Landfill","Landfill","Groundwater","2018","-117.150114","32.842598","950","59","10634","10634","4394","2553","58.1019572143832","41.8980427856168","16.0901228948566","0.864815657715066","3.25443786982249","0.318616294947656","0.227583067819754","6.16750113791534","31.1788802913063","89893"
"44","06083980200","06","California","083","980200","Vandenberg Air Force Base","Military","Surface Water","2018","-120.57244","34.742027","8200","150000","159300","159300","3452","1554","45.0173812282735","54.9826187717265","8.74855156431054","1.18771726535342","5.01158748551564","0.608342989571263","0","11.7902665121669","17.6709154113557","83929"
"45","06065042401","06","California","065","042401","Badlands Landfill","Landfill","Groundwater","2018","-117.121431","33.950269","25",,"142","142","2056","1298","63.1322957198444","36.8677042801556","0.486381322957198","0.389105058365759","2.77237354085603","0","0.14591439688716","3.55058365758755","55.7879377431907","107500"
"46","06059110015","06","California","059","110015","Joint Force Training Base-Los Alamitos","Military","Drinking Water","2018","-118.054509","33.796711","118","282","982","982","3468","1351","38.9561707035755","61.0438292964245","1.3840830449827","2.04728950403691","11.8223760092272","0","0","1.87427912341407","21.8281430219146","129840"
"47","06027000200","06","California","027","000200","Bishop-Sunland Class III Landfill","Landfill","Groundwater","2019","-118.400774","37.328673",,,"1","1","1820","550","30.2197802197802","69.7802197802198","2.58241758241758","0.494505494505495","0.989010989010989","0.10989010989011","0.21978021978022","4.12087912087912","21.7032967032967","92500"
"48","06025010500","06","California","025","010500","Brawley Class III Waste Management Facility","Landfill","Groundwater","2019","-115.538591","32.998459",,,"1","1","7478","6216","83.1238299010431","16.8761700989569","0","0.361059106713025","1.47098154586788","0","0","0","81.2917892484622","68125"
"49","06025012400","06","California","025","012400","Holtville Class III Waste Management Facility","Landfill","Groundwater","2019","-115.278689","32.848702",,,"1","1","835","300","35.9281437125749","64.0718562874251","23.2335329341317","0","0","0","1.67664670658683","4.4311377245509","6.58682634730539","25978"
"50","06025012400","06","California","025","012400","Picacho Solid Waste Disposal Service","Landfill","Groundwater","2019","-114.618834","32.814504",,"1","2","2","835","300","35.9281437125749","64.0718562874251","23.2335329341317","0","0","0","1.67664670658683","4.4311377245509","6.58682634730539","25978"
"51","06071010300","06","California","071","010300","Baker Class III Landfill","Landfill","Groundwater","2019","-116.057958","35.232059","2",,"2","2","2854","1343","47.0567624386826","52.9432375613174","0.315346881569727","0","6.41205325858444","0","0","5.18570427470217","35.1436580238262","64348"
"52","06081607400","06","California","081","607400","3rd Ave Landfill","Landfill","Groundwater","2019","-122.315183","37.547375",,,"2","2","4662","2499","53.6036036036036","46.3963963963964","0.386100386100386","0.45045045045045","26.9412269412269","2.16645216645217","0.3003003003003","4.5045045045045","18.8545688545689","148194"
"53","06071010700","06","California","071","010700","Needles Waste Management Facility","Landfill","Groundwater","2019","-114.622592","34.791598",,"1","3","3","3621","1780","49.1576912455123","50.8423087544877","4.36343551505109","0.497100248550124","1.07705053852527","0","0","3.86633526650097","39.3537696768848","33554"
"54","06059042205","06","California","059","042205","Prima Deshecha Sanitary Landfill","Landfill","Groundwater","2019","-117.625156","33.486663","1","1","4","4","5336","2072","38.8305847076462","61.1694152923538","0","0","2.60494752623688","0","0","5.13493253373313","31.0907046476762","138824"
"55","06025012301","06","California","025","012301","Ocotillo Waste Management Facility","Landfill","Groundwater","2019","-115.997606","32.772173",,"2","4","4","3994","3458","86.5798698047071","13.4201301952929","13.7456184276415","0.550826239359039","0.625938908362544","0.150225338007011","0.175262894341512","1.17676514772158","70.1552328492739","44750"
"56","06041101100","06","California","041","101100","Redwood Landfill","Landfill","Groundwater","2019","-122.564794","38.166173",,,"4","4","2428","702","28.9126853377265","71.0873146622735","0","0","20.8813838550247","0","0","3.83031301482702","4.20098846787479","208958"
"57","06081601000","06","California","081","601000","Mussel Rock Landfill","Landfill","Groundwater","2019","-122.494458","37.666592","2","2","8","8","7500","6480","86.4","13.6","2.72","0","56.7866666666667","0.946666666666667","5.18666666666667","4.21333333333333","16.5466666666667","126406"
"58","06065046900","06","California","065","046900","Desert Center Sanitary","Landfill","Groundwater","2019","-115.409649","33.777196","1",,"8","8","1804","1266","70.1773835920177","29.8226164079823","5.48780487804878","0","0.277161862527716","0","0","2.93791574279379","61.4745011086475","52311"
"59","06025011901","06","California","025","011901","Calexico Class III Waste Management Facility","Landfill","Groundwater","2019","-115.543588","32.678688","2",,"9","9","1935","1892","97.7777777777778","2.22222222222222","0.41343669250646","0","3.15245478036176","0","0","0","94.2118863049096","79798"
"60","06071010024","06","California","071","010024","Hesperia Class III Landfill","Landfill","Groundwater","2019","-117.350363","34.344608","1","1","10","10","5337","3303","61.8887015177066","38.1112984822934","6.44556867153832","0.131159827618512","0.224845418774592","0","0","5.05902192242833","50.0281056773468","83846"
"61","06039000203","06","California","039","000203","Fairmead Solid Waste Disposal Service","Landfill","Groundwater","2019","-120.197154","37.063652","1",,"10","10","1582","913","57.7117572692794","42.2882427307206","1.64348925410872","0.505689001264222","1.07458912768647","0.0632111251580278","2.02275600505689","2.08596713021492","50.3160556257901","73906"
"62","06025012400","06","California","025","012400","Palo Verde III Waste Management Facility","Landfill","Groundwater","2019","-114.748972","33.391134","3",,"10","10","835","300","35.9281437125749","64.0718562874251","23.2335329341317","0","0","0","1.67664670658683","4.4311377245509","6.58682634730539","25978"
"63","06029006004","06","California","029","006004","Tehachapi Class III Landfill","Landfill","Groundwater","2019","-118.340693","35.122717",,,"10","10","1440","315","21.875","78.125","3.47222222222222","1.18055555555556","0.277777777777778","0","0.347222222222222","5.41666666666667","11.1805555555556","62317"
"64","06053014800","06","California","053","014800","Johnson Canyon Class III Landfill","Landfill","Groundwater","2019","-121.409232","36.531875","2","1","11","11","5831","5426","93.0543646029841","6.94563539701595","0.531641227919739","0","0.377293774652718","0","0","1.08043217286915","91.0649974275425","98897"
"65","06031001200","06","California","031","001200","Hanford Municipal Solid Waste Disposal Service","Landfill","Groundwater","2019","-119.596927","36.302737","1",,"11","11","2444","1215","49.7135842880524","50.2864157119476","2.65957446808511","1.02291325695581","0","0","0.16366612111293","4.95090016366612","40.9165302782324","83250"
"66","06063000100","06","California","063","000100","Gopher Hill Class III Landfill","Landfill","Groundwater","2019","-121.031056","39.953964","5","2","16","16","6089","1078","17.7040564953194","82.2959435046806","2.69338150763672","1.37953686976515","0.21349975365413","0.0164230579733946","0","7.42322220397438","5.97799310231565","83774"
"67","06025010101","06","California","025","010101","Niland III Waste Management Facility","Landfill","Groundwater","2019","-115.49192","33.271298",,"1","16","16","3155","2903","92.0126782884311","7.98732171156894","17.7496038034865","1.45800316957211","2.47226624405705","0.316957210776545","0.412044374009509","1.71156893819334","67.892234548336",
"68","06025012400","06","California","025","012400","Hot Spa Imperial County Landfill","Landfill","Groundwater","2019","-115.670999","33.398546",,,"16","16","835","300","35.9281437125749","64.0718562874251","23.2335329341317","0","0","0","1.67664670658683","4.4311377245509","6.58682634730539","25978"
"69","06065046900","06","California","065","046900","Blythe Class III Waste Management Facility","Landfill","Groundwater","2019","-114.62673","33.70478","1",,"17","17","1804","1266","70.1773835920177","29.8226164079823","5.48780487804878","0","0.277161862527716","0","0","2.93791574279379","61.4745011086475","52311"
"70","06037551102","06","California","037","551102","Downey Industrial Center","Industry","Groundwater","2019","-118.118029","33.93024","2","16",,"17","5388","5054","93.8010393466964","6.19896065330364","5.38233110616184","0","1.74461766889384","0","0.204157386785449","5.15961395694135","81.3103192279139","61713"
"71","06025012301","06","California","025","012301","Salton City Solid Waste Site","Landfill","Groundwater","2019","-115.981388","33.231404",,"1","18","18","3994","3458","86.5798698047071","13.4201301952929","13.7456184276415","0.550826239359039","0.625938908362544","0.150225338007011","0.175262894341512","1.17676514772158","70.1552328492739","44750"
"72","06029005600","06","California","029","005600","Boron Class III Landfill","Landfill","Groundwater","2019","-117.648318","34.990488","1",,"22","22","2698","1813","67.1979243884359","32.8020756115641","7.30170496664196","2.33506300963677","2.85396590066716","0.44477390659748","3.22461082283173","15.7524091919941","35.2853965900667","53170"
"73","06089012702","06","California","089","012702","Intermountain Class III Landfill","Landfill","Groundwater","2019","-121.589533","40.938644",,,"22","22","2750","590","21.4545454545455","78.5454545454545","0.363636363636364","2.29090909090909","1.63636363636364","0","0","3.67272727272727","13.4909090909091","72313"
"74","06107000902","06","California","107","000902","Visalia Solid Waste Disposal Service","Landfill","Groundwater","2019","-119.385547","36.392767",,,"27","27","4430","3344","75.4853273137698","24.5146726862302","0.451467268623025","0.744920993227991","1.46726862302483","0","0","2.84424379232506","69.9774266365689","98542"
"75","06037402403","06","California","037","402403","Spadra Landfill","Landfill","Groundwater","2019","-117.820925","34.047488","1",,"29","29","4826","4176","86.5312888520514","13.4687111479486","2.30004144218815","0.248653128885205","5.07666804807294","0","0.352258599254041","0.994612515540821","77.5590551181102","87536"
"76","06067009307","06","California","067","009307","Elk Grove Class III Landfill","Landfill","Groundwater","2019","-121.35371","38.41485","2",,"29","29","5483","2755","50.2462155754149","49.7537844245851","6.93051249316068","0","15.3200802480394","0","0.218858289257706","8.07951851176363","19.6972460331935","120266"
"77","06073017403","06","California","073","017403","Encinitas II Landfill","Landfill","Groundwater","2019","-117.251173","33.03979",,,"31","31","4730","1065","22.5158562367865","77.4841437632135","0.338266384778013","0","8.13953488372093","0","0.190274841437632","3.02325581395349","10.8245243128964","154886"
"78","06037404402","06","California","037","404402","Azusa Land Reclamation Landfill","Landfill","Groundwater","2019","-117.926877","34.119628","4","2","32","32","4673","4382","93.772736999786","6.227263000214","0.641985876310721","0","9.69398673229189","0","4.85769313075112","1.02717740209715","77.5518938583351","96616"
"79","06037408006","06","California","037","408006","Bkk Class III Landfill","Landfill","Groundwater","2019","-117.899965","34.035352","1",,"33","33","3970","3646","91.8387909319899","8.16120906801008","0.251889168765743","0","40.831234256927","0","0.403022670025189","0.52896725440806","49.823677581864","84130"
"80","06071009134","06","California","071","009134","Adelanto Class III Landfill","Landfill","Groundwater","2019","-117.442755","34.652885","5","2","35","35","871","713","81.8599311136625","18.1400688863375","1.26291618828932","0","0.459242250287026","0.229621125143513","0","0","79.9081515499426","61250"
"81","06071011900","06","California","071","011900","Lenwood-Hinkley Landfill","Landfill","Groundwater","2019","-117.109189","34.943262","4","2","36","36","2371","863","36.3981442429355","63.6018557570645","0.337410375369043","1.47617039223956","0.759173344580346","0","1.22311261071278","3.03669337832138","29.5655841417124","66250"
"82","06071010424","06","California","071","010424","Lucerne Valley Closed Waste Management Facility","Landfill","Groundwater","2019","-116.835801","34.516023","20","2","39","39","1579","535","33.8822039265358","66.1177960734642","6.64977834072198","6.90310322989234","2.21659278024066","0","1.70994300189994","3.73654211526282","12.666244458518","58835"
"83","06067008803","06","California","067","008803","Inactive Rancho Cordova Test Site - Mcdonnell Douglas","Industry","Groundwater","2019","-121.301992","38.568759","11","8","41","41","2203","722","32.7734906945075","67.2265093054925","12.2560145256468","0","2.72355878347708","0","0","3.67680435769405","14.1171130276895","73250"
"84","06071011300","06","California","071","011300","Big Bear Class III Waste Management Facility","Landfill","Groundwater","2019","-116.821768","34.304336","17","4","46","46","1123","284","25.2894033837934","74.7105966162066","0","0","3.38379341050757","0","1.8699910952805","10.5966162065895","9.43900267141585","81833"
"85","06107002701","06","California","107","002701","Balance Rock Solid Waste Disposal Service","Landfill","Groundwater","2019","-118.655689","35.811245",,,"49","49","1354","358","26.4401772525849","73.5598227474151","0.221565731166913","1.55096011816839","0","0","0.221565731166913","4.28360413589365","20.1624815361891","57202"
"86","06037104204","06","California","037","104204","Lopez Canyon Landfill","Landfill","Groundwater","2019","-118.392198","34.293776",,,"52","52","3577","3125","87.363712608331","12.636287391669","4.55689124965054","1.09029913335197","3.46659211629857","0","0","0.810735253005312","77.4391948560246","76250"
"87","06025011100","06","California","025","011100","Imperial County Class III Waste Management Facility","Landfill","Groundwater","2019","-115.682227","32.845942","8","13","57","57","3167","2622","82.7912851278813","17.2087148721187","4.35743605936217","0","1.04199557941269","0","0","11.872434480581","65.5194190085254","68854"
"88","06075980600","06","California","075","980600","HUNTERS POINT NAVAL SHIPYARD","Military","Groundwater","2019","-122.36732","37.72229","21","38","59","59","1295","1057","81.6216216216216","18.3783783783784","22.007722007722","0","36.5250965250965","0","1.6988416988417","7.02702702702703","14.3629343629344","154375"
"89","06073019209","06","California","073","019209","Bonsall Landfill","Landfill","Groundwater","2019","-117.183548","33.249664","15","4","63","63","2792","1097","39.2908309455587","60.7091690544413","4.22636103151862","0","5.73065902578797","0","0.214899713467049","4.2621776504298","24.8567335243553","140417"
"90","06073019105","06","California","073","019105","Valley Center Landfill","Landfill","Groundwater","2019","-117.071809","33.235026","11","5","65","65","7971","3424","42.9557144649354","57.0442855350646","3.29946054447372","1.25454773554134","11.5794755990465","0","0.439091707439468","4.65437209885836","21.728766779576","122109"
"91","06089012303","06","California","089","012303","Anderson Class III Landfill","Landfill","Groundwater","2019","-122.35718","40.414959","4",,"65","65","3923","1393","35.5085393831252","64.4914606168748","0","1.63140453734387","13.4335967371909","0.637267397399949","0","2.11572775936783","17.6905429518226","97941"
"92","06055201005","06","California","055","201005","Napa Pipe, Class II Waste Management Unit","Landfill","Groundwater","2019","-122.283571","38.247911","3",,"66","66","2650","1907","71.9622641509434","28.0377358490566","3.16981132075472","0.30188679245283","22.188679245283","0","0","4.90566037735849","41.3962264150943","103056"
"93","06059042203","06","California","059","042203","Forster Canyon Landfill","Landfill","Groundwater","2019","-117.661503","33.491419","5","9","68","68","9842","2917","29.6382849014428","70.3617150985572","0.863645600487706","0.711237553342816","4.46047551310709","0","1.90002032107295","4.10485673643568","17.5980491769965","137607"
"94","06037901300","06","California","037","901300","Lancaster Class III Landfill & Recycling Center","Landfill","Groundwater","2019","-118.117597","34.744257","7","15","69","69","1840","1275","69.2934782608696","30.7065217391304","1.90217391304348","0","0","0","0","2.5","64.8913043478261","65398"
"95","06037920106","06","California","037","920106","Chiquita Canyon Landfill","Landfill","Groundwater","2019","-118.64655","34.426092","1",,"70","70","3716","2780","74.8116254036598","25.1883745963402","4.14424111948332","0","3.68675995694295","0","0.69967707212056","3.4983853606028","62.7825618945102","137813"
"96","06029006500","06","California","029","006500","Mojave/Rosamond Landfill","Landfill","Groundwater","2019","-118.139018","34.994104","1",,"76","76","3728","2279","61.131974248927","38.868025751073","13.3583690987124","1.28755364806867","3.16523605150215","0.509656652360515","0","10.0321888412017","32.7789699570815","48833"
"97","06037910401","06","California","037","910401","Antelope Valley Public Landfill","Landfill","Groundwater","2019","-118.14984","34.56731","8","5","77","77","5742","4413","76.8547544409613","23.1452455590387","8.65552072448624","0","5.53814002089864","0","1.02751654475792","5.64263322884013","55.9909439219784","87580"
"98","06071010435","06","California","071","010435","Landers Class III Waste Management Facility","Landfill","Groundwater","2019","-116.369275","34.237283","16","4","82","82","1912","616","32.2175732217573","67.7824267782427","3.24267782426778","3.24267782426778","0","0.47071129707113","0","6.11924686192469","19.1422594142259","45313"
"99","06029000914","06","California","029","000914","China Grade Sanitary Landfill","Landfill","Groundwater","2019","-118.928475","35.428546",,,"87","87","4613","3056","66.247561239974","33.752438760026","0.216778668978972","1.34402774766963","10.2969867765012","0","17.6457836548884","0.585302406243226","36.1586819856926","99116"
"100","06107002701","06","California","107","002701","Kennedy Meadows Solid Waste Disposal Service","Landfill","Groundwater","2019","-118.106204","35.990674",,,"98","98","1354","358","26.4401772525849","73.5598227474151","0.221565731166913","1.55096011816839","0","0","0.221565731166913","4.28360413589365","20.1624815361891","57202"
"101","06001450742","06","California","001","450742","Old Pleasanton Landfill","Landfill","Groundwater","2019","-121.839468","37.665387","37","12","101","101","5241","2725","51.9938942949819","48.0061057050181","0.763213127265789","0","37.3211219232971","0","0","5.2470902499523","8.66246899446671","153900"
"102","06073007601","06","California","073","007601","Mission Bay Landfill","Landfill","Groundwater","2019","-117.210039","32.76185","11","44","107","107","1756","220","12.5284738041002","87.4715261958998","0.626423690205011","0.968109339407745","0.398633257403189","2.33485193621868","0","3.98633257403189","4.21412300683371","114034"
"103","06037980010","06","California","037","980010","Bishop'S Canyon Landfill","Landfill","Groundwater","2019","-118.237494","34.08258","3",,"115","115","182","177","97.2527472527473","2.74725274725275","0","0","51.0989010989011","0.549450549450549","0","2.1978021978022","43.4065934065934",
"104","06073003213","06","California","073","003213","Hillsborough Landfill","Landfill","Groundwater","2019","-117.028062","32.691688","8","10","125","125","3984","3660","91.8674698795181","8.13253012048193","22.9417670682731","0","47.464859437751","0","0","2.71084337349398","18.75","137870"
"105","06037121900","06","California","037","121900","Penrose Landfill","Landfill","Groundwater","2019","-118.37947","34.221643","5","17","125","125","2797","2520","90.0965319985699","9.9034680014301","1.17983553807651","0","5.68466213800501","0","0","0","83.2320343224884","56115"
"106","06065941200","06","California","065","941200","Palm Spring International Airport","Airport","Groundwater","2020","-116.508965","33.832098","593",,"26679","26679","2967","823","27.7384563532187","72.2615436467813","2.93225480283114","0.70778564206269","5.59487698011459","0.741489720256151","0.47185709470846","4.41523424334344","12.8749578699023","97250"
"107","06067009201","06","California","067","009201","SACRAMENTO ARMY DEPOT","Military","Groundwater","2023","-121.3958","38.520281","150","240","497","497","6824","5207","76.3042203985932","23.6957796014068","10.5656506447831","0.0293083235638921","32.9425556858148","4.20574443141852","0","3.47303634232122","25.0879249706917","96382"
"108","06085509108","06","California","085","509108","RAYTHEON CORP.","Industry","Groundwater","2023","-122.0533","37.3975","20","40000","40000","40000","4617","3594","77.8427550357375","22.1572449642625","6.30279402209227","0","39.5278319254927","0","0.32488628979857","8.70695256660169","22.9802902317522","219063"
"109","06085504700","06","California","085","504700","Moffett Field Air National Guard Base","Military","Soil","2023","-122.038557","37.406954","120000","1900000",,"2020000","845","479","56.6863905325444","43.3136094674556","3.55029585798817","0","6.98224852071006","13.491124260355","0","12.189349112426","20.4733727810651","194917"
"110","06067005301","06","California","067","005301","28th Street Landfill","Landfill","Groundwater","2019","-121.463705","38.585487","24","40","127","127","2332","1211","51.9296740994854","48.0703259005146","12.9073756432247","0","9.51972555746141","0","0.257289879931389","12.3070325900515","16.9382504288165","94861"
"111","06045010700","06","California","045","010700","Abex Corporation - Remco Hydraulics","Industry","Groundwater","2019","-123.351196","39.402906","38",,"127","127","6775","2944","43.4538745387454","56.5461254612546","0.309963099630996","4.48708487084871","3.36531365313653","0","0.339483394833948","5.90405904059041","29.0479704797048","70781"
"112","06073013308","06","California","073","013308","Former Omar Rendering Landfill","Landfill","Groundwater","2019","-117.04497","32.59369","2","18","128","128","3901","3721","95.3857985132017","4.61420148679826","3.40938220968982","0","7.7416047167393","0","0.0512689054088695","0.435785695975391","83.7477569853884","101979"
"113","06111002905","06","California","111","002905","Oxnard Airport","Airport","Groundwater","2020","-119.21847","34.199921","500","20","37062","37062","5193","4306","82.9193144617755","17.0806855382245","1.40573849412671","0","9.18544194107452","0","0.481417292509147","3.38917773926439","68.4575389948007","132823"
"114","06111002901","06","California","111","002901","Coastal/Santa Clara Landfill","Landfill","Groundwater","2019","-119.208355","34.231674","21","25","132","132","5680","4223","74.3485915492958","25.6514084507042","1.61971830985915","0.316901408450704","9.6830985915493","0.105633802816901","0.299295774647887","5.82746478873239","56.4964788732394","134861"
"115","06097152702","06","California","097","152702","Sonoma County Airport","Airport","Groundwater","2020","-122.810678","38.508193","370","400","38720","38720","4842","1853","38.2693102023957","61.7306897976043","1.46633622470054","0","5.20446096654275","0.0413052457662123","2.72614622057001","6.23709211069806","22.5939694341181","113772"
"116","06073021202","06","California","073","021202","Viejas Sanitary Landfill","Landfill","Groundwater","2019","-116.63958","32.82897","52","2","137","137","3238","937","28.9376158122298","71.0623841877702","0.80296479308215","2.19271155033972","0.277949351451513","0.432365657813465","0.86473131562693","5.68252007411983","18.6843730697962","91597"
"117","06073011602","06","California","073","011602","Duck Pond Landfill","Landfill","Groundwater","2019","-117.098841","32.655946","22","35","139","139","3811","3247","85.2007347152978","14.7992652847022","6.19260036735765","0.55103647336657","8.00314877984781","0","0","0.393597480976122","70.0603516137497","61854"
"118","06073018509","06","California","073","018509","Maxson Street Landfill","Landfill","Groundwater","2019","-117.363338","33.200205","22","44","143","143","5559","4597","82.6947292678539","17.3052707321461","10.1996762007555","0","6.17017449181507","2.23061701744918","0.449721172872819","5.00089944234575","58.6436409426156","71371"
"119","06067005205","06","California","067","005205","L And D Landfill Company","Landfill","Groundwater","2019","-121.38439","38.525418","3","16","144","144","3716","2317","62.3519913885899","37.6480086114101","23.6813778256189","0","4.97847147470398","0.565123789020452","0","5.43595263724435","27.6910656620022","56645"
"120","06085504602","06","California","085","504602","Zanker Road Class III Landfill","Landfill","Groundwater","2019","-121.949059","37.438862","19",,"148","148","1542","1261","81.7769130998703","18.2230869001297","2.14007782101167","0","18.5473411154345","0","0","2.72373540856031","58.3657587548638","121953"
"121","06073017010","06","California","073","017010","Poway Landfill","Landfill","Groundwater","2019","-117.01935","32.96565","20","13","155","155","3113","920","29.5534853838741","70.4465146161259","0.32123353678124","0","7.3562479922904","0.224863475746868","2.76260841631866","7.74172823642788","11.146803726309","214398"
"122","06083003102","06","California","083","003102","Lompoc Solid Waste Disp Site","Landfill","Groundwater","2019","-120.482468","34.629406","39",,"159","159","3019","1598","52.9314342497516","47.0685657502484","0.927459423650215","0.0331235508446505","0.927459423650215","0","0","3.11361377939715","47.9297780722093","109107"
"123","06063000300","06","California","063","000300","Portola Class III Landfill","Landfill","Groundwater","2019","-120.447449","39.825179","66",,"159","159","5439","1621","29.8032726604155","70.1967273395845","0","2.92333149476007","2.51884537598823","0","0","5.38701967273396","18.9740761169333","54420"
"124","06107003401","06","California","107","003401","Teapot Dome Solid Waste Disposal Service","Landfill","Groundwater","2019","-119.107254","36.016506","39","31","162","162","4830","3768","78.0124223602485","21.9875776397516","0.807453416149068","0.165631469979296","6.19047619047619","0","0","0.952380952380952","69.8964803312629","51616"
"125","06037980004","06","California","037","980004","Air Force Plant 42","Military","Groundwater","2019","-118.088878","34.631927","10","8","165","165","0","0",,,,,,,,,,
"126","06079013100","06","California","079","013100","Chicago Grade Landfill Solid Waste Disposal Service","Landfill","Groundwater","2019","-120.631944","35.524221","14",,"167","167","6475","1259","19.4440154440154","80.5559845559846","0.123552123552124","0","0.277992277992278","0","0.540540540540541","4.78764478764479","13.7142857142857","109631"
"127","06035040200","06","California","035","040200","Westwood Class III Landfill","Landfill","Groundwater","2019","-121.022516","40.315434","63",,"173","173","2481","672","27.0858524788392","72.9141475211608","0","7.33575171301894","0","0","0.483675937122128","5.40104796453043","13.8653768641677","65795"
"128","06037121102","06","California","037","121102","Bradley Landfill & Recycling","Landfill","Groundwater","2019","-118.378646","34.240762","12","8","189","189","2436","1586","65.1067323481117","34.8932676518883","2.58620689655172","0","2.01149425287356","0","3.28407224958949","4.80295566502463","52.4220032840722","79743"
"129","06073005602","06","California","073","005602","Balboa Park Landfill","Landfill","Groundwater","2019","-117.142382","32.723013","23","15","191","191","2096","972","46.3740458015267","53.6259541984733","2.09923664122137","0","12.0229007633588","0","1.76526717557252","2.33778625954198","28.1488549618321","104896"
"130","06073003201","06","California","073","003201","Paradise Hills Park Landfill","Landfill","Groundwater","2019","-117.049974","32.68544","16","53","195","195","5335","4758","89.1846298031865","10.8153701968135","14.8641049671978","0.0937207122774133","25.8669165885661","4.47985004686036","0","13.2146204311153","30.6654170571696","83169"
"131","06073016201","06","California","073","016201","Gillespie Landfill","Landfill","Groundwater","2019","-116.983113","32.81877","15","7","224","224","5537","1042","18.8188549756186","81.1811450243814","2.31172114863645","0","0.740473180422612","0.288965143579556","0.216723857684667","5.94184576485461","9.31912588044067","130852"
"132","06073002712","06","California","073","002712","South Chollas Landfill","Landfill","Groundwater","2019","-117.059209","32.736896","18",,"243","243","5309","4809","90.5820305142211","9.41796948577887","19.9849312488228","0","17.2537200979469","0","0.621585986061405","0.979468826521002","51.7423243548691","52688"
"133","06037408402","06","California","037","408402","Puente Hills Landfill","Landfill","Groundwater","2019","-118.024533","34.024491","25","12","245","245","6152","4943","80.3478543563069","19.6521456436931","0.666449934980494","0","20.8875162548765","0","0.0812743823146944","0.487646293888166","58.2249674902471","109828"
"134","06097150612","06","California","097","150612","Petaluma Landfill - Casa Grande","Landfill","Groundwater","2019","-122.608031","38.228914","260","17","0","260","4729","1671","35.3351659970395","64.6648340029605","2.83358003806302","0","4.50412349333897","0","0.718968069359273","5.85747515330937","21.4210192429689","135240"
"135","06021010300","06","California","021","010300","Glenn County Class III Landfill","Landfill","Groundwater","2019","-122.285496","39.634602","120",,"267","267","2196","789","35.9289617486339","64.0710382513661","0.364298724954463","3.09653916211293","0.683060109289617","0","0.546448087431694","2.82331511839709","28.4153005464481","78558"
"136","06067009900","06","California","067","009900","Grand Island Class III Landfil","Landfill","Groundwater","2019","-121.649108","38.174659","66","13","280","280","3808","2416","63.4453781512605","36.5546218487395","0","0","4.28046218487395","0","0.446428571428571","2.4422268907563","56.2762605042017","76034"
"137","06071012105","06","California","071","012105","Apple Valley Municipal Landfill","Landfill","Groundwater","2019","-117.113586","34.500311","190","8","282","282","2760","1194","43.2608695652174","56.7391304347826","2.7536231884058","0.543478260869565","3.3695652173913","0","0.217391304347826","2.7536231884058","33.6231884057971","74453"
"138","06111002905","06","California","111","002905","Bailard Landfill","Landfill","Groundwater","2019","-119.225349","34.229403","25","10","288","288","5193","4306","82.9193144617755","17.0806855382245","1.40573849412671","0","9.18544194107452","0","0.481417292509147","3.38917773926439","68.4575389948007","132823"
"139","06037920326","06","California","037","920326","Sunshine Canyon Landfill","Landfill","Groundwater","2019","-118.51972","34.334468","21","9","314","314","6971","4014","57.5814086931574","42.4185913068426","4.73389757567064","0.860708650121934","23.1674078324487","0","1.00416009180892","4.60479127815235","23.2104432649548","133417"
"140","06063000502","06","California","063","000502","Chester Class III Landfill","Landfill","Groundwater","2019","-121.1376","40.325303","130","12","347","347","2034","290","14.2576204523107","85.7423795476893","0","2.06489675516224","0.147492625368732","0","0.835791543756146","4.22812192723697","6.98131760078663","95045"
"141","06083002211","06","California","083","002211","Santa Maria Regional Waste Management Facility","Landfill","Groundwater","2019","-120.380556","34.949167","10",,"384","384","5894","3714","63.0132337970818","36.9867662029182","1.61180861893451","0.186630471666101","4.29250084832033","0","0","1.44214455378351","55.4801493043773","102589"
"142","06073009400","06","California","073","009400","South Miramar Landfill","Landfill","Groundwater","2019","-117.157825","32.845575","130","79","429","429","4394","2553","58.1019572143832","41.8980427856168","16.0901228948566","0.864815657715066","3.25443786982249","0.318616294947656","0.227583067819754","6.16750113791534","31.1788802913063","89893"
"143","06097152702","06","California","097","152702","Charles M Schulz - Sonoma County","Airport","Groundwater","2020","-122.805765","38.509931","370",,"38720","38720","4842","1853","38.2693102023957","61.7306897976043","1.46633622470054","0","5.20446096654275","0.0413052457662123","2.72614622057001","6.23709211069806","22.5939694341181","113772"
"144","06083002011","06","California","083","002011","Santa Maria Public Airport","Airport","Groundwater","2020","-120.447872","34.899156","169","2920","39535","39535","6017","4500","74.7881003822503","25.2118996177497","0.0997174671763337","0.432109024430779","3.02476317101546","0","0.0997174671763337","2.89180654811368","68.2399867043377","103185"
"145","06077005131","06","California","077","005131","Forward Landfill","Landfill","Groundwater","2020","-121.187656","37.875254","7000","440","55100","55100","6967","4457","63.9730156451844","36.0269843548156","10.6502081240132","0.574135208841682","9.18616334146692","0","1.59322520453567","4.23424716520741","37.7350366011196","92500"
"146","06037980018","06","California","037","980018","Long Beach Airport","Airport","Groundwater","2020","-118.151359","33.816791","7890","21600","174635","174635","0","0",,,,,,,,,,
"147","06037404402","06","California","037","404402","Brothers Plating","Industry","Soil","2020","-117.934732","34.116863","11000","3200000","3743600","3743600","4673","4382","93.772736999786","6.227263000214","0.641985876310721","0","9.69398673229189","0","4.85769313075112","1.02717740209715","77.5518938583351","96616"
"148","06083980000","06","California","083","980000","Santa Barbara Airport","Airport","Groundwater","2020","-119.839884","34.427194","79000","383000","8770829","8770829","0","0",,,,,,,,,,
"149","06059099502","06","California","059","099502","Seal Beach CA WPNSUPFAC","Military","Drinking Water","2021","-118.064189","33.750466","3","5",,"5","584","305","52.2260273972603","47.7739726027397","14.2123287671233","0","5.82191780821918","0","0","6.50684931506849","25.6849315068493","96364"
"150","06037301601","06","California","037","301601","San Fernando Valley (Area 2)","Industry","Groundwater","2021","-118.286","34.163139","3","3",,"6","5513","1507","27.3353890803555","72.6646109196445","0.725557772537638","0","5.53237801559949","0","0","0.852530382731725","20.2249229094867","54469"
"151","06037187102","06","California","037","187102","San Fernando Valley (Area 4)","Industry","Groundwater","2021","-118.2539","34.112081","15","8",,"23","4615","3841","83.228602383532","16.771397616468","1.23510292524377","0","26.5655471289274","0","0","4.7670639219935","50.6608884073673","91944"
"152","06073017112","06","California","073","017112","San Marcos II Sanitary Landfill","Landfill","Groundwater","2019","-117.194309","33.085911","7600","3300","37950","37950","2319","913","39.370418283743","60.629581716257","0.646830530401035","0.517464424320828","14.4890038809832","0","0.86244070720138","7.58947822337214","15.2652005174644","250001"
"153","06013327001","06","California","013","327001","Buchanan Field","Airport","Groundwater","2019","-122.06039","37.98924","3920",,"91100","91100","3572","2062","57.7267637178051","42.2732362821949","7.86674132138858","0.167973124300112","1.23180291153415","0","0.0559910414333707","2.32362821948488","46.0806270996641","102675"
"154","06037980028","06","California","037","980028","Los Angeles International Airport","Airport","Groundwater","2019","-118.40853","33.941589","31000","2800","129452","129452","0","0",,,,,,,,,,
"155","06059062610","06","California","059","062610","John Wayne Airport","Airport","Groundwater","2019","-117.869113","33.676187","13800","1830","145121","145121","13289","6605","49.7027616825946","50.2972383174054","3.31853412596885","0","30.709609451426","0.301000827752276","1.97155542177741","4.83858830611784","8.56347354955226","114347"
"156","06013358000","06","California","013","358000","Shore Terminals Llc Selby Terminal","Industry","Groundwater","2019","-122.248","38.04826","2800","48000","229440","229440","5818","4347","74.7163973874184","25.2836026125816","17.8239944998281","0.120316259883121","12.3066345823307","0","1.90787212100378","3.970436576143","38.5871433482296","80255"
"157","06001409000","06","California","001","409000","Metropolitan Oakland International Airport","Airport","Groundwater","2019","-122.219743","37.712569","4100","170000","283685","283685","4204","4017","95.5518553758325","4.44814462416746","25.2854424357755","0","7.56422454804948","0.404376784015224","0.903901046622265","1.42721217887726","59.9666983824929","75987"
"158","06067007101","06","California","067","007101","Sacramento International Airport","Airport","Groundwater","2019","-121.590065","38.695085","9200","72000","320400","320400","1355","890","65.6826568265683","34.3173431734317","2.28782287822878","0","39.3357933579336","5.53505535055351","0","3.24723247232472","15.2767527675277","192938"
"159","06067001601","06","California","067","001601","Elvas Quarry Landfill","Landfill","Groundwater","2019","-121.43105","38.56053","9200","72000","320400","320400","3199","1080","33.7605501719287","66.2394498280713","1.56298843388559","0","5.15786183182244","0","0","5.37668021256643","21.6630196936543","121250"
"160","06073006200","06","California","073","006200","San Diego International Airport","Airport","Groundwater","2019","-117.187991","32.738456","59700","5960","426304","426304","28","22","78.5714285714286","21.4285714285714","25","53.5714285714286","0","0","0","0","0",
"161","06037980001","06","California","037","980001","Bob Hope","Airport","Soil","2019","-118.35395","34.19666","17000",,"669800","669800","0","0",,,,,,,,,,
"162","06065045618","06","California","065","045618","Oasis Class III Waste Management Facility","Landfill","Soil","2019","-116.079959","33.440392","6300","510000","23058440","23058440","1747","1726","98.7979393245564","1.20206067544362","0.114481969089868","0.801373783629078","2.23239839725243","0","0","1.43102461362335","94.2186605609617","34777"
"163","06049000300","06","California","049","000300","Alturas Class III Landfill","Landfill","Groundwater","2020","-120.568728","41.458858",,,"1","1","2886","554","19.1961191961192","80.8038808038808","0.415800415800416","0.831600831600832","5.02425502425502","0","0","3.74220374220374","9.18225918225918","61696"
"164","06049000400","06","California","049","000400","Cedarville West Solid Waste Disposal Service (Old)","Landfill","Groundwater","2020","-120.052745","41.540194",,,"1","1","1096","240","21.8978102189781","78.1021897810219","0.638686131386861","7.48175182481752","1.0036496350365","0","0","3.1021897810219","9.67153284671533","53493"
"165","06051000101","06","California","051","000101","Chalfant Class III Landfill","Landfill","Groundwater","2020","-118.357649","37.530218",,,"2","2","3532","880","24.9150622876557","75.0849377123443","0","2.74631936579841","0","0","0.962627406568516","3.65232163080408","17.5537938844847","112721"
"166","06077004704","06","California","077","004704","Harney Lane Class III Landfill","Landfill","Groundwater","2020","-121.100573","38.097901",,,"3","3","5575","2264","40.609865470852","59.390134529148","1.04035874439462","0","4.66367713004484","0.322869955156951","0.825112107623318","5.99103139013453","27.7668161434978","125692"
"167","06111004715","06","California","111","004715","Oxnard Advanced Water Purification Facility","WWTP","Groundwater","2020","-119.18395","34.14505",,"1","4","4","4239","3542","83.5574427931116","16.4425572068884","0.377447511205473","0","6.53456003774475","1.3446567586695","0.518990327907525","3.16112290634584","71.6206652512385","85517"
"168","06019003900","06","California","019","003900","American Avenue Municipal Solid Waste Landfill","Landfill","Groundwater","2020","-120.130199","36.661985",,,"4","4","4437","3539","79.7610998422358","20.2389001577643","0.0225377507324769","0","0.766283524904215","0.856434527834122","0","1.03673653369394","77.079107505071","51719"
"169","06111000304","06","California","111","000304","Toland Road Landfill","Landfill","Groundwater","2020","-118.996654","34.403378",,"8","11","11","4492","3517","78.2947462154942","21.7052537845058","0.133570792520036","0","0.712377560106857","0","0","0.422974176313446","77.0258236865539","66471"
"170","06077004704","06","California","077","004704","North Co Sanitary Landfill","Landfill","Groundwater","2020","-121.100484","38.09795",,,"11","11","5575","2264","40.609865470852","59.390134529148","1.04035874439462","0","4.66367713004484","0.322869955156951","0.825112107623318","5.99103139013453","27.7668161434978","125692"
"171","06037980013","06","California","037","980013","Edward C. Little Water Reclamation Plant - West Coast Basin Barrier Project - Expansion Phase III","WWTP","Groundwater","2020","-118.392175","33.909366","4","8","12","12","0","0",,,,,,,,,,
"172","06093001003","06","California","093","001003","Black Butte Class III Landfill","Landfill","Groundwater","2020","-122.343244","41.34973","2",,"14","14","4549","1002","22.0268190811167","77.9731809188833","1.5827654429545","0","2.15431963068806","2.87975379204221","0","7.49615300065949","7.91382721477248","54846"
"173","06079010303","06","California","079","010303","Paso Robles Solid Waste Site","Landfill","Groundwater","2020","-120.533792","35.66305",,,"15","15","3109","1259","40.4953361209392","59.5046638790608","1.57606947571566","0","5.62881955612737","0","0.611128980379543","1.92988099067224","30.7494371180444","101120"
"174","06051000102","06","California","051","000102","Walker Sanitary Landfill","Landfill","Groundwater","2020","-119.456736","38.553963","1",,"20","20","2402","979","40.7577019150708","59.2422980849292","0.374687760199833","1.1240632805995","1.79017485428809","0","0.0416319733555371","2.12323064113239","35.3039134054954","105091"
"175","06103000400","06","California","103","000400","Red Bluff Class III Landfill","Landfill","Groundwater","2020","-122.300502","40.197091","2",,"21","21","5705","1161","20.3505696757231","79.6494303242769","0.0876424189307625","0","1.71779141104294","0","1.05170902716915","5.78439964943032","11.7090271691499","103438"
"176","06037460401","06","California","037","460401","JET PROPULSION LABORATORY (NASA)","Industry","Groundwater","2020","-118.167434","34.201185",,,"32","32","1061","798","75.2120640904807","24.7879359095193","32.0452403393025","0","13.3836003770028","0","0.471253534401508","6.0320452403393","23.2799245994345","125357"
"177","06093001200","06","California","093","001200","Mccloud Class III Landfill","Landfill","Groundwater","2020","-122.122393","41.246293","1","4","39","39","1096","226","20.6204379562044","79.3795620437956","0.638686131386861","1.45985401459854","0.821167883211679","0.547445255474453","0","10.036496350365","7.11678832116788","49926"
"178","06013320001","06","California","013","320001","Acme Fill Land Disposal","Landfill","Groundwater","2020","-122.080816","38.028017","5",,"40","40","3276","1673","51.0683760683761","48.9316239316239","7.17338217338217","0","2.5030525030525","0","0.641025641025641","12.2100122100122","28.5409035409035","98602"
"179","06013392201","06","California","013","392201","Pinole Point Business Park","Landfill","Groundwater","2020","-122.351863","37.998722","5","15","43","43","5257","4838","92.0296747194217","7.97032528057828","18.0140764694693","0.133155792276964","34.867795320525","0","2.70116035761841","4.41316340117938","31.9003233783527","118412"
"180","06037920200","06","California","037","920200","Peter Pitchess Landfill","Landfill","Groundwater","2020","-118.585804","34.462431","6","8","48","48","3604","3189","88.4850166481687","11.5149833518313","21.3928967813541","0","1.80355160932297","0.194228634850166","1.08213096559378","2.02552719200888","61.9866814650388",
"181","06051000102","06","California","051","000102","Bridgeport Class III Landfill","Landfill","Groundwater","2020","-119.218867","38.268896","6","1","52","52","2402","979","40.7577019150708","59.2422980849292","0.374687760199833","1.1240632805995","1.79017485428809","0","0.0416319733555371","2.12323064113239","35.3039134054954","105091"
"182","06013313204","06","California","013","313204","Keller Canyon Landfill","Landfill","Groundwater","2020","-121.934513","38.003989","3",,"67","67","5604","4467","79.7109207708779","20.2890792291221","9.36830835117773","0","12.4018558172734","0.178443968593862","0","6.51320485367595","51.249107780157","91600"
"183","06111008502","06","California","111","008502","Simi Valley Landfill","Landfill","Groundwater","2020","-118.796797","34.294665","2","1","73","73","3578","1497","41.8390162101733","58.1609837898267","0.838457238680827","0","6.98714365567356","0","1.62101732811627","14.8127445500279","17.5796534376747","143194"
"184","06047002100","06","California","047","002100","Billy Wright Solid Waste Landfill","Landfill","Groundwater","2020","-120.973636","37.040172","20",,"91","91","4059","3077","75.8068489775807","24.1931510224193","0","0","3.69549150036955","0","0.5420054200542","3.17812269031781","68.3912293668391","83214"
"185","06085513500","06","California","085","513500","Kirby Canyon Landfill","Landfill","Groundwater","2020","-121.678857","37.184113","5","5","99","99","1009","361","35.7779980178394","64.2220019821605","0.495540138751239","0","8.02775024777007","0","0.991080277502478","0.594648166501487","25.6689791873142","102750"
"186","06047002500","06","California","047","002500","Highway 59 Solid Waste Landfill","Landfill","Groundwater","2020","-120.499975","37.390138","5",,"114","114","2470","1367","55.3441295546559","44.6558704453441","0.769230769230769","0","5.62753036437247","0","0.526315789473684","3.19838056680162","45.2226720647773","107900"
"187","06037650401","06","California","037","650401","Former Amp-Matrix Science Facility","Industry","Groundwater","2020","-118.341202","33.844988","2",,"148","148","4360","2765","63.4174311926606","36.5825688073394","1.55963302752294","0","37.0642201834862","0","0","9.4954128440367","15.2981651376147","142566"
"188","06025011001","06","California","025","011001","Allied (Republic) Imperial Landfill","Landfill","Groundwater","2020","-115.526935","32.855368","36","2","162","162","6566","5961","90.7858665854401","9.21413341455985","1.02040816326531","0.258909533962839","1.0508681084374","0","0","0.106609808102345","88.3490709716722","86672"
"189","06025011001","06","California","025","011001","Imperial Landfill","Landfill","Groundwater","2020","-115.52682","32.85503","36","2","162","162","6566","5961","90.7858665854401","9.21413341455985","1.02040816326531","0.258909533962839","1.0508681084374","0","0","0.106609808102345","88.3490709716722","86672"
"190","06059086402","06","California","059","086402","Ocwd - North Basin","Superfund Site","Groundwater","2020","-117.882737","33.849194","32","72","169","169","6193","4895","79.0408525754885","20.9591474245115","2.1637332472146","0","12.3042144356532","0","0","2.84191829484902","61.7309865977717","133594"
"191","06061022014","06","California","061","022014","Eastern Regional Landfill","Landfill","Groundwater","2020","-120.214519","39.292717","44","3","241","241","1691","151","8.92962743938498","91.070372560615","2.48373743347132","0","0","0","0","1.12359550561798","5.32229450029568","141250"
"192","06067001900","06","California","067","001900","Chrome Craft Facility (Former)","Industry","Groundwater","2020","-121.479687","38.565934","9","2","244","244","3316","1281","38.6308805790109","61.3691194209891","3.49819059107358","0","6.96622436670688","0.211097708082027","1.17611580217129","3.07599517490953","23.7032569360676","90217"
"193","06049000400","06","California","049","000400","Fort Bidwell Solid Waste Disposal Service","Landfill","Groundwater","2020","-120.155129","41.877008","72","6","302","302","1096","240","21.8978102189781","78.1021897810219","0.638686131386861","7.48175182481752","1.0036496350365","0","0","3.1021897810219","9.67153284671533","53493"
"194","06055201900","06","California","055","201900","Clover Flat Landfill","Landfill","Groundwater","2020","-122.533882","38.585342","63",,"319","319","1457","700","48.0439258750858","51.9560741249142","3.01990391214825","0.205902539464653","1.23541523678792","0","0","6.1770761839396","37.4056280027454","134375"
"195","06087122300","06","California","087","122300","Buena Vista Class III Landfill","Landfill","Groundwater","2020","-121.811837","36.920496","82","19","398","398","3804","1603","42.1398527865405","57.8601472134595","0.0262881177707676","0","1.65615141955836","0","0.920084121976867","5.28391167192429","34.2534174553102","103929"
"196","06097152801","06","California","097","152801","Hewlett Packard Valley Site","Industry","Groundwater","2020","-122.739831","38.471964","47","48","418","418","4523","1978","43.7320362591201","56.2679637408799","1.2381162944948","0","3.00685385805881","0","1.63608224629671","7.16338713243422","30.6875967278355","100139"
"197","06067008602","06","California","067","008602","Kiefer Road- Class III Solid Waste Disposal Service","Landfill","Groundwater","2020","-121.194723","38.51467","87",,"441","441","1832","607","33.1331877729258","66.8668122270742","0","0","10.4257641921397","0","0","6.55021834061135","16.1572052401747","93038"
"198","06085511918","06","California","085","511918","Guadalupe Landfill","Landfill","Groundwater","2020","-121.903677","37.21696","29","2","454","454","3243","1968","60.6845513413506","39.3154486586494","0","0.215849522047487","34.6284304656183","0","0.709219858156028","6.8763490595128","18.254702436016","250001"
"199","06073003209","06","California","073","003209","Bell Jr High Landfill","Landfill","Groundwater","2020","-117.040034","32.688205","190",,"469","469","5436","4184","76.9683590875644","23.0316409124356","11.5158204562178","0","32.7814569536424","2.72259013980868","0.0183958793230316","9.98896247240618","19.9411331861663","85700"
"200","06023010400","06","California","023","010400","California Redwood Coast-Humboldt County","Airport","Groundwater","2020","-124.10755","40.97594","17",,"500","500","3828","891","23.2758620689655","76.7241379310345","0","3.18704284221526","2.37722048066876","0","0","11.2330198537095","6.478578892372","82317"
"201","06089010500","06","California","089","010500","City Of Redding Benton Class III Landfill","Landfill","Groundwater","2020","-122.410985","40.571324","190","49","801","801","5025","1176","23.4029850746269","76.5970149253731","0.378109452736318","1.11442786069652","1.13432835820896","0","0","5.21393034825871","15.5621890547264","52662"
"202","06069000802","06","California","069","000802","John Smith Road Class III Landfill","Landfill","Groundwater","2020","-121.326677","36.823737","110",,"913","913","4201","2016","47.9885741490121","52.0114258509879","0.357057843370626","0.0238038562247084","1.57105451083075","2.21375862889788","0.119019281123542","4.92739823851464","38.77648179005","143875"
"203","06079012302","06","California","079","012302","Cold Canyon Landfill Inc.","Landfill","Groundwater","2020","-120.598291","35.18723",,,"974","974","6526","2179","33.3895188476862","66.6104811523138","0","0","0.965369292062519","0","1.47103892123812","7.86086423536623","23.0922463990193","130875"
"204","06001451104","06","California","001","451104","Vasco Rd Sanitary Landfill","Landfill","Groundwater","2020","-121.724762","37.755392","190","91","1278","1278","6474","3548","54.8038307074452","45.1961692925548","6.62650602409639","0.216249613839975","23.8029039233859","0.216249613839975","0.47883843064566","5.18999073215941","18.2730923694779","183846"
"205","06001437101","06","California","001","437101","West Winton Landfill","Landfill","Groundwater","2020","-122.15258","37.642716","88","32","1343","1343","7371","6532","88.617555284222","11.382444715778","3.82580382580383","0","54.0767874101207","3.03893637226971","0.447700447700448","4.8297381630715","22.3985890652557","156462"
"206","06095253501","06","California","095","253501","Recology Hay Road (Formerly Norcal Waste-Hay Road Landfill;  Formerly B&J Landfill)","Landfill","Groundwater","2020","-121.83563","38.310463","384",,"1618","1618","6523","2926","44.8566610455312","55.1433389544688","9.06024835198528","0","6.8373447800092","0","0","1.76299248811896","27.1960754254178","81923"
"207","06071001600","06","California","071","001600","Ontario International Airport","Airport","Groundwater","2020","-117.60853","34.05189","48",,"1802","1802","4773","4666","97.7582233396187","2.24177666038131","0.900900900900901","0","0.43997485857951","0","0","1.44563167818982","94.9717159019485","65188"
"208","06065041415","06","California","065","041415","Corona Sanitary Landfill","Landfill","Groundwater","2020","-117.538623","33.863283","200","34","2072","2072","4210","3117","74.0380047505938","25.9619952494062","1.42517814726841","0","26.270783847981","0","0.190023752969121","1.09263657957245","45.0593824228028","144767"
"209","06051000101","06","California","051","000101","Mammoth Yosemite Airport","Airport","Groundwater","2020","-118.841805","37.627262","27","16","2352","2352","3532","880","24.9150622876557","75.0849377123443","0","2.74631936579841","0","0","0.962627406568516","3.65232163080408","17.5537938844847","112721"
"210","06071012101","06","California","071","012101","Victorville Class III Landfill","Landfill","Groundwater","2020","-117.262337","34.590503","160","3","2761","2761","7399","3520","47.5739964860116","52.4260035139884","12.3935666982025","0","6.4873631571834","0","1.41911069063387","5.28449790512231","21.9894580348696","77143"
"211","06013365002","06","California","013","365002","West Contra Costa Landfill","Landfill","Groundwater","2020","-122.381605","37.971166","1600","360","6042","6042","5114","4830","94.4466171294486","5.55338287055143","10.9112240907313","0","11.5369573719202","4.45834962847086","0","3.42197888150176","64.1181071568244","83587"
"212","06053014302","06","California","053","014302","Monterey Peninsula Class III Landfill","Landfill","Groundwater","2020","-121.77044","36.713798","1400",,"6176","6176","4200","2759","65.6904761904762","34.3095238095238","8.30952380952381","0","12.2857142857143","2.92857142857143","0.547619047619048","6.02380952380952","35.5952380952381","89420"
"213","06079011505","06","California","079","011505","San Luis County Regional Airport","Airport","Groundwater","2020","-120.642013","35.237564","290","610","8232","8232","5040","1624","32.2222222222222","67.7777777777778","2.87698412698413","0.138888888888889","3.92857142857143","0.515873015873016","0.674603174603175","5.1984126984127","18.8888888888889","117695"
"214","06089011502","06","California","089","011502","Redding Municipal Airport","Airport","Groundwater","2020","-122.29967","40.50581","820","5000","11201","11201","2641","343","12.9875047330557","87.0124952669443","0.0378644452858766","0","0","0","0","3.02915562287013","9.92048466489966","70078"
"215","06077004800","06","California","077","004800","Foothill Sanitary Landfill","Landfill","Groundwater","2020","-120.934634","38.035311","1100","56","12055","12055","5333","2336","43.8027376711044","56.1972623288956","1.89386836677292","0","1.38758672417026","0","0","2.34389649353085","38.1773860866304","103284"
"216","06013315000","06","California","013","315000","CONCORD NAVAL WEAPONS STATION","Military","Groundwater","2020","-122","38.049444","2100","11000","14400","14400","3511","2478","70.5781828538878","29.4218171461122","8.94332099117061","0","20.9057248647109","0","0.284819139846198","1.56650526915409","38.877812589006","138875"
"217","06053013300","06","California","053","013300","Monterey Regional Airport","Airport","Groundwater","2020","-121.85028","36.5873","12700","133","18204","18204","5751","3182","55.3295079116675","44.6704920883325","0.434707007476961","0","5.39036689271431","0","4.01669274908711","2.88645452964702","42.6012867327421","97188"
"218","06037300902","06","California","037","300902","Scholl Canyon Landfill","Landfill","Groundwater","2019","-118.195651","34.155856","220","75","4415","4415","2051","661","32.2281813749391","67.7718186250609","0.68259385665529","0","18.6250609458801","0","0","3.70550950755729","9.21501706484642","186250"
"219","06085504602","06","California","085","504602","Highway 237 Landfill","Landfill","Groundwater","2019","-121.980081","37.418038","530","38","4472","4472","1542","1261","81.7769130998703","18.2230869001297","2.14007782101167","0","18.5473411154345","0","0","2.72373540856031","58.3657587548638","121953"
"220","06029005509","06","California","029","005509","Ridgecrest/Inyokern Landfill","Landfill","Groundwater","2019","-117.739105","35.601765","7",,"7352","7352","4737","1524","32.1722609246358","67.8277390753641","4.13763985644923","0","4.45429596791218","0","2.57546970656534","8.76081908380832","12.2440363099008","100144"
"221","06007002200","06","California","007","002200","Neal Rd Class III Landfill","Landfill","Groundwater","2019","-121.730447","39.675815","1100","160","8817","8817","2248","267","11.8772241992883","88.1227758007118","0.400355871886121","0","0.48932384341637","0.934163701067616","0","4.40391459074733","5.64946619217082","94167"
"222","06031001703","06","California","031","001703","Avenal Solid Waste Disposal Service","Landfill","Groundwater","2019","-120.11648","36.008858","1700",,"8983","8983","4970","4813","96.841046277666","3.158953722334","0.724346076458752","0","1.20724346076459","0","0","0","94.9094567404426","60752"
"223","06065044403","06","California","065","044403","Anza Sanitary Landfill","Landfill","Groundwater","2019","-116.627925","33.538476","140",,"10075","10075","3799","2283","60.0947617794156","39.9052382205844","0.184259015530403","0.816004211634641","7.87049223479863","0","1.05290866017373","2.94814424848644","47.2229534087918","77768"
"224","06081984300","06","California","081","984300","San Francisco International Airport","Airport","Groundwater","2019","-122.378955","37.621313","226","1370","12070","12070","0","0",,,,,,,,,,
"225","06073020807","06","California","073","020807","Ramona Sanitary Landfill","Landfill","Groundwater","2019","-116.864005","33.083729","680","9","16486","16486","2950","1134","38.4406779661017","61.5593220338983","0.0677966101694915","0.372881355932203","2.50847457627119","0","2.10169491525424","6.06779661016949","27.3220338983051","128177"
"226","06085505100","06","California","085","505100","San Jose International Airport","Airport","Groundwater","2019","-121.928938","37.363947","585","2190","35053","35053","3993","3275","82.0185324317556","17.9814675682444","3.3809166040571","0","39.8196844477836","0","0","2.854996243426","35.9629351364889","115395"
"227","06037311100","06","California","037","311100","San Fernando Valley (Area 1)","Industry","Groundwater","2025","-118.3514","34.19","4","5",,"9","3923","1994","50.8284476166199","49.1715523833801","0.994137139943921","0","17.2317104256946","0","0","2.03925567167984","30.5633443793016","99806"
"228","06001451103","06","California","001","451103","Lawrence Livermore National Laboratory ","Industry","Groundwater",,"-121.70575","37.687252","3",,,"3","1354","427","31.5361890694239","68.4638109305761","2.36336779911374","1.18168389955687","6.20384047267356","1.99409158050222","0","2.65878877400295","17.1344165435746","250001"
"229","06111004715","06","California","111","004715","Channel Islands","Military","Soil","2021","-119.110471","34.13921","770","24000","25060","25060","4239","3542","83.5574427931116","16.4425572068884","0.377447511205473","0","6.53456003774475","1.3446567586695","0.518990327907525","3.16112290634584","71.6206652512385","85517"
"230","06099000405","06","California","099","000405","RIVERBANK ARMY AMMUNITION PLANT","Military","Groundwater","2022","-120.9181","37.71695","18","10","18","18","2682","1883","70.2087994034303","29.7912005965697","0.969425801640567","0","0.857568978374348","0.298284862043251","0","9.06040268456376","59.0231170768084","59779"
"231","06065044520","06","California","065","044520","Edom Hill Class III Waste Management Facility 01-141","Landfill","Groundwater","2019","-116.434748","33.882016","14",,"520","520","1099","556","50.5914467697907","49.4085532302093","1.63785259326661","0.181983621474067","1.00090991810737","0","0","2.27479526842584","45.4959053685168","84750"
"232","06053014108","06","California","053","014108","Fort Ord","Military","Groundwater","2019","-121.822393","36.656968","8","447",,"560","5200","2962","56.9615384615385","43.0384615384615","3.36538461538462","0","16.4807692307692","0","0.326923076923077","9.19230769230769","27.5961538461538","79931"
"233","06081613501","06","California","081","613501","Ox Mountain (Corinda Los Trancos) Landfill","Landfill","Groundwater","2019","-122.410995","37.491029","33","7","593","593","4379","2268","51.7926467229961","48.2073532770039","0.479561543731446","0","8.17538250742179","0.159853847910482","0","5.36652203699475","37.6113267869377","172869"
"234","06009000124","06","California","009","000124","Rock Creek Landfill","Landfill","Groundwater","2019","-120.841636","38.034788","32",,"598","598","2119","472","22.2746578574799","77.7253421425201","0.424728645587541","0","0","0.188768286927796","0","6.08777725342143","15.5733836715432","98068"
"235","06067005301","06","California","067","005301","Dellar Landfill","Landfill","Groundwater","2019","-121.46975","38.58505","120","87","606","606","2332","1211","51.9296740994854","48.0703259005146","12.9073756432247","0","9.51972555746141","0","0.257289879931389","12.3070325900515","16.9382504288165","94861"
"236","06085503105","06","California","085","503105","Story Road Landfill","Landfill","Groundwater","2019","-121.867023","37.328089","140","110","660","660","2012","1802","89.5626242544732","10.4373757455268","0.0497017892644135","0","62.0775347912525","0","0","1.04373757455268","26.3916500994036","61838"
"237","06089011600","06","California","089","011600","Buckeye Landfill","Landfill","Groundwater","2019","-122.39667","40.67","280","180","764","764","3525","664","18.8368794326241","81.1631205673759","0","0.99290780141844","4.17021276595745","0.226950354609929","0","2.0709219858156","11.3758865248227","75348"
"238","06073013506","06","California","073","013506","Jamacha Sanitary Landfill","Landfill","Groundwater","2019","-116.943629","32.732703","110","58","818","818","4331","2414","55.7377049180328","44.2622950819672","3.64811821750173","0","7.73493419533595","0.484876471946433","2.00877395520665","4.5255137381667","37.3354883398753","111304"
"239","06035040100","06","California","035","040100","Bieber Class III Landfill","Landfill","Groundwater","2019","-121.141229","41.130473","420",,"986","986","1289","315","24.4375484871994","75.5624515128006","3.10318076027929","2.87044220325834","3.41349883630721","0","0","2.48254460822343","12.5678820791311","43239"
"240","06087120200","06","California","087","120200","Santa Cruz Class III Landfill","Landfill","Groundwater","2019","-122.1058","36.9768","110","110","1002","1002","4237","1467","34.6235544016993","65.3764455983007","0.519235308000944","0","3.89426481000708","0","3.25702147746047","6.23082369601133","20.7222091102195","133750"
"241","06073013317","06","California","073","013317","Otay Annex Sanitary Landfill","Landfill","Groundwater","2019","-117.012185","32.601708","95","8","1074","1074","18047","15507","85.9256386102953","14.0743613897047","6.49969524020613","0","32.9583864354186","0","0.58181415193661","2.90352967252175","42.9822131102122","129469"
"242","06037800328","06","California","037","800328","Calabasas Landfill","Landfill","Groundwater","2019","-118.712053","34.147549","33","2","1126","1126","1306","405","31.010719754977","68.989280245023","0","0","15.7733537519142","0","0.765696784073507","3.13935681470138","11.3323124042879","173125"
"243","06073013317","06","California","073","013317","Otay Class 1 Landfill","Landfill","Groundwater","2019","-117.012741","32.605733","38","2","1128","1128","18047","15507","85.9256386102953","14.0743613897047","6.49969524020613","0","32.9583864354186","0","0.58181415193661","2.90352967252175","42.9822131102122","129469"
"244","06073009504","06","California","073","009504","Sycamore Canyon Landfill","Landfill","Groundwater","2019","-117.030204","32.856071","170","53","1155","1155","6428","3032","47.1686372121966","52.8313627878034","2.45799626633479","0","22.8842563783447","0","0.311138767890479","5.94275046670815","15.5724953329185","250001"
"245","06081605400","06","California","081","605400","Burlingame Landfill (Sports Complex)","Landfill","Groundwater","2019","-122.359429","37.59007","480","92","1396","1396","6557","2923","44.578313253012","55.421686746988","0","0.122007015403386","22.0985206649382","0.305017538508464","1.46408418484063","2.79091047735245","17.7977733719689","166972"
"246","06033000702","06","California","033","000702","Eastlake Landfill","Landfill","Groundwater","2019","-122.601741","38.95393","240","18","1493","1493","4586","2785","60.7283035324902","39.2716964675098","0.872219799389446","0.261665939816834","0","0","0","6.99956389010031","52.5948539031836","37765"
"247","06081600100","06","California","081","600100","Brisbane Class II Landfill","Landfill","Groundwater","2019","-122.396967","37.69632","130","330","1568","1568","5295","3222","60.8498583569405","39.1501416430595","0.0188857412653447","0","36.7705382436261","0.28328611898017","0.339943342776204","6.66666666666667","16.7705382436261","156310"
"248","06059063500","06","California","059","063500","Newport Plating","Superfund Site","Groundwater","2019","-117.928722","33.613901","170","1100","1663","1663","5499","1190","21.6402982360429","78.3597017639571","0","0","1.36388434260775","0","0","2.89143480632842","17.3849790871067","143381"
"249","06073022101","06","California","073","022101","Palomar Airport Landfill","Landfill","Groundwater","2019","-117.273322","33.127106","110","180","1807","1807","2514","742","29.5147175815434","70.4852824184566","1.43198090692124","0","5.44948289578361","3.38106603023071","0","15.115354017502","4.13683373110581","190469"
"250","06097151100","06","California","097","151100","Sonoma County Central Solid Waste Disposal Service","Landfill","Groundwater","2019","-122.745544","38.29526","260","17","1831","1831","4897","1361","27.7925260363488","72.2074739636512","1.28650193996324","0","1.18439861139473","0","0","5.00306309985706","20.3185623851338","127713"
"251","06095252702","06","California","095","252702","Solano Class III Disposal","Landfill","Groundwater","2019","-121.975733","38.22859","12","13","1900","1900","7119","5469","76.8225874420565","23.1774125579435","21.4636887203259","0","22.039612305099","1.2220817530552","0.618064334878494","9.74856019103807","21.7305801376598","65833"
"252","06001451104","06","California","001","451104","Altamont Landfill","Landfill","Groundwater","2019","-121.6498","37.749392","400","36","1905","1905","6474","3548","54.8038307074452","45.1961692925548","6.62650602409639","0.216249613839975","23.8029039233859","0.216249613839975","0.47883843064566","5.18999073215941","18.2730923694779","183846"
"253","06081611700","06","California","081","611700","Marsh Road Landfill","Landfill","Groundwater","2019","-122.17233","37.491958","360","120","1907","1907","6627","6044","91.202655802022","8.79734419797797","5.52286102308737","0","19.7072581862079","0","0","3.9082541119662","62.0642824807605","158333"
"254","06115040800","06","California","115","040800","Ostrom Road Landfill","Landfill","Groundwater","2019","-121.384855","39.073853","150","6","2011","2011","4495","1535","34.1490545050056","65.8509454949944","0.0222469410456062","0","1.49054505005562","0","0.444938820912125","13.1479421579533","19.0433815350389","92500"
"255","06043000101","06","California","043","000101","Mariposa County Municipal Solid Waste Landfill","Landfill","Groundwater","2019","-120.0102","37.50128","450",,"2023","2023","3122","822","26.3292761050609","73.6707238949391","1.85778347213325","2.59449071108264","2.49839846252402","0","0.832799487508008","6.50224215246637","12.0435618193466","60536"
"256","06073020029","06","California","073","020029","Bradley Park - Old Linda Vista Landfill","Landfill","Groundwater","2019","-117.201842","33.137987","110","90","2028","2028","7007","5193","74.1116026830313","25.8883973169687","1.74111602683031","0.827743684886542","8.76266590552305","0","0","5.97973455116312","56.8003425146282","77449"
"257","06029003304","06","California","029","003304","Clean Harbors Buttonwillow,Inc","Landfill","Groundwater","2019","-119.61586","35.39896","120","3","2077","2077","2764","1255","45.4052098408104","54.5947901591896","2.85817655571635","0","1.62807525325615","0.253256150506512","0","5.60781476121563","35.0578871201158","92500"
"258","06095252702","06","California","095","252702","Potrero Hills Landfill","Landfill","Groundwater","2019","-121.978126","38.211002","320",,"2122","2122","7119","5469","76.8225874420565","23.1774125579435","21.4636887203259","0","22.039612305099","1.2220817530552","0.618064334878494","9.74856019103807","21.7305801376598","65833"
"259","06037310100","06","California","037","310100","Burbank Landfill","Landfill","Groundwater","2019","-118.313816","34.206782","150",,"2158","2158","5968","1713","28.7030831099196","71.2969168900804","5.09383378016086","0.720509383378016","9.29959785522788","0","0","3.55227882037534","10.0368632707775","171991"
"260","06083002932","06","California","083","002932","Tajiguas Solid Waste Site","Landfill","Groundwater","2019","-120.126538","34.482394","250",,"2222","2222","2342","1261","53.8428693424424","46.1571306575576","1.06746370623399","0.170794192997438","10.5892399658412","0","0.426985482493595","1.66524338172502","39.9231426131511","120250"
"261","06085505010","06","California","085","505010","Santa Clara All Purpose Landfill","Landfill","Groundwater","2019","-121.97234","37.411113","280",,"2298","2298","4756","4015","84.4196804037006","15.5803195962994","3.84777123633305","0","65.0967199327166","0","1.09335576114382","2.64928511354079","11.7325483599664","202663"
"262","06087122300","06","California","087","122300","Watsonville Class III Landfill","Landfill","Groundwater","2019","-121.812354","36.917829","61",,"2364","2364","3804","1603","42.1398527865405","57.8601472134595","0.0262881177707676","0","1.65615141955836","0","0.920084121976867","5.28391167192429","34.2534174553102","103929"
"263","06085504602","06","California","085","504602","Newby Island Landfill","Landfill","Groundwater","2019","-121.943335","37.458801","140","29","2725","2725","1542","1261","81.7769130998703","18.2230869001297","2.14007782101167","0","18.5473411154345","0","0","2.72373540856031","58.3657587548638","121953"
"264","06037980015","06","California","037","980015","DFSP San Pedro","Military","Groundwater",,"-118.297187","33.775384","340","970",,"970","1392","1141","81.9683908045977","18.0316091954023","25","0","13.9367816091954","0","2.1551724137931","6.89655172413793","33.9798850574713","79375"
"265","06013318000","06","California","013","318000","DFSP Ozol","Military","Groundwater",,"-122.163022","38.026588","489","24700",,"24700","3514","1057","30.0796812749004","69.9203187250996","1.22367672168469","0","3.89869095048378","0","0","9.04951622083096","15.907797381901","101947"
"266","06111004600","06","California","111","004600","Naval Air Station Point Mugu CA NAVAIRWARC","Military","Groundwater",,"-119.119092","34.116518","1071530","13407957",,"13407957","1860","766","41.1827956989247","58.8172043010753","5.91397849462366","0.967741935483871","3.49462365591398","0","0","8.44086021505376","22.3655913978495","67460"
"267","06029005300","06","California","029","005300","Naval Air Weapons Station China Lake","Military","Groundwater","2016","-117.657437","35.655171",,,,"8000000","2416","1282","53.0629139072848","46.9370860927152","13.7003311258278","0","4.22185430463576","0.869205298013245","0.538079470198676","5.38079470198675","28.3526490066225","58261"
"268","06053011400","06","California","053","011400","Fort Hunter Liggett","Military","Groundwater","2016","-121.23129","36.003606",,"120",,"120","4951","2030","41.0018178145829","58.9981821854171","0.30296909715209","1.21187638860836","1.59563724500101","0","1.27247020803878","4.94849525348414","31.6703696222985","101750"
"269","06053014108","06","California","053","014108","Fort Ord","Military","Groundwater","2019","-121.822393","36.656968","8","447",,"560","5200","2962","56.9615384615385","43.0384615384615","3.36538461538462","0","16.4807692307692","0","0.326923076923077","9.19230769230769","27.5961538461538","79931"
"270","06073018700","06","California","073","018700","Marine Corps Base Camp Pendleton (South)","Military","Groundwater","2014","-117.320512","33.317842","24",,,"24","40415","21336","52.7922800940245","47.2077199059755","7.19039960410739","1.29654831127057","6.0695286403563","0.358777681553879","1.17035754051713","4.74823704070271","31.9584312755165","67156"
"271","06071012002","06","California","071","012002","Marine Corps Logistics Base Barstow","Military","Groundwater","2016","-116.954392","34.875791",,,,"138","5361","4240","79.0897220667786","20.9102779332214","22.4398433128148","1.93993657899646","4.14101846670397","0","0.559597090095131","6.65920537213206","43.3501212460362","44798"
"272","06075017903","06","California","075","017903","Naval Station Treasure Island","Military","Groundwater","2016","-122.371174","37.817377",,,,"10750","2429","1719","70.7698641416221","29.2301358583779","17.6615891313298","0","6.17538081515027","0","1.35858377933306","13.5446685878963","32.0296418279127","93269"
"273","06065046700","06","California","065","046700","March Air Force Base","Military","Groundwater","2016","-117.261733","33.890884",,,,"9666","4388","3684","83.9562443026436","16.0437556973564","10.3008204193254","0","8.40929808568824","0","0.455788514129444","5.99361896080219","58.7967183226983","55476"
"274","06095253300","06","California","095","253300","Naval Support Activity Monterey - Naval Radio Transmitter Facility Dixon","Military","Groundwater","2016","-121.775444","38.384953",,,,"260","3680","1845","50.1358695652174","49.8641304347826","2.96195652173913","0.0815217391304348","1.84782608695652","0","1.03260869565217","5.89673913043478","38.3152173913044","103131"
"275","06001428700","06","California","001","428700","Naval Air Station Alameda","Military","Groundwater","2016","-122.312679","37.78274",,,,"336000","5600","4307","76.9107142857143","23.0892857142857","13.1785714285714","0","40.5892857142857","1.625","0.375","5.57142857142857","15.5714285714286","191528"
"276","06111004305","06","California","111","004305","Naval Construction Battalion Center Port Hueneme","Military","Groundwater","2016","-119.200163","34.16816",,,,"1080000","2193","1059","48.2900136798906","51.7099863201094","8.25353397172823","0","5.47195622435021","0","0","12.266301869585","22.2982216142271","67083"
"277","06059052439","06","California","059","052439","El Toro Marine Corps Air Station","Military","Groundwater","2016","-117.727791","33.66552",,,"102","3826","13687","10102","73.8072623657485","26.1927376342515","0.635639658069701","0.116899247461094","56.7618908453277","0.0876744355958208","0","6.24680353620224","9.95835464309198","174088"
"278","06059075518","06","California","059","075518","Marine Corps Air Station Tustin","Military","Groundwater","2016","-117.823927","33.702939",,,,"770000","11153","9290","83.2959741773514","16.7040258226486","3.55061418452434","0.134492961535013","53.6626916524702","0","0","4.82381422038913","21.1243611584327","150565"
"279","06071010402","06","California","071","010402","Marine Corps Air Ground Combat Center Twentynine Palms","Military","Groundwater","2016","-116.054128","34.224752",,,,"440","11067","5804","52.4442034878467","47.5557965121533","6.97569350320773","0.424686003433631","2.95473027920846","0.822264389626818","0.11746634137526","6.27089545495618","34.8784675160387","66491"
"280","06067008803","06","California","067","008803","Mather Air Force Base","Military","Groundwater","2017","-121.297211","38.563659",,,,"910000","2203","722","32.7734906945075","67.2265093054925","12.2560145256468","0","2.72355878347708","0","0","3.67680435769405","14.1171130276895","73250"
"281","06115040902","06","California","115","040902","Beale Air Force Base","Military","Groundwater","2016","-121.359881","39.111504","3100","7100","12600","12600","2242","1039","46.342551293488","53.657448706512","13.3809099018733","0.178412132024978","3.74665477252453","0","0","15.3880463871543","13.6485280999108","60122"
"282","06095980000","06","California","095","980000","Travis Air Force Base","Military","Groundwater","2017","-121.944464","38.262965","140000","780000","833700","833700","0","0",,,,,,,,,,
"283","06047000503","06","California","047","000503","Castle Air Force Base","Military","Groundwater","2017","-120.577909","37.364827","42300","2330000","2598770","2598770","2489","1741","69.9477701888309","30.0522298111691","18.1197267979108","3.25431900361591","2.00883889112093","0","1.92848533547609","1.56689433507433","43.0695058256328","87656"
"284","06071980200","06","California","071","980200","George Air Force Base","Military","Groundwater","2015","-117.371395","34.589059","5210","1690","17090","17090","4161","3471","83.4174477289113","16.5825522710887","24.6094688776736","4.42201393895698","3.0761836097092","0.264359528959385","0","0","51.0454217736121",
"285","06067007301","06","California","067","007301","McClellan Air Force Base","Military","Groundwater","2017","-121.390048","38.673338",,,,"348","5450","3576","65.6146788990826","34.3853211009174","9.15596330275229","0.275229357798165","9.43119266055046","0","0","10.5871559633028","36.1651376146789","54122"
"286","06029005700","06","California","029","005700","Edwards Air Force Base","Military","Groundwater","2017","-117.891209","34.924031","17000","260000","300000","300000","2633","1194","45.3475123433346","54.6524876566654","12.6851500189897","0.721610330421572","1.67109760729206","0","0.379794910748196","8.50740600075959","21.3824534751234","93810"
"287","06071980100","06","California","071","980100","Norton Air Force Base","Military","Groundwater","2017","-117.250846","34.103463","22","19",,"22","3","3","100","0","66.6666666666667","0","0","0","0","0","33.3333333333333",
"288","06083980200","06","California","083","980200","Vandenberg Air Force Base","Military","Surface Water","2018","-120.57244","34.742027","8200","150000","159300","159300","3452","1554","45.0173812282735","54.9826187717265","8.74855156431054","1.18771726535342","5.01158748551564","0.608342989571263","0","11.7902665121669","17.6709154113557","83929"
"289","06053011400","06","California","053","011400","Camp Roberts","Military","Drinking Water","2018","-120.743363","35.798799",,,"2","2","4951","2030","41.0018178145829","58.9981821854171","0.30296909715209","1.21187638860836","1.59563724500101","0","1.27247020803878","4.94849525348414","31.6703696222985","101750"
"290","06059110015","06","California","059","110015","Joint Force Training Base-Los Alamitos","Military","Drinking Water","2018","-118.054509","33.796711","118","282","982","982","3468","1351","38.9561707035755","61.0438292964245","1.3840830449827","2.04728950403691","11.8223760092272","0","0","1.87427912341407","21.8281430219146","129840"
"291","06065941200","06","California","065","941200","Palm Spring International Airport","Airport","Groundwater","2020","-116.508965","33.832098","593",,"26679","26679","2967","823","27.7384563532187","72.2615436467813","2.93225480283114","0.70778564206269","5.59487698011459","0.741489720256151","0.47185709470846","4.41523424334344","12.8749578699023","97250"
"292","06001450102","06","California","001","450102","Camp Parks","Military","Drinking Water","2017","-121.908691","37.715403",,,"19","19","8425","6550","77.7448071216617","22.2551928783383","6.46884272997033","0.629080118694362","47.513353115727","0.237388724035608","0","5.47181008902077","17.4243323442136","239250"
"293","06035040600","06","California","035","040600","Sierra Army Depot","Military","Drinking Water","2017","-120.127869","40.146072","33",,"221","221","3640","1704","46.8131868131868","53.1868131868132","8.51648351648352","3.76373626373626","1.86813186813187","0.0549450549450549","0","4.17582417582418","28.4340659340659","46659"
"294","06077005119","06","California","077","005119","Sharpe Army Depot","Military","Drinking Water","2018","-121.26559","37.853655",,,"44","44","12380","10919","88.1987075928918","11.8012924071082","10.4442649434572","0.977382875605816","45.9693053311793","0","0","8.59450726978998","22.2132471728595","134219"
"295","06037980004","06","California","037","980004","Air Force Plant 42","Military","Groundwater","2019","-118.088878","34.631927","10","8","165","165","0","0",,,,,,,,,,
"296","06013318000","06","California","013","318000","DFSP Ozol","Military","Groundwater",,"-122.163022","38.026588","489","24700",,"24700","3514","1057","30.0796812749004","69.9203187250996","1.22367672168469","0","3.89869095048378","0","0","9.04951622083096","15.907797381901","101947"
"297","06037980015","06","California","037","980015","DFSP San Pedro","Military","Groundwater",,"-118.297187","33.775384","340","970",,"970","1392","1141","81.9683908045977","18.0316091954023","25","0","13.9367816091954","0","2.1551724137931","6.89655172413793","33.9798850574713","79375"
"298","06095250801","06","California","095","250801","Former Naval Shipyard Mare Island","Military","Groundwater","2018","-122.264394","38.0933","124","78",,"124","4762","3441","72.2595548089038","27.7404451910962","19.8446031079378","0","13.6077278454431","0","0.608987820243595","5.45989080218396","32.7383452330953","113933"
"299","06019003104","06","California","019","003104","Fresno Air National Guard Base","Military","Groundwater","2018","-119.712675","36.765303","170",,"6470","6470","4775","3561","74.5759162303665","25.4240837696335","4.73298429319372","0.43979057591623","19.5392670157068","0","0","4.87958115183246","44.9842931937173","58438"
"300","06085504700","06","California","085","504700","Moffett Field Air National Guard Base","Military","Soil","2023","-122.038557","37.406954","120000","1900000",,"2020000","845","479","56.6863905325444","43.3136094674556","3.55029585798817","0","6.98224852071006","13.491124260355","0","12.189349112426","20.4733727810651","194917"
"301","06073011300","06","California","073","011300","Naval Air Station North Island","Military","Groundwater","2018","-117.183048","32.699704","1989","122",,"1989","2304","1245","54.0364583333333","45.9635416666667","13.0642361111111","0.260416666666667","7.72569444444444","1.99652777777778","0","3.21180555555556","27.7777777777778","111397"
"302","06111004600","06","California","111","004600","Naval Air Station Point Mugu CA NAVAIRWARC","Military","Groundwater",,"-119.119092","34.116518","1071530","13407957",,"13407957","1860","766","41.1827956989247","58.8172043010753","5.91397849462366","0.967741935483871","3.49462365591398","0","0","8.44086021505376","22.3655913978495","67460"
"303","06001451103","06","California","001","451103","Lawrence Livermore National Laboratory ","Industry","Groundwater",,"-121.70575","37.687252","3",,,"3","1354","427","31.5361890694239","68.4638109305761","2.36336779911374","1.18168389955687","6.20384047267356","1.99409158050222","0","2.65878877400295","17.1344165435746","250001"
"304","06111004715","06","California","111","004715","Channel Islands","Military","Soil","2021","-119.110471","34.13921","770","24000","25060","25060","4239","3542","83.5574427931116","16.4425572068884","0.377447511205473","0","6.53456003774475","1.3446567586695","0.518990327907525","3.16112290634584","71.6206652512385","85517"
"305","06013315000","06","California","013","315000","CONCORD NAVAL WEAPONS STATION","Military","Groundwater","2020","-122","38.049444","2100","11000","14400","14400","3511","2478","70.5781828538878","29.4218171461122","8.94332099117061","0","20.9057248647109","0","0.284819139846198","1.56650526915409","38.877812589006","138875"
"306","06075980600","06","California","075","980600","HUNTERS POINT NAVAL SHIPYARD","Military","Groundwater","2019","-122.36732","37.72229","21","38","59","59","1295","1057","81.6216216216216","18.3783783783784","22.007722007722","0","36.5250965250965","0","1.6988416988417","7.02702702702703","14.3629343629344","154375"
"307","06037460401","06","California","037","460401","JET PROPULSION LABORATORY (NASA)","Industry","Groundwater","2020","-118.167434","34.201185",,,"32","32","1061","798","75.2120640904807","24.7879359095193","32.0452403393025","0","13.3836003770028","0","0.471253534401508","6.0320452403393","23.2799245994345","125357"
"308","06085509108","06","California","085","509108","RAYTHEON CORP.","Industry","Groundwater","2023","-122.0533","37.3975","20","40000","40000","40000","4617","3594","77.8427550357375","22.1572449642625","6.30279402209227","0","39.5278319254927","0","0.32488628979857","8.70695256660169","22.9802902317522","219063"
"309","06099000405","06","California","099","000405","RIVERBANK ARMY AMMUNITION PLANT","Military","Groundwater","2022","-120.9181","37.71695","18","10","18","18","2682","1883","70.2087994034303","29.7912005965697","0.969425801640567","0","0.857568978374348","0.298284862043251","0","9.06040268456376","59.0231170768084","59779"
"310","06071002709","06","California","071","002709","ROCKETS, FIREWORKS, AND FLARES SITE","Industry","Groundwater","2017","-117.416567","34.153683",,"78","78","78","7815","6214","79.5137555982086","20.4862444017914","7.93346129238644","0","13.320537428023","0.204734484964811","0.153550863723608","5.70697376839411","52.1944977607166","150194"
"311","06067009201","06","California","067","009201","SACRAMENTO ARMY DEPOT","Military","Groundwater","2023","-121.3958","38.520281","150","240","497","497","6824","5207","76.3042203985932","23.6957796014068","10.5656506447831","0.0293083235638921","32.9425556858148","4.20574443141852","0","3.47303634232122","25.0879249706917","96382"
"312","06037311100","06","California","037","311100","San Fernando Valley (Area 1)","Industry","Groundwater","2025","-118.3514","34.19","4","5",,"9","3923","1994","50.8284476166199","49.1715523833801","0.994137139943921","0","17.2317104256946","0","0","2.03925567167984","30.5633443793016","99806"
"313","06037301601","06","California","037","301601","San Fernando Valley (Area 2)","Industry","Groundwater","2021","-118.286","34.163139","3","3",,"6","5513","1507","27.3353890803555","72.6646109196445","0.725557772537638","0","5.53237801559949","0","0","0.852530382731725","20.2249229094867","54469"
"314","06037187102","06","California","037","187102","San Fernando Valley (Area 4)","Industry","Groundwater","2021","-118.2539","34.112081","15","8",,"23","4615","3841","83.228602383532","16.771397616468","1.23510292524377","0","26.5655471289274","0","0","4.7670639219935","50.6608884073673","91944"
"315","06059099502","06","California","059","099502","Seal Beach CA WPNSUPFAC","Military","Drinking Water","2021","-118.064189","33.750466","3","5",,"5","584","305","52.2260273972603","47.7739726027397","14.2123287671233","0","5.82191780821918","0","0","6.50684931506849","25.6849315068493","96364"
"316","06067005301","06","California","067","005301","28th Street Landfill","Landfill","Groundwater","2019","-121.463705","38.585487","24","40","127","127","2332","1211","51.9296740994854","48.0703259005146","12.9073756432247","0","9.51972555746141","0","0.257289879931389","12.3070325900515","16.9382504288165","94861"
"317","06081607400","06","California","081","607400","3rd Ave Landfill","Landfill","Groundwater","2019","-122.315183","37.547375",,,"2","2","4662","2499","53.6036036036036","46.3963963963964","0.386100386100386","0.45045045045045","26.9412269412269","2.16645216645217","0.3003003003003","4.5045045045045","18.8545688545689","148194"
"318","06045010700","06","California","045","010700","Abex Corporation - Remco Hydraulics","Industry","Groundwater","2019","-123.351196","39.402906","38",,"127","127","6775","2944","43.4538745387454","56.5461254612546","0.309963099630996","4.48708487084871","3.36531365313653","0","0.339483394833948","5.90405904059041","29.0479704797048","70781"
"319","06013320001","06","California","013","320001","Acme Fill Land Disposal","Landfill","Groundwater","2020","-122.080816","38.028017","5",,"40","40","3276","1673","51.0683760683761","48.9316239316239","7.17338217338217","0","2.5030525030525","0","0.641025641025641","12.2100122100122","28.5409035409035","98602"
"320","06071009134","06","California","071","009134","Adelanto Class III Landfill","Landfill","Groundwater","2019","-117.442755","34.652885","5","2","35","35","871","713","81.8599311136625","18.1400688863375","1.26291618828932","0","0.459242250287026","0.229621125143513","0","0","79.9081515499426","61250"
"321","06025011001","06","California","025","011001","Allied (Republic) Imperial Landfill","Landfill","Groundwater","2020","-115.526935","32.855368","36","2","162","162","6566","5961","90.7858665854401","9.21413341455985","1.02040816326531","0.258909533962839","1.0508681084374","0","0","0.106609808102345","88.3490709716722","86672"
"322","06001451104","06","California","001","451104","Altamont Landfill","Landfill","Groundwater","2019","-121.6498","37.749392","400","36","1905","1905","6474","3548","54.8038307074452","45.1961692925548","6.62650602409639","0.216249613839975","23.8029039233859","0.216249613839975","0.47883843064566","5.18999073215941","18.2730923694779","183846"
"323","06049000300","06","California","049","000300","Alturas Class III Landfill","Landfill","Groundwater","2020","-120.568728","41.458858",,,"1","1","2886","554","19.1961191961192","80.8038808038808","0.415800415800416","0.831600831600832","5.02425502425502","0","0","3.74220374220374","9.18225918225918","61696"
"324","06019003900","06","California","019","003900","American Avenue Municipal Solid Waste Landfill","Landfill","Groundwater","2020","-120.130199","36.661985",,,"4","4","4437","3539","79.7610998422358","20.2389001577643","0.0225377507324769","0","0.766283524904215","0.856434527834122","0","1.03673653369394","77.079107505071","51719"
"325","06089012303","06","California","089","012303","Anderson Class III Landfill","Landfill","Groundwater","2019","-122.35718","40.414959","4",,"65","65","3923","1393","35.5085393831252","64.4914606168748","0","1.63140453734387","13.4335967371909","0.637267397399949","0","2.11572775936783","17.6905429518226","97941"
"326","06037910401","06","California","037","910401","Antelope Valley Public Landfill","Landfill","Groundwater","2019","-118.14984","34.56731","8","5","77","77","5742","4413","76.8547544409613","23.1452455590387","8.65552072448624","0","5.53814002089864","0","1.02751654475792","5.64263322884013","55.9909439219784","87580"
"327","06065044403","06","California","065","044403","Anza Sanitary Landfill","Landfill","Groundwater","2019","-116.627925","33.538476","140",,"10075","10075","3799","2283","60.0947617794156","39.9052382205844","0.184259015530403","0.816004211634641","7.87049223479863","0","1.05290866017373","2.94814424848644","47.2229534087918","77768"
"328","06071012105","06","California","071","012105","Apple Valley Municipal Landfill","Landfill","Groundwater","2019","-117.113586","34.500311","190","8","282","282","2760","1194","43.2608695652174","56.7391304347826","2.7536231884058","0.543478260869565","3.3695652173913","0","0.217391304347826","2.7536231884058","33.6231884057971","74453"
"329","06073005602","06","California","073","005602","Balboa Park Landfill","Landfill","Groundwater","2019","-117.142382","32.723013","23","15","191","191","2096","972","46.3740458015267","53.6259541984733","2.09923664122137","0","12.0229007633588","0","1.76526717557252","2.33778625954198","28.1488549618321","104896"
"330","06031001703","06","California","031","001703","Avenal Solid Waste Disposal Service","Landfill","Groundwater","2019","-120.11648","36.008858","1700",,"8983","8983","4970","4813","96.841046277666","3.158953722334","0.724346076458752","0","1.20724346076459","0","0","0","94.9094567404426","60752"
"331","06037404402","06","California","037","404402","Azusa Land Reclamation Landfill","Landfill","Groundwater","2019","-117.926877","34.119628","4","2","32","32","4673","4382","93.772736999786","6.227263000214","0.641985876310721","0","9.69398673229189","0","4.85769313075112","1.02717740209715","77.5518938583351","96616"
"332","06065042401","06","California","065","042401","Badlands Landfill","Landfill","Groundwater","2018","-117.121431","33.950269","25",,"142","142","2056","1298","63.1322957198444","36.8677042801556","0.486381322957198","0.389105058365759","2.77237354085603","0","0.14591439688716","3.55058365758755","55.7879377431907","107500"
"333","06111002905","06","California","111","002905","Bailard Landfill","Landfill","Groundwater","2019","-119.225349","34.229403","25","10","288","288","5193","4306","82.9193144617755","17.0806855382245","1.40573849412671","0","9.18544194107452","0","0.481417292509147","3.38917773926439","68.4575389948007","132823"
"334","06071010300","06","California","071","010300","Baker Class III Landfill","Landfill","Groundwater","2019","-116.057958","35.232059","2",,"2","2","2854","1343","47.0567624386826","52.9432375613174","0.315346881569727","0","6.41205325858444","0","0","5.18570427470217","35.1436580238262","64348"
"335","06107002701","06","California","107","002701","Balance Rock Solid Waste Disposal Service","Landfill","Groundwater","2019","-118.655689","35.811245",,,"49","49","1354","358","26.4401772525849","73.5598227474151","0.221565731166913","1.55096011816839","0","0","0.221565731166913","4.28360413589365","20.1624815361891","57202"
"336","06073003209","06","California","073","003209","Bell Jr High Landfill","Landfill","Groundwater","2020","-117.040034","32.688205","190",,"469","469","5436","4184","76.9683590875644","23.0316409124356","11.5158204562178","0","32.7814569536424","2.72259013980868","0.0183958793230316","9.98896247240618","19.9411331861663","85700"
"337","06035040100","06","California","035","040100","Bieber Class III Landfill","Landfill","Groundwater","2019","-121.141229","41.130473","420",,"986","986","1289","315","24.4375484871994","75.5624515128006","3.10318076027929","2.87044220325834","3.41349883630721","0","0","2.48254460822343","12.5678820791311","43239"
"338","06071011300","06","California","071","011300","Big Bear Class III Waste Management Facility","Landfill","Groundwater","2019","-116.821768","34.304336","17","4","46","46","1123","284","25.2894033837934","74.7105966162066","0","0","3.38379341050757","0","1.8699910952805","10.5966162065895","9.43900267141585","81833"
"339","06047002100","06","California","047","002100","Billy Wright Solid Waste Landfill","Landfill","Groundwater","2020","-120.973636","37.040172","20",,"91","91","4059","3077","75.8068489775807","24.1931510224193","0","0","3.69549150036955","0","0.5420054200542","3.17812269031781","68.3912293668391","83214"
"340","06027000200","06","California","027","000200","Bishop-Sunland Class III Landfill","Landfill","Groundwater","2019","-118.400774","37.328673",,,"1","1","1820","550","30.2197802197802","69.7802197802198","2.58241758241758","0.494505494505495","0.989010989010989","0.10989010989011","0.21978021978022","4.12087912087912","21.7032967032967","92500"
"341","06037980010","06","California","037","980010","Bishop'S Canyon Landfill","Landfill","Groundwater","2019","-118.237494","34.08258","3",,"115","115","182","177","97.2527472527473","2.74725274725275","0","0","51.0989010989011","0.549450549450549","0","2.1978021978022","43.4065934065934",
"342","06037408006","06","California","037","408006","Bkk Class III Landfill","Landfill","Groundwater","2019","-117.899965","34.035352","1",,"33","33","3970","3646","91.8387909319899","8.16120906801008","0.251889168765743","0","40.831234256927","0","0.403022670025189","0.52896725440806","49.823677581864","84130"
"343","06093001003","06","California","093","001003","Black Butte Class III Landfill","Landfill","Groundwater","2020","-122.343244","41.34973","2",,"14","14","4549","1002","22.0268190811167","77.9731809188833","1.5827654429545","0","2.15431963068806","2.87975379204221","0","7.49615300065949","7.91382721477248","54846"
"344","06065046900","06","California","065","046900","Blythe Class III Waste Management Facility","Landfill","Groundwater","2019","-114.62673","33.70478","1",,"17","17","1804","1266","70.1773835920177","29.8226164079823","5.48780487804878","0","0.277161862527716","0","0","2.93791574279379","61.4745011086475","52311"
"345","06037980001","06","California","037","980001","Bob Hope","Airport","Soil","2019","-118.35395","34.19666","17000",,"669800","669800","0","0",,,,,,,,,,
"346","06073019209","06","California","073","019209","Bonsall Landfill","Landfill","Groundwater","2019","-117.183548","33.249664","15","4","63","63","2792","1097","39.2908309455587","60.7091690544413","4.22636103151862","0","5.73065902578797","0","0.214899713467049","4.2621776504298","24.8567335243553","140417"
"347","06029005600","06","California","029","005600","Boron Class III Landfill","Landfill","Groundwater","2019","-117.648318","34.990488","1",,"22","22","2698","1813","67.1979243884359","32.8020756115641","7.30170496664196","2.33506300963677","2.85396590066716","0.44477390659748","3.22461082283173","15.7524091919941","35.2853965900667","53170"
"348","06059052430","06","California","059","052430","Bowerman Landfill","Landfill","Groundwater","2017","-117.709872","33.708882",,,"420","420","17078","11673","68.3510949759925","31.6489050240075","0.567982199320764","0","42.259046726783","0.146387164773393","1.48143810750673","9.86649490572667","14.029745871882","184668"
"349","06037121102","06","California","037","121102","Bradley Landfill & Recycling","Landfill","Groundwater","2019","-118.378646","34.240762","12","8","189","189","2436","1586","65.1067323481117","34.8932676518883","2.58620689655172","0","2.01149425287356","0","3.28407224958949","4.80295566502463","52.4220032840722","79743"
"350","06073020029","06","California","073","020029","Bradley Park - Old Linda Vista Landfill","Landfill","Groundwater","2019","-117.201842","33.137987","110","90","2028","2028","7007","5193","74.1116026830313","25.8883973169687","1.74111602683031","0.827743684886542","8.76266590552305","0","0","5.97973455116312","56.8003425146282","77449"
"351","06025010500","06","California","025","010500","Brawley Class III Waste Management Facility","Landfill","Groundwater","2019","-115.538591","32.998459",,,"1","1","7478","6216","83.1238299010431","16.8761700989569","0","0.361059106713025","1.47098154586788","0","0","0","81.2917892484622","68125"
"352","06051000102","06","California","051","000102","Bridgeport Class III Landfill","Landfill","Groundwater","2020","-119.218867","38.268896","6","1","52","52","2402","979","40.7577019150708","59.2422980849292","0.374687760199833","1.1240632805995","1.79017485428809","0","0.0416319733555371","2.12323064113239","35.3039134054954","105091"
"353","06081600100","06","California","081","600100","Brisbane Class II Landfill","Landfill","Groundwater","2019","-122.396967","37.69632","130","330","1568","1568","5295","3222","60.8498583569405","39.1501416430595","0.0188857412653447","0","36.7705382436261","0.28328611898017","0.339943342776204","6.66666666666667","16.7705382436261","156310"
"354","06037404402","06","California","037","404402","Brothers Plating","Industry","Soil","2020","-117.934732","34.116863","11000","3200000","3743600","3743600","4673","4382","93.772736999786","6.227263000214","0.641985876310721","0","9.69398673229189","0","4.85769313075112","1.02717740209715","77.5518938583351","96616"
"355","06013327001","06","California","013","327001","Buchanan Field","Airport","Groundwater","2019","-122.06039","37.98924","3920",,"91100","91100","3572","2062","57.7267637178051","42.2732362821949","7.86674132138858","0.167973124300112","1.23180291153415","0","0.0559910414333707","2.32362821948488","46.0806270996641","102675"
"356","06089011600","06","California","089","011600","Buckeye Landfill","Landfill","Groundwater","2019","-122.39667","40.67","280","180","764","764","3525","664","18.8368794326241","81.1631205673759","0","0.99290780141844","4.17021276595745","0.226950354609929","0","2.0709219858156","11.3758865248227","75348"
"357","06087122300","06","California","087","122300","Buena Vista Class III Landfill","Landfill","Groundwater","2020","-121.811837","36.920496","82","19","398","398","3804","1603","42.1398527865405","57.8601472134595","0.0262881177707676","0","1.65615141955836","0","0.920084121976867","5.28391167192429","34.2534174553102","103929"
"358","06037310100","06","California","037","310100","Burbank Landfill","Landfill","Groundwater","2019","-118.313816","34.206782","150",,"2158","2158","5968","1713","28.7030831099196","71.2969168900804","5.09383378016086","0.720509383378016","9.29959785522788","0","0","3.55227882037534","10.0368632707775","171991"
"359","06081605400","06","California","081","605400","Burlingame Landfill (Sports Complex)","Landfill","Groundwater","2019","-122.359429","37.59007","480","92","1396","1396","6557","2923","44.578313253012","55.421686746988","0","0.122007015403386","22.0985206649382","0.305017538508464","1.46408418484063","2.79091047735245","17.7977733719689","166972"
"360","06037800328","06","California","037","800328","Calabasas Landfill","Landfill","Groundwater","2019","-118.712053","34.147549","33","2","1126","1126","1306","405","31.010719754977","68.989280245023","0","0","15.7733537519142","0","0.765696784073507","3.13935681470138","11.3323124042879","173125"
"361","06025011901","06","California","025","011901","Calexico Class III Waste Management Facility","Landfill","Groundwater","2019","-115.543588","32.678688","2",,"9","9","1935","1892","97.7777777777778","2.22222222222222","0.41343669250646","0","3.15245478036176","0","0","0","94.2118863049096","79798"
"362","06023010400","06","California","023","010400","California Redwood Coast-Humboldt County","Airport","Groundwater","2020","-124.10755","40.97594","17",,"500","500","3828","891","23.2758620689655","76.7241379310345","0","3.18704284221526","2.37722048066876","0","0","11.2330198537095","6.478578892372","82317"
"363","06049000400","06","California","049","000400","Cedarville West Solid Waste Disposal Service (Old)","Landfill","Groundwater","2020","-120.052745","41.540194",,,"1","1","1096","240","21.8978102189781","78.1021897810219","0.638686131386861","7.48175182481752","1.0036496350365","0","0","3.1021897810219","9.67153284671533","53493"
"364","06051000101","06","California","051","000101","Chalfant Class III Landfill","Landfill","Groundwater","2020","-118.357649","37.530218",,,"2","2","3532","880","24.9150622876557","75.0849377123443","0","2.74631936579841","0","0","0.962627406568516","3.65232163080408","17.5537938844847","112721"
"365","06097152702","06","California","097","152702","Charles M Schulz - Sonoma County","Airport","Groundwater","2020","-122.805765","38.509931","370",,"38720","38720","4842","1853","38.2693102023957","61.7306897976043","1.46633622470054","0","5.20446096654275","0.0413052457662123","2.72614622057001","6.23709211069806","22.5939694341181","113772"
"366","06063000502","06","California","063","000502","Chester Class III Landfill","Landfill","Groundwater","2019","-121.1376","40.325303","130","12","347","347","2034","290","14.2576204523107","85.7423795476893","0","2.06489675516224","0.147492625368732","0","0.835791543756146","4.22812192723697","6.98131760078663","95045"
"367","06079013100","06","California","079","013100","Chicago Grade Landfill Solid Waste Disposal Service","Landfill","Groundwater","2019","-120.631944","35.524221","14",,"167","167","6475","1259","19.4440154440154","80.5559845559846","0.123552123552124","0","0.277992277992278","0","0.540540540540541","4.78764478764479","13.7142857142857","109631"
"368","06029000914","06","California","029","000914","China Grade Sanitary Landfill","Landfill","Groundwater","2019","-118.928475","35.428546",,,"87","87","4613","3056","66.247561239974","33.752438760026","0.216778668978972","1.34402774766963","10.2969867765012","0","17.6457836548884","0.585302406243226","36.1586819856926","99116"
"369","06037920106","06","California","037","920106","Chiquita Canyon Landfill","Landfill","Groundwater","2019","-118.64655","34.426092","1",,"70","70","3716","2780","74.8116254036598","25.1883745963402","4.14424111948332","0","3.68675995694295","0","0.69967707212056","3.4983853606028","62.7825618945102","137813"
"370","06067001900","06","California","067","001900","Chrome Craft Facility (Former)","Industry","Groundwater","2020","-121.479687","38.565934","9","2","244","244","3316","1281","38.6308805790109","61.3691194209891","3.49819059107358","0","6.96622436670688","0.211097708082027","1.17611580217129","3.07599517490953","23.7032569360676","90217"
"371","06089010500","06","California","089","010500","City Of Redding Benton Class III Landfill","Landfill","Groundwater","2020","-122.410985","40.571324","190","49","801","801","5025","1176","23.4029850746269","76.5970149253731","0.378109452736318","1.11442786069652","1.13432835820896","0","0","5.21393034825871","15.5621890547264","52662"
"372","06029003304","06","California","029","003304","Clean Harbors Buttonwillow,Inc","Landfill","Groundwater","2019","-119.61586","35.39896","120","3","2077","2077","2764","1255","45.4052098408104","54.5947901591896","2.85817655571635","0","1.62807525325615","0.253256150506512","0","5.60781476121563","35.0578871201158","92500"
"373","06055201900","06","California","055","201900","Clover Flat Landfill","Landfill","Groundwater","2020","-122.533882","38.585342","63",,"319","319","1457","700","48.0439258750858","51.9560741249142","3.01990391214825","0.205902539464653","1.23541523678792","0","0","6.1770761839396","37.4056280027454","134375"
"374","06111002901","06","California","111","002901","Coastal/Santa Clara Landfill","Landfill","Groundwater","2019","-119.208355","34.231674","21","25","132","132","5680","4223","74.3485915492958","25.6514084507042","1.61971830985915","0.316901408450704","9.6830985915493","0.105633802816901","0.299295774647887","5.82746478873239","56.4964788732394","134861"
"375","06079012302","06","California","079","012302","Cold Canyon Landfill Inc.","Landfill","Groundwater","2020","-120.598291","35.18723",,,"974","974","6526","2179","33.3895188476862","66.6104811523138","0","0","0.965369292062519","0","1.47103892123812","7.86086423536623","23.0922463990193","130875"
"376","06065041415","06","California","065","041415","Corona Sanitary Landfill","Landfill","Groundwater","2020","-117.538623","33.863283","200","34","2072","2072","4210","3117","74.0380047505938","25.9619952494062","1.42517814726841","0","26.270783847981","0","0.190023752969121","1.09263657957245","45.0593824228028","144767"
"377","06067005301","06","California","067","005301","Dellar Landfill","Landfill","Groundwater","2019","-121.46975","38.58505","120","87","606","606","2332","1211","51.9296740994854","48.0703259005146","12.9073756432247","0","9.51972555746141","0","0.257289879931389","12.3070325900515","16.9382504288165","94861"
"378","06065046900","06","California","065","046900","Desert Center Sanitary","Landfill","Groundwater","2019","-115.409649","33.777196","1",,"8","8","1804","1266","70.1773835920177","29.8226164079823","5.48780487804878","0","0.277161862527716","0","0","2.93791574279379","61.4745011086475","52311"
"379","06037551102","06","California","037","551102","Downey Industrial Center","Industry","Groundwater","2019","-118.118029","33.93024","2","16",,"17","5388","5054","93.8010393466964","6.19896065330364","5.38233110616184","0","1.74461766889384","0","0.204157386785449","5.15961395694135","81.3103192279139","61713"
"380","06073011602","06","California","073","011602","Duck Pond Landfill","Landfill","Groundwater","2019","-117.098841","32.655946","22","35","139","139","3811","3247","85.2007347152978","14.7992652847022","6.19260036735765","0.55103647336657","8.00314877984781","0","0","0.393597480976122","70.0603516137497","61854"
"381","06061022014","06","California","061","022014","Eastern Regional Landfill","Landfill","Groundwater","2020","-120.214519","39.292717","44","3","241","241","1691","151","8.92962743938498","91.070372560615","2.48373743347132","0","0","0","0","1.12359550561798","5.32229450029568","141250"
"382","06033000702","06","California","033","000702","Eastlake Landfill","Landfill","Groundwater","2019","-122.601741","38.95393","240","18","1493","1493","4586","2785","60.7283035324902","39.2716964675098","0.872219799389446","0.261665939816834","0","0","0","6.99956389010031","52.5948539031836","37765"
"383","06065044520","06","California","065","044520","Edom Hill Class III Waste Management Facility 01-141","Landfill","Groundwater","2019","-116.434748","33.882016","14",,"520","520","1099","556","50.5914467697907","49.4085532302093","1.63785259326661","0.181983621474067","1.00090991810737","0","0","2.27479526842584","45.4959053685168","84750"
"384","06037980013","06","California","037","980013","Edward C. Little Water Reclamation Plant - West Coast Basin Barrier Project - Expansion Phase III","WWTP","Groundwater","2020","-118.392175","33.909366","4","8","12","12","0","0",,,,,,,,,,
"385","06065042007","06","California","065","042007","El Sobrante Landfill","Landfill","Groundwater","2017","-117.476232","33.797719","610","40","1449","1449","7605","4255","55.9500328731098","44.0499671268902","5.65417488494412","0","6.92965154503616","0","9.62524654832347","3.69493754109139","30.0460223537147","144219"
"386","06067009307","06","California","067","009307","Elk Grove Class III Landfill","Landfill","Groundwater","2019","-121.35371","38.41485","2",,"29","29","5483","2755","50.2462155754149","49.7537844245851","6.93051249316068","0","15.3200802480394","0","0.218858289257706","8.07951851176363","19.6972460331935","120266"
"387","06067001601","06","California","067","001601","Elvas Quarry Landfill","Landfill","Groundwater","2019","-121.43105","38.56053","9200","72000","320400","320400","3199","1080","33.7605501719287","66.2394498280713","1.56298843388559","0","5.15786183182244","0","0","5.37668021256643","21.6630196936543","121250"
"388","06073017403","06","California","073","017403","Encinitas II Landfill","Landfill","Groundwater","2019","-117.251173","33.03979",,,"31","31","4730","1065","22.5158562367865","77.4841437632135","0.338266384778013","0","8.13953488372093","0","0.190274841437632","3.02325581395349","10.8245243128964","154886"
"389","06039000203","06","California","039","000203","Fairmead Solid Waste Disposal Service","Landfill","Groundwater","2019","-120.197154","37.063652","1",,"10","10","1582","913","57.7117572692794","42.2882427307206","1.64348925410872","0.505689001264222","1.07458912768647","0.0632111251580278","2.02275600505689","2.08596713021492","50.3160556257901","73906"
"390","06077004800","06","California","077","004800","Foothill Sanitary Landfill","Landfill","Groundwater","2020","-120.934634","38.035311","1100","56","12055","12055","5333","2336","43.8027376711044","56.1972623288956","1.89386836677292","0","1.38758672417026","0","0","2.34389649353085","38.1773860866304","103284"
"391","06037650401","06","California","037","650401","Former Amp-Matrix Science Facility","Industry","Groundwater","2020","-118.341202","33.844988","2",,"148","148","4360","2765","63.4174311926606","36.5825688073394","1.55963302752294","0","37.0642201834862","0","0","9.4954128440367","15.2981651376147","142566"
"392","06073013308","06","California","073","013308","Former Omar Rendering Landfill","Landfill","Groundwater","2019","-117.04497","32.59369","2","18","128","128","3901","3721","95.3857985132017","4.61420148679826","3.40938220968982","0","7.7416047167393","0","0.0512689054088695","0.435785695975391","83.7477569853884","101979"
"393","06059042203","06","California","059","042203","Forster Canyon Landfill","Landfill","Groundwater","2019","-117.661503","33.491419","5","9","68","68","9842","2917","29.6382849014428","70.3617150985572","0.863645600487706","0.711237553342816","4.46047551310709","0","1.90002032107295","4.10485673643568","17.5980491769965","137607"
"394","06049000400","06","California","049","000400","Fort Bidwell Solid Waste Disposal Service","Landfill","Groundwater","2020","-120.155129","41.877008","72","6","302","302","1096","240","21.8978102189781","78.1021897810219","0.638686131386861","7.48175182481752","1.0036496350365","0","0","3.1021897810219","9.67153284671533","53493"
"395","06077005131","06","California","077","005131","Forward Landfill","Landfill","Groundwater","2020","-121.187656","37.875254","7000","440","55100","55100","6967","4457","63.9730156451844","36.0269843548156","10.6502081240132","0.574135208841682","9.18616334146692","0","1.59322520453567","4.23424716520741","37.7350366011196","92500"
"396","06073016201","06","California","073","016201","Gillespie Landfill","Landfill","Groundwater","2019","-116.983113","32.81877","15","7","224","224","5537","1042","18.8188549756186","81.1811450243814","2.31172114863645","0","0.740473180422612","0.288965143579556","0.216723857684667","5.94184576485461","9.31912588044067","130852"
"397","06021010300","06","California","021","010300","Glenn County Class III Landfill","Landfill","Groundwater","2019","-122.285496","39.634602","120",,"267","267","2196","789","35.9289617486339","64.0710382513661","0.364298724954463","3.09653916211293","0.683060109289617","0","0.546448087431694","2.82331511839709","28.4153005464481","78558"
"398","06063000100","06","California","063","000100","Gopher Hill Class III Landfill","Landfill","Groundwater","2019","-121.031056","39.953964","5","2","16","16","6089","1078","17.7040564953194","82.2959435046806","2.69338150763672","1.37953686976515","0.21349975365413","0.0164230579733946","0","7.42322220397438","5.97799310231565","83774"
"399","06067009900","06","California","067","009900","Grand Island Class III Landfil","Landfill","Groundwater","2019","-121.649108","38.174659","66","13","280","280","3808","2416","63.4453781512605","36.5546218487395","0","0","4.28046218487395","0","0.446428571428571","2.4422268907563","56.2762605042017","76034"
"400","06085511918","06","California","085","511918","Guadalupe Landfill","Landfill","Groundwater","2020","-121.903677","37.21696","29","2","454","454","3243","1968","60.6845513413506","39.3154486586494","0","0.215849522047487","34.6284304656183","0","0.709219858156028","6.8763490595128","18.254702436016","250001"
"401","06031001200","06","California","031","001200","Hanford Municipal Solid Waste Disposal Service","Landfill","Groundwater","2019","-119.596927","36.302737","1",,"11","11","2444","1215","49.7135842880524","50.2864157119476","2.65957446808511","1.02291325695581","0","0","0.16366612111293","4.95090016366612","40.9165302782324","83250"
"402","06077004704","06","California","077","004704","Harney Lane Class III Landfill","Landfill","Groundwater","2020","-121.100573","38.097901",,,"3","3","5575","2264","40.609865470852","59.390134529148","1.04035874439462","0","4.66367713004484","0.322869955156951","0.825112107623318","5.99103139013453","27.7668161434978","125692"
"403","06071010024","06","California","071","010024","Hesperia Class III Landfill","Landfill","Groundwater","2019","-117.350363","34.344608","1","1","10","10","5337","3303","61.8887015177066","38.1112984822934","6.44556867153832","0.131159827618512","0.224845418774592","0","0","5.05902192242833","50.0281056773468","83846"
"404","06037123301","06","California","037","123301","Hewitt Landfill","Landfill","Groundwater","2018","-118.396711","34.204876",,,"3548","3548","3842","2757","71.7595002602811","28.2404997397189","4.97136907860489","0","25.0390421655388","0","0.780843310775638","3.0192608016658","37.948984903696","71250"
"405","06097152801","06","California","097","152801","Hewlett Packard Valley Site","Industry","Groundwater","2020","-122.739831","38.471964","47","48","418","418","4523","1978","43.7320362591201","56.2679637408799","1.2381162944948","0","3.00685385805881","0","1.63608224629671","7.16338713243422","30.6875967278355","100139"
"406","06085504602","06","California","085","504602","Highway 237 Landfill","Landfill","Groundwater","2019","-121.980081","37.418038","530","38","4472","4472","1542","1261","81.7769130998703","18.2230869001297","2.14007782101167","0","18.5473411154345","0","0","2.72373540856031","58.3657587548638","121953"
"407","06047002500","06","California","047","002500","Highway 59 Solid Waste Landfill","Landfill","Groundwater","2020","-120.499975","37.390138","5",,"114","114","2470","1367","55.3441295546559","44.6558704453441","0.769230769230769","0","5.62753036437247","0","0.526315789473684","3.19838056680162","45.2226720647773","107900"
"408","06025012400","06","California","025","012400","Holtville Class III Waste Management Facility","Landfill","Groundwater","2019","-115.278689","32.848702",,,"1","1","835","300","35.9281437125749","64.0718562874251","23.2335329341317","0","0","0","1.67664670658683","4.4311377245509","6.58682634730539","25978"
"409","06025012400","06","California","025","012400","Hot Spa Imperial County Landfill","Landfill","Groundwater","2019","-115.670999","33.398546",,,"16","16","835","300","35.9281437125749","64.0718562874251","23.2335329341317","0","0","0","1.67664670658683","4.4311377245509","6.58682634730539","25978"
"410","06037267600","06","California","037","267600","Hudson Element La","Industry","Groundwater","2018","-118.457811","34.033648","19","2","66","66","2767","1647","59.5229490422841","40.4770509577159","0.93964582580412","0","25.9848211058909","0.505963136971449","2.6743765811348","6.64980122876762","22.7683411637152","89286"
"411","06025011100","06","California","025","011100","Imperial County Class III Waste Management Facility","Landfill","Groundwater","2019","-115.682227","32.845942","8","13","57","57","3167","2622","82.7912851278813","17.2087148721187","4.35743605936217","0","1.04199557941269","0","0","11.872434480581","65.5194190085254","68854"
"412","06025011001","06","California","025","011001","Imperial Landfill","Landfill","Groundwater","2020","-115.52682","32.85503","36","2","162","162","6566","5961","90.7858665854401","9.21413341455985","1.02040816326531","0.258909533962839","1.0508681084374","0","0","0.106609808102345","88.3490709716722","86672"
"413","06067008803","06","California","067","008803","Inactive Rancho Cordova Test Site - Mcdonnell Douglas","Industry","Groundwater","2019","-121.301992","38.568759","11","8","41","41","2203","722","32.7734906945075","67.2265093054925","12.2560145256468","0","2.72355878347708","0","0","3.67680435769405","14.1171130276895","73250"
"414","06089012702","06","California","089","012702","Intermountain Class III Landfill","Landfill","Groundwater","2019","-121.589533","40.938644",,,"22","22","2750","590","21.4545454545455","78.5454545454545","0.363636363636364","2.29090909090909","1.63636363636364","0","0","3.67272727272727","13.4909090909091","72313"
"415","06073013506","06","California","073","013506","Jamacha Sanitary Landfill","Landfill","Groundwater","2019","-116.943629","32.732703","110","58","818","818","4331","2414","55.7377049180328","44.2622950819672","3.64811821750173","0","7.73493419533595","0.484876471946433","2.00877395520665","4.5255137381667","37.3354883398753","111304"
"416","06069000802","06","California","069","000802","John Smith Road Class III Landfill","Landfill","Groundwater","2020","-121.326677","36.823737","110",,"913","913","4201","2016","47.9885741490121","52.0114258509879","0.357057843370626","0.0238038562247084","1.57105451083075","2.21375862889788","0.119019281123542","4.92739823851464","38.77648179005","143875"
"417","06059062610","06","California","059","062610","John Wayne Airport","Airport","Groundwater","2019","-117.869113","33.676187","13800","1830","145121","145121","13289","6605","49.7027616825946","50.2972383174054","3.31853412596885","0","30.709609451426","0.301000827752276","1.97155542177741","4.83858830611784","8.56347354955226","114347"
"418","06053014800","06","California","053","014800","Johnson Canyon Class III Landfill","Landfill","Groundwater","2019","-121.409232","36.531875","2","1","11","11","5831","5426","93.0543646029841","6.94563539701595","0.531641227919739","0","0.377293774652718","0","0","1.08043217286915","91.0649974275425","98897"
"419","06013313204","06","California","013","313204","Keller Canyon Landfill","Landfill","Groundwater","2020","-121.934513","38.003989","3",,"67","67","5604","4467","79.7109207708779","20.2890792291221","9.36830835117773","0","12.4018558172734","0.178443968593862","0","6.51320485367595","51.249107780157","91600"
"420","06107002701","06","California","107","002701","Kennedy Meadows Solid Waste Disposal Service","Landfill","Groundwater","2019","-118.106204","35.990674",,,"98","98","1354","358","26.4401772525849","73.5598227474151","0.221565731166913","1.55096011816839","0","0","0.221565731166913","4.28360413589365","20.1624815361891","57202"
"421","06067008602","06","California","067","008602","Kiefer Road- Class III Solid Waste Disposal Service","Landfill","Groundwater","2020","-121.194723","38.51467","87",,"441","441","1832","607","33.1331877729258","66.8668122270742","0","0","10.4257641921397","0","0","6.55021834061135","16.1572052401747","93038"
"422","06085513500","06","California","085","513500","Kirby Canyon Landfill","Landfill","Groundwater","2020","-121.678857","37.184113","5","5","99","99","1009","361","35.7779980178394","64.2220019821605","0.495540138751239","0","8.02775024777007","0","0.991080277502478","0.594648166501487","25.6689791873142","102750"
"423","06067005205","06","California","067","005205","L And D Landfill Company","Landfill","Groundwater","2019","-121.38439","38.525418","3","16","144","144","3716","2317","62.3519913885899","37.6480086114101","23.6813778256189","0","4.97847147470398","0.565123789020452","0","5.43595263724435","27.6910656620022","56645"
"424","06065043822","06","California","065","043822","Lamb Canyon Landfill","Landfill","Groundwater","2018","-116.994893","33.881629",,,"82","82","3607","2361","65.4560576656501","34.5439423343499","0","0","16.9115608538952","0","0","2.8278347657333","45.7166620460216","136319"
"425","06037901300","06","California","037","901300","Lancaster Class III Landfill & Recycling Center","Landfill","Groundwater","2019","-118.117597","34.744257","7","15","69","69","1840","1275","69.2934782608696","30.7065217391304","1.90217391304348","0","0","0","0","2.5","64.8913043478261","65398"
"426","06071010435","06","California","071","010435","Landers Class III Waste Management Facility","Landfill","Groundwater","2019","-116.369275","34.237283","16","4","82","82","1912","616","32.2175732217573","67.7824267782427","3.24267782426778","3.24267782426778","0","0.47071129707113","0","6.11924686192469","19.1422594142259","45313"
"427","06059021832","06","California","059","021832","Olinda Alpha Landfill","Landfill","Groundwater","2017","-117.841761","33.932943",,,"360","360","6741","4733","70.212134698116","29.787865301884","2.00267022696929","0","48.7168075953123","0","1.14226375908619","3.66414478564011","14.6862483311081","214491"
"428","06077005502","06","California","077","005502","Lawrence Livermore National Laboratories Site 300","Industry","Groundwater","2018","-121.492739","37.641891","3",,"46","46","5279","4526","85.7359348361432","14.2640651638568","3.67493843530972","0","57.7192650123129","1.17446486076909","0","4.07274104944118","19.0945254783103","197083"
"429","06071011900","06","California","071","011900","Lenwood-Hinkley Landfill","Landfill","Groundwater","2019","-117.109189","34.943262","4","2","36","36","2371","863","36.3981442429355","63.6018557570645","0.337410375369043","1.47617039223956","0.759173344580346","0","1.22311261071278","3.03669337832138","29.5655841417124","66250"
"430","06083003102","06","California","083","003102","Lompoc Solid Waste Disp Site","Landfill","Groundwater","2019","-120.482468","34.629406","39",,"159","159","3019","1598","52.9314342497516","47.0685657502484","0.927459423650215","0.0331235508446505","0.927459423650215","0","0","3.11361377939715","47.9297780722093","109107"
"431","06037980018","06","California","037","980018","Long Beach Airport","Airport","Groundwater","2020","-118.151359","33.816791","7890","21600","174635","174635","0","0",,,,,,,,,,
"432","06037104204","06","California","037","104204","Lopez Canyon Landfill","Landfill","Groundwater","2019","-118.392198","34.293776",,,"52","52","3577","3125","87.363712608331","12.636287391669","4.55689124965054","1.09029913335197","3.46659211629857","0","0","0.810735253005312","77.4391948560246","76250"
"433","06037980028","06","California","037","980028","Los Angeles International Airport","Airport","Groundwater","2019","-118.40853","33.941589","31000","2800","129452","129452","0","0",,,,,,,,,,
"434","06037980028","06","California","037","980028","Los Angeles World Airports - Lawa Terminal Two Fuel Hydrant Facility","Airport","Groundwater","2018","-118.404851","33.947116","480","930",,"1330","0","0",,,,,,,,,,
"435","06037980028","06","California","037","980028","Los Angeles World Airports - National Car Rental (Former Avis)","Airport","Groundwater","2017","-118.387276","33.950748","430","1900","5330","5330","0","0",,,,,,,,,,
"436","06071010424","06","California","071","010424","Lucerne Valley Closed Waste Management Facility","Landfill","Groundwater","2019","-116.835801","34.516023","20","2","39","39","1579","535","33.8822039265358","66.1177960734642","6.64977834072198","6.90310322989234","2.21659278024066","0","1.70994300189994","3.73654211526282","12.666244458518","58835"
"437","06051000101","06","California","051","000101","Mammoth Yosemite Airport","Airport","Groundwater","2020","-118.841805","37.627262","27","16","2352","2352","3532","880","24.9150622876557","75.0849377123443","0","2.74631936579841","0","0","0.962627406568516","3.65232163080408","17.5537938844847","112721"
"438","06043000101","06","California","043","000101","Mariposa County Municipal Solid Waste Landfill","Landfill","Groundwater","2019","-120.0102","37.50128","450",,"2023","2023","3122","822","26.3292761050609","73.6707238949391","1.85778347213325","2.59449071108264","2.49839846252402","0","0.832799487508008","6.50224215246637","12.0435618193466","60536"
"439","06081611700","06","California","081","611700","Marsh Road Landfill","Landfill","Groundwater","2019","-122.17233","37.491958","360","120","1907","1907","6627","6044","91.202655802022","8.79734419797797","5.52286102308737","0","19.7072581862079","0","0","3.9082541119662","62.0642824807605","158333"
"440","06073018509","06","California","073","018509","Maxson Street Landfill","Landfill","Groundwater","2019","-117.363338","33.200205","22","44","143","143","5559","4597","82.6947292678539","17.3052707321461","10.1996762007555","0","6.17017449181507","2.23061701744918","0.449721172872819","5.00089944234575","58.6436409426156","71371"
"441","06093001200","06","California","093","001200","Mccloud Class III Landfill","Landfill","Groundwater","2020","-122.122393","41.246293","1","4","39","39","1096","226","20.6204379562044","79.3795620437956","0.638686131386861","1.45985401459854","0.821167883211679","0.547445255474453","0","10.036496350365","7.11678832116788","49926"
"442","06047001501","06","California","047","001501","Merced Muni Airport","Airport","Groundwater","2016","-120.515417","37.288328",,,"1","1","2815","2574","91.4387211367673","8.56127886323268","3.97868561278863","6.28774422735346","9.30728241563055","1.6696269982238","0.390763765541741","2.69982238010657","67.1047957371226","80625"
"443","06001409000","06","California","001","409000","Metropolitan Oakland International Airport","Airport","Groundwater","2019","-122.219743","37.712569","4100","170000","283685","283685","4204","4017","95.5518553758325","4.44814462416746","25.2854424357755","0","7.56422454804948","0.404376784015224","0.903901046622265","1.42721217887726","59.9666983824929","75987"
"444","06073007601","06","California","073","007601","Mission Bay Landfill","Landfill","Groundwater","2019","-117.210039","32.76185","11","44","107","107","1756","220","12.5284738041002","87.4715261958998","0.626423690205011","0.968109339407745","0.398633257403189","2.33485193621868","0","3.98633257403189","4.21412300683371","114034"
"445","06029006500","06","California","029","006500","Mojave/Rosamond Landfill","Landfill","Groundwater","2019","-118.139018","34.994104","1",,"76","76","3728","2279","61.131974248927","38.868025751073","13.3583690987124","1.28755364806867","3.16523605150215","0.509656652360515","0","10.0321888412017","32.7789699570815","48833"
"446","06053014302","06","California","053","014302","Monterey Peninsula Class III Landfill","Landfill","Groundwater","2020","-121.77044","36.713798","1400",,"6176","6176","4200","2759","65.6904761904762","34.3095238095238","8.30952380952381","0","12.2857142857143","2.92857142857143","0.547619047619048","6.02380952380952","35.5952380952381","89420"
"447","06053013300","06","California","053","013300","Monterey Regional Airport","Airport","Groundwater","2020","-121.85028","36.5873","12700","133","18204","18204","5751","3182","55.3295079116675","44.6704920883325","0.434707007476961","0","5.39036689271431","0","4.01669274908711","2.88645452964702","42.6012867327421","97188"
"448","06081601000","06","California","081","601000","Mussel Rock Landfill","Landfill","Groundwater","2019","-122.494458","37.666592","2","2","8","8","7500","6480","86.4","13.6","2.72","0","56.7866666666667","0.946666666666667","5.18666666666667","4.21333333333333","16.5466666666667","126406"
"449","06055201005","06","California","055","201005","Napa Pipe, Class II Waste Management Unit","Landfill","Groundwater","2019","-122.283571","38.247911","3",,"66","66","2650","1907","71.9622641509434","28.0377358490566","3.16981132075472","0.30188679245283","22.188679245283","0","0","4.90566037735849","41.3962264150943","103056"
"450","06007002200","06","California","007","002200","Neal Rd Class III Landfill","Landfill","Groundwater","2019","-121.730447","39.675815","1100","160","8817","8817","2248","267","11.8772241992883","88.1227758007118","0.400355871886121","0","0.48932384341637","0.934163701067616","0","4.40391459074733","5.64946619217082","94167"
"451","06071010700","06","California","071","010700","Needles Waste Management Facility","Landfill","Groundwater","2019","-114.622592","34.791598",,"1","3","3","3621","1780","49.1576912455123","50.8423087544877","4.36343551505109","0.497100248550124","1.07705053852527","0","0","3.86633526650097","39.3537696768848","33554"
"452","06085504602","06","California","085","504602","Newby Island Landfill","Landfill","Groundwater","2019","-121.943335","37.458801","140","29","2725","2725","1542","1261","81.7769130998703","18.2230869001297","2.14007782101167","0","18.5473411154345","0","0","2.72373540856031","58.3657587548638","121953"
"453","06059063500","06","California","059","063500","Newport Plating","Superfund Site","Groundwater","2019","-117.928722","33.613901","170","1100","1663","1663","5499","1190","21.6402982360429","78.3597017639571","0","0","1.36388434260775","0","0","2.89143480632842","17.3849790871067","143381"
"454","06025010101","06","California","025","010101","Niland III Waste Management Facility","Landfill","Groundwater","2019","-115.49192","33.271298",,"1","16","16","3155","2903","92.0126782884311","7.98732171156894","17.7496038034865","1.45800316957211","2.47226624405705","0.316957210776545","0.412044374009509","1.71156893819334","67.892234548336",
"455","06077004704","06","California","077","004704","North Co Sanitary Landfill","Landfill","Groundwater","2020","-121.100484","38.09795",,,"11","11","5575","2264","40.609865470852","59.390134529148","1.04035874439462","0","4.66367713004484","0.322869955156951","0.825112107623318","5.99103139013453","27.7668161434978","125692"
"456","06073009400","06","California","073","009400","North Miramar Landfill","Landfill","Groundwater","2018","-117.150802","32.84215","1300","26","3141","3141","4394","2553","58.1019572143832","41.8980427856168","16.0901228948566","0.864815657715066","3.25443786982249","0.318616294947656","0.227583067819754","6.16750113791534","31.1788802913063","89893"
"457","06065045618","06","California","065","045618","Oasis Class III Waste Management Facility","Landfill","Soil","2019","-116.079959","33.440392","6300","510000","23058440","23058440","1747","1726","98.7979393245564","1.20206067544362","0.114481969089868","0.801373783629078","2.23239839725243","0","0","1.43102461362335","94.2186605609617","34777"
"458","06025012301","06","California","025","012301","Ocotillo Waste Management Facility","Landfill","Groundwater","2019","-115.997606","32.772173",,"2","4","4","3994","3458","86.5798698047071","13.4201301952929","13.7456184276415","0.550826239359039","0.625938908362544","0.150225338007011","0.175262894341512","1.17676514772158","70.1552328492739","44750"
"459","06059086402","06","California","059","086402","Ocwd - North Basin","Superfund Site","Groundwater","2020","-117.882737","33.849194","32","72","169","169","6193","4895","79.0408525754885","20.9591474245115","2.1637332472146","0","12.3042144356532","0","0","2.84191829484902","61.7309865977717","133594"
"460","06059074403","06","California","059","074403","Orange County Water District - South Basin","Industry","Groundwater","2017","-117.851622","33.719938","61","3","66","66","4987","4973","99.7192701022659","0.280729897734109","0.701824744335272","0","2.68698616402647","0","0","0","96.3304591939041","70096"
"461","06001450742","06","California","001","450742","Old Pleasanton Landfill","Landfill","Groundwater","2019","-121.839468","37.665387","37","12","101","101","5241","2725","51.9938942949819","48.0061057050181","0.763213127265789","0","37.3211219232971","0","0","5.2470902499523","8.66246899446671","153900"
"462","06071001600","06","California","071","001600","Ontario International Airport","Airport","Groundwater","2020","-117.60853","34.05189","48",,"1802","1802","4773","4666","97.7582233396187","2.24177666038131","0.900900900900901","0","0.43997485857951","0","0","1.44563167818982","94.9717159019485","65188"
"463","06115040800","06","California","115","040800","Ostrom Road Landfill","Landfill","Groundwater","2019","-121.384855","39.073853","150","6","2011","2011","4495","1535","34.1490545050056","65.8509454949944","0.0222469410456062","0","1.49054505005562","0","0.444938820912125","13.1479421579533","19.0433815350389","92500"
"464","06073013317","06","California","073","013317","Otay Annex Sanitary Landfill","Landfill","Groundwater","2019","-117.012185","32.601708","95","8","1074","1074","18047","15507","85.9256386102953","14.0743613897047","6.49969524020613","0","32.9583864354186","0","0.58181415193661","2.90352967252175","42.9822131102122","129469"
"465","06073013317","06","California","073","013317","Otay Class 1 Landfill","Landfill","Groundwater","2019","-117.012741","32.605733","38","2","1128","1128","18047","15507","85.9256386102953","14.0743613897047","6.49969524020613","0","32.9583864354186","0","0.58181415193661","2.90352967252175","42.9822131102122","129469"
"466","06081613501","06","California","081","613501","Ox Mountain (Corinda Los Trancos) Landfill","Landfill","Groundwater","2019","-122.410995","37.491029","33","7","593","593","4379","2268","51.7926467229961","48.2073532770039","0.479561543731446","0","8.17538250742179","0.159853847910482","0","5.36652203699475","37.6113267869377","172869"
"467","06111004715","06","California","111","004715","Oxnard Advanced Water Purification Facility","WWTP","Groundwater","2020","-119.18395","34.14505",,"1","4","4","4239","3542","83.5574427931116","16.4425572068884","0.377447511205473","0","6.53456003774475","1.3446567586695","0.518990327907525","3.16112290634584","71.6206652512385","85517"
"468","06111002905","06","California","111","002905","Oxnard Airport","Airport","Groundwater","2020","-119.21847","34.199921","500","20","37062","37062","5193","4306","82.9193144617755","17.0806855382245","1.40573849412671","0","9.18544194107452","0","0.481417292509147","3.38917773926439","68.4575389948007","132823"
"469","06025012400","06","California","025","012400","Palo Verde III Waste Management Facility","Landfill","Groundwater","2019","-114.748972","33.391134","3",,"10","10","835","300","35.9281437125749","64.0718562874251","23.2335329341317","0","0","0","1.67664670658683","4.4311377245509","6.58682634730539","25978"
"470","06073022101","06","California","073","022101","Palomar Airport Landfill","Landfill","Groundwater","2019","-117.273322","33.127106","110","180","1807","1807","2514","742","29.5147175815434","70.4852824184566","1.43198090692124","0","5.44948289578361","3.38106603023071","0","15.115354017502","4.13683373110581","190469"
"471","06073003201","06","California","073","003201","Paradise Hills Park Landfill","Landfill","Groundwater","2019","-117.049974","32.68544","16","53","195","195","5335","4758","89.1846298031865","10.8153701968135","14.8641049671978","0.0937207122774133","25.8669165885661","4.47985004686036","0","13.2146204311153","30.6654170571696","83169"
"472","06079010303","06","California","079","010303","Paso Robles Solid Waste Site","Landfill","Groundwater","2020","-120.533792","35.66305",,,"15","15","3109","1259","40.4953361209392","59.5046638790608","1.57606947571566","0","5.62881955612737","0","0.611128980379543","1.92988099067224","30.7494371180444","101120"
"473","06037121900","06","California","037","121900","Penrose Landfill","Landfill","Groundwater","2019","-118.37947","34.221643","5","17","125","125","2797","2520","90.0965319985699","9.9034680014301","1.17983553807651","0","5.68466213800501","0","0","0","83.2320343224884","56115"
"474","06097150612","06","California","097","150612","Petaluma Landfill - Casa Grande","Landfill","Groundwater","2019","-122.608031","38.228914","260","17","0","260","4729","1671","35.3351659970395","64.6648340029605","2.83358003806302","0","4.50412349333897","0","0.718968069359273","5.85747515330937","21.4210192429689","135240"
"475","06037920200","06","California","037","920200","Peter Pitchess Landfill","Landfill","Groundwater","2020","-118.585804","34.462431","6","8","48","48","3604","3189","88.4850166481687","11.5149833518313","21.3928967813541","0","1.80355160932297","0.194228634850166","1.08213096559378","2.02552719200888","61.9866814650388",
"476","06025012400","06","California","025","012400","Picacho Solid Waste Disposal Service","Landfill","Groundwater","2019","-114.618834","32.814504",,"1","2","2","835","300","35.9281437125749","64.0718562874251","23.2335329341317","0","0","0","1.67664670658683","4.4311377245509","6.58682634730539","25978"
"477","06013392201","06","California","013","392201","Pinole Point Business Park","Landfill","Groundwater","2020","-122.351863","37.998722","5","15","43","43","5257","4838","92.0296747194217","7.97032528057828","18.0140764694693","0.133155792276964","34.867795320525","0","2.70116035761841","4.41316340117938","31.9003233783527","118412"
"478","06037187102","06","California","037","187102","Pollock Remediation Project","Unknown","Groundwater","2017","-118.251","34.11007","12","14","36","36","4615","3841","83.228602383532","16.771397616468","1.23510292524377","0","26.5655471289274","0","0","4.7670639219935","50.6608884073673","91944"
"479","06063000300","06","California","063","000300","Portola Class III Landfill","Landfill","Groundwater","2019","-120.447449","39.825179","66",,"159","159","5439","1621","29.8032726604155","70.1967273395845","0","2.92333149476007","2.51884537598823","0","0","5.38701967273396","18.9740761169333","54420"
"480","06095252702","06","California","095","252702","Potrero Hills Landfill","Landfill","Groundwater","2019","-121.978126","38.211002","320",,"2122","2122","7119","5469","76.8225874420565","23.1774125579435","21.4636887203259","0","22.039612305099","1.2220817530552","0.618064334878494","9.74856019103807","21.7305801376598","65833"
"481","06073017010","06","California","073","017010","Poway Landfill","Landfill","Groundwater","2019","-117.01935","32.96565","20","13","155","155","3113","920","29.5534853838741","70.4465146161259","0.32123353678124","0","7.3562479922904","0.224863475746868","2.76260841631866","7.74172823642788","11.146803726309","214398"
"482","06059042205","06","California","059","042205","Prima Deshecha Sanitary Landfill","Landfill","Groundwater","2019","-117.625156","33.486663","1","1","4","4","5336","2072","38.8305847076462","61.1694152923538","0","0","2.60494752623688","0","0","5.13493253373313","31.0907046476762","138824"
"483","06037408402","06","California","037","408402","Puente Hills Landfill","Landfill","Groundwater","2019","-118.024533","34.024491","25","12","245","245","6152","4943","80.3478543563069","19.6521456436931","0.666449934980494","0","20.8875162548765","0","0.0812743823146944","0.487646293888166","58.2249674902471","109828"
"484","06073020807","06","California","073","020807","Ramona Sanitary Landfill","Landfill","Groundwater","2019","-116.864005","33.083729","680","9","16486","16486","2950","1134","38.4406779661017","61.5593220338983","0.0677966101694915","0.372881355932203","2.50847457627119","0","2.10169491525424","6.06779661016949","27.3220338983051","128177"
"485","06095253501","06","California","095","253501","Recology Hay Road (Formerly Norcal Waste-Hay Road Landfill;  Formerly B&J Landfill)","Landfill","Groundwater","2020","-121.83563","38.310463","384",,"1618","1618","6523","2926","44.8566610455312","55.1433389544688","9.06024835198528","0","6.8373447800092","0","0","1.76299248811896","27.1960754254178","81923"
"486","06103000400","06","California","103","000400","Red Bluff Class III Landfill","Landfill","Groundwater","2020","-122.300502","40.197091","2",,"21","21","5705","1161","20.3505696757231","79.6494303242769","0.0876424189307625","0","1.71779141104294","0","1.05170902716915","5.78439964943032","11.7090271691499","103438"
"487","06089011502","06","California","089","011502","Redding Municipal Airport","Airport","Groundwater","2020","-122.29967","40.50581","820","5000","11201","11201","2641","343","12.9875047330557","87.0124952669443","0.0378644452858766","0","0","0","0","3.02915562287013","9.92048466489966","70078"
"488","06041101100","06","California","041","101100","Redwood Landfill","Landfill","Groundwater","2019","-122.564794","38.166173",,,"4","4","2428","702","28.9126853377265","71.0873146622735","0","0","20.8813838550247","0","0","3.83031301482702","4.20098846787479","208958"
"489","06029005509","06","California","029","005509","Ridgecrest/Inyokern Landfill","Landfill","Groundwater","2019","-117.739105","35.601765","7",,"7352","7352","4737","1524","32.1722609246358","67.8277390753641","4.13763985644923","0","4.45429596791218","0","2.57546970656534","8.76081908380832","12.2440363099008","100144"
"490","06009000124","06","California","009","000124","Rock Creek Landfill","Landfill","Groundwater","2019","-120.841636","38.034788","32",,"598","598","2119","472","22.2746578574799","77.7253421425201","0.424728645587541","0","0","0.188768286927796","0","6.08777725342143","15.5733836715432","98068"
"491","06067007101","06","California","067","007101","Sacramento International Airport","Airport","Groundwater","2019","-121.590065","38.695085","9200","72000","320400","320400","1355","890","65.6826568265683","34.3173431734317","2.28782287822878","0","39.3357933579336","5.53505535055351","0","3.24723247232472","15.2767527675277","192938"
"492","06025012301","06","California","025","012301","Salton City Solid Waste Site","Landfill","Groundwater","2019","-115.981388","33.231404",,"1","18","18","3994","3458","86.5798698047071","13.4201301952929","13.7456184276415","0.550826239359039","0.625938908362544","0.150225338007011","0.175262894341512","1.17676514772158","70.1552328492739","44750"
"493","06073006200","06","California","073","006200","San Diego International Airport","Airport","Groundwater","2019","-117.187991","32.738456","59700","5960","426304","426304","28","22","78.5714285714286","21.4285714285714","25","53.5714285714286","0","0","0","0","0",
"494","06081984300","06","California","081","984300","San Francisco International Airport","Airport","Groundwater","2019","-122.378955","37.621313","226","1370","12070","12070","0","0",,,,,,,,,,
"495","06085505100","06","California","085","505100","San Jose International Airport","Airport","Groundwater","2019","-121.928938","37.363947","585","2190","35053","35053","3993","3275","82.0185324317556","17.9814675682444","3.3809166040571","0","39.8196844477836","0","0","2.854996243426","35.9629351364889","115395"
"496","06079011505","06","California","079","011505","San Luis County Regional Airport","Airport","Groundwater","2020","-120.642013","35.237564","290","610","8232","8232","5040","1624","32.2222222222222","67.7777777777778","2.87698412698413","0.138888888888889","3.92857142857143","0.515873015873016","0.674603174603175","5.1984126984127","18.8888888888889","117695"
"497","06073017112","06","California","073","017112","San Marcos II Sanitary Landfill","Landfill","Groundwater","2019","-117.194309","33.085911","7600","3300","37950","37950","2319","913","39.370418283743","60.629581716257","0.646830530401035","0.517464424320828","14.4890038809832","0","0.86244070720138","7.58947822337214","15.2652005174644","250001"
"498","06083980000","06","California","083","980000","Santa Barbara Airport","Airport","Groundwater","2020","-119.839884","34.427194","79000","383000","8770829","8770829","0","0",,,,,,,,,,
"499","06085505010","06","California","085","505010","Santa Clara All Purpose Landfill","Landfill","Groundwater","2019","-121.97234","37.411113","280",,"2298","2298","4756","4015","84.4196804037006","15.5803195962994","3.84777123633305","0","65.0967199327166","0","1.09335576114382","2.64928511354079","11.7325483599664","202663"
"500","06087120200","06","California","087","120200","Santa Cruz Class III Landfill","Landfill","Groundwater","2019","-122.1058","36.9768","110","110","1002","1002","4237","1467","34.6235544016993","65.3764455983007","0.519235308000944","0","3.89426481000708","0","3.25702147746047","6.23082369601133","20.7222091102195","133750"
"501","06083002011","06","California","083","002011","Santa Maria Public Airport","Airport","Groundwater","2020","-120.447872","34.899156","169","2920","39535","39535","6017","4500","74.7881003822503","25.2118996177497","0.0997174671763337","0.432109024430779","3.02476317101546","0","0.0997174671763337","2.89180654811368","68.2399867043377","103185"
"502","06083002211","06","California","083","002211","Santa Maria Regional Waste Management Facility","Landfill","Groundwater","2019","-120.380556","34.949167","10",,"384","384","5894","3714","63.0132337970818","36.9867662029182","1.61180861893451","0.186630471666101","4.29250084832033","0","0","1.44214455378351","55.4801493043773","102589"
"503","06037300902","06","California","037","300902","Scholl Canyon Landfill","Landfill","Groundwater","2019","-118.195651","34.155856","220","75","4415","4415","2051","661","32.2281813749391","67.7718186250609","0.68259385665529","0","18.6250609458801","0","0","3.70550950755729","9.21501706484642","186250"
"504","06013358000","06","California","013","358000","Shore Terminals Llc Selby Terminal","Industry","Groundwater","2019","-122.248","38.04826","2800","48000","229440","229440","5818","4347","74.7163973874184","25.2836026125816","17.8239944998281","0.120316259883121","12.3066345823307","0","1.90787212100378","3.970436576143","38.5871433482296","80255"
"505","06111008502","06","California","111","008502","Simi Valley Landfill","Landfill","Groundwater","2020","-118.796797","34.294665","2","1","73","73","3578","1497","41.8390162101733","58.1609837898267","0.838457238680827","0","6.98714365567356","0","1.62101732811627","14.8127445500279","17.5796534376747","143194"
"506","06095252702","06","California","095","252702","Solano Class III Disposal","Landfill","Groundwater","2019","-121.975733","38.22859","12","13","1900","1900","7119","5469","76.8225874420565","23.1774125579435","21.4636887203259","0","22.039612305099","1.2220817530552","0.618064334878494","9.74856019103807","21.7305801376598","65833"
"507","06097152702","06","California","097","152702","Sonoma County Airport","Airport","Groundwater","2020","-122.810678","38.508193","370","400","38720","38720","4842","1853","38.2693102023957","61.7306897976043","1.46633622470054","0","5.20446096654275","0.0413052457662123","2.72614622057001","6.23709211069806","22.5939694341181","113772"
"508","06097151100","06","California","097","151100","Sonoma County Central Solid Waste Disposal Service","Landfill","Groundwater","2019","-122.745544","38.29526","260","17","1831","1831","4897","1361","27.7925260363488","72.2074739636512","1.28650193996324","0","1.18439861139473","0","0","5.00306309985706","20.3185623851338","127713"
"509","06073002712","06","California","073","002712","South Chollas Landfill","Landfill","Groundwater","2019","-117.059209","32.736896","18",,"243","243","5309","4809","90.5820305142211","9.41796948577887","19.9849312488228","0","17.2537200979469","0","0.621585986061405","0.979468826521002","51.7423243548691","52688"
"510","06073009400","06","California","073","009400","South Miramar Landfill","Landfill","Groundwater","2019","-117.157825","32.845575","130","79","429","429","4394","2553","58.1019572143832","41.8980427856168","16.0901228948566","0.864815657715066","3.25443786982249","0.318616294947656","0.227583067819754","6.16750113791534","31.1788802913063","89893"
"511","06037402403","06","California","037","402403","Spadra Landfill","Landfill","Groundwater","2019","-117.820925","34.047488","1",,"29","29","4826","4176","86.5312888520514","13.4687111479486","2.30004144218815","0.248653128885205","5.07666804807294","0","0.352258599254041","0.994612515540821","77.5590551181102","87536"
"512","06085503105","06","California","085","503105","Story Road Landfill","Landfill","Groundwater","2019","-121.867023","37.328089","140","110","660","660","2012","1802","89.5626242544732","10.4373757455268","0.0497017892644135","0","62.0775347912525","0","0","1.04373757455268","26.3916500994036","61838"
"513","06037920326","06","California","037","920326","Sunshine Canyon Landfill","Landfill","Groundwater","2019","-118.51972","34.334468","21","9","314","314","6971","4014","57.5814086931574","42.4185913068426","4.73389757567064","0.860708650121934","23.1674078324487","0","1.00416009180892","4.60479127815235","23.2104432649548","133417"
"514","06073009504","06","California","073","009504","Sycamore Canyon Landfill","Landfill","Groundwater","2019","-117.030204","32.856071","170","53","1155","1155","6428","3032","47.1686372121966","52.8313627878034","2.45799626633479","0","22.8842563783447","0","0.311138767890479","5.94275046670815","15.5724953329185","250001"
"515","06083002932","06","California","083","002932","Tajiguas Solid Waste Site","Landfill","Groundwater","2019","-120.126538","34.482394","250",,"2222","2222","2342","1261","53.8428693424424","46.1571306575576","1.06746370623399","0.170794192997438","10.5892399658412","0","0.426985482493595","1.66524338172502","39.9231426131511","120250"
"516","06107003401","06","California","107","003401","Teapot Dome Solid Waste Disposal Service","Landfill","Groundwater","2019","-119.107254","36.016506","39","31","162","162","4830","3768","78.0124223602485","21.9875776397516","0.807453416149068","0.165631469979296","6.19047619047619","0","0","0.952380952380952","69.8964803312629","51616"
"517","06029006004","06","California","029","006004","Tehachapi Class III Landfill","Landfill","Groundwater","2019","-118.340693","35.122717",,,"10","10","1440","315","21.875","78.125","3.47222222222222","1.18055555555556","0.277777777777778","0","0.347222222222222","5.41666666666667","11.1805555555556","62317"
"518","06111000304","06","California","111","000304","Toland Road Landfill","Landfill","Groundwater","2020","-118.996654","34.403378",,"8","11","11","4492","3517","78.2947462154942","21.7052537845058","0.133570792520036","0","0.712377560106857","0","0","0.422974176313446","77.0258236865539","66471"
"519","06037207400","06","California","037","207400","Tujunga Remediation Project","WWTP","Groundwater","2018","-118.250499","34.056915","4",,"8","8","2598","1930","74.2879137798306","25.7120862201694","15.6274056966898","0.384911470361817","22.4403387220939","0","0","4.81139337952271","31.0238645111624","78482"
"520","06073019105","06","California","073","019105","Valley Center Landfill","Landfill","Groundwater","2019","-117.071809","33.235026","11","5","65","65","7971","3424","42.9557144649354","57.0442855350646","3.29946054447372","1.25454773554134","11.5794755990465","0","0.439091707439468","4.65437209885836","21.728766779576","122109"
"521","06001451104","06","California","001","451104","Vasco Rd Sanitary Landfill","Landfill","Groundwater","2020","-121.724762","37.755392","190","91","1278","1278","6474","3548","54.8038307074452","45.1961692925548","6.62650602409639","0.216249613839975","23.8029039233859","0.216249613839975","0.47883843064566","5.18999073215941","18.2730923694779","183846"
"522","06071012101","06","California","071","012101","Victorville Class III Landfill","Landfill","Groundwater","2020","-117.262337","34.590503","160","3","2761","2761","7399","3520","47.5739964860116","52.4260035139884","12.3935666982025","0","6.4873631571834","0","1.41911069063387","5.28449790512231","21.9894580348696","77143"
"523","06073021202","06","California","073","021202","Viejas Sanitary Landfill","Landfill","Groundwater","2019","-116.63958","32.82897","52","2","137","137","3238","937","28.9376158122298","71.0623841877702","0.80296479308215","2.19271155033972","0.277949351451513","0.432365657813465","0.86473131562693","5.68252007411983","18.6843730697962","91597"
"524","06107000902","06","California","107","000902","Visalia Solid Waste Disposal Service","Landfill","Groundwater","2019","-119.385547","36.392767",,,"27","27","4430","3344","75.4853273137698","24.5146726862302","0.451467268623025","0.744920993227991","1.46726862302483","0","0","2.84424379232506","69.9774266365689","98542"
"525","06051000102","06","California","051","000102","Walker Sanitary Landfill","Landfill","Groundwater","2020","-119.456736","38.553963","1",,"20","20","2402","979","40.7577019150708","59.2422980849292","0.374687760199833","1.1240632805995","1.79017485428809","0","0.0416319733555371","2.12323064113239","35.3039134054954","105091"
"526","06087122300","06","California","087","122300","Watsonville Class III Landfill","Landfill","Groundwater","2019","-121.812354","36.917829","61",,"2364","2364","3804","1603","42.1398527865405","57.8601472134595","0.0262881177707676","0","1.65615141955836","0","0.920084121976867","5.28391167192429","34.2534174553102","103929"
"527","06013365002","06","California","013","365002","West Contra Costa Landfill","Landfill","Groundwater","2020","-122.381605","37.971166","1600","360","6042","6042","5114","4830","94.4466171294486","5.55338287055143","10.9112240907313","0","11.5369573719202","4.45834962847086","0","3.42197888150176","64.1181071568244","83587"
"528","06073009400","06","California","073","009400","West Miramar Landfill","Landfill","Groundwater","2018","-117.150114","32.842598","950","59","10634","10634","4394","2553","58.1019572143832","41.8980427856168","16.0901228948566","0.864815657715066","3.25443786982249","0.318616294947656","0.227583067819754","6.16750113791534","31.1788802913063","89893"
"529","06001437101","06","California","001","437101","West Winton Landfill","Landfill","Groundwater","2020","-122.15258","37.642716","88","32","1343","1343","7371","6532","88.617555284222","11.382444715778","3.82580382580383","0","54.0767874101207","3.03893637226971","0.447700447700448","4.8297381630715","22.3985890652557","156462"
"530","06035040200","06","California","035","040200","Westwood Class III Landfill","Landfill","Groundwater","2019","-121.022516","40.315434","63",,"173","173","2481","672","27.0858524788392","72.9141475211608","0","7.33575171301894","0","0","0.483675937122128","5.40104796453043","13.8653768641677","65795"
"531","06085504602","06","California","085","504602","Zanker Road Class III Landfill","Landfill","Groundwater","2019","-121.949059","37.438862","19",,"148","148","1542","1261","81.7769130998703","18.2230869001297","2.14007782101167","0","18.5473411154345","0","0","2.72373540856031","58.3657587548638","121953"
"532","06073003213","06","California","073","003213","Hillsborough Landfill","Landfill","Groundwater","2019","-117.028062","32.691688","8","10","125","125","3984","3660","91.8674698795181","8.13253012048193","22.9417670682731","0","47.464859437751","0","0","2.71084337349398","18.75","137870"
"533","41051010200","41","Oregon","051","010200","Gresham STP","Waste","Surface Water","2010","-122.4586","45.5472","5000",,,"5000","7534","4597","61.0167241837006","38.9832758162994","12.8882399787629","1.14149190337138","2.88027608176268","2.65463233342182","0.59729227501991","5.52163525351739","35.3331563578444","81019"
"534","41051007300","41","Oregon","051","007300","Portland International Airport","Airport","Groundwater","2017","-122.595094","45.589769","30900","203000",,"203000","1606","732","45.5790784557908","54.4209215442092","10.0871731008717","0.49813200498132","0.809464508094645","5.97758405977584","0","11.2702366127024","16.9364881693649","56250"
"535","41019130002","41","Oregon","019","130002","Roseburg Armory","Military","Drinking Water","2018","-123.342779","43.208545",,,"1","1","3020","380","12.5827814569536","87.4172185430464","0.662251655629139","0.960264900662252","0.231788079470199","0","0","4.07284768211921","6.65562913907285","62344"
"536","41047000702","41","Oregon","047","000702","Salem Anderson Readiness Center","Military","Drinking Water","2018","-122.995886","44.928383",,,"1","1","6096","3094","50.754593175853","49.245406824147","3.93700787401575","1.08267716535433","2.70669291338583","0","0","7.70997375328084","35.3182414698163","50119"
"537","41043030903","41","Oregon","043","030903","Lebanon Community Pool","Military","Drinking Water","2018","-122.913697","44.528745",,,"2","2","7155","1284","17.9454926624738","82.0545073375262","0","0.377358490566038","2.66946191474493","0","0","3.0188679245283","11.8798043326345","65333"
"538","41007951300","41","Oregon","007","951300","Camp Rilea","Military","Drinking Water","2018","-123.934083","46.122778","1",,"4","4","3234","435","13.4508348794063","86.5491651205937","0","0","1.14409400123686","0","0","5.22572665429808","7.08101422387137","99643"
"539","41045970300","41","Oregon","045","970300","Ontario Readiness Center","Military","Drinking Water","2018","-116.969625","44.014877","1",,"4","4","4514","2303","51.019051838724","48.980948161276","0.0221533008418254","0.132919805050953","2.30394328754985","0","0","1.75011076650421","46.8099246787771","43090"
"540","41039002001","41","Oregon","039","002001","Lane County Armed Forces Reserve Center, Ore.","Military","Unknown","2017","-122.979587","44.065497",,,"6","6","3343","531","15.8839365839067","84.1160634160933","0.299132515704457","0","0.717918037690697","0.119653006281783","1.7648818426563","5.26473227639844","7.71761890517499","85823"
"541","41013950301","41","Oregon","013","950301","BIAK Training Center","Military","Drinking Water","2018","-121.099007","44.222939",,,"4","4","3920","194","4.94897959183673","95.0510204081633","0","0","0.357142857142857","0","0","3.6734693877551","0.918367346938776","119495"
"542","41017000100","41","Oregon","017","000100","Bends National Guard Site (COTEF)","Military","Drinking Water","2018","-121.131655","44.029223",,,"10","10","2073","119","5.74047274481428","94.2595272551857","0","0","0.530631934394597","0","0","4.14857694163049","1.06126386878919","121705"
"543","41037960100","41","Oregon","037","960100","Christmas Valley Radar Site","Military","Drinking Water","2018","-120.3748","43.2762","1",,"14","14","2685","315","11.731843575419","88.268156424581","0","2.08566108007449","0","0","1.71322160148976","0.297951582867784","7.63500931098696","51793"
"544","41035970800","41","Oregon","035","970800","Kingsley Field Air National Guard Base","Military","Groundwater","2018","-121.747842","42.163555","21000","380000","484740","484740","2845","502","17.6449912126538","82.3550087873462","0","1.96836555360281","0","0","0","9.45518453427065","6.22144112478032","68589"
"545","41049970102","41","Oregon","049","970102","Umatilla Army Depot (Lagoons)","Military","Groundwater","2023","-119.45","45.836111","6","4","3451","3451","3915","1343","34.3039591315453","65.6960408684547","0.664112388250319","0","0","0","0.587484035759898","1.89016602809706","31.1621966794381","72719"
"546","41051007300","41","Oregon","051","007300","Portland Air National Guard Base","Military","Groundwater","2020","-122.592513","45.576967","24000","25000","42277","42277","1606","732","45.5790784557908","54.4209215442092","10.0871731008717","0.49813200498132","0.809464508094645","5.97758405977584","0","11.2702366127024","16.9364881693649","56250"
"547","41051007300","41","Oregon","051","007300","Oregon Air National Guard Base","Military","Groundwater","2019","-122.596769","45.574733",,,,"40000","1606","732","45.5790784557908","54.4209215442092","10.0871731008717","0.49813200498132","0.809464508094645","5.97758405977584","0","11.2702366127024","16.9364881693649","56250"
"548","41051010602","41","Oregon","051","010602","Portland Fire & Rescue Bureau Training Facility","Fire Department/Training Facility","Groundwater",,"-122.670687","45.521952",,,"1600","1600","1979","787","39.7675593734209","60.2324406265791","12.0768064679131","0.404244567963618","2.47599797877716","0.505305709954523","0","6.6700353713997","17.6351692774128","36432"
"549","53025010800","53","Washington","025","010800","Moses Lake Wellfield Contamination","Military","Groundwater","2016","-119.305529","47.16546","336","348","1614","1614","5321","2583","48.5435068596129","51.4564931403871","4.54801728998309","0.244314978387521","1.52227024995302","0.225521518511558","0","5.75079872204473","36.2525841007329","45385"
"550","53063013800","53","Washington","063","013800","Fairchild Air Force Base","Military","Groundwater","2017","-117.643853","47.618258","22000","150000","176200","176200","2931","1002","34.1862845445241","65.8137154554759","9.86011600136472","1.50119413169567","2.08120095530536","0","0","4.94711702490618","15.7966564312521","69917"
"551","53027000800","53","Washington","027","000800","Montesano","Military","Drinking Water","2018","-123.655274","46.979233",,,"1","1","4490","765","17.0378619153675","82.9621380846325","0.423162583518931","0.757238307349666","2.09354120267261","0","1.35857461024499","9.33184855233853","3.07349665924276","98020"
"552","53063013700","53","Washington","063","013700","Spokane International Airport","Airport","Groundwater","2017","-117.53948","47.624111","350","120","470","470","4069","1276","31.3590562791841","68.6409437208159","4.49741951339395","2.11354141066601","1.84320471860408","6.73384123863357","0.0491521258294421","4.84148439420005","11.280412877857","76286"
"553","53033032103","53","Washington","033","032103","Rainier Trail","AFFF","Groundwater","2020","-122.04531","47.53661","830","21000",,"21650","5934","2419","40.7650825749916","59.2349174250084","3.60633636670037","0.185372430064038","15.9420289855072","0","2.03909673070442","12.1840242669363","6.8082237950792","121685"
"554","53077001701","53","Washington","077","001701","Yakima Training Center","Military","Drinking Water","2022","-120.356517","46.68226",,,,"1650","4084","1534","37.5612144955926","62.4387855044074","0.220372184133203","3.15866797257591","0.0979431929480901","0","0","1.49363369245837","32.590597453477","91518"
"555","53033032103","53","Washington","033","032103","Memorial Field","Fire Department/Training Facility","Groundwater","2022","-122.033716","47.531093","1000","8600","9287","9287","5934","2419","40.7650825749916","59.2349174250084","3.60633636670037","0.185372430064038","15.9420289855072","0","2.03909673070442","12.1840242669363","6.8082237950792","121685"
"556","53021980100","53","Washington","021","980100","Tri-County Airport Jet Engine Crash","Airport","Unknown","2022","-119.114667","46.259702","380","9500","18260","18260","0","0",,,,,,,,,,
"557","53053072901","53","Washington","053","072901","Joint Base Lewis-McChord","Military","Drinking Water","2023","-122.485732","47.134243",,,"103","103","2999","1337","44.5815271757252","55.4184728242748","8.66955651883961","1.06702234078026","2.30076692230744","0.566855618539513","0.800266755585195","5.86862287429143","25.3084361453818","54808"
"558","53035092600","53","Washington","035","092600","Manchester Laboratory","Military","Groundwater","2021","-122.548055","47.574443","45","128",,"139","6774","1655","24.4316504281075","75.5683495718925","0.649542367877177","0.310008857395926","4.39917330971361","1.99291408325952","0","6.48066135222911","10.5993504576321","125828"
"559","53033010900","53","Washington","033","010900","Jorgensen Forge Corp","Industry","Groundwater","2021","-122.305124","47.526461","350","15000","19670","19670","1295","515","39.7683397683398","60.2316602316602","2.77992277992278","2.00772200772201","13.976833976834","0","0.540540540540541","9.72972972972973","10.7335907335907","79750"
"560","53061041901","53","Washington","061","041901","Big Gulch Creek Subbasin 9","Airport","Soil","2022","-122.281554","47.894953","0","2","2","2","6681","4552","68.1335129471636","31.8664870528364","7.64855560544829","0","31.2977099236641","0","0","5.56802873821284","23.6192186798383","88929"
"561","53029972100","53","Washington","029","972100","Deer Lake Area PFAS","Other","Groundwater","2022","-122.381605","47.979295","3","3","15","15","4376","645","14.7394881170018","85.2605118829982","0","0.205667276051188","0.754113345521024","0","0","5.9872029250457","7.79250457038391","94183"
"562","53033032103","53","Washington","033","032103","Issaquah Valley Elementary School & Dodd Fields Park","Other","Groundwater","2022","-122.045731","47.536604","1","85",,"85","5934","2419","40.7650825749916","59.2349174250084","3.60633636670037","0.185372430064038","15.9420289855072","0","2.03909673070442","12.1840242669363","6.8082237950792","121685"
"563","53035091400","53","Washington","035","091400","Bremerton NAVBASE","Military","Drinking Water","2022","-122.691182","47.600562","171",,,"171","3775","1298","34.3841059602649","65.6158940397351","8.26490066225166","0.132450331125828","8.39735099337748","0.291390728476821","0.741721854304636","9.64238410596026","6.91390728476821","121705"
"564","53029971700","53","Washington","029","971700","Mabana Area PFAS","Other","Groundwater","2022","-122.414145","48.095504","0","0","204","204","4416","711","16.1005434782609","83.8994565217391","1.78894927536232","0.0905797101449275","4.03079710144928","0.271739130434783","0.317028985507246","6.79347826086957","2.80797101449275","100313"
"565","53029971100","53","Washington","029","971100","Harrington Lagoon Area","Other","Groundwater","2022","-122.614648","48.208948","3","80","251","251","3682","401","10.8908202064096","89.1091797935904","0.0271591526344378","0.407387289516567","2.14557305812059","0","0","2.87887017925041","5.43183052688756","100313"
"566","53035090300","53","Washington","035","090300","Naval Base Kitsap-Bangor","Military","Groundwater",,"-122.718103","47.72215",,,,"70","6112","2703","44.2244764397906","55.7755235602094","8.06609947643979","1.8979057591623","2.78141361256545","0.425392670157068","0.458115183246073","11.4365183246073","19.1590314136126","79918"
"567","53033032103","53","Washington","033","032103","Eastside Fire Rescue","Fire Department/Training Facility","Groundwater",,"-122.043607","47.532268",,,"2354","2354","5934","2419","40.7650825749916","59.2349174250084","3.60633636670037","0.185372430064038","15.9420289855072","0","2.03909673070442","12.1840242669363","6.8082237950792","121685"
"568","53029970200","53","Washington","029","970200","Naval Air Station Whidbey Island","Military","Groundwater",,"-122.672257","48.34109","58500","43100",,"58922","2095","1292","61.6706443914081","38.3293556085919","9.64200477326969","8.40095465393795","7.78042959427208","0","0","5.34606205250597","30.5011933174224","42188"
"569","53033032103","53","Washington","033","032103","Eastside Fire Rescue","Fire Department/Training Facility","Groundwater",,"-122.043607","47.532268",,,"2354","2354","5934","2419","40.7650825749916","59.2349174250084","3.60633636670037","0.185372430064038","15.9420289855072","0","2.03909673070442","12.1840242669363","6.8082237950792","121685"
"570","53063013800","53","Washington","063","013800","Fairchild Air Force Base","Military","Groundwater","2017","-117.643853","47.618258","22000","150000","176200","176200","2931","1002","34.1862845445241","65.8137154554759","9.86011600136472","1.50119413169567","2.08120095530536","0","0","4.94711702490618","15.7966564312521","69917"
"571","53053072901","53","Washington","053","072901","Joint Base Lewis-McChord","Military","Drinking Water","2023","-122.485732","47.134243",,,"103","103","2999","1337","44.5815271757252","55.4184728242748","8.66955651883961","1.06702234078026","2.30076692230744","0.566855618539513","0.800266755585195","5.86862287429143","25.3084361453818","54808"
"572","53029970200","53","Washington","029","970200","Naval Air Station Whidbey Island","Military","Groundwater",,"-122.672257","48.34109","58500","43100",,"58922","2095","1292","61.6706443914081","38.3293556085919","9.64200477326969","8.40095465393795","7.78042959427208","0","0","5.34606205250597","30.5011933174224","42188"
"573","53027000800","53","Washington","027","000800","Montesano","Military","Drinking Water","2018","-123.655274","46.979233",,,"1","1","4490","765","17.0378619153675","82.9621380846325","0.423162583518931","0.757238307349666","2.09354120267261","0","1.35857461024499","9.33184855233853","3.07349665924276","98020"
"574","53025010800","53","Washington","025","010800","Moses Lake Wellfield Contamination","Military","Groundwater","2016","-119.305529","47.16546","336","348","1614","1614","5321","2583","48.5435068596129","51.4564931403871","4.54801728998309","0.244314978387521","1.52227024995302","0.225521518511558","0","5.75079872204473","36.2525841007329","45385"
"575","53035091400","53","Washington","035","091400","Bremerton NAVBASE","Military","Drinking Water","2022","-122.691182","47.600562","171",,,"171","3775","1298","34.3841059602649","65.6158940397351","8.26490066225166","0.132450331125828","8.39735099337748","0.291390728476821","0.741721854304636","9.64238410596026","6.91390728476821","121705"
"576","53061041901","53","Washington","061","041901","Big Gulch Creek Subbasin 9","Airport","Soil","2022","-122.281554","47.894953","0","2","2","2","6681","4552","68.1335129471636","31.8664870528364","7.64855560544829","0","31.2977099236641","0","0","5.56802873821284","23.6192186798383","88929"
"577","53029972100","53","Washington","029","972100","Deer Lake Area PFAS","Other","Groundwater","2022","-122.381605","47.979295","3","3","15","15","4376","645","14.7394881170018","85.2605118829982","0","0.205667276051188","0.754113345521024","0","0","5.9872029250457","7.79250457038391","94183"
"578","53029971100","53","Washington","029","971100","Harrington Lagoon Area","Other","Groundwater","2022","-122.614648","48.208948","3","80","251","251","3682","401","10.8908202064096","89.1091797935904","0.0271591526344378","0.407387289516567","2.14557305812059","0","0","2.87887017925041","5.43183052688756","100313"
"579","53033032103","53","Washington","033","032103","Issaquah Valley Elementary School & Dodd Fields Park","Other","Groundwater","2022","-122.045731","47.536604","1","85",,"85","5934","2419","40.7650825749916","59.2349174250084","3.60633636670037","0.185372430064038","15.9420289855072","0","2.03909673070442","12.1840242669363","6.8082237950792","121685"
"580","53033010900","53","Washington","033","010900","Jorgensen Forge Corp","Industry","Groundwater","2021","-122.305124","47.526461","350","15000","19670","19670","1295","515","39.7683397683398","60.2316602316602","2.77992277992278","2.00772200772201","13.976833976834","0","0.540540540540541","9.72972972972973","10.7335907335907","79750"
"581","53029971700","53","Washington","029","971700","Mabana Area PFAS","Other","Groundwater","2022","-122.414145","48.095504","0","0","204","204","4416","711","16.1005434782609","83.8994565217391","1.78894927536232","0.0905797101449275","4.03079710144928","0.271739130434783","0.317028985507246","6.79347826086957","2.80797101449275","100313"
"582","53033032103","53","Washington","033","032103","Rainier Trail","AFFF","Groundwater","2020","-122.04531","47.53661","830","21000",,"21650","5934","2419","40.7650825749916","59.2349174250084","3.60633636670037","0.185372430064038","15.9420289855072","0","2.03909673070442","12.1840242669363","6.8082237950792","121685"
"583","53033032103","53","Washington","033","032103","Memorial Field","Fire Department/Training Facility","Groundwater","2022","-122.033716","47.531093","1000","8600","9287","9287","5934","2419","40.7650825749916","59.2349174250084","3.60633636670037","0.185372430064038","15.9420289855072","0","2.03909673070442","12.1840242669363","6.8082237950792","121685"
"584","53063013700","53","Washington","063","013700","Spokane International Airport","Airport","Groundwater","2017","-117.53948","47.624111","350","120","470","470","4069","1276","31.3590562791841","68.6409437208159","4.49741951339395","2.11354141066601","1.84320471860408","6.73384123863357","0.0491521258294421","4.84148439420005","11.280412877857","76286"
"585","53021980100","53","Washington","021","980100","Tri-County Airport Jet Engine Crash","Airport","Unknown","2022","-119.114667","46.259702","380","9500","18260","18260","0","0",,,,,,,,,,
"586","53077001701","53","Washington","077","001701","Yakima Training Center","Military","Drinking Water","2022","-120.356517","46.68226",,,,"1650","4084","1534","37.5612144955926","62.4387855044074","0.220372184133203","3.15866797257591","0.0979431929480901","0","0","1.49363369245837","32.590597453477","91518"
"587","53035090300","53","Washington","035","090300","Naval Base Kitsap-Bangor","Military","Groundwater",,"-122.718103","47.72215",,,,"70","6112","2703","44.2244764397906","55.7755235602094","8.06609947643979","1.8979057591623","2.78141361256545","0.425392670157068","0.458115183246073","11.4365183246073","19.1590314136126","79918"
"588","53035092600","53","Washington","035","092600","Manchester Laboratory","Military","Groundwater","2021","-122.548055","47.574443","45","128",,"139","6774","1655","24.4316504281075","75.5683495718925","0.649542367877177","0.310008857395926","4.39917330971361","1.99291408325952","0","6.48066135222911","10.5993504576321","125828"
"589","53033032706","53","Washington","033","032706","WA State Fire Training Academy","Fire Department/Training Facility","Groundwater","2022","-121.659899","47.453435","56","520","1108","1108","2627","543","20.6699657403883","79.3300342596117","1.78911305671869","0.114198705748002","4.26341834792539","0","4.11115340692805","4.9486105824134","5.44347164065474","181563"
